model,scenario,node,variable,unit,sensitivity,output_2020,output_2025,output_2030,output_2035,output_2040,output_2045,output_2050,output_2055,output_2060,output_2065,output_2070,output_2075,output_2080,output_2085,output_2090,output_2095,output_2100,output_2110
GLOMIS,CircEular-A,AFR,Material Demand|Infrastructure|Bridges|Aluminum,Mt/yr,high,.000071800001,.000073900002,.000065499997,.000102657,.00012012,.000128856,.00019318701,.000284006,.00034275799,.00034275799,.00034275799,.00034275799,.00034275799,.00034275799,.00034275799,.00034275799,.00034275799,.00034275799
GLOMIS,CircEular-A,AFR,Material Demand|Infrastructure|Bridges|Asphalt,Mt/yr,high,.78422034,.861633,.85575426,1.1979586,1.4189552,1.5851079,2.1927941,3.0658612,3.7676315,3.7676315,3.7676315,3.7676315,3.7676315,3.7676315,3.7676315,3.7676315,3.7676315,3.7676315
GLOMIS,CircEular-A,AFR,Material Demand|Infrastructure|Bridges|Concrete,Mt/yr,high,2.3585916,2.4295325,2.1519847,3.372786,3.9465261,4.233542,6.3471351,9.3309612,11.261254,11.261254,11.261254,11.261254,11.261254,11.261254,11.261254,11.261254,11.261254,11.261254
GLOMIS,CircEular-A,AFR,Material Demand|Infrastructure|Bridges|Iron_steel,Mt/yr,high,.62085551,.63952941,.56647009,.8878234,1.0388498,1.1144015,1.6707658,2.4562027,2.9643164,2.9643164,2.9643164,2.9643164,2.9643164,2.9643164,2.9643164,2.9643164,2.9643164,2.9643164
GLOMIS,CircEular-A,AFR,Material Demand|Infrastructure|Buildings|Aluminum,Mt/yr,high,0,0,0,0,0,0,0,0,0,0,0,0,0,0,0,0,0,0
GLOMIS,CircEular-A,AFR,Material Demand|Infrastructure|Buildings|Concrete,Mt/yr,high,.75053781,.77692139,.69471627,1.0786844,1.2633961,1.3597336,2.0255814,2.9666536,3.5851436,3.5851436,3.5851436,3.5851436,3.5851436,3.5851436,3.5851436,3.5851436,3.5851436,3.5851436
GLOMIS,CircEular-A,AFR,Material Demand|Infrastructure|Buildings|Iron_steel,Mt/yr,high,0,0,0,0,0,0,0,0,0,0,0,0,0,0,0,0,0,0
GLOMIS,CircEular-A,AFR,Material Demand|Infrastructure|Charging stations|Aluminum,Mt/yr,high,9.0599997e-08,1.0300000e-07,1.0800000e-07,1.4299999e-07,1.7100000e-07,1.9399999e-07,2.5800000e-07,3.5200000e-07,4.3700001e-07,4.3700001e-07,4.3700001e-07,4.3700001e-07,4.3700001e-07,4.3700001e-07,4.3700001e-07,4.3700001e-07,4.3700001e-07,4.3700001e-07
GLOMIS,CircEular-A,AFR,Material Demand|Infrastructure|Charging stations|Concrete,Mt/yr,high,.000014,.000015899999,.0000167,.0000222,.000026399999,.0000301,.000039999999,.000054399999,.000067599998,.000067599998,.000067599998,.000067599998,.000067599998,.000067599998,.000067599998,.000067599998,.000067599998,.000067599998
GLOMIS,CircEular-A,AFR,Material Demand|Infrastructure|Charging stations|Iron_steel,Mt/yr,high,2.3400000e-06,2.6499999e-06,2.7799999e-06,3.6900001e-06,4.3999999e-06,5.0100002e-06,6.6699999e-06,9.0699996e-06,.0000113,.0000113,.0000113,.0000113,.0000113,.0000113,.0000113,.0000113,.0000113,.0000113
GLOMIS,CircEular-A,AFR,Material Demand|Infrastructure|Fuel stations|Aluminum,Mt/yr,high,.00012559,.000136373,.00013283901,.000189553,.000224038,.000248525,.000348695,.00049208401,.000602671,.000602671,.000602671,.000602671,.000602671,.000602671,.000602671,.000602671,.000602671,.000602671
GLOMIS,CircEular-A,AFR,Material Demand|Infrastructure|Fuel stations|Concrete,Mt/yr,high,.46901637,.50928497,.49609023,.70788759,.83667201,.92812049,1.3022074,1.8376948,2.2506843,2.2506843,2.2506843,2.2506843,2.2506843,2.2506843,2.2506843,2.2506843,2.2506843,2.2506843
GLOMIS,CircEular-A,AFR,Material Demand|Infrastructure|Fuel stations|Iron_steel,Mt/yr,high,.018737329,.020346072,.019818937,.028280299,.033425272,.037078664,.052023534,.073416404,.089915439,.089915439,.089915439,.089915439,.089915439,.089915439,.089915439,.089915439,.089915439,.089915439
GLOMIS,CircEular-A,AFR,Material Demand|Infrastructure|Parking|Aluminum,Mt/yr,high,.00032754001,.00034139099,.00030926801,.00047406799,.00055598997,.00060110301,.00088755501,.001293076,.0015655929,.0015655929,.0015655929,.0015655929,.0015655929,.0015655929,.0015655929,.0015655929,.0015655929,.0015655929
GLOMIS,CircEular-A,AFR,Material Demand|Infrastructure|Parking|Asphalt,Mt/yr,high,.63196844,.69134694,.68178582,.96110964,1.1375134,1.2674603,1.7624753,2.472687,3.0348656,3.0348656,3.0348656,3.0348656,3.0348656,3.0348656,3.0348656,3.0348656,3.0348656,3.0348656
GLOMIS,CircEular-A,AFR,Material Demand|Infrastructure|Parking|Concrete,Mt/yr,high,1.1001513,1.1466749,1.0387789,1.592315,1.8674775,2.0190048,2.9811499,4.3432288,5.2585669,5.2585669,5.2585669,5.2585669,5.2585669,5.2585669,5.2585669,5.2585669,5.2585669,5.2585669
GLOMIS,CircEular-A,AFR,Material Demand|Infrastructure|Parking|Iron_steel,Mt/yr,high,.013134216,.01368964,.012401517,.019009937,.02229498,.024103997,.035590619,.051851869,.06277968,.06277968,.06277968,.06277968,.06277968,.06277968,.06277968,.06277968,.06277968,.06277968
GLOMIS,CircEular-A,AFR,Material Demand|Infrastructure|Rail|Aluminum,Mt/yr,high,.0080142962,.008501335,.0079531306,.011810165,.013897845,.015196306,.021943619,.031538378,.038371366,.038371366,.038371366,.038371366,.038371366,.038371366,.038371366,.038371366,.038371366,.038371366
GLOMIS,CircEular-A,AFR,Material Demand|Infrastructure|Rail|Concrete,Mt/yr,high,1.4238551,1.5103059,1.4127833,2.098134,2.468996,2.6995833,3.8984795,5.6033006,6.8171911,6.8171911,6.8171911,6.8171911,6.8171911,6.8171911,6.8171911,6.8171911,6.8171911,6.8171911
GLOMIS,CircEular-A,AFR,Material Demand|Infrastructure|Rail|Iron_steel,Mt/yr,high,1.2725012,1.3817321,1.3458964,1.9205567,2.2699523,2.5180337,3.5330195,4.9859157,6.1063833,6.1063833,6.1063833,6.1063833,6.1063833,6.1063833,6.1063833,6.1063833,6.1063833,6.1063833
GLOMIS,CircEular-A,AFR,Material Demand|Infrastructure|Roads|Aluminum,Mt/yr,high,0,0,0,0,0,0,0,0,0,0,0,0,0,0,0,0,0,0
GLOMIS,CircEular-A,AFR,Material Demand|Infrastructure|Roads|Asphalt,Mt/yr,high,459.24686,503.0499,497.1503,699.35992,827.91803,923.20764,1281.7777,1796.4392,2205.6978,2205.6978,2205.6978,2205.6978,2205.6978,2205.6978,2205.6978,2205.6978,2205.6978,2205.6978
GLOMIS,CircEular-A,AFR,Material Demand|Infrastructure|Roads|Concrete,Mt/yr,high,0,0,0,0,0,0,0,0,0,0,0,0,0,0,0,0,0,0
GLOMIS,CircEular-A,AFR,Material Demand|Infrastructure|Roads|Iron_steel,Mt/yr,high,0,0,0,0,0,0,0,0,0,0,0,0,0,0,0,0,0,0
GLOMIS,CircEular-A,AFR,Material Demand|Infrastructure|Runways|Aluminum,Mt/yr,high,0,0,0,0,0,0,0,0,0,0,0,0,0,0,0,0,0,0
GLOMIS,CircEular-A,AFR,Material Demand|Infrastructure|Runways|Concrete,Mt/yr,high,.0026334999,.0027127101,.002402812,.003765905,.0044065178,.0047269878,.0070869331,.010418542,.012573823,.012573823,.012573823,.012573823,.012573823,.012573823,.012573823,.012573823,.012573823,.012573823
GLOMIS,CircEular-A,AFR,Material Demand|Infrastructure|Runways|Iron_steel,Mt/yr,high,0,0,0,0,0,0,0,0,0,0,0,0,0,0,0,0,0,0
GLOMIS,CircEular-A,AFR,Material Demand|Infrastructure|Tunnels|Aluminum,Mt/yr,high,.000038099999,.0000392,.000034799999,.0000545,.000063699998,.000068399997,.000102495,.000150679,.000181849,.000181849,.000181849,.000181849,.000181849,.000181849,.000181849,.000181849,.000181849,.000181849
GLOMIS,CircEular-A,AFR,Material Demand|Infrastructure|Tunnels|Asphalt,Mt/yr,high,.03263244,.035754703,.035351191,.049707912,.058848284,.065632068,.09109351,.1276419,.15673323,.15673323,.15673323,.15673323,.15673323,.15673323,.15673323,.15673323,.15673323,.15673323
GLOMIS,CircEular-A,AFR,Material Demand|Infrastructure|Tunnels|Concrete,Mt/yr,high,.86317027,.88913244,.78755867,1.2343335,1.4443042,1.5493431,2.3228517,3.4148381,4.1212645,4.1212645,4.1212645,4.1212645,4.1212645,4.1212645,4.1212645,4.1212645,4.1212645,4.1212645
GLOMIS,CircEular-A,AFR,Material Demand|Infrastructure|Tunnels|Iron_steel,Mt/yr,high,.032962982,.03395443,.030075505,.047137063,.055155482,.059166733,.088705689,.13040677,.15738398,.15738398,.15738398,.15738398,.15738398,.15738398,.15738398,.15738398,.15738398,.15738398
GLOMIS,CircEular-A,AFR,Material Release|Infrastructure|Bridges|Aluminum,Mt/yr,high,9.6000003e-06,.0000118,.0000136,.000016399999,.0000198,.0000234,.0000287,.000036699999,.000046699999,.000046699999,.000046699999,.000046699999,.000046699999,.000046699999,.000046699999,.000046699999,.000046699999,.000046699999
GLOMIS,CircEular-A,AFR,Material Release|Infrastructure|Bridges|Asphalt,Mt/yr,high,.34426948,.42168212,.48881695,.58764184,.70905024,.83905214,1.0291137,1.3163385,1.6727893,1.6727893,1.6727893,1.6727893,1.6727893,1.6727893,1.6727893,1.6727893,1.6727893,1.6727893
GLOMIS,CircEular-A,AFR,Material Release|Infrastructure|Bridges|Concrete,Mt/yr,high,.31548905,.38643014,.44795257,.53851587,.64977473,.76890862,.9430812,1.2062945,1.5329466,1.5329466,1.5329466,1.5329466,1.5329466,1.5329466,1.5329466,1.5329466,1.5329466,1.5329466
GLOMIS,CircEular-A,AFR,Material Release|Infrastructure|Bridges|Iron_steel,Mt/yr,high,.083046652,.10172057,.11791521,.14175431,.17104115,.20240095,.24824865,.31753469,.40351978,.40351978,.40351978,.40351978,.40351978,.40351978,.40351978,.40351978,.40351978,.40351978
GLOMIS,CircEular-A,AFR,Material Release|Infrastructure|Buildings|Aluminum,Mt/yr,high,0,0,0,0,0,0,0,0,0,0,0,0,0,0,0,0,0,0
GLOMIS,CircEular-A,AFR,Material Release|Infrastructure|Buildings|Concrete,Mt/yr,high,.11733287,.14371641,.1665971,.2002783,.24165633,.28596318,.35073933,.44863042,.57011491,.57011491,.57011491,.57011491,.57011491,.57011491,.57011491,.57011491,.57011491,.57011491
GLOMIS,CircEular-A,AFR,Material Release|Infrastructure|Buildings|Iron_steel,Mt/yr,high,0,0,0,0,0,0,0,0,0,0,0,0,0,0,0,0,0,0
GLOMIS,CircEular-A,AFR,Material Release|Infrastructure|Charging stations|Aluminum,Mt/yr,high,5.5000001e-08,6.7300000e-08,7.7999999e-08,9.3799997e-08,1.1300000e-07,1.3400000e-07,1.6400000e-07,2.1000000e-07,2.6699999e-07,2.6699999e-07,2.6699999e-07,2.6699999e-07,2.6699999e-07,2.6699999e-07,2.6699999e-07,2.6699999e-07,2.6699999e-07,2.6699999e-07
GLOMIS,CircEular-A,AFR,Material Release|Infrastructure|Charging stations|Concrete,Mt/yr,high,8.5100000e-06,.0000104,.0000121,.0000145,.0000175,.000020699999,.000025400001,.0000325,.000041300002,.000041300002,.000041300002,.000041300002,.000041300002,.000041300002,.000041300002,.000041300002,.000041300002,.000041300002
GLOMIS,CircEular-A,AFR,Material Release|Infrastructure|Charging stations|Iron_steel,Mt/yr,high,1.4200000e-06,1.7400000e-06,2.0099999e-06,2.4200001e-06,2.9200000e-06,3.4600000e-06,4.2400002e-06,5.4200000e-06,6.8899999e-06,6.8899999e-06,6.8899999e-06,6.8899999e-06,6.8899999e-06,6.8899999e-06,6.8899999e-06,6.8899999e-06,6.8899999e-06,6.8899999e-06
GLOMIS,CircEular-A,AFR,Material Release|Infrastructure|Fuel stations|Aluminum,Mt/yr,high,.000048000002,.000058699999,.000068100002,.000081899998,.000098800003,.000116872,.00014334499,.000183353,.000233003,.000233003,.000233003,.000233003,.000233003,.000233003,.000233003,.000233003,.000233003,.000233003
GLOMIS,CircEular-A,AFR,Material Release|Infrastructure|Fuel stations|Concrete,Mt/yr,high,.17908248,.21935108,.25427336,.30568019,.36883456,.43645909,.53532547,.6847344,.87015343,.87015343,.87015343,.87015343,.87015343,.87015343,.87015343,.87015343,.87015343,.87015343
GLOMIS,CircEular-A,AFR,Material Release|Infrastructure|Fuel stations|Iron_steel,Mt/yr,high,.0071543939,.0087631354,.010158289,.012212006,.01473504,.017436657,.021386396,.027355324,.034762863,.034762863,.034762863,.034762863,.034762863,.034762863,.034762863,.034762863,.034762863,.034762863
GLOMIS,CircEular-A,AFR,Material Release|Infrastructure|Parking|Aluminum,Mt/yr,high,.000061600003,.000075399999,.000087499997,.000105144,.000126867,.00015012801,.000184135,.000235527,.00029930499,.00029930499,.00029930499,.00029930499,.00029930499,.00029930499,.00029930499,.00029930499,.00029930499,.00029930499
GLOMIS,CircEular-A,AFR,Material Release|Infrastructure|Parking|Asphalt,Mt/yr,high,.26406822,.32344675,.37494177,.45074436,.54386938,.64358592,.78937048,1.0096833,1.2830951,1.2830951,1.2830951,1.2830951,1.2830951,1.2830951,1.2830951,1.2830951,1.2830951,1.2830951
GLOMIS,CircEular-A,AFR,Material Release|Infrastructure|Parking|Concrete,Mt/yr,high,.20689945,.25342301,.29376975,.35316163,.42612582,.50425452,.61847782,.79109454,1.0053148,1.0053148,1.0053148,1.0053148,1.0053148,1.0053148,1.0053148,1.0053148,1.0053148,1.0053148
GLOMIS,CircEular-A,AFR,Material Release|Infrastructure|Parking|Iron_steel,Mt/yr,high,.00247008,.0030255041,.003507186,.0042162389,.0050873258,.0060200691,.0073837312,.0094445255,.012002005,.012002005,.012002005,.012002005,.012002005,.012002005,.012002005,.012002005,.012002005,.012002005
GLOMIS,CircEular-A,AFR,Material Release|Infrastructure|Rail|Aluminum,Mt/yr,high,.0021659611,.0026529999,.0030753771,.0036971299,.0044609681,.0052788709,.006474637,.0082817031,.010524303,.010524303,.010524303,.010524303,.010524303,.010524303,.010524303,.010524303,.010524303,.010524303
GLOMIS,CircEular-A,AFR,Material Release|Infrastructure|Rail|Concrete,Mt/yr,high,.38446444,.47091535,.54588842,.65625155,.79183495,.93701512,1.1492671,1.4700266,1.8680947,1.8680947,1.8680947,1.8680947,1.8680947,1.8680947,1.8680947,1.8680947,1.8680947,1.8680947
GLOMIS,CircEular-A,AFR,Material Release|Infrastructure|Rail|Iron_steel,Mt/yr,high,.48577178,.59500271,.68973142,.82917547,1.0004854,1.183921,1.4521018,1.8573824,2.3603423,2.3603423,2.3603423,2.3603423,2.3603423,2.3603423,2.3603423,2.3603423,2.3603423,2.3603423
GLOMIS,CircEular-A,AFR,Material Release|Infrastructure|Roads|Aluminum,Mt/yr,high,0,0,0,0,0,0,0,0,0,0,0,0,0,0,0,0,0,0
GLOMIS,CircEular-A,AFR,Material Release|Infrastructure|Roads|Asphalt,Mt/yr,high,194.80087,238.60393,276.59137,332.51028,401.20782,474.76788,582.31195,744.83484,946.52838,946.52838,946.52838,946.52838,946.52838,946.52838,946.52838,946.52838,946.52838,946.52838
GLOMIS,CircEular-A,AFR,Material Release|Infrastructure|Roads|Concrete,Mt/yr,high,0,0,0,0,0,0,0,0,0,0,0,0,0,0,0,0,0,0
GLOMIS,CircEular-A,AFR,Material Release|Infrastructure|Roads|Iron_steel,Mt/yr,high,0,0,0,0,0,0,0,0,0,0,0,0,0,0,0,0,0,0
GLOMIS,CircEular-A,AFR,Material Release|Infrastructure|Runways|Aluminum,Mt/yr,high,0,0,0,0,0,0,0,0,0,0,0,0,0,0,0,0,0,0
GLOMIS,CircEular-A,AFR,Material Release|Infrastructure|Runways|Concrete,Mt/yr,high,.00035226101,.00043147101,.00050016399,.00060128298,.00072551001,.00085852999,.001053003,.0013468961,.0017116209,.0017116209,.0017116209,.0017116209,.0017116209,.0017116209,.0017116209,.0017116209,.0017116209,.0017116209
GLOMIS,CircEular-A,AFR,Material Release|Infrastructure|Runways|Iron_steel,Mt/yr,high,0,0,0,0,0,0,0,0,0,0,0,0,0,0,0,0,0,0
GLOMIS,CircEular-A,AFR,Material Release|Infrastructure|Tunnels|Aluminum,Mt/yr,high,5.0899998e-06,6.2399999e-06,7.2299999e-06,8.6999999e-06,.0000105,.0000124,.0000152,.000019499999,.0000248,.0000248,.0000248,.0000248,.0000248,.0000248,.0000248,.0000248,.0000248,.0000248
GLOMIS,CircEular-A,AFR,Material Release|Infrastructure|Tunnels|Asphalt,Mt/yr,high,.013885322,.017007584,.019715313,.023701187,.028597917,.033841245,.041506939,.0530915,.067468129,.067468129,.067468129,.067468129,.067468129,.067468129,.067468129,.067468129,.067468129,.067468129
GLOMIS,CircEular-A,AFR,Material Release|Infrastructure|Tunnels|Concrete,Mt/yr,high,.11545906,.14142126,.16393654,.19707985,.23779708,.28139636,.34513804,.44146582,.56101018,.56101018,.56101018,.56101018,.56101018,.56101018,.56101018,.56101018,.56101018,.56101018
GLOMIS,CircEular-A,AFR,Material Release|Infrastructure|Tunnels|Iron_steel,Mt/yr,high,.0044091819,.005400633,.0062604528,.0075261388,.0090810601,.01074604,.013180225,.016858816,.02142401,.02142401,.02142401,.02142401,.02142401,.02142401,.02142401,.02142401,.02142401,.02142401
GLOMIS,CircEular-A,CHN,Material Demand|Infrastructure|Bridges|Aluminum,Mt/yr,high,.016281277,.016773719,.012539108,.010438851,.003771795,.003289965,.003289965,.003289965,.003289965,.003289965,.003289965,.003289965,.003289965,.003289965,.003289965,.003289965,.003289965,.003289965
GLOMIS,CircEular-A,CHN,Material Demand|Infrastructure|Bridges|Asphalt,Mt/yr,high,46.548012,51.628361,47.31744,45.916584,34.75816,33.941242,33.941242,33.941242,33.941242,33.941242,33.941242,33.941242,33.941242,33.941242,33.941242,33.941242,33.941242,33.941242
GLOMIS,CircEular-A,CHN,Material Demand|Infrastructure|Bridges|Concrete,Mt/yr,high,129.27713,133.18726,99.563446,82.886909,29.948929,26.123087,26.123087,26.123087,26.123087,26.123087,26.123087,26.123087,26.123087,26.123087,26.123087,26.123087,26.123087,26.123087
GLOMIS,CircEular-A,CHN,Material Demand|Infrastructure|Bridges|Iron_steel,Mt/yr,high,50.070713,51.585152,38.562218,32.103176,11.599609,10.117811,10.117811,10.117811,10.117811,10.117811,10.117811,10.117811,10.117811,10.117811,10.117811,10.117811,10.117811,10.117811
GLOMIS,CircEular-A,CHN,Material Demand|Infrastructure|Buildings|Aluminum,Mt/yr,high,0,0,0,0,0,0,0,0,0,0,0,0,0,0,0,0,0,0
GLOMIS,CircEular-A,CHN,Material Demand|Infrastructure|Buildings|Concrete,Mt/yr,high,9.5369616,9.8744078,7.4979277,6.3290896,2.5291991,2.2544398,2.2544398,2.2544398,2.2544398,2.2544398,2.2544398,2.2544398,2.2544398,2.2544398,2.2544398,2.2544398,2.2544398,2.2544398
GLOMIS,CircEular-A,CHN,Material Demand|Infrastructure|Buildings|Iron_steel,Mt/yr,high,0,0,0,0,0,0,0,0,0,0,0,0,0,0,0,0,0,0
GLOMIS,CircEular-A,CHN,Material Demand|Infrastructure|Charging stations|Aluminum,Mt/yr,high,6.7000002e-07,7.6399999e-07,7.4600001e-07,7.5200001e-07,6.3599998e-07,6.2700002e-07,6.2700002e-07,6.2700002e-07,6.2700002e-07,6.2700002e-07,6.2700002e-07,6.2700002e-07,6.2700002e-07,6.2700002e-07,6.2700002e-07,6.2700002e-07,6.2700002e-07,6.2700002e-07
GLOMIS,CircEular-A,CHN,Material Demand|Infrastructure|Charging stations|Concrete,Mt/yr,high,.000103778,.000118309,.000115498,.000116391,.0000984,.000097099997,.000097099997,.000097099997,.000097099997,.000097099997,.000097099997,.000097099997,.000097099997,.000097099997,.000097099997,.000097099997,.000097099997,.000097099997
GLOMIS,CircEular-A,CHN,Material Demand|Infrastructure|Charging stations|Iron_steel,Mt/yr,high,.000017300001,.000019700001,.000019200001,.0000194,.000016399999,.0000162,.0000162,.0000162,.0000162,.0000162,.0000162,.0000162,.0000162,.0000162,.0000162,.0000162,.0000162,.0000162
GLOMIS,CircEular-A,CHN,Material Demand|Infrastructure|Fuel stations|Aluminum,Mt/yr,high,.00033919199,.00036878401,.000321603,.00030208399,.000204789,.000197702,.000197702,.000197702,.000197702,.000197702,.000197702,.000197702,.000197702,.000197702,.000197702,.000197702,.000197702,.000197702
GLOMIS,CircEular-A,CHN,Material Demand|Infrastructure|Fuel stations|Concrete,Mt/yr,high,1.266716,1.3772286,1.2010305,1.128135,.76478809,.73832256,.73832256,.73832256,.73832256,.73832256,.73832256,.73832256,.73832256,.73832256,.73832256,.73832256,.73832256,.73832256
GLOMIS,CircEular-A,CHN,Material Demand|Infrastructure|Fuel stations|Iron_steel,Mt/yr,high,.050605644,.055020653,.047981489,.045069296,.03055349,.029496184,.029496184,.029496184,.029496184,.029496184,.029496184,.029496184,.029496184,.029496184,.029496184,.029496184,.029496184,.029496184
GLOMIS,CircEular-A,CHN,Material Demand|Infrastructure|Parking|Aluminum,Mt/yr,high,.00073441799,.00076572102,.00059399899,.000510654,.000229474,.000209127,.000209127,.000209127,.000209127,.000209127,.000209127,.000209127,.000209127,.000209127,.000209127,.000209127,.000209127,.000209127
GLOMIS,CircEular-A,CHN,Material Demand|Infrastructure|Parking|Asphalt,Mt/yr,high,1.8598528,2.0376923,1.8120624,1.7245646,1.2246069,1.1881273,1.1881273,1.1881273,1.1881273,1.1881273,1.1881273,1.1881273,1.1881273,1.1881273,1.1881273,1.1881273,1.1881273,1.1881273
GLOMIS,CircEular-A,CHN,Material Demand|Infrastructure|Parking|Concrete,Mt/yr,high,1.8043807,1.8812866,1.4593863,1.2546177,.56379008,.51379997,.51379997,.51379997,.51379997,.51379997,.51379997,.51379997,.51379997,.51379997,.51379997,.51379997,.51379997,.51379997
GLOMIS,CircEular-A,CHN,Material Demand|Infrastructure|Parking|Iron_steel,Mt/yr,high,.017607067,.018357512,.014240627,.012242503,.0055014379,.0050136368,.0050136368,.0050136368,.0050136368,.0050136368,.0050136368,.0050136368,.0050136368,.0050136368,.0050136368,.0050136368,.0050136368,.0050136368
GLOMIS,CircEular-A,CHN,Material Demand|Infrastructure|Rail|Aluminum,Mt/yr,high,.0044974419,.0046334709,.0034637279,.0028835649,.001041898,.00090879999,.00090879999,.00090879999,.00090879999,.00090879999,.00090879999,.00090879999,.00090879999,.00090879999,.00090879999,.00090879999,.00090879999,.00090879999
GLOMIS,CircEular-A,CHN,Material Demand|Infrastructure|Rail|Concrete,Mt/yr,high,4.4506311,4.6523099,3.6371036,3.1470511,1.4688655,1.347391,1.347391,1.347391,1.347391,1.347391,1.347391,1.347391,1.347391,1.347391,1.347391,1.347391,1.347391,1.347391
GLOMIS,CircEular-A,CHN,Material Demand|Infrastructure|Rail|Iron_steel,Mt/yr,high,3.6703811,3.9768372,3.4370832,3.2086146,2.1261866,2.0474007,2.0474007,2.0474007,2.0474007,2.0474007,2.0474007,2.0474007,2.0474007,2.0474007,2.0474007,2.0474007,2.0474007,2.0474007
GLOMIS,CircEular-A,CHN,Material Demand|Infrastructure|Roads|Aluminum,Mt/yr,high,0,0,0,0,0,0,0,0,0,0,0,0,0,0,0,0,0,0
GLOMIS,CircEular-A,CHN,Material Demand|Infrastructure|Roads|Asphalt,Mt/yr,high,529.92365,584.5188,528.55969,508.54782,374.53937,364.74429,364.74429,364.74429,364.74429,364.74429,364.74429,364.74429,364.74429,364.74429,364.74429,364.74429,364.74429,364.74429
GLOMIS,CircEular-A,CHN,Material Demand|Infrastructure|Roads|Concrete,Mt/yr,high,108.041,115.88929,97.512131,89.317078,54.93169,52.433559,52.433559,52.433559,52.433559,52.433559,52.433559,52.433559,52.433559,52.433559,52.433559,52.433559,52.433559,52.433559
GLOMIS,CircEular-A,CHN,Material Demand|Infrastructure|Roads|Iron_steel,Mt/yr,high,0,0,0,0,0,0,0,0,0,0,0,0,0,0,0,0,0,0
GLOMIS,CircEular-A,CHN,Material Demand|Infrastructure|Runways|Aluminum,Mt/yr,high,0,0,0,0,0,0,0,0,0,0,0,0,0,0,0,0,0,0
GLOMIS,CircEular-A,CHN,Material Demand|Infrastructure|Runways|Concrete,Mt/yr,high,.61882234,.63753927,.4765892,.39676216,.1433592,.1250457,.1250457,.1250457,.1250457,.1250457,.1250457,.1250457,.1250457,.1250457,.1250457,.1250457,.1250457,.1250457
GLOMIS,CircEular-A,CHN,Material Demand|Infrastructure|Runways|Iron_steel,Mt/yr,high,0,0,0,0,0,0,0,0,0,0,0,0,0,0,0,0,0,0
GLOMIS,CircEular-A,CHN,Material Demand|Infrastructure|Tunnels|Aluminum,Mt/yr,high,.035129234,.036191754,.02705496,.022523347,.0081381984,.0070985788,.0070985788,.0070985788,.0070985788,.0070985788,.0070985788,.0070985788,.0070985788,.0070985788,.0070985788,.0070985788,.0070985788,.0070985788
GLOMIS,CircEular-A,CHN,Material Demand|Infrastructure|Tunnels|Asphalt,Mt/yr,high,22.739084,25.269979,23.268299,22.645527,17.300215,16.90864,16.90864,16.90864,16.90864,16.90864,16.90864,16.90864,16.90864,16.90864,16.90864,16.90864,16.90864,16.90864
GLOMIS,CircEular-A,CHN,Material Demand|Infrastructure|Tunnels|Concrete,Mt/yr,high,280.45212,288.93466,215.99164,179.81377,64.97081,56.671082,56.671082,56.671082,56.671082,56.671082,56.671082,56.671082,56.671082,56.671082,56.671082,56.671082,56.671082,56.671082
GLOMIS,CircEular-A,CHN,Material Demand|Infrastructure|Tunnels|Iron_steel,Mt/yr,high,11.777106,12.133317,9.070199,7.5509725,2.7283382,2.3798051,2.3798051,2.3798051,2.3798051,2.3798051,2.3798051,2.3798051,2.3798051,2.3798051,2.3798051,2.3798051,2.3798051,2.3798051
GLOMIS,CircEular-A,CHN,Material Release|Infrastructure|Bridges|Aluminum,Mt/yr,high,.0020988879,.002591332,.0029560181,.0032230071,.003286595,.003289965,.003289965,.003289965,.003289965,.003289965,.003289965,.003289965,.003289965,.003289965,.003289965,.003289965,.003289965,.003289965
GLOMIS,CircEular-A,CHN,Material Release|Infrastructure|Bridges|Asphalt,Mt/yr,high,21.653387,26.733734,30.49605,33.250473,33.906479,33.941242,33.941242,33.941242,33.941242,33.941242,33.941242,33.941242,33.941242,33.941242,33.941242,33.941242,33.941242,33.941242
GLOMIS,CircEular-A,CHN,Material Release|Infrastructure|Bridges|Concrete,Mt/yr,high,16.665663,20.575783,23.471474,25.591431,26.096333,26.123087,26.123087,26.123087,26.123087,26.123087,26.123087,26.123087,26.123087,26.123087,26.123087,26.123087,26.123087,26.123087
GLOMIS,CircEular-A,CHN,Material Release|Infrastructure|Bridges|Iron_steel,Mt/yr,high,6.4548273,7.9692678,9.090806,9.9118938,10.107449,10.117811,10.117811,10.117811,10.117811,10.117811,10.117811,10.117811,10.117811,10.117811,10.117811,10.117811,10.117811,10.117811
GLOMIS,CircEular-A,CHN,Material Release|Infrastructure|Buildings|Aluminum,Mt/yr,high,0,0,0,0,0,0,0,0,0,0,0,0,0,0,0,0,0,0
GLOMIS,CircEular-A,CHN,Material Release|Infrastructure|Buildings|Concrete,Mt/yr,high,1.4382578,1.7757038,2.0256038,2.2085576,2.252131,2.2544398,2.2544398,2.2544398,2.2544398,2.2544398,2.2544398,2.2544398,2.2544398,2.2544398,2.2544398,2.2544398,2.2544398,2.2544398
GLOMIS,CircEular-A,CHN,Material Release|Infrastructure|Buildings|Iron_steel,Mt/yr,high,0,0,0,0,0,0,0,0,0,0,0,0,0,0,0,0,0,0
GLOMIS,CircEular-A,CHN,Material Release|Infrastructure|Charging stations|Aluminum,Mt/yr,high,4.0000000e-07,4.9400001e-07,5.6300001e-07,6.1399999e-07,6.2599997e-07,6.2700002e-07,6.2700002e-07,6.2700002e-07,6.2700002e-07,6.2700002e-07,6.2700002e-07,6.2700002e-07,6.2700002e-07,6.2700002e-07,6.2700002e-07,6.2700002e-07,6.2700002e-07,6.2700002e-07
GLOMIS,CircEular-A,CHN,Material Release|Infrastructure|Charging stations|Concrete,Mt/yr,high,.000061899998,.0000765,.000087200002,.000095099997,.000096999996,.000097099997,.000097099997,.000097099997,.000097099997,.000097099997,.000097099997,.000097099997,.000097099997,.000097099997,.000097099997,.000097099997,.000097099997,.000097099997
GLOMIS,CircEular-A,CHN,Material Release|Infrastructure|Charging stations|Iron_steel,Mt/yr,high,.0000103,.0000127,.0000145,.0000158,.0000162,.0000162,.0000162,.0000162,.0000162,.0000162,.0000162,.0000162,.0000162,.0000162,.0000162,.0000162,.0000162,.0000162
GLOMIS,CircEular-A,CHN,Material Release|Infrastructure|Fuel stations|Aluminum,Mt/yr,high,.000126128,.00015572,.000177635,.00019367901,.00019750001,.000197702,.000197702,.000197702,.000197702,.000197702,.000197702,.000197702,.000197702,.000197702,.000197702,.000197702,.000197702,.000197702
GLOMIS,CircEular-A,CHN,Material Release|Infrastructure|Fuel stations|Concrete,Mt/yr,high,.47102535,.5815379,.66337937,.72329628,.73756641,.73832256,.73832256,.73832256,.73832256,.73832256,.73832256,.73832256,.73832256,.73832256,.73832256,.73832256,.73832256,.73832256
GLOMIS,CircEular-A,CHN,Material Release|Infrastructure|Fuel stations|Iron_steel,Mt/yr,high,.018817587,.023232594,.026502186,.028895879,.029465975,.029496184,.029496184,.029496184,.029496184,.029496184,.029496184,.029496184,.029496184,.029496184,.029496184,.029496184,.029496184,.029496184
GLOMIS,CircEular-A,CHN,Material Release|Infrastructure|Parking|Aluminum,Mt/yr,high,.000133416,.000164718,.000187899,.000204871,.000208912,.000209127,.000209127,.000209127,.000209127,.000209127,.000209127,.000209127,.000209127,.000209127,.000209127,.000209127,.000209127,.000209127
GLOMIS,CircEular-A,CHN,Material Release|Infrastructure|Parking|Asphalt,Mt/yr,high,.75798571,.93582535,1.0675268,1.1639466,1.1869104,1.1881273,1.1881273,1.1881273,1.1881273,1.1881273,1.1881273,1.1881273,1.1881273,1.1881273,1.1881273,1.1881273,1.1881273,1.1881273
GLOMIS,CircEular-A,CHN,Material Release|Infrastructure|Parking|Concrete,Mt/yr,high,.32778731,.40469322,.46164688,.50334311,.51327372,.51379997,.51379997,.51379997,.51379997,.51379997,.51379997,.51379997,.51379997,.51379997,.51379997,.51379997,.51379997,.51379997
GLOMIS,CircEular-A,CHN,Material Release|Infrastructure|Parking|Iron_steel,Mt/yr,high,.003198534,.0039489781,.00450473,.0049116001,.0050085019,.0050136368,.0050136368,.0050136368,.0050136368,.0050136368,.0050136368,.0050136368,.0050136368,.0050136368,.0050136368,.0050136368,.0050136368,.0050136368
GLOMIS,CircEular-A,CHN,Material Release|Infrastructure|Rail|Aluminum,Mt/yr,high,.00057978398,.00071581401,.00081655302,.00089030399,.00090786902,.00090879999,.00090879999,.00090879999,.00090879999,.00090879999,.00090879999,.00090879999,.00090879999,.00090879999,.00090879999,.00090879999,.00090879999,.00090879999
GLOMIS,CircEular-A,CHN,Material Release|Infrastructure|Rail|Concrete,Mt/yr,high,.85959071,1.0612692,1.2106246,1.3199689,1.346011,1.347391,1.347391,1.347391,1.347391,1.347391,1.347391,1.347391,1.347391,1.347391,1.347391,1.347391,1.347391,1.347391
GLOMIS,CircEular-A,CHN,Material Release|Infrastructure|Rail|Iron_steel,Mt/yr,high,1.3061738,1.61263,1.8395802,2.0057321,2.0453038,2.0474007,2.0474007,2.0474007,2.0474007,2.0474007,2.0474007,2.0474007,2.0474007,2.0474007,2.0474007,2.0474007,2.0474007,2.0474007
GLOMIS,CircEular-A,CHN,Material Release|Infrastructure|Roads|Aluminum,Mt/yr,high,0,0,0,0,0,0,0,0,0,0,0,0,0,0,0,0,0,0
GLOMIS,CircEular-A,CHN,Material Release|Infrastructure|Roads|Asphalt,Mt/yr,high,232.69476,287.28992,327.72107,357.32104,364.37076,364.74429,364.74429,364.74429,364.74429,364.74429,364.74429,364.74429,364.74429,364.74429,364.74429,364.74429,364.74429,364.74429
GLOMIS,CircEular-A,CHN,Material Release|Infrastructure|Roads|Concrete,Mt/yr,high,33.450871,41.299156,47.111313,51.366432,52.379856,52.433559,52.433559,52.433559,52.433559,52.433559,52.433559,52.433559,52.433559,52.433559,52.433559,52.433559,52.433559,52.433559
GLOMIS,CircEular-A,CHN,Material Release|Infrastructure|Roads|Iron_steel,Mt/yr,high,0,0,0,0,0,0,0,0,0,0,0,0,0,0,0,0,0,0
GLOMIS,CircEular-A,CHN,Material Release|Infrastructure|Runways|Aluminum,Mt/yr,high,0,0,0,0,0,0,0,0,0,0,0,0,0,0,0,0,0,0
GLOMIS,CircEular-A,CHN,Material Release|Infrastructure|Runways|Concrete,Mt/yr,high,.079775013,.098491929,.11235299,.12250078,.12491763,.1250457,.1250457,.1250457,.1250457,.1250457,.1250457,.1250457,.1250457,.1250457,.1250457,.1250457,.1250457,.1250457
GLOMIS,CircEular-A,CHN,Material Release|Infrastructure|Runways|Iron_steel,Mt/yr,high,0,0,0,0,0,0,0,0,0,0,0,0,0,0,0,0,0,0
GLOMIS,CircEular-A,CHN,Material Release|Infrastructure|Tunnels|Aluminum,Mt/yr,high,.004528658,.0055911778,.0063780411,.0069541088,.0070913089,.0070985788,.0070985788,.0070985788,.0070985788,.0070985788,.0070985788,.0070985788,.0070985788,.0070985788,.0070985788,.0070985788,.0070985788,.0070985788
GLOMIS,CircEular-A,CHN,Material Release|Infrastructure|Tunnels|Asphalt,Mt/yr,high,10.787151,13.318048,15.192334,16.564514,16.891323,16.90864,16.90864,16.90864,16.90864,16.90864,16.90864,16.90864,16.90864,16.90864,16.90864,16.90864,16.90864,16.90864
GLOMIS,CircEular-A,CHN,Material Release|Infrastructure|Tunnels|Concrete,Mt/yr,high,36.15427,44.636833,50.918705,55.517712,56.613041,56.671082,56.671082,56.671082,56.671082,56.671082,56.671082,56.671082,56.671082,56.671082,56.671082,56.671082,56.671082,56.671082
GLOMIS,CircEular-A,CHN,Material Release|Infrastructure|Tunnels|Iron_steel,Mt/yr,high,1.5182366,1.8744475,2.1382439,2.3313715,2.3773677,2.3798051,2.3798051,2.3798051,2.3798051,2.3798051,2.3798051,2.3798051,2.3798051,2.3798051,2.3798051,2.3798051,2.3798051,2.3798051
GLOMIS,CircEular-A,EEU,Material Demand|Infrastructure|Bridges|Aluminum,Mt/yr,high,.00012747799,.000131099,.000051300001,.000043600001,.0000289,.0000289,.0000289,.0000289,.0000289,.0000289,.0000289,.0000289,.0000289,.0000289,.0000289,.0000289,.0000289,.0000289
GLOMIS,CircEular-A,EEU,Material Demand|Infrastructure|Bridges|Asphalt,Mt/yr,high,1.3036286,1.4139925,.99176866,.96154946,.88002008,.88002008,.88002008,.88002008,.88002008,.88002008,.88002008,.88002008,.88002008,.88002008,.88002008,.88002008,.88002008,.88002008
GLOMIS,CircEular-A,EEU,Material Demand|Infrastructure|Bridges|Concrete,Mt/yr,high,3.3555963,3.4508989,1.351307,1.1469768,.75992477,.75992477,.75992477,.75992477,.75992477,.75992477,.75992477,.75992477,.75992477,.75992477,.75992477,.75992477,.75992477,.75992477
GLOMIS,CircEular-A,EEU,Material Demand|Infrastructure|Bridges|Iron_steel,Mt/yr,high,.89481384,.92022759,.36034378,.30585644,.20264393,.20264393,.20264393,.20264393,.20264393,.20264393,.20264393,.20264393,.20264393,.20264393,.20264393,.20264393,.20264393,.20264393
GLOMIS,CircEular-A,EEU,Material Demand|Infrastructure|Buildings|Aluminum,Mt/yr,high,0,0,0,0,0,0,0,0,0,0,0,0,0,0,0,0,0,0
GLOMIS,CircEular-A,EEU,Material Demand|Infrastructure|Buildings|Concrete,Mt/yr,high,2.2565384,2.3307426,.97309995,.84247494,.59168899,.59168899,.59168899,.59168899,.59168899,.59168899,.59168899,.59168899,.59168899,.59168899,.59168899,.59168899,.59168899,.59168899
GLOMIS,CircEular-A,EEU,Material Demand|Infrastructure|Buildings|Iron_steel,Mt/yr,high,0,0,0,0,0,0,0,0,0,0,0,0,0,0,0,0,0,0
GLOMIS,CircEular-A,EEU,Material Demand|Infrastructure|Charging stations|Aluminum,Mt/yr,high,3.0799999e-06,3.4200000e-06,2.7999999e-06,2.7700000e-06,2.6499999e-06,2.6499999e-06,2.6499999e-06,2.6499999e-06,2.6499999e-06,2.6499999e-06,2.6499999e-06,2.6499999e-06,2.6499999e-06,2.6499999e-06,2.6499999e-06,2.6499999e-06,2.6499999e-06,2.6499999e-06
GLOMIS,CircEular-A,EEU,Material Demand|Infrastructure|Charging stations|Concrete,Mt/yr,high,.00047733,.000528712,.000432973,.00042926299,.000409709,.000409709,.000409709,.000409709,.000409709,.000409709,.000409709,.000409709,.000409709,.000409709,.000409709,.000409709,.000409709,.000409709
GLOMIS,CircEular-A,EEU,Material Demand|Infrastructure|Charging stations|Iron_steel,Mt/yr,high,.000079500001,.000088100001,.000072100003,.000071499999,.000068300003,.000068300003,.000068300003,.000068300003,.000068300003,.000068300003,.000068300003,.000068300003,.000068300003,.000068300003,.000068300003,.000068300003,.000068300003,.000068300003
GLOMIS,CircEular-A,EEU,Material Demand|Infrastructure|Fuel stations|Aluminum,Mt/yr,high,.00012316499,.00013221501,.000084899999,.0000812,.000072199997,.000072199997,.000072199997,.000072199997,.000072199997,.000072199997,.000072199997,.000072199997,.000072199997,.000072199997,.000072199997,.000072199997,.000072199997,.000072199997
GLOMIS,CircEular-A,EEU,Material Demand|Infrastructure|Fuel stations|Concrete,Mt/yr,high,.4599632,.49375951,.31718963,.30307931,.26948503,.26948503,.26948503,.26948503,.26948503,.26948503,.26948503,.26948503,.26948503,.26948503,.26948503,.26948503,.26948503,.26948503
GLOMIS,CircEular-A,EEU,Material Demand|Infrastructure|Fuel stations|Iron_steel,Mt/yr,high,.018375654,.019725826,.012671811,.012108099,.010765999,.010765999,.010765999,.010765999,.010765999,.010765999,.010765999,.010765999,.010765999,.010765999,.010765999,.010765999,.010765999,.010765999
GLOMIS,CircEular-A,EEU,Material Demand|Infrastructure|Parking|Aluminum,Mt/yr,high,.0021402049,.002223775,.001006891,.000891843,.00066636701,.00066636701,.00066636701,.00066636701,.00066636701,.00066636701,.00066636701,.00066636701,.00066636701,.00066636701,.00066636701,.00066636701,.00066636701,.00066636701
GLOMIS,CircEular-A,EEU,Material Demand|Infrastructure|Parking|Asphalt,Mt/yr,high,2.6278028,2.8362644,1.9100221,1.8397188,1.6622288,1.6622288,1.6622288,1.6622288,1.6622288,1.6622288,1.6622288,1.6622288,1.6622288,1.6622288,1.6622288,1.6622288,1.6622288,1.6622288
GLOMIS,CircEular-A,EEU,Material Demand|Infrastructure|Parking|Concrete,Mt/yr,high,3.9804852,4.1359129,1.8726777,1.6587036,1.2393501,1.2393501,1.2393501,1.2393501,1.2393501,1.2393501,1.2393501,1.2393501,1.2393501,1.2393501,1.2393501,1.2393501,1.2393501,1.2393501
GLOMIS,CircEular-A,EEU,Material Demand|Infrastructure|Parking|Iron_steel,Mt/yr,high,.028465455,.029576957,.013391992,.011861808,.0088629052,.0088629052,.0088629052,.0088629052,.0088629052,.0088629052,.0088629052,.0088629052,.0088629052,.0088629052,.0088629052,.0088629052,.0088629052,.0088629052
GLOMIS,CircEular-A,EEU,Material Demand|Infrastructure|Rail|Aluminum,Mt/yr,high,.010727553,.0113068,.0060676238,.0055984529,.0046187998,.0046187998,.0046187998,.0046187998,.0046187998,.0046187998,.0046187998,.0046187998,.0046187998,.0046187998,.0046187998,.0046187998,.0046187998,.0046187998
GLOMIS,CircEular-A,EEU,Material Demand|Infrastructure|Rail|Concrete,Mt/yr,high,2.852617,3.005795,1.6080452,1.4827141,1.2214094,1.2214094,1.2214094,1.2214094,1.2214094,1.2214094,1.2214094,1.2214094,1.2214094,1.2214094,1.2214094,1.2214094,1.2214094,1.2214094
GLOMIS,CircEular-A,EEU,Material Demand|Infrastructure|Rail|Iron_steel,Mt/yr,high,1.7154834,1.8412075,1.180938,1.1280954,1.0024986,1.0024986,1.0024986,1.0024986,1.0024986,1.0024986,1.0024986,1.0024986,1.0024986,1.0024986,1.0024986,1.0024986,1.0024986,1.0024986
GLOMIS,CircEular-A,EEU,Material Demand|Infrastructure|Roads|Aluminum,Mt/yr,high,0,0,0,0,0,0,0,0,0,0,0,0,0,0,0,0,0,0
GLOMIS,CircEular-A,EEU,Material Demand|Infrastructure|Roads|Asphalt,Mt/yr,high,161.05682,174.1425,119.03216,114.93054,104.34245,104.34245,104.34245,104.34245,104.34245,104.34245,104.34245,104.34245,104.34245,104.34245,104.34245,104.34245,104.34245,104.34245
GLOMIS,CircEular-A,EEU,Material Demand|Infrastructure|Roads|Concrete,Mt/yr,high,0,0,0,0,0,0,0,0,0,0,0,0,0,0,0,0,0,0
GLOMIS,CircEular-A,EEU,Material Demand|Infrastructure|Roads|Iron_steel,Mt/yr,high,0,0,0,0,0,0,0,0,0,0,0,0,0,0,0,0,0,0
GLOMIS,CircEular-A,EEU,Material Demand|Infrastructure|Tunnels|Aluminum,Mt/yr,high,.00082730199,.00085079903,.00033315699,.00028278001,.00018735501,.00018735501,.00018735501,.00018735501,.00018735501,.00018735501,.00018735501,.00018735501,.00018735501,.00018735501,.00018735501,.00018735501,.00018735501,.00018735501
GLOMIS,CircEular-A,EEU,Material Demand|Infrastructure|Tunnels|Asphalt,Mt/yr,high,.33366832,.36268437,.25873482,.25151494,.23136806,.23136806,.23136806,.23136806,.23136806,.23136806,.23136806,.23136806,.23136806,.23136806,.23136806,.23136806,.23136806,.23136806
GLOMIS,CircEular-A,EEU,Material Demand|Infrastructure|Tunnels|Concrete,Mt/yr,high,5.2815356,5.4315372,2.1268876,1.8052824,1.1960824,1.1960824,1.1960824,1.1960824,1.1960824,1.1960824,1.1960824,1.1960824,1.1960824,1.1960824,1.1960824,1.1960824,1.1960824,1.1960824
GLOMIS,CircEular-A,EEU,Material Demand|Infrastructure|Tunnels|Iron_steel,Mt/yr,high,.22703154,.2334795,.091426171,.077601679,.051414676,.051414676,.051414676,.051414676,.051414676,.051414676,.051414676,.051414676,.051414676,.051414676,.051414676,.051414676,.051414676,.051414676
GLOMIS,CircEular-A,EEU,Material Release|Infrastructure|Bridges|Aluminum,Mt/yr,high,.0000232,.0000268,.0000282,.000028799999,.0000289,.0000289,.0000289,.0000289,.0000289,.0000289,.0000289,.0000289,.0000289,.0000289,.0000289,.0000289,.0000289,.0000289
GLOMIS,CircEular-A,EEU,Material Release|Infrastructure|Bridges|Asphalt,Mt/yr,high,.70741779,.81778181,.85944939,.87688571,.88002008,.88002008,.88002008,.88002008,.88002008,.88002008,.88002008,.88002008,.88002008,.88002008,.88002008,.88002008,.88002008,.88002008
GLOMIS,CircEular-A,EEU,Material Release|Infrastructure|Bridges|Concrete,Mt/yr,high,.61087728,.70618004,.74216127,.75721806,.75992477,.75992477,.75992477,.75992477,.75992477,.75992477,.75992477,.75992477,.75992477,.75992477,.75992477,.75992477,.75992477,.75992477
GLOMIS,CircEular-A,EEU,Material Release|Infrastructure|Bridges|Iron_steel,Mt/yr,high,.16289847,.18831219,.19790706,.20192216,.20264393,.20264393,.20264393,.20264393,.20264393,.20264393,.20264393,.20264393,.20264393,.20264393,.20264393,.20264393,.20264393,.20264393
GLOMIS,CircEular-A,EEU,Material Release|Infrastructure|Buildings|Aluminum,Mt/yr,high,0,0,0,0,0,0,0,0,0,0,0,0,0,0,0,0,0,0
GLOMIS,CircEular-A,EEU,Material Release|Infrastructure|Buildings|Concrete,Mt/yr,high,.47563836,.54984254,.57785815,.58958155,.59168899,.59168899,.59168899,.59168899,.59168899,.59168899,.59168899,.59168899,.59168899,.59168899,.59168899,.59168899,.59168899,.59168899
GLOMIS,CircEular-A,EEU,Material Release|Infrastructure|Buildings|Iron_steel,Mt/yr,high,0,0,0,0,0,0,0,0,0,0,0,0,0,0,0,0,0,0
GLOMIS,CircEular-A,EEU,Material Release|Infrastructure|Charging stations|Aluminum,Mt/yr,high,2.1300000e-06,2.4599999e-06,2.5800000e-06,2.6400000e-06,2.6499999e-06,2.6499999e-06,2.6499999e-06,2.6499999e-06,2.6499999e-06,2.6499999e-06,2.6499999e-06,2.6499999e-06,2.6499999e-06,2.6499999e-06,2.6499999e-06,2.6499999e-06,2.6499999e-06,2.6499999e-06
GLOMIS,CircEular-A,EEU,Material Release|Infrastructure|Charging stations|Concrete,Mt/yr,high,.00032935099,.00038073299,.000400132,.000408249,.000409709,.000409709,.000409709,.000409709,.000409709,.000409709,.000409709,.000409709,.000409709,.000409709,.000409709,.000409709,.000409709,.000409709
GLOMIS,CircEular-A,EEU,Material Release|Infrastructure|Charging stations|Iron_steel,Mt/yr,high,.0000549,.000063400003,.000066699999,.000068000001,.000068300003,.000068300003,.000068300003,.000068300003,.000068300003,.000068300003,.000068300003,.000068300003,.000068300003,.000068300003,.000068300003,.000068300003,.000068300003,.000068300003
GLOMIS,CircEular-A,EEU,Material Release|Infrastructure|Fuel stations|Aluminum,Mt/yr,high,.000058000001,.000067100002,.000070499998,.000071900002,.000072199997,.000072199997,.000072199997,.000072199997,.000072199997,.000072199997,.000072199997,.000072199997,.000072199997,.000072199997,.000072199997,.000072199997,.000072199997,.000072199997
GLOMIS,CircEular-A,EEU,Material Release|Infrastructure|Fuel stations|Concrete,Mt/yr,high,.2166297,.25042602,.26318571,.26852518,.26948503,.26948503,.26948503,.26948503,.26948503,.26948503,.26948503,.26948503,.26948503,.26948503,.26948503,.26948503,.26948503,.26948503
GLOMIS,CircEular-A,EEU,Material Release|Infrastructure|Fuel stations|Iron_steel,Mt/yr,high,.0086544147,.010004587,.01051434,.010727653,.010765999,.010765999,.010765999,.010765999,.010765999,.010765999,.010765999,.010765999,.010765999,.010765999,.010765999,.010765999,.010765999,.010765999
GLOMIS,CircEular-A,EEU,Material Release|Infrastructure|Parking|Aluminum,Mt/yr,high,.00053566898,.000619239,.00065079,.000663994,.00066636701,.00066636701,.00066636701,.00066636701,.00066636701,.00066636701,.00066636701,.00066636701,.00066636701,.00066636701,.00066636701,.00066636701,.00066636701,.00066636701
GLOMIS,CircEular-A,EEU,Material Release|Infrastructure|Parking|Asphalt,Mt/yr,high,1.3362083,1.5446697,1.6233737,1.6563083,1.6622288,1.6622288,1.6622288,1.6622288,1.6622288,1.6622288,1.6622288,1.6622288,1.6622288,1.6622288,1.6622288,1.6622288,1.6622288,1.6622288
GLOMIS,CircEular-A,EEU,Material Release|Infrastructure|Parking|Concrete,Mt/yr,high,.99627072,1.1516986,1.2103798,1.2349358,1.2393501,1.2393501,1.2393501,1.2393501,1.2393501,1.2393501,1.2393501,1.2393501,1.2393501,1.2393501,1.2393501,1.2393501,1.2393501,1.2393501
GLOMIS,CircEular-A,EEU,Material Release|Infrastructure|Parking|Iron_steel,Mt/yr,high,.0071245842,.0082360869,.0086557316,.008831338,.0088629052,.0088629052,.0088629052,.0088629052,.0088629052,.0088629052,.0088629052,.0088629052,.0088629052,.0088629052,.0088629052,.0088629052,.0088629052,.0088629052
GLOMIS,CircEular-A,EEU,Material Release|Infrastructure|Rail|Aluminum,Mt/yr,high,.0037128939,.0042921412,.0045108339,.0046023489,.0046187998,.0046187998,.0046187998,.0046187998,.0046187998,.0046187998,.0046187998,.0046187998,.0046187998,.0046187998,.0046187998,.0046187998,.0046187998,.0046187998
GLOMIS,CircEular-A,EEU,Material Release|Infrastructure|Rail|Concrete,Mt/yr,high,.9818489,1.1350268,1.1928587,1.2170591,1.2214094,1.2214094,1.2214094,1.2214094,1.2214094,1.2214094,1.2214094,1.2214094,1.2214094,1.2214094,1.2214094,1.2214094,1.2214094,1.2214094
GLOMIS,CircEular-A,EEU,Material Release|Infrastructure|Rail|Iron_steel,Mt/yr,high,.80587399,.93159819,.97906494,.99892801,1.0024986,1.0024986,1.0024986,1.0024986,1.0024986,1.0024986,1.0024986,1.0024986,1.0024986,1.0024986,1.0024986,1.0024986,1.0024986,1.0024986
GLOMIS,CircEular-A,EEU,Material Release|Infrastructure|Roads|Aluminum,Mt/yr,high,0,0,0,0,0,0,0,0,0,0,0,0,0,0,0,0,0,0
GLOMIS,CircEular-A,EEU,Material Release|Infrastructure|Roads|Asphalt,Mt/yr,high,83.877296,96.962959,101.90341,103.97081,104.34245,104.34245,104.34245,104.34245,104.34245,104.34245,104.34245,104.34245,104.34245,104.34245,104.34245,104.34245,104.34245,104.34245
GLOMIS,CircEular-A,EEU,Material Release|Infrastructure|Roads|Concrete,Mt/yr,high,0,0,0,0,0,0,0,0,0,0,0,0,0,0,0,0,0,0
GLOMIS,CircEular-A,EEU,Material Release|Infrastructure|Roads|Iron_steel,Mt/yr,high,0,0,0,0,0,0,0,0,0,0,0,0,0,0,0,0,0,0
GLOMIS,CircEular-A,EEU,Material Release|Infrastructure|Tunnels|Aluminum,Mt/yr,high,.000150608,.00017410499,.000182975,.000186688,.00018735501,.00018735501,.00018735501,.00018735501,.00018735501,.00018735501,.00018735501,.00018735501,.00018735501,.00018735501,.00018735501,.00018735501,.00018735501,.00018735501
GLOMIS,CircEular-A,EEU,Material Release|Infrastructure|Tunnels|Asphalt,Mt/yr,high,.1859888,.21500485,.22595976,.23054399,.23136806,.23136806,.23136806,.23136806,.23136806,.23136806,.23136806,.23136806,.23136806,.23136806,.23136806,.23136806,.23136806,.23136806
GLOMIS,CircEular-A,EEU,Material Release|Infrastructure|Tunnels|Concrete,Mt/yr,high,.96148932,1.111491,1.1681236,1.1918223,1.1960824,1.1960824,1.1960824,1.1960824,1.1960824,1.1960824,1.1960824,1.1960824,1.1960824,1.1960824,1.1960824,1.1960824,1.1960824,1.1960824
GLOMIS,CircEular-A,EEU,Material Release|Infrastructure|Tunnels|Iron_steel,Mt/yr,high,.041330483,.047778435,.050212841,.051231548,.051414676,.051414676,.051414676,.051414676,.051414676,.051414676,.051414676,.051414676,.051414676,.051414676,.051414676,.051414676,.051414676,.051414676
GLOMIS,CircEular-A,FSU,Material Demand|Infrastructure|Bridges|Aluminum,Mt/yr,high,.000206595,.000211584,.00013041899,.00017952699,.000153723,.00013656099,.000132286,.000194762,.000200788,.000200788,.000200788,.000200788,.000200788,.000200788,.000200788,.000200788,.000200788,.000200788
GLOMIS,CircEular-A,FSU,Material Demand|Infrastructure|Bridges|Asphalt,Mt/yr,high,1.1558467,1.2184134,1.0376829,1.1965586,1.1593221,1.1368175,1.1441956,1.3380145,1.3923392,1.3923392,1.3923392,1.3923392,1.3923392,1.3923392,1.3923392,1.3923392,1.3923392,1.3923392
GLOMIS,CircEular-A,FSU,Material Demand|Infrastructure|Bridges|Concrete,Mt/yr,high,2.6978452,2.7629974,1.7030898,2.3443739,2.0074041,1.7832929,1.7274729,2.5433242,2.6220052,2.6220052,2.6220052,2.6220052,2.6220052,2.6220052,2.6220052,2.6220052,2.6220052,2.6220052
GLOMIS,CircEular-A,FSU,Material Demand|Infrastructure|Bridges|Iron_steel,Mt/yr,high,.89614511,.91778684,.56571656,.77873236,.6668008,.59235764,.57381588,.84481776,.87095338,.87095338,.87095338,.87095338,.87095338,.87095338,.87095338,.87095338,.87095338,.87095338
GLOMIS,CircEular-A,FSU,Material Demand|Infrastructure|Buildings|Aluminum,Mt/yr,high,0,0,0,0,0,0,0,0,0,0,0,0,0,0,0,0,0,0
GLOMIS,CircEular-A,FSU,Material Demand|Infrastructure|Buildings|Concrete,Mt/yr,high,2.1829205,2.2425497,1.4394695,1.9352423,1.6839576,1.5172846,1.4783608,2.1074336,2.1752093,2.1752093,2.1752093,2.1752093,2.1752093,2.1752093,2.1752093,2.1752093,2.1752093,2.1752093
GLOMIS,CircEular-A,FSU,Material Demand|Infrastructure|Buildings|Iron_steel,Mt/yr,high,0,0,0,0,0,0,0,0,0,0,0,0,0,0,0,0,0,0
GLOMIS,CircEular-A,FSU,Material Demand|Infrastructure|Charging stations|Aluminum,Mt/yr,high,9.6500003e-07,1.0300000e-06,9.5600001e-07,1.0500000e-06,1.0500000e-06,1.0600000e-06,1.0700001e-06,1.1900000e-06,1.2400000e-06,1.2400000e-06,1.2400000e-06,1.2400000e-06,1.2400000e-06,1.2400000e-06,1.2400000e-06,1.2400000e-06,1.2400000e-06,1.2400000e-06
GLOMIS,CircEular-A,FSU,Material Demand|Infrastructure|Charging stations|Concrete,Mt/yr,high,.000149352,.000158995,.00014793601,.00016325399,.00016326,.000163658,.000166019,.00018406,.00019200701,.00019200701,.00019200701,.00019200701,.00019200701,.00019200701,.00019200701,.00019200701,.00019200701,.00019200701
GLOMIS,CircEular-A,FSU,Material Demand|Infrastructure|Charging stations|Iron_steel,Mt/yr,high,.0000249,.0000265,.0000246,.0000272,.0000272,.000027300001,.0000277,.000030700001,.000032,.000032,.000032,.000032,.000032,.000032,.000032,.000032,.000032,.000032
GLOMIS,CircEular-A,FSU,Material Demand|Infrastructure|Fuel stations|Aluminum,Mt/yr,high,.00026992499,.00028355201,.000233581,.00027397499,.00026223599,.00025489199,.00025572599,.00030541199,.00031751301,.00031751301,.00031751301,.00031751301,.00031751301,.00031751301,.00031751301,.00031751301,.00031751301,.00031751301
GLOMIS,CircEular-A,FSU,Material Demand|Infrastructure|Fuel stations|Concrete,Mt/yr,high,1.0080384,1.0589283,.87231195,1.0231618,.97932309,.95189852,.95501369,1.140565,1.1857561,1.1857561,1.1857561,1.1857561,1.1857561,1.1857561,1.1857561,1.1857561,1.1857561,1.1857561
GLOMIS,CircEular-A,FSU,Material Demand|Infrastructure|Fuel stations|Iron_steel,Mt/yr,high,.040271405,.042304467,.034849096,.040875591,.039124221,.038028602,.038153056,.045565885,.047371276,.047371276,.047371276,.047371276,.047371276,.047371276,.047371276,.047371276,.047371276,.047371276
GLOMIS,CircEular-A,FSU,Material Demand|Infrastructure|Parking|Aluminum,Mt/yr,high,.0014032,.001447314,.00097671698,.001276063,.0011324181,.001037549,.001017752,.001396133,.001443141,.001443141,.001443141,.001443141,.001443141,.001443141,.001443141,.001443141,.001443141,.001443141
GLOMIS,CircEular-A,FSU,Material Demand|Infrastructure|Parking|Asphalt,Mt/yr,high,1.9147933,2.0166218,1.7028619,1.9721441,1.9048303,1.8636873,1.8742664,2.2035289,2.2924416,2.2924416,2.2924416,2.2924416,2.2924416,2.2924416,2.2924416,2.2924416,2.2924416,2.2924416
GLOMIS,CircEular-A,FSU,Material Demand|Infrastructure|Parking|Concrete,Mt/yr,high,3.1403255,3.2390523,2.1858687,2.8557973,2.534322,2.3220088,2.277703,3.124511,3.2297132,3.2297132,3.2297132,3.2297132,3.2297132,3.2297132,3.2297132,3.2297132,3.2297132,3.2297132
GLOMIS,CircEular-A,FSU,Material Demand|Infrastructure|Parking|Iron_steel,Mt/yr,high,.028148767,.029033719,.019593352,.025598357,.022716764,.020813664,.020416524,.02800701,.028950006,.028950006,.028950006,.028950006,.028950006,.028950006,.028950006,.028950006,.028950006,.028950006
GLOMIS,CircEular-A,FSU,Material Demand|Infrastructure|Rail|Aluminum,Mt/yr,high,.019511228,.020298515,.015126686,.018707607,.017247818,.016297564,.016179312,.020659257,.021416334,.021416334,.021416334,.021416334,.021416334,.021416334,.021416334,.021416334,.021416334,.021416334
GLOMIS,CircEular-A,FSU,Material Demand|Infrastructure|Rail|Concrete,Mt/yr,high,4.6225123,4.8074942,3.5700667,4.4235883,4.0729837,3.8445892,3.8151839,4.8834677,5.0619159,5.0619159,5.0619159,5.0619159,5.0619159,5.0619159,5.0619159,5.0619159,5.0619159,5.0619159
GLOMIS,CircEular-A,FSU,Material Demand|Infrastructure|Rail|Iron_steel,Mt/yr,high,3.5250022,3.7024794,3.0461233,3.5752306,3.4204507,3.3235335,3.3339944,3.9850004,4.1427436,4.1427436,4.1427436,4.1427436,4.1427436,4.1427436,4.1427436,4.1427436,4.1427436,4.1427436
GLOMIS,CircEular-A,FSU,Material Demand|Infrastructure|Roads|Aluminum,Mt/yr,high,0,0,0,0,0,0,0,0,0,0,0,0,0,0,0,0,0,0
GLOMIS,CircEular-A,FSU,Material Demand|Infrastructure|Roads|Asphalt,Mt/yr,high,263.57449,277.72394,235.58015,272.20404,263.34802,257.96585,259.54178,304.26962,316.58743,316.58743,316.58743,316.58743,316.58743,316.58743,316.58743,316.58743,316.58743,316.58743
GLOMIS,CircEular-A,FSU,Material Demand|Infrastructure|Roads|Concrete,Mt/yr,high,0,0,0,0,0,0,0,0,0,0,0,0,0,0,0,0,0,0
GLOMIS,CircEular-A,FSU,Material Demand|Infrastructure|Roads|Iron_steel,Mt/yr,high,0,0,0,0,0,0,0,0,0,0,0,0,0,0,0,0,0,0
GLOMIS,CircEular-A,FSU,Material Demand|Infrastructure|Tunnels|Aluminum,Mt/yr,high,.001851295,.001896003,.001168681,.001608739,.0013775059,.001223718,.001185413,.001745261,.001799253,.001799253,.001799253,.001799253,.001799253,.001799253,.001799253,.001799253,.001799253,.001799253
GLOMIS,CircEular-A,FSU,Material Demand|Infrastructure|Tunnels|Asphalt,Mt/yr,high,.10033882,.1058095,.090430312,.10409088,.10097988,.099109605,.099785581,.11643439,.12117369,.12117369,.12117369,.12117369,.12117369,.12117369,.12117369,.12117369,.12117369,.12117369
GLOMIS,CircEular-A,FSU,Material Demand|Infrastructure|Tunnels|Concrete,Mt/yr,high,6.2577538,6.4088774,3.9503813,5.4378638,4.6562495,4.1364155,4.0069389,5.8993368,6.0818405,6.0818405,6.0818405,6.0818405,6.0818405,6.0818405,6.0818405,6.0818405,6.0818405,6.0818405
GLOMIS,CircEular-A,FSU,Material Demand|Infrastructure|Tunnels|Iron_steel,Mt/yr,high,.2983112,.30551535,.18831724,.25922653,.22196645,.19718561,.19101338,.28122523,.28992531,.28992531,.28992531,.28992531,.28992531,.28992531,.28992531,.28992531,.28992531,.28992531
GLOMIS,CircEular-A,FSU,Material Release|Infrastructure|Bridges|Aluminum,Mt/yr,high,.000062899999,.0000679,.000070599999,.000073900002,.000076800003,.000078899997,.000080700003,.000084200001,.000088100001,.000088100001,.000088100001,.000088100001,.000088100001,.000088100001,.000088100001,.000088100001,.000088100001,.000088100001
GLOMIS,CircEular-A,FSU,Material Release|Infrastructure|Bridges|Asphalt,Mt/yr,high,.78885496,.85142159,.88478792,.92679381,.96279579,.98957837,1.0125532,1.0555646,1.1044587,1.1044587,1.1044587,1.1044587,1.1044587,1.1044587,1.1044587,1.1044587,1.1044587,1.1044587
GLOMIS,CircEular-A,FSU,Material Release|Infrastructure|Bridges|Concrete,Mt/yr,high,.82145727,.88660961,.92135495,.96509689,1.0025868,1.0304762,1.0544007,1.0991896,1.1501044,1.1501044,1.1501044,1.1501044,1.1501044,1.1501044,1.1501044,1.1501044,1.1501044,1.1501044
GLOMIS,CircEular-A,FSU,Material Release|Infrastructure|Bridges|Iron_steel,Mt/yr,high,.27286404,.29450572,.30604711,.32057694,.33302996,.34229404,.35024098,.36511856,.38203099,.38203099,.38203099,.38203099,.38203099,.38203099,.38203099,.38203099,.38203099,.38203099
GLOMIS,CircEular-A,FSU,Material Release|Infrastructure|Buildings|Aluminum,Mt/yr,high,0,0,0,0,0,0,0,0,0,0,0,0,0,0,0,0,0,0
GLOMIS,CircEular-A,FSU,Material Release|Infrastructure|Buildings|Concrete,Mt/yr,high,.75181979,.81144899,.84324884,.88328266,.91759443,.94311965,.96501589,1.0060079,1.0526066,1.0526066,1.0526066,1.0526066,1.0526066,1.0526066,1.0526066,1.0526066,1.0526066,1.0526066
GLOMIS,CircEular-A,FSU,Material Release|Infrastructure|Buildings|Iron_steel,Mt/yr,high,0,0,0,0,0,0,0,0,0,0,0,0,0,0,0,0,0,0
GLOMIS,CircEular-A,FSU,Material Release|Infrastructure|Charging stations|Aluminum,Mt/yr,high,7.8500000e-07,8.4800001e-07,8.8100001e-07,9.2300002e-07,9.5799999e-07,9.8500004e-07,1.0100000e-06,1.0500000e-06,1.1000000e-06,1.1000000e-06,1.1000000e-06,1.1000000e-06,1.1000000e-06,1.1000000e-06,1.1000000e-06,1.1000000e-06,1.1000000e-06,1.1000000e-06
GLOMIS,CircEular-A,FSU,Material Release|Infrastructure|Charging stations|Concrete,Mt/yr,high,.00012158,.000131223,.00013636499,.00014284,.000148388,.000152516,.00015605699,.000162686,.000170222,.000170222,.000170222,.000170222,.000170222,.000170222,.000170222,.000170222,.000170222,.000170222
GLOMIS,CircEular-A,FSU,Material Release|Infrastructure|Charging stations|Iron_steel,Mt/yr,high,.0000203,.000021899999,.0000227,.000023799999,.000024700001,.000025400001,.000026,.000027100001,.0000284,.0000284,.0000284,.0000284,.0000284,.0000284,.0000284,.0000284,.0000284,.0000284
GLOMIS,CircEular-A,FSU,Material Release|Infrastructure|Fuel stations|Aluminum,Mt/yr,high,.000171811,.000185438,.000192705,.000201854,.000209695,.000215529,.00022053201,.0002299,.00024054899,.00024054899,.00024054899,.00024054899,.00024054899,.00024054899,.00024054899,.00024054899,.00024054899,.00024054899
GLOMIS,CircEular-A,FSU,Material Release|Infrastructure|Fuel stations|Concrete,Mt/yr,high,.64163166,.69252145,.7196607,.75382704,.78311002,.80489421,.82358128,.85856545,.89833456,.89833456,.89833456,.89833456,.89833456,.89833456,.89833456,.89833456,.89833456,.89833456
GLOMIS,CircEular-A,FSU,Material Release|Infrastructure|Fuel stations|Iron_steel,Mt/yr,high,.025633357,.02766642,.028750638,.030115595,.031285457,.032155741,.032902293,.034299921,.035888705,.035888705,.035888705,.035888705,.035888705,.035888705,.035888705,.035888705,.035888705,.035888705
GLOMIS,CircEular-A,FSU,Material Release|Infrastructure|Parking|Aluminum,Mt/yr,high,.00055620499,.00060031901,.00062384497,.00065346202,.00067884597,.00069772999,.00071392901,.00074425602,.00077873003,.00077873003,.00077873003,.00077873003,.00077873003,.00077873003,.00077873003,.00077873003,.00077873003,.00077873003
GLOMIS,CircEular-A,FSU,Material Release|Infrastructure|Parking|Asphalt,Mt/yr,high,1.2838794,1.385708,1.4400126,1.5083781,1.5669721,1.6105614,1.6479535,1.7179554,1.7975318,1.7975318,1.7975318,1.7975318,1.7975318,1.7975318,1.7975318,1.7975318,1.7975318,1.7975318
GLOMIS,CircEular-A,FSU,Material Release|Infrastructure|Parking|Concrete,Mt/yr,high,1.2447717,1.3434985,1.3961489,1.462432,1.5192412,1.5615028,1.5977559,1.6656255,1.7427779,1.7427779,1.7427779,1.7427779,1.7427779,1.7427779,1.7427779,1.7427779,1.7427779,1.7427779
GLOMIS,CircEular-A,FSU,Material Release|Infrastructure|Parking|Iron_steel,Mt/yr,high,.011157693,.012042645,.012514584,.013108723,.013617941,.013996758,.014321718,.014930077,.015621644,.015621644,.015621644,.015621644,.015621644,.015621644,.015621644,.015621644,.015621644,.015621644
GLOMIS,CircEular-A,FSU,Material Release|Infrastructure|Rail|Aluminum,Mt/yr,high,.0099263033,.010713589,.011133443,.011662012,.012115031,.012452041,.012741137,.013282357,.013897601,.013897601,.013897601,.013897601,.013897601,.013897601,.013897601,.013897601,.013897601,.013897601
GLOMIS,CircEular-A,FSU,Material Release|Infrastructure|Rail|Concrete,Mt/yr,high,2.3322911,2.5172727,2.615922,2.7401147,2.8465564,2.9257405,2.9936669,3.1208322,3.2653902,3.2653902,3.2653902,3.2653902,3.2653902,3.2653902,3.2653902,3.2653902,3.2653902,3.2653902
GLOMIS,CircEular-A,FSU,Material Release|Infrastructure|Rail|Iron_steel,Mt/yr,high,2.2376771,2.4151545,2.5098019,2.6289563,2.7310801,2.8070519,2.8722227,2.9942293,3.1329231,3.1329231,3.1329231,3.1329231,3.1329231,3.1329231,3.1329231,3.1329231,3.1329231,3.1329231
GLOMIS,CircEular-A,FSU,Material Release|Infrastructure|Roads|Aluminum,Mt/yr,high,0,0,0,0,0,0,0,0,0,0,0,0,0,0,0,0,0,0
GLOMIS,CircEular-A,FSU,Material Release|Infrastructure|Roads|Asphalt,Mt/yr,high,178.39961,192.54906,200.09485,209.5945,217.73636,223.79323,228.98898,238.71602,249.77342,249.77342,249.77342,249.77342,249.77342,249.77342,249.77342,249.77342,249.77342,249.77342
GLOMIS,CircEular-A,FSU,Material Release|Infrastructure|Roads|Concrete,Mt/yr,high,0,0,0,0,0,0,0,0,0,0,0,0,0,0,0,0,0,0
GLOMIS,CircEular-A,FSU,Material Release|Infrastructure|Roads|Iron_steel,Mt/yr,high,0,0,0,0,0,0,0,0,0,0,0,0,0,0,0,0,0,0
GLOMIS,CircEular-A,FSU,Material Release|Infrastructure|Tunnels|Aluminum,Mt/yr,high,.00056369399,.000608403,.00063224498,.00066226203,.00068798801,.00070712599,.00072354299,.00075427798,.00078921602,.00078921602,.00078921602,.00078921602,.00078921602,.00078921602,.00078921602,.00078921602,.00078921602,.00078921602
GLOMIS,CircEular-A,FSU,Material Release|Infrastructure|Tunnels|Asphalt,Mt/yr,high,.068975762,.074446455,.077363931,.081036836,.084184773,.086526588,.08853545,.092296273,.096571468,.096571468,.096571468,.096571468,.096571468,.096571468,.096571468,.096571468,.096571468,.096571468
GLOMIS,CircEular-A,FSU,Material Release|Infrastructure|Tunnels|Concrete,Mt/yr,high,1.9054011,2.0565245,2.1371176,2.2385788,2.3255379,2.3902287,2.4457221,2.5496118,2.6677108,2.6677108,2.6677108,2.6677108,2.6677108,2.6677108,2.6677108,2.6677108,2.6677108,2.6677108
GLOMIS,CircEular-A,FSU,Material Release|Infrastructure|Tunnels|Iron_steel,Mt/yr,high,.090831712,.098035857,.10187779,.10671451,.11085992,.11394376,.11658917,.12154166,.1271715,.1271715,.1271715,.1271715,.1271715,.1271715,.1271715,.1271715,.1271715,.1271715
GLOMIS,CircEular-A,LAM,Material Demand|Infrastructure|Bridges|Aluminum,Mt/yr,high,.000821453,.00084514398,.00045346201,.00062067999,.00059851498,.00054980099,.00053975999,.000760052,.00074447202,.00074447202,.00074447202,.00074447202,.00074447202,.00074447202,.00074447202,.00074447202,.00074447202,.00074447202
GLOMIS,CircEular-A,LAM,Material Demand|Infrastructure|Bridges|Asphalt,Mt/yr,high,2.5929103,2.8213358,2.2003839,2.6156931,2.68418,2.6888452,2.7565644,3.2897241,3.3943048,3.3943048,3.3943048,3.3943048,3.3943048,3.3943048,3.3943048,3.3943048,3.3943048,3.3943048
GLOMIS,CircEular-A,LAM,Material Demand|Infrastructure|Bridges|Concrete,Mt/yr,high,7.007638,7.2097406,3.8683832,5.2948842,5.1057973,4.6902304,4.6045704,6.483839,6.3509302,6.3509302,6.3509302,6.3509302,6.3509302,6.3509302,6.3509302,6.3509302,6.3509302,6.3509302
GLOMIS,CircEular-A,LAM,Material Demand|Infrastructure|Bridges|Iron_steel,Mt/yr,high,1.2775741,1.3144197,.70525134,.9653191,.93084639,.8550837,.83946681,1.1820794,1.1578486,1.1578486,1.1578486,1.1578486,1.1578486,1.1578486,1.1578486,1.1578486,1.1578486,1.1578486
GLOMIS,CircEular-A,LAM,Material Demand|Infrastructure|Buildings|Aluminum,Mt/yr,high,0,0,0,0,0,0,0,0,0,0,0,0,0,0,0,0,0,0
GLOMIS,CircEular-A,LAM,Material Demand|Infrastructure|Buildings|Concrete,Mt/yr,high,1.0487881,1.0838956,.60328192,.81321818,.78929824,.73211437,.72243881,.99856645,.98353851,.98353851,.98353851,.98353851,.98353851,.98353851,.98353851,.98353851,.98353851,.98353851
GLOMIS,CircEular-A,LAM,Material Demand|Infrastructure|Buildings|Iron_steel,Mt/yr,high,0,0,0,0,0,0,0,0,0,0,0,0,0,0,0,0,0,0
GLOMIS,CircEular-A,LAM,Material Demand|Infrastructure|Charging stations|Aluminum,Mt/yr,high,3.3000001e-07,3.6800000e-07,3.2299999e-07,3.7000001e-07,3.8600001e-07,3.9599999e-07,4.1000001e-07,4.6900001e-07,4.8999999e-07,4.8999999e-07,4.8999999e-07,4.8999999e-07,4.8999999e-07,4.8999999e-07,4.8999999e-07,4.8999999e-07,4.8999999e-07,4.8999999e-07
GLOMIS,CircEular-A,LAM,Material Demand|Infrastructure|Charging stations|Concrete,Mt/yr,high,.0000511,.0000569,.000049999999,.000057199999,.000059800001,.0000612,.000063400003,.000072499999,.000075900003,.000075900003,.000075900003,.000075900003,.000075900003,.000075900003,.000075900003,.000075900003,.000075900003,.000075900003
GLOMIS,CircEular-A,LAM,Material Demand|Infrastructure|Charging stations|Iron_steel,Mt/yr,high,8.5100000e-06,9.4799998e-06,8.3400000e-06,9.5400001e-06,9.9600002e-06,.0000102,.0000106,.0000121,.0000127,.0000127,.0000127,.0000127,.0000127,.0000127,.0000127,.0000127,.0000127,.0000127
GLOMIS,CircEular-A,LAM,Material Demand|Infrastructure|Fuel stations|Aluminum,Mt/yr,high,.00059501303,.00064052502,.00047037099,.00057073199,.00058022502,.00057417498,.00058524602,.00071488402,.00073197199,.00073197199,.00073197199,.00073197199,.00073197199,.00073197199,.00073197199,.00073197199,.00073197199,.00073197199
GLOMIS,CircEular-A,LAM,Material Demand|Infrastructure|Fuel stations|Concrete,Mt/yr,high,2.2220845,2.3920512,1.7566068,2.1314068,2.1668589,2.1442633,2.1856101,2.669745,2.7335594,2.7335594,2.7335594,2.7335594,2.7335594,2.7335594,2.7335594,2.7335594,2.7335594,2.7335594
GLOMIS,CircEular-A,LAM,Material Demand|Infrastructure|Fuel stations|Iron_steel,Mt/yr,high,.088772871,.095563084,.070176914,.085150272,.086566597,.085663892,.087315708,.10665703,.10920643,.10920643,.10920643,.10920643,.10920643,.10920643,.10920643,.10920643,.10920643,.10920643
GLOMIS,CircEular-A,LAM,Material Demand|Infrastructure|Parking|Aluminum,Mt/yr,high,.001471258,.001529936,.00089348498,.001181083,.001156023,.001085527,.001078054,.001455458,.001443812,.001443812,.001443812,.001443812,.001443812,.001443812,.001443812,.001443812,.001443812,.001443812
GLOMIS,CircEular-A,LAM,Material Demand|Infrastructure|Parking|Asphalt,Mt/yr,high,2.149189,2.3272572,1.7674384,2.1199274,2.1665411,2.1587894,2.2076294,2.6614447,2.7368526,2.7368526,2.7368526,2.7368526,2.7368526,2.7368526,2.7368526,2.7368526,2.7368526,2.7368526
GLOMIS,CircEular-A,LAM,Material Demand|Infrastructure|Parking|Concrete,Mt/yr,high,3.5480208,3.6895249,2.1546879,2.8482466,2.7878139,2.6178071,2.5997863,3.5099173,3.4818313,3.4818313,3.4818313,3.4818313,3.4818313,3.4818313,3.4818313,3.4818313,3.4818313,3.4818313
GLOMIS,CircEular-A,LAM,Material Demand|Infrastructure|Parking|Iron_steel,Mt/yr,high,.034079876,.035439067,.020696467,.02735832,.026777847,.025144877,.024971779,.033713877,.033444103,.033444103,.033444103,.033444103,.033444103,.033444103,.033444103,.033444103,.033444103,.033444103
GLOMIS,CircEular-A,LAM,Material Demand|Infrastructure|Rail|Aluminum,Mt/yr,high,.011576307,.012194632,.0078141987,.0099624069,.0099063748,.0095131956,.0095557459,.01235993,.012425041,.012425041,.012425041,.012425041,.012425041,.012425041,.012425041,.012425041,.012425041,.012425041
GLOMIS,CircEular-A,LAM,Material Demand|Infrastructure|Rail|Concrete,Mt/yr,high,2.5897038,2.7195559,1.7056891,2.1924627,2.1722937,2.0756009,2.079638,2.7158976,2.7219853,2.7219853,2.7219853,2.7219853,2.7219853,2.7219853,2.7219853,2.7219853,2.7219853,2.7219853
GLOMIS,CircEular-A,LAM,Material Demand|Infrastructure|Rail|Iron_steel,Mt/yr,high,1.7868644,1.920772,1.3986948,1.7021139,1.7281269,1.7071013,1.7385581,2.1307931,2.1793375,2.1793375,2.1793375,2.1793375,2.1793375,2.1793375,2.1793375,2.1793375,2.1793375,2.1793375
GLOMIS,CircEular-A,LAM,Material Demand|Infrastructure|Roads|Aluminum,Mt/yr,high,0,0,0,0,0,0,0,0,0,0,0,0,0,0,0,0,0,0
GLOMIS,CircEular-A,LAM,Material Demand|Infrastructure|Roads|Asphalt,Mt/yr,high,622.48254,675.18262,517.54572,618.81525,633.3302,632.2453,647.11914,777.37256,800.33948,800.33948,800.33948,800.33948,800.33948,800.33948,800.33948,800.33948,800.33948,800.33948
GLOMIS,CircEular-A,LAM,Material Demand|Infrastructure|Roads|Concrete,Mt/yr,high,0,0,0,0,0,0,0,0,0,0,0,0,0,0,0,0,0,0
GLOMIS,CircEular-A,LAM,Material Demand|Infrastructure|Roads|Iron_steel,Mt/yr,high,0,0,0,0,0,0,0,0,0,0,0,0,0,0,0,0,0,0
GLOMIS,CircEular-A,LAM,Material Demand|Infrastructure|Tunnels|Aluminum,Mt/yr,high,.001216572,.001251658,.000671577,.00091922702,.0008864,.00081425498,.00079938298,.001125637,.001102563,.001102563,.001102563,.001102563,.001102563,.001102563,.001102563,.001102563,.001102563,.001102563
GLOMIS,CircEular-A,LAM,Material Demand|Infrastructure|Tunnels|Asphalt,Mt/yr,high,.31057778,.33835375,.26563966,.31508112,.32365867,.32464567,.33302572,.39644903,.40939122,.40939122,.40939122,.40939122,.40939122,.40939122,.40939122,.40939122,.40939122,.40939122
GLOMIS,CircEular-A,LAM,Material Demand|Infrastructure|Tunnels|Concrete,Mt/yr,high,5.9885111,6.1612215,3.3058009,4.5248446,4.3632569,4.0081263,3.9349234,5.5408888,5.427309,5.427309,5.427309,5.427309,5.427309,5.427309,5.427309,5.427309,5.427309,5.427309
GLOMIS,CircEular-A,LAM,Material Demand|Infrastructure|Tunnels|Iron_steel,Mt/yr,high,.26768184,.27540186,.14776675,.20225707,.19503424,.17916016,.17588805,.24767347,.24259654,.24259654,.24259654,.24259654,.24259654,.24259654,.24259654,.24259654,.24259654,.24259654
GLOMIS,CircEular-A,LAM,Material Release|Infrastructure|Bridges|Aluminum,Mt/yr,high,.00013915201,.000162843,.000175308,.000189225,.000203202,.00021524,.00022627199,.00024281599,.000259869,.000259869,.000259869,.000259869,.000259869,.000259869,.000259869,.000259869,.000259869,.000259869
GLOMIS,CircEular-A,LAM,Material Release|Infrastructure|Bridges|Asphalt,Mt/yr,high,1.3416903,1.5701158,1.6902988,1.8244798,1.9592456,2.07532,2.1816826,2.3412042,2.5056279,2.5056279,2.5056279,2.5056279,2.5056279,2.5056279,2.5056279,2.5056279,2.5056279,2.5056279
GLOMIS,CircEular-A,LAM,Material Release|Infrastructure|Bridges|Concrete,Mt/yr,high,1.1870793,1.389182,1.4955156,1.6142341,1.73347,1.8361684,1.9302742,2.071413,2.2168894,2.2168894,2.2168894,2.2168894,2.2168894,2.2168894,2.2168894,2.2168894,2.2168894,2.2168894
GLOMIS,CircEular-A,LAM,Material Release|Infrastructure|Bridges|Iron_steel,Mt/yr,high,.21641839,.25326407,.27264991,.29429367,.31603178,.33475488,.35191149,.37764275,.40416479,.40416479,.40416479,.40416479,.40416479,.40416479,.40416479,.40416479,.40416479,.40416479
GLOMIS,CircEular-A,LAM,Material Release|Infrastructure|Buildings|Aluminum,Mt/yr,high,0,0,0,0,0,0,0,0,0,0,0,0,0,0,0,0,0,0
GLOMIS,CircEular-A,LAM,Material Release|Infrastructure|Buildings|Concrete,Mt/yr,high,.20620877,.24131623,.25978753,.28041026,.30112281,.31896269,.33530992,.35982728,.38509813,.38509813,.38509813,.38509813,.38509813,.38509813,.38509813,.38509813,.38509813,.38509813
GLOMIS,CircEular-A,LAM,Material Release|Infrastructure|Buildings|Iron_steel,Mt/yr,high,0,0,0,0,0,0,0,0,0,0,0,0,0,0,0,0,0,0
GLOMIS,CircEular-A,LAM,Material Release|Infrastructure|Charging stations|Aluminum,Mt/yr,high,2.2099999e-07,2.5899999e-07,2.7900001e-07,3.0100000e-07,3.2299999e-07,3.4199999e-07,3.6000000e-07,3.8600001e-07,4.1300001e-07,4.1300001e-07,4.1300001e-07,4.1300001e-07,4.1300001e-07,4.1300001e-07,4.1300001e-07,4.1300001e-07,4.1300001e-07,4.1300001e-07
GLOMIS,CircEular-A,LAM,Material Release|Infrastructure|Charging stations|Concrete,Mt/yr,high,.000034299999,.0000401,.000043200002,.000046599998,.000049999999,.000053,.000055699998,.000059800001,.000064,.000064,.000064,.000064,.000064,.000064,.000064,.000064,.000064,.000064
GLOMIS,CircEular-A,LAM,Material Release|Infrastructure|Charging stations|Iron_steel,Mt/yr,high,5.7100001e-06,6.6799998e-06,7.1899999e-06,7.7599998e-06,8.3400000e-06,8.8300003e-06,9.2900000e-06,9.9600002e-06,.0000107,.0000107,.0000107,.0000107,.0000107,.0000107,.0000107,.0000107,.0000107,.0000107
GLOMIS,CircEular-A,LAM,Material Release|Infrastructure|Fuel stations|Aluminum,Mt/yr,high,.00026732401,.000312836,.00033678199,.000363517,.00039036799,.000413495,.00043468701,.00046647101,.00049923098,.00049923098,.00049923098,.00049923098,.00049923098,.00049923098,.00049923098,.00049923098,.00049923098,.00049923098
GLOMIS,CircEular-A,LAM,Material Release|Infrastructure|Fuel stations|Concrete,Mt/yr,high,.99832392,1.1682907,1.2577163,1.3575577,1.457834,1.5442024,1.6233448,1.7420415,1.8643858,1.8643858,1.8643858,1.8643858,1.8643858,1.8643858,1.8643858,1.8643858,1.8643858,1.8643858
GLOMIS,CircEular-A,LAM,Material Release|Infrastructure|Fuel stations|Iron_steel,Mt/yr,high,.039883312,.046673529,.050246105,.054234792,.058240861,.061691307,.064853065,.069595024,.074482717,.074482717,.074482717,.074482717,.074482717,.074482717,.074482717,.074482717,.074482717,.074482717
GLOMIS,CircEular-A,LAM,Material Release|Infrastructure|Parking|Aluminum,Mt/yr,high,.00034465099,.00040332801,.00043419999,.00046866899,.00050328701,.000533104,.00056042598,.000601404,.00064364099,.00064364099,.00064364099,.00064364099,.00064364099,.00064364099,.00064364099,.00064364099,.00064364099,.00064364099
GLOMIS,CircEular-A,LAM,Material Release|Infrastructure|Parking|Asphalt,Mt/yr,high,1.0459076,1.2239755,1.3176636,1.4222636,1.5273196,1.6178046,1.7007191,1.8250734,1.9532491,1.9532491,1.9532491,1.9532491,1.9532491,1.9532491,1.9532491,1.9532491,1.9532491,1.9532491
GLOMIS,CircEular-A,LAM,Material Release|Infrastructure|Parking|Concrete,Mt/yr,high,.83114403,.97264802,1.0470984,1.1302202,1.2137042,1.2856094,1.3514985,1.4503181,1.5521746,1.5521746,1.5521746,1.5521746,1.5521746,1.5521746,1.5521746,1.5521746,1.5521746,1.5521746
GLOMIS,CircEular-A,LAM,Material Release|Infrastructure|Parking|Iron_steel,Mt/yr,high,.0079834042,.009342595,.010057715,.010856127,.011658017,.01234869,.012981575,.013930769,.014909134,.014909134,.014909134,.014909134,.014909134,.014909134,.014909134,.014909134,.014909134,.014909134
GLOMIS,CircEular-A,LAM,Material Release|Infrastructure|Rail|Aluminum,Mt/yr,high,.0036318221,.0042501469,.00457547,.0049386849,.0053034821,.0056176842,.005905597,.0063374061,.0067824852,.0067824852,.0067824852,.0067824852,.0067824852,.0067824852,.0067824852,.0067824852,.0067824852,.0067824852
GLOMIS,CircEular-A,LAM,Material Release|Infrastructure|Rail|Concrete,Mt/yr,high,.76270413,.89255607,.96087587,1.0371531,1.1137627,1.179747,1.2402104,1.3308928,1.4243621,1.4243621,1.4243621,1.4243621,1.4243621,1.4243621,1.4243621,1.4243621,1.4243621,1.4243621
GLOMIS,CircEular-A,LAM,Material Release|Infrastructure|Rail|Iron_steel,Mt/yr,high,.78652525,.92043287,.99088645,1.069546,1.1485484,1.2165934,1.2789453,1.3724599,1.4688485,1.4688485,1.4688485,1.4688485,1.4688485,1.4688485,1.4688485,1.4688485,1.4688485,1.4688485
GLOMIS,CircEular-A,LAM,Material Release|Infrastructure|Roads|Aluminum,Mt/yr,high,0,0,0,0,0,0,0,0,0,0,0,0,0,0,0,0,0,0
GLOMIS,CircEular-A,LAM,Material Release|Infrastructure|Roads|Asphalt,Mt/yr,high,309.5415,362.24158,389.96902,420.92593,452.01773,478.79727,503.33621,540.1394,578.07367,578.07367,578.07367,578.07367,578.07367,578.07367,578.07367,578.07367,578.07367,578.07367
GLOMIS,CircEular-A,LAM,Material Release|Infrastructure|Roads|Concrete,Mt/yr,high,0,0,0,0,0,0,0,0,0,0,0,0,0,0,0,0,0,0
GLOMIS,CircEular-A,LAM,Material Release|Infrastructure|Roads|Iron_steel,Mt/yr,high,0,0,0,0,0,0,0,0,0,0,0,0,0,0,0,0,0,0
GLOMIS,CircEular-A,LAM,Material Release|Infrastructure|Tunnels|Aluminum,Mt/yr,high,.00020608499,.000241171,.00025963099,.00028024201,.00030094199,.000318771,.00033510799,.000359611,.00038486699,.00038486699,.00038486699,.00038486699,.00038486699,.00038486699,.00038486699,.00038486699,.00038486699,.00038486699
GLOMIS,CircEular-A,LAM,Material Release|Infrastructure|Tunnels|Asphalt,Mt/yr,high,.1631463,.19092229,.20553625,.22185233,.23823951,.25235388,.26528734,.28468475,.30467832,.30467832,.30467832,.30467832,.30467832,.30467832,.30467832,.30467832,.30467832,.30467832
GLOMIS,CircEular-A,LAM,Material Release|Infrastructure|Tunnels|Concrete,Mt/yr,high,1.0144413,1.187152,1.2780215,1.3794746,1.4813699,1.5691328,1.6495528,1.7701657,1.8944854,1.8944854,1.8944854,1.8944854,1.8944854,1.8944854,1.8944854,1.8944854,1.8944854,1.8944854
GLOMIS,CircEular-A,LAM,Material Release|Infrastructure|Tunnels|Iron_steel,Mt/yr,high,.045344748,.053064786,.057126574,.061661456,.066216096,.070139028,.07373374,.079125047,.084682032,.084682032,.084682032,.084682032,.084682032,.084682032,.084682032,.084682032,.084682032,.084682032
GLOMIS,CircEular-A,MEA,Material Demand|Infrastructure|Bridges|Aluminum,Mt/yr,high,.000753592,.00077550398,.00063196401,.00073692697,.00067946699,.00060457602,.00059016398,.00086691801,.001699138,.001699138,.001699138,.001699138,.001699138,.001699138,.001699138,.001699138,.001699138,.001699138
GLOMIS,CircEular-A,MEA,Material Demand|Infrastructure|Bridges|Asphalt,Mt/yr,high,1.9059199,2.0797532,1.9799228,2.2560279,2.2822826,2.263418,2.3251529,2.8625424,4.3747225,4.3747225,4.3747225,4.3747225,4.3747225,4.3747225,4.3747225,4.3747225,4.3747225,4.3747225
GLOMIS,CircEular-A,MEA,Material Demand|Infrastructure|Bridges|Concrete,Mt/yr,high,5.0884318,5.2363825,4.2671723,4.9759049,4.5879226,4.082242,3.9849279,5.8536329,11.472977,11.472977,11.472977,11.472977,11.472977,11.472977,11.472977,11.472977,11.472977,11.472977
GLOMIS,CircEular-A,MEA,Material Demand|Infrastructure|Bridges|Iron_steel,Mt/yr,high,.87266588,.8980394,.73181987,.85336745,.78682858,.70010436,.683415,1.0038979,1.9676151,1.9676151,1.9676151,1.9676151,1.9676151,1.9676151,1.9676151,1.9676151,1.9676151,1.9676151
GLOMIS,CircEular-A,MEA,Material Demand|Infrastructure|Buildings|Aluminum,Mt/yr,high,0,0,0,0,0,0,0,0,0,0,0,0,0,0,0,0,0,0
GLOMIS,CircEular-A,MEA,Material Demand|Infrastructure|Buildings|Concrete,Mt/yr,high,.66869694,.6912936,.57093412,.66435575,.61793852,.55602628,.5458526,.78709966,1.5097845,1.5097845,1.5097845,1.5097845,1.5097845,1.5097845,1.5097845,1.5097845,1.5097845,1.5097845
GLOMIS,CircEular-A,MEA,Material Demand|Infrastructure|Buildings|Iron_steel,Mt/yr,high,0,0,0,0,0,0,0,0,0,0,0,0,0,0,0,0,0,0
GLOMIS,CircEular-A,MEA,Material Demand|Infrastructure|Charging stations|Aluminum,Mt/yr,high,1.6600001e-07,1.8599999e-07,1.8700000e-07,2.1100000e-07,2.2000000e-07,2.2499999e-07,2.3400000e-07,2.7499999e-07,3.8400000e-07,3.8400000e-07,3.8400000e-07,3.8400000e-07,3.8400000e-07,3.8400000e-07,3.8400000e-07,3.8400000e-07,3.8400000e-07,3.8400000e-07
GLOMIS,CircEular-A,MEA,Material Demand|Infrastructure|Charging stations|Concrete,Mt/yr,high,.000025699999,.000028799999,.0000289,.000032700002,.000034100001,.000034799999,.000036199999,.0000425,.000059499998,.000059499998,.000059499998,.000059499998,.000059499998,.000059499998,.000059499998,.000059499998,.000059499998,.000059499998
GLOMIS,CircEular-A,MEA,Material Demand|Infrastructure|Charging stations|Iron_steel,Mt/yr,high,4.2900001e-06,4.7899998e-06,4.8200000e-06,5.4500001e-06,5.6800000e-06,5.8000001e-06,6.0399998e-06,7.0900001e-06,9.9099998e-06,9.9099998e-06,9.9099998e-06,9.9099998e-06,9.9099998e-06,9.9099998e-06,9.9099998e-06,9.9099998e-06,9.9099998e-06,9.9099998e-06
GLOMIS,CircEular-A,MEA,Material Demand|Infrastructure|Fuel stations|Aluminum,Mt/yr,high,.000285352,.00030765799,.00028444201,.00032544599,.00032398599,.00031580401,.000321962,.00040752601,.000652546,.000652546,.000652546,.000652546,.000652546,.000652546,.000652546,.000652546,.000652546,.000652546
GLOMIS,CircEular-A,MEA,Material Demand|Infrastructure|Fuel stations|Concrete,Mt/yr,high,1.0656511,1.1489521,1.0622537,1.2153828,1.2099315,1.1793741,1.2023718,1.5219128,2.4369423,2.4369423,2.4369423,2.4369423,2.4369423,2.4369423,2.4369423,2.4369423,2.4369423,2.4369423
GLOMIS,CircEular-A,MEA,Material Demand|Infrastructure|Fuel stations|Iron_steel,Mt/yr,high,.042573046,.045900945,.042437319,.048554868,.048337091,.047116313,.048035078,.060800824,.097356498,.097356498,.097356498,.097356498,.097356498,.097356498,.097356498,.097356498,.097356498,.097356498
GLOMIS,CircEular-A,MEA,Material Demand|Infrastructure|Parking|Aluminum,Mt/yr,high,.00068536901,.000713013,.000599619,.00069577299,.00065469497,.00059769698,.00059098698,.000832094,.001550358,.001550358,.001550358,.001550358,.001550358,.001550358,.001550358,.001550358,.001550358,.001550358
GLOMIS,CircEular-A,MEA,Material Demand|Infrastructure|Parking|Asphalt,Mt/yr,high,1.7553414,1.9042429,1.7874109,2.0406957,2.0486512,2.0151498,2.0627224,2.5730267,4.0217743,4.0217743,4.0217743,4.0217743,4.0217743,4.0217743,4.0217743,4.0217743,4.0217743,4.0217743
GLOMIS,CircEular-A,MEA,Material Demand|Infrastructure|Parking|Concrete,Mt/yr,high,2.129745,2.215647,1.8632808,2.1620731,2.0344265,1.857308,1.8364586,2.5856841,4.8176484,4.8176484,4.8176484,4.8176484,4.8176484,4.8176484,4.8176484,4.8176484,4.8176484,4.8176484
GLOMIS,CircEular-A,MEA,Material Demand|Infrastructure|Parking|Iron_steel,Mt/yr,high,.02440265,.025386916,.021349501,.024773069,.023310492,.021281064,.02104217,.029626809,.055200689,.055200689,.055200689,.055200689,.055200689,.055200689,.055200689,.055200689,.055200689,.055200689
GLOMIS,CircEular-A,MEA,Material Demand|Infrastructure|Rail|Aluminum,Mt/yr,high,.0048561879,.0051175952,.0044598011,.0051469891,.0049508889,.0046414118,.0046482109,.006266613,.011027914,.011027914,.011027914,.011027914,.011027914,.011027914,.011027914,.011027914,.011027914,.011027914
GLOMIS,CircEular-A,MEA,Material Demand|Infrastructure|Rail|Concrete,Mt/yr,high,1.9008081,2.0013592,1.7399539,2.008774,1.9294536,1.8057708,1.8069651,2.4428682,4.3153882,4.3153882,4.3153882,4.3153882,4.3153882,4.3153882,4.3153882,4.3153882,4.3153882,4.3153882
GLOMIS,CircEular-A,MEA,Material Demand|Infrastructure|Rail|Iron_steel,Mt/yr,high,.76760101,.82621557,.76068026,.87085617,.86491817,.84090805,.85632259,1.0883973,1.7544508,1.7544508,1.7544508,1.7544508,1.7544508,1.7544508,1.7544508,1.7544508,1.7544508,1.7544508
GLOMIS,CircEular-A,MEA,Material Demand|Infrastructure|Roads|Aluminum,Mt/yr,high,0,0,0,0,0,0,0,0,0,0,0,0,0,0,0,0,0,0
GLOMIS,CircEular-A,MEA,Material Demand|Infrastructure|Roads|Asphalt,Mt/yr,high,315.83698,343.50229,324.42245,370.07431,372.77148,368.00174,377.28583,467.90518,724.20526,724.20526,724.20526,724.20526,724.20526,724.20526,724.20526,724.20526,724.20526,724.20526
GLOMIS,CircEular-A,MEA,Material Demand|Infrastructure|Roads|Concrete,Mt/yr,high,0,0,0,0,0,0,0,0,0,0,0,0,0,0,0,0,0,0
GLOMIS,CircEular-A,MEA,Material Demand|Infrastructure|Roads|Iron_steel,Mt/yr,high,0,0,0,0,0,0,0,0,0,0,0,0,0,0,0,0,0,0
GLOMIS,CircEular-A,MEA,Material Demand|Infrastructure|Tunnels|Aluminum,Mt/yr,high,.00095660402,.00098441797,.00080221001,.00093544897,.00086251,.00076744403,.00074915,.001100458,.0021568709,.0021568709,.0021568709,.0021568709,.0021568709,.0021568709,.0021568709,.0021568709,.0021568709,.0021568709
GLOMIS,CircEular-A,MEA,Material Demand|Infrastructure|Tunnels|Asphalt,Mt/yr,high,.34060985,.37179419,.35421643,.40357023,.40843374,.40523285,.41636375,.51223898,.78189063,.78189063,.78189063,.78189063,.78189063,.78189063,.78189063,.78189063,.78189063,.78189063
GLOMIS,CircEular-A,MEA,Material Demand|Infrastructure|Tunnels|Concrete,Mt/yr,high,5.6320682,5.7958255,4.7230673,5.5075188,5.0780859,4.5183792,4.4106684,6.479022,12.698724,12.698724,12.698724,12.698724,12.698724,12.698724,12.698724,12.698724,12.698724,12.698724
GLOMIS,CircEular-A,MEA,Material Demand|Infrastructure|Tunnels|Iron_steel,Mt/yr,high,.24530318,.25243559,.20571189,.23987848,.22117464,.19679677,.19210546,.28219202,.55308944,.55308944,.55308944,.55308944,.55308944,.55308944,.55308944,.55308944,.55308944,.55308944
GLOMIS,CircEular-A,MEA,Material Release|Infrastructure|Bridges|Aluminum,Mt/yr,high,.000122545,.000144456,.00016189599,.00018061401,.000197855,.00021210199,.00022497099,.000244789,.00028829899,.00028829899,.00028829899,.00028829899,.00028829899,.00028829899,.00028829899,.00028829899,.00028829899,.00028829899
GLOMIS,CircEular-A,MEA,Material Release|Infrastructure|Bridges|Asphalt,Mt/yr,high,.97220856,1.1460418,1.2843994,1.4328942,1.5696784,1.6827035,1.7848054,1.9420265,2.2872143,2.2872143,2.2872143,2.2872143,2.2872143,2.2872143,2.2872143,2.2872143,2.2872143,2.2872143
GLOMIS,CircEular-A,MEA,Material Release|Infrastructure|Bridges|Concrete,Mt/yr,high,.82745343,.97540408,1.0931612,1.2195462,1.3359642,1.4321606,1.5190604,1.6528722,1.946664,1.946664,1.946664,1.946664,1.946664,1.946664,1.946664,1.946664,1.946664,1.946664
GLOMIS,CircEular-A,MEA,Material Release|Infrastructure|Bridges|Iron_steel,Mt/yr,high,.14190823,.16728176,.1874771,.20915213,.22911781,.2456155,.26051879,.28346753,.3338528,.3338528,.3338528,.3338528,.3338528,.3338528,.3338528,.3338528,.3338528,.3338528
GLOMIS,CircEular-A,MEA,Material Release|Infrastructure|Buildings|Aluminum,Mt/yr,high,0,0,0,0,0,0,0,0,0,0,0,0,0,0,0,0,0,0
GLOMIS,CircEular-A,MEA,Material Release|Infrastructure|Buildings|Concrete,Mt/yr,high,.12637772,.14897436,.16695949,.1862624,.20404303,.21873519,.23200746,.25244465,.29731575,.29731575,.29731575,.29731575,.29731575,.29731575,.29731575,.29731575,.29731575,.29731575
GLOMIS,CircEular-A,MEA,Material Release|Infrastructure|Buildings|Iron_steel,Mt/yr,high,0,0,0,0,0,0,0,0,0,0,0,0,0,0,0,0,0,0
GLOMIS,CircEular-A,MEA,Material Release|Infrastructure|Charging stations|Aluminum,Mt/yr,high,1.1000000e-07,1.2900000e-07,1.4500000e-07,1.6200001e-07,1.7700000e-07,1.8999999e-07,2.0100001e-07,2.1900000e-07,2.5800000e-07,2.5800000e-07,2.5800000e-07,2.5800000e-07,2.5800000e-07,2.5800000e-07,2.5800000e-07,2.5800000e-07,2.5800000e-07,2.5800000e-07
GLOMIS,CircEular-A,MEA,Material Release|Infrastructure|Charging stations|Concrete,Mt/yr,high,.000017,.000019999999,.0000224,.000024999999,.000027399999,.0000294,.000031200001,.0000339,.000039899998,.000039899998,.000039899998,.000039899998,.000039899998,.000039899998,.000039899998,.000039899998,.000039899998,.000039899998
GLOMIS,CircEular-A,MEA,Material Release|Infrastructure|Charging stations|Iron_steel,Mt/yr,high,2.8300001e-06,3.3300000e-06,3.7400000e-06,4.1700000e-06,4.5699999e-06,4.9000000e-06,5.1900001e-06,5.6499998e-06,6.6600001e-06,6.6600001e-06,6.6600001e-06,6.6600001e-06,6.6600001e-06,6.6600001e-06,6.6600001e-06,6.6600001e-06,6.6600001e-06,6.6600001e-06
GLOMIS,CircEular-A,MEA,Material Release|Infrastructure|Fuel stations|Aluminum,Mt/yr,high,.00012475099,.00014705599,.00016481,.00018386501,.000201416,.000215919,.000229021,.000249195,.000293488,.000293488,.000293488,.000293488,.000293488,.000293488,.000293488,.000293488,.000293488,.000293488
GLOMIS,CircEular-A,MEA,Material Release|Infrastructure|Fuel stations|Concrete,Mt/yr,high,.46588343,.5491845,.61548561,.68664449,.75219166,.80635345,.85528076,.93062121,1.0960356,1.0960356,1.0960356,1.0960356,1.0960356,1.0960356,1.0960356,1.0960356,1.0960356,1.0960356
GLOMIS,CircEular-A,MEA,Material Release|Infrastructure|Fuel stations|Iron_steel,Mt/yr,high,.018612169,.021940067,.024588816,.027431633,.030050259,.032214038,.034168698,.037178569,.043786921,.043786921,.043786921,.043786921,.043786921,.043786921,.043786921,.043786921,.043786921,.043786921
GLOMIS,CircEular-A,MEA,Material Release|Infrastructure|Parking|Aluminum,Mt/yr,high,.00015460599,.00018225001,.00020425201,.000227867,.00024961901,.00026759299,.00028383001,.00030883201,.00036372599,.00036372599,.00036372599,.00036372599,.00036372599,.00036372599,.00036372599,.00036372599,.00036372599,.00036372599
GLOMIS,CircEular-A,MEA,Material Release|Infrastructure|Parking|Asphalt,Mt/yr,high,.83277106,.98167253,1.1001865,1.2273836,1.3445499,1.4413645,1.5288225,1.6634943,1.9591742,1.9591742,1.9591742,1.9591742,1.9591742,1.9591742,1.9591742,1.9591742,1.9591742,1.9591742
GLOMIS,CircEular-A,MEA,Material Release|Infrastructure|Parking|Concrete,Mt/yr,high,.48042914,.56633103,.63470215,.7080828,.77567643,.8315292,.88198417,.95967692,1.1302558,1.1302558,1.1302558,1.1302558,1.1302558,1.1302558,1.1302558,1.1302558,1.1302558,1.1302558
GLOMIS,CircEular-A,MEA,Material Release|Infrastructure|Parking|Iron_steel,Mt/yr,high,.0055047651,.0064890292,.007272427,.0081132241,.0088877128,.0095276749,.010105788,.010995993,.012950489,.012950489,.012950489,.012950489,.012950489,.012950489,.012950489,.012950489,.012950489,.012950489
GLOMIS,CircEular-A,MEA,Material Release|Infrastructure|Rail|Aluminum,Mt/yr,high,.001461989,.001723396,.001931455,.0021547589,.0023604529,.0025304181,.0026839571,.002920382,.003439469,.003439469,.003439469,.003439469,.003439469,.003439469,.003439469,.003439469,.003439469,.003439469
GLOMIS,CircEular-A,MEA,Material Release|Infrastructure|Rail|Concrete,Mt/yr,high,.56235832,.66290927,.74294001,.82883447,.90795511,.97333258,1.0323918,1.1233337,1.3230021,1.3230021,1.3230021,1.3230021,1.3230021,1.3230021,1.3230021,1.3230021,1.3230021,1.3230021
GLOMIS,CircEular-A,MEA,Material Release|Infrastructure|Rail|Iron_steel,Mt/yr,high,.3278175,.38643205,.43308464,.4831554,.52927744,.56738818,.60181582,.65482891,.77122229,.77122229,.77122229,.77122229,.77122229,.77122229,.77122229,.77122229,.77122229,.77122229
GLOMIS,CircEular-A,MEA,Material Release|Infrastructure|Roads|Aluminum,Mt/yr,high,0,0,0,0,0,0,0,0,0,0,0,0,0,0,0,0,0,0
GLOMIS,CircEular-A,MEA,Material Release|Infrastructure|Roads|Asphalt,Mt/yr,high,154.72556,182.39085,204.41026,228.043,249.81201,267.79977,284.04916,309.07065,364.00677,364.00677,364.00677,364.00677,364.00677,364.00677,364.00677,364.00677,364.00677,364.00677
GLOMIS,CircEular-A,MEA,Material Release|Infrastructure|Roads|Concrete,Mt/yr,high,0,0,0,0,0,0,0,0,0,0,0,0,0,0,0,0,0,0
GLOMIS,CircEular-A,MEA,Material Release|Infrastructure|Roads|Iron_steel,Mt/yr,high,0,0,0,0,0,0,0,0,0,0,0,0,0,0,0,0,0,0
GLOMIS,CircEular-A,MEA,Material Release|Infrastructure|Tunnels|Aluminum,Mt/yr,high,.00015555799,.000183372,.00020551,.00022926999,.00025115599,.00026924,.000285577,.00031073301,.00036596501,.00036596501,.00036596501,.00036596501,.00036596501,.00036596501,.00036596501,.00036596501,.00036596501,.00036596501
GLOMIS,CircEular-A,MEA,Material Release|Infrastructure|Tunnels|Asphalt,Mt/yr,high,.17440683,.20559119,.23041148,.25705034,.28158838,.30186424,.32018054,.3483848,.41030887,.41030887,.41030887,.41030887,.41030887,.41030887,.41030887,.41030887,.41030887,.41030887
GLOMIS,CircEular-A,MEA,Material Release|Infrastructure|Tunnels|Concrete,Mt/yr,high,.91585666,1.079614,1.209952,1.3498397,1.4786956,1.5851694,1.6813532,1.8294612,2.1546412,2.1546412,2.1546412,2.1546412,2.1546412,2.1546412,2.1546412,2.1546412,2.1546412,2.1546412
GLOMIS,CircEular-A,MEA,Material Release|Infrastructure|Tunnels|Iron_steel,Mt/yr,high,.039889887,.047022291,.052699126,.058791898,.064404182,.069041617,.073230878,.07968168,.093844801,.093844801,.093844801,.093844801,.093844801,.093844801,.093844801,.093844801,.093844801,.093844801
GLOMIS,CircEular-A,NAM,Material Demand|Infrastructure|Bridges|Aluminum,Mt/yr,high,.00097542,.00099641504,.00039598101,.00039598101,.00039598101,.00039598101,.00039598101,.00039598101,.00039598101,.00039598101,.00039598101,.00039598101,.00039598101,.00039598101,.00039598101,.00039598101,.00039598101,.00039598101
GLOMIS,CircEular-A,NAM,Material Demand|Infrastructure|Bridges|Asphalt,Mt/yr,high,8.5085287,8.8840342,7.0825896,7.0825896,7.0825896,7.0825896,7.0825896,7.0825896,7.0825896,7.0825896,7.0825896,7.0825896,7.0825896,7.0825896,7.0825896,7.0825896,7.0825896,7.0825896
GLOMIS,CircEular-A,NAM,Material Demand|Infrastructure|Bridges|Concrete,Mt/yr,high,12.839808,13.116162,5.2124414,5.2124414,5.2124414,5.2124414,5.2124414,5.2124414,5.2124414,5.2124414,5.2124414,5.2124414,5.2124414,5.2124414,5.2124414,5.2124414,5.2124414,5.2124414
GLOMIS,CircEular-A,NAM,Material Demand|Infrastructure|Bridges|Iron_steel,Mt/yr,high,2.4972768,2.5510263,1.0137931,1.0137931,1.0137931,1.0137931,1.0137931,1.0137931,1.0137931,1.0137931,1.0137931,1.0137931,1.0137931,1.0137931,1.0137931,1.0137931,1.0137931,1.0137931
GLOMIS,CircEular-A,NAM,Material Demand|Infrastructure|Buildings|Aluminum,Mt/yr,high,0,0,0,0,0,0,0,0,0,0,0,0,0,0,0,0,0,0
GLOMIS,CircEular-A,NAM,Material Demand|Infrastructure|Buildings|Concrete,Mt/yr,high,.90485704,.92657632,.40965754,.40965754,.40965754,.40965754,.40965754,.40965754,.40965754,.40965754,.40965754,.40965754,.40965754,.40965754,.40965754,.40965754,.40965754,.40965754
GLOMIS,CircEular-A,NAM,Material Demand|Infrastructure|Buildings|Iron_steel,Mt/yr,high,0,0,0,0,0,0,0,0,0,0,0,0,0,0,0,0,0,0
GLOMIS,CircEular-A,NAM,Material Demand|Infrastructure|Charging stations|Aluminum,Mt/yr,high,3.9500001e-06,4.1399999e-06,3.6300000e-06,3.6300000e-06,3.6300000e-06,3.6300000e-06,3.6300000e-06,3.6300000e-06,3.6300000e-06,3.6300000e-06,3.6300000e-06,3.6300000e-06,3.6300000e-06,3.6300000e-06,3.6300000e-06,3.6300000e-06,3.6300000e-06,3.6300000e-06
GLOMIS,CircEular-A,NAM,Material Demand|Infrastructure|Charging stations|Concrete,Mt/yr,high,.00061166799,.00064144499,.00056164199,.00056164199,.00056164199,.00056164199,.00056164199,.00056164199,.00056164199,.00056164199,.00056164199,.00056164199,.00056164199,.00056164199,.00056164199,.00056164199,.00056164199,.00056164199
GLOMIS,CircEular-A,NAM,Material Demand|Infrastructure|Charging stations|Iron_steel,Mt/yr,high,.00010192,.000106881,.0000936,.0000936,.0000936,.0000936,.0000936,.0000936,.0000936,.0000936,.0000936,.0000936,.0000936,.0000936,.0000936,.0000936,.0000936,.0000936
GLOMIS,CircEular-A,NAM,Material Demand|Infrastructure|Fuel stations|Aluminum,Mt/yr,high,.00045616899,.000474517,.00034607801,.00034607801,.00034607801,.00034607801,.00034607801,.00034607801,.00034607801,.00034607801,.00034607801,.00034607801,.00034607801,.00034607801,.00034607801,.00034607801,.00034607801,.00034607801
GLOMIS,CircEular-A,NAM,Material Demand|Infrastructure|Fuel stations|Concrete,Mt/yr,high,1.7035692,1.7720916,1.2924345,1.2924345,1.2924345,1.2924345,1.2924345,1.2924345,1.2924345,1.2924345,1.2924345,1.2924345,1.2924345,1.2924345,1.2924345,1.2924345,1.2924345,1.2924345
GLOMIS,CircEular-A,NAM,Material Demand|Infrastructure|Fuel stations|Iron_steel,Mt/yr,high,.068058051,.070795536,.051633105,.051633105,.051633105,.051633105,.051633105,.051633105,.051633105,.051633105,.051633105,.051633105,.051633105,.051633105,.051633105,.051633105,.051633105,.051633105
GLOMIS,CircEular-A,NAM,Material Demand|Infrastructure|Parking|Aluminum,Mt/yr,high,.001707444,.001753765,.000873674,.000873674,.000873674,.000873674,.000873674,.000873674,.000873674,.000873674,.000873674,.000873674,.000873674,.000873674,.000873674,.000873674,.000873674,.000873674
GLOMIS,CircEular-A,NAM,Material Demand|Infrastructure|Parking|Asphalt,Mt/yr,high,19.851553,20.683647,15.694535,15.694535,15.694535,15.694535,15.694535,15.694535,15.694535,15.694535,15.694535,15.694535,15.694535,15.694535,15.694535,15.694535,15.694535,15.694535
GLOMIS,CircEular-A,NAM,Material Demand|Infrastructure|Parking|Concrete,Mt/yr,high,18.101782,18.592857,9.2624149,9.2624149,9.2624149,9.2624149,9.2624149,9.2624149,9.2624149,9.2624149,9.2624149,9.2624149,9.2624149,9.2624149,9.2624149,9.2624149,9.2624149,9.2624149
GLOMIS,CircEular-A,NAM,Material Demand|Infrastructure|Parking|Iron_steel,Mt/yr,high,.28956607,.29742157,.14816669,.14816669,.14816669,.14816669,.14816669,.14816669,.14816669,.14816669,.14816669,.14816669,.14816669,.14816669,.14816669,.14816669,.14816669,.14816669
GLOMIS,CircEular-A,NAM,Material Demand|Infrastructure|Rail|Aluminum,Mt/yr,high,.0052479091,.0054134931,.0031231551,.0031231551,.0031231551,.0031231551,.0031231551,.0031231551,.0031231551,.0031231551,.0031231551,.0031231551,.0031231551,.0031231551,.0031231551,.0031231551,.0031231551,.0031231551
GLOMIS,CircEular-A,NAM,Material Demand|Infrastructure|Rail|Concrete,Mt/yr,high,2.1767378,2.244312,1.2745514,1.2745514,1.2745514,1.2745514,1.2745514,1.2745514,1.2745514,1.2745514,1.2745514,1.2745514,1.2745514,1.2745514,1.2745514,1.2745514,1.2745514,1.2745514
GLOMIS,CircEular-A,NAM,Material Demand|Infrastructure|Rail|Iron_steel,Mt/yr,high,4.503499,4.6837091,3.3990207,3.3990207,3.3990207,3.3990207,3.3990207,3.3990207,3.3990207,3.3990207,3.3990207,3.3990207,3.3990207,3.3990207,3.3990207,3.3990207,3.3990207,3.3990207
GLOMIS,CircEular-A,NAM,Material Demand|Infrastructure|Roads|Aluminum,Mt/yr,high,0,0,0,0,0,0,0,0,0,0,0,0,0,0,0,0,0,0
GLOMIS,CircEular-A,NAM,Material Demand|Infrastructure|Roads|Asphalt,Mt/yr,high,667.09552,695.46179,535.02948,535.02948,535.02948,535.02948,535.02948,535.02948,535.02948,535.02948,535.02948,535.02948,535.02948,535.02948,535.02948,535.02948,535.02948,535.02948
GLOMIS,CircEular-A,NAM,Material Demand|Infrastructure|Roads|Concrete,Mt/yr,high,68.67807,71.249138,48.494102,48.494102,48.494102,48.494102,48.494102,48.494102,48.494102,48.494102,48.494102,48.494102,48.494102,48.494102,48.494102,48.494102,48.494102,48.494102
GLOMIS,CircEular-A,NAM,Material Demand|Infrastructure|Roads|Iron_steel,Mt/yr,high,0,0,0,0,0,0,0,0,0,0,0,0,0,0,0,0,0,0
GLOMIS,CircEular-A,NAM,Material Demand|Infrastructure|Runways|Aluminum,Mt/yr,high,0,0,0,0,0,0,0,0,0,0,0,0,0,0,0,0,0,0
GLOMIS,CircEular-A,NAM,Material Demand|Infrastructure|Runways|Concrete,Mt/yr,high,1.1409893,1.165547,.46319538,.46319538,.46319538,.46319538,.46319538,.46319538,.46319538,.46319538,.46319538,.46319538,.46319538,.46319538,.46319538,.46319538,.46319538,.46319538
GLOMIS,CircEular-A,NAM,Material Demand|Infrastructure|Runways|Iron_steel,Mt/yr,high,0,0,0,0,0,0,0,0,0,0,0,0,0,0,0,0,0,0
GLOMIS,CircEular-A,NAM,Material Demand|Infrastructure|Tunnels|Aluminum,Mt/yr,high,.00091398897,.00093366101,.00037104299,.00037104299,.00037104299,.00037104299,.00037104299,.00037104299,.00037104299,.00037104299,.00037104299,.00037104299,.00037104299,.00037104299,.00037104299,.00037104299,.00037104299,.00037104299
GLOMIS,CircEular-A,NAM,Material Demand|Infrastructure|Tunnels|Asphalt,Mt/yr,high,.21059254,.21981481,.17394561,.17394561,.17394561,.17394561,.17394561,.17394561,.17394561,.17394561,.17394561,.17394561,.17394561,.17394561,.17394561,.17394561,.17394561,.17394561
GLOMIS,CircEular-A,NAM,Material Demand|Infrastructure|Tunnels|Concrete,Mt/yr,high,4.2394543,4.3307009,1.7210464,1.7210464,1.7210464,1.7210464,1.7210464,1.7210464,1.7210464,1.7210464,1.7210464,1.7210464,1.7210464,1.7210464,1.7210464,1.7210464,1.7210464,1.7210464
GLOMIS,CircEular-A,NAM,Material Demand|Infrastructure|Tunnels|Iron_steel,Mt/yr,high,.18994211,.19403027,.077108793,.077108793,.077108793,.077108793,.077108793,.077108793,.077108793,.077108793,.077108793,.077108793,.077108793,.077108793,.077108793,.077108793,.077108793,.077108793
GLOMIS,CircEular-A,NAM,Material Release|Infrastructure|Bridges|Aluminum,Mt/yr,high,.00037078801,.000391782,.00039598101,.00039598101,.00039598101,.00039598101,.00039598101,.00039598101,.00039598101,.00039598101,.00039598101,.00039598101,.00039598101,.00039598101,.00039598101,.00039598101,.00039598101,.00039598101
GLOMIS,CircEular-A,NAM,Material Release|Infrastructure|Bridges|Asphalt,Mt/yr,high,6.6319828,7.0074883,7.0825896,7.0825896,7.0825896,7.0825896,7.0825896,7.0825896,7.0825896,7.0825896,7.0825896,7.0825896,7.0825896,7.0825896,7.0825896,7.0825896,7.0825896,7.0825896
GLOMIS,CircEular-A,NAM,Material Release|Infrastructure|Bridges|Concrete,Mt/yr,high,4.8808169,5.1571708,5.2124414,5.2124414,5.2124414,5.2124414,5.2124414,5.2124414,5.2124414,5.2124414,5.2124414,5.2124414,5.2124414,5.2124414,5.2124414,5.2124414,5.2124414,5.2124414
GLOMIS,CircEular-A,NAM,Material Release|Infrastructure|Bridges|Iron_steel,Mt/yr,high,.94929379,1.0030432,1.0137931,1.0137931,1.0137931,1.0137931,1.0137931,1.0137931,1.0137931,1.0137931,1.0137931,1.0137931,1.0137931,1.0137931,1.0137931,1.0137931,1.0137931,1.0137931
GLOMIS,CircEular-A,NAM,Material Release|Infrastructure|Buildings|Aluminum,Mt/yr,high,0,0,0,0,0,0,0,0,0,0,0,0,0,0,0,0,0,0
GLOMIS,CircEular-A,NAM,Material Release|Infrastructure|Buildings|Concrete,Mt/yr,high,.38359442,.40531367,.40965754,.40965754,.40965754,.40965754,.40965754,.40965754,.40965754,.40965754,.40965754,.40965754,.40965754,.40965754,.40965754,.40965754,.40965754,.40965754
GLOMIS,CircEular-A,NAM,Material Release|Infrastructure|Buildings|Iron_steel,Mt/yr,high,0,0,0,0,0,0,0,0,0,0,0,0,0,0,0,0,0,0
GLOMIS,CircEular-A,NAM,Material Release|Infrastructure|Charging stations|Aluminum,Mt/yr,high,3.4000000e-06,3.5900000e-06,3.6300000e-06,3.6300000e-06,3.6300000e-06,3.6300000e-06,3.6300000e-06,3.6300000e-06,3.6300000e-06,3.6300000e-06,3.6300000e-06,3.6300000e-06,3.6300000e-06,3.6300000e-06,3.6300000e-06,3.6300000e-06,3.6300000e-06,3.6300000e-06
GLOMIS,CircEular-A,NAM,Material Release|Infrastructure|Charging stations|Concrete,Mt/yr,high,.00052591,.000555687,.00056164199,.00056164199,.00056164199,.00056164199,.00056164199,.00056164199,.00056164199,.00056164199,.00056164199,.00056164199,.00056164199,.00056164199,.00056164199,.00056164199,.00056164199,.00056164199
GLOMIS,CircEular-A,NAM,Material Release|Infrastructure|Charging stations|Iron_steel,Mt/yr,high,.000087599998,.000092599999,.0000936,.0000936,.0000936,.0000936,.0000936,.0000936,.0000936,.0000936,.0000936,.0000936,.0000936,.0000936,.0000936,.0000936,.0000936,.0000936
GLOMIS,CircEular-A,NAM,Material Release|Infrastructure|Fuel stations|Aluminum,Mt/yr,high,.00032406001,.00034240901,.00034607801,.00034607801,.00034607801,.00034607801,.00034607801,.00034607801,.00034607801,.00034607801,.00034607801,.00034607801,.00034607801,.00034607801,.00034607801,.00034607801,.00034607801,.00034607801
GLOMIS,CircEular-A,NAM,Material Release|Infrastructure|Fuel stations|Concrete,Mt/yr,high,1.2102076,1.27873,1.2924345,1.2924345,1.2924345,1.2924345,1.2924345,1.2924345,1.2924345,1.2924345,1.2924345,1.2924345,1.2924345,1.2924345,1.2924345,1.2924345,1.2924345,1.2924345
GLOMIS,CircEular-A,NAM,Material Release|Infrastructure|Fuel stations|Iron_steel,Mt/yr,high,.048348118,.051085606,.051633105,.051633105,.051633105,.051633105,.051633105,.051633105,.051633105,.051633105,.051633105,.051633105,.051633105,.051633105,.051633105,.051633105,.051633105,.051633105
GLOMIS,CircEular-A,NAM,Material Release|Infrastructure|Parking|Aluminum,Mt/yr,high,.00081808999,.00086441002,.000873674,.000873674,.000873674,.000873674,.000873674,.000873674,.000873674,.000873674,.000873674,.000873674,.000873674,.000873674,.000873674,.000873674,.000873674,.000873674
GLOMIS,CircEular-A,NAM,Material Release|Infrastructure|Parking|Asphalt,Mt/yr,high,14.696021,15.528116,15.694535,15.694535,15.694535,15.694535,15.694535,15.694535,15.694535,15.694535,15.694535,15.694535,15.694535,15.694535,15.694535,15.694535,15.694535,15.694535
GLOMIS,CircEular-A,NAM,Material Release|Infrastructure|Parking|Concrete,Mt/yr,high,8.6731243,9.1641998,9.2624149,9.2624149,9.2624149,9.2624149,9.2624149,9.2624149,9.2624149,9.2624149,9.2624149,9.2624149,9.2624149,9.2624149,9.2624149,9.2624149,9.2624149,9.2624149
GLOMIS,CircEular-A,NAM,Material Release|Infrastructure|Parking|Iron_steel,Mt/yr,high,.13874006,.14659558,.14816669,.14816669,.14816669,.14816669,.14816669,.14816669,.14816669,.14816669,.14816669,.14816669,.14816669,.14816669,.14816669,.14816669,.14816669,.14816669
GLOMIS,CircEular-A,NAM,Material Release|Infrastructure|Rail|Aluminum,Mt/yr,high,.0029244539,.003090038,.0031231551,.0031231551,.0031231551,.0031231551,.0031231551,.0031231551,.0031231551,.0031231551,.0031231551,.0031231551,.0031231551,.0031231551,.0031231551,.0031231551,.0031231551,.0031231551
GLOMIS,CircEular-A,NAM,Material Release|Infrastructure|Rail|Concrete,Mt/yr,high,1.1934623,1.2610366,1.2745514,1.2745514,1.2745514,1.2745514,1.2745514,1.2745514,1.2745514,1.2745514,1.2745514,1.2745514,1.2745514,1.2745514,1.2745514,1.2745514,1.2745514,1.2745514
GLOMIS,CircEular-A,NAM,Material Release|Infrastructure|Rail|Iron_steel,Mt/yr,high,3.1827688,3.3629787,3.3990207,3.3990207,3.3990207,3.3990207,3.3990207,3.3990207,3.3990207,3.3990207,3.3990207,3.3990207,3.3990207,3.3990207,3.3990207,3.3990207,3.3990207,3.3990207
GLOMIS,CircEular-A,NAM,Material Release|Infrastructure|Roads|Aluminum,Mt/yr,high,0,0,0,0,0,0,0,0,0,0,0,0,0,0,0,0,0,0
GLOMIS,CircEular-A,NAM,Material Release|Infrastructure|Roads|Asphalt,Mt/yr,high,500.98996,529.35626,535.02948,535.02948,535.02948,535.02948,535.02948,535.02948,535.02948,535.02948,535.02948,535.02948,535.02948,535.02948,535.02948,535.02948,535.02948,535.02948
GLOMIS,CircEular-A,NAM,Material Release|Infrastructure|Roads|Concrete,Mt/yr,high,45.408825,47.979889,48.494102,48.494102,48.494102,48.494102,48.494102,48.494102,48.494102,48.494102,48.494102,48.494102,48.494102,48.494102,48.494102,48.494102,48.494102,48.494102
GLOMIS,CircEular-A,NAM,Material Release|Infrastructure|Roads|Iron_steel,Mt/yr,high,0,0,0,0,0,0,0,0,0,0,0,0,0,0,0,0,0,0
GLOMIS,CircEular-A,NAM,Material Release|Infrastructure|Runways|Aluminum,Mt/yr,high,0,0,0,0,0,0,0,0,0,0,0,0,0,0,0,0,0,0
GLOMIS,CircEular-A,NAM,Material Release|Infrastructure|Runways|Concrete,Mt/yr,high,.43372607,.45828384,.46319538,.46319538,.46319538,.46319538,.46319538,.46319538,.46319538,.46319538,.46319538,.46319538,.46319538,.46319538,.46319538,.46319538,.46319538,.46319538
GLOMIS,CircEular-A,NAM,Material Release|Infrastructure|Runways|Iron_steel,Mt/yr,high,0,0,0,0,0,0,0,0,0,0,0,0,0,0,0,0,0,0
GLOMIS,CircEular-A,NAM,Material Release|Infrastructure|Tunnels|Aluminum,Mt/yr,high,.000347436,.000367108,.00037104299,.00037104299,.00037104299,.00037104299,.00037104299,.00037104299,.00037104299,.00037104299,.00037104299,.00037104299,.00037104299,.00037104299,.00037104299,.00037104299,.00037104299,.00037104299
GLOMIS,CircEular-A,NAM,Material Release|Infrastructure|Tunnels|Asphalt,Mt/yr,high,.16287889,.17210114,.17394561,.17394561,.17394561,.17394561,.17394561,.17394561,.17394561,.17394561,.17394561,.17394561,.17394561,.17394561,.17394561,.17394561,.17394561,.17394561
GLOMIS,CircEular-A,NAM,Material Release|Infrastructure|Tunnels|Concrete,Mt/yr,high,1.6115505,1.7027971,1.7210464,1.7210464,1.7210464,1.7210464,1.7210464,1.7210464,1.7210464,1.7210464,1.7210464,1.7210464,1.7210464,1.7210464,1.7210464,1.7210464,1.7210464,1.7210464
GLOMIS,CircEular-A,NAM,Material Release|Infrastructure|Tunnels|Iron_steel,Mt/yr,high,.072202995,.076291159,.077108793,.077108793,.077108793,.077108793,.077108793,.077108793,.077108793,.077108793,.077108793,.077108793,.077108793,.077108793,.077108793,.077108793,.077108793,.077108793
GLOMIS,CircEular-A,PAO,Material Demand|Infrastructure|Bridges|Aluminum,Mt/yr,high,.0000334,.000034000001,.0000158,.0000158,.0000158,.0000158,.0000158,.0000158,.0000158,.0000158,.0000158,.0000158,.0000158,.0000158,.0000158,.0000158,.0000158,.0000158
GLOMIS,CircEular-A,PAO,Material Demand|Infrastructure|Bridges|Asphalt,Mt/yr,high,2.3956704,2.4792504,2.0655656,2.0655656,2.0655656,2.0655656,2.0655656,2.0655656,2.0655656,2.0655656,2.0655656,2.0655656,2.0655656,2.0655656,2.0655656,2.0655656,2.0655656,2.0655656
GLOMIS,CircEular-A,PAO,Material Demand|Infrastructure|Bridges|Concrete,Mt/yr,high,2.5018444,2.5496683,1.1819021,1.1819021,1.1819021,1.1819021,1.1819021,1.1819021,1.1819021,1.1819021,1.1819021,1.1819021,1.1819021,1.1819021,1.1819021,1.1819021,1.1819021,1.1819021
GLOMIS,CircEular-A,PAO,Material Demand|Infrastructure|Bridges|Iron_steel,Mt/yr,high,1.0244294,1.0440118,.48395303,.48395303,.48395303,.48395303,.48395303,.48395303,.48395303,.48395303,.48395303,.48395303,.48395303,.48395303,.48395303,.48395303,.48395303,.48395303
GLOMIS,CircEular-A,PAO,Material Demand|Infrastructure|Buildings|Aluminum,Mt/yr,high,0,0,0,0,0,0,0,0,0,0,0,0,0,0,0,0,0,0
GLOMIS,CircEular-A,PAO,Material Demand|Infrastructure|Buildings|Concrete,Mt/yr,high,1.1656239,1.1901563,.60628426,.60628426,.60628426,.60628426,.60628426,.60628426,.60628426,.60628426,.60628426,.60628426,.60628426,.60628426,.60628426,.60628426,.60628426,.60628426
GLOMIS,CircEular-A,PAO,Material Demand|Infrastructure|Buildings|Iron_steel,Mt/yr,high,0,0,0,0,0,0,0,0,0,0,0,0,0,0,0,0,0,0
GLOMIS,CircEular-A,PAO,Material Demand|Infrastructure|Charging stations|Aluminum,Mt/yr,high,7.2600000e-07,7.5399998e-07,6.8000003e-07,6.8000003e-07,6.8000003e-07,6.8000003e-07,6.8000003e-07,6.8000003e-07,6.8000003e-07,6.8000003e-07,6.8000003e-07,6.8000003e-07,6.8000003e-07,6.8000003e-07,6.8000003e-07,6.8000003e-07,6.8000003e-07,6.8000003e-07
GLOMIS,CircEular-A,PAO,Material Demand|Infrastructure|Charging stations|Concrete,Mt/yr,high,.000112414,.000116673,.000105258,.000105258,.000105258,.000105258,.000105258,.000105258,.000105258,.000105258,.000105258,.000105258,.000105258,.000105258,.000105258,.000105258,.000105258,.000105258
GLOMIS,CircEular-A,PAO,Material Demand|Infrastructure|Charging stations|Iron_steel,Mt/yr,high,.000018700001,.0000194,.0000175,.0000175,.0000175,.0000175,.0000175,.0000175,.0000175,.0000175,.0000175,.0000175,.0000175,.0000175,.0000175,.0000175,.0000175,.0000175
GLOMIS,CircEular-A,PAO,Material Demand|Infrastructure|Fuel stations|Aluminum,Mt/yr,high,.000133626,.000137977,.000107522,.000107522,.000107522,.000107522,.000107522,.000107522,.000107522,.000107522,.000107522,.000107522,.000107522,.000107522,.000107522,.000107522,.000107522,.000107522
GLOMIS,CircEular-A,PAO,Material Demand|Infrastructure|Fuel stations|Concrete,Mt/yr,high,.49902964,.5152775,.40154254,.40154254,.40154254,.40154254,.40154254,.40154254,.40154254,.40154254,.40154254,.40154254,.40154254,.40154254,.40154254,.40154254,.40154254,.40154254
GLOMIS,CircEular-A,PAO,Material Demand|Infrastructure|Fuel stations|Iron_steel,Mt/yr,high,.019936368,.020585474,.016041731,.016041731,.016041731,.016041731,.016041731,.016041731,.016041731,.016041731,.016041731,.016041731,.016041731,.016041731,.016041731,.016041731,.016041731,.016041731
GLOMIS,CircEular-A,PAO,Material Demand|Infrastructure|Parking|Aluminum,Mt/yr,high,.00080770702,.000826617,.00046733001,.00046733001,.00046733001,.00046733001,.00046733001,.00046733001,.00046733001,.00046733001,.00046733001,.00046733001,.00046733001,.00046733001,.00046733001,.00046733001,.00046733001,.00046733001
GLOMIS,CircEular-A,PAO,Material Demand|Infrastructure|Parking|Asphalt,Mt/yr,high,2.9184017,3.0166333,2.4276521,2.4276521,2.4276521,2.4276521,2.4276521,2.4276521,2.4276521,2.4276521,2.4276521,2.4276521,2.4276521,2.4276521,2.4276521,2.4276521,2.4276521,2.4276521
GLOMIS,CircEular-A,PAO,Material Demand|Infrastructure|Parking|Concrete,Mt/yr,high,3.0025933,3.0728893,1.7372655,1.7372655,1.7372655,1.7372655,1.7372655,1.7372655,1.7372655,1.7372655,1.7372655,1.7372655,1.7372655,1.7372655,1.7372655,1.7372655,1.7372655,1.7372655
GLOMIS,CircEular-A,PAO,Material Demand|Infrastructure|Parking|Iron_steel,Mt/yr,high,.037567034,.038446546,.021735847,.021735847,.021735847,.021735847,.021735847,.021735847,.021735847,.021735847,.021735847,.021735847,.021735847,.021735847,.021735847,.021735847,.021735847,.021735847
GLOMIS,CircEular-A,PAO,Material Demand|Infrastructure|Rail|Aluminum,Mt/yr,high,.0027823709,.002860599,.0019333001,.0019333001,.0019333001,.0019333001,.0019333001,.0019333001,.0019333001,.0019333001,.0019333001,.0019333001,.0019333001,.0019333001,.0019333001,.0019333001,.0019333001,.0019333001
GLOMIS,CircEular-A,PAO,Material Demand|Infrastructure|Rail|Concrete,Mt/yr,high,.90210557,.92742652,.62577176,.62577176,.62577176,.62577176,.62577176,.62577176,.62577176,.62577176,.62577176,.62577176,.62577176,.62577176,.62577176,.62577176,.62577176,.62577176
GLOMIS,CircEular-A,PAO,Material Demand|Infrastructure|Rail|Iron_steel,Mt/yr,high,.88997662,.9189387,.71575731,.71575731,.71575731,.71575731,.71575731,.71575731,.71575731,.71575731,.71575731,.71575731,.71575731,.71575731,.71575731,.71575731,.71575731,.71575731
GLOMIS,CircEular-A,PAO,Material Demand|Infrastructure|Roads|Aluminum,Mt/yr,high,0,0,0,0,0,0,0,0,0,0,0,0,0,0,0,0,0,0
GLOMIS,CircEular-A,PAO,Material Demand|Infrastructure|Roads|Asphalt,Mt/yr,high,140.78421,145.56374,118.11906,118.11906,118.11906,118.11906,118.11906,118.11906,118.11906,118.11906,118.11906,118.11906,118.11906,118.11906,118.11906,118.11906,118.11906,118.11906
GLOMIS,CircEular-A,PAO,Material Demand|Infrastructure|Roads|Concrete,Mt/yr,high,0,0,0,0,0,0,0,0,0,0,0,0,0,0,0,0,0,0
GLOMIS,CircEular-A,PAO,Material Demand|Infrastructure|Roads|Iron_steel,Mt/yr,high,0,0,0,0,0,0,0,0,0,0,0,0,0,0,0,0,0,0
GLOMIS,CircEular-A,PAO,Material Demand|Infrastructure|Runways|Aluminum,Mt/yr,high,0,0,0,0,0,0,0,0,0,0,0,0,0,0,0,0,0,0
GLOMIS,CircEular-A,PAO,Material Demand|Infrastructure|Runways|Concrete,Mt/yr,high,.039290302,.040041354,.018561222,.018561222,.018561222,.018561222,.018561222,.018561222,.018561222,.018561222,.018561222,.018561222,.018561222,.018561222,.018561222,.018561222,.018561222,.018561222
GLOMIS,CircEular-A,PAO,Material Demand|Infrastructure|Runways|Iron_steel,Mt/yr,high,0,0,0,0,0,0,0,0,0,0,0,0,0,0,0,0,0,0
GLOMIS,CircEular-A,PAO,Material Demand|Infrastructure|Tunnels|Aluminum,Mt/yr,high,.000074600001,.000075999997,.000035199999,.000035199999,.000035199999,.000035199999,.000035199999,.000035199999,.000035199999,.000035199999,.000035199999,.000035199999,.000035199999,.000035199999,.000035199999,.000035199999,.000035199999,.000035199999
GLOMIS,CircEular-A,PAO,Material Demand|Infrastructure|Tunnels|Asphalt,Mt/yr,high,2.3822122,2.4657614,2.0647979,2.0647979,2.0647979,2.0647979,2.0647979,2.0647979,2.0647979,2.0647979,2.0647979,2.0647979,2.0647979,2.0647979,2.0647979,2.0647979,2.0647979,2.0647979
GLOMIS,CircEular-A,PAO,Material Demand|Infrastructure|Tunnels|Concrete,Mt/yr,high,5.4066725,5.5100236,2.5541785,2.5541785,2.5541785,2.5541785,2.5541785,2.5541785,2.5541785,2.5541785,2.5541785,2.5541785,2.5541785,2.5541785,2.5541785,2.5541785,2.5541785,2.5541785
GLOMIS,CircEular-A,PAO,Material Demand|Infrastructure|Tunnels|Iron_steel,Mt/yr,high,.31111136,.31705841,.14697284,.14697284,.14697284,.14697284,.14697284,.14697284,.14697284,.14697284,.14697284,.14697284,.14697284,.14697284,.14697284,.14697284,.14697284,.14697284
GLOMIS,CircEular-A,PAO,Material Release|Infrastructure|Bridges|Aluminum,Mt/yr,high,.000015,.000015600001,.0000158,.0000158,.0000158,.0000158,.0000158,.0000158,.0000158,.0000158,.0000158,.0000158,.0000158,.0000158,.0000158,.0000158,.0000158,.0000158
GLOMIS,CircEular-A,PAO,Material Release|Infrastructure|Bridges|Asphalt,Mt/yr,high,1.9652693,2.0488493,2.0655656,2.0655656,2.0655656,2.0655656,2.0655656,2.0655656,2.0655656,2.0655656,2.0655656,2.0655656,2.0655656,2.0655656,2.0655656,2.0655656,2.0655656,2.0655656
GLOMIS,CircEular-A,PAO,Material Release|Infrastructure|Bridges|Concrete,Mt/yr,high,1.1245133,1.1723372,1.1819021,1.1819021,1.1819021,1.1819021,1.1819021,1.1819021,1.1819021,1.1819021,1.1819021,1.1819021,1.1819021,1.1819021,1.1819021,1.1819021,1.1819021,1.1819021
GLOMIS,CircEular-A,PAO,Material Release|Infrastructure|Bridges|Iron_steel,Mt/yr,high,.46045408,.48003653,.48395303,.48395303,.48395303,.48395303,.48395303,.48395303,.48395303,.48395303,.48395303,.48395303,.48395303,.48395303,.48395303,.48395303,.48395303,.48395303
GLOMIS,CircEular-A,PAO,Material Release|Infrastructure|Buildings|Aluminum,Mt/yr,high,0,0,0,0,0,0,0,0,0,0,0,0,0,0,0,0,0,0
GLOMIS,CircEular-A,PAO,Material Release|Infrastructure|Buildings|Concrete,Mt/yr,high,.57684535,.60137779,.60628426,.60628426,.60628426,.60628426,.60628426,.60628426,.60628426,.60628426,.60628426,.60628426,.60628426,.60628426,.60628426,.60628426,.60628426,.60628426
GLOMIS,CircEular-A,PAO,Material Release|Infrastructure|Buildings|Iron_steel,Mt/yr,high,0,0,0,0,0,0,0,0,0,0,0,0,0,0,0,0,0,0
GLOMIS,CircEular-A,PAO,Material Release|Infrastructure|Charging stations|Aluminum,Mt/yr,high,6.4699998e-07,6.7399998e-07,6.8000003e-07,6.8000003e-07,6.8000003e-07,6.8000003e-07,6.8000003e-07,6.8000003e-07,6.8000003e-07,6.8000003e-07,6.8000003e-07,6.8000003e-07,6.8000003e-07,6.8000003e-07,6.8000003e-07,6.8000003e-07,6.8000003e-07,6.8000003e-07
GLOMIS,CircEular-A,PAO,Material Release|Infrastructure|Charging stations|Concrete,Mt/yr,high,.000100147,.000104407,.000105258,.000105258,.000105258,.000105258,.000105258,.000105258,.000105258,.000105258,.000105258,.000105258,.000105258,.000105258,.000105258,.000105258,.000105258,.000105258
GLOMIS,CircEular-A,PAO,Material Release|Infrastructure|Charging stations|Iron_steel,Mt/yr,high,.0000167,.0000174,.0000175,.0000175,.0000175,.0000175,.0000175,.0000175,.0000175,.0000175,.0000175,.0000175,.0000175,.0000175,.0000175,.0000175,.0000175,.0000175
GLOMIS,CircEular-A,PAO,Material Release|Infrastructure|Fuel stations|Aluminum,Mt/yr,high,.000102301,.000106652,.000107522,.000107522,.000107522,.000107522,.000107522,.000107522,.000107522,.000107522,.000107522,.000107522,.000107522,.000107522,.000107522,.000107522,.000107522,.000107522
GLOMIS,CircEular-A,PAO,Material Release|Infrastructure|Fuel stations|Concrete,Mt/yr,high,.38204509,.39829296,.40154254,.40154254,.40154254,.40154254,.40154254,.40154254,.40154254,.40154254,.40154254,.40154254,.40154254,.40154254,.40154254,.40154254,.40154254,.40154254
GLOMIS,CircEular-A,PAO,Material Release|Infrastructure|Fuel stations|Iron_steel,Mt/yr,high,.015262805,.015911911,.016041731,.016041731,.016041731,.016041731,.016041731,.016041731,.016041731,.016041731,.016041731,.016041731,.016041731,.016041731,.016041731,.016041731,.016041731,.016041731
GLOMIS,CircEular-A,PAO,Material Release|Infrastructure|Parking|Aluminum,Mt/yr,high,.00044463799,.000463548,.00046733001,.00046733001,.00046733001,.00046733001,.00046733001,.00046733001,.00046733001,.00046733001,.00046733001,.00046733001,.00046733001,.00046733001,.00046733001,.00046733001,.00046733001,.00046733001
GLOMIS,CircEular-A,PAO,Material Release|Infrastructure|Parking|Asphalt,Mt/yr,high,2.3097744,2.408006,2.4276521,2.4276521,2.4276521,2.4276521,2.4276521,2.4276521,2.4276521,2.4276521,2.4276521,2.4276521,2.4276521,2.4276521,2.4276521,2.4276521,2.4276521,2.4276521
GLOMIS,CircEular-A,PAO,Material Release|Infrastructure|Parking|Concrete,Mt/yr,high,1.6529102,1.7232062,1.7372655,1.7372655,1.7372655,1.7372655,1.7372655,1.7372655,1.7372655,1.7372655,1.7372655,1.7372655,1.7372655,1.7372655,1.7372655,1.7372655,1.7372655,1.7372655
GLOMIS,CircEular-A,PAO,Material Release|Infrastructure|Parking|Iron_steel,Mt/yr,high,.020680433,.021559944,.021735847,.021735847,.021735847,.021735847,.021735847,.021735847,.021735847,.021735847,.021735847,.021735847,.021735847,.021735847,.021735847,.021735847,.021735847,.021735847
GLOMIS,CircEular-A,PAO,Material Release|Infrastructure|Rail|Aluminum,Mt/yr,high,.001839426,.0019176539,.0019333001,.0019333001,.0019333001,.0019333001,.0019333001,.0019333001,.0019333001,.0019333001,.0019333001,.0019333001,.0019333001,.0019333001,.0019333001,.0019333001,.0019333001,.0019333001
GLOMIS,CircEular-A,PAO,Material Release|Infrastructure|Rail|Concrete,Mt/yr,high,.59538662,.62070757,.62577176,.62577176,.62577176,.62577176,.62577176,.62577176,.62577176,.62577176,.62577176,.62577176,.62577176,.62577176,.62577176,.62577176,.62577176,.62577176
GLOMIS,CircEular-A,PAO,Material Release|Infrastructure|Rail|Iron_steel,Mt/yr,high,.6810028,.70996487,.71575731,.71575731,.71575731,.71575731,.71575731,.71575731,.71575731,.71575731,.71575731,.71575731,.71575731,.71575731,.71575731,.71575731,.71575731,.71575731
GLOMIS,CircEular-A,PAO,Material Release|Infrastructure|Roads|Aluminum,Mt/yr,high,0,0,0,0,0,0,0,0,0,0,0,0,0,0,0,0,0,0
GLOMIS,CircEular-A,PAO,Material Release|Infrastructure|Roads|Asphalt,Mt/yr,high,112.38364,117.16315,118.11906,118.11906,118.11906,118.11906,118.11906,118.11906,118.11906,118.11906,118.11906,118.11906,118.11906,118.11906,118.11906,118.11906,118.11906,118.11906
GLOMIS,CircEular-A,PAO,Material Release|Infrastructure|Roads|Concrete,Mt/yr,high,0,0,0,0,0,0,0,0,0,0,0,0,0,0,0,0,0,0
GLOMIS,CircEular-A,PAO,Material Release|Infrastructure|Roads|Iron_steel,Mt/yr,high,0,0,0,0,0,0,0,0,0,0,0,0,0,0,0,0,0,0
GLOMIS,CircEular-A,PAO,Material Release|Infrastructure|Runways|Aluminum,Mt/yr,high,0,0,0,0,0,0,0,0,0,0,0,0,0,0,0,0,0,0
GLOMIS,CircEular-A,PAO,Material Release|Infrastructure|Runways|Concrete,Mt/yr,high,.017659957,.018411011,.018561222,.018561222,.018561222,.018561222,.018561222,.018561222,.018561222,.018561222,.018561222,.018561222,.018561222,.018561222,.018561222,.018561222,.018561222,.018561222
GLOMIS,CircEular-A,PAO,Material Release|Infrastructure|Runways|Iron_steel,Mt/yr,high,0,0,0,0,0,0,0,0,0,0,0,0,0,0,0,0,0,0
GLOMIS,CircEular-A,PAO,Material Release|Infrastructure|Tunnels|Aluminum,Mt/yr,high,.0000335,.0000349,.000035199999,.000035199999,.000035199999,.000035199999,.000035199999,.000035199999,.000035199999,.000035199999,.000035199999,.000035199999,.000035199999,.000035199999,.000035199999,.000035199999,.000035199999,.000035199999
GLOMIS,CircEular-A,PAO,Material Release|Infrastructure|Tunnels|Asphalt,Mt/yr,high,1.9645389,2.0480881,2.0647979,2.0647979,2.0647979,2.0647979,2.0647979,2.0647979,2.0647979,2.0647979,2.0647979,2.0647979,2.0647979,2.0647979,2.0647979,2.0647979,2.0647979,2.0647979
GLOMIS,CircEular-A,PAO,Material Release|Infrastructure|Tunnels|Concrete,Mt/yr,high,2.4301569,2.5335083,2.5541785,2.5541785,2.5541785,2.5541785,2.5541785,2.5541785,2.5541785,2.5541785,2.5541785,2.5541785,2.5541785,2.5541785,2.5541785,2.5541785,2.5541785,2.5541785
GLOMIS,CircEular-A,PAO,Material Release|Infrastructure|Tunnels|Iron_steel,Mt/yr,high,.13983637,.14578342,.14697284,.14697284,.14697284,.14697284,.14697284,.14697284,.14697284,.14697284,.14697284,.14697284,.14697284,.14697284,.14697284,.14697284,.14697284,.14697284
GLOMIS,CircEular-A,PAS,Material Demand|Infrastructure|Bridges|Aluminum,Mt/yr,high,.001897887,.001952145,.001199654,.001104435,.00068040303,.00045802601,.00045802601,.001142157,.0020372721,.0020372721,.0020372721,.0020372721,.0020372721,.0020372721,.0020372721,.0020372721,.0020372721,.0020372721
GLOMIS,CircEular-A,PAS,Material Demand|Infrastructure|Bridges|Asphalt,Mt/yr,high,5.0552888,5.496767,4.5917521,4.6074734,4.0476861,3.7268198,3.7268198,4.8207808,6.4658618,6.4658618,6.4658618,6.4658618,6.4658618,6.4658618,6.4658618,6.4658618,6.4658618,6.4658618
GLOMIS,CircEular-A,PAS,Material Demand|Infrastructure|Bridges|Concrete,Mt/yr,high,13.264538,13.64375,8.3845091,7.7190175,4.7554092,3.2011938,3.2011938,7.9826555,14.238708,14.238708,14.238708,14.238708,14.238708,14.238708,14.238708,14.238708,14.238708,14.238708
GLOMIS,CircEular-A,PAS,Material Demand|Infrastructure|Bridges|Iron_steel,Mt/yr,high,3.2228844,3.3150218,2.037184,1.8754895,1.1554216,.77779394,.77779394,1.9395456,3.4595788,3.4595788,3.4595788,3.4595788,3.4595788,3.4595788,3.4595788,3.4595788,3.4595788,3.4595788
GLOMIS,CircEular-A,PAS,Material Demand|Infrastructure|Buildings|Aluminum,Mt/yr,high,0,0,0,0,0,0,0,0,0,0,0,0,0,0,0,0,0,0
GLOMIS,CircEular-A,PAS,Material Demand|Infrastructure|Buildings|Concrete,Mt/yr,high,2.0517826,2.1197693,1.3407987,1.2463214,.805803,.57392275,.57392275,1.2906463,2.235121,2.235121,2.235121,2.235121,2.235121,2.235121,2.235121,2.235121,2.235121,2.235121
GLOMIS,CircEular-A,PAS,Material Demand|Infrastructure|Buildings|Iron_steel,Mt/yr,high,0,0,0,0,0,0,0,0,0,0,0,0,0,0,0,0,0,0
GLOMIS,CircEular-A,PAS,Material Demand|Infrastructure|Charging stations|Aluminum,Mt/yr,high,5.5900000e-07,6.1999998e-07,5.6800002e-07,5.8099999e-07,5.4399999e-07,5.2100000e-07,5.2100000e-07,6.0999997e-07,7.5999998e-07,7.5999998e-07,7.5999998e-07,7.5999998e-07,7.5999998e-07,7.5999998e-07,7.5999998e-07,7.5999998e-07,7.5999998e-07,7.5999998e-07
GLOMIS,CircEular-A,PAS,Material Demand|Infrastructure|Charging stations|Concrete,Mt/yr,high,.000086499997,.000096000003,.0000879,.000090000001,.000084300002,.000080600003,.000080600003,.000094399998,.000117606,.000117606,.000117606,.000117606,.000117606,.000117606,.000117606,.000117606,.000117606,.000117606
GLOMIS,CircEular-A,PAS,Material Demand|Infrastructure|Charging stations|Iron_steel,Mt/yr,high,.0000144,.000016,.0000147,.000015,.000014,.0000134,.0000134,.000015699999,.0000196,.0000196,.0000196,.0000196,.0000196,.0000196,.0000196,.0000196,.0000196,.0000196
GLOMIS,CircEular-A,PAS,Material Demand|Infrastructure|Fuel stations|Aluminum,Mt/yr,high,.000328461,.000353012,.00027890399,.000276176,.000231873,.000207246,.000207246,.00028846401,.000405642,.000405642,.000405642,.000405642,.000405642,.000405642,.000405642,.000405642,.000405642,.000405642
GLOMIS,CircEular-A,PAS,Material Demand|Infrastructure|Fuel stations|Concrete,Mt/yr,high,1.2266434,1.3183268,1.041571,1.0313816,.86593258,.7739616,.7739616,1.0772734,1.514877,1.514877,1.514877,1.514877,1.514877,1.514877,1.514877,1.514877,1.514877,1.514877
GLOMIS,CircEular-A,PAS,Material Demand|Infrastructure|Fuel stations|Iron_steel,Mt/yr,high,.049004734,.05266751,.041611042,.041203976,.034594238,.030919973,.030919973,.043037362,.06051974,.06051974,.06051974,.06051974,.06051974,.06051974,.06051974,.06051974,.06051974,.06051974
GLOMIS,CircEular-A,PAS,Material Demand|Infrastructure|Parking|Aluminum,Mt/yr,high,.00092795002,.00096451398,.00063374097,.00059628702,.000408213,.00030865701,.00030865701,.000618544,.001031221,.001031221,.001031221,.001031221,.001031221,.001031221,.001031221,.001031221,.001031221,.001031221
GLOMIS,CircEular-A,PAS,Material Demand|Infrastructure|Parking|Asphalt,Mt/yr,high,1.2572342,1.3588293,1.1034001,1.0998727,.94492573,.85763162,.85763162,1.1498063,1.5793426,1.5793426,1.5793426,1.5793426,1.5793426,1.5793426,1.5793426,1.5793426,1.5793426,1.5793426
GLOMIS,CircEular-A,PAS,Material Demand|Infrastructure|Parking|Concrete,Mt/yr,high,4.4129944,4.5868773,3.0138447,2.835727,1.9413111,1.467863,1.467863,2.9415696,4.9041133,4.9041133,4.9041133,4.9041133,4.9041133,4.9041133,4.9041133,4.9041133,4.9041133,4.9041133
GLOMIS,CircEular-A,PAS,Material Demand|Infrastructure|Parking|Iron_steel,Mt/yr,high,.060383823,.062763095,.041238993,.038801774,.02656332,.02008504,.02008504,.040250041,.067103893,.067103893,.067103893,.067103893,.067103893,.067103893,.067103893,.067103893,.067103893,.067103893
GLOMIS,CircEular-A,PAS,Material Demand|Infrastructure|Rail|Aluminum,Mt/yr,high,.0035640469,.003738482,.0025939399,.00248093,.001823807,.001472523,.001472523,.00257933,.0040796911,.0040796911,.0040796911,.0040796911,.0040796911,.0040796911,.0040796911,.0040796911,.0040796911,.0040796911
GLOMIS,CircEular-A,PAS,Material Demand|Infrastructure|Rail|Concrete,Mt/yr,high,.95288759,.99422854,.66861606,.63359755,.44774854,.3489871,.3489871,.65789384,1.0722152,1.0722152,1.0722152,1.0722152,1.0722152,1.0722152,1.0722152,1.0722152,1.0722152,1.0722152
GLOMIS,CircEular-A,PAS,Material Demand|Infrastructure|Rail|Iron_steel,Mt/yr,high,.49911407,.53439236,.41427737,.40829265,.33708349,.2978079,.2978079,.4261955,.60929984,.60929984,.60929984,.60929984,.60929984,.60929984,.60929984,.60929984,.60929984,.60929984
GLOMIS,CircEular-A,PAS,Material Demand|Infrastructure|Roads|Aluminum,Mt/yr,high,0,0,0,0,0,0,0,0,0,0,0,0,0,0,0,0,0,0
GLOMIS,CircEular-A,PAS,Material Demand|Infrastructure|Roads|Asphalt,Mt/yr,high,263.19821,284.90729,233.0647,232.7258,201.13312,183.26105,183.26105,243.34659,332.17227,332.17227,332.17227,332.17227,332.17227,332.17227,332.17227,332.17227,332.17227,332.17227
GLOMIS,CircEular-A,PAS,Material Demand|Infrastructure|Roads|Concrete,Mt/yr,high,0,0,0,0,0,0,0,0,0,0,0,0,0,0,0,0,0,0
GLOMIS,CircEular-A,PAS,Material Demand|Infrastructure|Roads|Iron_steel,Mt/yr,high,0,0,0,0,0,0,0,0,0,0,0,0,0,0,0,0,0,0
GLOMIS,CircEular-A,PAS,Material Demand|Infrastructure|Tunnels|Aluminum,Mt/yr,high,.002605143,.0026796199,.00164671,.0015160081,.00093395798,.00062871102,.00062871102,.001567786,.002796469,.002796469,.002796469,.002796469,.002796469,.002796469,.002796469,.002796469,.002796469,.002796469
GLOMIS,CircEular-A,PAS,Material Demand|Infrastructure|Tunnels|Asphalt,Mt/yr,high,1.4880426,1.6206778,1.3642216,1.3712841,1.2116586,1.1196645,1.1196645,1.435092,1.9126453,1.9126453,1.9126453,1.9126453,1.9126453,1.9126453,1.9126453,1.9126453,1.9126453,1.9126453
GLOMIS,CircEular-A,PAS,Material Demand|Infrastructure|Tunnels|Concrete,Mt/yr,high,19.259607,19.810211,12.173991,11.207722,6.904675,4.6480122,4.6480122,11.590514,20.674067,20.674067,20.674067,20.674067,20.674067,20.674067,20.674067,20.674067,20.674067,20.674067
GLOMIS,CircEular-A,PAS,Material Demand|Infrastructure|Tunnels|Iron_steel,Mt/yr,high,.81477094,.83806396,.51501638,.47413874,.29209983,.19663252,.19663252,.49033263,.87460911,.87460911,.87460911,.87460911,.87460911,.87460911,.87460911,.87460911,.87460911,.87460911
GLOMIS,CircEular-A,PAS,Material Release|Infrastructure|Bridges|Aluminum,Mt/yr,high,.00033526501,.00038952299,.00042197699,.00044567601,.000456471,.00045802601,.00045802601,.00046931399,.00051623699,.00051623699,.00051623699,.00051623699,.00051623699,.00051623699,.00051623699,.00051623699,.00051623699,.00051623699
GLOMIS,CircEular-A,PAS,Material Release|Infrastructure|Bridges|Asphalt,Mt/yr,high,2.727951,3.1694298,3.4334953,3.6263304,3.7141664,3.7268198,3.7268198,3.8186619,4.2004642,4.2004642,4.2004642,4.2004642,4.2004642,4.2004642,4.2004642,4.2004642,4.2004642,4.2004642
GLOMIS,CircEular-A,PAS,Material Release|Infrastructure|Bridges|Concrete,Mt/yr,high,2.3432043,2.7224174,2.9492395,3.1148772,3.190325,3.2011938,3.2011938,3.2800827,3.6080358,3.6080358,3.6080358,3.6080358,3.6080358,3.6080358,3.6080358,3.6080358,3.6080358,3.6080358
GLOMIS,CircEular-A,PAS,Material Release|Infrastructure|Bridges|Iron_steel,Mt/yr,high,.56932831,.66146564,.71657664,.75682163,.77515316,.77779394,.77779394,.79696161,.87664437,.87664437,.87664437,.87664437,.87664437,.87664437,.87664437,.87664437,.87664437,.87664437
GLOMIS,CircEular-A,PAS,Material Release|Infrastructure|Buildings|Aluminum,Mt/yr,high,0,0,0,0,0,0,0,0,0,0,0,0,0,0,0,0,0,0
GLOMIS,CircEular-A,PAS,Material Release|Infrastructure|Buildings|Concrete,Mt/yr,high,.42009902,.48808584,.52875143,.5584476,.57197416,.57392275,.57392275,.58806634,.6468631,.6468631,.6468631,.6468631,.6468631,.6468631,.6468631,.6468631,.6468631,.6468631
GLOMIS,CircEular-A,PAS,Material Release|Infrastructure|Buildings|Iron_steel,Mt/yr,high,0,0,0,0,0,0,0,0,0,0,0,0,0,0,0,0,0,0
GLOMIS,CircEular-A,PAS,Material Release|Infrastructure|Charging stations|Aluminum,Mt/yr,high,3.8100001e-07,4.4300000e-07,4.7999998e-07,5.0699998e-07,5.1900003e-07,5.2100000e-07,5.2100000e-07,5.3299999e-07,5.8699999e-07,5.8699999e-07,5.8699999e-07,5.8699999e-07,5.8699999e-07,5.8699999e-07,5.8699999e-07,5.8699999e-07,5.8699999e-07,5.8699999e-07
GLOMIS,CircEular-A,PAS,Material Release|Infrastructure|Charging stations|Concrete,Mt/yr,high,.000059000002,.000068499998,.000074299998,.0000784,.0000803,.000080600003,.000080600003,.000082600003,.0000908,.0000908,.0000908,.0000908,.0000908,.0000908,.0000908,.0000908,.0000908,.0000908
GLOMIS,CircEular-A,PAS,Material Release|Infrastructure|Charging stations|Iron_steel,Mt/yr,high,9.8299997e-06,.0000114,.0000124,.0000131,.0000134,.0000134,.0000134,.0000138,.0000151,.0000151,.0000151,.0000151,.0000151,.0000151,.0000151,.0000151,.0000151,.0000151
GLOMIS,CircEular-A,PAS,Material Release|Infrastructure|Fuel stations|Aluminum,Mt/yr,high,.000151699,.00017625,.00019093401,.00020165701,.000206542,.000207246,.000207246,.000212353,.000233585,.000233585,.000233585,.000233585,.000233585,.000233585,.000233585,.000233585,.000233585,.000233585
GLOMIS,CircEular-A,PAS,Material Release|Infrastructure|Fuel stations|Concrete,Mt/yr,high,.56652308,.65820652,.71304595,.75309265,.77133387,.7739616,.7739616,.79303485,.872325,.872325,.872325,.872325,.872325,.872325,.872325,.872325,.872325,.872325
GLOMIS,CircEular-A,PAS,Material Release|Infrastructure|Fuel stations|Iron_steel,Mt/yr,high,.02263275,.026295524,.028486377,.030086255,.030814994,.030919973,.030919973,.031681955,.034849618,.034849618,.034849618,.034849618,.034849618,.034849618,.034849618,.034849618,.034849618,.034849618
GLOMIS,CircEular-A,PAS,Material Release|Infrastructure|Parking|Aluminum,Mt/yr,high,.000225931,.000262494,.00028436401,.000300335,.00030760901,.00030865701,.00030865701,.00031626399,.00034788501,.00034788501,.00034788501,.00034788501,.00034788501,.00034788501,.00034788501,.00034788501,.00034788501,.00034788501
GLOMIS,CircEular-A,PAS,Material Release|Infrastructure|Parking|Asphalt,Mt/yr,high,.62776774,.72936273,.79013067,.83450663,.85471988,.85763162,.85763162,.87876678,.96662879,.96662879,.96662879,.96662879,.96662879,.96662879,.96662879,.96662879,.96662879,.96662879
GLOMIS,CircEular-A,PAS,Material Release|Infrastructure|Parking|Concrete,Mt/yr,high,1.0744438,1.2483268,1.3523329,1.4282838,1.4628793,1.467863,1.467863,1.5040364,1.6544149,1.6544149,1.6544149,1.6544149,1.6544149,1.6544149,1.6544149,1.6544149,1.6544149,1.6544149
GLOMIS,CircEular-A,PAS,Material Release|Infrastructure|Parking|Iron_steel,Mt/yr,high,.014701814,.017081086,.018504223,.019543473,.020016849,.02008504,.02008504,.020580009,.022637663,.022637663,.022637663,.022637663,.022637663,.022637663,.022637663,.022637663,.022637663,.022637663
GLOMIS,CircEular-A,PAS,Material Release|Infrastructure|Rail|Aluminum,Mt/yr,high,.001077855,.001252289,.001356626,.001432818,.001467523,.001472523,.001472523,.001508811,.001659667,.001659667,.001659667,.001659667,.001659667,.001659667,.001659667,.001659667,.001659667,.001659667
GLOMIS,CircEular-A,PAS,Material Release|Infrastructure|Rail|Concrete,Mt/yr,high,.25545099,.29679194,.32151961,.33957708,.34780222,.3489871,.3489871,.3575874,.39334014,.39334014,.39334014,.39334014,.39334014,.39334014,.39334014,.39334014,.39334014,.39334014
GLOMIS,CircEular-A,PAS,Material Release|Infrastructure|Rail|Iron_steel,Mt/yr,high,.21798892,.2532672,.27436855,.28977787,.2967968,.2978079,.2978079,.30514696,.33565655,.33565655,.33565655,.33565655,.33565655,.33565655,.33565655,.33565655,.33565655,.33565655
GLOMIS,CircEular-A,PAS,Material Release|Infrastructure|Roads|Aluminum,Mt/yr,high,0,0,0,0,0,0,0,0,0,0,0,0,0,0,0,0,0,0
GLOMIS,CircEular-A,PAS,Material Release|Infrastructure|Roads|Asphalt,Mt/yr,high,134.14311,155.85219,168.83727,178.31964,182.63885,183.26105,183.26105,187.77727,206.55185,206.55185,206.55185,206.55185,206.55185,206.55185,206.55185,206.55185,206.55185,206.55185
GLOMIS,CircEular-A,PAS,Material Release|Infrastructure|Roads|Concrete,Mt/yr,high,0,0,0,0,0,0,0,0,0,0,0,0,0,0,0,0,0,0
GLOMIS,CircEular-A,PAS,Material Release|Infrastructure|Roads|Iron_steel,Mt/yr,high,0,0,0,0,0,0,0,0,0,0,0,0,0,0,0,0,0,0
GLOMIS,CircEular-A,PAS,Material Release|Infrastructure|Tunnels|Aluminum,Mt/yr,high,.00046020301,.00053467997,.00057922798,.00061175902,.00062657701,.00062871102,.00062871102,.00064420502,.000708615,.000708615,.000708615,.000708615,.000708615,.000708615,.000708615,.000708615,.000708615,.000708615
GLOMIS,CircEular-A,PAS,Material Release|Infrastructure|Tunnels|Asphalt,Mt/yr,high,.81957012,.95220548,1.0315398,1.0894741,1.1158631,1.1196645,1.1196645,1.1472571,1.2619636,1.2619636,1.2619636,1.2619636,1.2619636,1.2619636,1.2619636,1.2619636,1.2619636,1.2619636
GLOMIS,CircEular-A,PAS,Material Release|Infrastructure|Tunnels|Concrete,Mt/yr,high,3.4022441,3.952847,4.2821846,4.5226841,4.6322317,4.6480122,4.6480122,4.7625561,5.2387319,5.2387319,5.2387319,5.2387319,5.2387319,5.2387319,5.2387319,5.2387319,5.2387319,5.2387319
GLOMIS,CircEular-A,PAS,Material Release|Infrastructure|Tunnels|Iron_steel,Mt/yr,high,.14393073,.1672238,.18115631,.19133057,.19596492,.19663252,.19663252,.20147826,.22162269,.22162269,.22162269,.22162269,.22162269,.22162269,.22162269,.22162269,.22162269,.22162269
GLOMIS,CircEular-A,RCPA,Material Demand|Infrastructure|Bridges|Aluminum,Mt/yr,high,.000222068,.000228887,.000266316,.000346146,.000304102,.000243524,.00019234999,.00028141,.00026968401,.00026968401,.00026968401,.00026968401,.00026968401,.00026968401,.00026968401,.00026968401,.00026968401,.00026968401
GLOMIS,CircEular-A,RCPA,Material Demand|Infrastructure|Bridges|Asphalt,Mt/yr,high,.96027899,1.0637777,1.2663515,1.6185169,1.6052439,1.5108738,1.4190664,1.7580189,1.8049682,1.8049682,1.8049682,1.8049682,1.8049682,1.8049682,1.8049682,1.8049682,1.8049682,1.8049682
GLOMIS,CircEular-A,RCPA,Material Demand|Infrastructure|Bridges|Concrete,Mt/yr,high,2.95943,3.0503051,3.5491071,4.612987,4.0526733,3.2453737,2.5633936,3.7502723,3.5939929,3.5939929,3.5939929,3.5939929,3.5939929,3.5939929,3.5939929,3.5939929,3.5939929,3.5939929
GLOMIS,CircEular-A,RCPA,Material Demand|Infrastructure|Bridges|Iron_steel,Mt/yr,high,.59211498,.61029702,.710096,.92295438,.81084824,.64932585,.51287705,.75034463,.71907663,.71907663,.71907663,.71907663,.71907663,.71907663,.71907663,.71907663,.71907663,.71907663
GLOMIS,CircEular-A,RCPA,Material Demand|Infrastructure|Buildings|Aluminum,Mt/yr,high,0,0,0,0,0,0,0,0,0,0,0,0,0,0,0,0,0,0
GLOMIS,CircEular-A,RCPA,Material Demand|Infrastructure|Buildings|Concrete,Mt/yr,high,.22255468,.23057006,.26873094,.34884778,.30940142,.25136605,.20214674,.2906653,.28047168,.28047168,.28047168,.28047168,.28047168,.28047168,.28047168,.28047168,.28047168,.28047168
GLOMIS,CircEular-A,RCPA,Material Demand|Infrastructure|Buildings|Iron_steel,Mt/yr,high,0,0,0,0,0,0,0,0,0,0,0,0,0,0,0,0,0,0
GLOMIS,CircEular-A,RCPA,Material Demand|Infrastructure|Charging stations|Aluminum,Mt/yr,high,1.2300001e-07,1.4200000e-07,1.7100000e-07,2.1699999e-07,2.2700000e-07,2.2700000e-07,2.2400000e-07,2.6399999e-07,2.7700000e-07,2.7700000e-07,2.7700000e-07,2.7700000e-07,2.7700000e-07,2.7700000e-07,2.7700000e-07,2.7700000e-07,2.7700000e-07,2.7700000e-07
GLOMIS,CircEular-A,RCPA,Material Demand|Infrastructure|Charging stations|Concrete,Mt/yr,high,.0000191,.000022,.000026399999,.0000335,.000035100002,.000035100002,.000034699999,.000040899999,.000042899999,.000042899999,.000042899999,.000042899999,.000042899999,.000042899999,.000042899999,.000042899999,.000042899999,.000042899999
GLOMIS,CircEular-A,RCPA,Material Demand|Infrastructure|Charging stations|Iron_steel,Mt/yr,high,3.1800000e-06,3.6599999e-06,4.4100002e-06,5.5900000e-06,5.8500000e-06,5.8500000e-06,5.7799998e-06,6.8200002e-06,7.1499999e-06,7.1499999e-06,7.1499999e-06,7.1499999e-06,7.1499999e-06,7.1499999e-06,7.1499999e-06,7.1499999e-06,7.1499999e-06,7.1499999e-06
GLOMIS,CircEular-A,RCPA,Material Demand|Infrastructure|Fuel stations|Aluminum,Mt/yr,high,.000032200001,.000035100002,.0000416,.000053299998,.000051700001,.0000473,.000043299999,.000055,.000055799999,.000055799999,.000055799999,.000055799999,.000055799999,.000055799999,.000055799999,.000055799999,.000055799999,.000055799999
GLOMIS,CircEular-A,RCPA,Material Demand|Infrastructure|Fuel stations|Concrete,Mt/yr,high,.1200867,.13103759,.1552742,.19912666,.19293059,.17661871,.16165279,.20528273,.20852543,.20852543,.20852543,.20852543,.20852543,.20852543,.20852543,.20852543,.20852543,.20852543
GLOMIS,CircEular-A,RCPA,Material Demand|Infrastructure|Fuel stations|Iron_steel,Mt/yr,high,.0047974959,.005234987,.0062032458,.0079551637,.0077076289,.0070559639,.006458072,.0082010999,.0083306469,.0083306469,.0083306469,.0083306469,.0083306469,.0083306469,.0083306469,.0083306469,.0083306469,.0083306469
GLOMIS,CircEular-A,RCPA,Material Demand|Infrastructure|Parking|Aluminum,Mt/yr,high,.0000937,.000097800003,.000114243,.00014804299,.00013304,.000110202,.000090699999,.000127543,.000124181,.000124181,.000124181,.000124181,.000124181,.000124181,.000124181,.000124181,.000124181,.000124181
GLOMIS,CircEular-A,RCPA,Material Demand|Infrastructure|Parking|Asphalt,Mt/yr,high,.081988789,.090219118,.10718126,.1371922,.13467808,.12524769,.11634828,.14566636,.14887476,.14887476,.14887476,.14887476,.14887476,.14887476,.14887476,.14887476,.14887476,.14887476
GLOMIS,CircEular-A,RCPA,Material Demand|Infrastructure|Parking|Concrete,Mt/yr,high,.23056567,.24060513,.28109452,.36425835,.32734433,.27114972,.22319509,.31381729,.30554685,.30554685,.30554685,.30554685,.30554685,.30554685,.30554685,.30554685,.30554685,.30554685
GLOMIS,CircEular-A,RCPA,Material Demand|Infrastructure|Parking|Iron_steel,Mt/yr,high,.0022525929,.002350678,.002746253,.0035587519,.003198107,.002649094,.002180584,.00306595,.0029851489,.0029851489,.0029851489,.0029851489,.0029851489,.0029851489,.0029851489,.0029851489,.0029851489,.0029851489
GLOMIS,CircEular-A,RCPA,Material Demand|Infrastructure|Rail|Aluminum,Mt/yr,high,.001655302,.0017588719,.002066887,.002666906,.002473607,.0021414801,.001852298,.0024832571,.0024654381,.0024654381,.0024654381,.0024654381,.0024654381,.0024654381,.0024654381,.0024654381,.0024654381,.0024654381
GLOMIS,CircEular-A,RCPA,Material Demand|Infrastructure|Rail|Concrete,Mt/yr,high,.44065335,.46787462,.54967773,.70937419,.65711969,.56791282,.49031812,.65850234,.65329701,.65329701,.65329701,.65329701,.65329701,.65329701,.65329701,.65329701,.65329701,.65329701
GLOMIS,CircEular-A,RCPA,Material Demand|Infrastructure|Rail|Iron_steel,Mt/yr,high,.25871041,.28216153,.33429837,.42875928,.41508943,.37962824,.34713942,.44122219,.44802198,.44802198,.44802198,.44802198,.44802198,.44802198,.44802198,.44802198,.44802198,.44802198
GLOMIS,CircEular-A,RCPA,Material Demand|Infrastructure|Roads|Aluminum,Mt/yr,high,0,0,0,0,0,0,0,0,0,0,0,0,0,0,0,0,0,0
GLOMIS,CircEular-A,RCPA,Material Demand|Infrastructure|Roads|Asphalt,Mt/yr,high,89.754982,98.979012,117.66563,150.53943,148.27469,138.43581,129.06796,161.02957,164.82439,164.82439,164.82439,164.82439,164.82439,164.82439,164.82439,164.82439,164.82439,164.82439
GLOMIS,CircEular-A,RCPA,Material Demand|Infrastructure|Roads|Concrete,Mt/yr,high,0,0,0,0,0,0,0,0,0,0,0,0,0,0,0,0,0,0
GLOMIS,CircEular-A,RCPA,Material Demand|Infrastructure|Roads|Iron_steel,Mt/yr,high,0,0,0,0,0,0,0,0,0,0,0,0,0,0,0,0,0,0
GLOMIS,CircEular-A,RCPA,Material Demand|Infrastructure|Tunnels|Aluminum,Mt/yr,high,.000186825,.000192562,.00022405099,.00029121299,.00025584101,.000204877,.00016182401,.00023675,.00022688499,.00022688499,.00022688499,.00022688499,.00022688499,.00022688499,.00022688499,.00022688499,.00022688499,.00022688499
GLOMIS,CircEular-A,RCPA,Material Demand|Infrastructure|Tunnels|Asphalt,Mt/yr,high,.079895124,.088922426,.10600556,.13534482,.13518836,.12827922,.12136905,.14931022,.15376563,.15376563,.15376563,.15376563,.15376563,.15376563,.15376563,.15376563,.15376563,.15376563
GLOMIS,CircEular-A,RCPA,Material Demand|Infrastructure|Tunnels|Concrete,Mt/yr,high,2.101104,2.1656225,2.5197566,3.2750785,2.8772731,2.3041153,1.8199303,2.6625776,2.5516241,2.5516241,2.5516241,2.5516241,2.5516241,2.5516241,2.5516241,2.5516241,2.5516241,2.5516241
GLOMIS,CircEular-A,RCPA,Material Demand|Infrastructure|Tunnels|Iron_steel,Mt/yr,high,.083583161,.086149745,.10023741,.13028456,.11445963,.091659069,.07239791,.10591891,.10150512,.10150512,.10150512,.10150512,.10150512,.10150512,.10150512,.10150512,.10150512,.10150512
GLOMIS,CircEular-A,RCPA,Material Release|Infrastructure|Bridges|Aluminum,Mt/yr,high,.000025699999,.0000325,.0000401,.000049900002,.0000588,.000065499997,.000070100003,.000076600001,.000083200001,.000083200001,.000083200001,.000083200001,.000083200001,.000083200001,.000083200001,.000083200001,.000083200001,.000083200001
GLOMIS,CircEular-A,RCPA,Material Release|Infrastructure|Bridges|Asphalt,Mt/yr,high,.38976914,.49326774,.60932297,.75804353,.89267939,.9936052,1.0639166,1.1631383,1.2633308,1.2633308,1.2633308,1.2633308,1.2633308,1.2633308,1.2633308,1.2633308,1.2633308,1.2633308
GLOMIS,CircEular-A,RCPA,Material Release|Infrastructure|Bridges|Concrete,Mt/yr,high,.34222949,.43310449,.53500456,.66558588,.78380042,.87241638,.93415195,1.0212717,1.1092439,1.1092439,1.1092439,1.1092439,1.1092439,1.1092439,1.1092439,1.1092439,1.1092439,1.1092439
GLOMIS,CircEular-A,RCPA,Material Release|Infrastructure|Bridges|Iron_steel,Mt/yr,high,.068472378,.08665441,.10704231,.13316867,.15682073,.17455079,.18690267,.20433336,.2219346,.2219346,.2219346,.2219346,.2219346,.2219346,.2219346,.2219346,.2219346,.2219346
GLOMIS,CircEular-A,RCPA,Material Release|Infrastructure|Buildings|Aluminum,Mt/yr,high,0,0,0,0,0,0,0,0,0,0,0,0,0,0,0,0,0,0
GLOMIS,CircEular-A,RCPA,Material Release|Infrastructure|Buildings|Concrete,Mt/yr,high,.030185426,.038200811,.047188632,.058706205,.069132999,.076949134,.082394354,.09007851,.097837865,.097837865,.097837865,.097837865,.097837865,.097837865,.097837865,.097837865,.097837865,.097837865
GLOMIS,CircEular-A,RCPA,Material Release|Infrastructure|Buildings|Iron_steel,Mt/yr,high,0,0,0,0,0,0,0,0,0,0,0,0,0,0,0,0,0,0
GLOMIS,CircEular-A,RCPA,Material Release|Infrastructure|Charging stations|Aluminum,Mt/yr,high,6.9899997e-08,8.8400000e-08,1.0900000e-07,1.3600000e-07,1.6000000e-07,1.7799999e-07,1.9100000e-07,2.0900001e-07,2.2600000e-07,2.2600000e-07,2.2600000e-07,2.2600000e-07,2.2600000e-07,2.2600000e-07,2.2600000e-07,2.2600000e-07,2.2600000e-07,2.2600000e-07
GLOMIS,CircEular-A,RCPA,Material Release|Infrastructure|Charging stations|Concrete,Mt/yr,high,.0000108,.0000137,.0000169,.000021,.0000248,.000027599999,.000029500001,.000032299999,.000035100002,.000035100002,.000035100002,.000035100002,.000035100002,.000035100002,.000035100002,.000035100002,.000035100002,.000035100002
GLOMIS,CircEular-A,RCPA,Material Release|Infrastructure|Charging stations|Iron_steel,Mt/yr,high,1.7999999e-06,2.2800000e-06,2.8200000e-06,3.5099999e-06,4.1300000e-06,4.6000000e-06,4.9199998e-06,5.3799999e-06,5.8400001e-06,5.8400001e-06,5.8400001e-06,5.8400001e-06,5.8400001e-06,5.8400001e-06,5.8400001e-06,5.8400001e-06,5.8400001e-06,5.8400001e-06
GLOMIS,CircEular-A,RCPA,Material Release|Infrastructure|Fuel stations|Aluminum,Mt/yr,high,.000011,.000014,.000017300001,.0000215,.0000253,.0000282,.0000301,.000033,.0000358,.0000358,.0000358,.0000358,.0000358,.0000358,.0000358,.0000358,.0000358,.0000358
GLOMIS,CircEular-A,RCPA,Material Release|Infrastructure|Fuel stations|Concrete,Mt/yr,high,.041240327,.052191213,.064470671,.080206364,.094451793,.10513046,.11256989,.12306825,.13366933,.13366933,.13366933,.13366933,.13366933,.13366933,.13366933,.13366933,.13366933,.13366933
GLOMIS,CircEular-A,RCPA,Material Release|Infrastructure|Fuel stations|Iron_steel,Mt/yr,high,.001647562,.0020850529,.002575621,.0032042649,.003773374,.0041999901,.004497197,.0049166102,.0053401249,.0053401249,.0053401249,.0053401249,.0053401249,.0053401249,.0053401249,.0053401249,.0053401249,.0053401249
GLOMIS,CircEular-A,RCPA,Material Release|Infrastructure|Parking|Aluminum,Mt/yr,high,.000015400001,.0000194,.000024000001,.0000299,.000035199999,.0000392,.000041899999,.0000459,.000049800001,.000049800001,.000049800001,.000049800001,.000049800001,.000049800001,.000049800001,.000049800001,.000049800001,.000049800001
GLOMIS,CircEular-A,RCPA,Material Release|Infrastructure|Parking|Asphalt,Mt/yr,high,.030994911,.039225243,.048454087,.060280528,.070986934,.07901267,.084603921,.092494152,.10046159,.10046159,.10046159,.10046159,.10046159,.10046159,.10046159,.10046159,.10046159,.10046159
GLOMIS,CircEular-A,RCPA,Material Release|Infrastructure|Parking|Concrete,Mt/yr,high,.037807971,.047847435,.059104893,.073530927,.086590737,.096380636,.10320091,.11282551,.12254427,.12254427,.12254427,.12254427,.12254427,.12254427,.12254427,.12254427,.12254427,.12254427
GLOMIS,CircEular-A,RCPA,Material Release|Infrastructure|Parking|Iron_steel,Mt/yr,high,.00036937799,.00046746299,.00057744602,.00071838702,.00084597903,.00094162498,.001008258,.001102289,.00119724,.00119724,.00119724,.00119724,.00119724,.00119724,.00119724,.00119724,.00119724,.00119724
GLOMIS,CircEular-A,RCPA,Material Release|Infrastructure|Rail|Aluminum,Mt/yr,high,.00039003999,.00049361098,.00060974603,.00075856998,.00089329999,.00099429605,.001064656,.001163947,.001264209,.001264209,.001264209,.001264209,.001264209,.001264209,.001264209,.001264209,.001264209,.001264209
GLOMIS,CircEular-A,RCPA,Material Release|Infrastructure|Rail|Concrete,Mt/yr,high,.10251353,.1297348,.16025856,.19937369,.23478441,.261329,.27982163,.30591804,.33226976,.33226976,.33226976,.33226976,.33226976,.33226976,.33226976,.33226976,.33226976,.33226976
GLOMIS,CircEular-A,RCPA,Material Release|Infrastructure|Rail|Iron_steel,Mt/yr,high,.08831539,.1117665,.13806273,.17176041,.20226672,.22513488,.24106629,.26354834,.28625032,.28625032,.28625032,.28625032,.28625032,.28625032,.28625032,.28625032,.28625032,.28625032
GLOMIS,CircEular-A,RCPA,Material Release|Infrastructure|Roads|Aluminum,Mt/yr,high,0,0,0,0,0,0,0,0,0,0,0,0,0,0,0,0,0,0
GLOMIS,CircEular-A,RCPA,Material Release|Infrastructure|Roads|Asphalt,Mt/yr,high,34.737091,43.961121,54.304214,67.558525,79.557571,88.552307,94.818611,103.66147,112.59086,112.59086,112.59086,112.59086,112.59086,112.59086,112.59086,112.59086,112.59086,112.59086
GLOMIS,CircEular-A,RCPA,Material Release|Infrastructure|Roads|Concrete,Mt/yr,high,0,0,0,0,0,0,0,0,0,0,0,0,0,0,0,0,0,0
GLOMIS,CircEular-A,RCPA,Material Release|Infrastructure|Roads|Iron_steel,Mt/yr,high,0,0,0,0,0,0,0,0,0,0,0,0,0,0,0,0,0,0
GLOMIS,CircEular-A,RCPA,Material Release|Infrastructure|Tunnels|Aluminum,Mt/yr,high,.000021600001,.000027300001,.000033799999,.000042,.000049499999,.000055100001,.000059000002,.000064499996,.000070000002,.000070000002,.000070000002,.000070000002,.000070000002,.000070000002,.000070000002,.000070000002,.000070000002,.000070000002
GLOMIS,CircEular-A,RCPA,Material Release|Infrastructure|Tunnels|Asphalt,Mt/yr,high,.033996247,.043023553,.053146057,.066117689,.07786084,.08666373,.0927964,.10145066,.11018961,.11018961,.11018961,.11018961,.11018961,.11018961,.11018961,.11018961,.11018961,.11018961
GLOMIS,CircEular-A,RCPA,Material Release|Infrastructure|Tunnels|Concrete,Mt/yr,high,.24297237,.30749083,.37983674,.47254544,.55647409,.61938876,.66321909,.72507143,.78752899,.78752899,.78752899,.78752899,.78752899,.78752899,.78752899,.78752899,.78752899,.78752899
GLOMIS,CircEular-A,RCPA,Material Release|Infrastructure|Tunnels|Iron_steel,Mt/yr,high,.0096655851,.012232167,.01511013,.018798137,.022136871,.024639651,.026383247,.028843772,.031328369,.031328369,.031328369,.031328369,.031328369,.031328369,.031328369,.031328369,.031328369,.031328369
GLOMIS,CircEular-A,SAS,Material Demand|Infrastructure|Bridges|Aluminum,Mt/yr,high,.0029612239,.0030476949,.00356787,.0040914719,.0047879168,.003747416,.003655731,.0048403819,.004985732,.004985732,.004985732,.004985732,.004985732,.004985732,.004985732,.004985732,.004985732,.004985732
GLOMIS,CircEular-A,SAS,Material Demand|Infrastructure|Bridges|Asphalt,Mt/yr,high,3.7690632,4.1065545,4.8170428,5.5750642,6.5251656,6.0411849,6.2523623,7.5419965,8.0504417,8.0504417,8.0504417,8.0504417,8.0504417,8.0504417,8.0504417,8.0504417,8.0504417,8.0504417
GLOMIS,CircEular-A,SAS,Material Demand|Infrastructure|Bridges|Concrete,Mt/yr,high,11.907682,12.255399,14.347126,16.452639,19.253183,15.069118,14.700435,19.464157,20.048639,20.048639,20.048639,20.048639,20.048639,20.048639,20.048639,20.048639,20.048639,20.048639
GLOMIS,CircEular-A,SAS,Material Demand|Infrastructure|Bridges|Iron_steel,Mt/yr,high,2.2811308,2.3477418,2.74845,3.1517987,3.6882932,2.8867607,2.8161325,3.7287092,3.8406773,3.8406773,3.8406773,3.8406773,3.8406773,3.8406773,3.8406773,3.8406773,3.8406773,3.8406773
GLOMIS,CircEular-A,SAS,Material Demand|Infrastructure|Buildings|Aluminum,Mt/yr,high,0,0,0,0,0,0,0,0,0,0,0,0,0,0,0,0,0,0
GLOMIS,CircEular-A,SAS,Material Demand|Infrastructure|Buildings|Concrete,Mt/yr,high,1.8893294,1.9534931,2.2872908,2.6249826,3.0718477,2.4412158,2.395684,3.1428905,3.2484174,3.2484174,3.2484174,3.2484174,3.2484174,3.2484174,3.2484174,3.2484174,3.2484174,3.2484174
GLOMIS,CircEular-A,SAS,Material Demand|Infrastructure|Buildings|Iron_steel,Mt/yr,high,0,0,0,0,0,0,0,0,0,0,0,0,0,0,0,0,0,0
GLOMIS,CircEular-A,SAS,Material Demand|Infrastructure|Charging stations|Aluminum,Mt/yr,high,1.5700000e-07,1.7500000e-07,2.0600000e-07,2.3900000e-07,2.7999999e-07,2.7799999e-07,2.9300000e-07,3.4199999e-07,3.7000001e-07,3.7000001e-07,3.7000001e-07,3.7000001e-07,3.7000001e-07,3.7000001e-07,3.7000001e-07,3.7000001e-07,3.7000001e-07,3.7000001e-07
GLOMIS,CircEular-A,SAS,Material Demand|Infrastructure|Charging stations|Concrete,Mt/yr,high,.000024200001,.000027100001,.000031899999,.000037000002,.000043399999,.000043,.0000454,.000053,.0000573,.0000573,.0000573,.0000573,.0000573,.0000573,.0000573,.0000573,.0000573,.0000573
GLOMIS,CircEular-A,SAS,Material Demand|Infrastructure|Charging stations|Iron_steel,Mt/yr,high,4.0400000e-06,4.5199999e-06,5.3099998e-06,6.1699998e-06,7.2200000e-06,7.1600002e-06,7.5700000e-06,8.8300003e-06,9.5500000e-06,9.5500000e-06,9.5500000e-06,9.5500000e-06,9.5500000e-06,9.5500000e-06,9.5500000e-06,9.5500000e-06,9.5500000e-06,9.5500000e-06
GLOMIS,CircEular-A,SAS,Material Demand|Infrastructure|Fuel stations|Aluminum,Mt/yr,high,.000179558,.00019375701,.000227205,.00026256,.00030729701,.000277299,.000284651,.00034789101,.00036944199,.00036944199,.00036944199,.00036944199,.00036944199,.00036944199,.00036944199,.00036944199,.00036944199,.00036944199
GLOMIS,CircEular-A,SAS,Material Demand|Infrastructure|Fuel stations|Concrete,Mt/yr,high,.67056078,.72358853,.84849942,.98053527,1.1476057,1.0355753,1.0630317,1.2992039,1.3796846,1.3796846,1.3796846,1.3796846,1.3796846,1.3796846,1.3796846,1.3796846,1.3796846,1.3796846
GLOMIS,CircEular-A,SAS,Material Demand|Infrastructure|Fuel stations|Iron_steel,Mt/yr,high,.02678908,.028907554,.033897776,.039172646,.045847151,.041371509,.042468403,.051903542,.055118766,.055118766,.055118766,.055118766,.055118766,.055118766,.055118766,.055118766,.055118766,.055118766
GLOMIS,CircEular-A,SAS,Material Demand|Infrastructure|Parking|Aluminum,Mt/yr,high,.000208015,.000216455,.00025349899,.00029123301,.00034081799,.00027646901,.00027344,.00035438701,.000367962,.000367962,.000367962,.000367962,.000367962,.000367962,.000367962,.000367962,.000367962,.000367962
GLOMIS,CircEular-A,SAS,Material Demand|Infrastructure|Parking|Asphalt,Mt/yr,high,.24205546,.26284826,.30828935,.35661581,.41738617,.38304704,.39533842,.47900653,.51040614,.51040614,.51040614,.51040614,.51040614,.51040614,.51040614,.51040614,.51040614,.51040614
GLOMIS,CircEular-A,SAS,Material Demand|Infrastructure|Parking|Concrete,Mt/yr,high,.55127698,.57364529,.67181832,.77181977,.90322876,.73269361,.72466481,.93918979,.97516656,.97516656,.97516656,.97516656,.97516656,.97516656,.97516656,.97516656,.97516656,.97516656
GLOMIS,CircEular-A,SAS,Material Demand|Infrastructure|Parking|Iron_steel,Mt/yr,high,.0057058502,.0059373672,.0069534821,.0079885209,.0093486356,.0075835562,.0075004562,.0097208414,.010093209,.010093209,.010093209,.010093209,.010093209,.010093209,.010093209,.010093209,.010093209,.010093209
GLOMIS,CircEular-A,SAS,Material Demand|Infrastructure|Rail|Aluminum,Mt/yr,high,.011704243,.012360543,.014483478,.016679665,.019520406,.016570017,.016661063,.021041645,.022063445,.022063445,.022063445,.022063445,.022063445,.022063445,.022063445,.022063445,.022063445,.022063445
GLOMIS,CircEular-A,SAS,Material Demand|Infrastructure|Rail|Concrete,Mt/yr,high,2.9638617,3.126272,3.6630566,4.2176723,4.9359727,4.1748624,4.1924624,5.3053865,5.5587544,5.5587544,5.5587544,5.5587544,5.5587544,5.5587544,5.5587544,5.5587544,5.5587544,5.5587544
GLOMIS,CircEular-A,SAS,Material Demand|Infrastructure|Rail|Iron_steel,Mt/yr,high,1.8740604,2.02087,2.3696706,2.7381203,3.2046535,2.8864167,2.9611461,3.6225262,3.8454731,3.8454731,3.8454731,3.8454731,3.8454731,3.8454731,3.8454731,3.8454731,3.8454731,3.8454731
GLOMIS,CircEular-A,SAS,Material Demand|Infrastructure|Roads|Aluminum,Mt/yr,high,0,0,0,0,0,0,0,0,0,0,0,0,0,0,0,0,0,0
GLOMIS,CircEular-A,SAS,Material Demand|Infrastructure|Roads|Asphalt,Mt/yr,high,373.4657,406.09079,476.31735,551.099,645.01343,594.04218,613.79077,742.35974,791.57977,791.57977,791.57977,791.57977,791.57977,791.57977,791.57977,791.57977,791.57977,791.57977
GLOMIS,CircEular-A,SAS,Material Demand|Infrastructure|Roads|Concrete,Mt/yr,high,0,0,0,0,0,0,0,0,0,0,0,0,0,0,0,0,0,0
GLOMIS,CircEular-A,SAS,Material Demand|Infrastructure|Roads|Iron_steel,Mt/yr,high,0,0,0,0,0,0,0,0,0,0,0,0,0,0,0,0,0,0
GLOMIS,CircEular-A,SAS,Material Demand|Infrastructure|Runways|Aluminum,Mt/yr,high,0,0,0,0,0,0,0,0,0,0,0,0,0,0,0,0,0,0
GLOMIS,CircEular-A,SAS,Material Demand|Infrastructure|Runways|Concrete,Mt/yr,high,0,0,0,0,0,0,0,0,0,0,0,0,0,0,0,0,0,0
GLOMIS,CircEular-A,SAS,Material Demand|Infrastructure|Runways|Iron_steel,Mt/yr,high,0,0,0,0,0,0,0,0,0,0,0,0,0,0,0,0,0,0
GLOMIS,CircEular-A,SAS,Material Demand|Infrastructure|Tunnels|Aluminum,Mt/yr,high,.00056680298,.00058335398,.00068291998,.000783141,.00091644702,.00071728602,.00069973699,.00092648901,.00095431,.00095431,.00095431,.00095431,.00095431,.00095431,.00095431,.00095431,.00095431,.00095431
GLOMIS,CircEular-A,SAS,Material Demand|Infrastructure|Tunnels|Asphalt,Mt/yr,high,.12123462,.1320169,.15485463,.17920738,.20974755,.19390883,.20059571,.24214812,.25839826,.25839826,.25839826,.25839826,.25839826,.25839826,.25839826,.25839826,.25839826,.25839826
GLOMIS,CircEular-A,SAS,Material Demand|Infrastructure|Tunnels|Concrete,Mt/yr,high,3.0389757,3.1277165,3.6615493,4.1988997,4.9136305,3.8458099,3.7517178,4.9674735,5.1166401,5.1166401,5.1166401,5.1166401,5.1166401,5.1166401,5.1166401,5.1166401,5.1166401,5.1166401
GLOMIS,CircEular-A,SAS,Material Demand|Infrastructure|Tunnels|Iron_steel,Mt/yr,high,.13365383,.13755664,.16103455,.18466717,.21610095,.16913831,.16500014,.21846896,.22502929,.22502929,.22502929,.22502929,.22502929,.22502929,.22502929,.22502929,.22502929,.22502929
GLOMIS,CircEular-A,SAS,Material Release|Infrastructure|Bridges|Aluminum,Mt/yr,high,.000470873,.00055734301,.00065553503,.00076807698,.000899176,.001002431,.001092689,.001211296,.001337829,.001337829,.001337829,.001337829,.001337829,.001337829,.001337829,.001337829,.001337829,.001337829
GLOMIS,CircEular-A,SAS,Material Release|Infrastructure|Bridges|Asphalt,Mt/yr,high,1.8377994,2.1752911,2.5585322,2.997776,3.5094538,3.9124534,4.2647271,4.7276459,5.2214985,5.2214985,5.2214985,5.2214985,5.2214985,5.2214985,5.2214985,5.2214985,5.2214985,5.2214985
GLOMIS,CircEular-A,SAS,Material Release|Infrastructure|Bridges|Concrete,Mt/yr,high,1.8934741,2.2411895,2.6360407,3.0885911,3.6157696,4.0309777,4.3939238,4.8708658,5.3796792,5.3796792,5.3796792,5.3796792,5.3796792,5.3796792,5.3796792,5.3796792,5.3796792,5.3796792
GLOMIS,CircEular-A,SAS,Material Release|Infrastructure|Bridges|Iron_steel,Mt/yr,high,.36272898,.42934018,.50498098,.59167516,.6926657,.77220631,.84173506,.93310189,1.0305742,1.0305742,1.0305742,1.0305742,1.0305742,1.0305742,1.0305742,1.0305742,1.0305742,1.0305742
GLOMIS,CircEular-A,SAS,Material Release|Infrastructure|Buildings|Aluminum,Mt/yr,high,0,0,0,0,0,0,0,0,0,0,0,0,0,0,0,0,0,0
GLOMIS,CircEular-A,SAS,Material Release|Infrastructure|Buildings|Concrete,Mt/yr,high,.34940124,.41356492,.48642641,.5699352,.66721499,.74383307,.81080717,.89881694,.99270785,.99270785,.99270785,.99270785,.99270785,.99270785,.99270785,.99270785,.99270785,.99270785
GLOMIS,CircEular-A,SAS,Material Release|Infrastructure|Buildings|Iron_steel,Mt/yr,high,0,0,0,0,0,0,0,0,0,0,0,0,0,0,0,0,0,0
GLOMIS,CircEular-A,SAS,Material Release|Infrastructure|Charging stations|Aluminum,Mt/yr,high,1.0200000e-07,1.2100000e-07,1.4299999e-07,1.6700000e-07,1.9500000e-07,2.1800000e-07,2.3800000e-07,2.6300000e-07,2.9099999e-07,2.9099999e-07,2.9099999e-07,2.9099999e-07,2.9099999e-07,2.9099999e-07,2.9099999e-07,2.9099999e-07,2.9099999e-07,2.9099999e-07
GLOMIS,CircEular-A,SAS,Material Release|Infrastructure|Charging stations|Concrete,Mt/yr,high,.0000158,.000018799999,.000022099999,.000025900001,.0000303,.000033699998,.0000368,.000040800001,.000045000001,.000045000001,.000045000001,.000045000001,.000045000001,.000045000001,.000045000001,.000045000001,.000045000001,.000045000001
GLOMIS,CircEular-A,SAS,Material Release|Infrastructure|Charging stations|Iron_steel,Mt/yr,high,2.6400000e-06,3.1300001e-06,3.6800000e-06,4.3099999e-06,5.0399999e-06,5.6200001e-06,6.1300002e-06,6.7900000e-06,7.4999998e-06,7.4999998e-06,7.4999998e-06,7.4999998e-06,7.4999998e-06,7.4999998e-06,7.4999998e-06,7.4999998e-06,7.4999998e-06,7.4999998e-06
GLOMIS,CircEular-A,SAS,Material Release|Infrastructure|Fuel stations|Aluminum,Mt/yr,high,.000077299999,.000091499998,.000107646,.000126126,.00014765401,.00016461,.00017943099,.000198908,.000219686,.000219686,.000219686,.000219686,.000219686,.000219686,.000219686,.000219686,.000219686,.000219686
GLOMIS,CircEular-A,SAS,Material Release|Infrastructure|Fuel stations|Concrete,Mt/yr,high,.28876093,.34178868,.40200475,.47102016,.55141664,.61473715,.67008758,.74282283,.82041854,.82041854,.82041854,.82041854,.82041854,.82041854,.82041854,.82041854,.82041854,.82041854
GLOMIS,CircEular-A,SAS,Material Release|Infrastructure|Fuel stations|Iron_steel,Mt/yr,high,.011536076,.01365455,.016060198,.01881738,.022029242,.024558915,.02677018,.02967597,.032775939,.032775939,.032775939,.032775939,.032775939,.032775939,.032775939,.032775939,.032775939,.032775939
GLOMIS,CircEular-A,SAS,Material Release|Infrastructure|Parking|Aluminum,Mt/yr,high,.000046000001,.000054399999,.000064,.000075000004,.000087799999,.000097800003,.000106656,.000118233,.000130584,.000130584,.000130584,.000130584,.000130584,.000130584,.000130584,.000130584,.000130584,.000130584
GLOMIS,CircEular-A,SAS,Material Release|Infrastructure|Parking|Asphalt,Mt/yr,high,.11322651,.1340193,.15763073,.18469247,.21621683,.24104558,.26274911,.29126945,.3216956,.3216956,.3216956,.3216956,.3216956,.3216956,.3216956,.3216956,.3216956,.3216956
GLOMIS,CircEular-A,SAS,Material Release|Infrastructure|Parking|Concrete,Mt/yr,high,.12180581,.1441741,.16957457,.19868682,.23259982,.25930989,.28265789,.31333926,.34607086,.34607086,.34607086,.34607086,.34607086,.34607086,.34607086,.34607086,.34607086,.34607086
GLOMIS,CircEular-A,SAS,Material Release|Infrastructure|Parking|Iron_steel,Mt/yr,high,.00126072,.001492237,.001755138,.0020564571,.002407464,.0026839201,.002925578,.0032431369,.0035819169,.0035819169,.0035819169,.0035819169,.0035819169,.0035819169,.0035819169,.0035819169,.0035819169,.0035819169
GLOMIS,CircEular-A,SAS,Material Release|Infrastructure|Rail|Aluminum,Mt/yr,high,.00357386,.0042301598,.004975426,.0058295992,.006824628,.0076083168,.0082933633,.0091935741,.01015394,.01015394,.01015394,.01015394,.01015394,.01015394,.01015394,.01015394,.01015394,.01015394
GLOMIS,CircEular-A,SAS,Material Release|Infrastructure|Rail|Concrete,Mt/yr,high,.884399,1.0468091,1.2312351,1.4426113,1.6888444,1.8827789,2.0523026,2.2750714,2.5127268,2.5127268,2.5127268,2.5127268,2.5127268,2.5127268,2.5127268,2.5127268,2.5127268,2.5127268
GLOMIS,CircEular-A,SAS,Material Release|Infrastructure|Rail|Iron_steel,Mt/yr,high,.799447,.94625658,1.1129674,1.3040396,1.5266205,1.7019264,1.8551662,2.0565367,2.2713637,2.2713637,2.2713637,2.2713637,2.2713637,2.2713637,2.2713637,2.2713637,2.2713637,2.2713637
GLOMIS,CircEular-A,SAS,Material Release|Infrastructure|Roads|Aluminum,Mt/yr,high,0,0,0,0,0,0,0,0,0,0,0,0,0,0,0,0,0,0
GLOMIS,CircEular-A,SAS,Material Release|Infrastructure|Roads|Asphalt,Mt/yr,high,177.65904,210.28415,247.33186,289.79333,339.25693,378.21466,412.26877,457.01886,504.75928,504.75928,504.75928,504.75928,504.75928,504.75928,504.75928,504.75928,504.75928,504.75928
GLOMIS,CircEular-A,SAS,Material Release|Infrastructure|Roads|Concrete,Mt/yr,high,0,0,0,0,0,0,0,0,0,0,0,0,0,0,0,0,0,0
GLOMIS,CircEular-A,SAS,Material Release|Infrastructure|Roads|Iron_steel,Mt/yr,high,0,0,0,0,0,0,0,0,0,0,0,0,0,0,0,0,0,0
GLOMIS,CircEular-A,SAS,Material Release|Infrastructure|Runways|Aluminum,Mt/yr,high,0,0,0,0,0,0,0,0,0,0,0,0,0,0,0,0,0,0
GLOMIS,CircEular-A,SAS,Material Release|Infrastructure|Runways|Concrete,Mt/yr,high,0,0,0,0,0,0,0,0,0,0,0,0,0,0,0,0,0,0
GLOMIS,CircEular-A,SAS,Material Release|Infrastructure|Runways|Iron_steel,Mt/yr,high,0,0,0,0,0,0,0,0,0,0,0,0,0,0,0,0,0,0
GLOMIS,CircEular-A,SAS,Material Release|Infrastructure|Tunnels|Aluminum,Mt/yr,high,.000090100002,.00010668,.000125475,.00014701601,.00017211,.000191874,.00020915001,.000231852,.00025607101,.00025607101,.00025607101,.00025607101,.00025607101,.00025607101,.00025607101,.00025607101,.00025607101,.00025607101
GLOMIS,CircEular-A,SAS,Material Release|Infrastructure|Tunnels|Asphalt,Mt/yr,high,.058714565,.069496848,.081740744,.095773838,.11212107,.12499622,.13625078,.15104023,.16681798,.16681798,.16681798,.16681798,.16681798,.16681798,.16681798,.16681798,.16681798,.16681798
GLOMIS,CircEular-A,SAS,Material Release|Infrastructure|Tunnels|Concrete,Mt/yr,high,.48323607,.57197702,.67274749,.78824353,.92278546,1.0287513,1.1213791,1.2431002,1.3729552,1.3729552,1.3729552,1.3729552,1.3729552,1.3729552,1.3729552,1.3729552,1.3729552,1.3729552
GLOMIS,CircEular-A,SAS,Material Release|Infrastructure|Tunnels|Iron_steel,Mt/yr,high,.021252669,.025155488,.029587364,.034666866,.040584005,.04524437,.049318135,.054671414,.060382418,.060382418,.060382418,.060382418,.060382418,.060382418,.060382418,.060382418,.060382418,.060382418
GLOMIS,CircEular-A,WEU,Material Demand|Infrastructure|Bridges|Aluminum,Mt/yr,high,.00135714,.001396778,.00026312901,.00026312901,.00026312901,.00026312901,.00026312901,.00026312901,.00026312901,.00026312901,.00026312901,.00026312901,.00026312901,.00026312901,.00026312901,.00026312901,.00026312901,.00026312901
GLOMIS,CircEular-A,WEU,Material Demand|Infrastructure|Bridges|Asphalt,Mt/yr,high,7.8755722,8.610631,4.8795323,4.8795323,4.8795323,4.8795323,4.8795323,4.8795323,4.8795323,4.8795323,4.8795323,4.8795323,4.8795323,4.8795323,4.8795323,4.8795323,4.8795323,4.8795323
GLOMIS,CircEular-A,WEU,Material Demand|Infrastructure|Bridges|Concrete,Mt/yr,high,20.775021,21.381798,4.0279627,4.0279627,4.0279627,4.0279627,4.0279627,4.0279627,4.0279627,4.0279627,4.0279627,4.0279627,4.0279627,4.0279627,4.0279627,4.0279627,4.0279627,4.0279627
GLOMIS,CircEular-A,WEU,Material Demand|Infrastructure|Bridges|Iron_steel,Mt/yr,high,5.6007109,5.7642908,1.0858933,1.0858933,1.0858933,1.0858933,1.0858933,1.0858933,1.0858933,1.0858933,1.0858933,1.0858933,1.0858933,1.0858933,1.0858933,1.0858933,1.0858933,1.0858933
GLOMIS,CircEular-A,WEU,Material Demand|Infrastructure|Buildings|Aluminum,Mt/yr,high,0,0,0,0,0,0,0,0,0,0,0,0,0,0,0,0,0,0
GLOMIS,CircEular-A,WEU,Material Demand|Infrastructure|Buildings|Concrete,Mt/yr,high,8.5897312,8.8815184,1.9369706,1.9369706,1.9369706,1.9369706,1.9369706,1.9369706,1.9369706,1.9369706,1.9369706,1.9369706,1.9369706,1.9369706,1.9369706,1.9369706,1.9369706,1.9369706
GLOMIS,CircEular-A,WEU,Material Demand|Infrastructure|Buildings|Iron_steel,Mt/yr,high,0,0,0,0,0,0,0,0,0,0,0,0,0,0,0,0,0,0
GLOMIS,CircEular-A,WEU,Material Demand|Infrastructure|Charging stations|Aluminum,Mt/yr,high,.000040300001,.000045199999,.000032200001,.000032200001,.000032200001,.000032200001,.000032200001,.000032200001,.000032200001,.000032200001,.000032200001,.000032200001,.000032200001,.000032200001,.000032200001,.000032200001,.000032200001,.000032200001
GLOMIS,CircEular-A,WEU,Material Demand|Infrastructure|Charging stations|Concrete,Mt/yr,high,.0062399129,.006990057,.004979671,.004979671,.004979671,.004979671,.004979671,.004979671,.004979671,.004979671,.004979671,.004979671,.004979671,.004979671,.004979671,.004979671,.004979671,.004979671
GLOMIS,CircEular-A,WEU,Material Demand|Infrastructure|Charging stations|Iron_steel,Mt/yr,high,.001039729,.001164723,.00082974101,.00082974101,.00082974101,.00082974101,.00082974101,.00082974101,.00082974101,.00082974101,.00082974101,.00082974101,.00082974101,.00082974101,.00082974101,.00082974101,.00082974101,.00082974101
GLOMIS,CircEular-A,WEU,Material Demand|Infrastructure|Fuel stations|Aluminum,Mt/yr,high,.000604361,.00065218098,.000317442,.000317442,.000317442,.000317442,.000317442,.000317442,.000317442,.000317442,.000317442,.000317442,.000317442,.000317442,.000317442,.000317442,.000317442,.000317442
GLOMIS,CircEular-A,WEU,Material Demand|Infrastructure|Fuel stations|Concrete,Mt/yr,high,2.2569945,2.4355783,1.1854911,1.1854911,1.1854911,1.1854911,1.1854911,1.1854911,1.1854911,1.1854911,1.1854911,1.1854911,1.1854911,1.1854911,1.1854911,1.1854911,1.1854911,1.1854911
GLOMIS,CircEular-A,WEU,Material Demand|Infrastructure|Fuel stations|Iron_steel,Mt/yr,high,.090167537,.097302012,.047360688,.047360688,.047360688,.047360688,.047360688,.047360688,.047360688,.047360688,.047360688,.047360688,.047360688,.047360688,.047360688,.047360688,.047360688,.047360688
GLOMIS,CircEular-A,WEU,Material Demand|Infrastructure|Parking|Aluminum,Mt/yr,high,.014696711,.01529321,.0039597312,.0039597312,.0039597312,.0039597312,.0039597312,.0039597312,.0039597312,.0039597312,.0039597312,.0039597312,.0039597312,.0039597312,.0039597312,.0039597312,.0039597312,.0039597312
GLOMIS,CircEular-A,WEU,Material Demand|Infrastructure|Parking|Asphalt,Mt/yr,high,18.2889,19.860905,10.435412,10.435412,10.435412,10.435412,10.435412,10.435412,10.435412,10.435412,10.435412,10.435412,10.435412,10.435412,10.435412,10.435412,10.435412,10.435412
GLOMIS,CircEular-A,WEU,Material Demand|Infrastructure|Parking|Concrete,Mt/yr,high,34.912292,36.329285,9.4064093,9.4064093,9.4064093,9.4064093,9.4064093,9.4064093,9.4064093,9.4064093,9.4064093,9.4064093,9.4064093,9.4064093,9.4064093,9.4064093,9.4064093,9.4064093
GLOMIS,CircEular-A,WEU,Material Demand|Infrastructure|Parking|Iron_steel,Mt/yr,high,.33096197,.3443948,.089170992,.089170992,.089170992,.089170992,.089170992,.089170992,.089170992,.089170992,.089170992,.089170992,.089170992,.089170992,.089170992,.089170992,.089170992,.089170992
GLOMIS,CircEular-A,WEU,Material Demand|Infrastructure|Rail|Aluminum,Mt/yr,high,.034937941,.036856923,.012738754,.012738754,.012738754,.012738754,.012738754,.012738754,.012738754,.012738754,.012738754,.012738754,.012738754,.012738754,.012738754,.012738754,.012738754,.012738754
GLOMIS,CircEular-A,WEU,Material Demand|Infrastructure|Rail|Concrete,Mt/yr,high,10.189487,10.73064,3.5923305,3.5923305,3.5923305,3.5923305,3.5923305,3.5923305,3.5923305,3.5923305,3.5923305,3.5923305,3.5923305,3.5923305,3.5923305,3.5923305,3.5923305,3.5923305
GLOMIS,CircEular-A,WEU,Material Demand|Infrastructure|Rail|Iron_steel,Mt/yr,high,4.368247,4.7058783,2.2412918,2.2412918,2.2412918,2.2412918,2.2412918,2.2412918,2.2412918,2.2412918,2.2412918,2.2412918,2.2412918,2.2412918,2.2412918,2.2412918,2.2412918,2.2412918
GLOMIS,CircEular-A,WEU,Material Demand|Infrastructure|Roads|Aluminum,Mt/yr,high,0,0,0,0,0,0,0,0,0,0,0,0,0,0,0,0,0,0
GLOMIS,CircEular-A,WEU,Material Demand|Infrastructure|Roads|Asphalt,Mt/yr,high,759.35785,826.80524,447.73523,447.73523,447.73523,447.73523,447.73523,447.73523,447.73523,447.73523,447.73523,447.73523,447.73523,447.73523,447.73523,447.73523,447.73523,447.73523
GLOMIS,CircEular-A,WEU,Material Demand|Infrastructure|Roads|Concrete,Mt/yr,high,0,0,0,0,0,0,0,0,0,0,0,0,0,0,0,0,0,0
GLOMIS,CircEular-A,WEU,Material Demand|Infrastructure|Roads|Iron_steel,Mt/yr,high,0,0,0,0,0,0,0,0,0,0,0,0,0,0,0,0,0,0
GLOMIS,CircEular-A,WEU,Material Demand|Infrastructure|Runways|Aluminum,Mt/yr,high,0,0,0,0,0,0,0,0,0,0,0,0,0,0,0,0,0,0
GLOMIS,CircEular-A,WEU,Material Demand|Infrastructure|Runways|Concrete,Mt/yr,high,.57141495,.58810431,.11078873,.11078873,.11078873,.11078873,.11078873,.11078873,.11078873,.11078873,.11078873,.11078873,.11078873,.11078873,.11078873,.11078873,.11078873,.11078873
GLOMIS,CircEular-A,WEU,Material Demand|Infrastructure|Runways|Iron_steel,Mt/yr,high,0,0,0,0,0,0,0,0,0,0,0,0,0,0,0,0,0,0
GLOMIS,CircEular-A,WEU,Material Demand|Infrastructure|Tunnels|Aluminum,Mt/yr,high,.0077080699,.0079332003,.001494478,.001494478,.001494478,.001494478,.001494478,.001494478,.001494478,.001494478,.001494478,.001494478,.001494478,.001494478,.001494478,.001494478,.001494478,.001494478
GLOMIS,CircEular-A,WEU,Material Demand|Infrastructure|Tunnels|Asphalt,Mt/yr,high,4.1940856,4.5888062,2.6202679,2.6202679,2.6202679,2.6202679,2.6202679,2.6202679,2.6202679,2.6202679,2.6202679,2.6202679,2.6202679,2.6202679,2.6202679,2.6202679,2.6202679,2.6202679
GLOMIS,CircEular-A,WEU,Material Demand|Infrastructure|Tunnels|Concrete,Mt/yr,high,61.908566,63.716732,12.003136,12.003136,12.003136,12.003136,12.003136,12.003136,12.003136,12.003136,12.003136,12.003136,12.003136,12.003136,12.003136,12.003136,12.003136,12.003136
GLOMIS,CircEular-A,WEU,Material Demand|Infrastructure|Tunnels|Iron_steel,Mt/yr,high,2.5901244,2.6657741,.502186,.502186,.502186,.502186,.502186,.502186,.502186,.502186,.502186,.502186,.502186,.502186,.502186,.502186,.502186,.502186
GLOMIS,CircEular-A,WEU,Material Release|Infrastructure|Bridges|Aluminum,Mt/yr,high,.00021556301,.00025520101,.00026312901,.00026312901,.00026312901,.00026312901,.00026312901,.00026312901,.00026312901,.00026312901,.00026312901,.00026312901,.00026312901,.00026312901,.00026312901,.00026312901,.00026312901,.00026312901
GLOMIS,CircEular-A,WEU,Material Release|Infrastructure|Bridges|Asphalt,Mt/yr,high,3.9974613,4.7325206,4.8795323,4.8795323,4.8795323,4.8795323,4.8795323,4.8795323,4.8795323,4.8795323,4.8795323,4.8795323,4.8795323,4.8795323,4.8795323,4.8795323,4.8795323,4.8795323
GLOMIS,CircEular-A,WEU,Material Release|Infrastructure|Bridges|Concrete,Mt/yr,high,3.2998297,3.9066072,4.0279627,4.0279627,4.0279627,4.0279627,4.0279627,4.0279627,4.0279627,4.0279627,4.0279627,4.0279627,4.0279627,4.0279627,4.0279627,4.0279627,4.0279627,4.0279627
GLOMIS,CircEular-A,WEU,Material Release|Infrastructure|Bridges|Iron_steel,Mt/yr,high,.88959682,1.0531771,1.0858933,1.0858933,1.0858933,1.0858933,1.0858933,1.0858933,1.0858933,1.0858933,1.0858933,1.0858933,1.0858933,1.0858933,1.0858933,1.0858933,1.0858933,1.0858933
GLOMIS,CircEular-A,WEU,Material Release|Infrastructure|Buildings|Aluminum,Mt/yr,high,0,0,0,0,0,0,0,0,0,0,0,0,0,0,0,0,0,0
GLOMIS,CircEular-A,WEU,Material Release|Infrastructure|Buildings|Concrete,Mt/yr,high,1.5868253,1.878613,1.9369706,1.9369706,1.9369706,1.9369706,1.9369706,1.9369706,1.9369706,1.9369706,1.9369706,1.9369706,1.9369706,1.9369706,1.9369706,1.9369706,1.9369706,1.9369706
GLOMIS,CircEular-A,WEU,Material Release|Infrastructure|Buildings|Iron_steel,Mt/yr,high,0,0,0,0,0,0,0,0,0,0,0,0,0,0,0,0,0,0
GLOMIS,CircEular-A,WEU,Material Release|Infrastructure|Charging stations|Aluminum,Mt/yr,high,.000026399999,.000031200001,.000032200001,.000032200001,.000032200001,.000032200001,.000032200001,.000032200001,.000032200001,.000032200001,.000032200001,.000032200001,.000032200001,.000032200001,.000032200001,.000032200001,.000032200001,.000032200001
GLOMIS,CircEular-A,WEU,Material Release|Infrastructure|Charging stations|Concrete,Mt/yr,high,.0040794979,.0048296419,.004979671,.004979671,.004979671,.004979671,.004979671,.004979671,.004979671,.004979671,.004979671,.004979671,.004979671,.004979671,.004979671,.004979671,.004979671,.004979671
GLOMIS,CircEular-A,WEU,Material Release|Infrastructure|Charging stations|Iron_steel,Mt/yr,high,.00067974901,.00080474198,.00082974101,.00082974101,.00082974101,.00082974101,.00082974101,.00082974101,.00082974101,.00082974101,.00082974101,.00082974101,.00082974101,.00082974101,.00082974101,.00082974101,.00082974101,.00082974101
GLOMIS,CircEular-A,WEU,Material Release|Infrastructure|Fuel stations|Aluminum,Mt/yr,high,.000260058,.00030787801,.000317442,.000317442,.000317442,.000317442,.000317442,.000317442,.000317442,.000317442,.000317442,.000317442,.000317442,.000317442,.000317442,.000317442,.000317442,.000317442
GLOMIS,CircEular-A,WEU,Material Release|Infrastructure|Fuel stations|Concrete,Mt/yr,high,.97119039,1.1497743,1.1854911,1.1854911,1.1854911,1.1854911,1.1854911,1.1854911,1.1854911,1.1854911,1.1854911,1.1854911,1.1854911,1.1854911,1.1854911,1.1854911,1.1854911,1.1854911
GLOMIS,CircEular-A,WEU,Material Release|Infrastructure|Fuel stations|Iron_steel,Mt/yr,high,.038799319,.045933794,.047360688,.047360688,.047360688,.047360688,.047360688,.047360688,.047360688,.047360688,.047360688,.047360688,.047360688,.047360688,.047360688,.047360688,.047360688,.047360688
GLOMIS,CircEular-A,WEU,Material Release|Infrastructure|Parking|Aluminum,Mt/yr,high,.003243932,.0038404311,.0039597312,.0039597312,.0039597312,.0039597312,.0039597312,.0039597312,.0039597312,.0039597312,.0039597312,.0039597312,.0039597312,.0039597312,.0039597312,.0039597312,.0039597312,.0039597312
GLOMIS,CircEular-A,WEU,Material Release|Infrastructure|Parking|Asphalt,Mt/yr,high,8.5490084,10.121012,10.435412,10.435412,10.435412,10.435412,10.435412,10.435412,10.435412,10.435412,10.435412,10.435412,10.435412,10.435412,10.435412,10.435412,10.435412,10.435412
GLOMIS,CircEular-A,WEU,Material Release|Infrastructure|Parking|Concrete,Mt/yr,high,7.706017,9.1230106,9.4064093,9.4064093,9.4064093,9.4064093,9.4064093,9.4064093,9.4064093,9.4064093,9.4064093,9.4064093,9.4064093,9.4064093,9.4064093,9.4064093,9.4064093,9.4064093
GLOMIS,CircEular-A,WEU,Material Release|Infrastructure|Parking|Iron_steel,Mt/yr,high,.073051594,.086484425,.089170992,.089170992,.089170992,.089170992,.089170992,.089170992,.089170992,.089170992,.089170992,.089170992,.089170992,.089170992,.089170992,.089170992,.089170992,.089170992
GLOMIS,CircEular-A,WEU,Material Release|Infrastructure|Rail|Aluminum,Mt/yr,high,.010435975,.012354957,.012738754,.012738754,.012738754,.012738754,.012738754,.012738754,.012738754,.012738754,.012738754,.012738754,.012738754,.012738754,.012738754,.012738754,.012738754,.012738754
GLOMIS,CircEular-A,WEU,Material Release|Infrastructure|Rail|Concrete,Mt/yr,high,2.9429467,3.4840999,3.5923305,3.5923305,3.5923305,3.5923305,3.5923305,3.5923305,3.5923305,3.5923305,3.5923305,3.5923305,3.5923305,3.5923305,3.5923305,3.5923305,3.5923305,3.5923305
GLOMIS,CircEular-A,WEU,Material Release|Infrastructure|Rail|Iron_steel,Mt/yr,high,1.8361346,2.1737657,2.2412918,2.2412918,2.2412918,2.2412918,2.2412918,2.2412918,2.2412918,2.2412918,2.2412918,2.2412918,2.2412918,2.2412918,2.2412918,2.2412918,2.2412918,2.2412918
GLOMIS,CircEular-A,WEU,Material Release|Infrastructure|Roads|Aluminum,Mt/yr,high,0,0,0,0,0,0,0,0,0,0,0,0,0,0,0,0,0,0
GLOMIS,CircEular-A,WEU,Material Release|Infrastructure|Roads|Asphalt,Mt/yr,high,366.79834,434.24576,447.73523,447.73523,447.73523,447.73523,447.73523,447.73523,447.73523,447.73523,447.73523,447.73523,447.73523,447.73523,447.73523,447.73523,447.73523,447.73523
GLOMIS,CircEular-A,WEU,Material Release|Infrastructure|Roads|Concrete,Mt/yr,high,0,0,0,0,0,0,0,0,0,0,0,0,0,0,0,0,0,0
GLOMIS,CircEular-A,WEU,Material Release|Infrastructure|Roads|Iron_steel,Mt/yr,high,0,0,0,0,0,0,0,0,0,0,0,0,0,0,0,0,0,0
GLOMIS,CircEular-A,WEU,Material Release|Infrastructure|Runways|Aluminum,Mt/yr,high,0,0,0,0,0,0,0,0,0,0,0,0,0,0,0,0,0,0
GLOMIS,CircEular-A,WEU,Material Release|Infrastructure|Runways|Concrete,Mt/yr,high,.090761505,.10745086,.11078873,.11078873,.11078873,.11078873,.11078873,.11078873,.11078873,.11078873,.11078873,.11078873,.11078873,.11078873,.11078873,.11078873,.11078873,.11078873
GLOMIS,CircEular-A,WEU,Material Release|Infrastructure|Runways|Iron_steel,Mt/yr,high,0,0,0,0,0,0,0,0,0,0,0,0,0,0,0,0,0,0
GLOMIS,CircEular-A,WEU,Material Release|Infrastructure|Tunnels|Aluminum,Mt/yr,high,.001224322,.001449452,.001494478,.001494478,.001494478,.001494478,.001494478,.001494478,.001494478,.001494478,.001494478,.001494478,.001494478,.001494478,.001494478,.001494478,.001494478,.001494478
GLOMIS,CircEular-A,WEU,Material Release|Infrastructure|Tunnels|Asphalt,Mt/yr,high,2.1466033,2.5413237,2.6202679,2.6202679,2.6202679,2.6202679,2.6202679,2.6202679,2.6202679,2.6202679,2.6202679,2.6202679,2.6202679,2.6202679,2.6202679,2.6202679,2.6202679,2.6202679
GLOMIS,CircEular-A,WEU,Material Release|Infrastructure|Tunnels|Concrete,Mt/yr,high,9.8333349,11.641502,12.003136,12.003136,12.003136,12.003136,12.003136,12.003136,12.003136,12.003136,12.003136,12.003136,12.003136,12.003136,12.003136,12.003136,12.003136,12.003136
GLOMIS,CircEular-A,WEU,Material Release|Infrastructure|Tunnels|Iron_steel,Mt/yr,high,.41140607,.48705599,.502186,.502186,.502186,.502186,.502186,.502186,.502186,.502186,.502186,.502186,.502186,.502186,.502186,.502186,.502186,.502186
GLOMIS,CircEular-A,AFR,Material Demand|Infrastructure|Bridges|Aluminum,Mt/yr,low,.000049099999,.000051200001,.0000464,.000071100003,.000083400002,.000090200003,.000133177,.00019402499,.00023491601,.00023491601,.00023491601,.00023491601,.00023491601,.00023491601,.00023491601,.00023491601,.00023491601,.00023491601
GLOMIS,CircEular-A,AFR,Material Demand|Infrastructure|Bridges|Asphalt,Mt/yr,low,.73963141,.82278538,.83352304,1.1442655,1.3583935,1.5284261,2.0836446,2.8846393,3.557807,3.557807,3.557807,3.557807,3.557807,3.557807,3.557807,3.557807,3.557807,3.557807
GLOMIS,CircEular-A,AFR,Material Demand|Infrastructure|Bridges|Concrete,Mt/yr,low,1.7907796,1.8665086,1.6908801,2.5919025,3.0398004,3.2864504,4.8525891,7.0697227,8.5596704,8.5596704,8.5596704,8.5596704,8.5596704,8.5596704,8.5596704,8.5596704,8.5596704,8.5596704
GLOMIS,CircEular-A,AFR,Material Demand|Infrastructure|Bridges|Iron_steel,Mt/yr,low,.47554201,.49565187,.44901368,.6882804,.80721986,.8727178,1.2886064,1.8773669,2.2730231,2.2730231,2.2730231,2.2730231,2.2730231,2.2730231,2.2730231,2.2730231,2.2730231,2.2730231
GLOMIS,CircEular-A,AFR,Material Demand|Infrastructure|Buildings|Aluminum,Mt/yr,low,0,0,0,0,0,0,0,0,0,0,0,0,0,0,0,0,0,0
GLOMIS,CircEular-A,AFR,Material Demand|Infrastructure|Buildings|Concrete,Mt/yr,low,.56062055,.5880385,.53901237,.81669456,.95899713,1.0410882,1.5248291,2.2107182,2.6812935,2.6812935,2.6812935,2.6812935,2.6812935,2.6812935,2.6812935,2.6812935,2.6812935,2.6812935
GLOMIS,CircEular-A,AFR,Material Demand|Infrastructure|Buildings|Iron_steel,Mt/yr,low,0,0,0,0,0,0,0,0,0,0,0,0,0,0,0,0,0,0
GLOMIS,CircEular-A,AFR,Material Demand|Infrastructure|Charging stations|Aluminum,Mt/yr,low,6.3599998e-08,7.3499997e-08,7.9000003e-08,1.0200000e-07,1.2200000e-07,1.4100000e-07,1.8300000e-07,2.4600001e-07,3.0699999e-07,3.0699999e-07,3.0699999e-07,3.0699999e-07,3.0699999e-07,3.0699999e-07,3.0699999e-07,3.0699999e-07,3.0699999e-07,3.0699999e-07
GLOMIS,CircEular-A,AFR,Material Demand|Infrastructure|Charging stations|Concrete,Mt/yr,low,9.8399996e-06,.0000114,.0000122,.0000158,.0000189,.0000218,.0000284,.000038099999,.000047500002,.000047500002,.000047500002,.000047500002,.000047500002,.000047500002,.000047500002,.000047500002,.000047500002,.000047500002
GLOMIS,CircEular-A,AFR,Material Demand|Infrastructure|Charging stations|Iron_steel,Mt/yr,low,1.6400001e-06,1.9000000e-06,2.0400000e-06,2.6400000e-06,3.1600000e-06,3.6300000e-06,4.7300000e-06,6.3399998e-06,7.9199999e-06,7.9199999e-06,7.9199999e-06,7.9199999e-06,7.9199999e-06,7.9199999e-06,7.9199999e-06,7.9199999e-06,7.9199999e-06,7.9199999e-06
GLOMIS,CircEular-A,AFR,Material Demand|Infrastructure|Fuel stations|Aluminum,Mt/yr,low,.000149566,.000165741,.00016688299,.000230479,.00027342001,.00030696101,.00042036799,.00058376102,.000719173,.000719173,.000719173,.000719173,.000719173,.000719173,.000719173,.000719173,.000719173,.000719173
GLOMIS,CircEular-A,AFR,Material Demand|Infrastructure|Fuel stations|Concrete,Mt/yr,low,.55855763,.6189605,.62322688,.86072767,1.0210893,1.14635,1.5698701,2.1800621,2.685761,2.685761,2.685761,2.685761,2.685761,2.685761,2.685761,2.685761,2.685761,2.685761
GLOMIS,CircEular-A,AFR,Material Demand|Infrastructure|Fuel stations|Iron_steel,Mt/yr,low,.022314526,.024727639,.024898082,.034386303,.040792793,.04579699,.06271673,.087094069,.10729688,.10729688,.10729688,.10729688,.10729688,.10729688,.10729688,.10729688,.10729688,.10729688
GLOMIS,CircEular-A,AFR,Material Demand|Infrastructure|Parking|Aluminum,Mt/yr,low,.00025083701,.00026538101,.000247099,.000368648,.000433596,.00047331699,.00068573502,.00098758703,.001200671,.001200671,.001200671,.001200671,.001200671,.001200671,.001200671,.001200671,.001200671,.001200671
GLOMIS,CircEular-A,AFR,Material Demand|Infrastructure|Parking|Asphalt,Mt/yr,low,.7071926,.78348607,.78859413,1.0895116,1.2924435,1.4507964,1.9873403,2.7603121,3.4003763,3.4003763,3.4003763,3.4003763,3.4003763,3.4003763,3.4003763,3.4003763,3.4003763,3.4003763
GLOMIS,CircEular-A,AFR,Material Demand|Infrastructure|Parking|Concrete,Mt/yr,low,1.0963259,1.1598914,1.0799873,1.6112367,1.8951049,2.0687094,2.9971213,4.3164158,5.2477345,5.2477345,5.2477345,5.2477345,5.2477345,5.2477345,5.2477345,5.2477345,5.2477345,5.2477345
GLOMIS,CircEular-A,AFR,Material Demand|Infrastructure|Parking|Iron_steel,Mt/yr,low,.013374507,.014149967,.013175186,.019656103,.023119124,.025236994,.036563054,.052657641,.064019158,.064019158,.064019158,.064019158,.064019158,.064019158,.064019158,.064019158,.064019158,.064019158
GLOMIS,CircEular-A,AFR,Material Demand|Infrastructure|Rail|Aluminum,Mt/yr,low,.0044925711,.0048532621,.0046866941,.0067450642,.0079645943,.0088076657,.012435146,.017619779,.021547804,.021547804,.021547804,.021547804,.021547804,.021547804,.021547804,.021547804,.021547804,.021547804
GLOMIS,CircEular-A,AFR,Material Demand|Infrastructure|Rail|Concrete,Mt/yr,low,.8063544,.87101406,.84098971,1.2105327,1.429377,1.5805922,2.2318151,3.1625612,3.8674986,3.8674986,3.8674986,3.8674986,3.8674986,3.8674986,3.8674986,3.8674986,3.8674986,3.8674986
GLOMIS,CircEular-A,AFR,Material Demand|Infrastructure|Rail|Iron_steel,Mt/yr,low,1.0157188,1.1255374,1.13326,1.5651737,1.8567736,2.084527,2.8547237,3.9643869,4.8839593,4.8839593,4.8839593,4.8839593,4.8839593,4.8839593,4.8839593,4.8839593,4.8839593,4.8839593
GLOMIS,CircEular-A,AFR,Material Demand|Infrastructure|Roads|Aluminum,Mt/yr,low,0,0,0,0,0,0,0,0,0,0,0,0,0,0,0,0,0,0
GLOMIS,CircEular-A,AFR,Material Demand|Infrastructure|Roads|Asphalt,Mt/yr,low,226.00673,250.78094,253.04286,348.74683,413.82068,464.94275,635.72046,881.88184,1086.8723,1086.8723,1086.8723,1086.8723,1086.8723,1086.8723,1086.8723,1086.8723,1086.8723,1086.8723
GLOMIS,CircEular-A,AFR,Material Demand|Infrastructure|Roads|Concrete,Mt/yr,low,0,0,0,0,0,0,0,0,0,0,0,0,0,0,0,0,0,0
GLOMIS,CircEular-A,AFR,Material Demand|Infrastructure|Roads|Iron_steel,Mt/yr,low,0,0,0,0,0,0,0,0,0,0,0,0,0,0,0,0,0,0
GLOMIS,CircEular-A,AFR,Material Demand|Infrastructure|Runways|Aluminum,Mt/yr,low,0,0,0,0,0,0,0,0,0,0,0,0,0,0,0,0,0,0
GLOMIS,CircEular-A,AFR,Material Demand|Infrastructure|Runways|Concrete,Mt/yr,low,.0028096309,.0029284451,.002652894,.0040665469,.0047692731,.0051562521,.0076134349,.01109199,.013429633,.013429633,.013429633,.013429633,.013429633,.013429633,.013429633,.013429633,.013429633,.013429633
GLOMIS,CircEular-A,AFR,Material Demand|Infrastructure|Runways|Iron_steel,Mt/yr,low,0,0,0,0,0,0,0,0,0,0,0,0,0,0,0,0,0,0
GLOMIS,CircEular-A,AFR,Material Demand|Infrastructure|Tunnels|Aluminum,Mt/yr,low,.000026,.000027100001,.0000246,.0000377,.000044199998,.0000478,.000070599999,.000102832,.000124504,.000124504,.000124504,.000124504,.000124504,.000124504,.000124504,.000124504,.000124504,.000124504
GLOMIS,CircEular-A,AFR,Material Demand|Infrastructure|Tunnels|Asphalt,Mt/yr,low,.031613998,.0350863,.035413712,.048792738,.057899173,.065059192,.088935591,.12335366,.15203553,.15203553,.15203553,.15203553,.15203553,.15203553,.15203553,.15203553,.15203553,.15203553
GLOMIS,CircEular-A,AFR,Material Demand|Infrastructure|Tunnels|Concrete,Mt/yr,low,.61632252,.64238578,.58194071,.89204049,1.0461911,1.1310791,1.6700883,2.4331467,2.9459338,2.9459338,2.9459338,2.9459338,2.9459338,2.9459338,2.9459338,2.9459338,2.9459338,2.9459338
GLOMIS,CircEular-A,AFR,Material Demand|Infrastructure|Tunnels|Iron_steel,Mt/yr,low,.022177437,.023115285,.020940259,.032098733,.037645608,.040700179,.060095616,.087553121,.106005,.106005,.106005,.106005,.106005,.106005,.106005,.106005,.106005,.106005
GLOMIS,CircEular-A,AFR,Material Release|Infrastructure|Bridges|Aluminum,Mt/yr,low,9.2399996e-06,.0000113,.0000131,.0000158,.000018999999,.0000225,.000027599999,.0000353,.0000449,.0000449,.0000449,.0000449,.0000449,.0000449,.0000449,.0000449,.0000449,.0000449
GLOMIS,CircEular-A,AFR,Material Release|Infrastructure|Bridges|Asphalt,Mt/yr,low,.36980239,.45295638,.52507031,.63122457,.76163733,.90128088,1.1054382,1.4139653,1.7968526,1.7968526,1.7968526,1.7968526,1.7968526,1.7968526,1.7968526,1.7968526,1.7968526,1.7968526
GLOMIS,CircEular-A,AFR,Material Release|Infrastructure|Bridges|Concrete,Mt/yr,low,.33678213,.41251117,.47818589,.57486153,.69362944,.820804,1.0067319,1.2877101,1.6364087,1.6364087,1.6364087,1.6364087,1.6364087,1.6364087,1.6364087,1.6364087,1.6364087,1.6364087
GLOMIS,CircEular-A,AFR,Material Release|Infrastructure|Bridges|Iron_steel,Mt/yr,low,.08943259,.10954246,.12698239,.15265463,.18419351,.21796474,.26733795,.34195179,.43454877,.43454877,.43454877,.43454877,.43454877,.43454877,.43454877,.43454877,.43454877,.43454877
GLOMIS,CircEular-A,AFR,Material Release|Infrastructure|Buildings|Aluminum,Mt/yr,low,0,0,0,0,0,0,0,0,0,0,0,0,0,0,0,0,0,0
GLOMIS,CircEular-A,AFR,Material Release|Infrastructure|Buildings|Concrete,Mt/yr,low,.12193315,.14935112,.17312887,.20813061,.25113097,.29717496,.36449078,.46621993,.59246749,.59246749,.59246749,.59246749,.59246749,.59246749,.59246749,.59246749,.59246749,.59246749
GLOMIS,CircEular-A,AFR,Material Release|Infrastructure|Buildings|Iron_steel,Mt/yr,low,0,0,0,0,0,0,0,0,0,0,0,0,0,0,0,0,0,0
GLOMIS,CircEular-A,AFR,Material Release|Infrastructure|Charging stations|Aluminum,Mt/yr,low,4.4400000e-08,5.4400001e-08,6.3000002e-08,7.5800003e-08,9.1399997e-08,1.0800000e-07,1.3300000e-07,1.7000001e-07,2.1600000e-07,2.1600000e-07,2.1600000e-07,2.1600000e-07,2.1600000e-07,2.1600000e-07,2.1600000e-07,2.1600000e-07,2.1600000e-07,2.1600000e-07
GLOMIS,CircEular-A,AFR,Material Release|Infrastructure|Charging stations|Concrete,Mt/yr,low,6.8700001e-06,8.4200001e-06,9.7599996e-06,.0000117,.0000142,.0000167,.0000205,.0000263,.0000334,.0000334,.0000334,.0000334,.0000334,.0000334,.0000334,.0000334,.0000334,.0000334
GLOMIS,CircEular-A,AFR,Material Release|Infrastructure|Charging stations|Iron_steel,Mt/yr,low,1.1500000e-06,1.4000000e-06,1.6300000e-06,1.9500001e-06,2.3600001e-06,2.7900001e-06,3.4200000e-06,4.3800001e-06,5.5599999e-06,5.5599999e-06,5.5599999e-06,5.5599999e-06,5.5599999e-06,5.5599999e-06,5.5599999e-06,5.5599999e-06,5.5599999e-06,5.5599999e-06
GLOMIS,CircEular-A,AFR,Material Release|Infrastructure|Fuel stations|Aluminum,Mt/yr,low,.000071900002,.000088100001,.000102131,.00012277901,.00014814601,.000175308,.00021501799,.00027503,.00034950499,.00034950499,.00034950499,.00034950499,.00034950499,.00034950499,.00034950499,.00034950499,.00034950499,.00034950499
GLOMIS,CircEular-A,AFR,Material Release|Infrastructure|Fuel stations|Concrete,Mt/yr,low,.26862374,.32902664,.38141,.45852029,.55325186,.6546886,.80298817,1.0271016,1.3052301,1.3052301,1.3052301,1.3052301,1.3052301,1.3052301,1.3052301,1.3052301,1.3052301,1.3052301
GLOMIS,CircEular-A,AFR,Material Release|Infrastructure|Fuel stations|Iron_steel,Mt/yr,low,.01073159,.013144702,.015237433,.018318009,.022102561,.026154988,.032079592,.041032989,.052144296,.052144296,.052144296,.052144296,.052144296,.052144296,.052144296,.052144296,.052144296,.052144296
GLOMIS,CircEular-A,AFR,Material Release|Infrastructure|Parking|Aluminum,Mt/yr,low,.000064699998,.000079199999,.000091800001,.000110401,.000133211,.000157634,.00019334099,.00024730299,.00031427,.00031427,.00031427,.00031427,.00031427,.00031427,.00031427,.00031427,.00031427,.00031427
GLOMIS,CircEular-A,AFR,Material Release|Infrastructure|Parking|Asphalt,Mt/yr,low,.33929238,.41558588,.4817501,.57914633,.69879955,.826922,1.0142357,1.2973082,1.6486058,1.6486058,1.6486058,1.6486058,1.6486058,1.6486058,1.6486058,1.6486058,1.6486058,1.6486058
GLOMIS,CircEular-A,AFR,Material Release|Infrastructure|Parking|Concrete,Mt/yr,low,.2826882,.34625366,.4013797,.48252729,.58221877,.68896651,.84503067,1.0808781,1.3735689,1.3735689,1.3735689,1.3735689,1.3735689,1.3735689,1.3735689,1.3735689,1.3735689,1.3735689
GLOMIS,CircEular-A,AFR,Material Release|Infrastructure|Parking|Iron_steel,Mt/yr,low,.0034486239,.0042240839,.0048965882,.0058865389,.0071027139,.008404972,.010308859,.013186055,.016756702,.016756702,.016756702,.016756702,.016756702,.016756702,.016756702,.016756702,.016756702,.016756702
GLOMIS,CircEular-A,AFR,Material Release|Infrastructure|Rail|Aluminum,Mt/yr,low,.001604067,.0019647579,.0022775619,.0027380199,.0033037029,.0039094249,.0047949851,.0061332621,.0077940859,.0077940859,.0077940859,.0077940859,.0077940859,.0077940859,.0077940859,.0077940859,.0077940859,.0077940859
GLOMIS,CircEular-A,AFR,Material Release|Infrastructure|Rail|Concrete,Mt/yr,low,.28755435,.35221401,.40828899,.49083343,.59224093,.70082629,.85957688,1.0994842,1.3972132,1.3972132,1.3972132,1.3972132,1.3972132,1.3972132,1.3972132,1.3972132,1.3972132,1.3972132
GLOMIS,CircEular-A,AFR,Material Release|Infrastructure|Rail|Iron_steel,Mt/yr,low,.48838487,.59820336,.69344163,.83363581,1.0058672,1.1902895,1.4599129,1.8673737,2.3730392,2.3730392,2.3730392,2.3730392,2.3730392,2.3730392,2.3730392,2.3730392,2.3730392,2.3730392
GLOMIS,CircEular-A,AFR,Material Release|Infrastructure|Roads|Aluminum,Mt/yr,low,0,0,0,0,0,0,0,0,0,0,0,0,0,0,0,0,0,0
GLOMIS,CircEular-A,AFR,Material Release|Infrastructure|Roads|Asphalt,Mt/yr,low,110.1759,134.95012,156.43515,188.06189,226.91599,268.52023,329.34525,421.26529,535.33954,535.33954,535.33954,535.33954,535.33954,535.33954,535.33954,535.33954,535.33954,535.33954
GLOMIS,CircEular-A,AFR,Material Release|Infrastructure|Roads|Concrete,Mt/yr,low,0,0,0,0,0,0,0,0,0,0,0,0,0,0,0,0,0,0
GLOMIS,CircEular-A,AFR,Material Release|Infrastructure|Roads|Iron_steel,Mt/yr,low,0,0,0,0,0,0,0,0,0,0,0,0,0,0,0,0,0,0
GLOMIS,CircEular-A,AFR,Material Release|Infrastructure|Runways|Aluminum,Mt/yr,low,0,0,0,0,0,0,0,0,0,0,0,0,0,0,0,0,0,0
GLOMIS,CircEular-A,AFR,Material Release|Infrastructure|Runways|Concrete,Mt/yr,low,.00052839197,.00064720598,.00075024599,.00090192503,.001088265,.001287795,.001579505,.002020343,.002567431,.002567431,.002567431,.002567431,.002567431,.002567431,.002567431,.002567431,.002567431,.002567431
GLOMIS,CircEular-A,AFR,Material Release|Infrastructure|Runways|Iron_steel,Mt/yr,low,0,0,0,0,0,0,0,0,0,0,0,0,0,0,0,0,0,0
GLOMIS,CircEular-A,AFR,Material Release|Infrastructure|Tunnels|Aluminum,Mt/yr,low,4.9000000e-06,6.0000002e-06,6.9600001e-06,8.3599998e-06,.0000101,.0000119,.0000146,.000018700001,.000023799999,.000023799999,.000023799999,.000023799999,.000023799999,.000023799999,.000023799999,.000023799999,.000023799999,.000023799999
GLOMIS,CircEular-A,AFR,Material Release|Infrastructure|Tunnels|Asphalt,Mt/yr,low,.015442011,.01891431,.021925604,.026358338,.031804044,.037635203,.046160299,.059043609,.075032011,.075032011,.075032011,.075032011,.075032011,.075032011,.075032011,.075032011,.075032011,.075032011
GLOMIS,CircEular-A,AFR,Material Release|Infrastructure|Tunnels|Concrete,Mt/yr,low,.11590841,.14197165,.16457455,.19784686,.23872256,.28249151,.34648126,.44318393,.56319356,.56319356,.56319356,.56319356,.56319356,.56319356,.56319356,.56319356,.56319356,.56319356
GLOMIS,CircEular-A,AFR,Material Release|Infrastructure|Tunnels|Iron_steel,Mt/yr,low,.0041707898,.0051086359,.0059219678,.0071192211,.0085900724,.010165032,.012467607,.015947307,.020265672,.020265672,.020265672,.020265672,.020265672,.020265672,.020265672,.020265672,.020265672,.020265672
GLOMIS,CircEular-A,CHN,Material Demand|Infrastructure|Bridges|Aluminum,Mt/yr,low,.012299279,.012823497,.009947679,.0085519059,.0038429869,.0035022369,.0035022369,.0035022369,.0035022369,.0035022369,.0035022369,.0035022369,.0035022369,.0035022369,.0035022369,.0035022369,.0035022369,.0035022369
GLOMIS,CircEular-A,CHN,Material Demand|Infrastructure|Bridges|Asphalt,Mt/yr,low,44.284718,49.695782,46.820866,46.212372,36.839706,36.150703,36.150703,36.150703,36.150703,36.150703,36.150703,36.150703,36.150703,36.150703,36.150703,36.150703,36.150703,36.150703
GLOMIS,CircEular-A,CHN,Material Demand|Infrastructure|Bridges|Concrete,Mt/yr,low,96.24691,100.34912,77.844673,66.922165,30.072948,27.406443,27.406443,27.406443,27.406443,27.406443,27.406443,27.406443,27.406443,27.406443,27.406443,27.406443,27.406443,27.406443
GLOMIS,CircEular-A,CHN,Material Demand|Infrastructure|Bridges|Iron_steel,Mt/yr,low,36.224998,37.76897,29.298843,25.187878,11.318727,10.315119,10.315119,10.315119,10.315119,10.315119,10.315119,10.315119,10.315119,10.315119,10.315119,10.315119,10.315119,10.315119
GLOMIS,CircEular-A,CHN,Material Demand|Infrastructure|Buildings|Aluminum,Mt/yr,low,0,0,0,0,0,0,0,0,0,0,0,0,0,0,0,0,0,0
GLOMIS,CircEular-A,CHN,Material Demand|Infrastructure|Buildings|Concrete,Mt/yr,low,7.4214005,7.7876692,6.1584411,5.3788528,2.6449826,2.4469998,2.4469998,2.4469998,2.4469998,2.4469998,2.4469998,2.4469998,2.4469998,2.4469998,2.4469998,2.4469998,2.4469998,2.4469998
GLOMIS,CircEular-A,CHN,Material Demand|Infrastructure|Buildings|Iron_steel,Mt/yr,low,0,0,0,0,0,0,0,0,0,0,0,0,0,0,0,0,0,0
GLOMIS,CircEular-A,CHN,Material Demand|Infrastructure|Charging stations|Aluminum,Mt/yr,low,4.6900001e-07,5.4399999e-07,5.5300001e-07,5.7000000e-07,5.1100000e-07,5.0599999e-07,5.0599999e-07,5.0599999e-07,5.0599999e-07,5.0599999e-07,5.0599999e-07,5.0599999e-07,5.0599999e-07,5.0599999e-07,5.0599999e-07,5.0599999e-07,5.0599999e-07,5.0599999e-07
GLOMIS,CircEular-A,CHN,Material Demand|Infrastructure|Charging stations|Concrete,Mt/yr,low,.0000726,.000084300002,.000085699998,.000088300003,.000079099998,.0000784,.0000784,.0000784,.0000784,.0000784,.0000784,.0000784,.0000784,.0000784,.0000784,.0000784,.0000784,.0000784
GLOMIS,CircEular-A,CHN,Material Demand|Infrastructure|Charging stations|Iron_steel,Mt/yr,low,.0000121,.000014,.0000143,.0000147,.0000132,.0000131,.0000131,.0000131,.0000131,.0000131,.0000131,.0000131,.0000131,.0000131,.0000131,.0000131,.0000131,.0000131
GLOMIS,CircEular-A,CHN,Material Demand|Infrastructure|Fuel stations|Aluminum,Mt/yr,low,.000402256,.000446644,.00041042001,.000398923,.00030353901,.000296554,.000296554,.000296554,.000296554,.000296554,.000296554,.000296554,.000296554,.000296554,.000296554,.000296554,.000296554,.000296554
GLOMIS,CircEular-A,CHN,Material Demand|Infrastructure|Fuel stations|Concrete,Mt/yr,low,1.5022287,1.6679975,1.5327201,1.4897832,1.1335713,1.1074839,1.1074839,1.1074839,1.1074839,1.1074839,1.1074839,1.1074839,1.1074839,1.1074839,1.1074839,1.1074839,1.1074839,1.1074839
GLOMIS,CircEular-A,CHN,Material Demand|Infrastructure|Fuel stations|Iron_steel,Mt/yr,low,.060014438,.06663695,.061232582,.059517235,.045286477,.044244274,.044244274,.044244274,.044244274,.044244274,.044244274,.044244274,.044244274,.044244274,.044244274,.044244274,.044244274,.044244274
GLOMIS,CircEular-A,CHN,Material Demand|Infrastructure|Parking|Aluminum,Mt/yr,low,.00056078797,.00059365598,.000481564,.00042916299,.00023375099,.000219583,.000219583,.000219583,.000219583,.000219583,.000219583,.000219583,.000219583,.000219583,.000219583,.000219583,.000219583,.000219583
GLOMIS,CircEular-A,CHN,Material Demand|Infrastructure|Parking|Asphalt,Mt/yr,low,2.0757775,2.3042777,2.1161649,2.0561337,1.5627178,1.5265849,1.5265849,1.5265849,1.5265849,1.5265849,1.5265849,1.5265849,1.5265849,1.5265849,1.5265849,1.5265849,1.5265849,1.5265849
GLOMIS,CircEular-A,CHN,Material Demand|Infrastructure|Parking|Concrete,Mt/yr,low,1.7284427,1.8297453,1.48426,1.3227499,.72045898,.67679113,.67679113,.67679113,.67679113,.67679113,.67679113,.67679113,.67679113,.67679113,.67679113,.67679113,.67679113,.67679113
GLOMIS,CircEular-A,CHN,Material Demand|Infrastructure|Parking|Iron_steel,Mt/yr,low,.016982408,.017977731,.014583247,.012996367,.0070786998,.006649652,.006649652,.006649652,.006649652,.006649652,.006649652,.006649652,.006649652,.006649652,.006649652,.006649652,.006649652,.006649652
GLOMIS,CircEular-A,CHN,Material Demand|Infrastructure|Rail|Aluminum,Mt/yr,low,.003682564,.0038395219,.0029784651,.002560552,.00115064,.001048615,.001048615,.001048615,.001048615,.001048615,.001048615,.001048615,.001048615,.001048615,.001048615,.001048615,.001048615,.001048615
GLOMIS,CircEular-A,CHN,Material Demand|Infrastructure|Rail|Concrete,Mt/yr,low,3.9659367,4.2159119,3.4604144,3.111809,1.7675774,1.6700579,1.6700579,1.6700579,1.6700579,1.6700579,1.6700579,1.6700579,1.6700579,1.6700579,1.6700579,1.6700579,1.6700579,1.6700579
GLOMIS,CircEular-A,CHN,Material Demand|Infrastructure|Rail|Iron_steel,Mt/yr,low,3.9221611,4.341578,3.9599636,3.8310764,2.8722355,2.8020799,2.8020799,2.8020799,2.8020799,2.8020799,2.8020799,2.8020799,2.8020799,2.8020799,2.8020799,2.8020799,2.8020799,2.8020799
GLOMIS,CircEular-A,CHN,Material Demand|Infrastructure|Roads|Aluminum,Mt/yr,low,0,0,0,0,0,0,0,0,0,0,0,0,0,0,0,0,0,0
GLOMIS,CircEular-A,CHN,Material Demand|Infrastructure|Roads|Asphalt,Mt/yr,low,478.65363,535.21887,500.06851,491.08408,385.64658,377.90628,377.90628,377.90628,377.90628,377.90628,377.90628,377.90628,377.90628,377.90628,377.90628,377.90628,377.90628,377.90628
GLOMIS,CircEular-A,CHN,Material Demand|Infrastructure|Roads|Concrete,Mt/yr,low,124.22784,135.94946,120.54516,114.50385,80.771431,78.310822,78.310822,78.310822,78.310822,78.310822,78.310822,78.310822,78.310822,78.310822,78.310822,78.310822,78.310822,78.310822
GLOMIS,CircEular-A,CHN,Material Demand|Infrastructure|Roads|Iron_steel,Mt/yr,low,0,0,0,0,0,0,0,0,0,0,0,0,0,0,0,0,0,0
GLOMIS,CircEular-A,CHN,Material Demand|Infrastructure|Runways|Aluminum,Mt/yr,low,0,0,0,0,0,0,0,0,0,0,0,0,0,0,0,0,0,0
GLOMIS,CircEular-A,CHN,Material Demand|Infrastructure|Runways|Concrete,Mt/yr,low,.65870982,.68678522,.53276569,.45801255,.20581801,.18756855,.18756855,.18756855,.18756855,.18756855,.18756855,.18756855,.18756855,.18756855,.18756855,.18756855,.18756855,.18756855
GLOMIS,CircEular-A,CHN,Material Demand|Infrastructure|Runways|Iron_steel,Mt/yr,low,0,0,0,0,0,0,0,0,0,0,0,0,0,0,0,0,0,0
GLOMIS,CircEular-A,CHN,Material Demand|Infrastructure|Tunnels|Aluminum,Mt/yr,low,.028116243,.029314607,.022740468,.019549718,.008785096,.0080061397,.0080061397,.0080061397,.0080061397,.0080061397,.0080061397,.0080061397,.0080061397,.0080061397,.0080061397,.0080061397,.0080061397,.0080061397
GLOMIS,CircEular-A,CHN,Material Demand|Infrastructure|Tunnels|Asphalt,Mt/yr,low,24.187805,27.19232,25.726213,25.455353,20.441677,20.072842,20.072842,20.072842,20.072842,20.072842,20.072842,20.072842,20.072842,20.072842,20.072842,20.072842,20.072842,20.072842
GLOMIS,CircEular-A,CHN,Material Demand|Infrastructure|Tunnels|Concrete,Mt/yr,low,198.13846,206.58347,160.25475,137.76915,61.909603,56.420204,56.420204,56.420204,56.420204,56.420204,56.420204,56.420204,56.420204,56.420204,56.420204,56.420204,56.420204,56.420204
GLOMIS,CircEular-A,CHN,Material Demand|Infrastructure|Tunnels|Iron_steel,Mt/yr,low,9.0194302,9.4038544,7.2949314,6.2713685,2.8181775,2.5682955,2.5682955,2.5682955,2.5682955,2.5682955,2.5682955,2.5682955,2.5682955,2.5682955,2.5682955,2.5682955,2.5682955,2.5682955
GLOMIS,CircEular-A,CHN,Material Release|Infrastructure|Bridges|Aluminum,Mt/yr,low,.0022343111,.0027585281,.0031467441,.00343096,.0034986499,.0035022369,.0035022369,.0035022369,.0035022369,.0035022369,.0035022369,.0035022369,.0035022369,.0035022369,.0035022369,.0035022369,.0035022369,.0035022369
GLOMIS,CircEular-A,CHN,Material Release|Infrastructure|Bridges|Asphalt,Mt/yr,low,23.062948,28.47401,32.481239,35.414967,36.113678,36.150703,36.150703,36.150703,36.150703,36.150703,36.150703,36.150703,36.150703,36.150703,36.150703,36.150703,36.150703,36.150703
GLOMIS,CircEular-A,CHN,Material Release|Infrastructure|Bridges|Concrete,Mt/yr,low,17.4844,21.586615,24.624561,26.848667,27.378374,27.406443,27.406443,27.406443,27.406443,27.406443,27.406443,27.406443,27.406443,27.406443,27.406443,27.406443,27.406443,27.406443
GLOMIS,CircEular-A,CHN,Material Release|Infrastructure|Bridges|Iron_steel,Mt/yr,low,6.5807037,8.1246777,9.2680874,10.105186,10.304554,10.315119,10.315119,10.315119,10.315119,10.315119,10.315119,10.315119,10.315119,10.315119,10.315119,10.315119,10.315119,10.315119
GLOMIS,CircEular-A,CHN,Material Release|Infrastructure|Buildings|Aluminum,Mt/yr,low,0,0,0,0,0,0,0,0,0,0,0,0,0,0,0,0,0,0
GLOMIS,CircEular-A,CHN,Material Release|Infrastructure|Buildings|Concrete,Mt/yr,low,1.5611045,1.9273731,2.1986179,2.3971984,2.4444938,2.4469998,2.4469998,2.4469998,2.4469998,2.4469998,2.4469998,2.4469998,2.4469998,2.4469998,2.4469998,2.4469998,2.4469998,2.4469998
GLOMIS,CircEular-A,CHN,Material Release|Infrastructure|Buildings|Iron_steel,Mt/yr,low,0,0,0,0,0,0,0,0,0,0,0,0,0,0,0,0,0,0
GLOMIS,CircEular-A,CHN,Material Release|Infrastructure|Charging stations|Aluminum,Mt/yr,low,3.2299999e-07,3.9899999e-07,4.5499999e-07,4.9599998e-07,5.0599999e-07,5.0599999e-07,5.0599999e-07,5.0599999e-07,5.0599999e-07,5.0599999e-07,5.0599999e-07,5.0599999e-07,5.0599999e-07,5.0599999e-07,5.0599999e-07,5.0599999e-07,5.0599999e-07,5.0599999e-07
GLOMIS,CircEular-A,CHN,Material Release|Infrastructure|Charging stations|Concrete,Mt/yr,low,.000049999999,.000061799998,.000070399998,.000076800003,.0000783,.0000784,.0000784,.0000784,.0000784,.0000784,.0000784,.0000784,.0000784,.0000784,.0000784,.0000784,.0000784,.0000784
GLOMIS,CircEular-A,CHN,Material Release|Infrastructure|Charging stations|Iron_steel,Mt/yr,low,8.3300001e-06,.0000103,.0000117,.0000128,.0000131,.0000131,.0000131,.0000131,.0000131,.0000131,.0000131,.0000131,.0000131,.0000131,.0000131,.0000131,.0000131,.0000131
GLOMIS,CircEular-A,CHN,Material Release|Infrastructure|Fuel stations|Aluminum,Mt/yr,low,.00018919101,.00023357999,.000266452,.00029051799,.00029624999,.000296554,.000296554,.000296554,.000296554,.000296554,.000296554,.000296554,.000296554,.000296554,.000296554,.000296554,.000296554,.000296554
GLOMIS,CircEular-A,CHN,Material Release|Infrastructure|Fuel stations|Concrete,Mt/yr,low,.70653802,.87230682,.99506909,1.0849444,1.1063496,1.1074839,1.1074839,1.1074839,1.1074839,1.1074839,1.1074839,1.1074839,1.1074839,1.1074839,1.1074839,1.1074839,1.1074839,1.1074839
GLOMIS,CircEular-A,CHN,Material Release|Infrastructure|Fuel stations|Iron_steel,Mt/yr,low,.028226379,.034848891,.039753281,.04334382,.044198964,.044244274,.044244274,.044244274,.044244274,.044244274,.044244274,.044244274,.044244274,.044244274,.044244274,.044244274,.044244274,.044244274
GLOMIS,CircEular-A,CHN,Material Release|Infrastructure|Parking|Aluminum,Mt/yr,low,.000140087,.00017295399,.00019729399,.00021511401,.000219358,.000219583,.000219583,.000219583,.000219583,.000219583,.000219583,.000219583,.000219583,.000219583,.000219583,.000219583,.000219583,.000219583
GLOMIS,CircEular-A,CHN,Material Release|Infrastructure|Parking|Asphalt,Mt/yr,low,.97391045,1.2024106,1.3716295,1.4955159,1.5250213,1.5265849,1.5265849,1.5265849,1.5265849,1.5265849,1.5265849,1.5265849,1.5265849,1.5265849,1.5265849,1.5265849,1.5265849,1.5265849
GLOMIS,CircEular-A,CHN,Material Release|Infrastructure|Parking|Concrete,Mt/yr,low,.43177029,.53307283,.60809368,.66301715,.67609799,.67679113,.67679113,.67679113,.67679113,.67679113,.67679113,.67679113,.67679113,.67679113,.67679113,.67679113,.67679113,.67679113
GLOMIS,CircEular-A,CHN,Material Release|Infrastructure|Parking|Iron_steel,Mt/yr,low,.0042422581,.0052375812,.005974682,.0065143192,.0066428422,.006649652,.006649652,.006649652,.006649652,.006649652,.006649652,.006649652,.006649652,.006649652,.006649652,.006649652,.006649652,.006649652
GLOMIS,CircEular-A,CHN,Material Release|Infrastructure|Rail|Aluminum,Mt/yr,low,.00066898199,.000825939,.00094217598,.0010272739,.001047541,.001048615,.001048615,.001048615,.001048615,.001048615,.001048615,.001048615,.001048615,.001048615,.001048615,.001048615,.001048615,.001048615
GLOMIS,CircEular-A,CHN,Material Release|Infrastructure|Rail|Concrete,Mt/yr,low,1.0654415,1.3154168,1.5005393,1.6360688,1.6683474,1.6700579,1.6700579,1.6700579,1.6700579,1.6700579,1.6700579,1.6700579,1.6700579,1.6700579,1.6700579,1.6700579,1.6700579,1.6700579
GLOMIS,CircEular-A,CHN,Material Release|Infrastructure|Rail|Iron_steel,Mt/yr,low,1.7876341,2.2070513,2.5176561,2.7450523,2.7992103,2.8020799,2.8020799,2.8020799,2.8020799,2.8020799,2.8020799,2.8020799,2.8020799,2.8020799,2.8020799,2.8020799,2.8020799,2.8020799
GLOMIS,CircEular-A,CHN,Material Release|Infrastructure|Roads|Aluminum,Mt/yr,low,0,0,0,0,0,0,0,0,0,0,0,0,0,0,0,0,0,0
GLOMIS,CircEular-A,CHN,Material Release|Infrastructure|Roads|Asphalt,Mt/yr,low,241.09167,297.65692,339.54703,370.21515,377.51926,377.90628,377.90628,377.90628,377.90628,377.90628,377.90628,377.90628,377.90628,377.90628,377.90628,377.90628,377.90628,377.90628
GLOMIS,CircEular-A,CHN,Material Release|Infrastructure|Roads|Concrete,Mt/yr,low,49.959702,61.681316,70.361908,76.717041,78.230614,78.310822,78.310822,78.310822,78.310822,78.310822,78.310822,78.310822,78.310822,78.310822,78.310822,78.310822,78.310822,78.310822
GLOMIS,CircEular-A,CHN,Material Release|Infrastructure|Roads|Iron_steel,Mt/yr,low,0,0,0,0,0,0,0,0,0,0,0,0,0,0,0,0,0,0
GLOMIS,CircEular-A,CHN,Material Release|Infrastructure|Runways|Aluminum,Mt/yr,low,0,0,0,0,0,0,0,0,0,0,0,0,0,0,0,0,0,0
GLOMIS,CircEular-A,CHN,Material Release|Infrastructure|Runways|Concrete,Mt/yr,low,.11966252,.14773789,.16852948,.18375117,.18737645,.18756855,.18756855,.18756855,.18756855,.18756855,.18756855,.18756855,.18756855,.18756855,.18756855,.18756855,.18756855,.18756855
GLOMIS,CircEular-A,CHN,Material Release|Infrastructure|Runways|Iron_steel,Mt/yr,low,0,0,0,0,0,0,0,0,0,0,0,0,0,0,0,0,0,0
GLOMIS,CircEular-A,CHN,Material Release|Infrastructure|Tunnels|Aluminum,Mt/yr,low,.0051076519,.006306015,.0071934802,.0078431992,.0079979403,.0080061397,.0080061397,.0080061397,.0080061397,.0080061397,.0080061397,.0080061397,.0080061397,.0080061397,.0080061397,.0080061397,.0080061397,.0080061397
GLOMIS,CircEular-A,CHN,Material Release|Infrastructure|Tunnels|Asphalt,Mt/yr,low,12.805806,15.810322,18.035357,19.664316,20.052282,20.072842,20.072842,20.072842,20.072842,20.072842,20.072842,20.072842,20.072842,20.072842,20.072842,20.072842,20.072842,20.072842
GLOMIS,CircEular-A,CHN,Material Release|Infrastructure|Tunnels|Concrete,Mt/yr,low,35.994217,44.439228,50.693295,55.271942,56.362419,56.420204,56.420204,56.420204,56.420204,56.420204,56.420204,56.420204,56.420204,56.420204,56.420204,56.420204,56.420204,56.420204
GLOMIS,CircEular-A,CHN,Material Release|Infrastructure|Tunnels|Iron_steel,Mt/yr,low,1.6384872,2.0229115,2.3076017,2.5160255,2.565665,2.5682955,2.5682955,2.5682955,2.5682955,2.5682955,2.5682955,2.5682955,2.5682955,2.5682955,2.5682955,2.5682955,2.5682955,2.5682955
GLOMIS,CircEular-A,EEU,Material Demand|Infrastructure|Bridges|Aluminum,Mt/yr,low,.000095000003,.000098700002,.000044699998,.0000396,.0000296,.0000296,.0000296,.0000296,.0000296,.0000296,.0000296,.0000296,.0000296,.0000296,.0000296,.0000296,.0000296,.0000296
GLOMIS,CircEular-A,EEU,Material Demand|Infrastructure|Bridges|Asphalt,Mt/yr,low,1.2688183,1.3878403,1.0391502,1.0175173,.94905776,.94905776,.94905776,.94905776,.94905776,.94905776,.94905776,.94905776,.94905776,.94905776,.94905776,.94905776,.94905776,.94905776
GLOMIS,CircEular-A,EEU,Material Demand|Infrastructure|Bridges|Concrete,Mt/yr,low,2.6876314,2.7925766,1.2644356,1.11996,.8368116,.8368116,.8368116,.8368116,.8368116,.8368116,.8368116,.8368116,.8368116,.8368116,.8368116,.8368116,.8368116,.8368116
GLOMIS,CircEular-A,EEU,Material Demand|Infrastructure|Bridges|Iron_steel,Mt/yr,low,.71399188,.74187148,.33590797,.29752678,.22230604,.22230604,.22230604,.22230604,.22230604,.22230604,.22230604,.22230604,.22230604,.22230604,.22230604,.22230604,.22230604,.22230604
GLOMIS,CircEular-A,EEU,Material Demand|Infrastructure|Buildings|Aluminum,Mt/yr,low,0,0,0,0,0,0,0,0,0,0,0,0,0,0,0,0,0,0
GLOMIS,CircEular-A,EEU,Material Demand|Infrastructure|Buildings|Concrete,Mt/yr,low,1.7387996,1.8163904,.87975168,.7927801,.61869347,.61869347,.61869347,.61869347,.61869347,.61869347,.61869347,.61869347,.61869347,.61869347,.61869347,.61869347,.61869347,.61869347
GLOMIS,CircEular-A,EEU,Material Demand|Infrastructure|Buildings|Iron_steel,Mt/yr,low,0,0,0,0,0,0,0,0,0,0,0,0,0,0,0,0,0,0
GLOMIS,CircEular-A,EEU,Material Demand|Infrastructure|Charging stations|Aluminum,Mt/yr,low,2.2300001e-06,2.4999999e-06,2.1999999e-06,2.1999999e-06,2.1400001e-06,2.1400001e-06,2.1400001e-06,2.1400001e-06,2.1400001e-06,2.1400001e-06,2.1400001e-06,2.1400001e-06,2.1400001e-06,2.1400001e-06,2.1400001e-06,2.1400001e-06,2.1400001e-06,2.1400001e-06
GLOMIS,CircEular-A,EEU,Material Demand|Infrastructure|Charging stations|Concrete,Mt/yr,low,.00034569501,.00038719599,.000340867,.00034105501,.00033091899,.00033091899,.00033091899,.00033091899,.00033091899,.00033091899,.00033091899,.00033091899,.00033091899,.00033091899,.00033091899,.00033091899,.00033091899,.00033091899
GLOMIS,CircEular-A,EEU,Material Demand|Infrastructure|Charging stations|Iron_steel,Mt/yr,low,.000057599998,.000064499996,.0000568,.0000568,.000055100001,.000055100001,.000055100001,.000055100001,.000055100001,.000055100001,.000055100001,.000055100001,.000055100001,.000055100001,.000055100001,.000055100001,.000055100001,.000055100001
GLOMIS,CircEular-A,EEU,Material Demand|Infrastructure|Fuel stations|Aluminum,Mt/yr,low,.000152169,.000165744,.000120172,.000117108,.000108241,.000108241,.000108241,.000108241,.000108241,.000108241,.000108241,.000108241,.000108241,.000108241,.000108241,.000108241,.000108241,.000108241
GLOMIS,CircEular-A,EEU,Material Demand|Infrastructure|Fuel stations|Concrete,Mt/yr,low,.56827807,.61897254,.4487825,.4373419,.40422752,.40422752,.40422752,.40422752,.40422752,.40422752,.40422752,.40422752,.40422752,.40422752,.40422752,.40422752,.40422752,.40422752
GLOMIS,CircEular-A,EEU,Material Demand|Infrastructure|Fuel stations|Iron_steel,Mt/yr,low,.022702862,.024728119,.017928982,.017471926,.016148997,.016148997,.016148997,.016148997,.016148997,.016148997,.016148997,.016148997,.016148997,.016148997,.016148997,.016148997,.016148997,.016148997
GLOMIS,CircEular-A,EEU,Material Demand|Infrastructure|Parking|Aluminum,Mt/yr,low,.001685628,.001773376,.0009326,.00085668801,.00069968501,.00069968501,.00069968501,.00069968501,.00069968501,.00069968501,.00069968501,.00069968501,.00069968501,.00069968501,.00069968501,.00069968501,.00069968501,.00069968501
GLOMIS,CircEular-A,EEU,Material Demand|Infrastructure|Parking|Asphalt,Mt/yr,low,3.0084438,3.276289,2.3724668,2.3115454,2.1357419,2.1357419,2.1357419,2.1357419,2.1357419,2.1357419,2.1357419,2.1357419,2.1357419,2.1357419,2.1357419,2.1357419,2.1357419,2.1357419
GLOMIS,CircEular-A,EEU,Material Demand|Infrastructure|Parking|Concrete,Mt/yr,low,3.75773,3.9533448,2.0790236,1.909793,1.5597916,1.5597916,1.5597916,1.5597916,1.5597916,1.5597916,1.5597916,1.5597916,1.5597916,1.5597916,1.5597916,1.5597916,1.5597916,1.5597916
GLOMIS,CircEular-A,EEU,Material Demand|Infrastructure|Parking|Iron_steel,Mt/yr,low,.025343027,.026662299,.014021431,.012880099,.010519606,.010519606,.010519606,.010519606,.010519606,.010519606,.010519606,.010519606,.010519606,.010519606,.010519606,.010519606,.010519606,.010519606
GLOMIS,CircEular-A,EEU,Material Demand|Infrastructure|Rail|Aluminum,Mt/yr,low,.006777056,.007243963,.004475846,.004247135,.00372302,.00372302,.00372302,.00372302,.00372302,.00372302,.00372302,.00372302,.00372302,.00372302,.00372302,.00372302,.00372302,.00372302
GLOMIS,CircEular-A,EEU,Material Demand|Infrastructure|Rail|Concrete,Mt/yr,low,1.9097055,2.0404911,1.2562581,1.1912842,1.0428582,1.0428582,1.0428582,1.0428582,1.0428582,1.0428582,1.0428582,1.0428582,1.0428582,1.0428582,1.0428582,1.0428582,1.0428582,1.0428582
GLOMIS,CircEular-A,EEU,Material Demand|Infrastructure|Rail|Iron_steel,Mt/yr,low,1.4497101,1.5787331,1.1429502,1.1135623,1.0288025,1.0288025,1.0288025,1.0288025,1.0288025,1.0288025,1.0288025,1.0288025,1.0288025,1.0288025,1.0288025,1.0288025,1.0288025,1.0288025
GLOMIS,CircEular-A,EEU,Material Demand|Infrastructure|Roads|Aluminum,Mt/yr,low,0,0,0,0,0,0,0,0,0,0,0,0,0,0,0,0,0,0
GLOMIS,CircEular-A,EEU,Material Demand|Infrastructure|Roads|Asphalt,Mt/yr,low,91.966255,100.35587,73.80896,72.081879,66.897049,66.897049,66.897049,66.897049,66.897049,66.897049,66.897049,66.897049,66.897049,66.897049,66.897049,66.897049,66.897049,66.897049
GLOMIS,CircEular-A,EEU,Material Demand|Infrastructure|Roads|Concrete,Mt/yr,low,0,0,0,0,0,0,0,0,0,0,0,0,0,0,0,0,0,0
GLOMIS,CircEular-A,EEU,Material Demand|Infrastructure|Roads|Iron_steel,Mt/yr,low,0,0,0,0,0,0,0,0,0,0,0,0,0,0,0,0,0,0
GLOMIS,CircEular-A,EEU,Material Demand|Infrastructure|Tunnels|Aluminum,Mt/yr,low,.00068460801,.00071133999,.000322084,.000285282,.00021315701,.00021315701,.00021315701,.00021315701,.00021315701,.00021315701,.00021315701,.00021315701,.00021315701,.00021315701,.00021315701,.00021315701,.00021315701,.00021315701
GLOMIS,CircEular-A,EEU,Material Demand|Infrastructure|Tunnels|Asphalt,Mt/yr,low,.35021457,.38379619,.29146603,.28598401,.26777285,.26777285,.26777285,.26777285,.26777285,.26777285,.26777285,.26777285,.26777285,.26777285,.26777285,.26777285,.26777285,.26777285
GLOMIS,CircEular-A,EEU,Material Demand|Infrastructure|Tunnels|Concrete,Mt/yr,low,3.9903758,4.1461897,1.877331,1.6628252,1.2424296,1.2424296,1.2424296,1.2424296,1.2424296,1.2424296,1.2424296,1.2424296,1.2424296,1.2424296,1.2424296,1.2424296,1.2424296,1.2424296
GLOMIS,CircEular-A,EEU,Material Demand|Infrastructure|Tunnels|Iron_steel,Mt/yr,low,.1850097,.19223386,.087040536,.077095188,.057603978,.057603978,.057603978,.057603978,.057603978,.057603978,.057603978,.057603978,.057603978,.057603978,.057603978,.057603978,.057603978,.057603978
GLOMIS,CircEular-A,EEU,Material Release|Infrastructure|Bridges|Aluminum,Mt/yr,low,.000023799999,.0000275,.0000289,.000029500001,.0000296,.0000296,.0000296,.0000296,.0000296,.0000296,.0000296,.0000296,.0000296,.0000296,.0000296,.0000296,.0000296,.0000296
GLOMIS,CircEular-A,EEU,Material Release|Infrastructure|Bridges|Asphalt,Mt/yr,low,.76291478,.88193679,.92687321,.94567746,.94905776,.94905776,.94905776,.94905776,.94905776,.94905776,.94905776,.94905776,.94905776,.94905776,.94905776,.94905776,.94905776,.94905776
GLOMIS,CircEular-A,EEU,Material Release|Infrastructure|Bridges|Concrete,Mt/yr,low,.67268395,.77762914,.81725085,.83383107,.8368116,.8368116,.8368116,.8368116,.8368116,.8368116,.8368116,.8368116,.8368116,.8368116,.8368116,.8368116,.8368116,.8368116
GLOMIS,CircEular-A,EEU,Material Release|Infrastructure|Bridges|Iron_steel,Mt/yr,low,.17870416,.20658372,.21710956,.22151424,.22230604,.22230604,.22230604,.22230604,.22230604,.22230604,.22230604,.22230604,.22230604,.22230604,.22230604,.22230604,.22230604,.22230604
GLOMIS,CircEular-A,EEU,Material Release|Infrastructure|Buildings|Aluminum,Mt/yr,low,0,0,0,0,0,0,0,0,0,0,0,0,0,0,0,0,0,0
GLOMIS,CircEular-A,EEU,Material Release|Infrastructure|Buildings|Concrete,Mt/yr,low,.49734634,.57493716,.60423136,.61648989,.61869347,.61869347,.61869347,.61869347,.61869347,.61869347,.61869347,.61869347,.61869347,.61869347,.61869347,.61869347,.61869347,.61869347
GLOMIS,CircEular-A,EEU,Material Release|Infrastructure|Buildings|Iron_steel,Mt/yr,low,0,0,0,0,0,0,0,0,0,0,0,0,0,0,0,0,0,0
GLOMIS,CircEular-A,EEU,Material Release|Infrastructure|Charging stations|Aluminum,Mt/yr,low,1.7200000e-06,1.9900001e-06,2.0900000e-06,2.1300000e-06,2.1400001e-06,2.1400001e-06,2.1400001e-06,2.1400001e-06,2.1400001e-06,2.1400001e-06,2.1400001e-06,2.1400001e-06,2.1400001e-06,2.1400001e-06,2.1400001e-06,2.1400001e-06,2.1400001e-06,2.1400001e-06
GLOMIS,CircEular-A,EEU,Material Release|Infrastructure|Charging stations|Concrete,Mt/yr,low,.00026601399,.000307515,.00032318299,.00032974,.00033091899,.00033091899,.00033091899,.00033091899,.00033091899,.00033091899,.00033091899,.00033091899,.00033091899,.00033091899,.00033091899,.00033091899,.00033091899,.00033091899
GLOMIS,CircEular-A,EEU,Material Release|Infrastructure|Charging stations|Iron_steel,Mt/yr,low,.000044299999,.000051200001,.000053899999,.0000549,.000055100001,.000055100001,.000055100001,.000055100001,.000055100001,.000055100001,.000055100001,.000055100001,.000055100001,.000055100001,.000055100001,.000055100001,.000055100001,.000055100001
GLOMIS,CircEular-A,EEU,Material Release|Infrastructure|Fuel stations|Aluminum,Mt/yr,low,.000087,.000100586,.000105711,.000107855,.000108241,.000108241,.000108241,.000108241,.000108241,.000108241,.000108241,.000108241,.000108241,.000108241,.000108241,.000108241,.000108241,.000108241
GLOMIS,CircEular-A,EEU,Material Release|Infrastructure|Fuel stations|Concrete,Mt/yr,low,.32494456,.37563902,.39477858,.40278777,.40422752,.40422752,.40422752,.40422752,.40422752,.40422752,.40422752,.40422752,.40422752,.40422752,.40422752,.40422752,.40422752,.40422752
GLOMIS,CircEular-A,EEU,Material Release|Infrastructure|Fuel stations|Iron_steel,Mt/yr,low,.012981622,.01500688,.01577151,.016091479,.016148997,.016148997,.016148997,.016148997,.016148997,.016148997,.016148997,.016148997,.016148997,.016148997,.016148997,.016148997,.016148997,.016148997
GLOMIS,CircEular-A,EEU,Material Release|Infrastructure|Parking|Aluminum,Mt/yr,low,.000562453,.00065020099,.00068333,.00069719303,.00069968501,.00069968501,.00069968501,.00069968501,.00069968501,.00069968501,.00069968501,.00069968501,.00069968501,.00069968501,.00069968501,.00069968501,.00069968501,.00069968501
GLOMIS,CircEular-A,EEU,Material Release|Infrastructure|Parking|Asphalt,Mt/yr,low,1.7168493,1.9846944,2.0858185,2.128135,2.1357419,2.1357419,2.1357419,2.1357419,2.1357419,2.1357419,2.1357419,2.1357419,2.1357419,2.1357419,2.1357419,2.1357419,2.1357419,2.1357419
GLOMIS,CircEular-A,EEU,Material Release|Infrastructure|Parking|Concrete,Mt/yr,low,1.2538626,1.4494772,1.5233309,1.5542361,1.5597916,1.5597916,1.5597916,1.5597916,1.5597916,1.5597916,1.5597916,1.5597916,1.5597916,1.5597916,1.5597916,1.5597916,1.5597916,1.5597916
GLOMIS,CircEular-A,EEU,Material Release|Infrastructure|Parking|Iron_steel,Mt/yr,low,.0084563484,.00977562,.010273707,.010482138,.010519606,.010519606,.010519606,.010519606,.010519606,.010519606,.010519606,.010519606,.010519606,.010519606,.010519606,.010519606,.010519606,.010519606
GLOMIS,CircEular-A,EEU,Material Release|Infrastructure|Rail|Aluminum,Mt/yr,low,.0029928079,.0034597151,.0036359939,.00370976,.00372302,.00372302,.00372302,.00372302,.00372302,.00372302,.00372302,.00372302,.00372302,.00372302,.00372302,.00372302,.00372302,.00372302
GLOMIS,CircEular-A,EEU,Material Release|Infrastructure|Rail|Concrete,Mt/yr,low,.83831769,.96910334,1.0184811,1.0391438,1.0428582,1.0428582,1.0428582,1.0428582,1.0428582,1.0428582,1.0428582,1.0428582,1.0428582,1.0428582,1.0428582,1.0428582,1.0428582,1.0428582
GLOMIS,CircEular-A,EEU,Material Release|Infrastructure|Rail|Iron_steel,Mt/yr,low,.82701886,.95604175,1.0047539,1.0251381,1.0288025,1.0288025,1.0288025,1.0288025,1.0288025,1.0288025,1.0288025,1.0288025,1.0288025,1.0288025,1.0288025,1.0288025,1.0288025,1.0288025
GLOMIS,CircEular-A,EEU,Material Release|Infrastructure|Roads|Aluminum,Mt/yr,low,0,0,0,0,0,0,0,0,0,0,0,0,0,0,0,0,0,0
GLOMIS,CircEular-A,EEU,Material Release|Infrastructure|Roads|Asphalt,Mt/yr,low,53.776226,62.165836,65.333305,66.658775,66.897049,66.897049,66.897049,66.897049,66.897049,66.897049,66.897049,66.897049,66.897049,66.897049,66.897049,66.897049,66.897049,66.897049
GLOMIS,CircEular-A,EEU,Material Release|Infrastructure|Roads|Concrete,Mt/yr,low,0,0,0,0,0,0,0,0,0,0,0,0,0,0,0,0,0,0
GLOMIS,CircEular-A,EEU,Material Release|Infrastructure|Roads|Iron_steel,Mt/yr,low,0,0,0,0,0,0,0,0,0,0,0,0,0,0,0,0,0,0
GLOMIS,CircEular-A,EEU,Material Release|Infrastructure|Tunnels|Aluminum,Mt/yr,low,.00017135,.00019808199,.000208175,.00021239799,.00021315701,.00021315701,.00021315701,.00021315701,.00021315701,.00021315701,.00021315701,.00021315701,.00021315701,.00021315701,.00021315701,.00021315701,.00021315701,.00021315701
GLOMIS,CircEular-A,EEU,Material Release|Infrastructure|Tunnels|Asphalt,Mt/yr,low,.21525335,.24883495,.26151359,.26681909,.26777285,.26777285,.26777285,.26777285,.26777285,.26777285,.26777285,.26777285,.26777285,.26777285,.26777285,.26777285,.26777285,.26777285
GLOMIS,CircEular-A,EEU,Material Release|Infrastructure|Tunnels|Concrete,Mt/yr,low,.99874628,1.1545603,1.2133874,1.2380044,1.2424296,1.2424296,1.2424296,1.2424296,1.2424296,1.2424296,1.2424296,1.2424296,1.2424296,1.2424296,1.2424296,1.2424296,1.2424296,1.2424296
GLOMIS,CircEular-A,EEU,Material Release|Infrastructure|Tunnels|Iron_steel,Mt/yr,low,.04630585,.053530008,.056257468,.057398807,.057603978,.057603978,.057603978,.057603978,.057603978,.057603978,.057603978,.057603978,.057603978,.057603978,.057603978,.057603978,.057603978,.057603978
GLOMIS,CircEular-A,FSU,Material Demand|Infrastructure|Bridges|Aluminum,Mt/yr,low,.000165524,.000170728,.000115216,.000150527,.000133582,.00012239099,.000120056,.000164691,.000170236,.000170236,.000170236,.000170236,.000170236,.000170236,.000170236,.000170236,.000170236,.000170236
GLOMIS,CircEular-A,FSU,Material Demand|Infrastructure|Bridges|Asphalt,Mt/yr,low,1.1513652,1.218397,1.0755066,1.2180241,1.1954869,1.1830566,1.1946574,1.3665694,1.4234842,1.4234842,1.4234842,1.4234842,1.4234842,1.4234842,1.4234842,1.4234842,1.4234842,1.4234842
GLOMIS,CircEular-A,FSU,Material Demand|Infrastructure|Bridges|Concrete,Mt/yr,low,2.1777496,2.2462144,1.5158538,1.9804353,1.7574989,1.6102642,1.5795391,2.1667824,2.239738,2.239738,2.239738,2.239738,2.239738,2.239738,2.239738,2.239738,2.239738,2.239738
GLOMIS,CircEular-A,FSU,Material Demand|Infrastructure|Bridges|Iron_steel,Mt/yr,low,.72331595,.74605584,.50347441,.65778011,.58373421,.53483182,.52462679,.71967334,.74390471,.74390471,.74390471,.74390471,.74390471,.74390471,.74390471,.74390471,.74390471,.74390471
GLOMIS,CircEular-A,FSU,Material Demand|Infrastructure|Buildings|Aluminum,Mt/yr,low,0,0,0,0,0,0,0,0,0,0,0,0,0,0,0,0,0,0
GLOMIS,CircEular-A,FSU,Material Demand|Infrastructure|Buildings|Concrete,Mt/yr,low,1.7913383,1.8539544,1.30288,1.6639645,1.50006,1.3923132,1.3727285,1.8274667,1.8912247,1.8912247,1.8912247,1.8912247,1.8912247,1.8912247,1.8912247,1.8912247,1.8912247,1.8912247
GLOMIS,CircEular-A,FSU,Material Demand|Infrastructure|Buildings|Iron_steel,Mt/yr,low,0,0,0,0,0,0,0,0,0,0,0,0,0,0,0,0,0,0
GLOMIS,CircEular-A,FSU,Material Demand|Infrastructure|Charging stations|Aluminum,Mt/yr,low,7.3100000e-07,7.8099998e-07,7.5200001e-07,8.1600001e-07,8.2600002e-07,8.3399999e-07,8.4900000e-07,9.2300002e-07,9.6400004e-07,9.6400004e-07,9.6400004e-07,9.6400004e-07,9.6400004e-07,9.6400004e-07,9.6400004e-07,9.6400004e-07,9.6400004e-07,9.6400004e-07
GLOMIS,CircEular-A,FSU,Material Demand|Infrastructure|Charging stations|Concrete,Mt/yr,low,.000113153,.000120942,.000116371,.000126363,.00012786,.000129186,.00013140999,.000142909,.000149217,.000149217,.000149217,.000149217,.000149217,.000149217,.000149217,.000149217,.000149217,.000149217
GLOMIS,CircEular-A,FSU,Material Demand|Infrastructure|Charging stations|Iron_steel,Mt/yr,low,.0000189,.000020199999,.0000194,.000021100001,.0000213,.0000215,.000021899999,.000023799999,.0000249,.0000249,.0000249,.0000249,.0000249,.0000249,.0000249,.0000249,.0000249,.0000249
GLOMIS,CircEular-A,FSU,Material Demand|Infrastructure|Fuel stations|Aluminum,Mt/yr,low,.000355831,.000376271,.000329934,.00037490201,.000367083,.00036265599,.00036599301,.00042036199,.00043778701,.00043778701,.00043778701,.00043778701,.00043778701,.00043778701,.00043778701,.00043778701,.00043778701,.00043778701
GLOMIS,CircEular-A,FSU,Material Demand|Infrastructure|Fuel stations|Concrete,Mt/yr,low,1.3288542,1.4051889,1.2321422,1.4000753,1.3708781,1.3543456,1.3668044,1.5698478,1.6349235,1.6349235,1.6349235,1.6349235,1.6349235,1.6349235,1.6349235,1.6349235,1.6349235,1.6349235
GLOMIS,CircEular-A,FSU,Material Demand|Infrastructure|Fuel stations|Iron_steel,Mt/yr,low,.053088084,.056137677,.049224414,.05593339,.054766949,.054106474,.054604203,.062715843,.065315627,.065315627,.065315627,.065315627,.065315627,.065315627,.065315627,.065315627,.065315627,.065315627
GLOMIS,CircEular-A,FSU,Material Demand|Infrastructure|Parking|Aluminum,Mt/yr,low,.0011769111,.001223231,.00090204802,.001121956,.001030289,.00097048999,.00096230197,.001237783,.001282754,.001282754,.001282754,.001282754,.001282754,.001282754,.001282754,.001282754,.001282754,.001282754
GLOMIS,CircEular-A,FSU,Material Demand|Infrastructure|Parking|Asphalt,Mt/yr,low,2.2805274,2.4113636,2.1130731,2.4018304,2.3512082,2.3224821,2.343713,2.6929169,2.804498,2.804498,2.804498,2.804498,2.804498,2.804498,2.804498,2.804498,2.804498,2.804498
GLOMIS,CircEular-A,FSU,Material Demand|Infrastructure|Parking|Concrete,Mt/yr,low,3.2593834,3.3876641,2.4981656,3.107188,2.8533206,2.6877122,2.6650348,3.427963,3.5525084,3.5525084,3.5525084,3.5525084,3.5525084,3.5525084,3.5525084,3.5525084,3.5525084,3.5525084
GLOMIS,CircEular-A,FSU,Material Demand|Infrastructure|Parking|Iron_steel,Mt/yr,low,.029060319,.030204054,.02227338,.027703362,.025439907,.023963358,.02376117,.030563354,.031673793,.031673793,.031673793,.031673793,.031673793,.031673793,.031673793,.031673793,.031673793,.031673793
GLOMIS,CircEular-A,FSU,Material Demand|Infrastructure|Rail|Aluminum,Mt/yr,low,.012187935,.012774213,.010288972,.012209887,.011590135,.011196994,.011208455,.013582304,.014111435,.014111435,.014111435,.014111435,.014111435,.014111435,.014111435,.014111435,.014111435,.014111435
GLOMIS,CircEular-A,FSU,Material Demand|Infrastructure|Rail|Concrete,Mt/yr,low,3.1217017,3.2705505,2.623631,3.1200328,2.9572301,2.8537452,2.8554933,3.4694173,3.6041617,3.6041617,3.6041617,3.6041617,3.6041617,3.6041617,3.6041617,3.6041617,3.6041617,3.6041617
GLOMIS,CircEular-A,FSU,Material Demand|Infrastructure|Rail|Iron_steel,Mt/yr,low,3.119988,3.2987933,2.8891931,3.2848814,3.2150338,3.175328,3.2042007,3.6828065,3.8353465,3.8353465,3.8353465,3.8353465,3.8353465,3.8353465,3.8353465,3.8353465,3.8353465,3.8353465
GLOMIS,CircEular-A,FSU,Material Demand|Infrastructure|Roads|Aluminum,Mt/yr,low,0,0,0,0,0,0,0,0,0,0,0,0,0,0,0,0,0,0
GLOMIS,CircEular-A,FSU,Material Demand|Infrastructure|Roads|Asphalt,Mt/yr,low,146.34129,154.81525,136.29088,154.55893,151.55226,149.87482,151.30782,173.36481,180.57147,180.57147,180.57147,180.57147,180.57147,180.57147,180.57147,180.57147,180.57147,180.57147
GLOMIS,CircEular-A,FSU,Material Demand|Infrastructure|Roads|Concrete,Mt/yr,low,0,0,0,0,0,0,0,0,0,0,0,0,0,0,0,0,0,0
GLOMIS,CircEular-A,FSU,Material Demand|Infrastructure|Roads|Iron_steel,Mt/yr,low,0,0,0,0,0,0,0,0,0,0,0,0,0,0,0,0,0,0
GLOMIS,CircEular-A,FSU,Material Demand|Infrastructure|Tunnels|Aluminum,Mt/yr,low,.001636492,.00168794,.001139103,.001488218,.00132069,.001210049,.00118696,.00162825,.001683073,.001683073,.001683073,.001683073,.001683073,.001683073,.001683073,.001683073,.001683073,.001683073
GLOMIS,CircEular-A,FSU,Material Demand|Infrastructure|Tunnels|Asphalt,Mt/yr,low,.10197315,.10794888,.095600381,.10809267,.10621689,.1051985,.1062611,.12131202,.12637596,.12637596,.12637596,.12637596,.12637596,.12637596,.12637596,.12637596,.12637596,.12637596
GLOMIS,CircEular-A,FSU,Material Demand|Infrastructure|Tunnels|Concrete,Mt/yr,low,5.3738689,5.5428147,3.7405586,4.8869715,4.3368478,3.9735279,3.8977098,5.346806,5.5268331,5.5268331,5.5268331,5.5268331,5.5268331,5.5268331,5.5268331,5.5268331,5.5268331,5.5268331
GLOMIS,CircEular-A,FSU,Material Demand|Infrastructure|Tunnels|Iron_steel,Mt/yr,low,.2816169,.29047048,.19602346,.25610107,.22727193,.20823219,.20425896,.28019866,.28963295,.28963295,.28963295,.28963295,.28963295,.28963295,.28963295,.28963295,.28963295,.28963295
GLOMIS,CircEular-A,FSU,Material Release|Infrastructure|Bridges|Aluminum,Mt/yr,low,.000065599997,.000070800001,.0000736,.000077099998,.000080099999,.000082300001,.000084200001,.000087799999,.000091900001,.000091900001,.000091900001,.000091900001,.000091900001,.000091900001,.000091900001,.000091900001,.000091900001,.000091900001
GLOMIS,CircEular-A,FSU,Material Release|Infrastructure|Bridges|Asphalt,Mt/yr,low,.84515446,.91218626,.94793397,.99293774,1.0315092,1.0602032,1.0848176,1.1308987,1.1832824,1.1832824,1.1832824,1.1832824,1.1832824,1.1832824,1.1832824,1.1832824,1.1832824,1.1832824
GLOMIS,CircEular-A,FSU,Material Release|Infrastructure|Bridges|Concrete,Mt/yr,low,.86322296,.93168789,.96819979,1.0141658,1.0535618,1.0828692,1.1080099,1.1550761,1.2085797,1.2085797,1.2085797,1.2085797,1.2085797,1.2085797,1.2085797,1.2085797,1.2085797,1.2085797
GLOMIS,CircEular-A,FSU,Material Release|Infrastructure|Bridges|Iron_steel,Mt/yr,low,.28671017,.30945003,.32157707,.33684418,.34992912,.35966331,.36801353,.38364604,.40141666,.40141666,.40141666,.40141666,.40141666,.40141666,.40141666,.40141666,.40141666,.40141666
GLOMIS,CircEular-A,FSU,Material Release|Infrastructure|Buildings|Aluminum,Mt/yr,low,0,0,0,0,0,0,0,0,0,0,0,0,0,0,0,0,0,0
GLOMIS,CircEular-A,FSU,Material Release|Infrastructure|Buildings|Concrete,Mt/yr,low,.78948003,.8520962,.88548893,.9275282,.96355867,.99036247,1.0133555,1.056401,1.1053338,1.1053338,1.1053338,1.1053338,1.1053338,1.1053338,1.1053338,1.1053338,1.1053338,1.1053338
GLOMIS,CircEular-A,FSU,Material Release|Infrastructure|Buildings|Iron_steel,Mt/yr,low,0,0,0,0,0,0,0,0,0,0,0,0,0,0,0,0,0,0
GLOMIS,CircEular-A,FSU,Material Release|Infrastructure|Charging stations|Aluminum,Mt/yr,low,6.3400000e-07,6.8499997e-07,7.1099998e-07,7.4500002e-07,7.7400000e-07,7.9599999e-07,8.1399997e-07,8.4900000e-07,8.8799999e-07,8.8799999e-07,8.8799999e-07,8.8799999e-07,8.8799999e-07,8.8799999e-07,8.8799999e-07,8.8799999e-07,8.8799999e-07,8.8799999e-07
GLOMIS,CircEular-A,FSU,Material Release|Infrastructure|Charging stations|Concrete,Mt/yr,low,.000098199998,.000105988,.000110141,.00011537,.000119852,.00012318599,.000126046,.0001314,.000137487,.000137487,.000137487,.000137487,.000137487,.000137487,.000137487,.000137487,.000137487,.000137487
GLOMIS,CircEular-A,FSU,Material Release|Infrastructure|Charging stations|Iron_steel,Mt/yr,low,.000016399999,.0000177,.0000184,.000019200001,.000019999999,.0000205,.000021,.000021899999,.0000229,.0000229,.0000229,.0000229,.0000229,.0000229,.0000229,.0000229,.0000229,.0000229
GLOMIS,CircEular-A,FSU,Material Release|Infrastructure|Fuel stations|Aluminum,Mt/yr,low,.00025771701,.00027815701,.00028905799,.000302781,.00031454299,.000323293,.000330799,.00034485001,.00036082399,.00036082399,.00036082399,.00036082399,.00036082399,.00036082399,.00036082399,.00036082399,.00036082399,.00036082399
GLOMIS,CircEular-A,FSU,Material Release|Infrastructure|Fuel stations|Concrete,Mt/yr,low,.96244746,1.0387822,1.079491,1.1307405,1.1746651,1.2073413,1.2353719,1.2878482,1.3475019,1.3475019,1.3475019,1.3475019,1.3475019,1.3475019,1.3475019,1.3475019,1.3475019,1.3475019
GLOMIS,CircEular-A,FSU,Material Release|Infrastructure|Fuel stations|Iron_steel,Mt/yr,low,.038450036,.04149963,.043125957,.045173395,.046928186,.048233613,.049353439,.051449884,.05383306,.05383306,.05383306,.05383306,.05383306,.05383306,.05383306,.05383306,.05383306,.05383306
GLOMIS,CircEular-A,FSU,Material Release|Infrastructure|Parking|Aluminum,Mt/yr,low,.00058401498,.00063033501,.000655037,.00068613503,.00071278901,.00073261699,.00074962602,.000781468,.000817666,.000817666,.000817666,.000817666,.000817666,.000817666,.000817666,.000817666,.000817666,.000817666
GLOMIS,CircEular-A,FSU,Material Release|Infrastructure|Parking|Asphalt,Mt/yr,low,1.6496136,1.7804497,1.8502238,1.9380645,2.01335,2.0693562,2.1174002,2.2073433,2.3095884,2.3095884,2.3095884,2.3095884,2.3095884,2.3095884,2.3095884,2.3095884,2.3095884,2.3095884
GLOMIS,CircEular-A,FSU,Material Release|Infrastructure|Parking|Concrete,Mt/yr,low,1.6173929,1.7456734,1.8140845,1.9002094,1.9740245,2.0289369,2.0760424,2.1642287,2.2644765,2.2644765,2.2644765,2.2644765,2.2644765,2.2644765,2.2644765,2.2644765,2.2644765,2.2644765
GLOMIS,CircEular-A,FSU,Material Release|Infrastructure|Parking|Iron_steel,Mt/yr,low,.014420504,.01556424,.016174188,.016942067,.017600195,.018089788,.018509775,.019296035,.020189835,.020189835,.020189835,.020189835,.020189835,.020189835,.020189835,.020189835,.020189835,.020189835
GLOMIS,CircEular-A,FSU,Material Release|Infrastructure|Rail|Aluminum,Mt/yr,low,.007391945,.0079782233,.0082908822,.0086844973,.0090218531,.0092728185,.009488103,.0098911412,.010349302,.010349302,.010349302,.010349302,.010349302,.010349302,.010349302,.010349302,.010349302,.010349302
GLOMIS,CircEular-A,FSU,Material Release|Infrastructure|Rail|Concrete,Mt/yr,low,1.8767228,2.0255716,2.1049519,2.2048857,2.2905362,2.3542533,2.4089115,2.5112376,2.6275589,2.6275589,2.6275589,2.6275589,2.6275589,2.6275589,2.6275589,2.6275589,2.6275589,2.6275589
GLOMIS,CircEular-A,FSU,Material Release|Infrastructure|Rail|Iron_steel,Mt/yr,low,2.2544229,2.4332283,2.528584,2.6486304,2.7515182,2.8280587,2.8937171,3.0166368,3.1563685,3.1563685,3.1563685,3.1563685,3.1563685,3.1563685,3.1563685,3.1563685,3.1563685,3.1563685
GLOMIS,CircEular-A,FSU,Material Release|Infrastructure|Roads|Aluminum,Mt/yr,low,0,0,0,0,0,0,0,0,0,0,0,0,0,0,0,0,0,0
GLOMIS,CircEular-A,FSU,Material Release|Infrastructure|Roads|Asphalt,Mt/yr,low,106.84158,115.31552,119.83463,125.52386,130.39992,134.02733,137.13901,142.96442,149.58658,149.58658,149.58658,149.58658,149.58658,149.58658,149.58658,149.58658,149.58658,149.58658
GLOMIS,CircEular-A,FSU,Material Release|Infrastructure|Roads|Concrete,Mt/yr,low,0,0,0,0,0,0,0,0,0,0,0,0,0,0,0,0,0,0
GLOMIS,CircEular-A,FSU,Material Release|Infrastructure|Roads|Iron_steel,Mt/yr,low,0,0,0,0,0,0,0,0,0,0,0,0,0,0,0,0,0,0
GLOMIS,CircEular-A,FSU,Material Release|Infrastructure|Tunnels|Aluminum,Mt/yr,low,.000648677,.00070012599,.00072756299,.00076210499,.000791709,.00081373297,.00083262502,.00086799299,.000908199,.000908199,.000908199,.000908199,.000908199,.000908199,.000908199,.000908199,.000908199,.000908199
GLOMIS,CircEular-A,FSU,Material Release|Infrastructure|Tunnels|Asphalt,Mt/yr,low,.07534346,.081319191,.084506005,.088517979,.091956533,.094514534,.096708857,.10081687,.10548674,.10548674,.10548674,.10548674,.10548674,.10548674,.10548674,.10548674,.10548674,.10548674
GLOMIS,CircEular-A,FSU,Material Release|Infrastructure|Tunnels|Concrete,Mt/yr,low,2.1301105,2.2990563,2.389154,2.5025809,2.5997953,2.6721151,2.7341528,2.8502946,2.9823213,2.9823213,2.9823213,2.9823213,2.9823213,2.9823213,2.9823213,2.9823213,2.9823213,2.9823213
GLOMIS,CircEular-A,FSU,Material Release|Infrastructure|Tunnels|Iron_steel,Mt/yr,low,.11162815,.12048174,.1252033,.1311474,.13624193,.14003183,.14328292,.14936931,.15628815,.15628815,.15628815,.15628815,.15628815,.15628815,.15628815,.15628815,.15628815,.15628815
GLOMIS,CircEular-A,LAM,Material Demand|Infrastructure|Bridges|Aluminum,Mt/yr,low,.00067088701,.00069764402,.00040742499,.000538569,.00052714202,.00049499498,.00049158803,.00066368299,.00065837201,.00065837201,.00065837201,.00065837201,.00065837201,.00065837201,.00065837201,.00065837201,.00065837201,.00065837201
GLOMIS,CircEular-A,LAM,Material Demand|Infrastructure|Bridges|Asphalt,Mt/yr,low,2.4837856,2.72771,2.2334728,2.6129141,2.7011476,2.7315109,2.8126285,3.2968404,3.4221506,3.4221506,3.4221506,3.4221506,3.4221506,3.4221506,3.4221506,3.4221506,3.4221506,3.4221506
GLOMIS,CircEular-A,LAM,Material Demand|Infrastructure|Bridges|Concrete,Mt/yr,low,5.5091896,5.72891,3.3456917,4.4226151,4.3287783,4.0648003,4.0368185,5.4500241,5.406414,5.406414,5.406414,5.406414,5.406414,5.406414,5.406414,5.406414,5.406414,5.406414
GLOMIS,CircEular-A,LAM,Material Demand|Infrastructure|Bridges|Iron_steel,Mt/yr,low,1.0329942,1.0741925,.62733001,.82925725,.81166255,.76216567,.75691891,1.0219004,1.0137234,1.0137234,1.0137234,1.0137234,1.0137234,1.0137234,1.0137234,1.0137234,1.0137234,1.0137234
GLOMIS,CircEular-A,LAM,Material Demand|Infrastructure|Buildings|Aluminum,Mt/yr,low,0,0,0,0,0,0,0,0,0,0,0,0,0,0,0,0,0,0
GLOMIS,CircEular-A,LAM,Material Demand|Infrastructure|Buildings|Concrete,Mt/yr,low,.83298719,.87106895,.53019357,.68946487,.67965633,.64475447,.64366835,.85221398,.85048383,.85048383,.85048383,.85048383,.85048383,.85048383,.85048383,.85048383,.85048383,.85048383
GLOMIS,CircEular-A,LAM,Material Demand|Infrastructure|Buildings|Iron_steel,Mt/yr,low,0,0,0,0,0,0,0,0,0,0,0,0,0,0,0,0,0,0
GLOMIS,CircEular-A,LAM,Material Demand|Infrastructure|Charging stations|Aluminum,Mt/yr,low,2.3699999e-07,2.6800001e-07,2.4900001e-07,2.7999999e-07,2.9500001e-07,3.0499999e-07,3.1799999e-07,3.5599999e-07,3.7500001e-07,3.7500001e-07,3.7500001e-07,3.7500001e-07,3.7500001e-07,3.7500001e-07,3.7500001e-07,3.7500001e-07,3.7500001e-07,3.7500001e-07
GLOMIS,CircEular-A,LAM,Material Demand|Infrastructure|Charging stations|Concrete,Mt/yr,low,.000036699999,.000041399999,.000038599999,.000043399999,.000045699999,.0000473,.0000492,.000055199998,.000058099999,.000058099999,.000058099999,.000058099999,.000058099999,.000058099999,.000058099999,.000058099999,.000058099999,.000058099999
GLOMIS,CircEular-A,LAM,Material Demand|Infrastructure|Charging stations|Iron_steel,Mt/yr,low,6.1199999e-06,6.8999998e-06,6.4300002e-06,7.2299999e-06,7.6100000e-06,7.8700004e-06,8.1899998e-06,9.1900001e-06,9.6800004e-06,9.6800004e-06,9.6800004e-06,9.6800004e-06,9.6800004e-06,9.6800004e-06,9.6800004e-06,9.6800004e-06,9.6800004e-06,9.6800004e-06
GLOMIS,CircEular-A,LAM,Material Demand|Infrastructure|Fuel stations|Aluminum,Mt/yr,low,.00072867499,.00079694402,.00063876202,.00075249001,.00077540899,.00078092201,.00080258999,.00094812002,.00098158803,.00098158803,.00098158803,.00098158803,.00098158803,.00098158803,.00098158803,.00098158803,.00098158803,.00098158803
GLOMIS,CircEular-A,LAM,Material Demand|Infrastructure|Fuel stations|Concrete,Mt/yr,low,2.7212465,2.9761965,2.3854649,2.8101857,2.8957758,2.9163644,2.9972825,3.5407655,3.6657524,3.6657524,3.6657524,3.6657524,3.6657524,3.6657524,3.6657524,3.6657524,3.6657524,3.6657524
GLOMIS,CircEular-A,LAM,Material Demand|Infrastructure|Fuel stations|Iron_steel,Mt/yr,low,.10871453,.11889985,.095299967,.11226767,.11568703,.11650954,.11974224,.14145455,.14644779,.14644779,.14644779,.14644779,.14644779,.14644779,.14644779,.14644779,.14644779,.14644779
GLOMIS,CircEular-A,LAM,Material Demand|Infrastructure|Parking|Aluminum,Mt/yr,low,.001150509,.0012121201,.000777409,.00099079194,.00098536699,.00094645499,.00095078698,.001229312,.001235942,.001235942,.001235942,.001235942,.001235942,.001235942,.001235942,.001235942,.001235942,.001235942
GLOMIS,CircEular-A,LAM,Material Demand|Infrastructure|Parking|Asphalt,Mt/yr,low,2.4471331,2.6759267,2.1427965,2.5250826,2.6016231,2.6196477,2.6921072,3.1813469,3.293268,3.293268,3.293268,3.293268,3.293268,3.293268,3.293268,3.293268,3.293268,3.293268
GLOMIS,CircEular-A,LAM,Material Demand|Infrastructure|Parking|Concrete,Mt/yr,low,3.4715562,3.6574631,2.3457634,2.9896259,2.9732556,2.8558428,2.8689137,3.7093382,3.7293448,3.7293448,3.7293448,3.7293448,3.7293448,3.7293448,3.7293448,3.7293448,3.7293448,3.7293448
GLOMIS,CircEular-A,LAM,Material Demand|Infrastructure|Parking|Iron_steel,Mt/yr,low,.03350899,.035303444,.022642339,.028857185,.028699171,.027565852,.027692018,.035804164,.035997275,.035997275,.035997275,.035997275,.035997275,.035997275,.035997275,.035997275,.035997275,.035997275
GLOMIS,CircEular-A,LAM,Material Demand|Infrastructure|Rail|Aluminum,Mt/yr,low,.0069339718,.0074046808,.005182798,.0063960501,.0064529092,.0063208719,.0064112861,.0079850079,.0081244269,.0081244269,.0081244269,.0081244269,.0081244269,.0081244269,.0081244269,.0081244269,.0081244269,.0081244269
GLOMIS,CircEular-A,LAM,Material Demand|Infrastructure|Rail|Concrete,Mt/yr,low,1.6715707,1.7771536,1.2099205,1.5081769,1.5147736,1.474807,1.4914974,1.8792039,1.904917,1.904917,1.904917,1.904917,1.904917,1.904917,1.904917,1.904917,1.904917,1.904917
GLOMIS,CircEular-A,LAM,Material Demand|Infrastructure|Rail|Iron_steel,Mt/yr,low,1.4682108,1.6031564,1.2739849,1.5050477,1.5488756,1.5572934,1.5992633,1.8952465,1.9600703,1.9600703,1.9600703,1.9600703,1.9600703,1.9600703,1.9600703,1.9600703,1.9600703,1.9600703
GLOMIS,CircEular-A,LAM,Material Demand|Infrastructure|Roads|Aluminum,Mt/yr,low,0,0,0,0,0,0,0,0,0,0,0,0,0,0,0,0,0,0
GLOMIS,CircEular-A,LAM,Material Demand|Infrastructure|Roads|Asphalt,Mt/yr,low,314.22977,344.29303,278.57684,327.16391,337.60907,340.62939,350.37662,412.47595,427.53244,427.53244,427.53244,427.53244,427.53244,427.53244,427.53244,427.53244,427.53244,427.53244
GLOMIS,CircEular-A,LAM,Material Demand|Infrastructure|Roads|Concrete,Mt/yr,low,0,0,0,0,0,0,0,0,0,0,0,0,0,0,0,0,0,0
GLOMIS,CircEular-A,LAM,Material Demand|Infrastructure|Roads|Iron_steel,Mt/yr,low,0,0,0,0,0,0,0,0,0,0,0,0,0,0,0,0,0,0
GLOMIS,CircEular-A,LAM,Material Demand|Infrastructure|Tunnels|Aluminum,Mt/yr,low,.001007452,.001047632,.00061181898,.00080875302,.00079159299,.00074331998,.000738203,.00099663297,.00098865805,.00098865805,.00098865805,.00098865805,.00098865805,.00098865805,.00098865805,.00098865805,.00098865805,.00098865805
GLOMIS,CircEular-A,LAM,Material Demand|Infrastructure|Tunnels|Asphalt,Mt/yr,low,.32258159,.35469121,.29222417,.34118924,.35303599,.35742274,.36823609,.43066925,.44737417,.44737417,.44737417,.44737417,.44737417,.44737417,.44737417,.44737417,.44737417,.44737417
GLOMIS,CircEular-A,LAM,Material Demand|Infrastructure|Tunnels|Concrete,Mt/yr,low,4.5144138,4.6944599,2.7415714,3.6240385,3.5471456,3.3308332,3.3079038,4.4659319,4.4301958,4.4301958,4.4301958,4.4301958,4.4301958,4.4301958,4.4301958,4.4301958,4.4301958,4.4301958
GLOMIS,CircEular-A,LAM,Material Demand|Infrastructure|Tunnels|Iron_steel,Mt/yr,low,.22333266,.23223974,.13562834,.17928489,.17548092,.16477971,.16364537,.22093421,.21916632,.21916632,.21916632,.21916632,.21916632,.21916632,.21916632,.21916632,.21916632,.21916632
GLOMIS,CircEular-A,LAM,Material Release|Infrastructure|Bridges|Aluminum,Mt/yr,low,.000157159,.000183916,.000197994,.000213711,.000229497,.000243093,.000255552,.00027423701,.000293497,.000293497,.000293497,.000293497,.000293497,.000293497,.000293497,.000293497,.000293497,.000293497
GLOMIS,CircEular-A,LAM,Material Release|Infrastructure|Bridges|Asphalt,Mt/yr,low,1.4327251,1.6766495,1.804987,1.9482722,2.0921819,2.2161319,2.3297114,2.5000567,2.6756368,2.6756368,2.6756368,2.6756368,2.6756368,2.6756368,2.6756368,2.6756368,2.6756368,2.6756368
GLOMIS,CircEular-A,LAM,Material Release|Infrastructure|Bridges|Concrete,Mt/yr,low,1.2905589,1.5102793,1.625882,1.7549495,1.8845793,1.9962301,2.0985394,2.2519815,2.4101393,2.4101393,2.4101393,2.4101393,2.4101393,2.4101393,2.4101393,2.4101393,2.4101393,2.4101393
GLOMIS,CircEular-A,LAM,Material Release|Infrastructure|Bridges|Iron_steel,Mt/yr,low,.24198474,.28318316,.30485913,.32905975,.35336584,.37430081,.39348418,.42225516,.45191035,.45191035,.45191035,.45191035,.45191035,.45191035,.45191035,.45191035,.45191035,.45191035
GLOMIS,CircEular-A,LAM,Material Release|Infrastructure|Buildings|Aluminum,Mt/yr,low,0,0,0,0,0,0,0,0,0,0,0,0,0,0,0,0,0,0
GLOMIS,CircEular-A,LAM,Material Release|Infrastructure|Buildings|Concrete,Mt/yr,low,.22367877,.26176053,.28179675,.30416662,.32663396,.3459852,.36371738,.39031184,.41772363,.41772363,.41772363,.41772363,.41772363,.41772363,.41772363,.41772363,.41772363,.41772363
GLOMIS,CircEular-A,LAM,Material Release|Infrastructure|Buildings|Iron_steel,Mt/yr,low,0,0,0,0,0,0,0,0,0,0,0,0,0,0,0,0,0,0
GLOMIS,CircEular-A,LAM,Material Release|Infrastructure|Charging stations|Aluminum,Mt/yr,low,1.7900000e-07,2.0900001e-07,2.2499999e-07,2.4299999e-07,2.6100000e-07,2.7700000e-07,2.9099999e-07,3.1200000e-07,3.3399999e-07,3.3399999e-07,3.3399999e-07,3.3399999e-07,3.3399999e-07,3.3399999e-07,3.3399999e-07,3.3399999e-07,3.3399999e-07,3.3399999e-07
GLOMIS,CircEular-A,LAM,Material Release|Infrastructure|Charging stations|Concrete,Mt/yr,low,.0000277,.000032399999,.0000349,.000037599999,.000040399998,.000042799998,.000045000001,.0000483,.000051700001,.000051700001,.000051700001,.000051700001,.000051700001,.000051700001,.000051700001,.000051700001,.000051700001,.000051700001
GLOMIS,CircEular-A,LAM,Material Release|Infrastructure|Charging stations|Iron_steel,Mt/yr,low,4.6099999e-06,5.4000002e-06,5.8099999e-06,6.2700001e-06,6.7300002e-06,7.1300001e-06,7.4999998e-06,8.0500004e-06,8.6099999e-06,8.6099999e-06,8.6099999e-06,8.6099999e-06,8.6099999e-06,8.6099999e-06,8.6099999e-06,8.6099999e-06,8.6099999e-06,8.6099999e-06
GLOMIS,CircEular-A,LAM,Material Release|Infrastructure|Fuel stations|Aluminum,Mt/yr,low,.000400986,.00046925401,.000505173,.00054527499,.00058555201,.00062024198,.00065203098,.00069970603,.00074884697,.00074884697,.00074884697,.00074884697,.00074884697,.00074884697,.00074884697,.00074884697,.00074884697,.00074884697
GLOMIS,CircEular-A,LAM,Material Release|Infrastructure|Fuel stations|Concrete,Mt/yr,low,1.4974859,1.752436,1.8865744,2.0363364,2.1867509,2.3163037,2.4350171,2.6130621,2.7965786,2.7965786,2.7965786,2.7965786,2.7965786,2.7965786,2.7965786,2.7965786,2.7965786,2.7965786
GLOMIS,CircEular-A,LAM,Material Release|Infrastructure|Fuel stations|Iron_steel,Mt/yr,low,.059824966,.07001029,.075369157,.081352189,.087361291,.092536956,.097279593,.10439254,.11172407,.11172407,.11172407,.11172407,.11172407,.11172407,.11172407,.11172407,.11172407,.11172407
GLOMIS,CircEular-A,LAM,Material Release|Infrastructure|Parking|Aluminum,Mt/yr,low,.00036188299,.00042349499,.00045590999,.000492102,.000528451,.00055975898,.00058844697,.00063147402,.00067582302,.00067582302,.00067582302,.00067582302,.00067582302,.00067582302,.00067582302,.00067582302,.00067582302,.00067582302
GLOMIS,CircEular-A,LAM,Material Release|Infrastructure|Parking|Asphalt,Mt/yr,low,1.3438516,1.5726452,1.6930217,1.8274188,1.9624016,2.0786629,2.1851969,2.3449755,2.5096643,2.5096643,2.5096643,2.5096643,2.5096643,2.5096643,2.5096643,2.5096643,2.5096643,2.5096643
GLOMIS,CircEular-A,LAM,Material Release|Infrastructure|Parking|Concrete,Mt/yr,low,1.0919499,1.2778567,1.3756689,1.4848737,1.5945543,1.6890227,1.7755871,1.9054155,2.0392337,2.0392337,2.0392337,2.0392337,2.0392337,2.0392337,2.0392337,2.0392337,2.0392337,2.0392337
GLOMIS,CircEular-A,LAM,Material Release|Infrastructure|Parking|Iron_steel,Mt/yr,low,.010539981,.012334434,.013278561,.014332654,.015391339,.016303189,.017138747,.018391909,.019683583,.019683583,.019683583,.019683583,.019683583,.019683583,.019683583,.019683583,.019683583,.019683583
GLOMIS,CircEular-A,LAM,Material Release|Infrastructure|Rail|Aluminum,Mt/yr,low,.0027647761,.0032354849,.003483142,.003759644,.0040373509,.004276542,.0044957199,.00482444,.0051632631,.0051632631,.0051632631,.0051632631,.0051632631,.0051632631,.0051632631,.0051632631,.0051632631,.0051632631
GLOMIS,CircEular-A,LAM,Material Release|Infrastructure|Rail|Concrete,Mt/yr,low,.62015641,.72573936,.78129029,.84331149,.90560293,.95925486,1.0084178,1.0821519,1.158152,1.158152,1.158152,1.158152,1.158152,1.158152,1.158152,1.158152,1.158152,1.158152
GLOMIS,CircEular-A,LAM,Material Release|Infrastructure|Rail|Iron_steel,Mt/yr,low,.79262227,.9275679,.99856758,1.0778369,1.1574516,1.2260243,1.2888595,1.383099,1.4802347,1.4802347,1.4802347,1.4802347,1.4802347,1.4802347,1.4802347,1.4802347,1.4802347,1.4802347
GLOMIS,CircEular-A,LAM,Material Release|Infrastructure|Roads|Aluminum,Mt/yr,low,0,0,0,0,0,0,0,0,0,0,0,0,0,0,0,0,0,0
GLOMIS,CircEular-A,LAM,Material Release|Infrastructure|Roads|Asphalt,Mt/yr,low,176.58086,206.64412,222.46149,240.12114,257.85776,273.1344,287.13287,308.12762,329.76755,329.76755,329.76755,329.76755,329.76755,329.76755,329.76755,329.76755,329.76755,329.76755
GLOMIS,CircEular-A,LAM,Material Release|Infrastructure|Roads|Concrete,Mt/yr,low,0,0,0,0,0,0,0,0,0,0,0,0,0,0,0,0,0,0
GLOMIS,CircEular-A,LAM,Material Release|Infrastructure|Roads|Iron_steel,Mt/yr,low,0,0,0,0,0,0,0,0,0,0,0,0,0,0,0,0,0,0
GLOMIS,CircEular-A,LAM,Material Release|Infrastructure|Tunnels|Aluminum,Mt/yr,low,.000236001,.000276181,.00029732101,.00032092299,.000344628,.000365046,.00038375499,.00041181399,.00044073601,.00044073601,.00044073601,.00044073601,.00044073601,.00044073601,.00044073601,.00044073601,.00044073601,.00044073601
GLOMIS,CircEular-A,LAM,Material Release|Infrastructure|Tunnels|Asphalt,Mt/yr,low,.18860042,.22071004,.23760407,.25646579,.2754097,.2917262,.30667752,.32910132,.35221428,.35221428,.35221428,.35221428,.35221428,.35221428,.35221428,.35221428,.35221428,.35221428
GLOMIS,CircEular-A,LAM,Material Release|Infrastructure|Tunnels|Concrete,Mt/yr,low,1.0575271,1.2375733,1.3323021,1.4380642,1.5442872,1.6357776,1.7196132,1.845349,1.9749485,1.9749485,1.9749485,1.9749485,1.9749485,1.9749485,1.9749485,1.9749485,1.9749485,1.9749485
GLOMIS,CircEular-A,LAM,Material Release|Infrastructure|Tunnels|Iron_steel,Mt/yr,low,.052316941,.06122401,.065910339,.071142502,.076397464,.080923587,.08507102,.091291294,.097702727,.097702727,.097702727,.097702727,.097702727,.097702727,.097702727,.097702727,.097702727,.097702727
GLOMIS,CircEular-A,MEA,Material Demand|Infrastructure|Bridges|Aluminum,Mt/yr,low,.00061749201,.00064239802,.00054023397,.00062686502,.000589856,.00053850299,.00053245702,.00074968598,.0013968149,.0013968149,.0013968149,.0013968149,.0013968149,.0013968149,.0013968149,.0013968149,.0013968149,.0013968149
GLOMIS,CircEular-A,MEA,Material Demand|Infrastructure|Bridges|Asphalt,Mt/yr,low,1.8432897,2.0307076,1.9770474,2.2458138,2.2991655,2.3087118,2.3844182,2.8776596,4.2435799,4.2435799,4.2435799,4.2435799,4.2435799,4.2435799,4.2435799,4.2435799,4.2435799,4.2435799
GLOMIS,CircEular-A,MEA,Material Demand|Infrastructure|Bridges|Concrete,Mt/yr,low,4.017262,4.1792955,3.5146399,4.0782413,3.837466,3.5033739,3.464046,4.8772836,9.0873575,9.0873575,9.0873575,9.0873575,9.0873575,9.0873575,9.0873575,9.0873575,9.0873575,9.0873575
GLOMIS,CircEular-A,MEA,Material Demand|Infrastructure|Bridges|Iron_steel,Mt/yr,low,.70772934,.73627514,.61918133,.71847218,.6760543,.61719656,.61026812,.85924113,1.6009386,1.6009386,1.6009386,1.6009386,1.6009386,1.6009386,1.6009386,1.6009386,1.6009386,1.6009386
GLOMIS,CircEular-A,MEA,Material Demand|Infrastructure|Buildings|Aluminum,Mt/yr,low,0,0,0,0,0,0,0,0,0,0,0,0,0,0,0,0,0,0
GLOMIS,CircEular-A,MEA,Material Demand|Infrastructure|Buildings|Concrete,Mt/yr,low,.5344854,.55923843,.47790885,.55318159,.52577621,.48592737,.48334393,.66698563,1.211136,1.211136,1.211136,1.211136,1.211136,1.211136,1.211136,1.211136,1.211136,1.211136
GLOMIS,CircEular-A,MEA,Material Demand|Infrastructure|Buildings|Iron_steel,Mt/yr,low,0,0,0,0,0,0,0,0,0,0,0,0,0,0,0,0,0,0
GLOMIS,CircEular-A,MEA,Material Demand|Infrastructure|Charging stations|Aluminum,Mt/yr,low,1.1900000e-07,1.3499999e-07,1.4000000e-07,1.5700000e-07,1.6600001e-07,1.7200000e-07,1.8000000e-07,2.0700000e-07,2.7600001e-07,2.7600001e-07,2.7600001e-07,2.7600001e-07,2.7600001e-07,2.7600001e-07,2.7600001e-07,2.7600001e-07,2.7600001e-07,2.7600001e-07
GLOMIS,CircEular-A,MEA,Material Demand|Infrastructure|Charging stations|Concrete,Mt/yr,low,.0000184,.000020900001,.000021600001,.0000244,.000025699999,.0000267,.0000279,.000032,.000042799998,.000042799998,.000042799998,.000042799998,.000042799998,.000042799998,.000042799998,.000042799998,.000042799998,.000042799998
GLOMIS,CircEular-A,MEA,Material Demand|Infrastructure|Charging stations|Iron_steel,Mt/yr,low,3.0700000e-06,3.4800000e-06,3.5999999e-06,4.0599998e-06,4.2900001e-06,4.4399999e-06,4.6499999e-06,5.3399999e-06,7.1300001e-06,7.1300001e-06,7.1300001e-06,7.1300001e-06,7.1300001e-06,7.1300001e-06,7.1300001e-06,7.1300001e-06,7.1300001e-06,7.1300001e-06
GLOMIS,CircEular-A,MEA,Material Demand|Infrastructure|Fuel stations|Aluminum,Mt/yr,low,.00034772701,.00038118599,.000366847,.000417378,.00042469401,.000423764,.00043647201,.00053212402,.00079929002,.00079929002,.00079929002,.00079929002,.00079929002,.00079929002,.00079929002,.00079929002,.00079929002,.00079929002
GLOMIS,CircEular-A,MEA,Material Demand|Infrastructure|Fuel stations|Concrete,Mt/yr,low,1.2985928,1.4235444,1.3699964,1.558705,1.5860274,1.5825508,1.6300122,1.9872234,2.9849601,2.9849601,2.9849601,2.9849601,2.9849601,2.9849601,2.9849601,2.9849601,2.9849601,2.9849601
GLOMIS,CircEular-A,MEA,Material Demand|Infrastructure|Fuel stations|Iron_steel,Mt/yr,low,.05187913,.056870978,.054731727,.062270686,.063362218,.063223332,.06511943,.079390109,.11924996,.11924996,.11924996,.11924996,.11924996,.11924996,.11924996,.11924996,.11924996,.11924996
GLOMIS,CircEular-A,MEA,Material Demand|Infrastructure|Parking|Aluminum,Mt/yr,low,.000533871,.00056289701,.00049122202,.00056679401,.00054565299,.00051204499,.00051303097,.000690557,.001212555,.001212555,.001212555,.001212555,.001212555,.001212555,.001212555,.001212555,.001212555,.001212555
GLOMIS,CircEular-A,MEA,Material Demand|Infrastructure|Parking|Asphalt,Mt/yr,low,1.9925699,2.1838884,2.100817,2.390336,2.4316683,2.4257462,2.4982328,3.0469005,4.5798774,4.5798774,4.5798774,4.5798774,4.5798774,4.5798774,4.5798774,4.5798774,4.5798774,4.5798774
GLOMIS,CircEular-A,MEA,Material Demand|Infrastructure|Parking|Concrete,Mt/yr,low,2.1416399,2.2580791,1.9705518,2.2737145,2.188906,2.0540869,2.0580432,2.7701931,4.8642044,4.8642044,4.8642044,4.8642044,4.8642044,4.8642044,4.8642044,4.8642044,4.8642044,4.8642044
GLOMIS,CircEular-A,MEA,Material Demand|Infrastructure|Parking|Iron_steel,Mt/yr,low,.025037857,.026399143,.023037668,.026581936,.025590442,.024014276,.024060529,.032386255,.056867287,.056867287,.056867287,.056867287,.056867287,.056867287,.056867287,.056867287,.056867287,.056867287
GLOMIS,CircEular-A,MEA,Material Demand|Infrastructure|Rail|Aluminum,Mt/yr,low,.002914781,.0031146549,.0028153469,.003231673,.003176234,.003052369,.0030920799,.0040044892,.0066472669,.0066472669,.0066472669,.0066472669,.0066472669,.0066472669,.0066472669,.0066472669,.0066472669,.0066472669
GLOMIS,CircEular-A,MEA,Material Demand|Infrastructure|Rail|Concrete,Mt/yr,low,1.3054169,1.3939937,1.2578573,1.4442294,1.4180396,1.3612124,1.3782188,1.7881404,2.9764383,2.9764383,2.9764383,2.9764383,2.9764383,2.9764383,2.9764383,2.9764383,2.9764383,2.9764383
GLOMIS,CircEular-A,MEA,Material Demand|Infrastructure|Rail|Iron_steel,Mt/yr,low,.63108671,.69049591,.66155136,.75314134,.76451486,.76093227,.78290761,.95830852,1.4497639,1.4497639,1.4497639,1.4497639,1.4497639,1.4497639,1.4497639,1.4497639,1.4497639,1.4497639
GLOMIS,CircEular-A,MEA,Material Demand|Infrastructure|Roads|Aluminum,Mt/yr,low,0,0,0,0,0,0,0,0,0,0,0,0,0,0,0,0,0,0
GLOMIS,CircEular-A,MEA,Material Demand|Infrastructure|Roads|Asphalt,Mt/yr,low,174.75139,192.10893,186.10951,211.55276,216.01605,216.32999,223.16696,270.49164,402.04037,402.04037,402.04037,402.04037,402.04037,402.04037,402.04037,402.04037,402.04037,402.04037
GLOMIS,CircEular-A,MEA,Material Demand|Infrastructure|Roads|Concrete,Mt/yr,low,0,0,0,0,0,0,0,0,0,0,0,0,0,0,0,0,0,0
GLOMIS,CircEular-A,MEA,Material Demand|Infrastructure|Roads|Iron_steel,Mt/yr,low,0,0,0,0,0,0,0,0,0,0,0,0,0,0,0,0,0,0
GLOMIS,CircEular-A,MEA,Material Demand|Infrastructure|Tunnels|Aluminum,Mt/yr,low,.000786116,.00081782299,.000687761,.00079804898,.00075093302,.00068555598,.00067785999,.00095440901,.001778255,.001778255,.001778255,.001778255,.001778255,.001778255,.001778255,.001778255,.001778255,.001778255
GLOMIS,CircEular-A,MEA,Material Demand|Infrastructure|Tunnels|Asphalt,Mt/yr,low,.35360819,.38975707,.37989771,.43147421,.44199222,.44410512,.45879036,.55314314,.81419659,.81419659,.81419659,.81419659,.81419659,.81419659,.81419659,.81419659,.81419659,.81419659
GLOMIS,CircEular-A,MEA,Material Demand|Infrastructure|Tunnels|Concrete,Mt/yr,low,4.1459446,4.3131685,3.6272225,4.2088776,3.9603896,3.6155956,3.5750082,5.033515,9.3784485,9.3784485,9.3784485,9.3784485,9.3784485,9.3784485,9.3784485,9.3784485,9.3784485,9.3784485
GLOMIS,CircEular-A,MEA,Material Demand|Infrastructure|Tunnels|Iron_steel,Mt/yr,low,.19856325,.20657216,.1737199,.20157732,.18967639,.17316303,.17121917,.24107198,.44916546,.44916546,.44916546,.44916546,.44916546,.44916546,.44916546,.44916546,.44916546,.44916546
GLOMIS,CircEular-A,MEA,Material Release|Infrastructure|Bridges|Aluminum,Mt/yr,low,.000139294,.0001642,.000184024,.000205299,.000224897,.00024109099,.00025571999,.00027824601,.00032770299,.00032770299,.00032770299,.00032770299,.00032770299,.00032770299,.00032770299,.00032770299,.00032770299,.00032770299
GLOMIS,CircEular-A,MEA,Material Release|Infrastructure|Bridges|Asphalt,Mt/yr,low,1.048184,1.2356018,1.3847717,1.5448711,1.6923445,1.8142022,1.9242831,2.0937905,2.4659538,2.4659538,2.4659538,2.4659538,2.4659538,2.4659538,2.4659538,2.4659538,2.4659538,2.4659538
GLOMIS,CircEular-A,MEA,Material Release|Infrastructure|Bridges|Concrete,Mt/yr,low,.90621632,1.0682499,1.197216,1.3356313,1.4631308,1.5684838,1.6636553,1.8102043,2.1319613,2.1319613,2.1319613,2.1319613,2.1319613,2.1319613,2.1319613,2.1319613,2.1319613,2.1319613
GLOMIS,CircEular-A,MEA,Material Release|Infrastructure|Bridges|Iron_steel,Mt/yr,low,.15965,.18819579,.21091601,.23530091,.25776276,.27632302,.29308957,.31890741,.37559199,.37559199,.37559199,.37559199,.37559199,.37559199,.37559199,.37559199,.37559199,.37559199
GLOMIS,CircEular-A,MEA,Material Release|Infrastructure|Buildings|Aluminum,Mt/yr,low,0,0,0,0,0,0,0,0,0,0,0,0,0,0,0,0,0,0
GLOMIS,CircEular-A,MEA,Material Release|Infrastructure|Buildings|Concrete,Mt/yr,low,.13843767,.16319066,.1828921,.20403703,.22351442,.23960865,.25414744,.27653494,.32568797,.32568797,.32568797,.32568797,.32568797,.32568797,.32568797,.32568797,.32568797,.32568797
GLOMIS,CircEular-A,MEA,Material Release|Infrastructure|Buildings|Iron_steel,Mt/yr,low,0,0,0,0,0,0,0,0,0,0,0,0,0,0,0,0,0,0
GLOMIS,CircEular-A,MEA,Material Release|Infrastructure|Charging stations|Aluminum,Mt/yr,low,8.8599997e-08,1.0400000e-07,1.1700000e-07,1.3099999e-07,1.4299999e-07,1.5300000e-07,1.6300000e-07,1.7700000e-07,2.0800000e-07,2.0800000e-07,2.0800000e-07,2.0800000e-07,2.0800000e-07,2.0800000e-07,2.0800000e-07,2.0800000e-07,2.0800000e-07,2.0800000e-07
GLOMIS,CircEular-A,MEA,Material Release|Infrastructure|Charging stations|Concrete,Mt/yr,low,.0000137,.0000162,.0000181,.000020199999,.000022099999,.0000237,.000025200001,.000027399999,.000032299999,.000032299999,.000032299999,.000032299999,.000032299999,.000032299999,.000032299999,.000032299999,.000032299999,.000032299999
GLOMIS,CircEular-A,MEA,Material Release|Infrastructure|Charging stations|Iron_steel,Mt/yr,low,2.2800000e-06,2.6900000e-06,3.0199999e-06,3.3700001e-06,3.6900001e-06,3.9500001e-06,4.1899998e-06,4.5600000e-06,5.3799999e-06,5.3799999e-06,5.3799999e-06,5.3799999e-06,5.3799999e-06,5.3799999e-06,5.3799999e-06,5.3799999e-06,5.3799999e-06,5.3799999e-06
GLOMIS,CircEular-A,MEA,Material Release|Infrastructure|Fuel stations|Aluminum,Mt/yr,low,.000187126,.000220585,.00024721501,.00027579701,.00030212401,.00032387901,.00034353099,.00037379199,.00044023199,.00044023199,.00044023199,.00044023199,.00044023199,.00044023199,.00044023199,.00044023199,.00044023199,.00044023199
GLOMIS,CircEular-A,MEA,Material Release|Infrastructure|Fuel stations|Concrete,Mt/yr,low,.69882512,.82377672,.92322838,1.0299668,1.1282876,1.2095301,1.2829212,1.3959318,1.6440535,1.6440535,1.6440535,1.6440535,1.6440535,1.6440535,1.6440535,1.6440535,1.6440535,1.6440535
GLOMIS,CircEular-A,MEA,Material Release|Infrastructure|Fuel stations|Iron_steel,Mt/yr,low,.027918251,.032910101,.036883224,.041147452,.04507539,.048321053,.051253047,.055767853,.065680377,.065680377,.065680377,.065680377,.065680377,.065680377,.065680377,.065680377,.065680377,.065680377
GLOMIS,CircEular-A,MEA,Material Release|Infrastructure|Parking|Aluminum,Mt/yr,low,.000162336,.00019136201,.00021446501,.00023926,.00026209999,.00028097301,.00029802101,.00032427299,.00038191199,.00038191199,.00038191199,.00038191199,.00038191199,.00038191199,.00038191199,.00038191199,.00038191199,.00038191199
GLOMIS,CircEular-A,MEA,Material Release|Infrastructure|Parking|Asphalt,Mt/yr,low,1.0699997,1.2613181,1.4135926,1.5770241,1.727567,1.8519609,1.9643328,2.1373682,2.5172772,2.5172772,2.5172772,2.5172772,2.5172772,2.5172772,2.5172772,2.5172772,2.5172772,2.5172772
GLOMIS,CircEular-A,MEA,Material Release|Infrastructure|Parking|Concrete,Mt/yr,low,.65121758,.7676568,.86033332,.95980012,1.0514227,1.1271306,1.195522,1.3008338,1.532052,1.532052,1.532052,1.532052,1.532052,1.532052,1.532052,1.532052,1.532052,1.532052
GLOMIS,CircEular-A,MEA,Material Release|Infrastructure|Parking|Iron_steel,Mt/yr,low,.0076133679,.0089746546,.010058134,.011220998,.012292156,.013177255,.013976816,.015208014,.017911181,.017911181,.017911181,.017911181,.017911181,.017911181,.017911181,.017911181,.017911181,.017911181
GLOMIS,CircEular-A,MEA,Material Release|Infrastructure|Rail|Aluminum,Mt/yr,low,.001117851,.001317726,.00147681,.001647551,.001804826,.001934783,.00205218,.0022329539,.0026298531,.0026298531,.0026298531,.0026298531,.0026298531,.0026298531,.0026298531,.0026298531,.0026298531,.0026298531
GLOMIS,CircEular-A,MEA,Material Release|Infrastructure|Rail|Concrete,Mt/yr,low,.49538913,.5839659,.65446609,.73013169,.79983014,.85742211,.90944815,.98956013,1.1654507,1.1654507,1.1654507,1.1654507,1.1654507,1.1654507,1.1654507,1.1654507,1.1654507,1.1654507
GLOMIS,CircEular-A,MEA,Material Release|Infrastructure|Rail|Iron_steel,Mt/yr,low,.33226189,.39167109,.4389562,.48970577,.53645313,.57508057,.60997492,.66370678,.78167814,.78167814,.78167814,.78167814,.78167814,.78167814,.78167814,.78167814,.78167814,.78167814
GLOMIS,CircEular-A,MEA,Material Release|Infrastructure|Roads|Aluminum,Mt/yr,low,0,0,0,0,0,0,0,0,0,0,0,0,0,0,0,0,0,0
GLOMIS,CircEular-A,MEA,Material Release|Infrastructure|Roads|Asphalt,Mt/yr,low,97.076698,114.43424,128.24948,143.07695,156.73509,168.02084,178.2159,193.91469,228.38228,228.38228,228.38228,228.38228,228.38228,228.38228,228.38228,228.38228,228.38228,228.38228
GLOMIS,CircEular-A,MEA,Material Release|Infrastructure|Roads|Concrete,Mt/yr,low,0,0,0,0,0,0,0,0,0,0,0,0,0,0,0,0,0,0
GLOMIS,CircEular-A,MEA,Material Release|Infrastructure|Roads|Iron_steel,Mt/yr,low,0,0,0,0,0,0,0,0,0,0,0,0,0,0,0,0,0,0
GLOMIS,CircEular-A,MEA,Material Release|Infrastructure|Tunnels|Aluminum,Mt/yr,low,.000177333,.00020903999,.000234277,.000261362,.00028631199,.00030692801,.00032555201,.00035422901,.000417192,.000417192,.000417192,.000417192,.000417192,.000417192,.000417192,.000417192,.000417192,.000417192
GLOMIS,CircEular-A,MEA,Material Release|Infrastructure|Tunnels|Asphalt,Mt/yr,low,.20217223,.23832111,.26709276,.29797253,.326417,.34992072,.371153,.40384734,.47562966,.47562966,.47562966,.47562966,.47562966,.47562966,.47562966,.47562966,.47562966,.47562966
GLOMIS,CircEular-A,MEA,Material Release|Infrastructure|Tunnels|Concrete,Mt/yr,low,.93524468,1.1024686,1.2355658,1.3784149,1.5099984,1.6187263,1.7169462,1.8681896,2.2002532,2.2002532,2.2002532,2.2002532,2.2002532,2.2002532,2.2002532,2.2002532,2.2002532,2.2002532
GLOMIS,CircEular-A,MEA,Material Release|Infrastructure|Tunnels|Iron_steel,Mt/yr,low,.044792015,.052800935,.059175406,.066016927,.072318912,.077526249,.08223033,.089473888,.10537753,.10537753,.10537753,.10537753,.10537753,.10537753,.10537753,.10537753,.10537753,.10537753
GLOMIS,CircEular-A,NAM,Material Demand|Infrastructure|Bridges|Aluminum,Mt/yr,low,.000856133,.00087935902,.000438071,.000438071,.000438071,.000438071,.000438071,.000438071,.000438071,.000438071,.000438071,.000438071,.000438071,.000438071,.000438071,.000438071,.000438071,.000438071
GLOMIS,CircEular-A,NAM,Material Demand|Infrastructure|Bridges|Asphalt,Mt/yr,low,8.6092339,9.0069904,7.5022688,7.5022688,7.5022688,7.5022688,7.5022688,7.5022688,7.5022688,7.5022688,7.5022688,7.5022688,7.5022688,7.5022688,7.5022688,7.5022688,7.5022688,7.5022688
GLOMIS,CircEular-A,NAM,Material Demand|Infrastructure|Bridges|Concrete,Mt/yr,low,11.081964,11.382601,5.6704774,5.6704774,5.6704774,5.6704774,5.6704774,5.6704774,5.6704774,5.6704774,5.6704774,5.6704774,5.6704774,5.6704774,5.6704774,5.6704774,5.6704774,5.6704774
GLOMIS,CircEular-A,NAM,Material Demand|Infrastructure|Bridges|Iron_steel,Mt/yr,low,2.1651218,2.2238586,1.1078609,1.1078609,1.1078609,1.1078609,1.1078609,1.1078609,1.1078609,1.1078609,1.1078609,1.1078609,1.1078609,1.1078609,1.1078609,1.1078609,1.1078609,1.1078609
GLOMIS,CircEular-A,NAM,Material Demand|Infrastructure|Buildings|Aluminum,Mt/yr,low,0,0,0,0,0,0,0,0,0,0,0,0,0,0,0,0,0,0
GLOMIS,CircEular-A,NAM,Material Demand|Infrastructure|Buildings|Concrete,Mt/yr,low,.79115766,.81466103,.44330797,.44330797,.44330797,.44330797,.44330797,.44330797,.44330797,.44330797,.44330797,.44330797,.44330797,.44330797,.44330797,.44330797,.44330797,.44330797
GLOMIS,CircEular-A,NAM,Material Demand|Infrastructure|Buildings|Iron_steel,Mt/yr,low,0,0,0,0,0,0,0,0,0,0,0,0,0,0,0,0,0,0
GLOMIS,CircEular-A,NAM,Material Demand|Infrastructure|Charging stations|Aluminum,Mt/yr,low,3.0399999e-06,3.2000000e-06,2.9299999e-06,2.9299999e-06,2.9299999e-06,2.9299999e-06,2.9299999e-06,2.9299999e-06,2.9299999e-06,2.9299999e-06,2.9299999e-06,2.9299999e-06,2.9299999e-06,2.9299999e-06,2.9299999e-06,2.9299999e-06,2.9299999e-06,2.9299999e-06
GLOMIS,CircEular-A,NAM,Material Demand|Infrastructure|Charging stations|Concrete,Mt/yr,low,.000470951,.00049500202,.00045363401,.00045363401,.00045363401,.00045363401,.00045363401,.00045363401,.00045363401,.00045363401,.00045363401,.00045363401,.00045363401,.00045363401,.00045363401,.00045363401,.00045363401,.00045363401
GLOMIS,CircEular-A,NAM,Material Demand|Infrastructure|Charging stations|Iron_steel,Mt/yr,low,.000078500001,.000082500002,.000075600001,.000075600001,.000075600001,.000075600001,.000075600001,.000075600001,.000075600001,.000075600001,.000075600001,.000075600001,.000075600001,.000075600001,.000075600001,.000075600001,.000075600001,.000075600001
GLOMIS,CircEular-A,NAM,Material Demand|Infrastructure|Fuel stations|Aluminum,Mt/yr,low,.000618199,.00064572197,.00051911798,.00051911798,.00051911798,.00051911798,.00051911798,.00051911798,.00051911798,.00051911798,.00051911798,.00051911798,.00051911798,.00051911798,.00051911798,.00051911798,.00051911798,.00051911798
GLOMIS,CircEular-A,NAM,Material Demand|Infrastructure|Fuel stations|Concrete,Mt/yr,low,2.3086729,2.4114566,1.9386517,1.9386517,1.9386517,1.9386517,1.9386517,1.9386517,1.9386517,1.9386517,1.9386517,1.9386517,1.9386517,1.9386517,1.9386517,1.9386517,1.9386517,1.9386517
GLOMIS,CircEular-A,NAM,Material Demand|Infrastructure|Fuel stations|Iron_steel,Mt/yr,low,.092232108,.096338347,.077449657,.077449657,.077449657,.077449657,.077449657,.077449657,.077449657,.077449657,.077449657,.077449657,.077449657,.077449657,.077449657,.077449657,.077449657,.077449657
GLOMIS,CircEular-A,NAM,Material Demand|Infrastructure|Parking|Aluminum,Mt/yr,low,.0014815429,.0015301791,.00091735797,.00091735797,.00091735797,.00091735797,.00091735797,.00091735797,.00091735797,.00091735797,.00091735797,.00091735797,.00091735797,.00091735797,.00091735797,.00091735797,.00091735797,.00091735797
GLOMIS,CircEular-A,NAM,Material Demand|Infrastructure|Parking|Asphalt,Mt/yr,low,24.037956,25.107086,20.165382,20.165382,20.165382,20.165382,20.165382,20.165382,20.165382,20.165382,20.165382,20.165382,20.165382,20.165382,20.165382,20.165382,20.165382,20.165382
GLOMIS,CircEular-A,NAM,Material Demand|Infrastructure|Parking|Concrete,Mt/yr,low,21.804733,22.520548,13.501297,13.501297,13.501297,13.501297,13.501297,13.501297,13.501297,13.501297,13.501297,13.501297,13.501297,13.501297,13.501297,13.501297,13.501297,13.501297
GLOMIS,CircEular-A,NAM,Material Demand|Infrastructure|Parking|Iron_steel,Mt/yr,low,.35306072,.36465111,.21861205,.21861205,.21861205,.21861205,.21861205,.21861205,.21861205,.21861205,.21861205,.21861205,.21861205,.21861205,.21861205,.21861205,.21861205,.21861205
GLOMIS,CircEular-A,NAM,Material Demand|Infrastructure|Rail|Aluminum,Mt/yr,low,.0036172781,.0037481531,.002468514,.002468514,.002468514,.002468514,.002468514,.002468514,.002468514,.002468514,.002468514,.002468514,.002468514,.002468514,.002468514,.002468514,.002468514,.002468514
GLOMIS,CircEular-A,NAM,Material Demand|Infrastructure|Rail|Concrete,Mt/yr,low,2.061728,2.136904,1.4179288,1.4179288,1.4179288,1.4179288,1.4179288,1.4179288,1.4179288,1.4179288,1.4179288,1.4179288,1.4179288,1.4179288,1.4179288,1.4179288,1.4179288,1.4179288
GLOMIS,CircEular-A,NAM,Material Demand|Infrastructure|Rail|Iron_steel,Mt/yr,low,5.7158651,5.9695439,4.784759,4.784759,4.784759,4.784759,4.784759,4.784759,4.784759,4.784759,4.784759,4.784759,4.784759,4.784759,4.784759,4.784759,4.784759,4.784759
GLOMIS,CircEular-A,NAM,Material Demand|Infrastructure|Roads|Aluminum,Mt/yr,low,0,0,0,0,0,0,0,0,0,0,0,0,0,0,0,0,0,0
GLOMIS,CircEular-A,NAM,Material Demand|Infrastructure|Roads|Asphalt,Mt/yr,low,471.0845,492.35724,401.23535,401.23535,401.23535,401.23535,401.23535,401.23535,401.23535,401.23535,401.23535,401.23535,401.23535,401.23535,401.23535,401.23535,401.23535,401.23535
GLOMIS,CircEular-A,NAM,Material Demand|Infrastructure|Roads|Concrete,Mt/yr,low,90.037987,93.838562,71.68441,71.68441,71.68441,71.68441,71.68441,71.68441,71.68441,71.68441,71.68441,71.68441,71.68441,71.68441,71.68441,71.68441,71.68441,71.68441
GLOMIS,CircEular-A,NAM,Material Demand|Infrastructure|Roads|Iron_steel,Mt/yr,low,0,0,0,0,0,0,0,0,0,0,0,0,0,0,0,0,0,0
GLOMIS,CircEular-A,NAM,Material Demand|Infrastructure|Runways|Aluminum,Mt/yr,low,0,0,0,0,0,0,0,0,0,0,0,0,0,0,0,0,0,0
GLOMIS,CircEular-A,NAM,Material Demand|Infrastructure|Runways|Concrete,Mt/yr,low,1.3578523,1.394689,.69479305,.69479305,.69479305,.69479305,.69479305,.69479305,.69479305,.69479305,.69479305,.69479305,.69479305,.69479305,.69479305,.69479305,.69479305,.69479305
GLOMIS,CircEular-A,NAM,Material Demand|Infrastructure|Runways|Iron_steel,Mt/yr,low,0,0,0,0,0,0,0,0,0,0,0,0,0,0,0,0,0,0
GLOMIS,CircEular-A,NAM,Material Demand|Infrastructure|Tunnels|Aluminum,Mt/yr,low,.00082746003,.00084990798,.000423399,.000423399,.000423399,.000423399,.000423399,.000423399,.000423399,.000423399,.000423399,.000423399,.000423399,.000423399,.000423399,.000423399,.000423399,.000423399
GLOMIS,CircEular-A,NAM,Material Demand|Infrastructure|Tunnels|Asphalt,Mt/yr,low,.22717424,.23762941,.19720009,.19720009,.19720009,.19720009,.19720009,.19720009,.19720009,.19720009,.19720009,.19720009,.19720009,.19720009,.19720009,.19720009,.19720009,.19720009
GLOMIS,CircEular-A,NAM,Material Demand|Infrastructure|Tunnels|Concrete,Mt/yr,low,3.602654,3.7003889,1.8434249,1.8434249,1.8434249,1.8434249,1.8434249,1.8434249,1.8434249,1.8434249,1.8434249,1.8434249,1.8434249,1.8434249,1.8434249,1.8434249,1.8434249,1.8434249
GLOMIS,CircEular-A,NAM,Material Demand|Infrastructure|Tunnels|Iron_steel,Mt/yr,low,.17416133,.17888607,.089115784,.089115784,.089115784,.089115784,.089115784,.089115784,.089115784,.089115784,.089115784,.089115784,.089115784,.089115784,.089115784,.089115784,.089115784,.089115784
GLOMIS,CircEular-A,NAM,Material Release|Infrastructure|Bridges|Aluminum,Mt/yr,low,.00041020001,.000433426,.000438071,.000438071,.000438071,.000438071,.000438071,.000438071,.000438071,.000438071,.000438071,.000438071,.000438071,.000438071,.000438071,.000438071,.000438071,.000438071
GLOMIS,CircEular-A,NAM,Material Release|Infrastructure|Bridges|Asphalt,Mt/yr,low,7.0249615,7.422718,7.5022688,7.5022688,7.5022688,7.5022688,7.5022688,7.5022688,7.5022688,7.5022688,7.5022688,7.5022688,7.5022688,7.5022688,7.5022688,7.5022688,7.5022688,7.5022688
GLOMIS,CircEular-A,NAM,Material Release|Infrastructure|Bridges|Concrete,Mt/yr,low,5.3097119,5.6103497,5.6704774,5.6704774,5.6704774,5.6704774,5.6704774,5.6704774,5.6704774,5.6704774,5.6704774,5.6704774,5.6704774,5.6704774,5.6704774,5.6704774,5.6704774,5.6704774
GLOMIS,CircEular-A,NAM,Material Release|Infrastructure|Bridges|Iron_steel,Mt/yr,low,1.0373769,1.0961136,1.1078609,1.1078609,1.1078609,1.1078609,1.1078609,1.1078609,1.1078609,1.1078609,1.1078609,1.1078609,1.1078609,1.1078609,1.1078609,1.1078609,1.1078609,1.1078609
GLOMIS,CircEular-A,NAM,Material Release|Infrastructure|Buildings|Aluminum,Mt/yr,low,0,0,0,0,0,0,0,0,0,0,0,0,0,0,0,0,0,0
GLOMIS,CircEular-A,NAM,Material Release|Infrastructure|Buildings|Concrete,Mt/yr,low,.41510394,.43860731,.44330797,.44330797,.44330797,.44330797,.44330797,.44330797,.44330797,.44330797,.44330797,.44330797,.44330797,.44330797,.44330797,.44330797,.44330797,.44330797
GLOMIS,CircEular-A,NAM,Material Release|Infrastructure|Buildings|Iron_steel,Mt/yr,low,0,0,0,0,0,0,0,0,0,0,0,0,0,0,0,0,0,0
GLOMIS,CircEular-A,NAM,Material Release|Infrastructure|Charging stations|Aluminum,Mt/yr,low,2.7399999e-06,2.9000000e-06,2.9299999e-06,2.9299999e-06,2.9299999e-06,2.9299999e-06,2.9299999e-06,2.9299999e-06,2.9299999e-06,2.9299999e-06,2.9299999e-06,2.9299999e-06,2.9299999e-06,2.9299999e-06,2.9299999e-06,2.9299999e-06,2.9299999e-06,2.9299999e-06
GLOMIS,CircEular-A,NAM,Material Release|Infrastructure|Charging stations|Concrete,Mt/yr,low,.000424773,.00044882399,.00045363401,.00045363401,.00045363401,.00045363401,.00045363401,.00045363401,.00045363401,.00045363401,.00045363401,.00045363401,.00045363401,.00045363401,.00045363401,.00045363401,.00045363401,.00045363401
GLOMIS,CircEular-A,NAM,Material Release|Infrastructure|Charging stations|Iron_steel,Mt/yr,low,.000070800001,.000074800002,.000075600001,.000075600001,.000075600001,.000075600001,.000075600001,.000075600001,.000075600001,.000075600001,.000075600001,.000075600001,.000075600001,.000075600001,.000075600001,.000075600001,.000075600001,.000075600001
GLOMIS,CircEular-A,NAM,Material Release|Infrastructure|Fuel stations|Aluminum,Mt/yr,low,.00048608999,.00051361299,.00051911798,.00051911798,.00051911798,.00051911798,.00051911798,.00051911798,.00051911798,.00051911798,.00051911798,.00051911798,.00051911798,.00051911798,.00051911798,.00051911798,.00051911798,.00051911798
GLOMIS,CircEular-A,NAM,Material Release|Infrastructure|Fuel stations|Concrete,Mt/yr,low,1.8153113,1.918095,1.9386517,1.9386517,1.9386517,1.9386517,1.9386517,1.9386517,1.9386517,1.9386517,1.9386517,1.9386517,1.9386517,1.9386517,1.9386517,1.9386517,1.9386517,1.9386517
GLOMIS,CircEular-A,NAM,Material Release|Infrastructure|Fuel stations|Iron_steel,Mt/yr,low,.072522178,.076628409,.077449657,.077449657,.077449657,.077449657,.077449657,.077449657,.077449657,.077449657,.077449657,.077449657,.077449657,.077449657,.077449657,.077449657,.077449657,.077449657
GLOMIS,CircEular-A,NAM,Material Release|Infrastructure|Parking|Aluminum,Mt/yr,low,.00085899403,.00090763101,.00091735797,.00091735797,.00091735797,.00091735797,.00091735797,.00091735797,.00091735797,.00091735797,.00091735797,.00091735797,.00091735797,.00091735797,.00091735797,.00091735797,.00091735797,.00091735797
GLOMIS,CircEular-A,NAM,Material Release|Infrastructure|Parking|Asphalt,Mt/yr,low,18.882425,19.951555,20.165382,20.165382,20.165382,20.165382,20.165382,20.165382,20.165382,20.165382,20.165382,20.165382,20.165382,20.165382,20.165382,20.165382,20.165382,20.165382
GLOMIS,CircEular-A,NAM,Material Release|Infrastructure|Parking|Concrete,Mt/yr,low,12.642321,13.358134,13.501297,13.501297,13.501297,13.501297,13.501297,13.501297,13.501297,13.501297,13.501297,13.501297,13.501297,13.501297,13.501297,13.501297,13.501297,13.501297
GLOMIS,CircEular-A,NAM,Material Release|Infrastructure|Parking|Iron_steel,Mt/yr,low,.20470358,.21629398,.21861205,.21861205,.21861205,.21861205,.21861205,.21861205,.21861205,.21861205,.21861205,.21861205,.21861205,.21861205,.21861205,.21861205,.21861205,.21861205
GLOMIS,CircEular-A,NAM,Material Release|Infrastructure|Rail|Aluminum,Mt/yr,low,.002311463,.002442339,.002468514,.002468514,.002468514,.002468514,.002468514,.002468514,.002468514,.002468514,.002468514,.002468514,.002468514,.002468514,.002468514,.002468514,.002468514,.002468514
GLOMIS,CircEular-A,NAM,Material Release|Infrastructure|Rail|Concrete,Mt/yr,low,1.3277178,1.4028937,1.4179288,1.4179288,1.4179288,1.4179288,1.4179288,1.4179288,1.4179288,1.4179288,1.4179288,1.4179288,1.4179288,1.4179288,1.4179288,1.4179288,1.4179288,1.4179288
GLOMIS,CircEular-A,NAM,Material Release|Infrastructure|Rail|Iron_steel,Mt/yr,low,4.4803443,4.7340231,4.784759,4.784759,4.784759,4.784759,4.784759,4.784759,4.784759,4.784759,4.784759,4.784759,4.784759,4.784759,4.784759,4.784759,4.784759,4.784759
GLOMIS,CircEular-A,NAM,Material Release|Infrastructure|Roads|Aluminum,Mt/yr,low,0,0,0,0,0,0,0,0,0,0,0,0,0,0,0,0,0,0
GLOMIS,CircEular-A,NAM,Material Release|Infrastructure|Roads|Asphalt,Mt/yr,low,375.70807,396.9808,401.23535,401.23535,401.23535,401.23535,401.23535,401.23535,401.23535,401.23535,401.23535,401.23535,401.23535,401.23535,401.23535,401.23535,401.23535,401.23535
GLOMIS,CircEular-A,NAM,Material Release|Infrastructure|Roads|Concrete,Mt/yr,low,67.123726,70.924301,71.68441,71.68441,71.68441,71.68441,71.68441,71.68441,71.68441,71.68441,71.68441,71.68441,71.68441,71.68441,71.68441,71.68441,71.68441,71.68441
GLOMIS,CircEular-A,NAM,Material Release|Infrastructure|Roads|Iron_steel,Mt/yr,low,0,0,0,0,0,0,0,0,0,0,0,0,0,0,0,0,0,0
GLOMIS,CircEular-A,NAM,Material Release|Infrastructure|Runways|Aluminum,Mt/yr,low,0,0,0,0,0,0,0,0,0,0,0,0,0,0,0,0,0,0
GLOMIS,CircEular-A,NAM,Material Release|Infrastructure|Runways|Concrete,Mt/yr,low,.65058911,.68742573,.69479305,.69479305,.69479305,.69479305,.69479305,.69479305,.69479305,.69479305,.69479305,.69479305,.69479305,.69479305,.69479305,.69479305,.69479305,.69479305
GLOMIS,CircEular-A,NAM,Material Release|Infrastructure|Runways|Iron_steel,Mt/yr,low,0,0,0,0,0,0,0,0,0,0,0,0,0,0,0,0,0,0
GLOMIS,CircEular-A,NAM,Material Release|Infrastructure|Tunnels|Aluminum,Mt/yr,low,.00039646201,.00041891,.000423399,.000423399,.000423399,.000423399,.000423399,.000423399,.000423399,.000423399,.000423399,.000423399,.000423399,.000423399,.000423399,.000423399,.000423399,.000423399
GLOMIS,CircEular-A,NAM,Material Release|Infrastructure|Tunnels|Asphalt,Mt/yr,low,.18465388,.19510904,.19720009,.19720009,.19720009,.19720009,.19720009,.19720009,.19720009,.19720009,.19720009,.19720009,.19720009,.19720009,.19720009,.19720009,.19720009,.19720009
GLOMIS,CircEular-A,NAM,Material Release|Infrastructure|Tunnels|Concrete,Mt/yr,low,1.7261431,1.8238779,1.8434249,1.8434249,1.8434249,1.8434249,1.8434249,1.8434249,1.8434249,1.8434249,1.8434249,1.8434249,1.8434249,1.8434249,1.8434249,1.8434249,1.8434249,1.8434249
GLOMIS,CircEular-A,NAM,Material Release|Infrastructure|Tunnels|Iron_steel,Mt/yr,low,.083446085,.088170834,.089115784,.089115784,.089115784,.089115784,.089115784,.089115784,.089115784,.089115784,.089115784,.089115784,.089115784,.089115784,.089115784,.089115784,.089115784,.089115784
GLOMIS,CircEular-A,PAO,Material Demand|Infrastructure|Bridges|Aluminum,Mt/yr,low,.000027399999,.000028,.0000158,.0000158,.0000158,.0000158,.0000158,.0000158,.0000158,.0000158,.0000158,.0000158,.0000158,.0000158,.0000158,.0000158,.0000158,.0000158
GLOMIS,CircEular-A,PAO,Material Demand|Infrastructure|Bridges|Asphalt,Mt/yr,low,2.8141668,2.9161415,2.5201583,2.5201583,2.5201583,2.5201583,2.5201583,2.5201583,2.5201583,2.5201583,2.5201583,2.5201583,2.5201583,2.5201583,2.5201583,2.5201583,2.5201583,2.5201583
GLOMIS,CircEular-A,PAO,Material Demand|Infrastructure|Bridges|Concrete,Mt/yr,low,2.8118958,2.8777273,1.62693,1.62693,1.62693,1.62693,1.62693,1.62693,1.62693,1.62693,1.62693,1.62693,1.62693,1.62693,1.62693,1.62693,1.62693,1.62693
GLOMIS,CircEular-A,PAO,Material Demand|Infrastructure|Bridges|Iron_steel,Mt/yr,low,1.1799504,1.2075751,.68270552,.68270552,.68270552,.68270552,.68270552,.68270552,.68270552,.68270552,.68270552,.68270552,.68270552,.68270552,.68270552,.68270552,.68270552,.68270552
GLOMIS,CircEular-A,PAO,Material Demand|Infrastructure|Buildings|Aluminum,Mt/yr,low,0,0,0,0,0,0,0,0,0,0,0,0,0,0,0,0,0,0
GLOMIS,CircEular-A,PAO,Material Demand|Infrastructure|Buildings|Concrete,Mt/yr,low,1.0237095,1.0496173,.64027417,.64027417,.64027417,.64027417,.64027417,.64027417,.64027417,.64027417,.64027417,.64027417,.64027417,.64027417,.64027417,.64027417,.64027417,.64027417
GLOMIS,CircEular-A,PAO,Material Demand|Infrastructure|Buildings|Iron_steel,Mt/yr,low,0,0,0,0,0,0,0,0,0,0,0,0,0,0,0,0,0,0
GLOMIS,CircEular-A,PAO,Material Demand|Infrastructure|Charging stations|Aluminum,Mt/yr,low,5.6499999e-07,5.8699999e-07,5.4899999e-07,5.4899999e-07,5.4899999e-07,5.4899999e-07,5.4899999e-07,5.4899999e-07,5.4899999e-07,5.4899999e-07,5.4899999e-07,5.4899999e-07,5.4899999e-07,5.4899999e-07,5.4899999e-07,5.4899999e-07,5.4899999e-07,5.4899999e-07
GLOMIS,CircEular-A,PAO,Material Demand|Infrastructure|Charging stations|Concrete,Mt/yr,low,.000087499997,.000090900001,.000085,.000085,.000085,.000085,.000085,.000085,.000085,.000085,.000085,.000085,.000085,.000085,.000085,.000085,.000085,.000085
GLOMIS,CircEular-A,PAO,Material Demand|Infrastructure|Charging stations|Iron_steel,Mt/yr,low,.0000146,.0000152,.0000142,.0000142,.0000142,.0000142,.0000142,.0000142,.0000142,.0000142,.0000142,.0000142,.0000142,.0000142,.0000142,.0000142,.0000142,.0000142
GLOMIS,CircEular-A,PAO,Material Demand|Infrastructure|Fuel stations|Aluminum,Mt/yr,low,.000184777,.000191303,.00016128299,.00016128299,.00016128299,.00016128299,.00016128299,.00016128299,.00016128299,.00016128299,.00016128299,.00016128299,.00016128299,.00016128299,.00016128299,.00016128299,.00016128299,.00016128299
GLOMIS,CircEular-A,PAO,Material Demand|Infrastructure|Fuel stations|Concrete,Mt/yr,low,.69005215,.71442395,.60231382,.60231382,.60231382,.60231382,.60231382,.60231382,.60231382,.60231382,.60231382,.60231382,.60231382,.60231382,.60231382,.60231382,.60231382,.60231382
GLOMIS,CircEular-A,PAO,Material Demand|Infrastructure|Fuel stations|Iron_steel,Mt/yr,low,.02756777,.028541431,.024062598,.024062598,.024062598,.024062598,.024062598,.024062598,.024062598,.024062598,.024062598,.024062598,.024062598,.024062598,.024062598,.024062598,.024062598,.024062598
GLOMIS,CircEular-A,PAO,Material Demand|Infrastructure|Parking|Aluminum,Mt/yr,low,.00072101899,.00074087398,.00049069698,.00049069698,.00049069698,.00049069698,.00049069698,.00049069698,.00049069698,.00049069698,.00049069698,.00049069698,.00049069698,.00049069698,.00049069698,.00049069698,.00049069698,.00049069698
GLOMIS,CircEular-A,PAO,Material Demand|Infrastructure|Parking|Asphalt,Mt/yr,low,3.5763788,3.7025933,3.1192088,3.1192088,3.1192088,3.1192088,3.1192088,3.1192088,3.1192088,3.1192088,3.1192088,3.1192088,3.1192088,3.1192088,3.1192088,3.1192088,3.1192088,3.1192088
GLOMIS,CircEular-A,PAO,Material Demand|Infrastructure|Parking|Concrete,Mt/yr,low,3.5206914,3.6176441,2.3960426,2.3960426,2.3960426,2.3960426,2.3960426,2.3960426,2.3960426,2.3960426,2.3960426,2.3960426,2.3960426,2.3960426,2.3960426,2.3960426,2.3960426,2.3960426
GLOMIS,CircEular-A,PAO,Material Demand|Infrastructure|Parking|Iron_steel,Mt/yr,low,.045047898,.046288423,.030657807,.030657807,.030657807,.030657807,.030657807,.030657807,.030657807,.030657807,.030657807,.030657807,.030657807,.030657807,.030657807,.030657807,.030657807,.030657807
GLOMIS,CircEular-A,PAO,Material Demand|Infrastructure|Rail|Aluminum,Mt/yr,low,.001831732,.001889754,.001433944,.001433944,.001433944,.001433944,.001433944,.001433944,.001433944,.001433944,.001433944,.001433944,.001433944,.001433944,.001433944,.001433944,.001433944,.001433944
GLOMIS,CircEular-A,PAO,Material Demand|Infrastructure|Rail|Concrete,Mt/yr,low,.69360799,.71554255,.54208261,.54208261,.54208261,.54208261,.54208261,.54208261,.54208261,.54208261,.54208261,.54208261,.54208261,.54208261,.54208261,.54208261,.54208261,.54208261
GLOMIS,CircEular-A,PAO,Material Demand|Infrastructure|Rail|Iron_steel,Mt/yr,low,.97981572,1.0144081,.85490322,.85490322,.85490322,.85490322,.85490322,.85490322,.85490322,.85490322,.85490322,.85490322,.85490322,.85490322,.85490322,.85490322,.85490322,.85490322
GLOMIS,CircEular-A,PAO,Material Demand|Infrastructure|Roads|Aluminum,Mt/yr,low,0,0,0,0,0,0,0,0,0,0,0,0,0,0,0,0,0,0
GLOMIS,CircEular-A,PAO,Material Demand|Infrastructure|Roads|Asphalt,Mt/yr,low,89.73555,92.929779,78.940811,78.940811,78.940811,78.940811,78.940811,78.940811,78.940811,78.940811,78.940811,78.940811,78.940811,78.940811,78.940811,78.940811,78.940811,78.940811
GLOMIS,CircEular-A,PAO,Material Demand|Infrastructure|Roads|Concrete,Mt/yr,low,0,0,0,0,0,0,0,0,0,0,0,0,0,0,0,0,0,0
GLOMIS,CircEular-A,PAO,Material Demand|Infrastructure|Roads|Iron_steel,Mt/yr,low,0,0,0,0,0,0,0,0,0,0,0,0,0,0,0,0,0,0
GLOMIS,CircEular-A,PAO,Material Demand|Infrastructure|Runways|Aluminum,Mt/yr,low,0,0,0,0,0,0,0,0,0,0,0,0,0,0,0,0,0,0
GLOMIS,CircEular-A,PAO,Material Demand|Infrastructure|Runways|Concrete,Mt/yr,low,.048120279,.049246859,.027841832,.027841832,.027841832,.027841832,.027841832,.027841832,.027841832,.027841832,.027841832,.027841832,.027841832,.027841832,.027841832,.027841832,.027841832,.027841832
GLOMIS,CircEular-A,PAO,Material Demand|Infrastructure|Runways|Iron_steel,Mt/yr,low,0,0,0,0,0,0,0,0,0,0,0,0,0,0,0,0,0,0
GLOMIS,CircEular-A,PAO,Material Demand|Infrastructure|Tunnels|Aluminum,Mt/yr,low,.000067599998,.000069200003,.000039099999,.000039099999,.000039099999,.000039099999,.000039099999,.000039099999,.000039099999,.000039099999,.000039099999,.000039099999,.000039099999,.000039099999,.000039099999,.000039099999,.000039099999,.000039099999
GLOMIS,CircEular-A,PAO,Material Demand|Infrastructure|Tunnels|Asphalt,Mt/yr,low,2.871525,2.9759433,2.5805459,2.5805459,2.5805459,2.5805459,2.5805459,2.5805459,2.5805459,2.5805459,2.5805459,2.5805459,2.5805459,2.5805459,2.5805459,2.5805459,2.5805459,2.5805459
GLOMIS,CircEular-A,PAO,Material Demand|Infrastructure|Tunnels|Concrete,Mt/yr,low,6.3015304,6.4490604,3.645992,3.645992,3.645992,3.645992,3.645992,3.645992,3.645992,3.645992,3.645992,3.645992,3.645992,3.645992,3.645992,3.645992,3.645992,3.645992
GLOMIS,CircEular-A,PAO,Material Demand|Infrastructure|Tunnels|Iron_steel,Mt/yr,low,.36943752,.37808672,.21375224,.21375224,.21375224,.21375224,.21375224,.21375224,.21375224,.21375224,.21375224,.21375224,.21375224,.21375224,.21375224,.21375224,.21375224,.21375224
GLOMIS,CircEular-A,PAO,Material Release|Infrastructure|Bridges|Aluminum,Mt/yr,low,.0000151,.000015699999,.0000158,.0000158,.0000158,.0000158,.0000158,.0000158,.0000158,.0000158,.0000158,.0000158,.0000158,.0000158,.0000158,.0000158,.0000158,.0000158
GLOMIS,CircEular-A,PAO,Material Release|Infrastructure|Bridges|Asphalt,Mt/yr,low,2.3977888,2.4997633,2.5201583,2.5201583,2.5201583,2.5201583,2.5201583,2.5201583,2.5201583,2.5201583,2.5201583,2.5201583,2.5201583,2.5201583,2.5201583,2.5201583,2.5201583,2.5201583
GLOMIS,CircEular-A,PAO,Material Release|Infrastructure|Bridges|Concrete,Mt/yr,low,1.5479323,1.6137637,1.62693,1.62693,1.62693,1.62693,1.62693,1.62693,1.62693,1.62693,1.62693,1.62693,1.62693,1.62693,1.62693,1.62693,1.62693,1.62693
GLOMIS,CircEular-A,PAO,Material Release|Infrastructure|Bridges|Iron_steel,Mt/yr,low,.64955586,.67718059,.68270552,.68270552,.68270552,.68270552,.68270552,.68270552,.68270552,.68270552,.68270552,.68270552,.68270552,.68270552,.68270552,.68270552,.68270552,.68270552
GLOMIS,CircEular-A,PAO,Material Release|Infrastructure|Buildings|Aluminum,Mt/yr,low,0,0,0,0,0,0,0,0,0,0,0,0,0,0,0,0,0,0
GLOMIS,CircEular-A,PAO,Material Release|Infrastructure|Buildings|Concrete,Mt/yr,low,.60918486,.63509262,.64027417,.64027417,.64027417,.64027417,.64027417,.64027417,.64027417,.64027417,.64027417,.64027417,.64027417,.64027417,.64027417,.64027417,.64027417,.64027417
GLOMIS,CircEular-A,PAO,Material Release|Infrastructure|Buildings|Iron_steel,Mt/yr,low,0,0,0,0,0,0,0,0,0,0,0,0,0,0,0,0,0,0
GLOMIS,CircEular-A,PAO,Material Release|Infrastructure|Charging stations|Aluminum,Mt/yr,low,5.2199999e-07,5.4499998e-07,5.4899999e-07,5.4899999e-07,5.4899999e-07,5.4899999e-07,5.4899999e-07,5.4899999e-07,5.4899999e-07,5.4899999e-07,5.4899999e-07,5.4899999e-07,5.4899999e-07,5.4899999e-07,5.4899999e-07,5.4899999e-07,5.4899999e-07,5.4899999e-07
GLOMIS,CircEular-A,PAO,Material Release|Infrastructure|Charging stations|Concrete,Mt/yr,low,.000080899998,.000084300002,.000085,.000085,.000085,.000085,.000085,.000085,.000085,.000085,.000085,.000085,.000085,.000085,.000085,.000085,.000085,.000085
GLOMIS,CircEular-A,PAO,Material Release|Infrastructure|Charging stations|Iron_steel,Mt/yr,low,.0000135,.0000141,.0000142,.0000142,.0000142,.0000142,.0000142,.0000142,.0000142,.0000142,.0000142,.0000142,.0000142,.0000142,.0000142,.0000142,.0000142,.0000142
GLOMIS,CircEular-A,PAO,Material Release|Infrastructure|Fuel stations|Aluminum,Mt/yr,low,.000153452,.00015997799,.00016128299,.00016128299,.00016128299,.00016128299,.00016128299,.00016128299,.00016128299,.00016128299,.00016128299,.00016128299,.00016128299,.00016128299,.00016128299,.00016128299,.00016128299,.00016128299
GLOMIS,CircEular-A,PAO,Material Release|Infrastructure|Fuel stations|Concrete,Mt/yr,low,.57306767,.59743947,.60231382,.60231382,.60231382,.60231382,.60231382,.60231382,.60231382,.60231382,.60231382,.60231382,.60231382,.60231382,.60231382,.60231382,.60231382,.60231382
GLOMIS,CircEular-A,PAO,Material Release|Infrastructure|Fuel stations|Iron_steel,Mt/yr,low,.022894207,.023867866,.024062598,.024062598,.024062598,.024062598,.024062598,.024062598,.024062598,.024062598,.024062598,.024062598,.024062598,.024062598,.024062598,.024062598,.024062598,.024062598
GLOMIS,CircEular-A,PAO,Material Release|Infrastructure|Parking|Aluminum,Mt/yr,low,.00046687,.00048672501,.00049069698,.00049069698,.00049069698,.00049069698,.00049069698,.00049069698,.00049069698,.00049069698,.00049069698,.00049069698,.00049069698,.00049069698,.00049069698,.00049069698,.00049069698,.00049069698
GLOMIS,CircEular-A,PAO,Material Release|Infrastructure|Parking|Asphalt,Mt/yr,low,2.9677515,3.093966,3.1192088,3.1192088,3.1192088,3.1192088,3.1192088,3.1192088,3.1192088,3.1192088,3.1192088,3.1192088,3.1192088,3.1192088,3.1192088,3.1192088,3.1192088,3.1192088
GLOMIS,CircEular-A,PAO,Material Release|Infrastructure|Parking|Concrete,Mt/yr,low,2.2796996,2.376652,2.3960426,2.3960426,2.3960426,2.3960426,2.3960426,2.3960426,2.3960426,2.3960426,2.3960426,2.3960426,2.3960426,2.3960426,2.3960426,2.3960426,2.3960426,2.3960426
GLOMIS,CircEular-A,PAO,Material Release|Infrastructure|Parking|Iron_steel,Mt/yr,low,.029169178,.030409703,.030657807,.030657807,.030657807,.030657807,.030657807,.030657807,.030657807,.030657807,.030657807,.030657807,.030657807,.030657807,.030657807,.030657807,.030657807,.030657807
GLOMIS,CircEular-A,PAO,Material Release|Infrastructure|Rail|Aluminum,Mt/yr,low,.001364316,.001422339,.001433944,.001433944,.001433944,.001433944,.001433944,.001433944,.001433944,.001433944,.001433944,.001433944,.001433944,.001433944,.001433944,.001433944,.001433944,.001433944
GLOMIS,CircEular-A,PAO,Material Release|Infrastructure|Rail|Concrete,Mt/yr,low,.51576108,.53769571,.54208261,.54208261,.54208261,.54208261,.54208261,.54208261,.54208261,.54208261,.54208261,.54208261,.54208261,.54208261,.54208261,.54208261,.54208261,.54208261
GLOMIS,CircEular-A,PAO,Material Release|Infrastructure|Rail|Iron_steel,Mt/yr,low,.81339228,.84798473,.85490322,.85490322,.85490322,.85490322,.85490322,.85490322,.85490322,.85490322,.85490322,.85490322,.85490322,.85490322,.85490322,.85490322,.85490322,.85490322
GLOMIS,CircEular-A,PAO,Material Release|Infrastructure|Roads|Aluminum,Mt/yr,low,0,0,0,0,0,0,0,0,0,0,0,0,0,0,0,0,0,0
GLOMIS,CircEular-A,PAO,Material Release|Infrastructure|Roads|Asphalt,Mt/yr,low,75.107735,78.301964,78.940811,78.940811,78.940811,78.940811,78.940811,78.940811,78.940811,78.940811,78.940811,78.940811,78.940811,78.940811,78.940811,78.940811,78.940811,78.940811
GLOMIS,CircEular-A,PAO,Material Release|Infrastructure|Roads|Concrete,Mt/yr,low,0,0,0,0,0,0,0,0,0,0,0,0,0,0,0,0,0,0
GLOMIS,CircEular-A,PAO,Material Release|Infrastructure|Roads|Iron_steel,Mt/yr,low,0,0,0,0,0,0,0,0,0,0,0,0,0,0,0,0,0,0
GLOMIS,CircEular-A,PAO,Material Release|Infrastructure|Runways|Aluminum,Mt/yr,low,0,0,0,0,0,0,0,0,0,0,0,0,0,0,0,0,0,0
GLOMIS,CircEular-A,PAO,Material Release|Infrastructure|Runways|Concrete,Mt/yr,low,.026489934,.027616516,.027841832,.027841832,.027841832,.027841832,.027841832,.027841832,.027841832,.027841832,.027841832,.027841832,.027841832,.027841832,.027841832,.027841832,.027841832,.027841832
GLOMIS,CircEular-A,PAO,Material Release|Infrastructure|Runways|Iron_steel,Mt/yr,low,0,0,0,0,0,0,0,0,0,0,0,0,0,0,0,0,0,0
GLOMIS,CircEular-A,PAO,Material Release|Infrastructure|Tunnels|Aluminum,Mt/yr,low,.000037199999,.000038800001,.000039099999,.000039099999,.000039099999,.000039099999,.000039099999,.000039099999,.000039099999,.000039099999,.000039099999,.000039099999,.000039099999,.000039099999,.000039099999,.000039099999,.000039099999,.000039099999
GLOMIS,CircEular-A,PAO,Material Release|Infrastructure|Tunnels|Asphalt,Mt/yr,low,2.4552441,2.5596621,2.5805459,2.5805459,2.5805459,2.5805459,2.5805459,2.5805459,2.5805459,2.5805459,2.5805459,2.5805459,2.5805459,2.5805459,2.5805459,2.5805459,2.5805459,2.5805459
GLOMIS,CircEular-A,PAO,Material Release|Infrastructure|Tunnels|Concrete,Mt/yr,low,3.468956,3.6164858,3.645992,3.645992,3.645992,3.645992,3.645992,3.645992,3.645992,3.645992,3.645992,3.645992,3.645992,3.645992,3.645992,3.645992,3.645992,3.645992
GLOMIS,CircEular-A,PAO,Material Release|Infrastructure|Tunnels|Iron_steel,Mt/yr,low,.20337321,.21202239,.21375224,.21375224,.21375224,.21375224,.21375224,.21375224,.21375224,.21375224,.21375224,.21375224,.21375224,.21375224,.21375224,.21375224,.21375224,.21375224
GLOMIS,CircEular-A,PAS,Material Demand|Infrastructure|Bridges|Aluminum,Mt/yr,low,.001537094,.00159766,.001049755,.00098771497,.00067618,.00051127299,.00051127299,.001024581,.001708156,.001708156,.001708156,.001708156,.001708156,.001708156,.001708156,.001708156,.001708156,.001708156
GLOMIS,CircEular-A,PAS,Material Demand|Infrastructure|Bridges|Asphalt,Mt/yr,low,4.8655295,5.335659,4.6320329,4.6881824,4.2361636,3.9686821,3.9686821,4.910666,6.3814273,6.3814273,6.3814273,6.3814273,6.3814273,6.3814273,6.3814273,6.3814273,6.3814273,6.3814273
GLOMIS,CircEular-A,PAS,Material Demand|Infrastructure|Bridges|Concrete,Mt/yr,low,10.356038,10.764091,7.0726328,6.6546412,4.5557027,3.4446552,3.4446552,6.9030237,11.508554,11.508554,11.508554,11.508554,11.508554,11.508554,11.508554,11.508554,11.508554,11.508554
GLOMIS,CircEular-A,PAS,Material Demand|Infrastructure|Bridges|Iron_steel,Mt/yr,low,2.5011501,2.5997016,1.7081548,1.6072031,1.1002756,.83193976,.83193976,1.6671915,2.7795012,2.7795012,2.7795012,2.7795012,2.7795012,2.7795012,2.7795012,2.7795012,2.7795012,2.7795012
GLOMIS,CircEular-A,PAS,Material Demand|Infrastructure|Buildings|Aluminum,Mt/yr,low,0,0,0,0,0,0,0,0,0,0,0,0,0,0,0,0,0,0
GLOMIS,CircEular-A,PAS,Material Demand|Infrastructure|Buildings|Concrete,Mt/yr,low,1.6206574,1.6937287,1.1501464,1.0930902,.78229403,.6168443,.6168443,1.1354612,1.8332647,1.8332647,1.8332647,1.8332647,1.8332647,1.8332647,1.8332647,1.8332647,1.8332647,1.8332647
GLOMIS,CircEular-A,PAS,Material Demand|Infrastructure|Buildings|Iron_steel,Mt/yr,low,0,0,0,0,0,0,0,0,0,0,0,0,0,0,0,0,0,0
GLOMIS,CircEular-A,PAS,Material Demand|Infrastructure|Charging stations|Aluminum,Mt/yr,low,4.0300000e-07,4.5300001e-07,4.3500000e-07,4.4900000e-07,4.3300000e-07,4.1999999e-07,4.1999999e-07,4.7200001e-07,5.6699997e-07,5.6699997e-07,5.6699997e-07,5.6699997e-07,5.6699997e-07,5.6699997e-07,5.6699997e-07,5.6699997e-07,5.6699997e-07,5.6699997e-07
GLOMIS,CircEular-A,PAS,Material Demand|Infrastructure|Charging stations|Concrete,Mt/yr,low,.000062500003,.000070200003,.000067300003,.000069599999,.000067000001,.000065100001,.000065100001,.000073099996,.000087799999,.000087799999,.000087799999,.000087799999,.000087799999,.000087799999,.000087799999,.000087799999,.000087799999,.000087799999
GLOMIS,CircEular-A,PAS,Material Demand|Infrastructure|Charging stations|Iron_steel,Mt/yr,low,.0000104,.0000117,.0000112,.0000116,.0000112,.0000108,.0000108,.0000122,.0000146,.0000146,.0000146,.0000146,.0000146,.0000146,.0000146,.0000146,.0000146,.0000146
GLOMIS,CircEular-A,PAS,Material Demand|Infrastructure|Fuel stations|Aluminum,Mt/yr,low,.00040431099,.00044113601,.00037437101,.00037700401,.000335144,.000310868,.000310868,.00039464101,.000522435,.000522435,.000522435,.000522435,.000522435,.000522435,.000522435,.000522435,.000522435,.000522435
GLOMIS,CircEular-A,PAS,Material Demand|Infrastructure|Fuel stations|Concrete,Mt/yr,low,1.509905,1.6474301,1.3980941,1.407928,1.2515994,1.1609424,1.1609424,1.4737908,1.9510394,1.9510394,1.9510394,1.9510394,1.9510394,1.9510394,1.9510394,1.9510394,1.9510394,1.9510394
GLOMIS,CircEular-A,PAS,Material Demand|Infrastructure|Fuel stations|Iron_steel,Mt/yr,low,.060321111,.06581527,.055854231,.0562471,.050001737,.046379961,.046379961,.05887834,.077944547,.077944547,.077944547,.077944547,.077944547,.077944547,.077944547,.077944547,.077944547,.077944547
GLOMIS,CircEular-A,PAS,Material Demand|Infrastructure|Parking|Aluminum,Mt/yr,low,.000728641,.00076703198,.00054314599,.00052251801,.00039341199,.00032409001,.00032409001,.000543673,.00084361399,.00084361399,.00084361399,.00084361399,.00084361399,.00084361399,.00084361399,.00084361399,.00084361399,.00084361399
GLOMIS,CircEular-A,PAS,Material Demand|Infrastructure|Parking|Asphalt,Mt/yr,low,1.4360642,1.5666002,1.3284818,1.3375957,1.1884067,1.1019422,1.1019422,1.4001374,1.8547027,1.8547027,1.8547027,1.8547027,1.8547027,1.8547027,1.8547027,1.8547027,1.8547027,1.8547027
GLOMIS,CircEular-A,PAS,Material Demand|Infrastructure|Parking|Concrete,Mt/yr,low,4.6385999,4.8830051,3.4577246,3.3264043,2.5045009,2.0631912,2.0631912,3.461076,5.3705335,5.3705335,5.3705335,5.3705335,5.3705335,5.3705335,5.3705335,5.3705335,5.3705335,5.3705335
GLOMIS,CircEular-A,PAS,Material Demand|Infrastructure|Parking|Iron_steel,Mt/yr,low,.064845145,.068261802,.048337139,.046501353,.035011586,.028842311,.028842311,.048383992,.075077191,.075077191,.075077191,.075077191,.075077191,.075077191,.075077191,.075077191,.075077191,.075077191
GLOMIS,CircEular-A,PAS,Material Demand|Infrastructure|Rail|Aluminum,Mt/yr,low,.002270638,.0024094579,.001782782,.001735897,.001370366,.001171876,.001171876,.001809109,.0026960589,.0026960589,.0026960589,.0026960589,.0026960589,.0026960589,.0026960589,.0026960589,.0026960589,.0026960589
GLOMIS,CircEular-A,PAS,Material Demand|Infrastructure|Rail|Concrete,Mt/yr,low,.66965383,.70595884,.50397831,.48594657,.36925131,.30647504,.30647504,.50577658,.77889419,.77889419,.77889419,.77889419,.77889419,.77889419,.77889419,.77889419,.77889419,.77889419
GLOMIS,CircEular-A,PAS,Material Demand|Infrastructure|Rail|Iron_steel,Mt/yr,low,.41251731,.44818997,.37303478,.3739979,.32764241,.30113712,.30113712,.39127013,.52638799,.52638799,.52638799,.52638799,.52638799,.52638799,.52638799,.52638799,.52638799,.52638799
GLOMIS,CircEular-A,PAS,Material Demand|Infrastructure|Roads|Aluminum,Mt/yr,low,0,0,0,0,0,0,0,0,0,0,0,0,0,0,0,0,0,0
GLOMIS,CircEular-A,PAS,Material Demand|Infrastructure|Roads|Asphalt,Mt/yr,low,134.32785,146.80588,125.52416,126.61962,113.1785,105.33556,105.33556,132.57147,174.42427,174.42427,174.42427,174.42427,174.42427,174.42427,174.42427,174.42427,174.42427,174.42427
GLOMIS,CircEular-A,PAS,Material Demand|Infrastructure|Roads|Concrete,Mt/yr,low,0,0,0,0,0,0,0,0,0,0,0,0,0,0,0,0,0,0
GLOMIS,CircEular-A,PAS,Material Demand|Infrastructure|Roads|Iron_steel,Mt/yr,low,0,0,0,0,0,0,0,0,0,0,0,0,0,0,0,0,0,0
GLOMIS,CircEular-A,PAS,Material Demand|Infrastructure|Tunnels|Aluminum,Mt/yr,low,.002136251,.0022204239,.001458948,.001372724,.00093975401,.000710566,.000710566,.001423961,.002373992,.002373992,.002373992,.002373992,.002373992,.002373992,.002373992,.002373992,.002373992,.002373992
GLOMIS,CircEular-A,PAS,Material Demand|Infrastructure|Tunnels|Asphalt,Mt/yr,low,1.582898,1.7384671,1.5192647,1.5399103,1.3978859,1.3132637,1.3132637,1.613287,2.0852413,2.0852413,2.0852413,2.0852413,2.0852413,2.0852413,2.0852413,2.0852413,2.0852413,2.0852413
GLOMIS,CircEular-A,PAS,Material Demand|Infrastructure|Tunnels|Concrete,Mt/yr,low,14.012049,14.564157,9.5694971,9.0039415,6.1640105,4.660728,4.660728,9.3400106,15.571439,15.571439,15.571439,15.571439,15.571439,15.571439,15.571439,15.571439,15.571439,15.571439
GLOMIS,CircEular-A,PAS,Material Demand|Infrastructure|Tunnels|Iron_steel,Mt/yr,low,.64249533,.66781121,.43879074,.41285828,.28263876,.21370865,.21370865,.42826807,.71399814,.71399814,.71399814,.71399814,.71399814,.71399814,.71399814,.71399814,.71399814,.71399814
GLOMIS,CircEular-A,PAS,Material Release|Infrastructure|Bridges|Aluminum,Mt/yr,low,.000374241,.00043480599,.00047103199,.00049748702,.000509537,.00051127299,.00051127299,.00052387198,.00057625101,.00057625101,.00057625101,.00057625101,.00057625101,.00057625101,.00057625101,.00057625101,.00057625101,.00057625101
GLOMIS,CircEular-A,PAS,Material Release|Infrastructure|Bridges|Asphalt,Mt/yr,low,2.9049892,3.3751187,3.6563218,3.8616712,3.9552076,3.9686821,3.9686821,4.0664849,4.4730649,4.4730649,4.4730649,4.4730649,4.4730649,4.4730649,4.4730649,4.4730649,4.4730649,4.4730649
GLOMIS,CircEular-A,PAS,Material Release|Infrastructure|Bridges|Concrete,Mt/yr,low,2.5214128,2.9294662,3.1735392,3.3517742,3.43296,3.4446552,3.4446552,3.5295441,3.8824391,3.8824391,3.8824391,3.8824391,3.8824391,3.8824391,3.8824391,3.8824391,3.8824391,3.8824391
GLOMIS,CircEular-A,PAS,Material Release|Infrastructure|Bridges|Iron_steel,Mt/yr,low,.60896188,.70751333,.76646084,.80950749,.82911521,.83193976,.83193976,.85244179,.93767166,.93767166,.93767166,.93767166,.93767166,.93767166,.93767166,.93767166,.93767166,.93767166
GLOMIS,CircEular-A,PAS,Material Release|Infrastructure|Buildings|Aluminum,Mt/yr,low,0,0,0,0,0,0,0,0,0,0,0,0,0,0,0,0,0,0
GLOMIS,CircEular-A,PAS,Material Release|Infrastructure|Buildings|Concrete,Mt/yr,low,.45151666,.52458799,.56829482,.60021186,.61475003,.6168443,.6168443,.63204563,.69523954,.69523954,.69523954,.69523954,.69523954,.69523954,.69523954,.69523954,.69523954,.69523954
GLOMIS,CircEular-A,PAS,Material Release|Infrastructure|Buildings|Iron_steel,Mt/yr,low,0,0,0,0,0,0,0,0,0,0,0,0,0,0,0,0,0,0
GLOMIS,CircEular-A,PAS,Material Release|Infrastructure|Charging stations|Aluminum,Mt/yr,low,3.0800001e-07,3.5799999e-07,3.8700000e-07,4.0899999e-07,4.1900000e-07,4.1999999e-07,4.1999999e-07,4.3099999e-07,4.7399999e-07,4.7399999e-07,4.7399999e-07,4.7399999e-07,4.7399999e-07,4.7399999e-07,4.7399999e-07,4.7399999e-07,4.7399999e-07,4.7399999e-07
GLOMIS,CircEular-A,PAS,Material Release|Infrastructure|Charging stations|Concrete,Mt/yr,low,.000047699999,.0000554,.000059999998,.000063300002,.000064899999,.000065100001,.000065100001,.000066699999,.000073399999,.000073399999,.000073399999,.000073399999,.000073399999,.000073399999,.000073399999,.000073399999,.000073399999,.000073399999
GLOMIS,CircEular-A,PAS,Material Release|Infrastructure|Charging stations|Iron_steel,Mt/yr,low,7.9399997e-06,9.2199998e-06,9.9899999e-06,.0000106,.0000108,.0000108,.0000108,.0000111,.0000122,.0000122,.0000122,.0000122,.0000122,.0000122,.0000122,.0000122,.0000122,.0000122
GLOMIS,CircEular-A,PAS,Material Release|Infrastructure|Fuel stations|Aluminum,Mt/yr,low,.000227549,.00026437399,.00028640099,.00030248601,.00030981301,.000310868,.000310868,.000318529,.000350377,.000350377,.000350377,.000350377,.000350377,.000350377,.000350377,.000350377,.000350377,.000350377
GLOMIS,CircEular-A,PAS,Material Release|Infrastructure|Fuel stations|Concrete,Mt/yr,low,.84978467,.98730975,1.0695689,1.1296389,1.1570008,1.1609424,1.1609424,1.1895522,1.3084875,1.3084875,1.3084875,1.3084875,1.3084875,1.3084875,1.3084875,1.3084875,1.3084875,1.3084875
GLOMIS,CircEular-A,PAS,Material Release|Infrastructure|Fuel stations|Iron_steel,Mt/yr,low,.033949126,.039443288,.042729564,.045129381,.046222489,.046379961,.046379961,.047522932,.052274428,.052274428,.052274428,.052274428,.052274428,.052274428,.052274428,.052274428,.052274428,.052274428
GLOMIS,CircEular-A,PAS,Material Release|Infrastructure|Parking|Aluminum,Mt/yr,low,.000237227,.00027561901,.00029858199,.00031535199,.00032299,.00032409001,.00032409001,.000332077,.000365279,.000365279,.000365279,.000365279,.000365279,.000365279,.000365279,.000365279,.000365279,.000365279
GLOMIS,CircEular-A,PAS,Material Release|Infrastructure|Parking|Asphalt,Mt/yr,low,.80659777,.93713373,1.0152124,1.0722296,1.0982009,1.1019422,1.1019422,1.1290979,1.2419889,1.2419889,1.2419889,1.2419889,1.2419889,1.2419889,1.2419889,1.2419889,1.2419889,1.2419889
GLOMIS,CircEular-A,PAS,Material Release|Infrastructure|Parking|Concrete,Mt/yr,low,1.5102112,1.7546166,1.9008051,2.0075598,2.0561864,2.0631912,2.0631912,2.1140356,2.3254039,2.3254039,2.3254039,2.3254039,2.3254039,2.3254039,2.3254039,2.3254039,2.3254039,2.3254039
GLOMIS,CircEular-A,PAS,Material Release|Infrastructure|Parking|Iron_steel,Mt/yr,low,.021111947,.024528602,.026572241,.028064612,.028744387,.028842311,.028842311,.029553091,.032507904,.032507904,.032507904,.032507904,.032507904,.032507904,.032507904,.032507904,.032507904,.032507904
GLOMIS,CircEular-A,PAS,Material Release|Infrastructure|Rail|Aluminum,Mt/yr,low,.00085778802,.00099660805,.001079642,.0011402779,.001167897,.001171876,.001171876,.001200755,.001320811,.001320811,.001320811,.001320811,.001320811,.001320811,.001320811,.001320811,.001320811,.001320811
GLOMIS,CircEular-A,PAS,Material Release|Infrastructure|Rail|Concrete,Mt/yr,low,.22433308,.26063806,.28235352,.29821131,.3054345,.30647504,.30647504,.3140277,.34542519,.34542519,.34542519,.34542519,.34542519,.34542519,.34542519,.34542519,.34542519,.34542519
GLOMIS,CircEular-A,PAS,Material Release|Infrastructure|Rail|Iron_steel,Mt/yr,low,.22042584,.25609851,.27743575,.29301733,.30011469,.30113712,.30113712,.30855823,.33940887,.33940887,.33940887,.33940887,.33940887,.33940887,.33940887,.33940887,.33940887,.33940887
GLOMIS,CircEular-A,PAS,Material Release|Infrastructure|Roads|Aluminum,Mt/yr,low,0,0,0,0,0,0,0,0,0,0,0,0,0,0,0,0,0,0
GLOMIS,CircEular-A,PAS,Material Release|Infrastructure|Roads|Asphalt,Mt/yr,low,77.10334,89.581375,97.044991,102.49531,104.97793,105.33556,105.33556,107.9314,118.72274,118.72274,118.72274,118.72274,118.72274,118.72274,118.72274,118.72274,118.72274,118.72274
GLOMIS,CircEular-A,PAS,Material Release|Infrastructure|Roads|Concrete,Mt/yr,low,0,0,0,0,0,0,0,0,0,0,0,0,0,0,0,0,0,0
GLOMIS,CircEular-A,PAS,Material Release|Infrastructure|Roads|Iron_steel,Mt/yr,low,0,0,0,0,0,0,0,0,0,0,0,0,0,0,0,0,0,0
GLOMIS,CircEular-A,PAS,Material Release|Infrastructure|Tunnels|Aluminum,Mt/yr,low,.00052011898,.00060429203,.00065464003,.00069140602,.00070815301,.000710566,.000710566,.00072807702,.00080087199,.00080087199,.00080087199,.00080087199,.00080087199,.00080087199,.00080087199,.00080087199,.00080087199,.00080087199
GLOMIS,CircEular-A,PAS,Material Release|Infrastructure|Tunnels|Asphalt,Mt/yr,low,.96128047,1.1168495,1.2099015,1.277853,1.3088049,1.3132637,1.3132637,1.3456272,1.4801674,1.4801674,1.4801674,1.4801674,1.4801674,1.4801674,1.4801674,1.4801674,1.4801674,1.4801674
GLOMIS,CircEular-A,PAS,Material Release|Infrastructure|Tunnels|Concrete,Mt/yr,low,3.4115517,3.963661,4.2938995,4.5350571,4.6449041,4.660728,4.660728,4.7755852,5.2530637,5.2530637,5.2530637,5.2530637,5.2530637,5.2530637,5.2530637,5.2530637,5.2530637,5.2530637
GLOMIS,CircEular-A,PAS,Material Release|Infrastructure|Tunnels|Iron_steel,Mt/yr,low,.1564301,.18174599,.19688843,.20794626,.21298307,.21370865,.21370865,.2189752,.24086906,.24086906,.24086906,.24086906,.24086906,.24086906,.24086906,.24086906,.24086906,.24086906
GLOMIS,CircEular-A,RCPA,Material Demand|Infrastructure|Bridges|Aluminum,Mt/yr,low,.000173407,.00018095699,.000211409,.00027395599,.000246193,.00020393,.000167864,.00023602,.0002298,.0002298,.0002298,.0002298,.0002298,.0002298,.0002298,.0002298,.0002298,.0002298
GLOMIS,CircEular-A,RCPA,Material Demand|Infrastructure|Bridges|Asphalt,Mt/yr,low,.89146978,1.0015733,1.1973462,1.5255951,1.5452021,1.4893422,1.4286433,1.7345618,1.7966483,1.7966483,1.7966483,1.7966483,1.7966483,1.7966483,1.7966483,1.7966483,1.7966483,1.7966483
GLOMIS,CircEular-A,RCPA,Material Demand|Infrastructure|Bridges|Concrete,Mt/yr,low,2.2548292,2.3530107,2.7489791,3.5622842,3.2012813,2.6517234,2.1827483,3.0689931,2.988112,2.988112,2.988112,2.988112,2.988112,2.988112,2.988112,2.988112,2.988112,2.988112
GLOMIS,CircEular-A,RCPA,Material Demand|Infrastructure|Bridges|Iron_steel,Mt/yr,low,.4619596,.48207459,.56319886,.72982526,.6558646,.54327357,.44719198,.62876195,.61219138,.61219138,.61219138,.61219138,.61219138,.61219138,.61219138,.61219138,.61219138,.61219138
GLOMIS,CircEular-A,RCPA,Material Demand|Infrastructure|Buildings|Aluminum,Mt/yr,low,0,0,0,0,0,0,0,0,0,0,0,0,0,0,0,0,0,0
GLOMIS,CircEular-A,RCPA,Material Demand|Infrastructure|Buildings|Concrete,Mt/yr,low,.1673535,.17582026,.20585816,.26633257,.24222539,.20410845,.17136504,.23640625,.23195992,.23195992,.23195992,.23195992,.23195992,.23195992,.23195992,.23195992,.23195992,.23195992
GLOMIS,CircEular-A,RCPA,Material Demand|Infrastructure|Buildings|Iron_steel,Mt/yr,low,0,0,0,0,0,0,0,0,0,0,0,0,0,0,0,0,0,0
GLOMIS,CircEular-A,RCPA,Material Demand|Infrastructure|Charging stations|Aluminum,Mt/yr,low,8.5200000e-08,1.0000000e-07,1.2100000e-07,1.5300000e-07,1.6500000e-07,1.7000001e-07,1.7200000e-07,1.9800000e-07,2.1000000e-07,2.1000000e-07,2.1000000e-07,2.1000000e-07,2.1000000e-07,2.1000000e-07,2.1000000e-07,2.1000000e-07,2.1000000e-07,2.1000000e-07
GLOMIS,CircEular-A,RCPA,Material Demand|Infrastructure|Charging stations|Concrete,Mt/yr,low,.0000132,.0000155,.000018799999,.0000237,.0000256,.0000263,.000026600001,.000030700001,.000032600001,.000032600001,.000032600001,.000032600001,.000032600001,.000032600001,.000032600001,.000032600001,.000032600001,.000032600001
GLOMIS,CircEular-A,RCPA,Material Demand|Infrastructure|Charging stations|Iron_steel,Mt/yr,low,2.1999999e-06,2.5800000e-06,3.1300001e-06,3.9500001e-06,4.2600000e-06,4.3800001e-06,4.4399999e-06,5.1200000e-06,5.4200000e-06,5.4200000e-06,5.4200000e-06,5.4200000e-06,5.4200000e-06,5.4200000e-06,5.4200000e-06,5.4200000e-06,5.4200000e-06,5.4200000e-06
GLOMIS,CircEular-A,RCPA,Material Demand|Infrastructure|Fuel stations|Aluminum,Mt/yr,low,.0000377,.0000421,.0000502,.000064100001,.000064300002,.000061400002,.000058400001,.000071399998,.000073700001,.000073700001,.000073700001,.000073700001,.000073700001,.000073700001,.000073700001,.000073700001,.000073700001,.000073700001
GLOMIS,CircEular-A,RCPA,Material Demand|Infrastructure|Fuel stations|Concrete,Mt/yr,low,.14070687,.15713319,.18750954,.23922984,.24015649,.22918393,.21793774,.26681685,.27536011,.27536011,.27536011,.27536011,.27536011,.27536011,.27536011,.27536011,.27536011,.27536011
GLOMIS,CircEular-A,RCPA,Material Demand|Infrastructure|Fuel stations|Iron_steel,Mt/yr,low,.0056212768,.0062775132,.0074910559,.0095572956,.0095943157,.0091559589,.0087066712,.010659405,.01100071,.01100071,.01100071,.01100071,.01100071,.01100071,.01100071,.01100071,.01100071,.01100071
GLOMIS,CircEular-A,RCPA,Material Demand|Infrastructure|Parking|Aluminum,Mt/yr,low,.000071000002,.000075299999,.000088399996,.00011409,.000105446,.000090900001,.000078199999,.000105329,.000104359,.000104359,.000104359,.000104359,.000104359,.000104359,.000104359,.000104359,.000104359,.000104359
GLOMIS,CircEular-A,RCPA,Material Demand|Infrastructure|Parking|Asphalt,Mt/yr,low,.090818197,.10139307,.1209842,.15436411,.15489988,.14775574,.14044911,.17201483,.1774929,.1774929,.1774929,.1774929,.1774929,.1774929,.1774929,.1774929,.1774929,.1774929
GLOMIS,CircEular-A,RCPA,Material Demand|Infrastructure|Parking|Concrete,Mt/yr,low,.21911664,.23234358,.27285051,.3522312,.32554391,.28048593,.24136114,.32518411,.32218808,.32218808,.32218808,.32218808,.32218808,.32218808,.32218808,.32218808,.32218808,.32218808
GLOMIS,CircEular-A,RCPA,Material Demand|Infrastructure|Parking|Iron_steel,Mt/yr,low,.0021558229,.002285959,.0026844949,.0034654981,.0032029289,.0027596171,.00237468,.003199389,.0031699119,.0031699119,.0031699119,.0031699119,.0031699119,.0031699119,.0031699119,.0031699119,.0031699119,.0031699119
GLOMIS,CircEular-A,RCPA,Material Demand|Infrastructure|Rail|Aluminum,Mt/yr,low,.00092596898,.001003203,.001186122,.001523584,.001459396,.001317299,.001189291,.00153021,.001545705,.001545705,.001545705,.001545705,.001545705,.001545705,.001545705,.001545705,.001545705,.001545705
GLOMIS,CircEular-A,RCPA,Material Demand|Infrastructure|Rail|Concrete,Mt/yr,low,.27211669,.29449335,.34807211,.4472127,.42762044,.38513717,.34695902,.44734538,.45147628,.45147628,.45147628,.45147628,.45147628,.45147628,.45147628,.45147628,.45147628,.45147628
GLOMIS,CircEular-A,RCPA,Material Demand|Infrastructure|Rail|Iron_steel,Mt/yr,low,.2037649,.2274138,.2713269,.34621271,.3472383,.3310338,.31450453,.38537562,.3975642,.3975642,.3975642,.3975642,.3975642,.3975642,.3975642,.3975642,.3975642,.3975642
GLOMIS,CircEular-A,RCPA,Material Demand|Infrastructure|Roads|Aluminum,Mt/yr,low,0,0,0,0,0,0,0,0,0,0,0,0,0,0,0,0,0,0
GLOMIS,CircEular-A,RCPA,Material Demand|Infrastructure|Roads|Asphalt,Mt/yr,low,44.066513,49.330719,58.909893,75.118896,75.681953,72.516869,69.204407,84.437607,87.271278,87.271278,87.271278,87.271278,87.271278,87.271278,87.271278,87.271278,87.271278,87.271278
GLOMIS,CircEular-A,RCPA,Material Demand|Infrastructure|Roads|Concrete,Mt/yr,low,0,0,0,0,0,0,0,0,0,0,0,0,0,0,0,0,0,0
GLOMIS,CircEular-A,RCPA,Material Demand|Infrastructure|Roads|Iron_steel,Mt/yr,low,0,0,0,0,0,0,0,0,0,0,0,0,0,0,0,0,0,0
GLOMIS,CircEular-A,RCPA,Material Demand|Infrastructure|Tunnels|Aluminum,Mt/yr,low,.00014092,.00014705599,.000171803,.00022263201,.00020007099,.000165725,.00013641499,.000191803,.000186748,.000186748,.000186748,.000186748,.000186748,.000186748,.000186748,.000186748,.000186748,.000186748
GLOMIS,CircEular-A,RCPA,Material Demand|Infrastructure|Tunnels|Asphalt,Mt/yr,low,.081598021,.092078783,.11021987,.140303,.14301483,.13881382,.13396256,.16171265,.16792698,.16792698,.16792698,.16792698,.16792698,.16792698,.16792698,.16792698,.16792698,.16792698
GLOMIS,CircEular-A,RCPA,Material Demand|Infrastructure|Tunnels|Concrete,Mt/yr,low,1.5313768,1.5980573,1.8669809,2.4193404,2.1741638,1.8009292,1.4824228,2.0843196,2.0293889,2.0293889,2.0293889,2.0293889,2.0293889,2.0293889,2.0293889,2.0293889,2.0293889,2.0293889
GLOMIS,CircEular-A,RCPA,Material Demand|Infrastructure|Tunnels|Iron_steel,Mt/yr,low,.059332021,.061915498,.072334737,.093735486,.084236309,.069775619,.057435334,.080755368,.078627117,.078627117,.078627117,.078627117,.078627117,.078627117,.078627117,.078627117,.078627117,.078627117
GLOMIS,CircEular-A,RCPA,Material Release|Infrastructure|Bridges|Aluminum,Mt/yr,low,.0000284,.000036000001,.000044500001,.000055299999,.000065100001,.000072499999,.000077600002,.000084899999,.000092200004,.000092200004,.000092200004,.000092200004,.000092200004,.000092200004,.000092200004,.000092200004,.000092200004,.000092200004
GLOMIS,CircEular-A,RCPA,Material Release|Infrastructure|Bridges|Asphalt,Mt/yr,low,.41464302,.5247466,.64820808,.80641949,.94964749,1.0570141,1.1318126,1.2373663,1.3439528,1.3439528,1.3439528,1.3439528,1.3439528,1.3439528,1.3439528,1.3439528,1.3439528,1.3439528
GLOMIS,CircEular-A,RCPA,Material Release|Infrastructure|Bridges|Concrete,Mt/yr,low,.36974508,.46792656,.5780195,.7190997,.8468188,.9425596,1.0092587,1.1033831,1.1984283,1.1984283,1.1984283,1.1984283,1.1984283,1.1984283,1.1984283,1.1984283,1.1984283,1.1984283
GLOMIS,CircEular-A,RCPA,Material Release|Infrastructure|Bridges|Iron_steel,Mt/yr,low,.075751767,.095866755,.11842212,.14732601,.17349255,.1931075,.20677255,.22605632,.24552877,.24552877,.24552877,.24552877,.24552877,.24552877,.24552877,.24552877,.24552877,.24552877
GLOMIS,CircEular-A,RCPA,Material Release|Infrastructure|Buildings|Aluminum,Mt/yr,low,0,0,0,0,0,0,0,0,0,0,0,0,0,0,0,0,0,0
GLOMIS,CircEular-A,RCPA,Material Release|Infrastructure|Buildings|Concrete,Mt/yr,low,.031885285,.04035205,.049846008,.062012184,.07302615,.081282437,.0870343,.095151186,.1033475,.1033475,.1033475,.1033475,.1033475,.1033475,.1033475,.1033475,.1033475,.1033475
GLOMIS,CircEular-A,RCPA,Material Release|Infrastructure|Buildings|Iron_steel,Mt/yr,low,0,0,0,0,0,0,0,0,0,0,0,0,0,0,0,0,0,0
GLOMIS,CircEular-A,RCPA,Material Release|Infrastructure|Charging stations|Aluminum,Mt/yr,low,5.6400001e-08,7.1400002e-08,8.8199997e-08,1.1000000e-07,1.2900000e-07,1.4400000e-07,1.5400001e-07,1.6800000e-07,1.8300000e-07,1.8300000e-07,1.8300000e-07,1.8300000e-07,1.8300000e-07,1.8300000e-07,1.8300000e-07,1.8300000e-07,1.8300000e-07,1.8300000e-07
GLOMIS,CircEular-A,RCPA,Material Release|Infrastructure|Charging stations|Concrete,Mt/yr,low,8.7400003e-06,.0000111,.0000137,.000017,.000019999999,.000022300001,.0000239,.0000261,.000028300001,.000028300001,.000028300001,.000028300001,.000028300001,.000028300001,.000028300001,.000028300001,.000028300001,.000028300001
GLOMIS,CircEular-A,RCPA,Material Release|Infrastructure|Charging stations|Iron_steel,Mt/yr,low,1.4600000e-06,1.8400000e-06,2.2800000e-06,2.8300001e-06,3.3300000e-06,3.7100001e-06,3.9699999e-06,4.3400000e-06,4.7200001e-06,4.7200001e-06,4.7200001e-06,4.7200001e-06,4.7200001e-06,4.7200001e-06,4.7200001e-06,4.7200001e-06,4.7200001e-06,4.7200001e-06
GLOMIS,CircEular-A,RCPA,Material Release|Infrastructure|Fuel stations|Aluminum,Mt/yr,low,.000016600001,.000021,.000025900001,.000032200001,.000037900001,.000042200001,.000045199999,.000049400001,.000053700001,.000053700001,.000053700001,.000053700001,.000053700001,.000053700001,.000053700001,.000053700001,.000053700001,.000053700001
GLOMIS,CircEular-A,RCPA,Material Release|Infrastructure|Fuel stations|Concrete,Mt/yr,low,.061860491,.078286819,.096706003,.12030955,.14167768,.15769568,.16885483,.18460236,.20050399,.20050399,.20050399,.20050399,.20050399,.20050399,.20050399,.20050399,.20050399,.20050399
GLOMIS,CircEular-A,RCPA,Material Release|Infrastructure|Fuel stations|Iron_steel,Mt/yr,low,.0024713429,.0031275791,.003863431,.0048063979,.0056600608,.0062999851,.0067457962,.0073749139,.0080101881,.0080101881,.0080101881,.0080101881,.0080101881,.0080101881,.0080101881,.0080101881,.0080101881,.0080101881
GLOMIS,CircEular-A,RCPA,Material Release|Infrastructure|Parking|Aluminum,Mt/yr,low,.000016100001,.000020400001,.000025200001,.000031399999,.000037000002,.0000411,.000044,.000048099999,.000052300002,.000052300002,.000052300002,.000052300002,.000052300002,.000052300002,.000052300002,.000052300002,.000052300002,.000052300002
GLOMIS,CircEular-A,RCPA,Material Release|Infrastructure|Parking|Asphalt,Mt/yr,low,.039824318,.050399199,.062257037,.077452429,.091208734,.10152073,.10870475,.11884263,.12907971,.12907971,.12907971,.12907971,.12907971,.12907971,.12907971,.12907971,.12907971,.12907971
GLOMIS,CircEular-A,RCPA,Material Release|Infrastructure|Parking|Concrete,Mt/yr,low,.049811807,.063038751,.077870391,.096876621,.11408285,.12698099,.13596666,.14864703,.16145144,.16145144,.16145144,.16145144,.16145144,.16145144,.16145144,.16145144,.16145144,.16145144
GLOMIS,CircEular-A,RCPA,Material Release|Infrastructure|Parking|Iron_steel,Mt/yr,low,.000490084,.00062021898,.00076614402,.00095314003,.0011224271,.001249328,.001337735,.001462494,.001588473,.001588473,.001588473,.001588473,.001588473,.001588473,.001588473,.001588473,.001588473,.001588473
GLOMIS,CircEular-A,RCPA,Material Release|Infrastructure|Rail|Aluminum,Mt/yr,low,.00029085699,.00036809099,.00045469499,.00056567398,.00066614302,.00074145698,.00079392601,.00086796802,.00094273401,.00094273401,.00094273401,.00094273401,.00094273401,.00094273401,.00094273401,.00094273401,.00094273401,.00094273401
GLOMIS,CircEular-A,RCPA,Material Release|Infrastructure|Rail|Concrete,Mt/yr,low,.084269062,.10664572,.13173714,.1638909,.19299951,.21481991,.23002142,.2514734,.27313527,.27313527,.27313527,.27313527,.27313527,.27313527,.27313527,.27313527,.27313527,.27313527
GLOMIS,CircEular-A,RCPA,Material Release|Infrastructure|Rail|Iron_steel,Mt/yr,low,.08906021,.11270911,.13922711,.17320898,.20397259,.2270336,.24309938,.26577103,.28866449,.28866449,.28866449,.28866449,.28866449,.28866449,.28866449,.28866449,.28866449,.28866449
GLOMIS,CircEular-A,RCPA,Material Release|Infrastructure|Roads|Aluminum,Mt/yr,low,0,0,0,0,0,0,0,0,0,0,0,0,0,0,0,0,0,0
GLOMIS,CircEular-A,RCPA,Material Release|Infrastructure|Roads|Asphalt,Mt/yr,low,19.824663,25.088869,30.991735,38.556046,45.403976,50.537319,54.113541,59.16021,64.256264,64.256264,64.256264,64.256264,64.256264,64.256264,64.256264,64.256264,64.256264,64.256264
GLOMIS,CircEular-A,RCPA,Material Release|Infrastructure|Roads|Concrete,Mt/yr,low,0,0,0,0,0,0,0,0,0,0,0,0,0,0,0,0,0,0
GLOMIS,CircEular-A,RCPA,Material Release|Infrastructure|Roads|Iron_steel,Mt/yr,low,0,0,0,0,0,0,0,0,0,0,0,0,0,0,0,0,0,0
GLOMIS,CircEular-A,RCPA,Material Release|Infrastructure|Tunnels|Aluminum,Mt/yr,low,.000023099999,.0000292,.000036099998,.0000449,.000052899999,.000058900001,.0000631,.000069000002,.000074900003,.000074900003,.000074900003,.000074900003,.000074900003,.000074900003,.000074900003,.000074900003,.000074900003,.000074900003
GLOMIS,CircEular-A,RCPA,Material Release|Infrastructure|Tunnels|Asphalt,Mt/yr,low,.039469864,.049950626,.061702922,.076763071,.090396941,.10061716,.10773722,.11778489,.12793085,.12793085,.12793085,.12793085,.12793085,.12793085,.12793085,.12793085,.12793085,.12793085
GLOMIS,CircEular-A,RCPA,Material Release|Infrastructure|Tunnels|Concrete,Mt/yr,low,.25111395,.31779429,.39256442,.4883796,.57512057,.64014333,.68544239,.7493673,.81391764,.81391764,.81391764,.81391764,.81391764,.81391764,.81391764,.81391764,.81391764,.81391764
GLOMIS,CircEular-A,RCPA,Material Release|Infrastructure|Tunnels|Iron_steel,Mt/yr,low,.0097292168,.012312696,.015209606,.018921893,.022282604,.024801861,.026556939,.029033661,.031534616,.031534616,.031534616,.031534616,.031534616,.031534616,.031534616,.031534616,.031534616,.031534616
GLOMIS,CircEular-A,SAS,Material Demand|Infrastructure|Bridges|Aluminum,Mt/yr,low,.0024310551,.002529697,.0029626261,.0034036189,.0039831139,.0032310779,.0031956721,.0041416972,.0043003499,.0043003499,.0043003499,.0043003499,.0043003499,.0043003499,.0043003499,.0043003499,.0043003499,.0043003499
GLOMIS,CircEular-A,SAS,Material Demand|Infrastructure|Bridges|Asphalt,Mt/yr,low,3.623934,3.9892263,4.6810393,5.4262996,6.3512368,6.0366359,6.2984953,7.499332,8.0462179,8.0462179,8.0462179,8.0462179,8.0462179,8.0462179,8.0462179,8.0462179,8.0462179,8.0462179
GLOMIS,CircEular-A,SAS,Material Demand|Infrastructure|Bridges|Concrete,Mt/yr,low,9.3387012,9.7176228,11.380687,13.074723,15.300808,12.411921,12.275912,15.909992,16.519444,16.519444,16.519444,16.519444,16.519444,16.519444,16.519444,16.519444,16.519444,16.519444
GLOMIS,CircEular-A,SAS,Material Demand|Infrastructure|Bridges|Iron_steel,Mt/yr,low,1.8203795,1.8942422,2.2184207,2.5486369,2.9825644,2.4194379,2.392926,3.1013119,3.2201111,3.2201111,3.2201111,3.2201111,3.2201111,3.2201111,3.2201111,3.2201111,3.2201111,3.2201111
GLOMIS,CircEular-A,SAS,Material Demand|Infrastructure|Buildings|Aluminum,Mt/yr,low,0,0,0,0,0,0,0,0,0,0,0,0,0,0,0,0,0,0
GLOMIS,CircEular-A,SAS,Material Demand|Infrastructure|Buildings|Concrete,Mt/yr,low,1.4641844,1.5324591,1.7950922,2.0642643,2.4157662,1.9955835,1.9870392,2.5483098,2.6564708,2.6564708,2.6564708,2.6564708,2.6564708,2.6564708,2.6564708,2.6564708,2.6564708,2.6564708
GLOMIS,CircEular-A,SAS,Material Demand|Infrastructure|Buildings|Iron_steel,Mt/yr,low,0,0,0,0,0,0,0,0,0,0,0,0,0,0,0,0,0,0
GLOMIS,CircEular-A,SAS,Material Demand|Infrastructure|Charging stations|Aluminum,Mt/yr,low,1.1200000e-07,1.2700001e-07,1.4900000e-07,1.7399999e-07,2.0300000e-07,2.0800000e-07,2.2200000e-07,2.5500000e-07,2.7799999e-07,2.7799999e-07,2.7799999e-07,2.7799999e-07,2.7799999e-07,2.7799999e-07,2.7799999e-07,2.7799999e-07,2.7799999e-07,2.7799999e-07
GLOMIS,CircEular-A,SAS,Material Demand|Infrastructure|Charging stations|Concrete,Mt/yr,low,.000017300001,.000019700001,.000023099999,.000026899999,.0000315,.000032200001,.0000344,.000039499999,.000043,.000043,.000043,.000043,.000043,.000043,.000043,.000043,.000043,.000043
GLOMIS,CircEular-A,SAS,Material Demand|Infrastructure|Charging stations|Iron_steel,Mt/yr,low,2.8899999e-06,3.2800001e-06,3.8500002e-06,4.4799999e-06,5.2500000e-06,5.3700001e-06,5.7200000e-06,6.5800000e-06,7.1600002e-06,7.1600002e-06,7.1600002e-06,7.1600002e-06,7.1600002e-06,7.1600002e-06,7.1600002e-06,7.1600002e-06,7.1600002e-06,7.1600002e-06
GLOMIS,CircEular-A,SAS,Material Demand|Infrastructure|Fuel stations|Aluminum,Mt/yr,low,.00021821899,.00023951801,.00028102801,.000325623,.000381124,.000359603,.00037436601,.000447345,.000479284,.000479284,.000479284,.000479284,.000479284,.000479284,.000479284,.000479284,.000479284,.000479284
GLOMIS,CircEular-A,SAS,Material Demand|Infrastructure|Fuel stations|Concrete,Mt/yr,low,.81494123,.89448285,1.0495018,1.2160454,1.423314,1.3429438,1.3980755,1.6706153,1.7898939,1.7898939,1.7898939,1.7898939,1.7898939,1.7898939,1.7898939,1.7898939,1.7898939,1.7898939
GLOMIS,CircEular-A,SAS,Material Demand|Infrastructure|Fuel stations|Iron_steel,Mt/yr,low,.032557119,.035734829,.041927878,.048581336,.056861773,.053650968,.055853494,.066741526,.071506739,.071506739,.071506739,.071506739,.071506739,.071506739,.071506739,.071506739,.071506739,.071506739
GLOMIS,CircEular-A,SAS,Material Demand|Infrastructure|Parking|Aluminum,Mt/yr,low,.000161697,.000170559,.000199844,.000230103,.00026929099,.000227775,.000228737,.00028945299,.00030327801,.00030327801,.00030327801,.00030327801,.00030327801,.00030327801,.00030327801,.00030327801,.00030327801,.00030327801
GLOMIS,CircEular-A,SAS,Material Demand|Infrastructure|Parking|Asphalt,Mt/yr,low,.2743099,.30102587,.35319304,.4092285,.47897908,.45171285,.47018683,.56197941,.60204643,.60204643,.60204643,.60204643,.60204643,.60204643,.60204643,.60204643,.60204643,.60204643
GLOMIS,CircEular-A,SAS,Material Demand|Infrastructure|Parking|Concrete,Mt/yr,low,.54302722,.57278955,.67113841,.77275538,.90436131,.76493645,.76816994,.97206962,1.0184995,1.0184995,1.0184995,1.0184995,1.0184995,1.0184995,1.0184995,1.0184995,1.0184995,1.0184995
GLOMIS,CircEular-A,SAS,Material Demand|Infrastructure|Parking|Iron_steel,Mt/yr,low,.0056949658,.0060070972,.0070385248,.0081042266,.0094844364,.0080222264,.0080561368,.010194524,.010681454,.010681454,.010681454,.010681454,.010681454,.010681454,.010681454,.010681454,.010681454,.010681454
GLOMIS,CircEular-A,SAS,Material Demand|Infrastructure|Rail|Aluminum,Mt/yr,low,.0068136421,.007305827,.0085651344,.0098879868,.011572553,.010261876,.010473631,.012918146,.013669595,.013669595,.013669595,.013669595,.013669595,.013669595,.013669595,.013669595,.013669595,.013669595
GLOMIS,CircEular-A,SAS,Material Demand|Infrastructure|Rail|Concrete,Mt/yr,low,1.8897774,2.0228603,2.3714025,2.7369192,3.2031779,2.8270013,2.8807936,3.5620708,3.765615,3.765615,3.765615,3.765615,3.765615,3.765615,3.765615,3.765615,3.765615,3.765615
GLOMIS,CircEular-A,SAS,Material Demand|Infrastructure|Rail|Iron_steel,Mt/yr,low,1.5300266,1.6780432,1.9688056,2.2809544,2.6697252,2.5139544,2.6155591,3.1285105,3.3505747,3.3505747,3.3505747,3.3505747,3.3505747,3.3505747,3.3505747,3.3505747,3.3505747,3.3505747
GLOMIS,CircEular-A,SAS,Material Demand|Infrastructure|Roads|Aluminum,Mt/yr,low,0,0,0,0,0,0,0,0,0,0,0,0,0,0,0,0,0,0
GLOMIS,CircEular-A,SAS,Material Demand|Infrastructure|Roads|Asphalt,Mt/yr,low,185.50659,203.89766,239.24553,277.27084,324.53152,307.28931,320.24966,382.01514,409.57181,409.57181,409.57181,409.57181,409.57181,409.57181,409.57181,409.57181,409.57181,409.57181
GLOMIS,CircEular-A,SAS,Material Demand|Infrastructure|Roads|Concrete,Mt/yr,low,0,0,0,0,0,0,0,0,0,0,0,0,0,0,0,0,0,0
GLOMIS,CircEular-A,SAS,Material Demand|Infrastructure|Roads|Iron_steel,Mt/yr,low,0,0,0,0,0,0,0,0,0,0,0,0,0,0,0,0,0,0
GLOMIS,CircEular-A,SAS,Material Demand|Infrastructure|Runways|Aluminum,Mt/yr,low,0,0,0,0,0,0,0,0,0,0,0,0,0,0,0,0,0,0
GLOMIS,CircEular-A,SAS,Material Demand|Infrastructure|Runways|Concrete,Mt/yr,low,0,0,0,0,0,0,0,0,0,0,0,0,0,0,0,0,0,0
GLOMIS,CircEular-A,SAS,Material Demand|Infrastructure|Runways|Iron_steel,Mt/yr,low,0,0,0,0,0,0,0,0,0,0,0,0,0,0,0,0,0,0
GLOMIS,CircEular-A,SAS,Material Demand|Infrastructure|Tunnels|Aluminum,Mt/yr,low,.00046496201,.00048382799,.00056662998,.00065097399,.00076180801,.00061797397,.00061120302,.00079213898,.00082248298,.00082248298,.00082248298,.00082248298,.00082248298,.00082248298,.00082248298,.00082248298,.00082248298,.00082248298
GLOMIS,CircEular-A,SAS,Material Demand|Infrastructure|Tunnels|Asphalt,Mt/yr,low,.11936516,.13135745,.15413593,.17866734,.20912181,.1986127,.20718056,.24677183,.2647287,.2647287,.2647287,.2647287,.2647287,.2647287,.2647287,.2647287,.2647287,.2647287
GLOMIS,CircEular-A,SAS,Material Demand|Infrastructure|Tunnels|Concrete,Mt/yr,low,2.2725072,2.3647151,2.7694099,3.1816418,3.7233438,3.0203536,2.9872568,3.8715847,4.0198903,4.0198903,4.0198903,4.0198903,4.0198903,4.0198903,4.0198903,4.0198903,4.0198903,4.0198903
GLOMIS,CircEular-A,SAS,Material Demand|Infrastructure|Tunnels|Iron_steel,Mt/yr,low,.10886697,.11328429,.13267165,.15242007,.17837091,.14469337,.14310785,.18547255,.19257729,.19257729,.19257729,.19257729,.19257729,.19257729,.19257729,.19257729,.19257729,.19257729
GLOMIS,CircEular-A,SAS,Material Release|Infrastructure|Bridges|Aluminum,Mt/yr,low,.00053714699,.00063578802,.00074780098,.000876181,.001025733,.001143521,.001246482,.001381783,.001526125,.001526125,.001526125,.001526125,.001526125,.001526125,.001526125,.001526125,.001526125,.001526125
GLOMIS,CircEular-A,SAS,Material Release|Infrastructure|Bridges|Asphalt,Mt/yr,low,1.9891874,2.3544796,2.76929,3.2447164,3.798543,4.2347398,4.6160321,5.1170831,5.6516166,5.6516166,5.6516166,5.6516166,5.6516166,5.6516166,5.6516166,5.6516166,5.6516166,5.6516166
GLOMIS,CircEular-A,SAS,Material Release|Infrastructure|Bridges|Concrete,Mt/yr,low,2.0634055,2.4423273,2.8726146,3.3657796,3.9402702,4.3927417,4.78826,5.3080063,5.8624835,5.8624835,5.8624835,5.8624835,5.8624835,5.8624835,5.8624835,5.8624835,5.8624835,5.8624835
GLOMIS,CircEular-A,SAS,Material Release|Infrastructure|Bridges|Iron_steel,Mt/yr,low,.40221667,.47607931,.55995458,.65608656,.76807117,.85627079,.93336862,1.034682,1.1427654,1.1427654,1.1427654,1.1427654,1.1427654,1.1427654,1.1427654,1.1427654,1.1427654,1.1427654
GLOMIS,CircEular-A,SAS,Material Release|Infrastructure|Buildings|Aluminum,Mt/yr,low,0,0,0,0,0,0,0,0,0,0,0,0,0,0,0,0,0,0
GLOMIS,CircEular-A,SAS,Material Release|Infrastructure|Buildings|Concrete,Mt/yr,low,.37178808,.44006285,.51759273,.60645211,.70996481,.79149193,.86275715,.95640594,1.0563127,1.0563127,1.0563127,1.0563127,1.0563127,1.0563127,1.0563127,1.0563127,1.0563127,1.0563127
GLOMIS,CircEular-A,SAS,Material Release|Infrastructure|Buildings|Iron_steel,Mt/yr,low,0,0,0,0,0,0,0,0,0,0,0,0,0,0,0,0,0,0
GLOMIS,CircEular-A,SAS,Material Release|Infrastructure|Charging stations|Aluminum,Mt/yr,low,8.2699998e-08,9.7899999e-08,1.1500000e-07,1.3499999e-07,1.5800001e-07,1.7600000e-07,1.9200000e-07,2.1300001e-07,2.3500000e-07,2.3500000e-07,2.3500000e-07,2.3500000e-07,2.3500000e-07,2.3500000e-07,2.3500000e-07,2.3500000e-07,2.3500000e-07,2.3500000e-07
GLOMIS,CircEular-A,SAS,Material Release|Infrastructure|Charging stations|Concrete,Mt/yr,low,.0000128,.0000152,.000017799999,.000020900001,.0000244,.000027300001,.000029700001,.000032899999,.000036400001,.000036400001,.000036400001,.000036400001,.000036400001,.000036400001,.000036400001,.000036400001,.000036400001,.000036400001
GLOMIS,CircEular-A,SAS,Material Release|Infrastructure|Charging stations|Iron_steel,Mt/yr,low,2.1300000e-06,2.5200000e-06,2.9700000e-06,3.4800000e-06,4.0700002e-06,4.5400002e-06,4.9499999e-06,5.4900001e-06,6.0600000e-06,6.0600000e-06,6.0600000e-06,6.0600000e-06,6.0600000e-06,6.0600000e-06,6.0600000e-06,6.0600000e-06,6.0600000e-06,6.0600000e-06
GLOMIS,CircEular-A,SAS,Material Release|Infrastructure|Fuel stations|Aluminum,Mt/yr,low,.000115983,.000137282,.000161469,.000189189,.00022148099,.00024691501,.00026914701,.000298361,.000329528,.000329528,.000329528,.000329528,.000329528,.000329528,.000329528,.000329528,.000329528,.000329528
GLOMIS,CircEular-A,SAS,Material Release|Infrastructure|Fuel stations|Concrete,Mt/yr,low,.43314141,.51268303,.60300714,.70653027,.82712489,.92210579,1.0051314,1.1142342,1.2306278,1.2306278,1.2306278,1.2306278,1.2306278,1.2306278,1.2306278,1.2306278,1.2306278,1.2306278
GLOMIS,CircEular-A,SAS,Material Release|Infrastructure|Fuel stations|Iron_steel,Mt/yr,low,.017304115,.020481825,.024090296,.028226072,.033043861,.036838371,.040155269,.044513956,.049163911,.049163911,.049163911,.049163911,.049163911,.049163911,.049163911,.049163911,.049163911,.049163911
GLOMIS,CircEular-A,SAS,Material Release|Infrastructure|Parking|Aluminum,Mt/yr,low,.0000483,.000057099998,.000067200002,.000078700003,.000092200004,.000102738,.000111989,.00012414499,.00013711301,.00013711301,.00013711301,.00013711301,.00013711301,.00013711301,.00013711301,.00013711301,.00013711301,.00013711301
GLOMIS,CircEular-A,SAS,Material Release|Infrastructure|Parking|Asphalt,Mt/yr,low,.14548095,.17219691,.20253442,.23730516,.27780977,.3097114,.33759752,.37424234,.41333589,.41333589,.41333589,.41333589,.41333589,.41333589,.41333589,.41333589,.41333589,.41333589
GLOMIS,CircEular-A,SAS,Material Release|Infrastructure|Parking|Concrete,Mt/yr,low,.16206969,.19183201,.22562881,.26436433,.30948755,.34502682,.37609273,.41691604,.46046731,.46046731,.46046731,.46046731,.46046731,.46046731,.46046731,.46046731,.46046731,.46046731
GLOMIS,CircEular-A,SAS,Material Release|Infrastructure|Parking|Iron_steel,Mt/yr,low,.0016996959,.002011827,.002366269,.0027725049,.003245733,.003618448,.0039442498,.004372383,.0048291241,.0048291241,.0048291241,.0048291241,.0048291241,.0048291241,.0048291241,.0048291241,.0048291241,.0048291241
GLOMIS,CircEular-A,SAS,Material Release|Infrastructure|Rail|Aluminum,Mt/yr,low,.0026801759,.0031723611,.003731265,.0043718419,.0051180529,.005705772,.0062195151,.0068946169,.0076148328,.0076148328,.0076148328,.0076148328,.0076148328,.0076148328,.0076148328,.0076148328,.0076148328,.0076148328
GLOMIS,CircEular-A,SAS,Material Release|Infrastructure|Rail|Concrete,Mt/yr,low,.72469825,.85778105,1.0089043,1.182111,1.3838805,1.5427952,1.681707,1.8642493,2.05899,2.05899,2.05899,2.05899,2.05899,2.05899,2.05899,2.05899,2.05899,2.05899
GLOMIS,CircEular-A,SAS,Material Release|Infrastructure|Rail|Iron_steel,Mt/yr,low,.8060202,.95403689,1.1221185,1.3147615,1.5391726,1.7159197,1.8704196,2.0734458,2.2900393,2.2900393,2.2900393,2.2900393,2.2900393,2.2900393,2.2900393,2.2900393,2.2900393,2.2900393
GLOMIS,CircEular-A,SAS,Material Release|Infrastructure|Roads|Aluminum,Mt/yr,low,0,0,0,0,0,0,0,0,0,0,0,0,0,0,0,0,0,0
GLOMIS,CircEular-A,SAS,Material Release|Infrastructure|Roads|Asphalt,Mt/yr,low,100.14796,118.53903,139.42314,163.35905,191.2421,213.20293,232.39954,257.62555,284.53726,284.53726,284.53726,284.53726,284.53726,284.53726,284.53726,284.53726,284.53726,284.53726
GLOMIS,CircEular-A,SAS,Material Release|Infrastructure|Roads|Concrete,Mt/yr,low,0,0,0,0,0,0,0,0,0,0,0,0,0,0,0,0,0,0
GLOMIS,CircEular-A,SAS,Material Release|Infrastructure|Roads|Iron_steel,Mt/yr,low,0,0,0,0,0,0,0,0,0,0,0,0,0,0,0,0,0,0
GLOMIS,CircEular-A,SAS,Material Release|Infrastructure|Runways|Aluminum,Mt/yr,low,0,0,0,0,0,0,0,0,0,0,0,0,0,0,0,0,0,0
GLOMIS,CircEular-A,SAS,Material Release|Infrastructure|Runways|Concrete,Mt/yr,low,0,0,0,0,0,0,0,0,0,0,0,0,0,0,0,0,0,0
GLOMIS,CircEular-A,SAS,Material Release|Infrastructure|Runways|Iron_steel,Mt/yr,low,0,0,0,0,0,0,0,0,0,0,0,0,0,0,0,0,0,0
GLOMIS,CircEular-A,SAS,Material Release|Infrastructure|Tunnels|Aluminum,Mt/yr,low,.000102734,.0001216,.00014302399,.00016757799,.000196181,.000218709,.000238402,.00026427899,.00029188601,.00029188601,.00029188601,.00029188601,.00029188601,.00029188601,.00029188601,.00029188601,.00029188601,.00029188601
GLOMIS,CircEular-A,SAS,Material Release|Infrastructure|Tunnels|Asphalt,Mt/yr,low,.065303579,.077295855,.09091378,.10652169,.12470342,.13902344,.15154098,.16799013,.18553849,.18553849,.18553849,.18553849,.18553849,.18553849,.18553849,.18553849,.18553849,.18553849
GLOMIS,CircEular-A,SAS,Material Release|Infrastructure|Tunnels|Concrete,Mt/yr,low,.50211525,.59432316,.69903052,.81903875,.95883697,1.0689428,1.1651894,1.2916659,1.426594,1.426594,1.426594,1.426594,1.426594,1.426594,1.426594,1.426594,1.426594,1.426594
GLOMIS,CircEular-A,SAS,Material Release|Infrastructure|Tunnels|Iron_steel,Mt/yr,low,.024054386,.028471708,.03348783,.039236959,.045934148,.051208887,.05581969,.061878685,.068342566,.068342566,.068342566,.068342566,.068342566,.068342566,.068342566,.068342566,.068342566,.068342566
GLOMIS,CircEular-A,WEU,Material Demand|Infrastructure|Bridges|Aluminum,Mt/yr,low,.0011343959,.001180438,.00030563999,.00030563999,.00030563999,.00030563999,.00030563999,.00030563999,.00030563999,.00030563999,.00030563999,.00030563999,.00030563999,.00030563999,.00030563999,.00030563999,.00030563999,.00030563999
GLOMIS,CircEular-A,WEU,Material Demand|Infrastructure|Bridges|Asphalt,Mt/yr,low,7.745996,8.5524435,5.3534307,5.3534307,5.3534307,5.3534307,5.3534307,5.3534307,5.3534307,5.3534307,5.3534307,5.3534307,5.3534307,5.3534307,5.3534307,5.3534307,5.3534307,5.3534307
GLOMIS,CircEular-A,WEU,Material Demand|Infrastructure|Bridges|Concrete,Mt/yr,low,17.158257,17.854662,4.6229439,4.6229439,4.6229439,4.6229439,4.6229439,4.6229439,4.6229439,4.6229439,4.6229439,4.6229439,4.6229439,4.6229439,4.6229439,4.6229439,4.6229439,4.6229439
GLOMIS,CircEular-A,WEU,Material Demand|Infrastructure|Bridges|Iron_steel,Mt/yr,low,4.6441169,4.8326087,1.2512631,1.2512631,1.2512631,1.2512631,1.2512631,1.2512631,1.2512631,1.2512631,1.2512631,1.2512631,1.2512631,1.2512631,1.2512631,1.2512631,1.2512631,1.2512631
GLOMIS,CircEular-A,WEU,Material Demand|Infrastructure|Buildings|Aluminum,Mt/yr,low,0,0,0,0,0,0,0,0,0,0,0,0,0,0,0,0,0,0
GLOMIS,CircEular-A,WEU,Material Demand|Infrastructure|Buildings|Concrete,Mt/yr,low,6.6533337,6.9636817,2.0601804,2.0601804,2.0601804,2.0601804,2.0601804,2.0601804,2.0601804,2.0601804,2.0601804,2.0601804,2.0601804,2.0601804,2.0601804,2.0601804,2.0601804,2.0601804
GLOMIS,CircEular-A,WEU,Material Demand|Infrastructure|Buildings|Iron_steel,Mt/yr,low,0,0,0,0,0,0,0,0,0,0,0,0,0,0,0,0,0,0
GLOMIS,CircEular-A,WEU,Material Demand|Infrastructure|Charging stations|Aluminum,Mt/yr,low,.000028799999,.000032700002,.000026,.000026,.000026,.000026,.000026,.000026,.000026,.000026,.000026,.000026,.000026,.000026,.000026,.000026,.000026,.000026
GLOMIS,CircEular-A,WEU,Material Demand|Infrastructure|Charging stations|Concrete,Mt/yr,low,.0044582789,.0050641652,.0040220418,.0040220418,.0040220418,.0040220418,.0040220418,.0040220418,.0040220418,.0040220418,.0040220418,.0040220418,.0040220418,.0040220418,.0040220418,.0040220418,.0040220418,.0040220418
GLOMIS,CircEular-A,WEU,Material Demand|Infrastructure|Charging stations|Iron_steel,Mt/yr,low,.00074286398,.00084381999,.00067017501,.00067017501,.00067017501,.00067017501,.00067017501,.00067017501,.00067017501,.00067017501,.00067017501,.00067017501,.00067017501,.00067017501,.00067017501,.00067017501,.00067017501,.00067017501
GLOMIS,CircEular-A,WEU,Material Demand|Infrastructure|Fuel stations|Aluminum,Mt/yr,low,.00073438999,.00080611999,.000476163,.000476163,.000476163,.000476163,.000476163,.000476163,.000476163,.000476163,.000476163,.000476163,.000476163,.000476163,.000476163,.000476163,.000476163,.000476163
GLOMIS,CircEular-A,WEU,Material Demand|Infrastructure|Fuel stations|Concrete,Mt/yr,low,2.7425897,3.0104656,1.7782366,1.7782366,1.7782366,1.7782366,1.7782366,1.7782366,1.7782366,1.7782366,1.7782366,1.7782366,1.7782366,1.7782366,1.7782366,1.7782366,1.7782366,1.7782366
GLOMIS,CircEular-A,WEU,Material Demand|Infrastructure|Fuel stations|Iron_steel,Mt/yr,low,.1095672,.1202689,.071041033,.071041033,.071041033,.071041033,.071041033,.071041033,.071041033,.071041033,.071041033,.071041033,.071041033,.071041033,.071041033,.071041033,.071041033,.071041033
GLOMIS,CircEular-A,WEU,Material Demand|Infrastructure|Parking|Aluminum,Mt/yr,low,.011423074,.012049398,.0041577178,.0041577178,.0041577178,.0041577178,.0041577178,.0041577178,.0041577178,.0041577178,.0041577178,.0041577178,.0041577178,.0041577178,.0041577178,.0041577178,.0041577178,.0041577178
GLOMIS,CircEular-A,WEU,Material Demand|Infrastructure|Parking|Asphalt,Mt/yr,low,20.724226,22.744041,13.408112,13.408112,13.408112,13.408112,13.408112,13.408112,13.408112,13.408112,13.408112,13.408112,13.408112,13.408112,13.408112,13.408112,13.408112,13.408112
GLOMIS,CircEular-A,WEU,Material Demand|Infrastructure|Parking|Concrete,Mt/yr,low,33.880009,35.73764,12.331489,12.331489,12.331489,12.331489,12.331489,12.331489,12.331489,12.331489,12.331489,12.331489,12.331489,12.331489,12.331489,12.331489,12.331489,12.331489
GLOMIS,CircEular-A,WEU,Material Demand|Infrastructure|Parking|Iron_steel,Mt/yr,low,.32218713,.33985254,.11726817,.11726817,.11726817,.11726817,.11726817,.11726817,.11726817,.11726817,.11726817,.11726817,.11726817,.11726817,.11726817,.11726817,.11726817,.11726817
GLOMIS,CircEular-A,WEU,Material Demand|Infrastructure|Rail|Aluminum,Mt/yr,low,.028048102,.030045113,.013256726,.013256726,.013256726,.013256726,.013256726,.013256726,.013256726,.013256726,.013256726,.013256726,.013256726,.013256726,.013256726,.013256726,.013256726,.013256726
GLOMIS,CircEular-A,WEU,Material Demand|Infrastructure|Rail|Concrete,Mt/yr,low,8.3859549,8.9639854,3.8371296,3.8371296,3.8371296,3.8371296,3.8371296,3.8371296,3.8371296,3.8371296,3.8371296,3.8371296,3.8371296,3.8371296,3.8371296,3.8371296,3.8371296,3.8371296
GLOMIS,CircEular-A,WEU,Material Demand|Infrastructure|Rail|Iron_steel,Mt/yr,low,3.9469438,4.3243399,2.5052638,2.5052638,2.5052638,2.5052638,2.5052638,2.5052638,2.5052638,2.5052638,2.5052638,2.5052638,2.5052638,2.5052638,2.5052638,2.5052638,2.5052638,2.5052638
GLOMIS,CircEular-A,WEU,Material Demand|Infrastructure|Roads|Aluminum,Mt/yr,low,0,0,0,0,0,0,0,0,0,0,0,0,0,0,0,0,0,0
GLOMIS,CircEular-A,WEU,Material Demand|Infrastructure|Roads|Asphalt,Mt/yr,low,497.93881,548.07666,332.82962,332.82962,332.82962,332.82962,332.82962,332.82962,332.82962,332.82962,332.82962,332.82962,332.82962,332.82962,332.82962,332.82962,332.82962,332.82962
GLOMIS,CircEular-A,WEU,Material Demand|Infrastructure|Roads|Concrete,Mt/yr,low,0,0,0,0,0,0,0,0,0,0,0,0,0,0,0,0,0,0
GLOMIS,CircEular-A,WEU,Material Demand|Infrastructure|Roads|Iron_steel,Mt/yr,low,0,0,0,0,0,0,0,0,0,0,0,0,0,0,0,0,0,0
GLOMIS,CircEular-A,WEU,Material Demand|Infrastructure|Runways|Aluminum,Mt/yr,low,0,0,0,0,0,0,0,0,0,0,0,0,0,0,0,0,0,0
GLOMIS,CircEular-A,WEU,Material Demand|Infrastructure|Runways|Concrete,Mt/yr,low,.61679566,.64182973,.16618308,.16618308,.16618308,.16618308,.16618308,.16618308,.16618308,.16618308,.16618308,.16618308,.16618308,.16618308,.16618308,.16618308,.16618308,.16618308
GLOMIS,CircEular-A,WEU,Material Demand|Infrastructure|Runways|Iron_steel,Mt/yr,low,0,0,0,0,0,0,0,0,0,0,0,0,0,0,0,0,0,0
GLOMIS,CircEular-A,WEU,Material Demand|Infrastructure|Tunnels|Aluminum,Mt/yr,low,.006638987,.0069084452,.00178874,.00178874,.00178874,.00178874,.00178874,.00178874,.00178874,.00178874,.00178874,.00178874,.00178874,.00178874,.00178874,.00178874,.00178874,.00178874
GLOMIS,CircEular-A,WEU,Material Demand|Infrastructure|Tunnels|Asphalt,Mt/yr,low,4.4079089,4.8703923,3.0700967,3.0700967,3.0700967,3.0700967,3.0700967,3.0700967,3.0700967,3.0700967,3.0700967,3.0700967,3.0700967,3.0700967,3.0700967,3.0700967,3.0700967,3.0700967
GLOMIS,CircEular-A,WEU,Material Demand|Infrastructure|Tunnels|Concrete,Mt/yr,low,47.896534,49.840523,12.90475,12.90475,12.90475,12.90475,12.90475,12.90475,12.90475,12.90475,12.90475,12.90475,12.90475,12.90475,12.90475,12.90475,12.90475,12.90475
GLOMIS,CircEular-A,WEU,Material Demand|Infrastructure|Tunnels|Iron_steel,Mt/yr,low,2.1137521,2.1995435,.56950766,.56950766,.56950766,.56950766,.56950766,.56950766,.56950766,.56950766,.56950766,.56950766,.56950766,.56950766,.56950766,.56950766,.56950766,.56950766
GLOMIS,CircEular-A,WEU,Material Release|Infrastructure|Bridges|Aluminum,Mt/yr,low,.00025039,.000296432,.00030563999,.00030563999,.00030563999,.00030563999,.00030563999,.00030563999,.00030563999,.00030563999,.00030563999,.00030563999,.00030563999,.00030563999,.00030563999,.00030563999,.00030563999,.00030563999
GLOMIS,CircEular-A,WEU,Material Release|Infrastructure|Bridges|Asphalt,Mt/yr,low,4.3856936,5.1921411,5.3534307,5.3534307,5.3534307,5.3534307,5.3534307,5.3534307,5.3534307,5.3534307,5.3534307,5.3534307,5.3534307,5.3534307,5.3534307,5.3534307,5.3534307,5.3534307
GLOMIS,CircEular-A,WEU,Material Release|Infrastructure|Bridges|Concrete,Mt/yr,low,3.7872567,4.4836631,4.6229439,4.6229439,4.6229439,4.6229439,4.6229439,4.6229439,4.6229439,4.6229439,4.6229439,4.6229439,4.6229439,4.6229439,4.6229439,4.6229439,4.6229439,4.6229439
GLOMIS,CircEular-A,WEU,Material Release|Infrastructure|Bridges|Iron_steel,Mt/yr,low,1.0250728,1.2135648,1.2512631,1.2512631,1.2512631,1.2512631,1.2512631,1.2512631,1.2512631,1.2512631,1.2512631,1.2512631,1.2512631,1.2512631,1.2512631,1.2512631,1.2512631,1.2512631
GLOMIS,CircEular-A,WEU,Material Release|Infrastructure|Buildings|Aluminum,Mt/yr,low,0,0,0,0,0,0,0,0,0,0,0,0,0,0,0,0,0,0
GLOMIS,CircEular-A,WEU,Material Release|Infrastructure|Buildings|Concrete,Mt/yr,low,1.6877625,1.9981108,2.0601804,2.0601804,2.0601804,2.0601804,2.0601804,2.0601804,2.0601804,2.0601804,2.0601804,2.0601804,2.0601804,2.0601804,2.0601804,2.0601804,2.0601804,2.0601804
GLOMIS,CircEular-A,WEU,Material Release|Infrastructure|Buildings|Iron_steel,Mt/yr,low,0,0,0,0,0,0,0,0,0,0,0,0,0,0,0,0,0,0
GLOMIS,CircEular-A,WEU,Material Release|Infrastructure|Charging stations|Aluminum,Mt/yr,low,.0000213,.000025200001,.000026,.000026,.000026,.000026,.000026,.000026,.000026,.000026,.000026,.000026,.000026,.000026,.000026,.000026,.000026,.000026
GLOMIS,CircEular-A,WEU,Material Release|Infrastructure|Charging stations|Concrete,Mt/yr,low,.003294979,.0039008651,.0040220418,.0040220418,.0040220418,.0040220418,.0040220418,.0040220418,.0040220418,.0040220418,.0040220418,.0040220418,.0040220418,.0040220418,.0040220418,.0040220418,.0040220418,.0040220418
GLOMIS,CircEular-A,WEU,Material Release|Infrastructure|Charging stations|Iron_steel,Mt/yr,low,.00054902799,.00064998399,.00067017501,.00067017501,.00067017501,.00067017501,.00067017501,.00067017501,.00067017501,.00067017501,.00067017501,.00067017501,.00067017501,.00067017501,.00067017501,.00067017501,.00067017501,.00067017501
GLOMIS,CircEular-A,WEU,Material Release|Infrastructure|Fuel stations|Aluminum,Mt/yr,low,.00039008699,.00046181699,.000476163,.000476163,.000476163,.000476163,.000476163,.000476163,.000476163,.000476163,.000476163,.000476163,.000476163,.000476163,.000476163,.000476163,.000476163,.000476163
GLOMIS,CircEular-A,WEU,Material Release|Infrastructure|Fuel stations|Concrete,Mt/yr,low,1.4567856,1.7246615,1.7782366,1.7782366,1.7782366,1.7782366,1.7782366,1.7782366,1.7782366,1.7782366,1.7782366,1.7782366,1.7782366,1.7782366,1.7782366,1.7782366,1.7782366,1.7782366
GLOMIS,CircEular-A,WEU,Material Release|Infrastructure|Fuel stations|Iron_steel,Mt/yr,low,.058198977,.068900689,.071041033,.071041033,.071041033,.071041033,.071041033,.071041033,.071041033,.071041033,.071041033,.071041033,.071041033,.071041033,.071041033,.071041033,.071041033,.071041033
GLOMIS,CircEular-A,WEU,Material Release|Infrastructure|Parking|Aluminum,Mt/yr,low,.0034061291,.0040324531,.0041577178,.0041577178,.0041577178,.0041577178,.0041577178,.0041577178,.0041577178,.0041577178,.0041577178,.0041577178,.0041577178,.0041577178,.0041577178,.0041577178,.0041577178,.0041577178
GLOMIS,CircEular-A,WEU,Material Release|Infrastructure|Parking|Asphalt,Mt/yr,low,10.984334,13.004148,13.408112,13.408112,13.408112,13.408112,13.408112,13.408112,13.408112,13.408112,13.408112,13.408112,13.408112,13.408112,13.408112,13.408112,13.408112,13.408112
GLOMIS,CircEular-A,WEU,Material Release|Infrastructure|Parking|Concrete,Mt/yr,low,10.102331,11.959962,12.331489,12.331489,12.331489,12.331489,12.331489,12.331489,12.331489,12.331489,12.331489,12.331489,12.331489,12.331489,12.331489,12.331489,12.331489,12.331489
GLOMIS,CircEular-A,WEU,Material Release|Infrastructure|Parking|Iron_steel,Mt/yr,low,.096069656,.11373508,.11726817,.11726817,.11726817,.11726817,.11726817,.11726817,.11726817,.11726817,.11726817,.11726817,.11726817,.11726817,.11726817,.11726817,.11726817,.11726817
GLOMIS,CircEular-A,WEU,Material Release|Infrastructure|Rail|Aluminum,Mt/yr,low,.010860313,.012857323,.013256726,.013256726,.013256726,.013256726,.013256726,.013256726,.013256726,.013256726,.013256726,.013256726,.013256726,.013256726,.013256726,.013256726,.013256726,.013256726
GLOMIS,CircEular-A,WEU,Material Release|Infrastructure|Rail|Concrete,Mt/yr,low,3.1434934,3.7215235,3.8371296,3.8371296,3.8371296,3.8371296,3.8371296,3.8371296,3.8371296,3.8371296,3.8371296,3.8371296,3.8371296,3.8371296,3.8371296,3.8371296,3.8371296,3.8371296
GLOMIS,CircEular-A,WEU,Material Release|Infrastructure|Rail|Iron_steel,Mt/yr,low,2.0523884,2.4297845,2.5052638,2.5052638,2.5052638,2.5052638,2.5052638,2.5052638,2.5052638,2.5052638,2.5052638,2.5052638,2.5052638,2.5052638,2.5052638,2.5052638,2.5052638,2.5052638
GLOMIS,CircEular-A,WEU,Material Release|Infrastructure|Roads|Aluminum,Mt/yr,low,0,0,0,0,0,0,0,0,0,0,0,0,0,0,0,0,0,0
GLOMIS,CircEular-A,WEU,Material Release|Infrastructure|Roads|Asphalt,Mt/yr,low,272.66415,322.80203,332.82962,332.82962,332.82962,332.82962,332.82962,332.82962,332.82962,332.82962,332.82962,332.82962,332.82962,332.82962,332.82962,332.82962,332.82962,332.82962
GLOMIS,CircEular-A,WEU,Material Release|Infrastructure|Roads|Concrete,Mt/yr,low,0,0,0,0,0,0,0,0,0,0,0,0,0,0,0,0,0,0
GLOMIS,CircEular-A,WEU,Material Release|Infrastructure|Roads|Iron_steel,Mt/yr,low,0,0,0,0,0,0,0,0,0,0,0,0,0,0,0,0,0,0
GLOMIS,CircEular-A,WEU,Material Release|Infrastructure|Runways|Aluminum,Mt/yr,low,0,0,0,0,0,0,0,0,0,0,0,0,0,0,0,0,0,0
GLOMIS,CircEular-A,WEU,Material Release|Infrastructure|Runways|Concrete,Mt/yr,low,.13614225,.16117629,.16618308,.16618308,.16618308,.16618308,.16618308,.16618308,.16618308,.16618308,.16618308,.16618308,.16618308,.16618308,.16618308,.16618308,.16618308,.16618308
GLOMIS,CircEular-A,WEU,Material Release|Infrastructure|Runways|Iron_steel,Mt/yr,low,0,0,0,0,0,0,0,0,0,0,0,0,0,0,0,0,0,0
GLOMIS,CircEular-A,WEU,Material Release|Infrastructure|Tunnels|Aluminum,Mt/yr,low,.001465391,.0017348489,.00178874,.00178874,.00178874,.00178874,.00178874,.00178874,.00178874,.00178874,.00178874,.00178874,.00178874,.00178874,.00178874,.00178874,.00178874,.00178874
GLOMIS,CircEular-A,WEU,Material Release|Infrastructure|Tunnels|Asphalt,Mt/yr,low,2.5151167,2.9775999,3.0700967,3.0700967,3.0700967,3.0700967,3.0700967,3.0700967,3.0700967,3.0700967,3.0700967,3.0700967,3.0700967,3.0700967,3.0700967,3.0700967,3.0700967,3.0700967
GLOMIS,CircEular-A,WEU,Material Release|Infrastructure|Tunnels|Concrete,Mt/yr,low,10.571964,12.515952,12.90475,12.90475,12.90475,12.90475,12.90475,12.90475,12.90475,12.90475,12.90475,12.90475,12.90475,12.90475,12.90475,12.90475,12.90475,12.90475
GLOMIS,CircEular-A,WEU,Material Release|Infrastructure|Tunnels|Iron_steel,Mt/yr,low,.46655804,.55234939,.56950766,.56950766,.56950766,.56950766,.56950766,.56950766,.56950766,.56950766,.56950766,.56950766,.56950766,.56950766,.56950766,.56950766,.56950766,.56950766
GLOMIS,CircEular-A,AFR,Material Demand|Infrastructure|Bridges|Aluminum,Mt/yr,mean,.000050800001,.0000526,.000047000001,.000073000003,.000085599997,.000092100003,.000137165,.00020089099,.00024277301,.00024277301,.00024277301,.00024277301,.00024277301,.00024277301,.00024277301,.00024277301,.00024277301,.00024277301
GLOMIS,CircEular-A,AFR,Material Demand|Infrastructure|Bridges|Asphalt,Mt/yr,mean,.7078194,.78183502,.78318244,1.0871426,1.2889371,1.4443486,1.9855111,2.7643549,3.4023738,3.4023738,3.4023738,3.4023738,3.4023738,3.4023738,3.4023738,3.4023738,3.4023738,3.4023738
GLOMIS,CircEular-A,AFR,Material Demand|Infrastructure|Bridges|Concrete,Mt/yr,mean,1.8100927,1.8737227,1.6754664,2.6014931,3.0469673,3.2793069,4.88515,7.1547599,8.64639,8.64639,8.64639,8.64639,8.64639,8.64639,8.64639,8.64639,8.64639,8.64639
GLOMIS,CircEular-A,AFR,Material Demand|Infrastructure|Bridges|Iron_steel,Mt/yr,mean,.51420069,.53227633,.47595683,.73901713,.86556488,.9315666,1.3877453,2.0324831,2.4562166,2.4562166,2.4562166,2.4562166,2.4562166,2.4562166,2.4562166,2.4562166,2.4562166,2.4562166
GLOMIS,CircEular-A,AFR,Material Demand|Infrastructure|Buildings|Aluminum,Mt/yr,mean,0,0,0,0,0,0,0,0,0,0,0,0,0,0,0,0,0,0
GLOMIS,CircEular-A,AFR,Material Demand|Infrastructure|Buildings|Concrete,Mt/yr,mean,.70701915,.73516238,.6630044,1.0208155,1.1966645,1.291738,1.9131672,2.7923977,3.37869,3.37869,3.37869,3.37869,3.37869,3.37869,3.37869,3.37869,3.37869,3.37869
GLOMIS,CircEular-A,AFR,Material Demand|Infrastructure|Buildings|Iron_steel,Mt/yr,mean,0,0,0,0,0,0,0,0,0,0,0,0,0,0,0,0,0,0
GLOMIS,CircEular-A,AFR,Material Demand|Infrastructure|Charging stations|Aluminum,Mt/yr,mean,7.8100001e-08,8.9499999e-08,9.4900003e-08,1.2500000e-07,1.4900000e-07,1.7000001e-07,2.2400000e-07,3.0300001e-07,3.7699999e-07,3.7699999e-07,3.7699999e-07,3.7699999e-07,3.7699999e-07,3.7699999e-07,3.7699999e-07,3.7699999e-07,3.7699999e-07,3.7699999e-07
GLOMIS,CircEular-A,AFR,Material Demand|Infrastructure|Charging stations|Concrete,Mt/yr,mean,.0000121,.0000139,.0000147,.0000193,.000023000001,.0000263,.000034699999,.000046900001,.0000583,.0000583,.0000583,.0000583,.0000583,.0000583,.0000583,.0000583,.0000583,.0000583
GLOMIS,CircEular-A,AFR,Material Demand|Infrastructure|Charging stations|Iron_steel,Mt/yr,mean,2.0200000e-06,2.3099999e-06,2.4500000e-06,3.2099999e-06,3.8399999e-06,4.3900000e-06,5.7799998e-06,7.8100002e-06,9.7200000e-06,9.7200000e-06,9.7200000e-06,9.7200000e-06,9.7200000e-06,9.7200000e-06,9.7200000e-06,9.7200000e-06,9.7200000e-06,9.7200000e-06
GLOMIS,CircEular-A,AFR,Material Demand|Infrastructure|Fuel stations|Aluminum,Mt/yr,mean,.00013518,.00014812,.00014645699,.000205923,.000243791,.00027189901,.00037736399,.00052875502,.000649272,.000649272,.000649272,.000649272,.000649272,.000649272,.000649272,.000649272,.000649272,.000649272
GLOMIS,CircEular-A,AFR,Material Demand|Infrastructure|Fuel stations|Concrete,Mt/yr,mean,.50483286,.55315518,.54694492,.7690236,.91043895,1.0154123,1.4092724,1.9746417,2.424715,2.424715,2.424715,2.424715,2.424715,2.424715,2.424715,2.424715,2.424715,2.424715
GLOMIS,CircEular-A,AFR,Material Demand|Infrastructure|Fuel stations|Iron_steel,Mt/yr,mean,.020168209,.0220987,.021850597,.030722702,.036372282,.040565997,.056300815,.07888747,.096868016,.096868016,.096868016,.096868016,.096868016,.096868016,.096868016,.096868016,.096868016,.096868016
GLOMIS,CircEular-A,AFR,Material Demand|Infrastructure|Parking|Aluminum,Mt/yr,mean,.00033985899,.000356481,.00032676,.00049509603,.00058136298,.00063112797,.00092438201,.001340181,.0016254541,.0016254541,.0016254541,.0016254541,.0016254541,.0016254541,.0016254541,.0016254541,.0016254541,.0016254541
GLOMIS,CircEular-A,AFR,Material Demand|Infrastructure|Parking|Asphalt,Mt/yr,mean,.66205806,.72820258,.72450912,1.0124705,1.1994854,1.3407948,1.8524213,2.5877371,3.1810699,3.1810699,3.1810699,3.1810699,3.1810699,3.1810699,3.1810699,3.1810699,3.1810699,3.1810699
GLOMIS,CircEular-A,AFR,Material Demand|Infrastructure|Parking|Concrete,Mt/yr,mean,1.0992582,1.1530191,1.0568892,1.6013652,1.8803905,2.0413537,2.9898674,4.3347507,5.2574492,5.2574492,5.2574492,5.2574492,5.2574492,5.2574492,5.2574492,5.2574492,5.2574492,5.2574492
GLOMIS,CircEular-A,AFR,Material Demand|Infrastructure|Parking|Iron_steel,Mt/yr,mean,.013156507,.013799945,.012649412,.019165991,.022505512,.024432005,.035784323,.051880602,.062923953,.062923953,.062923953,.062923953,.062923953,.062923953,.062923953,.062923953,.062923953,.062923953
GLOMIS,CircEular-A,AFR,Material Demand|Infrastructure|Rail|Aluminum,Mt/yr,mean,.0059570652,.0063691931,.0060421498,.008849794,.01042972,.011460712,.016387515,.023408523,.028543333,.028543333,.028543333,.028543333,.028543333,.028543333,.028543333,.028543333,.028543333,.028543333
GLOMIS,CircEular-A,AFR,Material Demand|Infrastructure|Rail|Concrete,Mt/yr,mean,1.0575882,1.1306865,1.0725142,1.5710512,1.8515049,2.0344517,2.9092536,4.1558814,5.0674138,5.0674138,5.0674138,5.0674138,5.0674138,5.0674138,5.0674138,5.0674138,5.0674138,5.0674138
GLOMIS,CircEular-A,AFR,Material Demand|Infrastructure|Rail|Iron_steel,Mt/yr,mean,1.0483501,1.1486779,1.1357499,1.596948,1.890604,2.1085689,2.9265046,4.1006093,5.0352225,5.0352225,5.0352225,5.0352225,5.0352225,5.0352225,5.0352225,5.0352225,5.0352225,5.0352225
GLOMIS,CircEular-A,AFR,Material Demand|Infrastructure|Roads|Aluminum,Mt/yr,mean,0,0,0,0,0,0,0,0,0,0,0,0,0,0,0,0,0,0
GLOMIS,CircEular-A,AFR,Material Demand|Infrastructure|Roads|Asphalt,Mt/yr,mean,349.28284,384.72952,383.66498,534.93329,633.90631,709.18066,978.12738,1364.8409,1678.4797,1678.4797,1678.4797,1678.4797,1678.4797,1678.4797,1678.4797,1678.4797,1678.4797,1678.4797
GLOMIS,CircEular-A,AFR,Material Demand|Infrastructure|Roads|Concrete,Mt/yr,mean,0,0,0,0,0,0,0,0,0,0,0,0,0,0,0,0,0,0
GLOMIS,CircEular-A,AFR,Material Demand|Infrastructure|Roads|Iron_steel,Mt/yr,mean,0,0,0,0,0,0,0,0,0,0,0,0,0,0,0,0,0,0
GLOMIS,CircEular-A,AFR,Material Demand|Infrastructure|Runways|Aluminum,Mt/yr,mean,0,0,0,0,0,0,0,0,0,0,0,0,0,0,0,0,0,0
GLOMIS,CircEular-A,AFR,Material Demand|Infrastructure|Runways|Concrete,Mt/yr,mean,.0027039519,.0027990041,.0025028449,.0038861621,.0045516202,.0048986939,.007297534,.010687922,.012916147,.012916147,.012916147,.012916147,.012916147,.012916147,.012916147,.012916147,.012916147,.012916147
GLOMIS,CircEular-A,AFR,Material Demand|Infrastructure|Runways|Iron_steel,Mt/yr,mean,0,0,0,0,0,0,0,0,0,0,0,0,0,0,0,0,0,0
GLOMIS,CircEular-A,AFR,Material Demand|Infrastructure|Tunnels|Aluminum,Mt/yr,mean,.000026899999,.0000279,.0000249,.0000387,.0000454,.000048800001,.000072700001,.000106518,.00012872501,.00012872501,.00012872501,.00012872501,.00012872501,.00012872501,.00012872501,.00012872501,.00012872501,.00012872501
GLOMIS,CircEular-A,AFR,Material Demand|Infrastructure|Tunnels|Asphalt,Mt/yr,mean,.031338118,.03452668,.034444399,.048006635,.056891259,.063655801,.087771498,.12244972,.15059899,.15059899,.15059899,.15059899,.15059899,.15059899,.15059899,.15059899,.15059899,.15059899
GLOMIS,CircEular-A,AFR,Material Demand|Infrastructure|Tunnels|Concrete,Mt/yr,mean,.71469212,.73981559,.66153663,1.0271665,1.2030563,1.2947927,1.9288394,2.824966,3.4139171,3.4139171,3.4139171,3.4139171,3.4139171,3.4139171,3.4139171,3.4139171,3.4139171,3.4139171
GLOMIS,CircEular-A,AFR,Material Demand|Infrastructure|Tunnels|Iron_steel,Mt/yr,mean,.026249176,.027171908,.024296883,.037725717,.044185791,.047555078,.070842318,.10375521,.12538616,.12538616,.12538616,.12538616,.12538616,.12538616,.12538616,.12538616,.12538616,.12538616
GLOMIS,CircEular-A,AFR,Material Release|Infrastructure|Bridges|Aluminum,Mt/yr,mean,7.9499996e-06,9.7299999e-06,.0000113,.0000136,.000016399999,.0000194,.000023799999,.0000304,.000038599999,.000038599999,.000038599999,.000038599999,.000038599999,.000038599999,.000038599999,.000038599999,.000038599999,.000038599999
GLOMIS,CircEular-A,AFR,Material Release|Infrastructure|Bridges|Asphalt,Mt/yr,mean,.3291623,.40317795,.46736676,.56185502,.67793584,.80223298,.98395419,1.2585751,1.5993842,1.5993842,1.5993842,1.5993842,1.5993842,1.5993842,1.5993842,1.5993842,1.5993842,1.5993842
GLOMIS,CircEular-A,AFR,Material Release|Infrastructure|Bridges|Concrete,Mt/yr,mean,.28297493,.34660482,.4017868,.48301667,.58280927,.68966526,.84588772,1.0819744,1.3749619,1.3749619,1.3749619,1.3749619,1.3749619,1.3749619,1.3749619,1.3749619,1.3749619,1.3749619
GLOMIS,CircEular-A,AFR,Material Release|Infrastructure|Bridges|Iron_steel,Mt/yr,mean,.080385886,.098461501,.11413728,.13721259,.16556109,.19591613,.2402949,.30736107,.39059123,.39059123,.39059123,.39059123,.39059123,.39059123,.39059123,.39059123,.39059123,.39059123
GLOMIS,CircEular-A,AFR,Material Release|Infrastructure|Buildings|Aluminum,Mt/yr,mean,0,0,0,0,0,0,0,0,0,0,0,0,0,0,0,0,0,0
GLOMIS,CircEular-A,AFR,Material Release|Infrastructure|Buildings|Concrete,Mt/yr,mean,.12515864,.15330188,.17770866,.21363629,.25777414,.3050361,.37413266,.47855285,.60813999,.60813999,.60813999,.60813999,.60813999,.60813999,.60813999,.60813999,.60813999,.60813999
GLOMIS,CircEular-A,AFR,Material Release|Infrastructure|Buildings|Iron_steel,Mt/yr,mean,0,0,0,0,0,0,0,0,0,0,0,0,0,0,0,0,0,0
GLOMIS,CircEular-A,AFR,Material Release|Infrastructure|Charging stations|Aluminum,Mt/yr,mean,5.0699999e-08,6.2100000e-08,7.1999999e-08,8.6599997e-08,1.0400000e-07,1.2400000e-07,1.5200000e-07,1.9399999e-07,2.4700000e-07,2.4700000e-07,2.4700000e-07,2.4700000e-07,2.4700000e-07,2.4700000e-07,2.4700000e-07,2.4700000e-07,2.4700000e-07,2.4700000e-07
GLOMIS,CircEular-A,AFR,Material Release|Infrastructure|Charging stations|Concrete,Mt/yr,mean,7.8499997e-06,9.6200001e-06,.0000112,.0000134,.0000162,.0000191,.000023500001,.000029999999,.0000382,.0000382,.0000382,.0000382,.0000382,.0000382,.0000382,.0000382,.0000382,.0000382
GLOMIS,CircEular-A,AFR,Material Release|Infrastructure|Charging stations|Iron_steel,Mt/yr,mean,1.3100000e-06,1.6000000e-06,1.8600000e-06,2.2300001e-06,2.7000001e-06,3.1899999e-06,3.9100000e-06,4.9999999e-06,6.3600000e-06,6.3600000e-06,6.3600000e-06,6.3600000e-06,6.3600000e-06,6.3600000e-06,6.3600000e-06,6.3600000e-06,6.3600000e-06,6.3600000e-06
GLOMIS,CircEular-A,AFR,Material Release|Infrastructure|Fuel stations|Aluminum,Mt/yr,mean,.000057500001,.000070499998,.000081699996,.000098199998,.000118517,.000140246,.000172015,.000220024,.00027960399,.00027960399,.00027960399,.00027960399,.00027960399,.00027960399,.00027960399,.00027960399,.00027960399,.00027960399
GLOMIS,CircEular-A,AFR,Material Release|Infrastructure|Fuel stations|Concrete,Mt/yr,mean,.21489899,.26322129,.30512801,.36681622,.44260147,.5237509,.64239055,.82168132,1.0441841,1.0441841,1.0441841,1.0441841,1.0441841,1.0441841,1.0441841,1.0441841,1.0441841,1.0441841
GLOMIS,CircEular-A,AFR,Material Release|Infrastructure|Fuel stations|Iron_steel,Mt/yr,mean,.0085852733,.010515762,.012189947,.014654407,.017682048,.020923991,.025663676,.03282639,.041715439,.041715439,.041715439,.041715439,.041715439,.041715439,.041715439,.041715439,.041715439,.041715439
GLOMIS,CircEular-A,AFR,Material Release|Infrastructure|Parking|Aluminum,Mt/yr,mean,.000073900002,.000090499998,.000104954,.00012617301,.000152241,.000180153,.000220962,.00028263201,.00035916601,.00035916601,.00035916601,.00035916601,.00035916601,.00035916601,.00035916601,.00035916601,.00035916601,.00035916601
GLOMIS,CircEular-A,AFR,Material Release|Infrastructure|Parking|Asphalt,Mt/yr,mean,.29415786,.36030239,.41766509,.50210512,.60584146,.71692032,.87931657,1.1247332,1.4292994,1.4292994,1.4292994,1.4292994,1.4292994,1.4292994,1.4292994,1.4292994,1.4292994,1.4292994
GLOMIS,CircEular-A,AFR,Material Release|Infrastructure|Parking|Concrete,Mt/yr,mean,.23908511,.29284593,.33946911,.4081001,.49241471,.58269721,.71468931,.91415864,1.1617033,1.1617033,1.1617033,1.1617033,1.1617033,1.1617033,1.1617033,1.1617033,1.1617033,1.1617033
GLOMIS,CircEular-A,AFR,Material Release|Infrastructure|Parking|Iron_steel,Mt/yr,mean,.0028614979,.0035049359,.0040629469,.004884359,.005893481,.0069740298,.0085537815,.010941137,.013903884,.013903884,.013903884,.013903884,.013903884,.013903884,.013903884,.013903884,.013903884,.013903884
GLOMIS,CircEular-A,AFR,Material Release|Infrastructure|Rail|Aluminum,Mt/yr,mean,.001832815,.0022449431,.0026023539,.003128476,.0037748271,.004466929,.0054787742,.007007896,.0089055607,.0089055607,.0089055607,.0089055607,.0089055607,.0089055607,.0089055607,.0089055607,.0089055607,.0089055607
GLOMIS,CircEular-A,AFR,Material Release|Infrastructure|Rail|Concrete,Mt/yr,mean,.32508263,.3981809,.46157417,.55489135,.66953343,.79229003,.9717589,1.2429762,1.5795612,1.5795612,1.5795612,1.5795612,1.5795612,1.5795612,1.5795612,1.5795612,1.5795612,1.5795612
GLOMIS,CircEular-A,AFR,Material Release|Infrastructure|Rail|Iron_steel,Mt/yr,mean,.44617793,.54650575,.63351339,.76159179,.9189387,1.087423,1.3337451,1.7059926,2.1679575,2.1679575,2.1679575,2.1679575,2.1679575,2.1679575,2.1679575,2.1679575,2.1679575,2.1679575
GLOMIS,CircEular-A,AFR,Material Release|Infrastructure|Roads|Aluminum,Mt/yr,mean,0,0,0,0,0,0,0,0,0,0,0,0,0,0,0,0,0,0
GLOMIS,CircEular-A,AFR,Material Release|Infrastructure|Roads|Asphalt,Mt/yr,mean,157.63835,193.08501,223.82552,269.07669,324.66867,384.19553,471.22318,602.74127,765.9574,765.9574,765.9574,765.9574,765.9574,765.9574,765.9574,765.9574,765.9574,765.9574
GLOMIS,CircEular-A,AFR,Material Release|Infrastructure|Roads|Concrete,Mt/yr,mean,0,0,0,0,0,0,0,0,0,0,0,0,0,0,0,0,0,0
GLOMIS,CircEular-A,AFR,Material Release|Infrastructure|Roads|Iron_steel,Mt/yr,mean,0,0,0,0,0,0,0,0,0,0,0,0,0,0,0,0,0,0
GLOMIS,CircEular-A,AFR,Material Release|Infrastructure|Runways|Aluminum,Mt/yr,mean,0,0,0,0,0,0,0,0,0,0,0,0,0,0,0,0,0,0
GLOMIS,CircEular-A,AFR,Material Release|Infrastructure|Runways|Concrete,Mt/yr,mean,.00042271399,.000517765,.000600197,.00072154001,.00087061198,.001030236,.001263604,.0016162751,.0020539451,.0020539451,.0020539451,.0020539451,.0020539451,.0020539451,.0020539451,.0020539451,.0020539451,.0020539451
GLOMIS,CircEular-A,AFR,Material Release|Infrastructure|Runways|Iron_steel,Mt/yr,mean,0,0,0,0,0,0,0,0,0,0,0,0,0,0,0,0,0,0
GLOMIS,CircEular-A,AFR,Material Release|Infrastructure|Tunnels|Aluminum,Mt/yr,mean,4.2100000e-06,5.1600000e-06,5.9800000e-06,7.1899999e-06,8.6800001e-06,.0000103,.0000126,.000016100001,.0000205,.0000205,.0000205,.0000205,.0000205,.0000205,.0000205,.0000205,.0000205,.0000205
GLOMIS,CircEular-A,AFR,Material Release|Infrastructure|Tunnels|Asphalt,Mt/yr,mean,.014180173,.017368736,.020133963,.024204478,.029205188,.034559857,.042388331,.054218885,.068900794,.068900794,.068900794,.068900794,.068900794,.068900794,.068900794,.068900794,.068900794,.068900794
GLOMIS,CircEular-A,AFR,Material Release|Infrastructure|Tunnels|Concrete,Mt/yr,mean,.11172905,.1368525,.15864041,.19071299,.23011482,.27230558,.33398801,.42720386,.5428862,.5428862,.5428862,.5428862,.5428862,.5428862,.5428862,.5428862,.5428862,.5428862
GLOMIS,CircEular-A,AFR,Material Release|Infrastructure|Tunnels|Iron_steel,Mt/yr,mean,.0041035791,.0050263121,.005826537,.0070044971,.0084516453,.010001225,.012266695,.015690321,.019939097,.019939097,.019939097,.019939097,.019939097,.019939097,.019939097,.019939097,.019939097,.019939097
GLOMIS,CircEular-A,CHN,Material Demand|Infrastructure|Bridges|Aluminum,Mt/yr,mean,.012225373,.012657943,.009611547,.0081132213,.0032421651,.0028899531,.0028899531,.0028899531,.0028899531,.0028899531,.0028899531,.0028899531,.0028899531,.0028899531,.0028899531,.0028899531,.0028899531,.0028899531
GLOMIS,CircEular-A,CHN,Material Demand|Infrastructure|Bridges|Asphalt,Mt/yr,mean,42.166718,47.001705,43.590775,42.61364,33.006496,32.302013,32.302013,32.302013,32.302013,32.302013,32.302013,32.302013,32.302013,32.302013,32.302013,32.302013,32.302013,32.302013
GLOMIS,CircEular-A,CHN,Material Demand|Infrastructure|Bridges|Concrete,Mt/yr,mean,98.599991,102.08875,77.518982,65.434692,26.148684,23.308025,23.308025,23.308025,23.308025,23.308025,23.308025,23.308025,23.308025,23.308025,23.308025,23.308025,23.308025,23.308025
GLOMIS,CircEular-A,CHN,Material Demand|Infrastructure|Bridges|Iron_steel,Mt/yr,mean,38.592854,39.958382,30.34157,25.611679,10.234811,9.1229534,9.1229534,9.1229534,9.1229534,9.1229534,9.1229534,9.1229534,9.1229534,9.1229534,9.1229534,9.1229534,9.1229534,9.1229534
GLOMIS,CircEular-A,CHN,Material Demand|Infrastructure|Buildings|Aluminum,Mt/yr,mean,0,0,0,0,0,0,0,0,0,0,0,0,0,0,0,0,0,0
GLOMIS,CircEular-A,CHN,Material Demand|Infrastructure|Buildings|Concrete,Mt/yr,mean,9.3794127,9.7531462,7.5047884,6.4077373,2.7607017,2.4968722,2.4968722,2.4968722,2.4968722,2.4968722,2.4968722,2.4968722,2.4968722,2.4968722,2.4968722,2.4968722,2.4968722,2.4968722
GLOMIS,CircEular-A,CHN,Material Demand|Infrastructure|Buildings|Iron_steel,Mt/yr,mean,0,0,0,0,0,0,0,0,0,0,0,0,0,0,0,0,0,0
GLOMIS,CircEular-A,CHN,Material Demand|Infrastructure|Charging stations|Aluminum,Mt/yr,mean,5.7699998e-07,6.6400003e-07,6.6100000e-07,6.7299999e-07,5.8500001e-07,5.7900002e-07,5.7900002e-07,5.7900002e-07,5.7900002e-07,5.7900002e-07,5.7900002e-07,5.7900002e-07,5.7900002e-07,5.7900002e-07,5.7900002e-07,5.7900002e-07,5.7900002e-07,5.7900002e-07
GLOMIS,CircEular-A,CHN,Material Demand|Infrastructure|Charging stations|Concrete,Mt/yr,mean,.000089399997,.00010277,.000102264,.000104163,.000090599999,.000089599998,.000089599998,.000089599998,.000089599998,.000089599998,.000089599998,.000089599998,.000089599998,.000089599998,.000089599998,.000089599998,.000089599998,.000089599998
GLOMIS,CircEular-A,CHN,Material Demand|Infrastructure|Charging stations|Iron_steel,Mt/yr,mean,.0000149,.000017099999,.000017,.0000174,.0000151,.0000149,.0000149,.0000149,.0000149,.0000149,.0000149,.0000149,.0000149,.0000149,.0000149,.0000149,.0000149,.0000149
GLOMIS,CircEular-A,CHN,Material Demand|Infrastructure|Fuel stations|Aluminum,Mt/yr,mean,.00036441701,.00039992799,.00035712999,.00034081901,.000244289,.000237243,.000237243,.000237243,.000237243,.000237243,.000237243,.000237243,.000237243,.000237243,.000237243,.000237243,.000237243,.000237243
GLOMIS,CircEular-A,CHN,Material Demand|Infrastructure|Fuel stations|Concrete,Mt/yr,mean,1.3609211,1.4935361,1.3337064,1.2727942,.91230136,.88598704,.88598704,.88598704,.88598704,.88598704,.88598704,.88598704,.88598704,.88598704,.88598704,.88598704,.88598704,.88598704
GLOMIS,CircEular-A,CHN,Material Demand|Infrastructure|Fuel stations|Iron_steel,Mt/yr,mean,.054369166,.059667174,.053281933,.050848473,.036446691,.035395425,.035395425,.035395425,.035395425,.035395425,.035395425,.035395425,.035395425,.035395425,.035395425,.035395425,.035395425,.035395425
GLOMIS,CircEular-A,CHN,Material Demand|Infrastructure|Parking|Aluminum,Mt/yr,mean,.00076110201,.000798664,.00063157902,.00055162801,.00027125599,.000250952,.000250952,.000250952,.000250952,.000250952,.000250952,.000250952,.000250952,.000250952,.000250952,.000250952,.000250952,.000250952
GLOMIS,CircEular-A,CHN,Material Demand|Infrastructure|Parking|Asphalt,Mt/yr,mean,1.9462227,2.1443264,1.9337034,1.8571923,1.3598512,1.3235103,1.3235103,1.3235103,1.3235103,1.3235103,1.3235103,1.3235103,1.3235103,1.3235103,1.3235103,1.3235103,1.3235103,1.3235103
GLOMIS,CircEular-A,CHN,Material Demand|Infrastructure|Parking|Concrete,Mt/yr,mean,1.7752694,1.8628843,1.4731574,1.2866726,.63270485,.58534551,.58534551,.58534551,.58534551,.58534551,.58534551,.58534551,.58534551,.58534551,.58534551,.58534551,.58534551,.58534551
GLOMIS,CircEular-A,CHN,Material Demand|Infrastructure|Parking|Iron_steel,Mt/yr,mean,.017190363,.018038761,.014264942,.012459163,.0061266348,.0056680432,.0056680432,.0056680432,.0056680432,.0056680432,.0056680432,.0056680432,.0056680432,.0056680432,.0056680432,.0056680432,.0056680432,.0056680432
GLOMIS,CircEular-A,CHN,Material Demand|Infrastructure|Rail|Aluminum,Mt/yr,mean,.0035487681,.0036743339,.0027900289,.0023550971,.00094113202,.00083889201,.00083889201,.00083889201,.00083889201,.00083889201,.00083889201,.00083889201,.00083889201,.00083889201,.00083889201,.00083889201,.00083889201,.00083889201
GLOMIS,CircEular-A,CHN,Material Demand|Infrastructure|Rail|Concrete,Mt/yr,mean,3.7769253,3.9785938,3.1818471,2.8042333,1.4457524,1.3473247,1.3473247,1.3473247,1.3473247,1.3473247,1.3473247,1.3473247,1.3473247,1.3473247,1.3473247,1.3473247,1.3473247,1.3473247
GLOMIS,CircEular-A,CHN,Material Demand|Infrastructure|Rail|Iron_steel,Mt/yr,mean,3.5657248,3.9013648,3.4575012,3.2830858,2.3131244,2.2423739,2.2423739,2.2423739,2.2423739,2.2423739,2.2423739,2.2423739,2.2423739,2.2423739,2.2423739,2.2423739,2.2423739,2.2423739
GLOMIS,CircEular-A,CHN,Material Demand|Infrastructure|Roads|Aluminum,Mt/yr,mean,0,0,0,0,0,0,0,0,0,0,0,0,0,0,0,0,0,0
GLOMIS,CircEular-A,CHN,Material Demand|Infrastructure|Roads|Asphalt,Mt/yr,mean,499.57034,554.32104,508.53564,493.78525,374.51654,365.78366,365.78366,365.78366,365.78366,365.78366,365.78366,365.78366,365.78366,365.78366,365.78366,365.78366,365.78366,365.78366
GLOMIS,CircEular-A,CHN,Material Demand|Infrastructure|Roads|Concrete,Mt/yr,mean,114.42036,123.81279,106.6447,99.320564,65.230469,62.749813,62.749813,62.749813,62.749813,62.749813,62.749813,62.749813,62.749813,62.749813,62.749813,62.749813,62.749813,62.749813
GLOMIS,CircEular-A,CHN,Material Demand|Infrastructure|Roads|Iron_steel,Mt/yr,mean,0,0,0,0,0,0,0,0,0,0,0,0,0,0,0,0,0,0
GLOMIS,CircEular-A,CHN,Material Demand|Infrastructure|Runways|Aluminum,Mt/yr,mean,0,0,0,0,0,0,0,0,0,0,0,0,0,0,0,0,0,0
GLOMIS,CircEular-A,CHN,Material Demand|Infrastructure|Runways|Concrete,Mt/yr,mean,.63477731,.65723765,.4990598,.42126232,.16834272,.15005484,.15005484,.15005484,.15005484,.15005484,.15005484,.15005484,.15005484,.15005484,.15005484,.15005484,.15005484,.15005484
GLOMIS,CircEular-A,CHN,Material Demand|Infrastructure|Runways|Iron_steel,Mt/yr,mean,0,0,0,0,0,0,0,0,0,0,0,0,0,0,0,0,0,0
GLOMIS,CircEular-A,CHN,Material Demand|Infrastructure|Tunnels|Aluminum,Mt/yr,mean,.027328895,.028295873,.021485886,.018136492,.0072476142,.0064602699,.0064602699,.0064602699,.0064602699,.0064602699,.0064602699,.0064602699,.0064602699,.0064602699,.0064602699,.0064602699,.0064602699,.0064602699
GLOMIS,CircEular-A,CHN,Material Demand|Infrastructure|Tunnels|Asphalt,Mt/yr,mean,23.158476,25.863195,24.094496,23.619625,18.449324,18.069937,18.069937,18.069937,18.069937,18.069937,18.069937,18.069937,18.069937,18.069937,18.069937,18.069937,18.069937,18.069937
GLOMIS,CircEular-A,CHN,Material Demand|Infrastructure|Tunnels|Concrete,Mt/yr,mean,223.95299,231.87711,176.07108,148.62369,59.39225,52.940186,52.940186,52.940186,52.940186,52.940186,52.940186,52.940186,52.940186,52.940186,52.940186,52.940186,52.940186,52.940186
GLOMIS,CircEular-A,CHN,Material Demand|Infrastructure|Tunnels|Iron_steel,Mt/yr,mean,9.9660368,10.318665,7.8352642,6.6138396,2.6429894,2.3558686,2.3558686,2.3558686,2.3558686,2.3558686,2.3558686,2.3558686,2.3558686,2.3558686,2.3558686,2.3558686,2.3558686,2.3558686
GLOMIS,CircEular-A,CHN,Material Release|Infrastructure|Bridges|Aluminum,Mt/yr,mean,.001843694,.0022762639,.0025966091,.0028311361,.0028869931,.0028899531,.0028899531,.0028899531,.0028899531,.0028899531,.0028899531,.0028899531,.0028899531,.0028899531,.0028899531,.0028899531,.0028899531,.0028899531
GLOMIS,CircEular-A,CHN,Material Release|Infrastructure|Bridges|Asphalt,Mt/yr,mean,20.607613,25.442598,29.023209,31.644604,32.268932,32.302013,32.302013,32.302013,32.302013,32.302013,32.302013,32.302013,32.302013,32.302013,32.302013,32.302013,32.302013,32.302013
GLOMIS,CircEular-A,CHN,Material Release|Infrastructure|Bridges|Concrete,Mt/yr,mean,14.869747,18.358507,20.942154,22.83366,23.284153,23.308025,23.308025,23.308025,23.308025,23.308025,23.308025,23.308025,23.308025,23.308025,23.308025,23.308025,23.308025,23.308025
GLOMIS,CircEular-A,CHN,Material Release|Infrastructure|Bridges|Iron_steel,Mt/yr,mean,5.8201418,7.1856713,8.1969318,8.9372835,9.1136103,9.1229534,9.1229534,9.1229534,9.1229534,9.1229534,9.1229534,9.1229534,9.1229534,9.1229534,9.1229534,9.1229534,9.1229534,9.1229534
GLOMIS,CircEular-A,CHN,Material Release|Infrastructure|Buildings|Aluminum,Mt/yr,mean,0,0,0,0,0,0,0,0,0,0,0,0,0,0,0,0,0,0
GLOMIS,CircEular-A,CHN,Material Release|Infrastructure|Buildings|Concrete,Mt/yr,mean,1.5929216,1.966655,2.243428,2.4460559,2.4943149,2.4968722,2.4968722,2.4968722,2.4968722,2.4968722,2.4968722,2.4968722,2.4968722,2.4968722,2.4968722,2.4968722,2.4968722,2.4968722
GLOMIS,CircEular-A,CHN,Material Release|Infrastructure|Buildings|Iron_steel,Mt/yr,mean,0,0,0,0,0,0,0,0,0,0,0,0,0,0,0,0,0,0
GLOMIS,CircEular-A,CHN,Material Release|Infrastructure|Charging stations|Aluminum,Mt/yr,mean,3.6899999e-07,4.5600001e-07,5.2000001e-07,5.6699997e-07,5.7800003e-07,5.7900002e-07,5.7900002e-07,5.7900002e-07,5.7900002e-07,5.7900002e-07,5.7900002e-07,5.7900002e-07,5.7900002e-07,5.7900002e-07,5.7900002e-07,5.7900002e-07,5.7900002e-07,5.7900002e-07
GLOMIS,CircEular-A,CHN,Material Release|Infrastructure|Charging stations|Concrete,Mt/yr,mean,.000057199999,.000070599999,.000080500002,.000087799999,.000089499998,.000089599998,.000089599998,.000089599998,.000089599998,.000089599998,.000089599998,.000089599998,.000089599998,.000089599998,.000089599998,.000089599998,.000089599998,.000089599998
GLOMIS,CircEular-A,CHN,Material Release|Infrastructure|Charging stations|Iron_steel,Mt/yr,mean,9.5300002e-06,.0000118,.0000134,.0000146,.0000149,.0000149,.0000149,.0000149,.0000149,.0000149,.0000149,.0000149,.0000149,.0000149,.0000149,.0000149,.0000149,.0000149
GLOMIS,CircEular-A,CHN,Material Release|Infrastructure|Fuel stations|Aluminum,Mt/yr,mean,.000151353,.000186864,.000213162,.000232415,.000237,.000237243,.000237243,.000237243,.000237243,.000237243,.000237243,.000237243,.000237243,.000237243,.000237243,.000237243,.000237243,.000237243
GLOMIS,CircEular-A,CHN,Material Release|Infrastructure|Fuel stations|Concrete,Mt/yr,mean,.56523043,.69784546,.79605526,.86795551,.88507968,.88598704,.88598704,.88598704,.88598704,.88598704,.88598704,.88598704,.88598704,.88598704,.88598704,.88598704,.88598704,.88598704
GLOMIS,CircEular-A,CHN,Material Release|Infrastructure|Fuel stations|Iron_steel,Mt/yr,mean,.022581106,.027879117,.031802624,.034675054,.035359174,.035395425,.035395425,.035395425,.035395425,.035395425,.035395425,.035395425,.035395425,.035395425,.035395425,.035395425,.035395425,.035395425
GLOMIS,CircEular-A,CHN,Material Release|Infrastructure|Parking|Aluminum,Mt/yr,mean,.00016009901,.000197662,.000225479,.000245845,.00025069501,.000250952,.000250952,.000250952,.000250952,.000250952,.000250952,.000250952,.000250952,.000250952,.000250952,.000250952,.000250952,.000250952
GLOMIS,CircEular-A,CHN,Material Release|Infrastructure|Parking|Asphalt,Mt/yr,mean,.84435564,1.0424595,1.1891679,1.2965744,1.3221548,1.3235103,1.3235103,1.3235103,1.3235103,1.3235103,1.3235103,1.3235103,1.3235103,1.3235103,1.3235103,1.3235103,1.3235103,1.3235103
GLOMIS,CircEular-A,CHN,Material Release|Infrastructure|Parking|Concrete,Mt/yr,mean,.37343103,.46104592,.52593023,.57343256,.584746,.58534551,.58534551,.58534551,.58534551,.58534551,.58534551,.58534551,.58534551,.58534551,.58534551,.58534551,.58534551,.58534551
GLOMIS,CircEular-A,CHN,Material Release|Infrastructure|Parking|Iron_steel,Mt/yr,mean,.0036160231,.00446442,.0050927112,.0055526872,.0056622382,.0056680432,.0056680432,.0056680432,.0056680432,.0056680432,.0056680432,.0056680432,.0056680432,.0056680432,.0056680432,.0056680432,.0056680432,.0056680432
GLOMIS,CircEular-A,CHN,Material Release|Infrastructure|Rail|Aluminum,Mt/yr,mean,.00053518498,.00066075101,.00075374101,.00082181901,.00083803298,.00083889201,.00083889201,.00083889201,.00083889201,.00083889201,.00083889201,.00083889201,.00083889201,.00083889201,.00083889201,.00083889201,.00083889201,.00083889201
GLOMIS,CircEular-A,CHN,Material Release|Infrastructure|Rail|Concrete,Mt/yr,mean,.85954845,1.0612168,1.2105651,1.319904,1.3459448,1.3473247,1.3473247,1.3473247,1.3473247,1.3473247,1.3473247,1.3473247,1.3473247,1.3473247,1.3473247,1.3473247,1.3473247,1.3473247
GLOMIS,CircEular-A,CHN,Material Release|Infrastructure|Rail|Iron_steel,Mt/yr,mean,1.4305602,1.7662002,2.0147626,2.1967373,2.2400775,2.2423739,2.2423739,2.2423739,2.2423739,2.2423739,2.2423739,2.2423739,2.2423739,2.2423739,2.2423739,2.2423739,2.2423739,2.2423739
GLOMIS,CircEular-A,CHN,Material Release|Infrastructure|Roads|Aluminum,Mt/yr,mean,0,0,0,0,0,0,0,0,0,0,0,0,0,0,0,0,0,0
GLOMIS,CircEular-A,CHN,Material Release|Infrastructure|Roads|Asphalt,Mt/yr,mean,233.35783,288.10855,328.65491,358.33923,365.40903,365.78366,365.78366,365.78366,365.78366,365.78366,365.78366,365.78366,365.78366,365.78366,365.78366,365.78366,365.78366,365.78366
GLOMIS,CircEular-A,CHN,Material Release|Infrastructure|Roads|Concrete,Mt/yr,mean,40.032299,49.424728,56.380421,61.472733,62.685547,62.749813,62.749813,62.749813,62.749813,62.749813,62.749813,62.749813,62.749813,62.749813,62.749813,62.749813,62.749813,62.749813
GLOMIS,CircEular-A,CHN,Material Release|Infrastructure|Roads|Iron_steel,Mt/yr,mean,0,0,0,0,0,0,0,0,0,0,0,0,0,0,0,0,0,0
GLOMIS,CircEular-A,CHN,Material Release|Infrastructure|Runways|Aluminum,Mt/yr,mean,0,0,0,0,0,0,0,0,0,0,0,0,0,0,0,0,0,0
GLOMIS,CircEular-A,CHN,Material Release|Infrastructure|Runways|Concrete,Mt/yr,mean,.095730014,.11819031,.13482359,.14700094,.14990117,.15005484,.15005484,.15005484,.15005484,.15005484,.15005484,.15005484,.15005484,.15005484,.15005484,.15005484,.15005484,.15005484
GLOMIS,CircEular-A,CHN,Material Release|Infrastructure|Runways|Iron_steel,Mt/yr,mean,0,0,0,0,0,0,0,0,0,0,0,0,0,0,0,0,0,0
GLOMIS,CircEular-A,CHN,Material Release|Infrastructure|Tunnels|Aluminum,Mt/yr,mean,.0041214381,.005088415,.0058045229,.0063287909,.0064536538,.0064602699,.0064602699,.0064602699,.0064602699,.0064602699,.0064602699,.0064602699,.0064602699,.0064602699,.0064602699,.0064602699,.0064602699,.0064602699
GLOMIS,CircEular-A,CHN,Material Release|Infrastructure|Tunnels|Asphalt,Mt/yr,mean,11.528019,14.232738,16.235754,17.702177,18.05143,18.069937,18.069937,18.069937,18.069937,18.069937,18.069937,18.069937,18.069937,18.069937,18.069937,18.069937,18.069937,18.069937
GLOMIS,CircEular-A,CHN,Material Release|Infrastructure|Tunnels|Concrete,Mt/yr,mean,33.774082,41.6982,47.566509,51.862747,52.885963,52.940186,52.940186,52.940186,52.940186,52.940186,52.940186,52.940186,52.940186,52.940186,52.940186,52.940186,52.940186,52.940186
GLOMIS,CircEular-A,CHN,Material Release|Infrastructure|Tunnels|Iron_steel,Mt/yr,mean,1.502966,1.855594,2.1167371,2.3079221,2.3534558,2.3558686,2.3558686,2.3558686,2.3558686,2.3558686,2.3558686,2.3558686,2.3558686,2.3558686,2.3558686,2.3558686,2.3558686,2.3558686
GLOMIS,CircEular-A,EEU,Material Demand|Infrastructure|Bridges|Aluminum,Mt/yr,mean,.000095199997,.000098299999,.000040999999,.000035500001,.000024999999,.000024999999,.000024999999,.000024999999,.000024999999,.000024999999,.000024999999,.000024999999,.000024999999,.000024999999,.000024999999,.000024999999,.000024999999,.000024999999
GLOMIS,CircEular-A,EEU,Material Demand|Infrastructure|Bridges|Asphalt,Mt/yr,mean,1.1973162,1.3034555,.94128489,.91673148,.84633338,.84633338,.84633338,.84633338,.84633338,.84633338,.84633338,.84633338,.84633338,.84633338,.84633338,.84633338,.84633338,.84633338
GLOMIS,CircEular-A,EEU,Material Demand|Infrastructure|Bridges|Concrete,Mt/yr,mean,2.6733718,2.7612832,1.1528534,.99809903,.70098728,.70098728,.70098728,.70098728,.70098728,.70098728,.70098728,.70098728,.70098728,.70098728,.70098728,.70098728,.70098728,.70098728
GLOMIS,CircEular-A,EEU,Material Demand|Infrastructure|Bridges|Iron_steel,Mt/yr,mean,.75427163,.77907515,.32526883,.28160608,.19777825,.19777825,.19777825,.19777825,.19777825,.19777825,.19777825,.19777825,.19777825,.19777825,.19777825,.19777825,.19777825,.19777825
GLOMIS,CircEular-A,EEU,Material Demand|Infrastructure|Buildings|Aluminum,Mt/yr,mean,0,0,0,0,0,0,0,0,0,0,0,0,0,0,0,0,0,0
GLOMIS,CircEular-A,EEU,Material Demand|Infrastructure|Buildings|Concrete,Mt/yr,mean,2.4808774,2.5674291,1.101478,.96119833,.69014513,.69014513,.69014513,.69014513,.69014513,.69014513,.69014513,.69014513,.69014513,.69014513,.69014513,.69014513,.69014513,.69014513
GLOMIS,CircEular-A,EEU,Material Demand|Infrastructure|Buildings|Iron_steel,Mt/yr,mean,0,0,0,0,0,0,0,0,0,0,0,0,0,0,0,0,0,0
GLOMIS,CircEular-A,EEU,Material Demand|Infrastructure|Charging stations|Aluminum,Mt/yr,mean,2.7000001e-06,3.0100000e-06,2.5500001e-06,2.5400000e-06,2.4399999e-06,2.4399999e-06,2.4399999e-06,2.4399999e-06,2.4399999e-06,2.4399999e-06,2.4399999e-06,2.4399999e-06,2.4399999e-06,2.4399999e-06,2.4399999e-06,2.4399999e-06,2.4399999e-06,2.4399999e-06
GLOMIS,CircEular-A,EEU,Material Demand|Infrastructure|Charging stations|Concrete,Mt/yr,mean,.00041784701,.00046527601,.000394615,.00039301001,.00037819301,.00037819301,.00037819301,.00037819301,.00037819301,.00037819301,.00037819301,.00037819301,.00037819301,.00037819301,.00037819301,.00037819301,.00037819301,.00037819301
GLOMIS,CircEular-A,EEU,Material Demand|Infrastructure|Charging stations|Iron_steel,Mt/yr,mean,.000069599999,.000077500001,.000065799999,.000065499997,.000062999999,.000062999999,.000062999999,.000062999999,.000062999999,.000062999999,.000062999999,.000062999999,.000062999999,.000062999999,.000062999999,.000062999999,.000062999999,.000062999999
GLOMIS,CircEular-A,EEU,Material Demand|Infrastructure|Fuel stations|Aluminum,Mt/yr,mean,.000134767,.000145627,.000098999997,.0000955,.000086599997,.000086599997,.000086599997,.000086599997,.000086599997,.000086599997,.000086599997,.000086599997,.000086599997,.000086599997,.000086599997,.000086599997,.000086599997,.000086599997
GLOMIS,CircEular-A,EEU,Material Demand|Infrastructure|Fuel stations|Concrete,Mt/yr,mean,.50328916,.54384476,.36982679,.35678434,.32338202,.32338202,.32338202,.32338202,.32338202,.32338202,.32338202,.32338202,.32338202,.32338202,.32338202,.32338202,.32338202,.32338202
GLOMIS,CircEular-A,EEU,Material Demand|Infrastructure|Fuel stations|Iron_steel,Mt/yr,mean,.020106537,.021726744,.01477468,.01425363,.012919199,.012919199,.012919199,.012919199,.012919199,.012919199,.012919199,.012919199,.012919199,.012919199,.012919199,.012919199,.012919199,.012919199
GLOMIS,CircEular-A,EEU,Material Demand|Infrastructure|Parking|Aluminum,Mt/yr,mean,.0022473391,.002347623,.0011370491,.001024641,.00079964002,.00079964002,.00079964002,.00079964002,.00079964002,.00079964002,.00079964002,.00079964002,.00079964002,.00079964002,.00079964002,.00079964002,.00079964002,.00079964002
GLOMIS,CircEular-A,EEU,Material Demand|Infrastructure|Parking|Asphalt,Mt/yr,mean,2.7800591,3.012274,2.095,2.0284495,1.851634,1.851634,1.851634,1.851634,1.851634,1.851634,1.851634,1.851634,1.851634,1.851634,1.851634,1.851634,1.851634,1.851634
GLOMIS,CircEular-A,EEU,Material Demand|Infrastructure|Parking|Concrete,Mt/yr,mean,3.9002061,4.0742459,1.9733229,1.7782418,1.3877575,1.3877575,1.3877575,1.3877575,1.3877575,1.3877575,1.3877575,1.3877575,1.3877575,1.3877575,1.3877575,1.3877575,1.3877575,1.3877575
GLOMIS,CircEular-A,EEU,Material Demand|Infrastructure|Parking|Iron_steel,Mt/yr,mean,.026771063,.027965674,.013544913,.012205873,.009525585,.009525585,.009525585,.009525585,.009525585,.009525585,.009525585,.009525585,.009525585,.009525585,.009525585,.009525585,.009525585,.009525585
GLOMIS,CircEular-A,EEU,Material Demand|Infrastructure|Rail|Aluminum,Mt/yr,mean,.0083755888,.0088830031,.0050884369,.0047591082,.0040460178,.0040460178,.0040460178,.0040460178,.0040460178,.0040460178,.0040460178,.0040460178,.0040460178,.0040460178,.0040460178,.0040460178,.0040460178,.0040460178
GLOMIS,CircEular-A,EEU,Material Demand|Infrastructure|Rail|Concrete,Mt/yr,mean,2.1719627,2.3027902,1.3147279,1.2288196,1.0431914,1.0431914,1.0431914,1.0431914,1.0431914,1.0431914,1.0431914,1.0431914,1.0431914,1.0431914,1.0431914,1.0431914,1.0431914,1.0431914
GLOMIS,CircEular-A,EEU,Material Demand|Infrastructure|Rail|Iron_steel,Mt/yr,mean,1.4543927,1.5713167,1.0669822,1.0291097,.93232876,.93232876,.93232876,.93232876,.93232876,.93232876,.93232876,.93232876,.93232876,.93232876,.93232876,.93232876,.93232876,.93232876
GLOMIS,CircEular-A,EEU,Material Demand|Infrastructure|Roads|Aluminum,Mt/yr,mean,0,0,0,0,0,0,0,0,0,0,0,0,0,0,0,0,0,0
GLOMIS,CircEular-A,EEU,Material Demand|Infrastructure|Roads|Asphalt,Mt/yr,mean,131.24126,142.48595,100.69756,97.745064,89.662895,89.662895,89.662895,89.662895,89.662895,89.662895,89.662895,89.662895,89.662895,89.662895,89.662895,89.662895,89.662895,89.662895
GLOMIS,CircEular-A,EEU,Material Demand|Infrastructure|Roads|Concrete,Mt/yr,mean,0,0,0,0,0,0,0,0,0,0,0,0,0,0,0,0,0,0
GLOMIS,CircEular-A,EEU,Material Demand|Infrastructure|Roads|Iron_steel,Mt/yr,mean,0,0,0,0,0,0,0,0,0,0,0,0,0,0,0,0,0,0
GLOMIS,CircEular-A,EEU,Material Demand|Infrastructure|Tunnels|Aluminum,Mt/yr,mean,.00065434602,.000675863,.000282177,.00024429901,.000171577,.000171577,.000171577,.000171577,.000171577,.000171577,.000171577,.000171577,.000171577,.000171577,.000171577,.000171577,.000171577,.000171577
GLOMIS,CircEular-A,EEU,Material Demand|Infrastructure|Tunnels|Asphalt,Mt/yr,mean,.33467647,.36509433,.26788092,.26152015,.24254587,.24254587,.24254587,.24254587,.24254587,.24254587,.24254587,.24254587,.24254587,.24254587,.24254587,.24254587,.24254587,.24254587
GLOMIS,CircEular-A,EEU,Material Demand|Infrastructure|Tunnels|Concrete,Mt/yr,mean,4.3015132,4.4429641,1.8549659,1.6059629,1.1279037,1.1279037,1.1279037,1.1279037,1.1279037,1.1279037,1.1279037,1.1279037,1.1279037,1.1279037,1.1279037,1.1279037,1.1279037,1.1279037
GLOMIS,CircEular-A,EEU,Material Demand|Infrastructure|Tunnels|Iron_steel,Mt/yr,mean,.19564559,.20207921,.084369354,.073043957,.051300406,.051300406,.051300406,.051300406,.051300406,.051300406,.051300406,.051300406,.051300406,.051300406,.051300406,.051300406,.051300406,.051300406
GLOMIS,CircEular-A,EEU,Material Release|Infrastructure|Bridges|Aluminum,Mt/yr,mean,.0000201,.0000232,.0000244,.0000249,.000024999999,.000024999999,.000024999999,.000024999999,.000024999999,.000024999999,.000024999999,.000024999999,.000024999999,.000024999999,.000024999999,.000024999999,.000024999999,.000024999999
GLOMIS,CircEular-A,EEU,Material Release|Infrastructure|Bridges|Asphalt,Mt/yr,mean,.6803382,.78647751,.82655007,.84331894,.84633338,.84633338,.84633338,.84633338,.84633338,.84633338,.84633338,.84633338,.84633338,.84633338,.84633338,.84633338,.84633338,.84633338
GLOMIS,CircEular-A,EEU,Material Release|Infrastructure|Bridges|Concrete,Mt/yr,mean,.56349951,.65141082,.68460149,.69849056,.70098728,.70098728,.70098728,.70098728,.70098728,.70098728,.70098728,.70098728,.70098728,.70098728,.70098728,.70098728,.70098728,.70098728
GLOMIS,CircEular-A,EEU,Material Release|Infrastructure|Bridges|Iron_steel,Mt/yr,mean,.1589871,.18379064,.19315512,.19707382,.19777825,.19777825,.19777825,.19777825,.19777825,.19777825,.19777825,.19777825,.19777825,.19777825,.19777825,.19777825,.19777825,.19777825
GLOMIS,CircEular-A,EEU,Material Release|Infrastructure|Buildings|Aluminum,Mt/yr,mean,0,0,0,0,0,0,0,0,0,0,0,0,0,0,0,0,0,0
GLOMIS,CircEular-A,EEU,Material Release|Infrastructure|Buildings|Concrete,Mt/yr,mean,.55478382,.64133549,.67401278,.68768698,.69014513,.69014513,.69014513,.69014513,.69014513,.69014513,.69014513,.69014513,.69014513,.69014513,.69014513,.69014513,.69014513,.69014513
GLOMIS,CircEular-A,EEU,Material Release|Infrastructure|Buildings|Iron_steel,Mt/yr,mean,0,0,0,0,0,0,0,0,0,0,0,0,0,0,0,0,0,0
GLOMIS,CircEular-A,EEU,Material Release|Infrastructure|Charging stations|Aluminum,Mt/yr,mean,1.9600000e-06,2.2700001e-06,2.3900000e-06,2.4300000e-06,2.4399999e-06,2.4399999e-06,2.4399999e-06,2.4399999e-06,2.4399999e-06,2.4399999e-06,2.4399999e-06,2.4399999e-06,2.4399999e-06,2.4399999e-06,2.4399999e-06,2.4399999e-06,2.4399999e-06,2.4399999e-06
GLOMIS,CircEular-A,EEU,Material Release|Infrastructure|Charging stations|Concrete,Mt/yr,mean,.00030401599,.00035144499,.000369352,.000376846,.00037819301,.00037819301,.00037819301,.00037819301,.00037819301,.00037819301,.00037819301,.00037819301,.00037819301,.00037819301,.00037819301,.00037819301,.00037819301,.00037819301
GLOMIS,CircEular-A,EEU,Material Release|Infrastructure|Charging stations|Iron_steel,Mt/yr,mean,.0000507,.000058599999,.000061500003,.000062799998,.000062999999,.000062999999,.000062999999,.000062999999,.000062999999,.000062999999,.000062999999,.000062999999,.000062999999,.000062999999,.000062999999,.000062999999,.000062999999,.000062999999
GLOMIS,CircEular-A,EEU,Material Release|Infrastructure|Fuel stations|Aluminum,Mt/yr,mean,.000069599999,.000080500002,.000084599997,.000086300002,.000086599997,.000086599997,.000086599997,.000086599997,.000086599997,.000086599997,.000086599997,.000086599997,.000086599997,.000086599997,.000086599997,.000086599997,.000086599997,.000086599997
GLOMIS,CircEular-A,EEU,Material Release|Infrastructure|Fuel stations|Concrete,Mt/yr,mean,.25995564,.30051121,.31582287,.32223022,.32338202,.32338202,.32338202,.32338202,.32338202,.32338202,.32338202,.32338202,.32338202,.32338202,.32338202,.32338202,.32338202,.32338202
GLOMIS,CircEular-A,EEU,Material Release|Infrastructure|Fuel stations|Iron_steel,Mt/yr,mean,.010385298,.012005505,.012617209,.012873184,.012919199,.012919199,.012919199,.012919199,.012919199,.012919199,.012919199,.012919199,.012919199,.012919199,.012919199,.012919199,.012919199,.012919199
GLOMIS,CircEular-A,EEU,Material Release|Infrastructure|Parking|Aluminum,Mt/yr,mean,.00064280297,.00074308697,.00078094902,.00079679198,.00079964002,.00079964002,.00079964002,.00079964002,.00079964002,.00079964002,.00079964002,.00079964002,.00079964002,.00079964002,.00079964002,.00079964002,.00079964002,.00079964002
GLOMIS,CircEular-A,EEU,Material Release|Infrastructure|Parking|Asphalt,Mt/yr,mean,1.4884647,1.7206796,1.8083516,1.845039,1.851634,1.851634,1.851634,1.851634,1.851634,1.851634,1.851634,1.851634,1.851634,1.851634,1.851634,1.851634,1.851634,1.851634
GLOMIS,CircEular-A,EEU,Material Release|Infrastructure|Parking|Concrete,Mt/yr,mean,1.1155704,1.2896101,1.3553183,1.3828148,1.3877575,1.3877575,1.3877575,1.3877575,1.3877575,1.3877575,1.3877575,1.3877575,1.3877575,1.3877575,1.3877575,1.3877575,1.3877575,1.3877575
GLOMIS,CircEular-A,EEU,Material Release|Infrastructure|Parking|Iron_steel,Mt/yr,mean,.007657289,.0088518998,.0093029216,.0094916578,.009525585,.009525585,.009525585,.009525585,.009525585,.009525585,.009525585,.009525585,.009525585,.009525585,.009525585,.009525585,.009525585,.009525585
GLOMIS,CircEular-A,EEU,Material Release|Infrastructure|Rail|Aluminum,Mt/yr,mean,.0032524541,.003759868,.003951441,.0040316069,.0040460178,.0040460178,.0040460178,.0040460178,.0040460178,.0040460178,.0040460178,.0040460178,.0040460178,.0040460178,.0040460178,.0040460178,.0040460178,.0040460178
GLOMIS,CircEular-A,EEU,Material Release|Infrastructure|Rail|Concrete,Mt/yr,mean,.83858562,.96941304,1.0188066,1.0394759,1.0431914,1.0431914,1.0431914,1.0431914,1.0431914,1.0431914,1.0431914,1.0431914,1.0431914,1.0431914,1.0431914,1.0431914,1.0431914,1.0431914
GLOMIS,CircEular-A,EEU,Material Release|Infrastructure|Rail|Iron_steel,Mt/yr,mean,.7494669,.866391,.91053528,.92900807,.93232876,.93232876,.93232876,.93232876,.93232876,.93232876,.93232876,.93232876,.93232876,.93232876,.93232876,.93232876,.93232876,.93232876
GLOMIS,CircEular-A,EEU,Material Release|Infrastructure|Roads|Aluminum,Mt/yr,mean,0,0,0,0,0,0,0,0,0,0,0,0,0,0,0,0,0,0
GLOMIS,CircEular-A,EEU,Material Release|Infrastructure|Roads|Asphalt,Mt/yr,mean,72.076904,83.321594,87.567001,89.343536,89.662895,89.662895,89.662895,89.662895,89.662895,89.662895,89.662895,89.662895,89.662895,89.662895,89.662895,89.662895,89.662895,89.662895
GLOMIS,CircEular-A,EEU,Material Release|Infrastructure|Roads|Concrete,Mt/yr,mean,0,0,0,0,0,0,0,0,0,0,0,0,0,0,0,0,0,0
GLOMIS,CircEular-A,EEU,Material Release|Infrastructure|Roads|Iron_steel,Mt/yr,mean,0,0,0,0,0,0,0,0,0,0,0,0,0,0,0,0,0,0
GLOMIS,CircEular-A,EEU,Material Release|Infrastructure|Tunnels|Aluminum,Mt/yr,mean,.000137924,.000159442,.000167566,.000170965,.000171577,.000171577,.000171577,.000171577,.000171577,.000171577,.000171577,.000171577,.000171577,.000171577,.000171577,.000171577,.000171577,.000171577
GLOMIS,CircEular-A,EEU,Material Release|Infrastructure|Tunnels|Asphalt,Mt/yr,mean,.19497426,.22539212,.23687628,.24168198,.24254587,.24254587,.24254587,.24254587,.24254587,.24254587,.24254587,.24254587,.24254587,.24254587,.24254587,.24254587,.24254587,.24254587
GLOMIS,CircEular-A,EEU,Material Release|Infrastructure|Tunnels|Concrete,Mt/yr,mean,.90668285,1.0481341,1.1015385,1.1238863,1.1279037,1.1279037,1.1279037,1.1279037,1.1279037,1.1279037,1.1279037,1.1279037,1.1279037,1.1279037,1.1279037,1.1279037,1.1279037,1.1279037
GLOMIS,CircEular-A,EEU,Material Release|Infrastructure|Tunnels|Iron_steel,Mt/yr,mean,.041238625,.047672249,.050101243,.051117688,.051300406,.051300406,.051300406,.051300406,.051300406,.051300406,.051300406,.051300406,.051300406,.051300406,.051300406,.051300406,.051300406,.051300406
GLOMIS,CircEular-A,FSU,Material Demand|Infrastructure|Bridges|Aluminum,Mt/yr,mean,.000158475,.000162804,.000104502,.000140494,.00012225199,.000110152,.000107326,.000152995,.000157915,.000157915,.000157915,.000157915,.000157915,.000157915,.000157915,.000157915,.000157915,.000157915
GLOMIS,CircEular-A,FSU,Material Demand|Infrastructure|Bridges|Asphalt,Mt/yr,mean,1.0669154,1.1266003,.97501755,1.1152086,1.0868106,1.0701363,1.0786915,1.2489154,1.3002099,1.3002099,1.3002099,1.3002099,1.3002099,1.3002099,1.3002099,1.3002099,1.3002099,1.3002099
GLOMIS,CircEular-A,FSU,Material Demand|Infrastructure|Bridges|Concrete,Mt/yr,mean,2.1332858,2.1915593,1.4067394,1.8912394,1.6456683,1.4827851,1.4447463,2.0595155,2.1257501,2.1257501,2.1257501,2.1257501,2.1257501,2.1257501,2.1257501,2.1257501,2.1257501,2.1257501
GLOMIS,CircEular-A,FSU,Material Demand|Infrastructure|Bridges|Iron_steel,Mt/yr,mean,.74054152,.76077032,.48833066,.65651828,.57127166,.5147289,.50152427,.7149331,.73792559,.73792559,.73792559,.73792559,.73792559,.73792559,.73792559,.73792559,.73792559,.73792559
GLOMIS,CircEular-A,FSU,Material Demand|Infrastructure|Buildings|Aluminum,Mt/yr,mean,0,0,0,0,0,0,0,0,0,0,0,0,0,0,0,0,0,0
GLOMIS,CircEular-A,FSU,Material Demand|Infrastructure|Buildings|Concrete,Mt/yr,mean,2.3287652,2.39656,1.5728128,2.0877264,1.8325809,1.6636432,1.6258949,2.2782063,2.3529978,2.3529978,2.3529978,2.3529978,2.3529978,2.3529978,2.3529978,2.3529978,2.3529978,2.3529978
GLOMIS,CircEular-A,FSU,Material Demand|Infrastructure|Buildings|Iron_steel,Mt/yr,mean,0,0,0,0,0,0,0,0,0,0,0,0,0,0,0,0,0,0
GLOMIS,CircEular-A,FSU,Material Demand|Infrastructure|Charging stations|Aluminum,Mt/yr,mean,8.6300003e-07,9.1999999e-07,8.7100000e-07,9.5299998e-07,9.5899998e-07,9.6500003e-07,9.7999998e-07,1.0799999e-06,1.1200000e-06,1.1200000e-06,1.1200000e-06,1.1200000e-06,1.1200000e-06,1.1200000e-06,1.1200000e-06,1.1200000e-06,1.1200000e-06,1.1200000e-06
GLOMIS,CircEular-A,FSU,Material Demand|Infrastructure|Charging stations|Concrete,Mt/yr,mean,.00013359101,.000142492,.000134776,.00014755499,.00014841399,.00014935499,.000151716,.000166613,.000173885,.000173885,.000173885,.000173885,.000173885,.000173885,.000173885,.000173885,.000173885,.000173885
GLOMIS,CircEular-A,FSU,Material Demand|Infrastructure|Charging stations|Iron_steel,Mt/yr,mean,.000022300001,.0000237,.0000225,.0000246,.000024700001,.0000249,.0000253,.000027800001,.000029000001,.000029000001,.000029000001,.000029000001,.000029000001,.000029000001,.000029000001,.000029000001,.000029000001,.000029000001
GLOMIS,CircEular-A,FSU,Material Demand|Infrastructure|Fuel stations|Aluminum,Mt/yr,mean,.00030428701,.000320639,.00027212201,.000314345,.00030417499,.00029799799,.00029983299,.00035139199,.00036562301,.00036562301,.00036562301,.00036562301,.00036562301,.00036562301,.00036562301,.00036562301,.00036562301,.00036562301
GLOMIS,CircEular-A,FSU,Material Demand|Infrastructure|Fuel stations|Concrete,Mt/yr,mean,1.1363647,1.1974325,1.0162441,1.1739272,1.1359451,1.1128774,1.11973,1.3122782,1.3654231,1.3654231,1.3654231,1.3654231,1.3654231,1.3654231,1.3654231,1.3654231,1.3654231,1.3654231
GLOMIS,CircEular-A,FSU,Material Demand|Infrastructure|Fuel stations|Iron_steel,Mt/yr,mean,.045398075,.047837753,.040599223,.046898711,.045381315,.044459753,.044733513,.052425869,.05454902,.05454902,.05454902,.05454902,.05454902,.05454902,.05454902,.05454902,.05454902,.05454902
GLOMIS,CircEular-A,FSU,Material Demand|Infrastructure|Parking|Aluminum,Mt/yr,mean,.001514441,.0015673781,.001101486,.001406756,.001268187,.001177095,.0011605381,.0015449841,.001598887,.001598887,.001598887,.001598887,.001598887,.001598887,.001598887,.001598887,.001598887,.001598887
GLOMIS,CircEular-A,FSU,Material Demand|Infrastructure|Parking|Asphalt,Mt/yr,mean,2.0610869,2.1745183,1.8669463,2.1440187,2.0833814,2.0472052,2.0620451,2.3992841,2.4972641,2.4972641,2.4972641,2.4972641,2.4972641,2.4972641,2.4972641,2.4972641,2.4972641,2.4972641
GLOMIS,CircEular-A,FSU,Material Demand|Infrastructure|Parking|Concrete,Mt/yr,mean,3.2009077,3.3127954,2.3280911,2.9733057,2.680428,2.4878976,2.4529018,3.2654648,3.3793929,3.3793929,3.3793929,3.3793929,3.3793929,3.3793929,3.3793929,3.3793929,3.3793929,3.3793929
GLOMIS,CircEular-A,FSU,Material Demand|Infrastructure|Parking|Iron_steel,Mt/yr,mean,.028278263,.029266728,.020567408,.026267525,.02368011,.021979209,.021670042,.028848587,.02985508,.02985508,.02985508,.02985508,.02985508,.02985508,.02985508,.02985508,.02985508,.02985508
GLOMIS,CircEular-A,FSU,Material Demand|Infrastructure|Rail|Aluminum,Mt/yr,mean,.015180827,.015847621,.012251551,.014856335,.01388823,.013263947,.013220923,.016462825,.017084144,.017084144,.017084144,.017084144,.017084144,.017084144,.017084144,.017084144,.017084144,.017084144
GLOMIS,CircEular-A,FSU,Material Demand|Infrastructure|Rail|Concrete,Mt/yr,mean,3.5767813,3.7325912,2.8751016,3.4931481,3.261049,3.1112139,3.0999081,3.869556,4.0151758,4.0151758,4.0151758,4.0151758,4.0151758,4.0151758,4.0151758,4.0151758,4.0151758,4.0151758
GLOMIS,CircEular-A,FSU,Material Demand|Infrastructure|Rail|Iron_steel,Mt/yr,mean,3.0435266,3.2066922,2.7183206,3.1419554,3.0390151,2.9764006,2.9943998,3.5118644,3.653969,3.653969,3.653969,3.653969,3.653969,3.653969,3.653969,3.653969,3.653969,3.653969
GLOMIS,CircEular-A,FSU,Material Demand|Infrastructure|Roads|Aluminum,Mt/yr,mean,0,0,0,0,0,0,0,0,0,0,0,0,0,0,0,0,0,0
GLOMIS,CircEular-A,FSU,Material Demand|Infrastructure|Roads|Asphalt,Mt/yr,mean,210.78815,222.50104,191.93068,219.89177,214.03728,210.57556,212.19453,246.17992,256.26712,256.26712,256.26712,256.26712,256.26712,256.26712,256.26712,256.26712,256.26712,256.26712
GLOMIS,CircEular-A,FSU,Material Demand|Infrastructure|Roads|Concrete,Mt/yr,mean,0,0,0,0,0,0,0,0,0,0,0,0,0,0,0,0,0,0
GLOMIS,CircEular-A,FSU,Material Demand|Infrastructure|Roads|Iron_steel,Mt/yr,mean,0,0,0,0,0,0,0,0,0,0,0,0,0,0,0,0,0,0
GLOMIS,CircEular-A,FSU,Material Demand|Infrastructure|Tunnels|Aluminum,Mt/yr,mean,.001508271,.0015494711,.00099458999,.00133714,.001163516,.001048355,.001021461,.001456114,.001502943,.001502943,.001502943,.001502943,.001502943,.001502943,.001502943,.001502943,.001502943,.001502943
GLOMIS,CircEular-A,FSU,Material Demand|Infrastructure|Tunnels|Asphalt,Mt/yr,mean,.097519621,.10301532,.089478076,.10215725,.099686168,.098247565,.099065945,.11444388,.11915634,.11915634,.11915634,.11915634,.11915634,.11915634,.11915634,.11915634,.11915634,.11915634
GLOMIS,CircEular-A,FSU,Material Demand|Infrastructure|Tunnels|Concrete,Mt/yr,mean,5.1259294,5.2659507,3.3801596,4.544332,3.9542661,3.5628848,3.4714839,4.9486718,5.1078224,5.1078224,5.1078224,5.1078224,5.1078224,5.1078224,5.1078224,5.1078224,5.1078224,5.1078224
GLOMIS,CircEular-A,FSU,Material Demand|Infrastructure|Tunnels|Iron_steel,Mt/yr,mean,.26628044,.27355424,.17559165,.23606777,.20541519,.18508382,.18033573,.2570723,.26533982,.26533982,.26533982,.26533982,.26533982,.26533982,.26533982,.26533982,.26533982,.26533982
GLOMIS,CircEular-A,FSU,Material Release|Infrastructure|Bridges|Aluminum,Mt/yr,mean,.000054600001,.000058900001,.0000612,.000064100001,.000066599998,.000068499998,.000070100003,.000073000003,.0000764,.0000764,.0000764,.0000764,.0000764,.0000764,.0000764,.0000764,.0000764,.0000764
GLOMIS,CircEular-A,FSU,Material Release|Infrastructure|Bridges|Asphalt,Mt/yr,mean,.75252134,.81220621,.84403569,.88410693,.91845071,.94399977,.96591634,1.0069467,1.0535889,1.0535889,1.0535889,1.0535889,1.0535889,1.0535889,1.0535889,1.0535889,1.0535889,1.0535889
GLOMIS,CircEular-A,FSU,Material Release|Infrastructure|Bridges|Concrete,Mt/yr,mean,.73472512,.79299849,.82407534,.86319888,.89673048,.92167526,.94307363,.98313361,1.0286727,1.0286727,1.0286727,1.0286727,1.0286727,1.0286727,1.0286727,1.0286727,1.0286727,1.0286727
GLOMIS,CircEular-A,FSU,Material Release|Infrastructure|Bridges|Iron_steel,Mt/yr,mean,.25504997,.27527878,.28606668,.2996479,.31128794,.31994718,.32737532,.34128162,.35708991,.35708991,.35708991,.35708991,.35708991,.35708991,.35708991,.35708991,.35708991,.35708991
GLOMIS,CircEular-A,FSU,Material Release|Infrastructure|Buildings|Aluminum,Mt/yr,mean,0,0,0,0,0,0,0,0,0,0,0,0,0,0,0,0,0,0
GLOMIS,CircEular-A,FSU,Material Release|Infrastructure|Buildings|Concrete,Mt/yr,mean,.85477376,.92256856,.95872307,1.0042391,1.0432495,1.0722702,1.0971649,1.1437703,1.1967502,1.1967502,1.1967502,1.1967502,1.1967502,1.1967502,1.1967502,1.1967502,1.1967502,1.1967502
GLOMIS,CircEular-A,FSU,Material Release|Infrastructure|Buildings|Iron_steel,Mt/yr,mean,0,0,0,0,0,0,0,0,0,0,0,0,0,0,0,0,0,0
GLOMIS,CircEular-A,FSU,Material Release|Infrastructure|Charging stations|Aluminum,Mt/yr,mean,7.2500001e-07,7.8199997e-07,8.1299999e-07,8.5200003e-07,8.8500002e-07,9.0899999e-07,9.3000000e-07,9.6999997e-07,1.0100000e-06,1.0100000e-06,1.0100000e-06,1.0100000e-06,1.0100000e-06,1.0100000e-06,1.0100000e-06,1.0100000e-06,1.0100000e-06,1.0100000e-06
GLOMIS,CircEular-A,FSU,Material Release|Infrastructure|Charging stations|Concrete,Mt/yr,mean,.000112228,.000121129,.000125876,.00013185199,.00013697401,.000140784,.000144053,.000150172,.000157128,.000157128,.000157128,.000157128,.000157128,.000157128,.000157128,.000157128,.000157128,.000157128
GLOMIS,CircEular-A,FSU,Material Release|Infrastructure|Charging stations|Iron_steel,Mt/yr,mean,.000018700001,.000020199999,.000021,.000022,.000022800001,.000023500001,.000024000001,.000024999999,.000026199999,.000026199999,.000026199999,.000026199999,.000026199999,.000026199999,.000026199999,.000026199999,.000026199999,.000026199999
GLOMIS,CircEular-A,FSU,Material Release|Infrastructure|Fuel stations|Aluminum,Mt/yr,mean,.00020617399,.000222526,.000231246,.000242225,.00025163399,.00025863401,.00026463901,.00027588001,.00028865901,.00028865901,.00028865901,.00028865901,.00028865901,.00028865901,.00028865901,.00028865901,.00028865901,.00028865901
GLOMIS,CircEular-A,FSU,Material Release|Infrastructure|Fuel stations|Concrete,Mt/yr,mean,.76995802,.83102578,.8635928,.90459245,.93973207,.96587306,.98829752,1.0302786,1.0780015,1.0780015,1.0780015,1.0780015,1.0780015,1.0780015,1.0780015,1.0780015,1.0780015,1.0780015
GLOMIS,CircEular-A,FSU,Material Release|Infrastructure|Fuel stations|Iron_steel,Mt/yr,mean,.030760029,.033199701,.034500767,.036138717,.037542552,.038586888,.039482754,.041159909,.043066449,.043066449,.043066449,.043066449,.043066449,.043066449,.043066449,.043066449,.043066449,.043066449
GLOMIS,CircEular-A,FSU,Material Release|Infrastructure|Parking|Aluminum,Mt/yr,mean,.00066744501,.00072038302,.00074861402,.00078415498,.00081461598,.00083727599,.00085671502,.00089310698,.00093447597,.00093447597,.00093447597,.00093447597,.00093447597,.00093447597,.00093447597,.00093447597,.00093447597,.00093447597
GLOMIS,CircEular-A,FSU,Material Release|Infrastructure|Parking|Asphalt,Mt/yr,mean,1.4301732,1.5436047,1.604097,1.6802527,1.7455232,1.7940793,1.8357322,1.9137105,2.0023544,2.0023544,2.0023544,2.0023544,2.0023544,2.0023544,2.0023544,2.0023544,2.0023544,2.0023544
GLOMIS,CircEular-A,FSU,Material Release|Infrastructure|Parking|Concrete,Mt/yr,mean,1.4107065,1.5225942,1.5822631,1.6573821,1.7217643,1.7696595,1.8107454,1.8876624,1.9750996,1.9750996,1.9750996,1.9750996,1.9750996,1.9750996,1.9750996,1.9750996,1.9750996,1.9750996
GLOMIS,CircEular-A,FSU,Material Release|Infrastructure|Parking|Iron_steel,Mt/yr,mean,.012462818,.013451283,.013978426,.014642061,.015210843,.01563397,.01599694,.016676459,.017448921,.017448921,.017448921,.017448921,.017448921,.017448921,.017448921,.017448921,.017448921,.017448921
GLOMIS,CircEular-A,FSU,Material Release|Infrastructure|Rail|Aluminum,Mt/yr,mean,.0084071169,.0090739112,.0094295079,.0098771807,.010260867,.010546299,.01079115,.011249538,.011770621,.011770621,.011770621,.011770621,.011770621,.011770621,.011770621,.011770621,.011770621,.011770621
GLOMIS,CircEular-A,FSU,Material Release|Infrastructure|Rail|Concrete,Mt/yr,mean,1.9644921,2.1203022,2.2033947,2.3080025,2.3976583,2.4643552,2.5215697,2.6286812,2.7504427,2.7504427,2.7504427,2.7504427,2.7504427,2.7504427,2.7504427,2.7504427,2.7504427,2.7504427
GLOMIS,CircEular-A,FSU,Material Release|Infrastructure|Rail|Iron_steel,Mt/yr,mean,2.0572336,2.2203991,2.3074143,2.4169605,2.510849,2.5806947,2.64061,2.7527783,2.8802879,2.8802879,2.8802879,2.8802879,2.8802879,2.8802879,2.8802879,2.8802879,2.8802879,2.8802879
GLOMIS,CircEular-A,FSU,Material Release|Infrastructure|Roads|Aluminum,Mt/yr,mean,0,0,0,0,0,0,0,0,0,0,0,0,0,0,0,0,0,0
GLOMIS,CircEular-A,FSU,Material Release|Infrastructure|Roads|Asphalt,Mt/yr,mean,147.67906,159.39195,165.63837,173.50215,180.24197,185.25586,189.5569,197.60893,206.76225,206.76225,206.76225,206.76225,206.76225,206.76225,206.76225,206.76225,206.76225,206.76225
GLOMIS,CircEular-A,FSU,Material Release|Infrastructure|Roads|Concrete,Mt/yr,mean,0,0,0,0,0,0,0,0,0,0,0,0,0,0,0,0,0,0
GLOMIS,CircEular-A,FSU,Material Release|Infrastructure|Roads|Iron_steel,Mt/yr,mean,0,0,0,0,0,0,0,0,0,0,0,0,0,0,0,0,0,0
GLOMIS,CircEular-A,FSU,Material Release|Infrastructure|Tunnels|Aluminum,Mt/yr,mean,.00051946403,.00056066399,.00058263598,.00061029702,.00063400401,.00065164099,.00066676998,.00069509301,.00072729,.00072729,.00072729,.00072729,.00072729,.00072729,.00072729,.00072729,.00072729,.00072729
GLOMIS,CircEular-A,FSU,Material Release|Infrastructure|Tunnels|Asphalt,Mt/yr,mean,.069291078,.074786775,.077717587,.081407286,.084569611,.086922131,.088940181,.092718199,.097012937,.097012937,.097012937,.097012937,.097012937,.097012937,.097012937,.097012937,.097012937,.097012937
GLOMIS,CircEular-A,FSU,Material Release|Infrastructure|Tunnels|Concrete,Mt/yr,mean,1.7654217,1.905443,1.9801153,2.0741227,2.1546936,2.2146316,2.2660482,2.3623059,2.4717286,2.4717286,2.4717286,2.4717286,2.4717286,2.4717286,2.4717286,2.4717286,2.4717286,2.4717286
GLOMIS,CircEular-A,FSU,Material Release|Infrastructure|Tunnels|Iron_steel,Mt/yr,mean,.091709673,.098983459,.10286251,.10774598,.11193146,.11504511,.11771608,.12271645,.12840071,.12840071,.12840071,.12840071,.12840071,.12840071,.12840071,.12840071,.12840071,.12840071
GLOMIS,CircEular-A,LAM,Material Demand|Infrastructure|Bridges|Aluminum,Mt/yr,mean,.00064464501,.00066622498,.00037081199,.00049985101,.00048514799,.00044999999,.00044405201,.00061377598,.000604539,.000604539,.000604539,.000604539,.000604539,.000604539,.000604539,.000604539,.000604539,.000604539
GLOMIS,CircEular-A,LAM,Material Demand|Infrastructure|Bridges|Asphalt,Mt/yr,mean,2.3530693,2.570617,2.048161,2.4175477,2.4889371,2.5037413,2.5718293,3.0448511,3.1500168,3.1500168,3.1500168,3.1500168,3.1500168,3.1500168,3.1500168,3.1500168,3.1500168,3.1500168
GLOMIS,CircEular-A,LAM,Material Demand|Infrastructure|Bridges|Concrete,Mt/yr,mean,5.4361129,5.618083,3.1269507,4.2150989,4.0911164,3.7947192,3.7445683,5.1758027,5.097909,5.097909,5.097909,5.097909,5.097909,5.097909,5.097909,5.097909,5.097909,5.097909
GLOMIS,CircEular-A,LAM,Material Demand|Infrastructure|Bridges|Iron_steel,Mt/yr,mean,1.1210742,1.1586014,.64486223,.86926806,.84369946,.7825743,.77223182,1.0673912,1.0513275,1.0513275,1.0513275,1.0513275,1.0513275,1.0513275,1.0513275,1.0513275,1.0513275,1.0513275
GLOMIS,CircEular-A,LAM,Material Demand|Infrastructure|Buildings|Aluminum,Mt/yr,mean,0,0,0,0,0,0,0,0,0,0,0,0,0,0,0,0,0,0
GLOMIS,CircEular-A,LAM,Material Demand|Infrastructure|Buildings|Concrete,Mt/yr,mean,.98622316,1.0239598,.59093541,.7848891,.76665241,.71775037,.71170819,.96637744,.9569729,.9569729,.9569729,.9569729,.9569729,.9569729,.9569729,.9569729,.9569729,.9569729
GLOMIS,CircEular-A,LAM,Material Demand|Infrastructure|Buildings|Iron_steel,Mt/yr,mean,0,0,0,0,0,0,0,0,0,0,0,0,0,0,0,0,0,0
GLOMIS,CircEular-A,LAM,Material Demand|Infrastructure|Charging stations|Aluminum,Mt/yr,mean,2.8800000e-07,3.2299999e-07,2.9099999e-07,3.3100000e-07,3.4700000e-07,3.5700000e-07,3.7100000e-07,4.1999999e-07,4.4100000e-07,4.4100000e-07,4.4100000e-07,4.4100000e-07,4.4100000e-07,4.4100000e-07,4.4100000e-07,4.4100000e-07,4.4100000e-07,4.4100000e-07
GLOMIS,CircEular-A,LAM,Material Demand|Infrastructure|Charging stations|Concrete,Mt/yr,mean,.000044600001,.000049900002,.000045100001,.000051200001,.000053700001,.000055299999,.000057400001,.000065,.000068300003,.000068300003,.000068300003,.000068300003,.000068300003,.000068300003,.000068300003,.000068300003,.000068300003,.000068300003
GLOMIS,CircEular-A,LAM,Material Demand|Infrastructure|Charging stations|Iron_steel,Mt/yr,mean,7.4200002e-06,8.3200002e-06,7.5200001e-06,8.5299998e-06,8.9400000e-06,9.2099999e-06,9.5599999e-06,.0000108,.0000114,.0000114,.0000114,.0000114,.0000114,.0000114,.0000114,.0000114,.0000114,.0000114
GLOMIS,CircEular-A,LAM,Material Demand|Infrastructure|Fuel stations|Aluminum,Mt/yr,mean,.00064847799,.00070309301,.00053772703,.00064343499,.00065829902,.00065687398,.00067218399,.00080817798,.00083181798,.00083181798,.00083181798,.00083181798,.00083181798,.00083181798,.00083181798,.00083181798,.00083181798,.00083181798
GLOMIS,CircEular-A,LAM,Material Demand|Infrastructure|Fuel stations|Concrete,Mt/yr,mean,2.4217491,2.6257093,2.0081501,2.4029183,2.4584258,2.4531038,2.5102789,3.0181532,3.1064365,3.1064365,3.1064365,3.1064365,3.1064365,3.1064365,3.1064365,3.1064365,3.1064365,3.1064365
GLOMIS,CircEular-A,LAM,Material Demand|Infrastructure|Fuel stations|Iron_steel,Mt/yr,mean,.096749537,.1048978,.080226146,.095997237,.098214775,.098002158,.10028633,.12057604,.12410298,.12410298,.12410298,.12410298,.12410298,.12410298,.12410298,.12410298,.12410298,.12410298
GLOMIS,CircEular-A,LAM,Material Demand|Infrastructure|Parking|Aluminum,Mt/yr,mean,.001540189,.001610601,.00098032504,.001274817,.001256681,.001192147,.001190139,.001575739,.00157254,.00157254,.00157254,.00157254,.00157254,.00157254,.00157254,.00157254,.00157254,.00157254
GLOMIS,CircEular-A,LAM,Material Demand|Infrastructure|Parking|Asphalt,Mt/yr,mean,2.2683666,2.4667249,1.9175817,2.2819896,2.340574,2.3431327,2.4014206,2.8694055,2.9594188,2.9594188,2.9594188,2.9594188,2.9594188,2.9594188,2.9594188,2.9594188,2.9594188,2.9594188
GLOMIS,CircEular-A,LAM,Material Demand|Infrastructure|Parking|Concrete,Mt/yr,mean,3.5226748,3.6837213,2.2421708,2.9157238,2.8742437,2.726645,2.7220516,3.6039841,3.5966675,3.5966675,3.5966675,3.5966675,3.5966675,3.5966675,3.5966675,3.5966675,3.5966675,3.5966675
GLOMIS,CircEular-A,LAM,Material Demand|Infrastructure|Parking|Iron_steel,Mt/yr,mean,.033538774,.03507207,.021347318,.027760098,.027365174,.025959913,.02591618,.034312908,.034243245,.034243245,.034243245,.034243245,.034243245,.034243245,.034243245,.034243245,.034243245,.034243245
GLOMIS,CircEular-A,LAM,Material Demand|Infrastructure|Rail|Aluminum,Mt/yr,mean,.0087467153,.0092723155,.0061965459,.0077768941,.0077871932,.007550349,.0076202932,.0096773906,.0097850421,.0097850421,.0097850421,.0097850421,.0097850421,.0097850421,.0097850421,.0097850421,.0097850421,.0097850421
GLOMIS,CircEular-A,LAM,Material Demand|Infrastructure|Rail|Concrete,Mt/yr,mean,1.965824,2.0766413,1.3560779,1.7166151,1.7123414,1.6515718,1.6625609,2.1326118,2.1494894,2.1494894,2.1494894,2.1494894,2.1494894,2.1494894,2.1494894,2.1494894,2.1494894,2.1494894
GLOMIS,CircEular-A,LAM,Material Demand|Infrastructure|Rail|Iron_steel,Mt/yr,mean,1.4887296,1.611765,1.2227366,1.4671313,1.49914,1.4934498,1.5270797,1.8417629,1.8936863,1.8936863,1.8936863,1.8936863,1.8936863,1.8936863,1.8936863,1.8936863,1.8936863,1.8936863
GLOMIS,CircEular-A,LAM,Material Demand|Infrastructure|Roads|Aluminum,Mt/yr,mean,0,0,0,0,0,0,0,0,0,0,0,0,0,0,0,0,0,0
GLOMIS,CircEular-A,LAM,Material Demand|Infrastructure|Roads|Asphalt,Mt/yr,mean,485.32819,528.76807,415.2822,492.5166,505.9523,507.53113,520.64923,619.72107,639.98077,639.98077,639.98077,639.98077,639.98077,639.98077,639.98077,639.98077,639.98077,639.98077
GLOMIS,CircEular-A,LAM,Material Demand|Infrastructure|Roads|Concrete,Mt/yr,mean,0,0,0,0,0,0,0,0,0,0,0,0,0,0,0,0,0,0
GLOMIS,CircEular-A,LAM,Material Demand|Infrastructure|Roads|Iron_steel,Mt/yr,mean,0,0,0,0,0,0,0,0,0,0,0,0,0,0,0,0,0,0
GLOMIS,CircEular-A,LAM,Material Demand|Infrastructure|Tunnels|Aluminum,Mt/yr,mean,.00096298102,.00099521596,.00055392401,.00074668397,.000724721,.000672216,.000663332,.00091686798,.00090306997,.00090306997,.00090306997,.00090306997,.00090306997,.00090306997,.00090306997,.00090306997,.00090306997,.00090306997
GLOMIS,CircEular-A,LAM,Material Demand|Infrastructure|Tunnels|Asphalt,Mt/yr,mean,.31297836,.34233496,.27452955,.32335296,.33322763,.33563069,.34495932,.40743095,.4218401,.4218401,.4218401,.4218401,.4218401,.4218401,.4218401,.4218401,.4218401,.4218401
GLOMIS,CircEular-A,LAM,Material Demand|Infrastructure|Tunnels|Concrete,Mt/yr,mean,4.783216,4.9433308,2.7513926,3.7088506,3.5997586,3.3389599,3.2948325,4.5541701,4.4856319,4.4856319,4.4856319,4.4856319,4.4856319,4.4856319,4.4856319,4.4856319,4.4856319,4.4856319
GLOMIS,CircEular-A,LAM,Material Demand|Infrastructure|Tunnels|Iron_steel,Mt/yr,mean,.23135968,.23910429,.13308229,.17939362,.17411695,.16150236,.15936795,.22028095,.21696581,.21696581,.21696581,.21696581,.21696581,.21696581,.21696581,.21696581,.21696581,.21696581
GLOMIS,CircEular-A,LAM,Material Release|Infrastructure|Bridges|Aluminum,Mt/yr,mean,.000126748,.000148327,.00015968,.000172356,.000185087,.00019605301,.000206101,.00022117099,.000236703,.000236703,.000236703,.000236703,.000236703,.000236703,.000236703,.000236703,.000236703,.000236703
GLOMIS,CircEular-A,LAM,Material Release|Infrastructure|Bridges|Asphalt,Mt/yr,mean,1.2777975,1.4953451,1.6098049,1.737596,1.865944,1.9764907,2.0777884,2.2297132,2.386307,2.386307,2.386307,2.386307,2.386307,2.386307,2.386307,2.386307,2.386307,2.386307
GLOMIS,CircEular-A,LAM,Material Release|Infrastructure|Bridges|Concrete,Mt/yr,mean,1.068828,1.2507981,1.3465393,1.4534316,1.5607897,1.6532578,1.7379893,1.8650686,1.9960532,1.9960532,1.9960532,1.9960532,1.9960532,1.9960532,1.9960532,1.9960532,1.9960532,1.9960532
GLOMIS,CircEular-A,LAM,Material Release|Infrastructure|Bridges|Iron_steel,Mt/yr,mean,.22042139,.25794861,.277693,.29973713,.3218773,.3409467,.35842064,.38462785,.41164047,.41164047,.41164047,.41164047,.41164047,.41164047,.41164047,.41164047,.41164047,.41164047
GLOMIS,CircEular-A,LAM,Material Release|Infrastructure|Buildings|Aluminum,Mt/yr,mean,0,0,0,0,0,0,0,0,0,0,0,0,0,0,0,0,0,0
GLOMIS,CircEular-A,LAM,Material Release|Infrastructure|Buildings|Concrete,Mt/yr,mean,.22165115,.25938773,.27924228,.30140939,.32367307,.3428489,.36042032,.38677374,.41393703,.41393703,.41393703,.41393703,.41393703,.41393703,.41393703,.41393703,.41393703,.41393703
GLOMIS,CircEular-A,LAM,Material Release|Infrastructure|Buildings|Iron_steel,Mt/yr,mean,0,0,0,0,0,0,0,0,0,0,0,0,0,0,0,0,0,0
GLOMIS,CircEular-A,LAM,Material Release|Infrastructure|Charging stations|Aluminum,Mt/yr,mean,2.0400000e-07,2.3900000e-07,2.5700001e-07,2.7799999e-07,2.9800000e-07,3.1600001e-07,3.3200001e-07,3.5700000e-07,3.8200000e-07,3.8200000e-07,3.8200000e-07,3.8200000e-07,3.8200000e-07,3.8200000e-07,3.8200000e-07,3.8200000e-07,3.8200000e-07,3.8200000e-07
GLOMIS,CircEular-A,LAM,Material Release|Infrastructure|Charging stations|Concrete,Mt/yr,mean,.000031600001,.000037000002,.000039899998,.000043,.000046199999,.000048900001,.000051399998,.000055199998,.000059099999,.000059099999,.000059099999,.000059099999,.000059099999,.000059099999,.000059099999,.000059099999,.000059099999,.000059099999
GLOMIS,CircEular-A,LAM,Material Release|Infrastructure|Charging stations|Iron_steel,Mt/yr,mean,5.2700002e-06,6.1699998e-06,6.6399998e-06,7.1700001e-06,7.7000004e-06,8.1500002e-06,8.5700003e-06,9.2000000e-06,9.8399996e-06,9.8399996e-06,9.8399996e-06,9.8399996e-06,9.8399996e-06,9.8399996e-06,9.8399996e-06,9.8399996e-06,9.8399996e-06,9.8399996e-06
GLOMIS,CircEular-A,LAM,Material Release|Infrastructure|Fuel stations|Aluminum,Mt/yr,mean,.00032078801,.000375403,.000404138,.00043622,.00046844099,.000496194,.000521624,.00055976497,.00059907697,.00059907697,.00059907697,.00059907697,.00059907697,.00059907697,.00059907697,.00059907697,.00059907697,.00059907697
GLOMIS,CircEular-A,LAM,Material Release|Infrastructure|Fuel stations|Concrete,Mt/yr,mean,1.1979887,1.4019488,1.5092596,1.6290692,1.7494007,1.853043,1.9480138,2.0904498,2.237263,2.237263,2.237263,2.237263,2.237263,2.237263,2.237263,2.237263,2.237263,2.237263
GLOMIS,CircEular-A,LAM,Material Release|Infrastructure|Fuel stations|Iron_steel,Mt/yr,mean,.047859974,.056008238,.060295328,.065081753,.069889031,.074029572,.077823676,.083514035,.089379258,.089379258,.089379258,.089379258,.089379258,.089379258,.089379258,.089379258,.089379258,.089379258
GLOMIS,CircEular-A,LAM,Material Release|Infrastructure|Parking|Aluminum,Mt/yr,mean,.000413581,.00048399399,.00052104099,.00056240201,.000603944,.00063972501,.000672511,.00072168402,.00077236898,.00077236898,.00077236898,.00077236898,.00077236898,.00077236898,.00077236898,.00077236898,.00077236898,.00077236898
GLOMIS,CircEular-A,LAM,Material Release|Infrastructure|Parking|Asphalt,Mt/yr,mean,1.1650852,1.3634434,1.4678067,1.5843257,1.7013524,1.802148,1.8945103,2.0330343,2.1758151,2.1758151,2.1758151,2.1758151,2.1758151,2.1758151,2.1758151,2.1758151,2.1758151,2.1758151
GLOMIS,CircEular-A,LAM,Material Release|Infrastructure|Parking|Concrete,Mt/yr,mean,.94592994,1.1069765,1.1917089,1.2863103,1.3813241,1.4631598,1.5381484,1.6506157,1.7665392,1.7665392,1.7665392,1.7665392,1.7665392,1.7665392,1.7665392,1.7665392,1.7665392,1.7665392
GLOMIS,CircEular-A,LAM,Material Release|Infrastructure|Parking|Iron_steel,Mt/yr,mean,.0090060337,.01053933,.011346053,.012246737,.013151345,.013930489,.014644444,.015715225,.016818913,.016818913,.016818913,.016818913,.016818913,.016818913,.016818913,.016818913,.016818913,.016818913
GLOMIS,CircEular-A,LAM,Material Release|Infrastructure|Rail|Aluminum,Mt/yr,mean,.0030871879,.0036127879,.003889326,.004198072,.0045081638,.0047752471,.0050199851,.0053870389,.0057653729,.0057653729,.0057653729,.0057653729,.0057653729,.0057653729,.0057653729,.0057653729,.0057653729,.0057653729
GLOMIS,CircEular-A,LAM,Material Release|Infrastructure|Rail|Concrete,Mt/yr,mean,.65090084,.76171809,.820023,.8851189,.95049846,1.0068102,1.0584104,1.1357999,1.2155677,1.2155677,1.2155677,1.2155677,1.2155677,1.2155677,1.2155677,1.2155677,1.2155677,1.2155677
GLOMIS,CircEular-A,LAM,Material Release|Infrastructure|Rail|Iron_steel,Mt/yr,mean,.72266674,.84570229,.91043574,.98270881,1.0552969,1.1178174,1.1751069,1.261029,1.3495916,1.3495916,1.3495916,1.3495916,1.3495916,1.3495916,1.3495916,1.3495916,1.3495916,1.3495916
GLOMIS,CircEular-A,LAM,Material Release|Infrastructure|Roads|Aluminum,Mt/yr,mean,0,0,0,0,0,0,0,0,0,0,0,0,0,0,0,0,0,0
GLOMIS,CircEular-A,LAM,Material Release|Infrastructure|Roads|Asphalt,Mt/yr,mean,255.15041,298.5903,321.44559,346.96289,372.5914,394.66537,414.89246,445.22879,476.49744,476.49744,476.49744,476.49744,476.49744,476.49744,476.49744,476.49744,476.49744,476.49744
GLOMIS,CircEular-A,LAM,Material Release|Infrastructure|Roads|Concrete,Mt/yr,mean,0,0,0,0,0,0,0,0,0,0,0,0,0,0,0,0,0,0
GLOMIS,CircEular-A,LAM,Material Release|Infrastructure|Roads|Iron_steel,Mt/yr,mean,0,0,0,0,0,0,0,0,0,0,0,0,0,0,0,0,0,0
GLOMIS,CircEular-A,LAM,Material Release|Infrastructure|Tunnels|Aluminum,Mt/yr,mean,.000189338,.00022157301,.000238533,.000257468,.00027648601,.00029286699,.00030787601,.00033038799,.00035359099,.00035359099,.00035359099,.00035359099,.00035359099,.00035359099,.00035359099,.00035359099,.00035359099,.00035359099
GLOMIS,CircEular-A,LAM,Material Release|Infrastructure|Tunnels|Asphalt,Mt/yr,mean,.1724301,.20178668,.21723223,.23447679,.25179648,.26671401,.28038344,.30088466,.32201594,.32201594,.32201594,.32201594,.32201594,.32201594,.32201594,.32201594,.32201594,.32201594
GLOMIS,CircEular-A,LAM,Material Release|Infrastructure|Tunnels|Concrete,Mt/yr,mean,.94045794,1.1005728,1.184815,1.2788693,1.3733333,1.4546956,1.5292505,1.6410671,1.7563201,1.7563201,1.7563201,1.7563201,1.7563201,1.7563201,1.7563201,1.7563201,1.7563201,1.7563201
GLOMIS,CircEular-A,LAM,Material Release|Infrastructure|Tunnels|Iron_steel,Mt/yr,mean,.045489069,.053233676,.057308394,.061857708,.066426843,.070362262,.073968418,.079376884,.084951557,.084951557,.084951557,.084951557,.084951557,.084951557,.084951557,.084951557,.084951557,.084951557
GLOMIS,CircEular-A,MEA,Material Demand|Infrastructure|Bridges|Aluminum,Mt/yr,mean,.00059297303,.00061301101,.00050628098,.000589123,.00054796302,.00049306097,.00048404001,.000697968,.001338815,.001338815,.001338815,.001338815,.001338815,.001338815,.001338815,.001338815,.001338815,.001338815
GLOMIS,CircEular-A,MEA,Material Demand|Infrastructure|Bridges|Asphalt,Mt/yr,mean,1.7436576,1.9104997,1.8365233,2.0898237,2.1251569,2.1191437,2.182097,2.6630168,4.0073805,4.0073805,4.0073805,4.0073805,4.0073805,4.0073805,4.0073805,4.0073805,4.0073805,4.0073805
GLOMIS,CircEular-A,MEA,Material Demand|Infrastructure|Bridges|Concrete,Mt/yr,mean,3.9477878,4.0811915,3.3706253,3.9221587,3.6481249,3.2826138,3.2225513,4.6468019,8.9133177,8.9133177,8.9133177,8.9133177,8.9133177,8.9133177,8.9133177,8.9133177,8.9133177,8.9133177
GLOMIS,CircEular-A,MEA,Material Demand|Infrastructure|Bridges|Iron_steel,Mt/yr,mean,.76891786,.79490113,.65650284,.76392603,.71055198,.63936067,.62766224,.90506619,1.7360632,1.7360632,1.7360632,1.7360632,1.7360632,1.7360632,1.7360632,1.7360632,1.7360632,1.7360632
GLOMIS,CircEular-A,MEA,Material Demand|Infrastructure|Buildings|Aluminum,Mt/yr,mean,0,0,0,0,0,0,0,0,0,0,0,0,0,0,0,0,0,0
GLOMIS,CircEular-A,MEA,Material Demand|Infrastructure|Buildings|Concrete,Mt/yr,mean,.69472861,.72055244,.60072523,.69799459,.65317178,.59223026,.58360696,.8310231,1.5700933,1.5700933,1.5700933,1.5700933,1.5700933,1.5700933,1.5700933,1.5700933,1.5700933,1.5700933
GLOMIS,CircEular-A,MEA,Material Demand|Infrastructure|Buildings|Iron_steel,Mt/yr,mean,0,0,0,0,0,0,0,0,0,0,0,0,0,0,0,0,0,0
GLOMIS,CircEular-A,MEA,Material Demand|Infrastructure|Charging stations|Aluminum,Mt/yr,mean,1.4500000e-07,1.6300000e-07,1.6600001e-07,1.8700000e-07,1.9700001e-07,2.0200000e-07,2.1100000e-07,2.4500000e-07,3.3500001e-07,3.3500001e-07,3.3500001e-07,3.3500001e-07,3.3500001e-07,3.3500001e-07,3.3500001e-07,3.3500001e-07,3.3500001e-07,3.3500001e-07
GLOMIS,CircEular-A,MEA,Material Demand|Infrastructure|Charging stations|Concrete,Mt/yr,mean,.0000224,.000025200001,.000025699999,.000029000001,.0000304,.000031299998,.000032700002,.000037900001,.000051899999,.000051899999,.000051899999,.000051899999,.000051899999,.000051899999,.000051899999,.000051899999,.000051899999,.000051899999
GLOMIS,CircEular-A,MEA,Material Demand|Infrastructure|Charging stations|Iron_steel,Mt/yr,mean,3.7299999e-06,4.2000001e-06,4.2800002e-06,4.8400002e-06,5.0700000e-06,5.2199998e-06,5.4400002e-06,6.3200000e-06,8.6500004e-06,8.6500004e-06,8.6500004e-06,8.6500004e-06,8.6500004e-06,8.6500004e-06,8.6500004e-06,8.6500004e-06,8.6500004e-06,8.6500004e-06
GLOMIS,CircEular-A,MEA,Material Demand|Infrastructure|Fuel stations|Aluminum,Mt/yr,mean,.00031030201,.00033706901,.00031740399,.000362219,.00036427,.00035898801,.00036776601,.00045736501,.00071124401,.00071124401,.00071124401,.00071124401,.00071124401,.00071124401,.00071124401,.00071124401,.00071124401,.00071124401
GLOMIS,CircEular-A,MEA,Material Demand|Infrastructure|Fuel stations|Concrete,Mt/yr,mean,1.1588278,1.2587891,1.1853508,1.3527117,1.3603698,1.3406448,1.373428,1.708037,2.6561494,2.6561494,2.6561494,2.6561494,2.6561494,2.6561494,2.6561494,2.6561494,2.6561494,2.6561494
GLOMIS,CircEular-A,MEA,Material Demand|Infrastructure|Fuel stations|Iron_steel,Mt/yr,mean,.046295483,.05028896,.047355086,.054041196,.054347143,.053559121,.054868821,.068236537,.10611389,.10611389,.10611389,.10611389,.10611389,.10611389,.10611389,.10611389,.10611389,.10611389
GLOMIS,CircEular-A,MEA,Material Demand|Infrastructure|Parking|Aluminum,Mt/yr,mean,.00071629102,.00074946298,.00064046902,.00074134598,.00070461899,.00065121503,.00064775301,.000893861,.001623104,.001623104,.001623104,.001623104,.001623104,.001623104,.001623104,.001623104,.001623104,.001623104
GLOMIS,CircEular-A,MEA,Material Demand|Infrastructure|Parking|Asphalt,Mt/yr,mean,1.8502328,2.0161011,1.9127734,2.1805518,2.201858,2.1793883,2.2369266,2.7625761,4.2450151,4.2450151,4.2450151,4.2450151,4.2450151,4.2450151,4.2450151,4.2450151,4.2450151,4.2450151
GLOMIS,CircEular-A,MEA,Material Demand|Infrastructure|Parking|Concrete,Mt/yr,mean,2.1367359,2.2356918,1.910557,2.2114782,2.1019185,1.9426131,1.9322853,2.6664376,4.8418112,4.8418112,4.8418112,4.8418112,4.8418112,4.8418112,4.8418112,4.8418112,4.8418112,4.8418112
GLOMIS,CircEular-A,MEA,Material Demand|Infrastructure|Parking|Iron_steel,Mt/yr,mean,.024509393,.025644466,.021915011,.025366724,.024110021,.02228271,.022164244,.030585328,.055537917,.055537917,.055537917,.055537917,.055537917,.055537917,.055537917,.055537917,.055537917,.055537917
GLOMIS,CircEular-A,MEA,Material Demand|Infrastructure|Rail|Aluminum,Mt/yr,mean,.003665278,.0038876471,.003446884,.003967803,.003856115,.0036586351,.0036845519,.0048716539,.0083398661,.0083398661,.0083398661,.0083398661,.0083398661,.0083398661,.0083398661,.0083398661,.0083398661,.0083398661
GLOMIS,CircEular-A,MEA,Material Demand|Infrastructure|Rail|Concrete,Mt/yr,mean,1.4201859,1.5047618,1.3304557,1.5321536,1.4865808,1.4077802,1.4165075,1.8786503,3.230413,3.230413,3.230413,3.230413,3.230413,3.230413,3.230413,3.230413,3.230413,3.230413
GLOMIS,CircEular-A,MEA,Material Demand|Infrastructure|Rail|Iron_steel,Mt/yr,mean,.63985515,.69387114,.6507026,.74300623,.74552733,.73293895,.75006342,.93643779,1.4658419,1.4658419,1.4658419,1.4658419,1.4658419,1.4658419,1.4658419,1.4658419,1.4658419,1.4658419
GLOMIS,CircEular-A,MEA,Material Demand|Infrastructure|Roads|Aluminum,Mt/yr,mean,0,0,0,0,0,0,0,0,0,0,0,0,0,0,0,0,0,0
GLOMIS,CircEular-A,MEA,Material Demand|Infrastructure|Roads|Asphalt,Mt/yr,mean,257.12387,280.97729,268.40277,305.68768,309.81204,307.84592,316.50775,388.45413,590.44788,590.44788,590.44788,590.44788,590.44788,590.44788,590.44788,590.44788,590.44788,590.44788
GLOMIS,CircEular-A,MEA,Material Demand|Infrastructure|Roads|Concrete,Mt/yr,mean,0,0,0,0,0,0,0,0,0,0,0,0,0,0,0,0,0,0
GLOMIS,CircEular-A,MEA,Material Demand|Infrastructure|Roads|Iron_steel,Mt/yr,mean,0,0,0,0,0,0,0,0,0,0,0,0,0,0,0,0,0,0
GLOMIS,CircEular-A,MEA,Material Demand|Infrastructure|Tunnels|Aluminum,Mt/yr,mean,.00075407402,.000779555,.000643829,.000749178,.00069683499,.00062701799,.00061554502,.00088759401,.001702548,.001702548,.001702548,.001702548,.001702548,.001702548,.001702548,.001702548,.001702548,.001702548
GLOMIS,CircEular-A,MEA,Material Demand|Infrastructure|Tunnels|Asphalt,Mt/yr,mean,.34455732,.37768111,.36340708,.41347468,.42068103,.41971576,.43228412,.52710426,.7919839,.7919839,.7919839,.7919839,.7919839,.7919839,.7919839,.7919839,.7919839,.7919839
GLOMIS,CircEular-A,MEA,Material Demand|Infrastructure|Tunnels|Concrete,Mt/yr,mean,4.5060682,4.6583376,3.8472857,4.4768147,4.1640282,3.7468281,3.6782718,5.3039346,10.173804,10.173804,10.173804,10.173804,10.173804,10.173804,10.173804,10.173804,10.173804,10.173804
GLOMIS,CircEular-A,MEA,Material Demand|Infrastructure|Tunnels|Iron_steel,Mt/yr,mean,.21070215,.21782219,.17989771,.20933427,.19470848,.17520034,.17199467,.2480101,.47572345,.47572345,.47572345,.47572345,.47572345,.47572345,.47572345,.47572345,.47572345,.47572345
GLOMIS,CircEular-A,MEA,Material Release|Infrastructure|Bridges|Aluminum,Mt/yr,mean,.000112067,.000132104,.000148053,.00016517,.000180937,.000193965,.00020573501,.00022385801,.000263647,.000263647,.000263647,.000263647,.000263647,.000263647,.000263647,.000263647,.000263647,.000263647
GLOMIS,CircEular-A,MEA,Material Release|Infrastructure|Bridges|Asphalt,Mt/yr,mean,.93310863,1.0999507,1.2327439,1.3752667,1.5065497,1.6150292,1.7130249,1.8639227,2.1952279,2.1952279,2.1952279,2.1952279,2.1952279,2.1952279,2.1952279,2.1952279,2.1952279,2.1952279
GLOMIS,CircEular-A,MEA,Material Release|Infrastructure|Bridges|Concrete,Mt/yr,mean,.74609637,.87950021,.98567915,1.0996377,1.2046093,1.2913474,1.3697029,1.4903581,1.7552637,1.7552637,1.7552637,1.7552637,1.7552637,1.7552637,1.7552637,1.7552637,1.7552637,1.7552637
GLOMIS,CircEular-A,MEA,Material Release|Infrastructure|Bridges|Iron_steel,Mt/yr,mean,.14531857,.17130187,.19198254,.21417846,.23462395,.2515181,.26677957,.29027981,.34187591,.34187591,.34187591,.34187591,.34187591,.34187591,.34187591,.34187591,.34187591,.34187591
GLOMIS,CircEular-A,MEA,Material Release|Infrastructure|Buildings|Aluminum,Mt/yr,mean,0,0,0,0,0,0,0,0,0,0,0,0,0,0,0,0,0,0
GLOMIS,CircEular-A,MEA,Material Release|Infrastructure|Buildings|Concrete,Mt/yr,mean,.14442666,.17025048,.19080423,.21286391,.23318392,.24997438,.26514214,.28849816,.33977762,.33977762,.33977762,.33977762,.33977762,.33977762,.33977762,.33977762,.33977762,.33977762
GLOMIS,CircEular-A,MEA,Material Release|Infrastructure|Buildings|Iron_steel,Mt/yr,mean,0,0,0,0,0,0,0,0,0,0,0,0,0,0,0,0,0,0
GLOMIS,CircEular-A,MEA,Material Release|Infrastructure|Charging stations|Aluminum,Mt/yr,mean,1.0100000e-07,1.1900000e-07,1.3400000e-07,1.4900000e-07,1.6300000e-07,1.7500000e-07,1.8599999e-07,2.0200000e-07,2.3800000e-07,2.3800000e-07,2.3800000e-07,2.3800000e-07,2.3800000e-07,2.3800000e-07,2.3800000e-07,2.3800000e-07,2.3800000e-07,2.3800000e-07
GLOMIS,CircEular-A,MEA,Material Release|Infrastructure|Charging stations|Concrete,Mt/yr,mean,.000015699999,.000018500001,.000020699999,.000023099999,.0000253,.000027100001,.000028799999,.000031299998,.000036900001,.000036900001,.000036900001,.000036900001,.000036900001,.000036900001,.000036900001,.000036900001,.000036900001,.000036900001
GLOMIS,CircEular-A,MEA,Material Release|Infrastructure|Charging stations|Iron_steel,Mt/yr,mean,2.6099999e-06,3.0799999e-06,3.4499999e-06,3.8500002e-06,4.2199999e-06,4.5199999e-06,4.7899998e-06,5.2199998e-06,6.1400001e-06,6.1400001e-06,6.1400001e-06,6.1400001e-06,6.1400001e-06,6.1400001e-06,6.1400001e-06,6.1400001e-06,6.1400001e-06,6.1400001e-06
GLOMIS,CircEular-A,MEA,Material Release|Infrastructure|Fuel stations|Aluminum,Mt/yr,mean,.00014970099,.00017646801,.00019777199,.000220637,.000241699,.00025910299,.000274825,.000299034,.00035218601,.00035218601,.00035218601,.00035218601,.00035218601,.00035218601,.00035218601,.00035218601,.00035218601,.00035218601
GLOMIS,CircEular-A,MEA,Material Release|Infrastructure|Fuel stations|Concrete,Mt/yr,mean,.5590601,.65902138,.73858273,.82397342,.90263003,.96762413,1.0263369,1.1167455,1.3152428,1.3152428,1.3152428,1.3152428,1.3152428,1.3152428,1.3152428,1.3152428,1.3152428,1.3152428
GLOMIS,CircEular-A,MEA,Material Release|Infrastructure|Fuel stations|Iron_steel,Mt/yr,mean,.022334604,.026328083,.029506581,.032917961,.036060315,.038656846,.041002437,.044614285,.052544303,.052544303,.052544303,.052544303,.052544303,.052544303,.052544303,.052544303,.052544303,.052544303
GLOMIS,CircEular-A,MEA,Material Release|Infrastructure|Parking|Aluminum,Mt/yr,mean,.00018552699,.00021870001,.000245103,.00027344,.000299543,.000321111,.00034059599,.00037059799,.00043647099,.00043647099,.00043647099,.00043647099,.00043647099,.00043647099,.00043647099,.00043647099,.00043647099,.00043647099
GLOMIS,CircEular-A,MEA,Material Release|Infrastructure|Parking|Asphalt,Mt/yr,mean,.92766249,1.0935308,1.2255489,1.3672398,1.4977567,1.605603,1.7030267,1.8530439,2.1824155,2.1824155,2.1824155,2.1824155,2.1824155,2.1824155,2.1824155,2.1824155,2.1824155,2.1824155
GLOMIS,CircEular-A,MEA,Material Release|Infrastructure|Parking|Concrete,Mt/yr,mean,.55343837,.65239447,.73115575,.81568778,.89355344,.95789391,1.0160164,1.1055158,1.3020171,1.3020171,1.3020171,1.3020171,1.3020171,1.3020171,1.3020171,1.3020171,1.3020171,1.3020171
GLOMIS,CircEular-A,MEA,Material Release|Infrastructure|Parking|Iron_steel,Mt/yr,mean,.0063482062,.0074832798,.0083867088,.0093563329,.010249489,.010987506,.011654199,.012680801,.014934765,.014934765,.014934765,.014934765,.014934765,.014934765,.014934765,.014934765,.014934765,.014934765
GLOMIS,CircEular-A,MEA,Material Release|Infrastructure|Rail|Aluminum,Mt/yr,mean,.001243657,.001466025,.001643013,.001832969,.002007945,.002152527,.0022831371,.002484255,.002925822,.002925822,.002925822,.002925822,.002925822,.002925822,.002925822,.002925822,.002925822,.002925822
GLOMIS,CircEular-A,MEA,Material Release|Infrastructure|Rail|Concrete,Mt/yr,mean,.47301325,.55758917,.62490493,.69715285,.76370311,.81869376,.86836988,.94486338,1.1128093,1.1128093,1.1128093,1.1128093,1.1128093,1.1128093,1.1128093,1.1128093,1.1128093,1.1128093
GLOMIS,CircEular-A,MEA,Material Release|Infrastructure|Rail|Iron_steel,Mt/yr,mean,.30209875,.35611472,.39910719,.44524968,.48775324,.52287406,.55460066,.60345465,.71071637,.71071637,.71071637,.71071637,.71071637,.71071637,.71071637,.71071637,.71071637,.71071637
GLOMIS,CircEular-A,MEA,Material Release|Infrastructure|Roads|Aluminum,Mt/yr,mean,0,0,0,0,0,0,0,0,0,0,0,0,0,0,0,0,0,0
GLOMIS,CircEular-A,MEA,Material Release|Infrastructure|Roads|Asphalt,Mt/yr,mean,133.40672,157.26016,176.24562,196.62213,215.39171,230.90103,244.91148,266.48538,313.85217,313.85217,313.85217,313.85217,313.85217,313.85217,313.85217,313.85217,313.85217,313.85217
GLOMIS,CircEular-A,MEA,Material Release|Infrastructure|Roads|Concrete,Mt/yr,mean,0,0,0,0,0,0,0,0,0,0,0,0,0,0,0,0,0,0
GLOMIS,CircEular-A,MEA,Material Release|Infrastructure|Roads|Iron_steel,Mt/yr,mean,0,0,0,0,0,0,0,0,0,0,0,0,0,0,0,0,0,0
GLOMIS,CircEular-A,MEA,Material Release|Infrastructure|Tunnels|Aluminum,Mt/yr,mean,.000142513,.00016799499,.000188276,.000210044,.000230095,.000246663,.000261629,.000284676,.00033527601,.00033527601,.00033527601,.00033527601,.00033527601,.00033527601,.00033527601,.00033527601,.00033527601,.00033527601
GLOMIS,CircEular-A,MEA,Material Release|Infrastructure|Tunnels|Asphalt,Mt/yr,mean,.18525381,.21837763,.2447416,.27303723,.29910138,.32063824,.3400937,.3700521,.43582746,.43582746,.43582746,.43582746,.43582746,.43582746,.43582746,.43582746,.43582746,.43582746
GLOMIS,CircEular-A,MEA,Material Release|Infrastructure|Tunnels|Concrete,Mt/yr,mean,.85160643,1.0038756,1.1250701,1.2551442,1.3749604,1.4739647,1.563401,1.7011187,2.0034862,2.0034862,2.0034862,2.0034862,2.0034862,2.0034862,2.0034862,2.0034862,2.0034862,2.0034862
GLOMIS,CircEular-A,MEA,Material Release|Infrastructure|Tunnels|Iron_steel,Mt/yr,mean,.039820813,.046940867,.052607875,.058690093,.064292654,.068922065,.073104069,.079543702,.093682297,.093682297,.093682297,.093682297,.093682297,.093682297,.093682297,.093682297,.093682297,.093682297
GLOMIS,CircEular-A,NAM,Material Demand|Infrastructure|Bridges|Aluminum,Mt/yr,mean,.00078657101,.00080545101,.000356106,.000356106,.000356106,.000356106,.000356106,.000356106,.000356106,.000356106,.000356106,.000356106,.000356106,.000356106,.000356106,.000356106,.000356106,.000356106
GLOMIS,CircEular-A,NAM,Material Demand|Infrastructure|Bridges|Asphalt,Mt/yr,mean,7.896008,8.2517214,6.7092662,6.7092662,6.7092662,6.7092662,6.7092662,6.7092662,6.7092662,6.7092662,6.7092662,6.7092662,6.7092662,6.7092662,6.7092662,6.7092662,6.7092662,6.7092662
GLOMIS,CircEular-A,NAM,Material Demand|Infrastructure|Bridges|Concrete,Mt/yr,mean,10.362047,10.610767,4.6912284,4.6912284,4.6912284,4.6912284,4.6912284,4.6912284,4.6912284,4.6912284,4.6912284,4.6912284,4.6912284,4.6912284,4.6912284,4.6912284,4.6912284,4.6912284
GLOMIS,CircEular-A,NAM,Material Demand|Infrastructure|Bridges|Iron_steel,Mt/yr,mean,2.2325275,2.2861147,1.0107361,1.0107361,1.0107361,1.0107361,1.0107361,1.0107361,1.0107361,1.0107361,1.0107361,1.0107361,1.0107361,1.0107361,1.0107361,1.0107361,1.0107361,1.0107361
GLOMIS,CircEular-A,NAM,Material Demand|Infrastructure|Buildings|Aluminum,Mt/yr,mean,0,0,0,0,0,0,0,0,0,0,0,0,0,0,0,0,0,0
GLOMIS,CircEular-A,NAM,Material Demand|Infrastructure|Buildings|Concrete,Mt/yr,mean,.91700548,.94088781,.45045608,.45045608,.45045608,.45045608,.45045608,.45045608,.45045608,.45045608,.45045608,.45045608,.45045608,.45045608,.45045608,.45045608,.45045608,.45045608
GLOMIS,CircEular-A,NAM,Material Demand|Infrastructure|Buildings|Iron_steel,Mt/yr,mean,0,0,0,0,0,0,0,0,0,0,0,0,0,0,0,0,0,0
GLOMIS,CircEular-A,NAM,Material Demand|Infrastructure|Charging stations|Aluminum,Mt/yr,mean,3.5600001e-06,3.7400000e-06,3.3500000e-06,3.3500000e-06,3.3500000e-06,3.3500000e-06,3.3500000e-06,3.3500000e-06,3.3500000e-06,3.3500000e-06,3.3500000e-06,3.3500000e-06,3.3500000e-06,3.3500000e-06,3.3500000e-06,3.3500000e-06,3.3500000e-06,3.3500000e-06
GLOMIS,CircEular-A,NAM,Material Demand|Infrastructure|Charging stations|Concrete,Mt/yr,mean,.000551423,.00057891,.00051843899,.00051843899,.00051843899,.00051843899,.00051843899,.00051843899,.00051843899,.00051843899,.00051843899,.00051843899,.00051843899,.00051843899,.00051843899,.00051843899,.00051843899,.00051843899
GLOMIS,CircEular-A,NAM,Material Demand|Infrastructure|Charging stations|Iron_steel,Mt/yr,mean,.000091900001,.0000965,.000086400003,.000086400003,.000086400003,.000086400003,.000086400003,.000086400003,.000086400003,.000086400003,.000086400003,.000086400003,.000086400003,.000086400003,.000086400003,.000086400003,.000086400003,.000086400003
GLOMIS,CircEular-A,NAM,Material Demand|Infrastructure|Fuel stations|Aluminum,Mt/yr,mean,.00052098098,.00054299901,.00041529399,.00041529399,.00041529399,.00041529399,.00041529399,.00041529399,.00041529399,.00041529399,.00041529399,.00041529399,.00041529399,.00041529399,.00041529399,.00041529399,.00041529399,.00041529399
GLOMIS,CircEular-A,NAM,Material Demand|Infrastructure|Fuel stations|Concrete,Mt/yr,mean,1.9456109,2.0278378,1.5509214,1.5509214,1.5509214,1.5509214,1.5509214,1.5509214,1.5509214,1.5509214,1.5509214,1.5509214,1.5509214,1.5509214,1.5509214,1.5509214,1.5509214,1.5509214
GLOMIS,CircEular-A,NAM,Material Demand|Infrastructure|Fuel stations|Iron_steel,Mt/yr,mean,.077727683,.081012666,.061959732,.061959732,.061959732,.061959732,.061959732,.061959732,.061959732,.061959732,.061959732,.061959732,.061959732,.061959732,.061959732,.061959732,.061959732,.061959732
GLOMIS,CircEular-A,NAM,Material Demand|Infrastructure|Parking|Aluminum,Mt/yr,mean,.001871062,.001926647,.001048409,.001048409,.001048409,.001048409,.001048409,.001048409,.001048409,.001048409,.001048409,.001048409,.001048409,.001048409,.001048409,.001048409,.001048409,.001048409
GLOMIS,CircEular-A,NAM,Material Demand|Infrastructure|Parking|Asphalt,Mt/yr,mean,21.526114,22.453024,17.482874,17.482874,17.482874,17.482874,17.482874,17.482874,17.482874,17.482874,17.482874,17.482874,17.482874,17.482874,17.482874,17.482874,17.482874,17.482874
GLOMIS,CircEular-A,NAM,Material Demand|Infrastructure|Parking|Concrete,Mt/yr,mean,19.603676,20.186054,10.984492,10.984492,10.984492,10.984492,10.984492,10.984492,10.984492,10.984492,10.984492,10.984492,10.984492,10.984492,10.984492,10.984492,10.984492,10.984492
GLOMIS,CircEular-A,NAM,Material Demand|Infrastructure|Parking|Iron_steel,Mt/yr,mean,.31471705,.32406652,.17634483,.17634483,.17634483,.17634483,.17634483,.17634483,.17634483,.17634483,.17634483,.17634483,.17634483,.17634483,.17634483,.17634483,.17634483,.17634483
GLOMIS,CircEular-A,NAM,Material Demand|Infrastructure|Rail|Aluminum,Mt/yr,mean,.0041770521,.004318702,.002671726,.002671726,.002671726,.002671726,.002671726,.002671726,.002671726,.002671726,.002671726,.002671726,.002671726,.002671726,.002671726,.002671726,.002671726,.002671726
GLOMIS,CircEular-A,NAM,Material Demand|Infrastructure|Rail|Concrete,Mt/yr,mean,1.9826108,2.0494912,1.2614613,1.2614613,1.2614613,1.2614613,1.2614613,1.2614613,1.2614613,1.2614613,1.2614613,1.2614613,1.2614613,1.2614613,1.2614613,1.2614613,1.2614613,1.2614613
GLOMIS,CircEular-A,NAM,Material Demand|Infrastructure|Rail|Iron_steel,Mt/yr,mean,4.9085617,5.1152568,3.8985658,3.8985658,3.8985658,3.8985658,3.8985658,3.8985658,3.8985658,3.8985658,3.8985658,3.8985658,3.8985658,3.8985658,3.8985658,3.8985658,3.8985658,3.8985658
GLOMIS,CircEular-A,NAM,Material Demand|Infrastructure|Roads|Aluminum,Mt/yr,mean,0,0,0,0,0,0,0,0,0,0,0,0,0,0,0,0,0,0
GLOMIS,CircEular-A,NAM,Material Demand|Infrastructure|Roads|Asphalt,Mt/yr,mean,570.81134,595.76044,470.57748,470.57748,470.57748,470.57748,470.57748,470.57748,470.57748,470.57748,470.57748,470.57748,470.57748,470.57748,470.57748,470.57748,470.57748,470.57748
GLOMIS,CircEular-A,NAM,Material Demand|Infrastructure|Roads|Concrete,Mt/yr,mean,77.040276,80.097427,57.66238,57.66238,57.66238,57.66238,57.66238,57.66238,57.66238,57.66238,57.66238,57.66238,57.66238,57.66238,57.66238,57.66238,57.66238,57.66238
GLOMIS,CircEular-A,NAM,Material Demand|Infrastructure|Roads|Iron_steel,Mt/yr,mean,0,0,0,0,0,0,0,0,0,0,0,0,0,0,0,0,0,0
GLOMIS,CircEular-A,NAM,Material Demand|Infrastructure|Runways|Aluminum,Mt/yr,mean,0,0,0,0,0,0,0,0,0,0,0,0,0,0,0,0,0,0
GLOMIS,CircEular-A,NAM,Material Demand|Infrastructure|Runways|Concrete,Mt/yr,mean,1.2277346,1.2572038,.55583447,.55583447,.55583447,.55583447,.55583447,.55583447,.55583447,.55583447,.55583447,.55583447,.55583447,.55583447,.55583447,.55583447,.55583447,.55583447
GLOMIS,CircEular-A,NAM,Material Demand|Infrastructure|Runways|Iron_steel,Mt/yr,mean,0,0,0,0,0,0,0,0,0,0,0,0,0,0,0,0,0,0
GLOMIS,CircEular-A,NAM,Material Demand|Infrastructure|Tunnels|Aluminum,Mt/yr,mean,.00075130002,.00076933397,.00034013699,.00034013699,.00034013699,.00034013699,.00034013699,.00034013699,.00034013699,.00034013699,.00034013699,.00034013699,.00034013699,.00034013699,.00034013699,.00034013699,.00034013699,.00034013699
GLOMIS,CircEular-A,NAM,Material Demand|Infrastructure|Tunnels|Asphalt,Mt/yr,mean,.21121401,.22068028,.17854781,.17854781,.17854781,.17854781,.17854781,.17854781,.17854781,.17854781,.17854781,.17854781,.17854781,.17854781,.17854781,.17854781,.17854781,.17854781
GLOMIS,CircEular-A,NAM,Material Demand|Infrastructure|Tunnels|Concrete,Mt/yr,mean,3.5554581,3.6407998,1.6096689,1.6096689,1.6096689,1.6096689,1.6096689,1.6096689,1.6096689,1.6096689,1.6096689,1.6096689,1.6096689,1.6096689,1.6096689,1.6096689,1.6096689,1.6096689
GLOMIS,CircEular-A,NAM,Material Demand|Infrastructure|Tunnels|Iron_steel,Mt/yr,mean,.16924587,.17330828,.076622985,.076622985,.076622985,.076622985,.076622985,.076622985,.076622985,.076622985,.076622985,.076622985,.076622985,.076622985,.076622985,.076622985,.076622985,.076622985
GLOMIS,CircEular-A,NAM,Material Release|Infrastructure|Bridges|Aluminum,Mt/yr,mean,.00033345001,.00035233001,.000356106,.000356106,.000356106,.000356106,.000356106,.000356106,.000356106,.000356106,.000356106,.000356106,.000356106,.000356106,.000356106,.000356106,.000356106,.000356106
GLOMIS,CircEular-A,NAM,Material Release|Infrastructure|Bridges|Asphalt,Mt/yr,mean,6.2824106,6.6381235,6.7092662,6.7092662,6.7092662,6.7092662,6.7092662,6.7092662,6.7092662,6.7092662,6.7092662,6.7092662,6.7092662,6.7092662,6.7092662,6.7092662,6.7092662,6.7092662
GLOMIS,CircEular-A,NAM,Material Release|Infrastructure|Bridges|Concrete,Mt/yr,mean,4.3927641,4.6414843,4.6912284,4.6912284,4.6912284,4.6912284,4.6912284,4.6912284,4.6912284,4.6912284,4.6912284,4.6912284,4.6912284,4.6912284,4.6912284,4.6912284,4.6912284,4.6912284
GLOMIS,CircEular-A,NAM,Material Release|Infrastructure|Bridges|Iron_steel,Mt/yr,mean,.94643134,1.0000187,1.0107361,1.0107361,1.0107361,1.0107361,1.0107361,1.0107361,1.0107361,1.0107361,1.0107361,1.0107361,1.0107361,1.0107361,1.0107361,1.0107361,1.0107361,1.0107361
GLOMIS,CircEular-A,NAM,Material Release|Infrastructure|Buildings|Aluminum,Mt/yr,mean,0,0,0,0,0,0,0,0,0,0,0,0,0,0,0,0,0,0
GLOMIS,CircEular-A,NAM,Material Release|Infrastructure|Buildings|Concrete,Mt/yr,mean,.42179728,.44567963,.45045608,.45045608,.45045608,.45045608,.45045608,.45045608,.45045608,.45045608,.45045608,.45045608,.45045608,.45045608,.45045608,.45045608,.45045608,.45045608
GLOMIS,CircEular-A,NAM,Material Release|Infrastructure|Buildings|Iron_steel,Mt/yr,mean,0,0,0,0,0,0,0,0,0,0,0,0,0,0,0,0,0,0
GLOMIS,CircEular-A,NAM,Material Release|Infrastructure|Charging stations|Aluminum,Mt/yr,mean,3.1400000e-06,3.3100000e-06,3.3500000e-06,3.3500000e-06,3.3500000e-06,3.3500000e-06,3.3500000e-06,3.3500000e-06,3.3500000e-06,3.3500000e-06,3.3500000e-06,3.3500000e-06,3.3500000e-06,3.3500000e-06,3.3500000e-06,3.3500000e-06,3.3500000e-06,3.3500000e-06
GLOMIS,CircEular-A,NAM,Material Release|Infrastructure|Charging stations|Concrete,Mt/yr,mean,.00048545501,.00051294197,.00051843899,.00051843899,.00051843899,.00051843899,.00051843899,.00051843899,.00051843899,.00051843899,.00051843899,.00051843899,.00051843899,.00051843899,.00051843899,.00051843899,.00051843899,.00051843899
GLOMIS,CircEular-A,NAM,Material Release|Infrastructure|Charging stations|Iron_steel,Mt/yr,mean,.000080899998,.000085500003,.000086400003,.000086400003,.000086400003,.000086400003,.000086400003,.000086400003,.000086400003,.000086400003,.000086400003,.000086400003,.000086400003,.000086400003,.000086400003,.000086400003,.000086400003,.000086400003
GLOMIS,CircEular-A,NAM,Material Release|Infrastructure|Fuel stations|Aluminum,Mt/yr,mean,.00038887199,.00041089,.00041529399,.00041529399,.00041529399,.00041529399,.00041529399,.00041529399,.00041529399,.00041529399,.00041529399,.00041529399,.00041529399,.00041529399,.00041529399,.00041529399,.00041529399,.00041529399
GLOMIS,CircEular-A,NAM,Material Release|Infrastructure|Fuel stations|Concrete,Mt/yr,mean,1.4522492,1.5344762,1.5509214,1.5509214,1.5509214,1.5509214,1.5509214,1.5509214,1.5509214,1.5509214,1.5509214,1.5509214,1.5509214,1.5509214,1.5509214,1.5509214,1.5509214,1.5509214
GLOMIS,CircEular-A,NAM,Material Release|Infrastructure|Fuel stations|Iron_steel,Mt/yr,mean,.058017746,.061302733,.061959732,.061959732,.061959732,.061959732,.061959732,.061959732,.061959732,.061959732,.061959732,.061959732,.061959732,.061959732,.061959732,.061959732,.061959732,.061959732
GLOMIS,CircEular-A,NAM,Material Release|Infrastructure|Parking|Aluminum,Mt/yr,mean,.00098170701,.0010372919,.001048409,.001048409,.001048409,.001048409,.001048409,.001048409,.001048409,.001048409,.001048409,.001048409,.001048409,.001048409,.001048409,.001048409,.001048409,.001048409
GLOMIS,CircEular-A,NAM,Material Release|Infrastructure|Parking|Asphalt,Mt/yr,mean,16.370583,17.297493,17.482874,17.482874,17.482874,17.482874,17.482874,17.482874,17.482874,17.482874,17.482874,17.482874,17.482874,17.482874,17.482874,17.482874,17.482874,17.482874
GLOMIS,CircEular-A,NAM,Material Release|Infrastructure|Parking|Concrete,Mt/yr,mean,10.28564,10.868017,10.984492,10.984492,10.984492,10.984492,10.984492,10.984492,10.984492,10.984492,10.984492,10.984492,10.984492,10.984492,10.984492,10.984492,10.984492,10.984492
GLOMIS,CircEular-A,NAM,Material Release|Infrastructure|Parking|Iron_steel,Mt/yr,mean,.16512547,.17447494,.17634483,.17634483,.17634483,.17634483,.17634483,.17634483,.17634483,.17634483,.17634483,.17634483,.17634483,.17634483,.17634483,.17634483,.17634483,.17634483
GLOMIS,CircEular-A,NAM,Material Release|Infrastructure|Rail|Aluminum,Mt/yr,mean,.0025017459,.0026433959,.002671726,.002671726,.002671726,.002671726,.002671726,.002671726,.002671726,.002671726,.002671726,.002671726,.002671726,.002671726,.002671726,.002671726,.002671726,.002671726
GLOMIS,CircEular-A,NAM,Material Release|Infrastructure|Rail|Concrete,Mt/yr,mean,1.1812049,1.2480851,1.2614613,1.2614613,1.2614613,1.2614613,1.2614613,1.2614613,1.2614613,1.2614613,1.2614613,1.2614613,1.2614613,1.2614613,1.2614613,1.2614613,1.2614613,1.2614613
GLOMIS,CircEular-A,NAM,Material Release|Infrastructure|Rail|Iron_steel,Mt/yr,mean,3.650532,3.8572268,3.8985658,3.8985658,3.8985658,3.8985658,3.8985658,3.8985658,3.8985658,3.8985658,3.8985658,3.8985658,3.8985658,3.8985658,3.8985658,3.8985658,3.8985658,3.8985658
GLOMIS,CircEular-A,NAM,Material Release|Infrastructure|Roads|Aluminum,Mt/yr,mean,0,0,0,0,0,0,0,0,0,0,0,0,0,0,0,0,0,0
GLOMIS,CircEular-A,NAM,Material Release|Infrastructure|Roads|Asphalt,Mt/yr,mean,440.63852,465.58765,470.57748,470.57748,470.57748,470.57748,470.57748,470.57748,470.57748,470.57748,470.57748,470.57748,470.57748,470.57748,470.57748,470.57748,470.57748,470.57748
GLOMIS,CircEular-A,NAM,Material Release|Infrastructure|Roads|Concrete,Mt/yr,mean,53.993801,57.050953,57.66238,57.66238,57.66238,57.66238,57.66238,57.66238,57.66238,57.66238,57.66238,57.66238,57.66238,57.66238,57.66238,57.66238,57.66238,57.66238
GLOMIS,CircEular-A,NAM,Material Release|Infrastructure|Roads|Iron_steel,Mt/yr,mean,0,0,0,0,0,0,0,0,0,0,0,0,0,0,0,0,0,0
GLOMIS,CircEular-A,NAM,Material Release|Infrastructure|Runways|Aluminum,Mt/yr,mean,0,0,0,0,0,0,0,0,0,0,0,0,0,0,0,0,0,0
GLOMIS,CircEular-A,NAM,Material Release|Infrastructure|Runways|Concrete,Mt/yr,mean,.52047127,.54994059,.55583447,.55583447,.55583447,.55583447,.55583447,.55583447,.55583447,.55583447,.55583447,.55583447,.55583447,.55583447,.55583447,.55583447,.55583447,.55583447
GLOMIS,CircEular-A,NAM,Material Release|Infrastructure|Runways|Iron_steel,Mt/yr,mean,0,0,0,0,0,0,0,0,0,0,0,0,0,0,0,0,0,0
GLOMIS,CircEular-A,NAM,Material Release|Infrastructure|Tunnels|Aluminum,Mt/yr,mean,.00031849701,.000336531,.00034013699,.00034013699,.00034013699,.00034013699,.00034013699,.00034013699,.00034013699,.00034013699,.00034013699,.00034013699,.00034013699,.00034013699,.00034013699,.00034013699,.00034013699,.00034013699
GLOMIS,CircEular-A,NAM,Material Release|Infrastructure|Tunnels|Asphalt,Mt/yr,mean,.16718829,.17665456,.17854781,.17854781,.17854781,.17854781,.17854781,.17854781,.17854781,.17854781,.17854781,.17854781,.17854781,.17854781,.17854781,.17854781,.17854781,.17854781
GLOMIS,CircEular-A,NAM,Material Release|Infrastructure|Tunnels|Concrete,Mt/yr,mean,1.507259,1.5926006,1.6096689,1.6096689,1.6096689,1.6096689,1.6096689,1.6096689,1.6096689,1.6096689,1.6096689,1.6096689,1.6096689,1.6096689,1.6096689,1.6096689,1.6096689,1.6096689
GLOMIS,CircEular-A,NAM,Material Release|Infrastructure|Tunnels|Iron_steel,Mt/yr,mean,.0717481,.075810499,.076622985,.076622985,.076622985,.076622985,.076622985,.076622985,.076622985,.076622985,.076622985,.076622985,.076622985,.076622985,.076622985,.076622985,.076622985,.076622985
GLOMIS,CircEular-A,PAO,Material Demand|Infrastructure|Bridges|Aluminum,Mt/yr,mean,.000025699999,.0000263,.0000134,.0000134,.0000134,.0000134,.0000134,.0000134,.0000134,.0000134,.0000134,.0000134,.0000134,.0000134,.0000134,.0000134,.0000134,.0000134
GLOMIS,CircEular-A,PAO,Material Demand|Infrastructure|Bridges|Asphalt,Mt/yr,mean,2.5283673,2.618113,2.2179453,2.2179453,2.2179453,2.2179453,2.2179453,2.2179453,2.2179453,2.2179453,2.2179453,2.2179453,2.2179453,2.2179453,2.2179453,2.2179453,2.2179453,2.2179453
GLOMIS,CircEular-A,PAO,Material Demand|Infrastructure|Bridges|Concrete,Mt/yr,mean,2.5335169,2.5868387,1.3177762,1.3177762,1.3177762,1.3177762,1.3177762,1.3177762,1.3177762,1.3177762,1.3177762,1.3177762,1.3177762,1.3177762,1.3177762,1.3177762,1.3177762,1.3177762
GLOMIS,CircEular-A,PAO,Material Demand|Infrastructure|Bridges|Iron_steel,Mt/yr,mean,1.0689981,1.0914969,.55602562,.55602562,.55602562,.55602562,.55602562,.55602562,.55602562,.55602562,.55602562,.55602562,.55602562,.55602562,.55602562,.55602562,.55602562,.55602562
GLOMIS,CircEular-A,PAO,Material Demand|Infrastructure|Buildings|Aluminum,Mt/yr,mean,0,0,0,0,0,0,0,0,0,0,0,0,0,0,0,0,0,0
GLOMIS,CircEular-A,PAO,Material Demand|Infrastructure|Buildings|Concrete,Mt/yr,mean,1.1913056,1.2181109,.66245443,.66245443,.66245443,.66245443,.66245443,.66245443,.66245443,.66245443,.66245443,.66245443,.66245443,.66245443,.66245443,.66245443,.66245443,.66245443
GLOMIS,CircEular-A,PAO,Material Demand|Infrastructure|Buildings|Iron_steel,Mt/yr,mean,0,0,0,0,0,0,0,0,0,0,0,0,0,0,0,0,0,0
GLOMIS,CircEular-A,PAO,Material Demand|Infrastructure|Charging stations|Aluminum,Mt/yr,mean,6.5799998e-07,6.8300000e-07,6.2800001e-07,6.2800001e-07,6.2800001e-07,6.2800001e-07,6.2800001e-07,6.2800001e-07,6.2800001e-07,6.2800001e-07,6.2800001e-07,6.2800001e-07,6.2800001e-07,6.2800001e-07,6.2800001e-07,6.2800001e-07,6.2800001e-07,6.2800001e-07
GLOMIS,CircEular-A,PAO,Material Demand|Infrastructure|Charging stations|Concrete,Mt/yr,mean,.000101879,.000105811,.000097199998,.000097199998,.000097199998,.000097199998,.000097199998,.000097199998,.000097199998,.000097199998,.000097199998,.000097199998,.000097199998,.000097199998,.000097199998,.000097199998,.000097199998,.000097199998
GLOMIS,CircEular-A,PAO,Material Demand|Infrastructure|Charging stations|Iron_steel,Mt/yr,mean,.000017,.000017599999,.0000162,.0000162,.0000162,.0000162,.0000162,.0000162,.0000162,.0000162,.0000162,.0000162,.0000162,.0000162,.0000162,.0000162,.0000162,.0000162
GLOMIS,CircEular-A,PAO,Material Demand|Infrastructure|Fuel stations|Aluminum,Mt/yr,mean,.000154087,.00015930799,.000129026,.000129026,.000129026,.000129026,.000129026,.000129026,.000129026,.000129026,.000129026,.000129026,.000129026,.000129026,.000129026,.000129026,.000129026,.000129026
GLOMIS,CircEular-A,PAO,Material Demand|Infrastructure|Fuel stations|Concrete,Mt/yr,mean,.57543868,.59493607,.48185104,.48185104,.48185104,.48185104,.48185104,.48185104,.48185104,.48185104,.48185104,.48185104,.48185104,.48185104,.48185104,.48185104,.48185104,.48185104
GLOMIS,CircEular-A,PAO,Material Demand|Infrastructure|Fuel stations|Iron_steel,Mt/yr,mean,.02298893,.023767857,.019250078,.019250078,.019250078,.019250078,.019250078,.019250078,.019250078,.019250078,.019250078,.019250078,.019250078,.019250078,.019250078,.019250078,.019250078,.019250078
GLOMIS,CircEular-A,PAO,Material Demand|Infrastructure|Parking|Aluminum,Mt/yr,mean,.000896635,.00091932702,.000560796,.000560796,.000560796,.000560796,.000560796,.000560796,.000560796,.000560796,.000560796,.000560796,.000560796,.000560796,.000560796,.000560796,.000560796,.000560796
GLOMIS,CircEular-A,PAO,Material Demand|Infrastructure|Parking|Asphalt,Mt/yr,mean,3.1815925,3.2910173,2.7042749,2.7042749,2.7042749,2.7042749,2.7042749,2.7042749,2.7042749,2.7042749,2.7042749,2.7042749,2.7042749,2.7042749,2.7042749,2.7042749,2.7042749,2.7042749
GLOMIS,CircEular-A,PAO,Material Demand|Infrastructure|Parking|Concrete,Mt/yr,mean,3.2216482,3.3031809,2.0149643,2.0149643,2.0149643,2.0149643,2.0149643,2.0149643,2.0149643,2.0149643,2.0149643,2.0149643,2.0149643,2.0149643,2.0149643,2.0149643,2.0149643,2.0149643
GLOMIS,CircEular-A,PAO,Material Demand|Infrastructure|Parking|Iron_steel,Mt/yr,mean,.04045859,.041482504,.02530463,.02530463,.02530463,.02530463,.02530463,.02530463,.02530463,.02530463,.02530463,.02530463,.02530463,.02530463,.02530463,.02530463,.02530463,.02530463
GLOMIS,CircEular-A,PAO,Material Demand|Infrastructure|Rail|Aluminum,Mt/yr,mean,.0022222491,.0022884619,.0016363451,.0016363451,.0016363451,.0016363451,.0016363451,.0016363451,.0016363451,.0016363451,.0016363451,.0016363451,.0016363451,.0016363451,.0016363451,.0016363451,.0016363451,.0016363451
GLOMIS,CircEular-A,PAO,Material Demand|Infrastructure|Rail|Concrete,Mt/yr,mean,.72563213,.7472133,.53334785,.53334785,.53334785,.53334785,.53334785,.53334785,.53334785,.53334785,.53334785,.53334785,.53334785,.53334785,.53334785,.53334785,.53334785,.53334785
GLOMIS,CircEular-A,PAO,Material Demand|Infrastructure|Rail|Iron_steel,Mt/yr,mean,.87723774,.90694809,.73424852,.73424852,.73424852,.73424852,.73424852,.73424852,.73424852,.73424852,.73424852,.73424852,.73424852,.73424852,.73424852,.73424852,.73424852,.73424852
GLOMIS,CircEular-A,PAO,Material Demand|Infrastructure|Roads|Aluminum,Mt/yr,mean,0,0,0,0,0,0,0,0,0,0,0,0,0,0,0,0,0,0
GLOMIS,CircEular-A,PAO,Material Demand|Infrastructure|Roads|Asphalt,Mt/yr,mean,118.07576,122.17277,101.25188,101.25188,101.25188,101.25188,101.25188,101.25188,101.25188,101.25188,101.25188,101.25188,101.25188,101.25188,101.25188,101.25188,101.25188,101.25188
GLOMIS,CircEular-A,PAO,Material Demand|Infrastructure|Roads|Concrete,Mt/yr,mean,0,0,0,0,0,0,0,0,0,0,0,0,0,0,0,0,0,0
GLOMIS,CircEular-A,PAO,Material Demand|Infrastructure|Roads|Iron_steel,Mt/yr,mean,0,0,0,0,0,0,0,0,0,0,0,0,0,0,0,0,0,0
GLOMIS,CircEular-A,PAO,Material Demand|Infrastructure|Runways|Aluminum,Mt/yr,mean,0,0,0,0,0,0,0,0,0,0,0,0,0,0,0,0,0,0
GLOMIS,CircEular-A,PAO,Material Demand|Infrastructure|Runways|Concrete,Mt/yr,mean,.04282229,.043723557,.022273466,.022273466,.022273466,.022273466,.022273466,.022273466,.022273466,.022273466,.022273466,.022273466,.022273466,.022273466,.022273466,.022273466,.022273466,.022273466
GLOMIS,CircEular-A,PAO,Material Demand|Infrastructure|Runways|Iron_steel,Mt/yr,mean,0,0,0,0,0,0,0,0,0,0,0,0,0,0,0,0,0,0
GLOMIS,CircEular-A,PAO,Material Demand|Infrastructure|Tunnels|Aluminum,Mt/yr,mean,.0000611,.000062300001,.000031799998,.000031799998,.000031799998,.000031799998,.000031799998,.000031799998,.000031799998,.000031799998,.000031799998,.000031799998,.000031799998,.000031799998,.000031799998,.000031799998,.000031799998,.000031799998
GLOMIS,CircEular-A,PAO,Material Demand|Infrastructure|Tunnels|Asphalt,Mt/yr,mean,2.5757251,2.667547,2.269248,2.269248,2.269248,2.269248,2.269248,2.269248,2.269248,2.269248,2.269248,2.269248,2.269248,2.269248,2.269248,2.269248,2.269248,2.269248
GLOMIS,CircEular-A,PAO,Material Demand|Infrastructure|Tunnels|Concrete,Mt/yr,mean,5.71311,5.8333516,2.9716008,2.9716008,2.9716008,2.9716008,2.9716008,2.9716008,2.9716008,2.9716008,2.9716008,2.9716008,2.9716008,2.9716008,2.9716008,2.9716008,2.9716008,2.9716008
GLOMIS,CircEular-A,PAO,Material Demand|Infrastructure|Tunnels|Iron_steel,Mt/yr,mean,.33287075,.33987653,.17313844,.17313844,.17313844,.17313844,.17313844,.17313844,.17313844,.17313844,.17313844,.17313844,.17313844,.17313844,.17313844,.17313844,.17313844,.17313844
GLOMIS,CircEular-A,PAO,Material Release|Infrastructure|Bridges|Aluminum,Mt/yr,mean,.0000127,.0000133,.0000134,.0000134,.0000134,.0000134,.0000134,.0000134,.0000134,.0000134,.0000134,.0000134,.0000134,.0000134,.0000134,.0000134,.0000134,.0000134
GLOMIS,CircEular-A,PAO,Material Release|Infrastructure|Bridges|Asphalt,Mt/yr,mean,2.1102502,2.199996,2.2179453,2.2179453,2.2179453,2.2179453,2.2179453,2.2179453,2.2179453,2.2179453,2.2179453,2.2179453,2.2179453,2.2179453,2.2179453,2.2179453,2.2179453,2.2179453
GLOMIS,CircEular-A,PAO,Material Release|Infrastructure|Bridges|Concrete,Mt/yr,mean,1.2537899,1.3071119,1.3177762,1.3177762,1.3177762,1.3177762,1.3177762,1.3177762,1.3177762,1.3177762,1.3177762,1.3177762,1.3177762,1.3177762,1.3177762,1.3177762,1.3177762,1.3177762
GLOMIS,CircEular-A,PAO,Material Release|Infrastructure|Bridges|Iron_steel,Mt/yr,mean,.5290271,.55152589,.55602562,.55602562,.55602562,.55602562,.55602562,.55602562,.55602562,.55602562,.55602562,.55602562,.55602562,.55602562,.55602562,.55602562,.55602562,.55602562
GLOMIS,CircEular-A,PAO,Material Release|Infrastructure|Buildings|Aluminum,Mt/yr,mean,0,0,0,0,0,0,0,0,0,0,0,0,0,0,0,0,0,0
GLOMIS,CircEular-A,PAO,Material Release|Infrastructure|Buildings|Concrete,Mt/yr,mean,.63028806,.65709335,.66245443,.66245443,.66245443,.66245443,.66245443,.66245443,.66245443,.66245443,.66245443,.66245443,.66245443,.66245443,.66245443,.66245443,.66245443,.66245443
GLOMIS,CircEular-A,PAO,Material Release|Infrastructure|Buildings|Iron_steel,Mt/yr,mean,0,0,0,0,0,0,0,0,0,0,0,0,0,0,0,0,0,0
GLOMIS,CircEular-A,PAO,Material Release|Infrastructure|Charging stations|Aluminum,Mt/yr,mean,5.9700000e-07,6.2300001e-07,6.2800001e-07,6.2800001e-07,6.2800001e-07,6.2800001e-07,6.2800001e-07,6.2800001e-07,6.2800001e-07,6.2800001e-07,6.2800001e-07,6.2800001e-07,6.2800001e-07,6.2800001e-07,6.2800001e-07,6.2800001e-07,6.2800001e-07,6.2800001e-07
GLOMIS,CircEular-A,PAO,Material Release|Infrastructure|Charging stations|Concrete,Mt/yr,mean,.000092399998,.000096399999,.000097199998,.000097199998,.000097199998,.000097199998,.000097199998,.000097199998,.000097199998,.000097199998,.000097199998,.000097199998,.000097199998,.000097199998,.000097199998,.000097199998,.000097199998,.000097199998
GLOMIS,CircEular-A,PAO,Material Release|Infrastructure|Charging stations|Iron_steel,Mt/yr,mean,.000015400001,.000016100001,.0000162,.0000162,.0000162,.0000162,.0000162,.0000162,.0000162,.0000162,.0000162,.0000162,.0000162,.0000162,.0000162,.0000162,.0000162,.0000162
GLOMIS,CircEular-A,PAO,Material Release|Infrastructure|Fuel stations|Aluminum,Mt/yr,mean,.000122761,.000127982,.000129026,.000129026,.000129026,.000129026,.000129026,.000129026,.000129026,.000129026,.000129026,.000129026,.000129026,.000129026,.000129026,.000129026,.000129026,.000129026
GLOMIS,CircEular-A,PAO,Material Release|Infrastructure|Fuel stations|Concrete,Mt/yr,mean,.4584541,.47795156,.48185104,.48185104,.48185104,.48185104,.48185104,.48185104,.48185104,.48185104,.48185104,.48185104,.48185104,.48185104,.48185104,.48185104,.48185104,.48185104
GLOMIS,CircEular-A,PAO,Material Release|Infrastructure|Fuel stations|Iron_steel,Mt/yr,mean,.018315366,.019094292,.019250078,.019250078,.019250078,.019250078,.019250078,.019250078,.019250078,.019250078,.019250078,.019250078,.019250078,.019250078,.019250078,.019250078,.019250078,.019250078
GLOMIS,CircEular-A,PAO,Material Release|Infrastructure|Parking|Aluminum,Mt/yr,mean,.000533566,.00055625802,.000560796,.000560796,.000560796,.000560796,.000560796,.000560796,.000560796,.000560796,.000560796,.000560796,.000560796,.000560796,.000560796,.000560796,.000560796,.000560796
GLOMIS,CircEular-A,PAO,Material Release|Infrastructure|Parking|Asphalt,Mt/yr,mean,2.5729651,2.68239,2.7042749,2.7042749,2.7042749,2.7042749,2.7042749,2.7042749,2.7042749,2.7042749,2.7042749,2.7042749,2.7042749,2.7042749,2.7042749,2.7042749,2.7042749,2.7042749
GLOMIS,CircEular-A,PAO,Material Release|Infrastructure|Parking|Concrete,Mt/yr,mean,1.9171252,1.9986578,2.0149643,2.0149643,2.0149643,2.0149643,2.0149643,2.0149643,2.0149643,2.0149643,2.0149643,2.0149643,2.0149643,2.0149643,2.0149643,2.0149643,2.0149643,2.0149643
GLOMIS,CircEular-A,PAO,Material Release|Infrastructure|Parking|Iron_steel,Mt/yr,mean,.024075931,.025099847,.02530463,.02530463,.02530463,.02530463,.02530463,.02530463,.02530463,.02530463,.02530463,.02530463,.02530463,.02530463,.02530463,.02530463,.02530463,.02530463
GLOMIS,CircEular-A,PAO,Material Release|Infrastructure|Rail|Aluminum,Mt/yr,mean,.00155689,.001623103,.0016363451,.0016363451,.0016363451,.0016363451,.0016363451,.0016363451,.0016363451,.0016363451,.0016363451,.0016363451,.0016363451,.0016363451,.0016363451,.0016363451,.0016363451,.0016363451
GLOMIS,CircEular-A,PAO,Material Release|Infrastructure|Rail|Concrete,Mt/yr,mean,.5074504,.52903157,.53334785,.53334785,.53334785,.53334785,.53334785,.53334785,.53334785,.53334785,.53334785,.53334785,.53334785,.53334785,.53334785,.53334785,.53334785,.53334785
GLOMIS,CircEular-A,PAO,Material Release|Infrastructure|Rail|Iron_steel,Mt/yr,mean,.69859612,.72830647,.73424852,.73424852,.73424852,.73424852,.73424852,.73424852,.73424852,.73424852,.73424852,.73424852,.73424852,.73424852,.73424852,.73424852,.73424852,.73424852
GLOMIS,CircEular-A,PAO,Material Release|Infrastructure|Roads|Aluminum,Mt/yr,mean,0,0,0,0,0,0,0,0,0,0,0,0,0,0,0,0,0,0
GLOMIS,CircEular-A,PAO,Material Release|Infrastructure|Roads|Asphalt,Mt/yr,mean,96.335464,100.43247,101.25188,101.25188,101.25188,101.25188,101.25188,101.25188,101.25188,101.25188,101.25188,101.25188,101.25188,101.25188,101.25188,101.25188,101.25188,101.25188
GLOMIS,CircEular-A,PAO,Material Release|Infrastructure|Roads|Concrete,Mt/yr,mean,0,0,0,0,0,0,0,0,0,0,0,0,0,0,0,0,0,0
GLOMIS,CircEular-A,PAO,Material Release|Infrastructure|Roads|Iron_steel,Mt/yr,mean,0,0,0,0,0,0,0,0,0,0,0,0,0,0,0,0,0,0
GLOMIS,CircEular-A,PAO,Material Release|Infrastructure|Runways|Aluminum,Mt/yr,mean,0,0,0,0,0,0,0,0,0,0,0,0,0,0,0,0,0,0
GLOMIS,CircEular-A,PAO,Material Release|Infrastructure|Runways|Concrete,Mt/yr,mean,.021191947,.022093212,.022273466,.022273466,.022273466,.022273466,.022273466,.022273466,.022273466,.022273466,.022273466,.022273466,.022273466,.022273466,.022273466,.022273466,.022273466,.022273466
GLOMIS,CircEular-A,PAO,Material Release|Infrastructure|Runways|Iron_steel,Mt/yr,mean,0,0,0,0,0,0,0,0,0,0,0,0,0,0,0,0,0,0
GLOMIS,CircEular-A,PAO,Material Release|Infrastructure|Tunnels|Aluminum,Mt/yr,mean,.000030200001,.0000315,.000031799998,.000031799998,.000031799998,.000031799998,.000031799998,.000031799998,.000031799998,.000031799998,.000031799998,.000031799998,.000031799998,.000031799998,.000031799998,.000031799998,.000031799998,.000031799998
GLOMIS,CircEular-A,PAO,Material Release|Infrastructure|Tunnels|Asphalt,Mt/yr,mean,2.1590617,2.2508836,2.269248,2.269248,2.269248,2.269248,2.269248,2.269248,2.269248,2.269248,2.269248,2.269248,2.269248,2.269248,2.269248,2.269248,2.269248,2.269248
GLOMIS,CircEular-A,PAO,Material Release|Infrastructure|Tunnels|Concrete,Mt/yr,mean,2.8273108,2.9475524,2.9716008,2.9716008,2.9716008,2.9716008,2.9716008,2.9716008,2.9716008,2.9716008,2.9716008,2.9716008,2.9716008,2.9716008,2.9716008,2.9716008,2.9716008,2.9716008
GLOMIS,CircEular-A,PAO,Material Release|Infrastructure|Tunnels|Iron_steel,Mt/yr,mean,.16473147,.17173728,.17313844,.17313844,.17313844,.17313844,.17313844,.17313844,.17313844,.17313844,.17313844,.17313844,.17313844,.17313844,.17313844,.17313844,.17313844,.17313844
GLOMIS,CircEular-A,PAS,Material Demand|Infrastructure|Bridges|Aluminum,Mt/yr,mean,.001480714,.001529778,.00096761697,.00089943502,.00058152498,.000414184,.000414184,.00093142298,.001613024,.001613024,.001613024,.001613024,.001613024,.001613024,.001613024,.001613024,.001613024,.001613024
GLOMIS,CircEular-A,PAS,Material Demand|Infrastructure|Bridges|Asphalt,Mt/yr,mean,4.5955558,5.0152998,4.2607574,4.2917514,3.818197,3.543344,3.543344,4.4926572,5.9422965,5.9422965,5.9422965,5.9422965,5.9422965,5.9422965,5.9422965,5.9422965,5.9422965,5.9422965
GLOMIS,CircEular-A,PAS,Material Demand|Infrastructure|Bridges|Concrete,Mt/yr,mean,10.277741,10.618299,6.7162981,6.2430444,4.0364094,2.8748806,2.8748806,6.4650755,11.196115,11.196115,11.196115,11.196115,11.196115,11.196115,11.196115,11.196115,11.196115,11.196115
GLOMIS,CircEular-A,PAS,Material Demand|Infrastructure|Bridges|Iron_steel,Mt/yr,mean,2.6713111,2.7598262,1.7456483,1.6226438,1.0491123,.74721676,.74721676,1.6803524,2.9100077,2.9100077,2.9100077,2.9100077,2.9100077,2.9100077,2.9100077,2.9100077,2.9100077,2.9100077
GLOMIS,CircEular-A,PAS,Material Demand|Infrastructure|Buildings|Aluminum,Mt/yr,mean,0,0,0,0,0,0,0,0,0,0,0,0,0,0,0,0,0,0
GLOMIS,CircEular-A,PAS,Material Demand|Infrastructure|Buildings|Concrete,Mt/yr,mean,1.9767219,2.0505707,1.3310065,1.2475585,.83917266,.62340784,.62340784,1.2934341,2.182574,2.182574,2.182574,2.182574,2.182574,2.182574,2.182574,2.182574,2.182574,2.182574
GLOMIS,CircEular-A,PAS,Material Demand|Infrastructure|Buildings|Iron_steel,Mt/yr,mean,0,0,0,0,0,0,0,0,0,0,0,0,0,0,0,0,0,0
GLOMIS,CircEular-A,PAS,Material Demand|Infrastructure|Charging stations|Aluminum,Mt/yr,mean,4.8800001e-07,5.4499998e-07,5.1100000e-07,5.2500002e-07,4.9900001e-07,4.8099997e-07,4.8099997e-07,5.5100003e-07,6.7500002e-07,6.7500002e-07,6.7500002e-07,6.7500002e-07,6.7500002e-07,6.7500002e-07,6.7500002e-07,6.7500002e-07,6.7500002e-07,6.7500002e-07
GLOMIS,CircEular-A,PAS,Material Demand|Infrastructure|Charging stations|Concrete,Mt/yr,mean,.000075600001,.000084400002,.000079099998,.000081300001,.000077199998,.000074399999,.000074399999,.000085300002,.000104441,.000104441,.000104441,.000104441,.000104441,.000104441,.000104441,.000104441,.000104441,.000104441
GLOMIS,CircEular-A,PAS,Material Demand|Infrastructure|Charging stations|Iron_steel,Mt/yr,mean,.0000126,.0000141,.0000132,.0000135,.0000129,.0000124,.0000124,.0000142,.0000174,.0000174,.0000174,.0000174,.0000174,.0000174,.0000174,.0000174,.0000174,.0000174
GLOMIS,CircEular-A,PAS,Material Demand|Infrastructure|Fuel stations|Aluminum,Mt/yr,mean,.00035880099,.00038826201,.00031709101,.00031650701,.00027318101,.000248695,.000248695,.000330935,.000452359,.000452359,.000452359,.000452359,.000452359,.000452359,.000452359,.000452359,.000452359,.000452359
GLOMIS,CircEular-A,PAS,Material Demand|Infrastructure|Fuel stations|Concrete,Mt/yr,mean,1.3399481,1.4499681,1.1841803,1.1820002,1.0201993,.92875391,.92875391,1.2358804,1.6893419,1.6893419,1.6893419,1.6893419,1.6893419,1.6893419,1.6893419,1.6893419,1.6893419,1.6893419
GLOMIS,CircEular-A,PAS,Material Demand|Infrastructure|Fuel stations|Iron_steel,Mt/yr,mean,.053531285,.057926618,.047308318,.047221225,.040757235,.03710397,.03710397,.049373753,.067489661,.067489661,.067489661,.067489661,.067489661,.067489661,.067489661,.067489661,.067489661,.067489661
GLOMIS,CircEular-A,PAS,Material Demand|Infrastructure|Parking|Aluminum,Mt/yr,mean,.00097313599,.0010170121,.00069061399,.00065635401,.00046973399,.000370389,.000370389,.00068179599,.001100798,.001100798,.001100798,.001100798,.001100798,.001100798,.001100798,.001100798,.001100798,.001100798
GLOMIS,CircEular-A,PAS,Material Demand|Infrastructure|Parking|Asphalt,Mt/yr,mean,1.3287662,1.4419376,1.1934328,1.1949619,1.0423181,.95535582,.95535582,1.2499387,1.6894866,1.6894866,1.6894866,1.6894866,1.6894866,1.6894866,1.6894866,1.6894866,1.6894866,1.6894866
GLOMIS,CircEular-A,PAS,Material Demand|Infrastructure|Parking|Concrete,Mt/yr,mean,4.5068407,4.710043,3.19841,3.0397439,2.1754596,1.7153652,1.7153652,3.1575723,5.0980749,5.0980749,5.0980749,5.0980749,5.0980749,5.0980749,5.0980749,5.0980749,5.0980749,5.0980749
GLOMIS,CircEular-A,PAS,Material Demand|Infrastructure|Parking|Iron_steel,Mt/yr,mean,.061973467,.064767689,.043981262,.041799448,.029914696,.023587948,.023587948,.043419708,.070103511,.070103511,.070103511,.070103511,.070103511,.070103511,.070103511,.070103511,.070103511,.070103511
GLOMIS,CircEular-A,PAS,Material Demand|Infrastructure|Rail|Aluminum,Mt/yr,mean,.002719417,.0028688151,.002055865,.0019844221,.001514303,.00126117,.00126117,.0020656979,.0031699161,.0031699161,.0031699161,.0031699161,.0031699161,.0031699161,.0031699161,.0031699161,.0031699161,.0031699161
GLOMIS,CircEular-A,PAS,Material Demand|Infrastructure|Rail|Concrete,Mt/yr,mean,.73453289,.77036005,.53402019,.51061755,.3749519,.30244133,.30244133,.53085077,.84037417,.84037417,.84037417,.84037417,.84037417,.84037417,.84037417,.84037417,.84037417,.84037417
GLOMIS,CircEular-A,PAS,Material Demand|Infrastructure|Rail|Iron_steel,Mt/yr,mean,.4156827,.44810048,.35930535,.3570753,.30359474,.27366033,.27366033,.37313929,.51807749,.51807749,.51807749,.51807749,.51807749,.51807749,.51807749,.51807749,.51807749,.51807749
GLOMIS,CircEular-A,PAS,Material Demand|Infrastructure|Roads|Aluminum,Mt/yr,mean,0,0,0,0,0,0,0,0,0,0,0,0,0,0,0,0,0,0
GLOMIS,CircEular-A,PAS,Material Demand|Infrastructure|Roads|Asphalt,Mt/yr,mean,205.80177,223.72054,186.67761,187.26874,164.37627,151.26445,151.26445,195.93205,263.03781,263.03781,263.03781,263.03781,263.03781,263.03781,263.03781,263.03781,263.03781,263.03781
GLOMIS,CircEular-A,PAS,Material Demand|Infrastructure|Roads|Concrete,Mt/yr,mean,0,0,0,0,0,0,0,0,0,0,0,0,0,0,0,0,0,0
GLOMIS,CircEular-A,PAS,Material Demand|Infrastructure|Roads|Iron_steel,Mt/yr,mean,0,0,0,0,0,0,0,0,0,0,0,0,0,0,0,0,0,0
GLOMIS,CircEular-A,PAS,Material Demand|Infrastructure|Tunnels|Aluminum,Mt/yr,mean,.002048176,.0021160429,.001338442,.00124413,.00080438599,.00057291402,.00057291402,.001288377,.0022311921,.0022311921,.0022311921,.0022311921,.0022311921,.0022311921,.0022311921,.0022311921,.0022311921,.0022311921
GLOMIS,CircEular-A,PAS,Material Demand|Infrastructure|Tunnels|Asphalt,Mt/yr,mean,1.5164335,1.6575787,1.4183656,1.4309863,1.2797863,1.1915032,1.1915032,1.4982836,1.9700644,1.9700644,1.9700644,1.9700644,1.9700644,1.9700644,1.9700644,1.9700644,1.9700644,1.9700644
GLOMIS,CircEular-A,PAS,Material Demand|Infrastructure|Tunnels|Concrete,Mt/yr,mean,15.520066,16.03433,10.142053,9.4274082,6.0952444,4.341259,4.341259,9.7626905,16.906872,16.906872,16.906872,16.906872,16.906872,16.906872,16.906872,16.906872,16.906872,16.906872
GLOMIS,CircEular-A,PAS,Material Demand|Infrastructure|Tunnels|Iron_steel,Mt/yr,mean,.69599634,.71905851,.45481968,.42277151,.27334082,.19468348,.19468348,.4378072,.75818759,.75818759,.75818759,.75818759,.75818759,.75818759,.75818759,.75818759,.75818759,.75818759
GLOMIS,CircEular-A,PAS,Material Release|Infrastructure|Bridges|Aluminum,Mt/yr,mean,.00030317399,.00035223801,.00038158501,.00040301599,.000412778,.000414184,.000414184,.00042439101,.000466823,.000466823,.000466823,.000466823,.000466823,.000466823,.000466823,.000466823,.000466823,.000466823
GLOMIS,CircEular-A,PAS,Material Release|Infrastructure|Bridges|Asphalt,Mt/yr,mean,2.5936508,3.0133948,3.2644606,3.4478021,3.5313137,3.543344,3.543344,3.6306648,3.9936705,3.9936705,3.9936705,3.9936705,3.9936705,3.9936705,3.9936705,3.9936705,3.9936705,3.9936705
GLOMIS,CircEular-A,PAS,Material Release|Infrastructure|Bridges|Concrete,Mt/yr,mean,2.1043501,2.4449081,2.6486094,2.7973628,2.8651197,2.8748806,2.8748806,2.9457281,3.2402515,3.2402515,3.2402515,3.2402515,3.2402515,3.2402515,3.2402515,3.2402515,3.2402515,3.2402515
GLOMIS,CircEular-A,PAS,Material Release|Infrastructure|Bridges|Iron_steel,Mt/yr,mean,.54694641,.63546163,.68840611,.7270689,.74467981,.74721676,.74721676,.76563084,.84218109,.84218109,.84218109,.84218109,.84218109,.84218109,.84218109,.84218109,.84218109,.84218109
GLOMIS,CircEular-A,PAS,Material Release|Infrastructure|Buildings|Aluminum,Mt/yr,mean,0,0,0,0,0,0,0,0,0,0,0,0,0,0,0,0,0,0
GLOMIS,CircEular-A,PAS,Material Release|Infrastructure|Buildings|Concrete,Mt/yr,mean,.45632103,.53016984,.57434171,.60659838,.62129128,.62340784,.62340784,.63877088,.70263726,.70263726,.70263726,.70263726,.70263726,.70263726,.70263726,.70263726,.70263726,.70263726
GLOMIS,CircEular-A,PAS,Material Release|Infrastructure|Buildings|Iron_steel,Mt/yr,mean,0,0,0,0,0,0,0,0,0,0,0,0,0,0,0,0,0,0
GLOMIS,CircEular-A,PAS,Material Release|Infrastructure|Charging stations|Aluminum,Mt/yr,mean,3.5200000e-07,4.0899999e-07,4.4300000e-07,4.6800000e-07,4.7899999e-07,4.8099997e-07,4.8099997e-07,4.9200003e-07,5.4200001e-07,5.4200001e-07,5.4200001e-07,5.4200001e-07,5.4200001e-07,5.4200001e-07,5.4200001e-07,5.4200001e-07,5.4200001e-07,5.4200001e-07
GLOMIS,CircEular-A,PAS,Material Release|Infrastructure|Charging stations|Concrete,Mt/yr,mean,.0000545,.000063300002,.000068499998,.000072399998,.000074099997,.000074399999,.000074399999,.000076199998,.000083899999,.000083899999,.000083899999,.000083899999,.000083899999,.000083899999,.000083899999,.000083899999,.000083899999,.000083899999
GLOMIS,CircEular-A,PAS,Material Release|Infrastructure|Charging stations|Iron_steel,Mt/yr,mean,9.0699996e-06,.0000105,.0000114,.0000121,.0000124,.0000124,.0000124,.0000127,.000014,.000014,.000014,.000014,.000014,.000014,.000014,.000014,.000014,.000014
GLOMIS,CircEular-A,PAS,Material Release|Infrastructure|Fuel stations|Aluminum,Mt/yr,mean,.000182039,.0002115,.000229121,.00024198899,.00024785,.000248695,.000248695,.000254824,.00028030199,.00028030199,.00028030199,.00028030199,.00028030199,.00028030199,.00028030199,.00028030199,.00028030199,.00028030199
GLOMIS,CircEular-A,PAS,Material Release|Infrastructure|Fuel stations|Concrete,Mt/yr,mean,.67982769,.78984779,.85565513,.90371114,.92560065,.92875391,.92875391,.9516418,1.04679,1.04679,1.04679,1.04679,1.04679,1.04679,1.04679,1.04679,1.04679,1.04679
GLOMIS,CircEular-A,PAS,Material Release|Infrastructure|Fuel stations|Iron_steel,Mt/yr,mean,.0271593,.031554628,.034183651,.036103506,.036977991,.03710397,.03710397,.038018346,.041819543,.041819543,.041819543,.041819543,.041819543,.041819543,.041819543,.041819543,.041819543,.041819543
GLOMIS,CircEular-A,PAS,Material Release|Infrastructure|Parking|Aluminum,Mt/yr,mean,.00027111699,.000314993,.000341237,.00036040199,.00036913101,.000370389,.000370389,.00037951701,.000417462,.000417462,.000417462,.000417462,.000417462,.000417462,.000417462,.000417462,.000417462,.000417462
GLOMIS,CircEular-A,PAS,Material Release|Infrastructure|Parking|Asphalt,Mt/yr,mean,.69929975,.81247109,.88016337,.92959583,.95211226,.95535582,.95535582,.9788993,1.0767728,1.0767728,1.0767728,1.0767728,1.0767728,1.0767728,1.0767728,1.0767728,1.0767728,1.0767728
GLOMIS,CircEular-A,PAS,Material Release|Infrastructure|Parking|Concrete,Mt/yr,mean,1.2556101,1.458812,1.5803552,1.6691124,1.7095412,1.7153652,1.7153652,1.757638,1.9333723,1.9333723,1.9333723,1.9333723,1.9333723,1.9333723,1.9333723,1.9333723,1.9333723,1.9333723
GLOMIS,CircEular-A,PAS,Material Release|Infrastructure|Parking|Iron_steel,Mt/yr,mean,.017265866,.02006009,.021731427,.022951925,.023507863,.023587948,.023587948,.02416924,.02658576,.02658576,.02658576,.02658576,.02658576,.02658576,.02658576,.02658576,.02658576,.02658576
GLOMIS,CircEular-A,PAS,Material Release|Infrastructure|Rail|Aluminum,Mt/yr,mean,.000923149,.001072547,.001161908,.0012271639,.001256888,.00126117,.00126117,.00129225,.001421453,.001421453,.001421453,.001421453,.001421453,.001421453,.001421453,.001421453,.001421453,.001421453
GLOMIS,CircEular-A,PAS,Material Release|Infrastructure|Rail|Concrete,Mt/yr,mean,.22138049,.25720763,.27863729,.29428634,.30141446,.30244133,.30244133,.30989456,.34087881,.34087881,.34087881,.34087881,.34087881,.34087881,.34087881,.34087881,.34087881,.34087881
GLOMIS,CircEular-A,PAS,Material Release|Infrastructure|Rail|Iron_steel,Mt/yr,mean,.20031342,.23273119,.25212154,.2662814,.27273118,.27366033,.27366033,.2804043,.30844003,.30844003,.30844003,.30844003,.30844003,.30844003,.30844003,.30844003,.30844003,.30844003
GLOMIS,CircEular-A,PAS,Material Release|Infrastructure|Roads|Aluminum,Mt/yr,mean,0,0,0,0,0,0,0,0,0,0,0,0,0,0,0,0,0,0
GLOMIS,CircEular-A,PAS,Material Release|Infrastructure|Roads|Asphalt,Mt/yr,mean,110.72229,128.64107,139.35898,147.18578,150.75089,151.26445,151.26445,154.99216,170.48877,170.48877,170.48877,170.48877,170.48877,170.48877,170.48877,170.48877,170.48877,170.48877
GLOMIS,CircEular-A,PAS,Material Release|Infrastructure|Roads|Concrete,Mt/yr,mean,0,0,0,0,0,0,0,0,0,0,0,0,0,0,0,0,0,0
GLOMIS,CircEular-A,PAS,Material Release|Infrastructure|Roads|Iron_steel,Mt/yr,mean,0,0,0,0,0,0,0,0,0,0,0,0,0,0,0,0,0,0
GLOMIS,CircEular-A,PAS,Material Release|Infrastructure|Tunnels|Aluminum,Mt/yr,mean,.00041936,.00048722801,.00052782201,.000557466,.00057096902,.00057291402,.00057291402,.000587032,.00064572599,.00064572599,.00064572599,.00064572599,.00064572599,.00064572599,.00064572599,.00064572599,.00064572599,.00064572599
GLOMIS,CircEular-A,PAS,Material Release|Infrastructure|Tunnels|Asphalt,Mt/yr,mean,.87215447,1.0132998,1.0977243,1.1593757,1.1874578,1.1915032,1.1915032,1.2208661,1.3429322,1.3429322,1.3429322,1.3429322,1.3429322,1.3429322,1.3429322,1.3429322,1.3429322,1.3429322
GLOMIS,CircEular-A,PAS,Material Release|Infrastructure|Tunnels|Concrete,Mt/yr,mean,3.1777074,3.6919725,3.9995747,4.2242022,4.32652,4.341259,4.341259,4.4482431,4.892993,4.892993,4.892993,4.892993,4.892993,4.892993,4.892993,4.892993,4.892993,4.892993
GLOMIS,CircEular-A,PAS,Material Release|Infrastructure|Tunnels|Iron_steel,Mt/yr,mean,.14250408,.16556627,.17936066,.18943407,.19402249,.19468348,.19468348,.19948119,.21942595,.21942595,.21942595,.21942595,.21942595,.21942595,.21942595,.21942595,.21942595,.21942595
GLOMIS,CircEular-A,RCPA,Material Demand|Infrastructure|Bridges|Aluminum,Mt/yr,mean,.000170364,.00017650001,.000205712,.000267041,.00023684499,.000192419,.000154742,.000222503,.00021470001,.00021470001,.00021470001,.00021470001,.00021470001,.00021470001,.00021470001,.00021470001,.00021470001,.00021470001
GLOMIS,CircEular-A,RCPA,Material Demand|Infrastructure|Bridges|Asphalt,Mt/yr,mean,.85845011,.95671344,1.1409642,1.4563253,1.4575304,1.3861639,1.3141336,1.6135628,1.6631074,1.6631074,1.6631074,1.6631074,1.6631074,1.6631074,1.6631074,1.6631074,1.6631074,1.6631074
GLOMIS,CircEular-A,RCPA,Material Demand|Infrastructure|Bridges|Concrete,Mt/yr,mean,2.2682841,2.3499773,2.738914,3.5554671,3.1534288,2.5619304,2.0602856,2.9624693,2.8585758,2.8585758,2.8585758,2.8585758,2.8585758,2.8585758,2.8585758,2.8585758,2.8585758,2.8585758
GLOMIS,CircEular-A,RCPA,Material Demand|Infrastructure|Bridges|Iron_steel,Mt/yr,mean,.50797468,.52626956,.61337066,.79623502,.70619988,.57373577,.4613941,.66343516,.64016855,.64016855,.64016855,.64016855,.64016855,.64016855,.64016855,.64016855,.64016855,.64016855
GLOMIS,CircEular-A,RCPA,Material Demand|Infrastructure|Buildings|Aluminum,Mt/yr,mean,0,0,0,0,0,0,0,0,0,0,0,0,0,0,0,0,0,0
GLOMIS,CircEular-A,RCPA,Material Demand|Infrastructure|Buildings|Concrete,Mt/yr,mean,.22128868,.2301617,.26860246,.34834844,.3111833,.2555232,.20816405,.29561564,.28667185,.28667185,.28667185,.28667185,.28667185,.28667185,.28667185,.28667185,.28667185,.28667185
GLOMIS,CircEular-A,RCPA,Material Demand|Infrastructure|Buildings|Iron_steel,Mt/yr,mean,0,0,0,0,0,0,0,0,0,0,0,0,0,0,0,0,0,0
GLOMIS,CircEular-A,RCPA,Material Demand|Infrastructure|Charging stations|Aluminum,Mt/yr,mean,1.0600000e-07,1.2300001e-07,1.4800000e-07,1.8700000e-07,1.9900000e-07,2.0200000e-07,2.0200000e-07,2.3500000e-07,2.4799999e-07,2.4799999e-07,2.4799999e-07,2.4799999e-07,2.4799999e-07,2.4799999e-07,2.4799999e-07,2.4799999e-07,2.4799999e-07,2.4799999e-07
GLOMIS,CircEular-A,RCPA,Material Demand|Infrastructure|Charging stations|Concrete,Mt/yr,mean,.000016399999,.000018999999,.0000229,.000029000001,.000030800002,.000031200001,.000031200001,.000036400001,.000038400001,.000038400001,.000038400001,.000038400001,.000038400001,.000038400001,.000038400001,.000038400001,.000038400001,.000038400001
GLOMIS,CircEular-A,RCPA,Material Demand|Infrastructure|Charging stations|Iron_steel,Mt/yr,mean,2.7200001e-06,3.1699999e-06,3.8200001e-06,4.8400002e-06,5.1400002e-06,5.2000000e-06,5.2000000e-06,6.0699999e-06,6.4000001e-06,6.4000001e-06,6.4000001e-06,6.4000001e-06,6.4000001e-06,6.4000001e-06,6.4000001e-06,6.4000001e-06,6.4000001e-06,6.4000001e-06
GLOMIS,CircEular-A,RCPA,Material Demand|Infrastructure|Fuel stations|Aluminum,Mt/yr,mean,.0000344,.000037900001,.000045000001,.000057599998,.000056699999,.000052899999,.000049300001,.000061600003,.000062999999,.000062999999,.000062999999,.000062999999,.000062999999,.000062999999,.000062999999,.000062999999,.000062999999,.000062999999
GLOMIS,CircEular-A,RCPA,Material Demand|Infrastructure|Fuel stations|Concrete,Mt/yr,mean,.12833476,.14147583,.16816834,.21516794,.21182095,.1976448,.18416677,.22989638,.23525929,.23525929,.23525929,.23525929,.23525929,.23525929,.23525929,.23525929,.23525929,.23525929
GLOMIS,CircEular-A,RCPA,Material Demand|Infrastructure|Fuel stations|Iron_steel,Mt/yr,mean,.005127009,.0056519979,.0067183711,.008596017,.0084623042,.0078959633,.0073575121,.0091844229,.0093986727,.0093986727,.0093986727,.0093986727,.0093986727,.0093986727,.0093986727,.0093986727,.0093986727,.0093986727
GLOMIS,CircEular-A,RCPA,Material Demand|Infrastructure|Parking|Aluminum,Mt/yr,mean,.000096800002,.000101677,.000119048,.00015402,.00014007901,.000118036,.000099099998,.00013671401,.000134142,.000134142,.000134142,.000134142,.000134142,.000134142,.000134142,.000134142,.000134142,.000134142
GLOMIS,CircEular-A,RCPA,Material Demand|Infrastructure|Parking|Asphalt,Mt/yr,mean,.085520551,.094688699,.11270243,.14406097,.1427668,.13425091,.1259886,.15620574,.16032201,.16032201,.16032201,.16032201,.16032201,.16032201,.16032201,.16032201,.16032201,.16032201
GLOMIS,CircEular-A,RCPA,Material Demand|Infrastructure|Parking|Concrete,Mt/yr,mean,.22608933,.23752765,.27810791,.35980693,.32723892,.27574411,.23150879,.31937742,.31337056,.31337056,.31337056,.31337056,.31337056,.31337056,.31337056,.31337056,.31337056,.31337056
GLOMIS,CircEular-A,RCPA,Material Demand|Infrastructure|Parking|Iron_steel,Mt/yr,mean,.002192138,.0023030429,.0026965039,.0034886489,.0031728731,.002673585,.0022446839,.003096649,.0030384071,.0030384071,.0030384071,.0030384071,.0030384071,.0030384071,.0030384071,.0030384071,.0030384071,.0030384071
GLOMIS,CircEular-A,RCPA,Material Demand|Infrastructure|Rail|Aluminum,Mt/yr,mean,.001225055,.001312795,.001546851,.0019919551,.00187415,.001653458,.00145884,.0019188829,.001920327,.001920327,.001920327,.001920327,.001920327,.001920327,.001920327,.001920327,.001920327,.001920327
GLOMIS,CircEular-A,RCPA,Material Demand|Infrastructure|Rail|Concrete,Mt/yr,mean,.32391289,.34680116,.40851638,.52617568,.49431995,.43526435,.3832626,.50509483,.50506687,.50506687,.50506687,.50506687,.50506687,.50506687,.50506687,.50506687,.50506687,.50506687
GLOMIS,CircEular-A,RCPA,Material Demand|Infrastructure|Rail|Iron_steel,Mt/yr,mean,.2118414,.23341142,.2774055,.354976,.34917367,.32549727,.303036,.37859759,.38728935,.38728935,.38728935,.38728935,.38728935,.38728935,.38728935,.38728935,.38728935,.38728935
GLOMIS,CircEular-A,RCPA,Material Demand|Infrastructure|Roads|Aluminum,Mt/yr,mean,0,0,0,0,0,0,0,0,0,0,0,0,0,0,0,0,0,0
GLOMIS,CircEular-A,RCPA,Material Demand|Infrastructure|Roads|Asphalt,Mt/yr,mean,69.044693,76.637444,91.285782,116.62092,116.01073,109.56766,103.23105,127.50768,131.08279,131.08279,131.08279,131.08279,131.08279,131.08279,131.08279,131.08279,131.08279,131.08279
GLOMIS,CircEular-A,RCPA,Material Demand|Infrastructure|Roads|Concrete,Mt/yr,mean,0,0,0,0,0,0,0,0,0,0,0,0,0,0,0,0,0,0
GLOMIS,CircEular-A,RCPA,Material Demand|Infrastructure|Roads|Iron_steel,Mt/yr,mean,0,0,0,0,0,0,0,0,0,0,0,0,0,0,0,0,0,0
GLOMIS,CircEular-A,RCPA,Material Demand|Infrastructure|Tunnels|Aluminum,Mt/yr,mean,.00014032501,.000145379,.00016944,.00021995501,.000195083,.00015849101,.00012745699,.00018327001,.00017684299,.00017684299,.00017684299,.00017684299,.00017684299,.00017684299,.00017684299,.00017684299,.00017684299,.00017684299
GLOMIS,CircEular-A,RCPA,Material Demand|Infrastructure|Tunnels|Asphalt,Mt/yr,mean,.079533234,.089046434,.10634203,.13559791,.13664174,.13095669,.12499943,.15248543,.15761577,.15761577,.15761577,.15761577,.15761577,.15761577,.15761577,.15761577,.15761577,.15761577
GLOMIS,CircEular-A,RCPA,Material Demand|Infrastructure|Tunnels|Concrete,Mt/yr,mean,1.7264221,1.7885997,2.0846248,2.7061148,2.4001179,1.9499203,1.5681117,2.254776,2.1757011,2.1757011,2.1757011,2.1757011,2.1757011,2.1757011,2.1757011,2.1757011,2.1757011,2.1757011
GLOMIS,CircEular-A,RCPA,Material Demand|Infrastructure|Tunnels|Iron_steel,Mt/yr,mean,.067296356,.06972006,.081259191,.10548501,.093557179,.076008372,.061125375,.087891728,.08480937,.08480937,.08480937,.08480937,.08480937,.08480937,.08480937,.08480937,.08480937,.08480937
GLOMIS,CircEular-A,RCPA,Material Release|Infrastructure|Bridges|Aluminum,Mt/yr,mean,.000023099999,.0000292,.000036099998,.0000449,.000052899999,.000058900001,.0000631,.000069000002,.000074900003,.000074900003,.000074900003,.000074900003,.000074900003,.000074900003,.000074900003,.000074900003,.000074900003,.000074900003
GLOMIS,CircEular-A,RCPA,Material Release|Infrastructure|Bridges|Asphalt,Mt/yr,mean,.37005341,.46831673,.57850146,.71969932,.84752494,.94334555,1.0101004,1.1043031,1.1994276,1.1994276,1.1994276,1.1994276,1.1994276,1.1994276,1.1994276,1.1994276,1.1994276,1.1994276
GLOMIS,CircEular-A,RCPA,Material Release|Infrastructure|Bridges|Concrete,Mt/yr,mean,.30765077,.38934383,.480948,.59833544,.70460564,.7842679,.83976579,.91808301,.99716651,.99716651,.99716651,.99716651,.99716651,.99716651,.99716651,.99716651,.99716651,.99716651
GLOMIS,CircEular-A,RCPA,Material Release|Infrastructure|Bridges|Iron_steel,Mt/yr,mean,.068897367,.087192252,.1077067,.13399522,.15779407,.17563419,.18806274,.20560162,.22331211,.22331211,.22331211,.22331211,.22331211,.22331211,.22331211,.22331211,.22331211,.22331211
GLOMIS,CircEular-A,RCPA,Material Release|Infrastructure|Buildings|Aluminum,Mt/yr,mean,0,0,0,0,0,0,0,0,0,0,0,0,0,0,0,0,0,0
GLOMIS,CircEular-A,RCPA,Material Release|Infrastructure|Buildings|Concrete,Mt/yr,mean,.033415195,.042288207,.052237701,.06498763,.076530062,.085182503,.09121035,.099716701,.10830628,.10830628,.10830628,.10830628,.10830628,.10830628,.10830628,.10830628,.10830628,.10830628
GLOMIS,CircEular-A,RCPA,Material Release|Infrastructure|Buildings|Iron_steel,Mt/yr,mean,0,0,0,0,0,0,0,0,0,0,0,0,0,0,0,0,0,0
GLOMIS,CircEular-A,RCPA,Material Release|Infrastructure|Charging stations|Aluminum,Mt/yr,mean,6.4500000e-08,8.1600000e-08,1.0100000e-07,1.2500000e-07,1.4800000e-07,1.6400000e-07,1.7600000e-07,1.9200000e-07,2.0900001e-07,2.0900001e-07,2.0900001e-07,2.0900001e-07,2.0900001e-07,2.0900001e-07,2.0900001e-07,2.0900001e-07,2.0900001e-07,2.0900001e-07
GLOMIS,CircEular-A,RCPA,Material Release|Infrastructure|Charging stations|Concrete,Mt/yr,mean,9.9899999e-06,.0000126,.000015600001,.0000194,.0000229,.0000255,.000027300001,.0000298,.000032399999,.000032399999,.000032399999,.000032399999,.000032399999,.000032399999,.000032399999,.000032399999,.000032399999,.000032399999
GLOMIS,CircEular-A,RCPA,Material Release|Infrastructure|Charging stations|Iron_steel,Mt/yr,mean,1.6600000e-06,2.1100000e-06,2.6000000e-06,3.2400001e-06,3.8100000e-06,4.2400002e-06,4.5400002e-06,4.9700002e-06,5.3899998e-06,5.3899998e-06,5.3899998e-06,5.3899998e-06,5.3899998e-06,5.3899998e-06,5.3899998e-06,5.3899998e-06,5.3899998e-06,5.3899998e-06
GLOMIS,CircEular-A,RCPA,Material Release|Infrastructure|Fuel stations|Aluminum,Mt/yr,mean,.0000133,.000016800001,.000020699999,.0000258,.0000303,.000033799999,.000036199999,.000039499999,.000043,.000043,.000043,.000043,.000043,.000043,.000043,.000043,.000043,.000043
GLOMIS,CircEular-A,RCPA,Material Release|Infrastructure|Fuel stations|Concrete,Mt/yr,mean,.049488395,.062629454,.077364802,.096247636,.11334214,.12615654,.13508387,.14768189,.16040319,.16040319,.16040319,.16040319,.16040319,.16040319,.16040319,.16040319,.16040319,.16040319
GLOMIS,CircEular-A,RCPA,Material Release|Infrastructure|Fuel stations|Iron_steel,Mt/yr,mean,.0019770749,.002502064,.0030907451,.0038451189,.0045280489,.0050399881,.0053966371,.0058999318,.0064081508,.0064081508,.0064081508,.0064081508,.0064081508,.0064081508,.0064081508,.0064081508,.0064081508,.0064081508
GLOMIS,CircEular-A,RCPA,Material Release|Infrastructure|Parking|Aluminum,Mt/yr,mean,.0000184,.000023299999,.000028799999,.000035900001,.000042200001,.000047000001,.000050300001,.000055,.000059800001,.000059800001,.000059800001,.000059800001,.000059800001,.000059800001,.000059800001,.000059800001,.000059800001,.000059800001
GLOMIS,CircEular-A,RCPA,Material Release|Infrastructure|Parking|Asphalt,Mt/yr,mean,.034526672,.043694824,.053975265,.067149289,.079075657,.088015899,.094244249,.10303354,.11190884,.11190884,.11190884,.11190884,.11190884,.11190884,.11190884,.11190884,.11190884,.11190884
GLOMIS,CircEular-A,RCPA,Material Release|Infrastructure|Parking|Concrete,Mt/yr,mean,.04307602,.054514352,.067340396,.083776504,.098656036,.10981002,.11758061,.12854627,.13961923,.13961923,.13961923,.13961923,.13961923,.13961923,.13961923,.13961923,.13961923,.13961923
GLOMIS,CircEular-A,RCPA,Material Release|Infrastructure|Parking|Iron_steel,Mt/yr,mean,.00041765999,.00052856503,.00065292499,.00081228802,.00095655798,.001064706,.001140049,.001246371,.001353733,.001353733,.001353733,.001353733,.001353733,.001353733,.001353733,.001353733,.001353733,.001353733
GLOMIS,CircEular-A,RCPA,Material Release|Infrastructure|Rail|Aluminum,Mt/yr,mean,.00033042001,.00041815999,.00051654299,.00064261898,.00075675402,.000842312,.00090191799,.00098603102,.001070968,.001070968,.001070968,.001070968,.001070968,.001070968,.001070968,.001070968,.001070968,.001070968
GLOMIS,CircEular-A,RCPA,Material Release|Infrastructure|Rail|Concrete,Mt/yr,mean,.086195774,.10908405,.13474916,.16763806,.19741222,.21973154,.23528059,.25722304,.2793802,.2793802,.2793802,.2793802,.2793802,.2793802,.2793802,.2793802,.2793802,.2793802
GLOMIS,CircEular-A,RCPA,Material Release|Infrastructure|Rail|Iron_steel,Mt/yr,mean,.081231304,.10280132,.12698822,.15798289,.18604219,.207076,.2217295,.24240817,.26328918,.26328918,.26328918,.26328918,.26328918,.26328918,.26328918,.26328918,.26328918,.26328918
GLOMIS,CircEular-A,RCPA,Material Release|Infrastructure|Roads|Aluminum,Mt/yr,mean,0,0,0,0,0,0,0,0,0,0,0,0,0,0,0,0,0,0
GLOMIS,CircEular-A,RCPA,Material Release|Infrastructure|Roads|Asphalt,Mt/yr,mean,28.5938,36.18655,44.700455,55.610725,65.487732,72.891739,78.049835,85.328827,92.679039,92.679039,92.679039,92.679039,92.679039,92.679039,92.679039,92.679039,92.679039,92.679039
GLOMIS,CircEular-A,RCPA,Material Release|Infrastructure|Roads|Concrete,Mt/yr,mean,0,0,0,0,0,0,0,0,0,0,0,0,0,0,0,0,0,0
GLOMIS,CircEular-A,RCPA,Material Release|Infrastructure|Roads|Iron_steel,Mt/yr,mean,0,0,0,0,0,0,0,0,0,0,0,0,0,0,0,0,0,0
GLOMIS,CircEular-A,RCPA,Material Release|Infrastructure|Tunnels|Aluminum,Mt/yr,mean,.000018999999,.0000241,.0000298,.000037000002,.000043600001,.000048499998,.000051999999,.0000568,.000061699997,.000061699997,.000061699997,.000061699997,.000061699997,.000061699997,.000061699997,.000061699997,.000061699997,.000061699997
GLOMIS,CircEular-A,RCPA,Material Release|Infrastructure|Tunnels|Asphalt,Mt/yr,mean,.035826098,.045339294,.056006644,.069676474,.082051694,.091328405,.097791165,.10691124,.11612056,.11612056,.11612056,.11612056,.11612056,.11612056,.11612056,.11612056,.11612056,.11612056
GLOMIS,CircEular-A,RCPA,Material Release|Infrastructure|Tunnels|Concrete,Mt/yr,mean,.23415722,.29633492,.36605608,.45540127,.53628498,.59691703,.63915724,.69876552,.75895703,.75895703,.75895703,.75895703,.75895703,.75895703,.75895703,.75895703,.75895703,.75895703
GLOMIS,CircEular-A,RCPA,Material Release|Infrastructure|Tunnels|Iron_steel,Mt/yr,mean,.0091275061,.011551208,.014268956,.017751655,.020904521,.023267973,.024914505,.027238052,.029584333,.029584333,.029584333,.029584333,.029584333,.029584333,.029584333,.029584333,.029584333,.029584333
GLOMIS,CircEular-A,SAS,Material Demand|Infrastructure|Bridges|Aluminum,Mt/yr,mean,.002333631,.002412884,.0028251789,.0032422841,.0037942349,.003015301,.0029590621,.0038819851,.0040123281,.0040123281,.0040123281,.0040123281,.0040123281,.0040123281,.0040123281,.0040123281,.0040123281,.0040123281
GLOMIS,CircEular-A,SAS,Material Demand|Infrastructure|Bridges|Asphalt,Mt/yr,mean,3.4402251,3.764905,4.4169459,5.1155295,5.9873943,5.6071005,5.823833,6.984993,7.4727335,7.4727335,7.4727335,7.4727335,7.4727335,7.4727335,7.4727335,7.4727335,7.4727335,7.4727335
GLOMIS,CircEular-A,SAS,Material Demand|Infrastructure|Bridges|Concrete,Mt/yr,mean,9.2263403,9.5396767,11.169743,12.818825,15.001043,11.921419,11.699069,15.347973,15.863302,15.863302,15.863302,15.863302,15.863302,15.863302,15.863302,15.863302,15.863302,15.863302
GLOMIS,CircEular-A,SAS,Material Demand|Infrastructure|Bridges|Iron_steel,Mt/yr,mean,1.9552386,2.0216405,2.3670828,2.7165549,3.179009,2.5263774,2.4792573,3.2525301,3.3617382,3.3617382,3.3617382,3.3617382,3.3617382,3.3617382,3.3617382,3.3617382,3.3617382,3.3617382
GLOMIS,CircEular-A,SAS,Material Demand|Infrastructure|Buildings|Aluminum,Mt/yr,mean,0,0,0,0,0,0,0,0,0,0,0,0,0,0,0,0,0,0
GLOMIS,CircEular-A,SAS,Material Demand|Infrastructure|Buildings|Concrete,Mt/yr,mean,2.1475375,2.2243629,2.6046081,2.9900181,3.4990447,2.7966096,2.7504668,3.5960567,3.7215414,3.7215414,3.7215414,3.7215414,3.7215414,3.7215414,3.7215414,3.7215414,3.7215414,3.7215414
GLOMIS,CircEular-A,SAS,Material Demand|Infrastructure|Buildings|Iron_steel,Mt/yr,mean,0,0,0,0,0,0,0,0,0,0,0,0,0,0,0,0,0,0
GLOMIS,CircEular-A,SAS,Material Demand|Infrastructure|Charging stations|Aluminum,Mt/yr,mean,1.3600000e-07,1.5400001e-07,1.8000000e-07,2.1000000e-07,2.4500000e-07,2.4700000e-07,2.6199999e-07,3.0400000e-07,3.3000001e-07,3.3000001e-07,3.3000001e-07,3.3000001e-07,3.3000001e-07,3.3000001e-07,3.3000001e-07,3.3000001e-07,3.3000001e-07,3.3000001e-07
GLOMIS,CircEular-A,SAS,Material Demand|Infrastructure|Charging stations|Concrete,Mt/yr,mean,.000021100001,.000023799999,.0000279,.0000325,.000037999998,.000038300001,.0000406,.000047000001,.000050999999,.000050999999,.000050999999,.000050999999,.000050999999,.000050999999,.000050999999,.000050999999,.000050999999,.000050999999
GLOMIS,CircEular-A,SAS,Material Demand|Infrastructure|Charging stations|Iron_steel,Mt/yr,mean,3.5099999e-06,3.9600000e-06,4.6499999e-06,5.4100001e-06,6.3299999e-06,6.3699999e-06,6.7599999e-06,7.8399999e-06,8.5000001e-06,8.5000001e-06,8.5000001e-06,8.5000001e-06,8.5000001e-06,8.5000001e-06,8.5000001e-06,8.5000001e-06,8.5000001e-06,8.5000001e-06
GLOMIS,CircEular-A,SAS,Material Demand|Infrastructure|Fuel stations|Aluminum,Mt/yr,mean,.000195022,.000212061,.000248734,.00028778601,.000336828,.00031022099,.00032053699,.000387673,.00041337899,.00041337899,.00041337899,.00041337899,.00041337899,.00041337899,.00041337899,.00041337899,.00041337899,.00041337899
GLOMIS,CircEular-A,SAS,Material Demand|Infrastructure|Fuel stations|Concrete,Mt/yr,mean,.72831297,.79194623,.92890036,1.0747393,1.257889,1.1585227,1.1970493,1.4477684,1.5437683,1.5437683,1.5437683,1.5437683,1.5437683,1.5437683,1.5437683,1.5437683,1.5437683,1.5437683
GLOMIS,CircEular-A,SAS,Material Demand|Infrastructure|Fuel stations|Iron_steel,Mt/yr,mean,.029096298,.031638466,.037109818,.042936124,.050253,.04628329,.047822438,.057838734,.061673954,.061673954,.061673954,.061673954,.061673954,.061673954,.061673954,.061673954,.061673954,.061673954
GLOMIS,CircEular-A,SAS,Material Demand|Infrastructure|Parking|Aluminum,Mt/yr,mean,.00021720699,.000227335,.000266296,.00030622701,.00035837101,.00029603901,.00029477099,.00037803399,.00039407899,.00039407899,.00039407899,.00039407899,.00039407899,.00039407899,.00039407899,.00039407899,.00039407899,.00039407899
GLOMIS,CircEular-A,SAS,Material Demand|Infrastructure|Parking|Asphalt,Mt/yr,mean,.25495723,.2781193,.32625082,.37766087,.44202334,.41051334,.4252778,.51219571,.54706228,.54706228,.54706228,.54706228,.54706228,.54706228,.54706228,.54706228,.54706228,.54706228
GLOMIS,CircEular-A,SAS,Material Demand|Infrastructure|Parking|Concrete,Mt/yr,mean,.54862106,.57420319,.67261028,.77346736,.90517312,.74773312,.74453163,.95483631,.99536359,.99536359,.99536359,.99536359,.99536359,.99536359,.99536359,.99536359,.99536359,.99536359
GLOMIS,CircEular-A,SAS,Material Demand|Infrastructure|Parking|Iron_steel,Mt/yr,mean,.0056565101,.0059202719,.0069348901,.007974769,.009332709,.007709438,.0076764291,.0098447567,.01026261,.01026261,.01026261,.01026261,.01026261,.01026261,.01026261,.01026261,.01026261,.01026261
GLOMIS,CircEular-A,SAS,Material Demand|Infrastructure|Rail|Aluminum,Mt/yr,mean,.008791348,.0093478458,.010955958,.012631149,.014782685,.012801337,.012961318,.016190726,.017048582,.017048582,.017048582,.017048582,.017048582,.017048582,.017048582,.017048582,.017048582,.017048582
GLOMIS,CircEular-A,SAS,Material Demand|Infrastructure|Rail|Concrete,Mt/yr,mean,2.2170768,2.3541176,2.7589622,3.1800971,3.7217653,3.2098935,3.2454796,4.0630665,4.2747126,4.2747126,4.2747126,4.2747126,4.2747126,4.2747126,4.2747126,4.2747126,4.2747126,4.2747126
GLOMIS,CircEular-A,SAS,Material Demand|Infrastructure|Rail|Iron_steel,Mt/yr,mean,1.5585891,1.6935825,1.9864126,2.298032,2.6896412,2.472631,2.5533738,3.0910466,3.2948053,3.2948053,3.2948053,3.2948053,3.2948053,3.2948053,3.2948053,3.2948053,3.2948053,3.2948053
GLOMIS,CircEular-A,SAS,Material Demand|Infrastructure|Roads|Aluminum,Mt/yr,mean,0,0,0,0,0,0,0,0,0,0,0,0,0,0,0,0,0,0
GLOMIS,CircEular-A,SAS,Material Demand|Infrastructure|Roads|Asphalt,Mt/yr,mean,289.52234,316.2966,371.05392,429.62381,502.84418,468.80664,486.2533,584.50189,624.76678,624.76678,624.76678,624.76678,624.76678,624.76678,624.76678,624.76678,624.76678,624.76678
GLOMIS,CircEular-A,SAS,Material Demand|Infrastructure|Roads|Concrete,Mt/yr,mean,0,0,0,0,0,0,0,0,0,0,0,0,0,0,0,0,0,0
GLOMIS,CircEular-A,SAS,Material Demand|Infrastructure|Roads|Iron_steel,Mt/yr,mean,0,0,0,0,0,0,0,0,0,0,0,0,0,0,0,0,0,0
GLOMIS,CircEular-A,SAS,Material Demand|Infrastructure|Runways|Aluminum,Mt/yr,mean,0,0,0,0,0,0,0,0,0,0,0,0,0,0,0,0,0,0
GLOMIS,CircEular-A,SAS,Material Demand|Infrastructure|Runways|Concrete,Mt/yr,mean,0,0,0,0,0,0,0,0,0,0,0,0,0,0,0,0,0,0
GLOMIS,CircEular-A,SAS,Material Demand|Infrastructure|Runways|Iron_steel,Mt/yr,mean,0,0,0,0,0,0,0,0,0,0,0,0,0,0,0,0,0,0
GLOMIS,CircEular-A,SAS,Material Demand|Infrastructure|Tunnels|Aluminum,Mt/yr,mean,.00044646001,.000461622,.00054050097,.00062030001,.00072589703,.00057687401,.00056611502,.000742684,.00076762098,.00076762098,.00076762098,.00076762098,.00076762098,.00076762098,.00076762098,.00076762098,.00076762098,.00076762098
GLOMIS,CircEular-A,SAS,Material Demand|Infrastructure|Tunnels|Asphalt,Mt/yr,mean,.11769481,.12875073,.15104689,.17492554,.20473871,.1915368,.19887677,.23865137,.25526392,.25526392,.25526392,.25526392,.25526392,.25526392,.25526392,.25526392,.25526392,.25526392
GLOMIS,CircEular-A,SAS,Material Demand|Infrastructure|Tunnels|Concrete,Mt/yr,mean,2.4361641,2.5188987,2.9493086,3.3847396,3.9609423,3.1477847,3.0890744,4.0525475,4.1886172,4.1886172,4.1886172,4.1886172,4.1886172,4.1886172,4.1886172,4.1886172,4.1886172,4.1886172
GLOMIS,CircEular-A,SAS,Material Demand|Infrastructure|Tunnels|Iron_steel,Mt/yr,mean,.11436316,.11824706,.1384522,.15889305,.18594229,.14776945,.14501336,.19024257,.19663024,.19663024,.19663024,.19663024,.19663024,.19663024,.19663024,.19663024,.19663024,.19663024
GLOMIS,CircEular-A,SAS,Material Release|Infrastructure|Bridges|Aluminum,Mt/yr,mean,.00043156801,.00051082001,.00060081598,.00070396299,.00082412001,.00091875601,.00100148,.001110186,.0012261569,.0012261569,.0012261569,.0012261569,.0012261569,.0012261569,.0012261569,.0012261569,.0012261569,.0012261569
GLOMIS,CircEular-A,SAS,Material Release|Infrastructure|Bridges|Asphalt,Mt/yr,mean,1.7680342,2.0927141,2.4614069,2.8839767,3.3762302,3.7639315,4.1028328,4.5481782,5.0232835,5.0232835,5.0232835,5.0232835,5.0232835,5.0232835,5.0232835,5.0232835,5.0232835,5.0232835
GLOMIS,CircEular-A,SAS,Material Release|Infrastructure|Bridges|Concrete,Mt/yr,mean,1.706264,2.0196004,2.3754122,2.7832184,3.2582741,3.6324301,3.959491,4.3892775,4.8477836,4.8477836,4.8477836,4.8477836,4.8477836,4.8477836,4.8477836,4.8477836,4.8477836,4.8477836
GLOMIS,CircEular-A,SAS,Material Release|Infrastructure|Bridges|Iron_steel,Mt/yr,mean,.36159009,.42799211,.50339544,.5898174,.69049078,.76978165,.83909214,.93017209,1.0273384,1.0273384,1.0273384,1.0273384,1.0273384,1.0273384,1.0273384,1.0273384,1.0273384,1.0273384
GLOMIS,CircEular-A,SAS,Material Release|Infrastructure|Buildings|Aluminum,Mt/yr,mean,0,0,0,0,0,0,0,0,0,0,0,0,0,0,0,0,0,0
GLOMIS,CircEular-A,SAS,Material Release|Infrastructure|Buildings|Concrete,Mt/yr,mean,.41834947,.49517477,.58241427,.68240207,.79887837,.89061564,.97080588,1.0761828,1.1886015,1.1886015,1.1886015,1.1886015,1.1886015,1.1886015,1.1886015,1.1886015,1.1886015,1.1886015
GLOMIS,CircEular-A,SAS,Material Release|Infrastructure|Buildings|Iron_steel,Mt/yr,mean,0,0,0,0,0,0,0,0,0,0,0,0,0,0,0,0,0,0
GLOMIS,CircEular-A,SAS,Material Release|Infrastructure|Charging stations|Aluminum,Mt/yr,mean,9.4500002e-08,1.1200000e-07,1.3200000e-07,1.5400001e-07,1.8000000e-07,2.0100001e-07,2.1900000e-07,2.4299999e-07,2.6800001e-07,2.6800001e-07,2.6800001e-07,2.6800001e-07,2.6800001e-07,2.6800001e-07,2.6800001e-07,2.6800001e-07,2.6800001e-07,2.6800001e-07
GLOMIS,CircEular-A,SAS,Material Release|Infrastructure|Charging stations|Concrete,Mt/yr,mean,.0000146,.000017300001,.000020400001,.0000239,.0000279,.0000311,.000034000001,.000037599999,.0000416,.0000416,.0000416,.0000416,.0000416,.0000416,.0000416,.0000416,.0000416,.0000416
GLOMIS,CircEular-A,SAS,Material Release|Infrastructure|Charging stations|Iron_steel,Mt/yr,mean,2.4399999e-06,2.8899999e-06,3.3900001e-06,3.9800002e-06,4.6599998e-06,5.1900001e-06,5.6600002e-06,6.2700001e-06,6.9299999e-06,6.9299999e-06,6.9299999e-06,6.9299999e-06,6.9299999e-06,6.9299999e-06,6.9299999e-06,6.9299999e-06,6.9299999e-06,6.9299999e-06
GLOMIS,CircEular-A,SAS,Material Release|Infrastructure|Fuel stations|Aluminum,Mt/yr,mean,.000092800001,.000109826,.00012917499,.000151352,.00017718499,.000197532,.00021531701,.000238689,.00026362299,.00026362299,.00026362299,.00026362299,.00026362299,.00026362299,.00026362299,.00026362299,.00026362299,.00026362299
GLOMIS,CircEular-A,SAS,Material Release|Infrastructure|Fuel stations|Concrete,Mt/yr,mean,.34651312,.41014642,.48240572,.56522417,.66169995,.73768461,.8041051,.8913874,.98450226,.98450226,.98450226,.98450226,.98450226,.98450226,.98450226,.98450226,.98450226,.98450226
GLOMIS,CircEular-A,SAS,Material Release|Infrastructure|Fuel stations|Iron_steel,Mt/yr,mean,.013843292,.01638546,.019272236,.022580858,.026435088,.029470697,.032124218,.035611164,.039331127,.039331127,.039331127,.039331127,.039331127,.039331127,.039331127,.039331127,.039331127,.039331127
GLOMIS,CircEular-A,SAS,Material Release|Infrastructure|Parking|Aluminum,Mt/yr,mean,.000055199998,.000065300002,.000076800003,.000090000001,.000105321,.000117415,.000127987,.00014187999,.000156701,.000156701,.000156701,.000156701,.000156701,.000156701,.000156701,.000156701,.000156701,.000156701
GLOMIS,CircEular-A,SAS,Material Release|Infrastructure|Parking|Asphalt,Mt/yr,mean,.12612829,.14929034,.1755922,.20573755,.24085401,.26851189,.29268846,.3244586,.35835171,.35835171,.35835171,.35835171,.35835171,.35835171,.35835171,.35835171,.35835171,.35835171
GLOMIS,CircEular-A,SAS,Material Release|Infrastructure|Parking|Concrete,Mt/yr,mean,.13930674,.16488889,.1939389,.22723396,.26601955,.29656726,.32326993,.35835955,.39579397,.39579397,.39579397,.39579397,.39579397,.39579397,.39579397,.39579397,.39579397,.39579397
GLOMIS,CircEular-A,SAS,Material Release|Infrastructure|Parking|Iron_steel,Mt/yr,mean,.00143631,.001700073,.0019995901,.002342876,.0027427711,.0030577311,.003333047,.0036948349,.0040807989,.0040807989,.0040807989,.0040807989,.0040807989,.0040807989,.0040807989,.0040807989,.0040807989,.0040807989
GLOMIS,CircEular-A,SAS,Material Release|Infrastructure|Rail|Aluminum,Mt/yr,mean,.0030303879,.0035868851,.00421882,.0049430989,.0057868161,.0064513301,.007032203,.0077955192,.0086098444,.0086098444,.0086098444,.0086098444,.0086098444,.0086098444,.0086098444,.0086098444,.0086098444,.0086098444
GLOMIS,CircEular-A,SAS,Material Release|Infrastructure|Rail|Concrete,Mt/yr,mean,.74625158,.88329244,1.0389102,1.2172683,1.4250387,1.5886796,1.7317228,1.9196943,2.1202266,2.1202266,2.1202266,2.1202266,2.1202266,2.1202266,2.1202266,2.1202266,2.1202266,2.1202266
GLOMIS,CircEular-A,SAS,Material Release|Infrastructure|Rail|Iron_steel,Mt/yr,mean,.73510236,.87009579,1.0233885,1.199082,1.4037482,1.5649443,1.7058504,1.8910135,2.0885496,2.0885496,2.0885496,2.0885496,2.0885496,2.0885496,2.0885496,2.0885496,2.0885496,2.0885496
GLOMIS,CircEular-A,SAS,Material Release|Infrastructure|Roads|Aluminum,Mt/yr,mean,0,0,0,0,0,0,0,0,0,0,0,0,0,0,0,0,0,0
GLOMIS,CircEular-A,SAS,Material Release|Infrastructure|Roads|Asphalt,Mt/yr,mean,145.7984,172.57266,202.97638,237.82298,278.41599,310.38721,338.3342,375.05896,414.23785,414.23785,414.23785,414.23785,414.23785,414.23785,414.23785,414.23785,414.23785,414.23785
GLOMIS,CircEular-A,SAS,Material Release|Infrastructure|Roads|Concrete,Mt/yr,mean,0,0,0,0,0,0,0,0,0,0,0,0,0,0,0,0,0,0
GLOMIS,CircEular-A,SAS,Material Release|Infrastructure|Roads|Iron_steel,Mt/yr,mean,0,0,0,0,0,0,0,0,0,0,0,0,0,0,0,0,0,0
GLOMIS,CircEular-A,SAS,Material Release|Infrastructure|Runways|Aluminum,Mt/yr,mean,0,0,0,0,0,0,0,0,0,0,0,0,0,0,0,0,0,0
GLOMIS,CircEular-A,SAS,Material Release|Infrastructure|Runways|Concrete,Mt/yr,mean,0,0,0,0,0,0,0,0,0,0,0,0,0,0,0,0,0,0
GLOMIS,CircEular-A,SAS,Material Release|Infrastructure|Runways|Iron_steel,Mt/yr,mean,0,0,0,0,0,0,0,0,0,0,0,0,0,0,0,0,0,0
GLOMIS,CircEular-A,SAS,Material Release|Infrastructure|Tunnels|Aluminum,Mt/yr,mean,.000082600003,.000097700002,.000114946,.00013467899,.000157667,.000175772,.000191599,.000212396,.000234583,.000234583,.000234583,.000234583,.000234583,.000234583,.000234583,.000234583,.000234583,.000234583
GLOMIS,CircEular-A,SAS,Material Release|Infrastructure|Tunnels|Asphalt,Mt/yr,mean,.060204595,.071260504,.083815128,.098204345,.11496643,.12816831,.13970849,.15487327,.17105141,.17105141,.17105141,.17105141,.17105141,.17105141,.17105141,.17105141,.17105141,.17105141
GLOMIS,CircEular-A,SAS,Material Release|Infrastructure|Tunnels|Concrete,Mt/yr,mean,.45052955,.53326434,.62721443,.73489338,.86032921,.95912308,1.0454817,1.1589644,1.2800304,1.2800304,1.2800304,1.2800304,1.2800304,1.2800304,1.2800304,1.2800304,1.2800304,1.2800304
GLOMIS,CircEular-A,SAS,Material Release|Infrastructure|Tunnels|Iron_steel,Mt/yr,mean,.021149637,.025033534,.029443923,.0344988,.040387254,.045025028,.049079042,.054406367,.060089685,.060089685,.060089685,.060089685,.060089685,.060089685,.060089685,.060089685,.060089685,.060089685
GLOMIS,CircEular-A,WEU,Material Demand|Infrastructure|Bridges|Aluminum,Mt/yr,mean,.0011109069,.001148644,.00025050799,.00025050799,.00025050799,.00025050799,.00025050799,.00025050799,.00025050799,.00025050799,.00025050799,.00025050799,.00025050799,.00025050799,.00025050799,.00025050799,.00025050799,.00025050799
GLOMIS,CircEular-A,WEU,Material Demand|Infrastructure|Bridges|Asphalt,Mt/yr,mean,7.3260684,8.0440302,4.7660398,4.7660398,4.7660398,4.7660398,4.7660398,4.7660398,4.7660398,4.7660398,4.7660398,4.7660398,4.7660398,4.7660398,4.7660398,4.7660398,4.7660398,4.7660398
GLOMIS,CircEular-A,WEU,Material Demand|Infrastructure|Bridges|Concrete,Mt/yr,mean,17.033403,17.612017,3.8410053,3.8410053,3.8410053,3.8410053,3.8410053,3.8410053,3.8410053,3.8410053,3.8410053,3.8410053,3.8410053,3.8410053,3.8410053,3.8410053,3.8410053,3.8410053
GLOMIS,CircEular-A,WEU,Material Demand|Infrastructure|Bridges|Iron_steel,Mt/yr,mean,4.84587,5.0104814,1.092736,1.092736,1.092736,1.092736,1.092736,1.092736,1.092736,1.092736,1.092736,1.092736,1.092736,1.092736,1.092736,1.092736,1.092736,1.092736
GLOMIS,CircEular-A,WEU,Material Demand|Infrastructure|Buildings|Aluminum,Mt/yr,mean,0,0,0,0,0,0,0,0,0,0,0,0,0,0,0,0,0,0
GLOMIS,CircEular-A,WEU,Material Demand|Infrastructure|Buildings|Concrete,Mt/yr,mean,9.2624178,9.6007166,2.2457266,2.2457266,2.2457266,2.2457266,2.2457266,2.2457266,2.2457266,2.2457266,2.2457266,2.2457266,2.2457266,2.2457266,2.2457266,2.2457266,2.2457266,2.2457266
GLOMIS,CircEular-A,WEU,Material Demand|Infrastructure|Buildings|Iron_steel,Mt/yr,mean,0,0,0,0,0,0,0,0,0,0,0,0,0,0,0,0,0,0
GLOMIS,CircEular-A,WEU,Material Demand|Infrastructure|Charging stations|Aluminum,Mt/yr,mean,.000035100002,.000039499999,.000029700001,.000029700001,.000029700001,.000029700001,.000029700001,.000029700001,.000029700001,.000029700001,.000029700001,.000029700001,.000029700001,.000029700001,.000029700001,.000029700001,.000029700001,.000029700001
GLOMIS,CircEular-A,WEU,Material Demand|Infrastructure|Charging stations|Concrete,Mt/yr,mean,.0054275482,.0061199879,.0045966189,.0045966189,.0045966189,.0045966189,.0045966189,.0045966189,.0045966189,.0045966189,.0045966189,.0045966189,.0045966189,.0045966189,.0045966189,.0045966189,.0045966189,.0045966189
GLOMIS,CircEular-A,WEU,Material Demand|Infrastructure|Charging stations|Iron_steel,Mt/yr,mean,.00090436899,.001019747,.00076591503,.00076591503,.00076591503,.00076591503,.00076591503,.00076591503,.00076591503,.00076591503,.00076591503,.00076591503,.00076591503,.00076591503,.00076591503,.00076591503,.00076591503,.00076591503
GLOMIS,CircEular-A,WEU,Material Demand|Infrastructure|Fuel stations|Aluminum,Mt/yr,mean,.00065637298,.00071375701,.00038093,.00038093,.00038093,.00038093,.00038093,.00038093,.00038093,.00038093,.00038093,.00038093,.00038093,.00038093,.00038093,.00038093,.00038093,.00038093
GLOMIS,CircEular-A,WEU,Material Demand|Infrastructure|Fuel stations|Concrete,Mt/yr,mean,2.4512324,2.6655333,1.4225893,1.4225893,1.4225893,1.4225893,1.4225893,1.4225893,1.4225893,1.4225893,1.4225893,1.4225893,1.4225893,1.4225893,1.4225893,1.4225893,1.4225893,1.4225893
GLOMIS,CircEular-A,WEU,Material Demand|Infrastructure|Fuel stations|Iron_steel,Mt/yr,mean,.097927399,.10648877,.056832828,.056832828,.056832828,.056832828,.056832828,.056832828,.056832828,.056832828,.056832828,.056832828,.056832828,.056832828,.056832828,.056832828,.056832828,.056832828
GLOMIS,CircEular-A,WEU,Material Demand|Infrastructure|Parking|Aluminum,Mt/yr,mean,.015345498,.016061297,.0047516772,.0047516772,.0047516772,.0047516772,.0047516772,.0047516772,.0047516772,.0047516772,.0047516772,.0047516772,.0047516772,.0047516772,.0047516772,.0047516772,.0047516772,.0047516772
GLOMIS,CircEular-A,WEU,Material Demand|Infrastructure|Parking|Asphalt,Mt/yr,mean,19.263031,21.01416,11.624493,11.624493,11.624493,11.624493,11.624493,11.624493,11.624493,11.624493,11.624493,11.624493,11.624493,11.624493,11.624493,11.624493,11.624493,11.624493
GLOMIS,CircEular-A,WEU,Material Demand|Infrastructure|Parking|Concrete,Mt/yr,mean,34.544762,36.15612,10.696658,10.696658,10.696658,10.696658,10.696658,10.696658,10.696658,10.696658,10.696658,10.696658,10.696658,10.696658,10.696658,10.696658,10.696658,10.696658
GLOMIS,CircEular-A,WEU,Material Demand|Infrastructure|Parking|Iron_steel,Mt/yr,mean,.32427272,.33939859,.10040986,.10040986,.10040986,.10040986,.10040986,.10040986,.10040986,.10040986,.10040986,.10040986,.10040986,.10040986,.10040986,.10040986,.10040986,.10040986
GLOMIS,CircEular-A,WEU,Material Demand|Infrastructure|Rail|Aluminum,Mt/yr,mean,.030302713,.032187056,.012508799,.012508799,.012508799,.012508799,.012508799,.012508799,.012508799,.012508799,.012508799,.012508799,.012508799,.012508799,.012508799,.012508799,.012508799,.012508799
GLOMIS,CircEular-A,WEU,Material Demand|Infrastructure|Rail|Concrete,Mt/yr,mean,8.6422434,9.1619921,3.450238,3.450238,3.450238,3.450238,3.450238,3.450238,3.450238,3.450238,3.450238,3.450238,3.450238,3.450238,3.450238,3.450238,3.450238,3.450238
GLOMIS,CircEular-A,WEU,Material Demand|Infrastructure|Rail|Iron_steel,Mt/yr,mean,3.8730783,4.2044239,2.1995664,2.1995664,2.1995664,2.1995664,2.1995664,2.1995664,2.1995664,2.1995664,2.1995664,2.1995664,2.1995664,2.1995664,2.1995664,2.1995664,2.1995664,2.1995664
GLOMIS,CircEular-A,WEU,Material Demand|Infrastructure|Roads|Aluminum,Mt/yr,mean,0,0,0,0,0,0,0,0,0,0,0,0,0,0,0,0,0,0
GLOMIS,CircEular-A,WEU,Material Demand|Infrastructure|Roads|Asphalt,Mt/yr,mean,640.72681,701.01886,400.23605,400.23605,400.23605,400.23605,400.23605,400.23605,400.23605,400.23605,400.23605,400.23605,400.23605,400.23605,400.23605,400.23605,400.23605,400.23605
GLOMIS,CircEular-A,WEU,Material Demand|Infrastructure|Roads|Concrete,Mt/yr,mean,0,0,0,0,0,0,0,0,0,0,0,0,0,0,0,0,0,0
GLOMIS,CircEular-A,WEU,Material Demand|Infrastructure|Roads|Iron_steel,Mt/yr,mean,0,0,0,0,0,0,0,0,0,0,0,0,0,0,0,0,0,0
GLOMIS,CircEular-A,WEU,Material Demand|Infrastructure|Runways|Aluminum,Mt/yr,mean,0,0,0,0,0,0,0,0,0,0,0,0,0,0,0,0,0,0
GLOMIS,CircEular-A,WEU,Material Demand|Infrastructure|Runways|Concrete,Mt/yr,mean,.58956724,.60959446,.13294648,.13294648,.13294648,.13294648,.13294648,.13294648,.13294648,.13294648,.13294648,.13294648,.13294648,.13294648,.13294648,.13294648,.13294648,.13294648
GLOMIS,CircEular-A,WEU,Material Demand|Infrastructure|Runways|Iron_steel,Mt/yr,mean,0,0,0,0,0,0,0,0,0,0,0,0,0,0,0,0,0,0
GLOMIS,CircEular-A,WEU,Material Demand|Infrastructure|Tunnels|Aluminum,Mt/yr,mean,.0063982499,.006615595,.001442795,.001442795,.001442795,.001442795,.001442795,.001442795,.001442795,.001442795,.001442795,.001442795,.001442795,.001442795,.001442795,.001442795,.001442795,.001442795
GLOMIS,CircEular-A,WEU,Material Demand|Infrastructure|Tunnels|Asphalt,Mt/yr,mean,4.2463012,4.6657372,2.7843359,2.7843359,2.7843359,2.7843359,2.7843359,2.7843359,2.7843359,2.7843359,2.7843359,2.7843359,2.7843359,2.7843359,2.7843359,2.7843359,2.7843359,2.7843359
GLOMIS,CircEular-A,WEU,Material Demand|Infrastructure|Tunnels|Concrete,Mt/yr,mean,52.093864,53.863461,11.747084,11.747084,11.747084,11.747084,11.747084,11.747084,11.747084,11.747084,11.747084,11.747084,11.747084,11.747084,11.747084,11.747084,11.747084,11.747084
GLOMIS,CircEular-A,WEU,Material Demand|Infrastructure|Tunnels|Iron_steel,Mt/yr,mean,2.2663321,2.343318,.51105428,.51105428,.51105428,.51105428,.51105428,.51105428,.51105428,.51105428,.51105428,.51105428,.51105428,.51105428,.51105428,.51105428,.51105428,.51105428
GLOMIS,CircEular-A,WEU,Material Release|Infrastructure|Bridges|Aluminum,Mt/yr,mean,.000205224,.00024296,.00025050799,.00025050799,.00025050799,.00025050799,.00025050799,.00025050799,.00025050799,.00025050799,.00025050799,.00025050799,.00025050799,.00025050799,.00025050799,.00025050799,.00025050799,.00025050799
GLOMIS,CircEular-A,WEU,Material Release|Infrastructure|Bridges|Asphalt,Mt/yr,mean,3.9044852,4.6224475,4.7660398,4.7660398,4.7660398,4.7660398,4.7660398,4.7660398,4.7660398,4.7660398,4.7660398,4.7660398,4.7660398,4.7660398,4.7660398,4.7660398,4.7660398,4.7660398
GLOMIS,CircEular-A,WEU,Material Release|Infrastructure|Bridges|Concrete,Mt/yr,mean,3.1466684,3.7252824,3.8410053,3.8410053,3.8410053,3.8410053,3.8410053,3.8410053,3.8410053,3.8410053,3.8410053,3.8410053,3.8410053,3.8410053,3.8410053,3.8410053,3.8410053,3.8410053
GLOMIS,CircEular-A,WEU,Material Release|Infrastructure|Bridges|Iron_steel,Mt/yr,mean,.89520264,1.0598137,1.092736,1.092736,1.092736,1.092736,1.092736,1.092736,1.092736,1.092736,1.092736,1.092736,1.092736,1.092736,1.092736,1.092736,1.092736,1.092736
GLOMIS,CircEular-A,WEU,Material Release|Infrastructure|Buildings|Aluminum,Mt/yr,mean,0,0,0,0,0,0,0,0,0,0,0,0,0,0,0,0,0,0
GLOMIS,CircEular-A,WEU,Material Release|Infrastructure|Buildings|Concrete,Mt/yr,mean,1.8397677,2.1780667,2.2457266,2.2457266,2.2457266,2.2457266,2.2457266,2.2457266,2.2457266,2.2457266,2.2457266,2.2457266,2.2457266,2.2457266,2.2457266,2.2457266,2.2457266,2.2457266
GLOMIS,CircEular-A,WEU,Material Release|Infrastructure|Buildings|Iron_steel,Mt/yr,mean,0,0,0,0,0,0,0,0,0,0,0,0,0,0,0,0,0,0
GLOMIS,CircEular-A,WEU,Material Release|Infrastructure|Charging stations|Aluminum,Mt/yr,mean,.000024299999,.000028799999,.000029700001,.000029700001,.000029700001,.000029700001,.000029700001,.000029700001,.000029700001,.000029700001,.000029700001,.000029700001,.000029700001,.000029700001,.000029700001,.000029700001,.000029700001,.000029700001
GLOMIS,CircEular-A,WEU,Material Release|Infrastructure|Charging stations|Concrete,Mt/yr,mean,.0037656899,.0044581308,.0045966189,.0045966189,.0045966189,.0045966189,.0045966189,.0045966189,.0045966189,.0045966189,.0045966189,.0045966189,.0045966189,.0045966189,.0045966189,.0045966189,.0045966189,.0045966189
GLOMIS,CircEular-A,WEU,Material Release|Infrastructure|Charging stations|Iron_steel,Mt/yr,mean,.00062746101,.00074283901,.00076591503,.00076591503,.00076591503,.00076591503,.00076591503,.00076591503,.00076591503,.00076591503,.00076591503,.00076591503,.00076591503,.00076591503,.00076591503,.00076591503,.00076591503,.00076591503
GLOMIS,CircEular-A,WEU,Material Release|Infrastructure|Fuel stations|Aluminum,Mt/yr,mean,.00031207001,.00036945401,.00038093,.00038093,.00038093,.00038093,.00038093,.00038093,.00038093,.00038093,.00038093,.00038093,.00038093,.00038093,.00038093,.00038093,.00038093,.00038093
GLOMIS,CircEular-A,WEU,Material Release|Infrastructure|Fuel stations|Concrete,Mt/yr,mean,1.1654285,1.3797293,1.4225893,1.4225893,1.4225893,1.4225893,1.4225893,1.4225893,1.4225893,1.4225893,1.4225893,1.4225893,1.4225893,1.4225893,1.4225893,1.4225893,1.4225893,1.4225893
GLOMIS,CircEular-A,WEU,Material Release|Infrastructure|Fuel stations|Iron_steel,Mt/yr,mean,.046559185,.055120554,.056832828,.056832828,.056832828,.056832828,.056832828,.056832828,.056832828,.056832828,.056832828,.056832828,.056832828,.056832828,.056832828,.056832828,.056832828,.056832828
GLOMIS,CircEular-A,WEU,Material Release|Infrastructure|Parking|Aluminum,Mt/yr,mean,.003892719,.004608518,.0047516772,.0047516772,.0047516772,.0047516772,.0047516772,.0047516772,.0047516772,.0047516772,.0047516772,.0047516772,.0047516772,.0047516772,.0047516772,.0047516772,.0047516772,.0047516772
GLOMIS,CircEular-A,WEU,Material Release|Infrastructure|Parking|Asphalt,Mt/yr,mean,9.523138,11.274266,11.624493,11.624493,11.624493,11.624493,11.624493,11.624493,11.624493,11.624493,11.624493,11.624493,11.624493,11.624493,11.624493,11.624493,11.624493,11.624493
GLOMIS,CircEular-A,WEU,Material Release|Infrastructure|Parking|Concrete,Mt/yr,mean,8.7630281,10.374387,10.696658,10.696658,10.696658,10.696658,10.696658,10.696658,10.696658,10.696658,10.696658,10.696658,10.696658,10.696658,10.696658,10.696658,10.696658,10.696658
GLOMIS,CircEular-A,WEU,Material Release|Infrastructure|Parking|Iron_steel,Mt/yr,mean,.082258821,.097384684,.10040986,.10040986,.10040986,.10040986,.10040986,.10040986,.10040986,.10040986,.10040986,.10040986,.10040986,.10040986,.10040986,.10040986,.10040986,.10040986
GLOMIS,CircEular-A,WEU,Material Release|Infrastructure|Rail|Aluminum,Mt/yr,mean,.010247589,.012131931,.012508799,.012508799,.012508799,.012508799,.012508799,.012508799,.012508799,.012508799,.012508799,.012508799,.012508799,.012508799,.012508799,.012508799,.012508799,.012508799
GLOMIS,CircEular-A,WEU,Material Release|Infrastructure|Rail|Concrete,Mt/yr,mean,2.82654,3.3462884,3.450238,3.450238,3.450238,3.450238,3.450238,3.450238,3.450238,3.450238,3.450238,3.450238,3.450238,3.450238,3.450238,3.450238,3.450238,3.450238
GLOMIS,CircEular-A,WEU,Material Release|Infrastructure|Rail|Iron_steel,Mt/yr,mean,1.8019516,2.1332972,2.1995664,2.1995664,2.1995664,2.1995664,2.1995664,2.1995664,2.1995664,2.1995664,2.1995664,2.1995664,2.1995664,2.1995664,2.1995664,2.1995664,2.1995664,2.1995664
GLOMIS,CircEular-A,WEU,Material Release|Infrastructure|Roads|Aluminum,Mt/yr,mean,0,0,0,0,0,0,0,0,0,0,0,0,0,0,0,0,0,0
GLOMIS,CircEular-A,WEU,Material Release|Infrastructure|Roads|Asphalt,Mt/yr,mean,327.88556,388.17764,400.23605,400.23605,400.23605,400.23605,400.23605,400.23605,400.23605,400.23605,400.23605,400.23605,400.23605,400.23605,400.23605,400.23605,400.23605,400.23605
GLOMIS,CircEular-A,WEU,Material Release|Infrastructure|Roads|Concrete,Mt/yr,mean,0,0,0,0,0,0,0,0,0,0,0,0,0,0,0,0,0,0
GLOMIS,CircEular-A,WEU,Material Release|Infrastructure|Roads|Iron_steel,Mt/yr,mean,0,0,0,0,0,0,0,0,0,0,0,0,0,0,0,0,0,0
GLOMIS,CircEular-A,WEU,Material Release|Infrastructure|Runways|Aluminum,Mt/yr,mean,0,0,0,0,0,0,0,0,0,0,0,0,0,0,0,0,0,0
GLOMIS,CircEular-A,WEU,Material Release|Infrastructure|Runways|Concrete,Mt/yr,mean,.1089138,.12894103,.13294648,.13294648,.13294648,.13294648,.13294648,.13294648,.13294648,.13294648,.13294648,.13294648,.13294648,.13294648,.13294648,.13294648,.13294648,.13294648
GLOMIS,CircEular-A,WEU,Material Release|Infrastructure|Runways|Iron_steel,Mt/yr,mean,0,0,0,0,0,0,0,0,0,0,0,0,0,0,0,0,0,0
GLOMIS,CircEular-A,WEU,Material Release|Infrastructure|Tunnels|Aluminum,Mt/yr,mean,.001181982,.001399326,.001442795,.001442795,.001442795,.001442795,.001442795,.001442795,.001442795,.001442795,.001442795,.001442795,.001442795,.001442795,.001442795,.001442795,.001442795,.001442795
GLOMIS,CircEular-A,WEU,Material Release|Infrastructure|Tunnels|Asphalt,Mt/yr,mean,2.2810128,2.7004488,2.7843359,2.7843359,2.7843359,2.7843359,2.7843359,2.7843359,2.7843359,2.7843359,2.7843359,2.7843359,2.7843359,2.7843359,2.7843359,2.7843359,2.7843359,2.7843359
GLOMIS,CircEular-A,WEU,Material Release|Infrastructure|Tunnels|Concrete,Mt/yr,mean,9.6235685,11.393165,11.747084,11.747084,11.747084,11.747084,11.747084,11.747084,11.747084,11.747084,11.747084,11.747084,11.747084,11.747084,11.747084,11.747084,11.747084,11.747084
GLOMIS,CircEular-A,WEU,Material Release|Infrastructure|Tunnels|Iron_steel,Mt/yr,mean,.41867122,.49565712,.51105428,.51105428,.51105428,.51105428,.51105428,.51105428,.51105428,.51105428,.51105428,.51105428,.51105428,.51105428,.51105428,.51105428,.51105428,.51105428
