model,scenario,node,variable,unit,sensitivity,output_2020,output_2025,output_2030,output_2035,output_2040,output_2045,output_2050,output_2055,output_2060,output_2065,output_2070,output_2075,output_2080,output_2085,output_2090,output_2095,output_2100,output_2110
GLOMIS,LED-SSP2,AFR,Material Demand|Infrastructure|Bridges|Aluminum,Mt/yr,high,.000071800001,.000073900002,.000040800001,.000094100003,.00010934,.00018232199,.000249365,.00030647399,.00032627201,.00032627201,.00032627201,.00032627201,.00032627201,.00032627201,.00032627201,.00032627201,.00032627201,.00032627201
GLOMIS,LED-SSP2,AFR,Material Demand|Infrastructure|Bridges|Asphalt,Mt/yr,high,.88893276,.98989111,.80309123,1.2743371,1.5044187,2.2209098,2.980098,3.7385998,4.2577033,4.2577033,4.2577033,4.2577033,4.2577033,4.2577033,4.2577033,4.2577033,4.2577033,4.2577033
GLOMIS,LED-SSP2,AFR,Material Demand|Infrastructure|Bridges|Concrete,Mt/yr,high,2.3585916,2.4295325,1.3400545,3.0900061,3.5923498,5.9901471,8.1928453,10.069139,10.719587,10.719587,10.719587,10.719587,10.719587,10.719587,10.719587,10.719587,10.719587,10.719587
GLOMIS,LED-SSP2,AFR,Material Demand|Infrastructure|Bridges|Iron_steel,Mt/yr,high,.62085551,.63952941,.35274452,.81338686,.94561946,1.5767951,2.1566145,2.6505144,2.8217328,2.8217328,2.8217328,2.8217328,2.8217328,2.8217328,2.8217328,2.8217328,2.8217328,2.8217328
GLOMIS,LED-SSP2,AFR,Material Demand|Infrastructure|Buildings|Aluminum,Mt/yr,high,0,0,0,0,0,0,0,0,0,0,0,0,0,0,0,0,0,0
GLOMIS,LED-SSP2,AFR,Material Demand|Infrastructure|Buildings|Concrete,Mt/yr,high,.75053781,.77692139,.44172001,.9889164,1.1508608,1.9042664,2.6015534,3.2012522,3.4222937,3.4222937,3.4222937,3.4222937,3.4222937,3.4222937,3.4222937,3.4222937,3.4222937,3.4222937
GLOMIS,LED-SSP2,AFR,Material Demand|Infrastructure|Buildings|Iron_steel,Mt/yr,high,0,0,0,0,0,0,0,0,0,0,0,0,0,0,0,0,0,0
GLOMIS,LED-SSP2,AFR,Material Demand|Infrastructure|Charging stations|Aluminum,Mt/yr,high,9.0599997e-08,1.0300000e-07,9.0100002e-08,1.3300000e-07,1.5700000e-07,2.2499999e-07,3.0100000e-07,3.7900000e-07,4.4000001e-07,4.4000001e-07,4.4000001e-07,4.4000001e-07,4.4000001e-07,4.4000001e-07,4.4000001e-07,4.4000001e-07,4.4000001e-07,4.4000001e-07
GLOMIS,LED-SSP2,AFR,Material Demand|Infrastructure|Charging stations|Concrete,Mt/yr,high,.000014,.000015899999,.000014,.0000206,.0000244,.0000349,.000046500001,.000058699999,.000068100002,.000068100002,.000068100002,.000068100002,.000068100002,.000068100002,.000068100002,.000068100002,.000068100002,.000068100002
GLOMIS,LED-SSP2,AFR,Material Demand|Infrastructure|Charging stations|Iron_steel,Mt/yr,high,2.3400000e-06,2.6499999e-06,2.3299999e-06,3.4300001e-06,4.0599998e-06,5.8099999e-06,7.7499999e-06,9.7800003e-06,.0000113,.0000113,.0000113,.0000113,.0000113,.0000113,.0000113,.0000113,.0000113,.0000113
GLOMIS,LED-SSP2,AFR,Material Demand|Infrastructure|Fuel stations|Aluminum,Mt/yr,high,.00012559,.000136373,.000099500001,.000174894,.00020548901,.000315496,.00042608401,.00053083798,.00059133,.00059133,.00059133,.00059133,.00059133,.00059133,.00059133,.00059133,.00059133,.00059133
GLOMIS,LED-SSP2,AFR,Material Demand|Infrastructure|Fuel stations|Concrete,Mt/yr,high,.46901637,.50928497,.37152815,.65314293,.76740074,1.1782224,1.5912161,1.9824228,2.2083316,2.2083316,2.2083316,2.2083316,2.2083316,2.2083316,2.2083316,2.2083316,2.2083316,2.2083316
GLOMIS,LED-SSP2,AFR,Material Demand|Infrastructure|Fuel stations|Iron_steel,Mt/yr,high,.018737329,.020346072,.01484265,.026093235,.030657865,.047070302,.063569508,.079198331,.088223442,.088223442,.088223442,.088223442,.088223442,.088223442,.088223442,.088223442,.088223442,.088223442
GLOMIS,LED-SSP2,AFR,Material Demand|Infrastructure|Parking|Aluminum,Mt/yr,high,.00032754001,.00034139099,.000202154,.00043502499,.00050698197,.00082987797,.001131943,.001395272,.001500363,.001500363,.001500363,.001500363,.001500363,.001500363,.001500363,.001500363,.001500363,.001500363
GLOMIS,LED-SSP2,AFR,Material Demand|Infrastructure|Parking|Asphalt,Mt/yr,high,.76047641,.84875131,.69469178,1.0930049,1.2908847,1.8990314,2.5466893,3.1969011,3.6480253,3.6480253,3.6480253,3.6480253,3.6480253,3.6480253,3.6480253,3.6480253,3.6480253,3.6480253
GLOMIS,LED-SSP2,AFR,Material Demand|Infrastructure|Parking|Concrete,Mt/yr,high,1.1001513,1.1466749,.67900294,1.4611776,1.7028688,2.7874222,3.8020096,4.6864886,5.0394702,5.0394702,5.0394702,5.0394702,5.0394702,5.0394702,5.0394702,5.0394702,5.0394702,5.0394702
GLOMIS,LED-SSP2,AFR,Material Demand|Infrastructure|Parking|Iron_steel,Mt/yr,high,.013134216,.01368964,.0081063127,.017444348,.02032979,.033277791,.045390494,.055949897,.060163986,.060163986,.060163986,.060163986,.060163986,.060163986,.060163986,.060163986,.060163986,.060163986
GLOMIS,LED-SSP2,AFR,Material Demand|Infrastructure|Rail|Aluminum,Mt/yr,high,.0080142962,.008501335,.0055411579,.010863288,.012705274,.020232301,.027481606,.03402726,.037145384,.037145384,.037145384,.037145384,.037145384,.037145384,.037145384,.037145384,.037145384,.037145384
GLOMIS,LED-SSP2,AFR,Material Demand|Infrastructure|Rail|Concrete,Mt/yr,high,1.4238551,1.5103059,.98415071,1.9299031,2.2571151,3.5945983,4.882617,6.0454922,6.5991812,6.5991812,6.5991812,6.5991812,6.5991812,6.5991812,6.5991812,6.5991812,6.5991812,6.5991812
GLOMIS,LED-SSP2,AFR,Material Demand|Infrastructure|Rail|Iron_steel,Mt/yr,high,1.2725012,1.3817321,1.0079113,1.7720261,2.0820096,3.1966789,4.317205,5.3785834,5.9914179,5.9914179,5.9914179,5.9914179,5.9914179,5.9914179,5.9914179,5.9914179,5.9914179,5.9914179
GLOMIS,LED-SSP2,AFR,Material Demand|Infrastructure|Roads|Aluminum,Mt/yr,high,0,0,0,0,0,0,0,0,0,0,0,0,0,0,0,0,0,0
GLOMIS,LED-SSP2,AFR,Material Demand|Infrastructure|Roads|Asphalt,Mt/yr,high,512.1618,567.86334,452.80173,730.56775,861.77612,1280.8053,1720.5729,2155.8806,2445.8621,2445.8621,2445.8621,2445.8621,2445.8621,2445.8621,2445.8621,2445.8621,2445.8621,2445.8621
GLOMIS,LED-SSP2,AFR,Material Demand|Infrastructure|Roads|Concrete,Mt/yr,high,0,0,0,0,0,0,0,0,0,0,0,0,0,0,0,0,0,0
GLOMIS,LED-SSP2,AFR,Material Demand|Infrastructure|Roads|Iron_steel,Mt/yr,high,0,0,0,0,0,0,0,0,0,0,0,0,0,0,0,0,0,0
GLOMIS,LED-SSP2,AFR,Material Demand|Infrastructure|Runways|Aluminum,Mt/yr,high,0,0,0,0,0,0,0,0,0,0,0,0,0,0,0,0,0,0
GLOMIS,LED-SSP2,AFR,Material Demand|Infrastructure|Runways|Concrete,Mt/yr,high,.0026334999,.0027127101,.001496246,.003450165,.0040110601,.006688335,.0091477716,.011242759,.011969021,.011969021,.011969021,.011969021,.011969021,.011969021,.011969021,.011969021,.011969021,.011969021
GLOMIS,LED-SSP2,AFR,Material Demand|Infrastructure|Runways|Iron_steel,Mt/yr,high,0,0,0,0,0,0,0,0,0,0,0,0,0,0,0,0,0,0
GLOMIS,LED-SSP2,AFR,Material Demand|Infrastructure|Tunnels|Aluminum,Mt/yr,high,.000038099999,.0000392,.000021600001,.000049900002,.000058000001,.000096700001,.0001323,.000162599,.000173102,.000173102,.000173102,.000173102,.000173102,.000173102,.000173102,.000173102,.000173102,.000173102
GLOMIS,LED-SSP2,AFR,Material Demand|Infrastructure|Tunnels|Asphalt,Mt/yr,high,.037490875,.041705608,.03369702,.053681485,.063361488,.093688585,.12574878,.15770882,.17944264,.17944264,.17944264,.17944264,.17944264,.17944264,.17944264,.17944264,.17944264,.17944264
GLOMIS,LED-SSP2,AFR,Material Demand|Infrastructure|Tunnels|Concrete,Mt/yr,high,.86317027,.88913244,.49041775,1.130845,1.3146869,2.1922052,2.9983234,3.684988,3.9230313,3.9230313,3.9230313,3.9230313,3.9230313,3.9230313,3.9230313,3.9230313,3.9230313,3.9230313
GLOMIS,LED-SSP2,AFR,Material Demand|Infrastructure|Tunnels|Iron_steel,Mt/yr,high,.032962982,.03395443,.018728208,.043185014,.050205618,.083716527,.11450079,.14072332,.14981379,.14981379,.14981379,.14981379,.14981379,.14981379,.14981379,.14981379,.14981379,.14981379
GLOMIS,LED-SSP2,AFR,Material Release|Infrastructure|Bridges|Aluminum,Mt/yr,high,9.6000003e-06,.0000118,.000013,.0000153,.0000184,.000023500001,.0000306,.0000396,.000049099999,.000049099999,.000049099999,.000049099999,.000049099999,.000049099999,.000049099999,.000049099999,.000049099999,.000049099999
GLOMIS,LED-SSP2,AFR,Material Release|Infrastructure|Bridges|Asphalt,Mt/yr,high,.44898191,.54994023,.60626543,.71751988,.86116451,1.097013,1.4326726,1.8503408,2.2969587,2.2969587,2.2969587,2.2969587,2.2969587,2.2969587,2.2969587,2.2969587,2.2969587,2.2969587
GLOMIS,LED-SSP2,AFR,Material Release|Infrastructure|Bridges|Concrete,Mt/yr,high,.31548905,.38643014,.42600852,.50418442,.60512012,.77084535,1.0067055,1.3001912,1.614019,1.614019,1.614019,1.614019,1.614019,1.614019,1.614019,1.614019,1.614019,1.614019
GLOMIS,LED-SSP2,AFR,Material Release|Infrastructure|Bridges|Iron_steel,Mt/yr,high,.083046652,.10172057,.11213885,.13271721,.15928665,.20291075,.26499656,.34225121,.4248606,.4248606,.4248606,.4248606,.4248606,.4248606,.4248606,.4248606,.4248606,.4248606
GLOMIS,LED-SSP2,AFR,Material Release|Infrastructure|Buildings|Aluminum,Mt/yr,high,0,0,0,0,0,0,0,0,0,0,0,0,0,0,0,0,0,0
GLOMIS,LED-SSP2,AFR,Material Release|Infrastructure|Buildings|Concrete,Mt/yr,high,.11733287,.14371641,.15843591,.18751016,.22504894,.28668347,.37440172,.48355135,.6002664,.6002664,.6002664,.6002664,.6002664,.6002664,.6002664,.6002664,.6002664,.6002664
GLOMIS,LED-SSP2,AFR,Material Release|Infrastructure|Buildings|Iron_steel,Mt/yr,high,0,0,0,0,0,0,0,0,0,0,0,0,0,0,0,0,0,0
GLOMIS,LED-SSP2,AFR,Material Release|Infrastructure|Charging stations|Aluminum,Mt/yr,high,5.5000001e-08,6.7300000e-08,7.4200003e-08,8.7799997e-08,1.0500000e-07,1.3400000e-07,1.7500000e-07,2.2700000e-07,2.8100001e-07,2.8100001e-07,2.8100001e-07,2.8100001e-07,2.8100001e-07,2.8100001e-07,2.8100001e-07,2.8100001e-07,2.8100001e-07,2.8100001e-07
GLOMIS,LED-SSP2,AFR,Material Release|Infrastructure|Charging stations|Concrete,Mt/yr,high,8.5100000e-06,.0000104,.0000115,.0000136,.0000163,.0000208,.0000272,.000035100002,.0000435,.0000435,.0000435,.0000435,.0000435,.0000435,.0000435,.0000435,.0000435,.0000435
GLOMIS,LED-SSP2,AFR,Material Release|Infrastructure|Charging stations|Iron_steel,Mt/yr,high,1.4200000e-06,1.7400000e-06,1.9100000e-06,2.2700001e-06,2.7200001e-06,3.4600000e-06,4.5199999e-06,5.8400001e-06,7.2500002e-06,7.2500002e-06,7.2500002e-06,7.2500002e-06,7.2500002e-06,7.2500002e-06,7.2500002e-06,7.2500002e-06,7.2500002e-06,7.2500002e-06
GLOMIS,LED-SSP2,AFR,Material Release|Infrastructure|Fuel stations|Aluminum,Mt/yr,high,.000048000002,.000058699999,.000064799999,.000076600001,.000092000002,.000117166,.00015301599,.00019762501,.00024532599,.00024532599,.00024532599,.00024532599,.00024532599,.00024532599,.00024532599,.00024532599,.00024532599,.00024532599
GLOMIS,LED-SSP2,AFR,Material Release|Infrastructure|Fuel stations|Concrete,Mt/yr,high,.17908248,.21935108,.24181715,.28619248,.34348708,.43755844,.57144082,.73803341,.91617298,.91617298,.91617298,.91617298,.91617298,.91617298,.91617298,.91617298,.91617298,.91617298
GLOMIS,LED-SSP2,AFR,Material Release|Infrastructure|Fuel stations|Iron_steel,Mt/yr,high,.0071543939,.0087631354,.0096606603,.011433467,.013722401,.017480576,.022829214,.029484633,.036601357,.036601357,.036601357,.036601357,.036601357,.036601357,.036601357,.036601357,.036601357,.036601357
GLOMIS,LED-SSP2,AFR,Material Release|Infrastructure|Parking|Aluminum,Mt/yr,high,.000061600003,.000075399999,.000083200001,.0000984,.000118148,.00015050601,.000196557,.00025385999,.00031513401,.00031513401,.00031513401,.00031513401,.00031513401,.00031513401,.00031513401,.00031513401,.00031513401,.00031513401
GLOMIS,LED-SSP2,AFR,Material Release|Infrastructure|Parking|Asphalt,Mt/yr,high,.39257616,.48085108,.53010011,.62737763,.75297612,.95919496,1.2526854,1.6178819,2.0083911,2.0083911,2.0083911,2.0083911,2.0083911,2.0083911,2.0083911,2.0083911,2.0083911,2.0083911
GLOMIS,LED-SSP2,AFR,Material Release|Infrastructure|Parking|Concrete,Mt/yr,high,.20689945,.25342301,.27937871,.33064693,.39684108,.50552464,.66020298,.85267252,1.0584825,1.0584825,1.0584825,1.0584825,1.0584825,1.0584825,1.0584825,1.0584825,1.0584825,1.0584825
GLOMIS,LED-SSP2,AFR,Material Release|Infrastructure|Parking|Iron_steel,Mt/yr,high,.00247008,.0030255041,.0033353779,.0039474461,.0047377078,.0060352329,.0078818686,.010179676,.012636751,.012636751,.012636751,.012636751,.012636751,.012636751,.012636751,.012636751,.012636751,.012636751
GLOMIS,LED-SSP2,AFR,Material Release|Infrastructure|Rail|Aluminum,Mt/yr,high,.0021659611,.0026529999,.0029247219,.003461431,.0041543958,.005292167,.0069114431,.0089263422,.011080899,.011080899,.011080899,.011080899,.011080899,.011080899,.011080899,.011080899,.011080899,.011080899
GLOMIS,LED-SSP2,AFR,Material Release|Infrastructure|Rail|Concrete,Mt/yr,high,.38446444,.47091535,.51914674,.61441427,.73741752,.93937528,1.2268015,1.5844519,1.9668921,1.9668921,1.9668921,1.9668921,1.9668921,1.9668921,1.9668921,1.9668921,1.9668921,1.9668921
GLOMIS,LED-SSP2,AFR,Material Release|Infrastructure|Rail|Iron_steel,Mt/yr,high,.48577178,.59500271,.65594321,.77631396,.9317289,1.186903,1.5500668,2.0019591,2.485173,2.485173,2.485173,2.485173,2.485173,2.485173,2.485173,2.485173,2.485173,2.485173
GLOMIS,LED-SSP2,AFR,Material Release|Infrastructure|Roads|Aluminum,Mt/yr,high,0,0,0,0,0,0,0,0,0,0,0,0,0,0,0,0,0,0
GLOMIS,LED-SSP2,AFR,Material Release|Infrastructure|Roads|Asphalt,Mt/yr,high,247.71582,303.41736,334.49353,395.87573,475.12845,605.25269,790.44543,1020.8846,1267.2961,1267.2961,1267.2961,1267.2961,1267.2961,1267.2961,1267.2961,1267.2961,1267.2961,1267.2961
GLOMIS,LED-SSP2,AFR,Material Release|Infrastructure|Roads|Concrete,Mt/yr,high,0,0,0,0,0,0,0,0,0,0,0,0,0,0,0,0,0,0
GLOMIS,LED-SSP2,AFR,Material Release|Infrastructure|Roads|Iron_steel,Mt/yr,high,0,0,0,0,0,0,0,0,0,0,0,0,0,0,0,0,0,0
GLOMIS,LED-SSP2,AFR,Material Release|Infrastructure|Runways|Aluminum,Mt/yr,high,0,0,0,0,0,0,0,0,0,0,0,0,0,0,0,0,0,0
GLOMIS,LED-SSP2,AFR,Material Release|Infrastructure|Runways|Concrete,Mt/yr,high,.00035226101,.00043147101,.000475662,.00056294998,.00067565101,.000860692,.001124043,.001451736,.0018021429,.0018021429,.0018021429,.0018021429,.0018021429,.0018021429,.0018021429,.0018021429,.0018021429,.0018021429
GLOMIS,LED-SSP2,AFR,Material Release|Infrastructure|Runways|Iron_steel,Mt/yr,high,0,0,0,0,0,0,0,0,0,0,0,0,0,0,0,0,0,0
GLOMIS,LED-SSP2,AFR,Material Release|Infrastructure|Tunnels|Aluminum,Mt/yr,high,5.0899998e-06,6.2399999e-06,6.8800000e-06,8.1400003e-06,9.7700004e-06,.0000124,.0000163,.000021,.0000261,.0000261,.0000261,.0000261,.0000261,.0000261,.0000261,.0000261,.0000261,.0000261
GLOMIS,LED-SSP2,AFR,Material Release|Infrastructure|Tunnels|Asphalt,Mt/yr,high,.018743755,.022958487,.025309907,.029954474,.035951242,.045797266,.059810128,.077246621,.095891684,.095891684,.095891684,.095891684,.095891684,.095891684,.095891684,.095891684,.095891684,.095891684
GLOMIS,LED-SSP2,AFR,Material Release|Infrastructure|Tunnels|Concrete,Mt/yr,high,.11545906,.14142126,.15590571,.18451563,.22145492,.28210515,.36842254,.47582904,.59068012,.59068012,.59068012,.59068012,.59068012,.59068012,.59068012,.59068012,.59068012,.59068012
GLOMIS,LED-SSP2,AFR,Material Release|Infrastructure|Tunnels|Iron_steel,Mt/yr,high,.0044091819,.005400633,.0059537692,.007046333,.0084569799,.010773107,.014069419,.018171089,.022557056,.022557056,.022557056,.022557056,.022557056,.022557056,.022557056,.022557056,.022557056,.022557056
GLOMIS,LED-SSP2,CHN,Material Demand|Infrastructure|Bridges|Aluminum,Mt/yr,high,.016269866,.016761901,.0091542713,.0068480182,.0031624329,.003045334,.003045334,.003045334,.003045334,.003045334,.003045334,.003045334,.003045334,.003045334,.003045334,.003045334,.003045334,.003045334
GLOMIS,LED-SSP2,CHN,Material Demand|Infrastructure|Bridges|Asphalt,Mt/yr,high,50.202984,56.139618,45.601753,43.101746,36.940601,36.7435,36.7435,36.7435,36.7435,36.7435,36.7435,36.7435,36.7435,36.7435,36.7435,36.7435,36.7435,36.7435
GLOMIS,LED-SSP2,CHN,Material Demand|Infrastructure|Bridges|Concrete,Mt/yr,high,129.18652,133.09338,72.687042,54.374851,25.110453,24.18066,24.18066,24.18066,24.18066,24.18066,24.18066,24.18066,24.18066,24.18066,24.18066,24.18066,24.18066,24.18066
GLOMIS,LED-SSP2,CHN,Material Demand|Infrastructure|Bridges|Iron_steel,Mt/yr,high,50.035622,51.548798,28.152637,21.060087,9.7256041,9.3654842,9.3654842,9.3654842,9.3654842,9.3654842,9.3654842,9.3654842,9.3654842,9.3654842,9.3654842,9.3654842,9.3654842,9.3654842
GLOMIS,LED-SSP2,CHN,Material Demand|Infrastructure|Buildings|Aluminum,Mt/yr,high,0,0,0,0,0,0,0,0,0,0,0,0,0,0,0,0,0,0
GLOMIS,LED-SSP2,CHN,Material Demand|Infrastructure|Buildings|Concrete,Mt/yr,high,9.5304928,9.8676577,5.554594,4.2547817,2.1535816,2.0868073,2.0868073,2.0868073,2.0868073,2.0868073,2.0868073,2.0868073,2.0868073,2.0868073,2.0868073,2.0868073,2.0868073,2.0868073
GLOMIS,LED-SSP2,CHN,Material Demand|Infrastructure|Buildings|Iron_steel,Mt/yr,high,0,0,0,0,0,0,0,0,0,0,0,0,0,0,0,0,0,0
GLOMIS,LED-SSP2,CHN,Material Demand|Infrastructure|Charging stations|Aluminum,Mt/yr,high,6.7000002e-07,7.6399999e-07,6.6600001e-07,6.4800003e-07,5.8299997e-07,5.8000001e-07,5.8000001e-07,5.8000001e-07,5.8000001e-07,5.8000001e-07,5.8000001e-07,5.8000001e-07,5.8000001e-07,5.8000001e-07,5.8000001e-07,5.8000001e-07,5.8000001e-07,5.8000001e-07
GLOMIS,LED-SSP2,CHN,Material Demand|Infrastructure|Charging stations|Concrete,Mt/yr,high,.000103756,.000118274,.000103079,.000100262,.000090200003,.000089900001,.000089900001,.000089900001,.000089900001,.000089900001,.000089900001,.000089900001,.000089900001,.000089900001,.000089900001,.000089900001,.000089900001,.000089900001
GLOMIS,LED-SSP2,CHN,Material Demand|Infrastructure|Charging stations|Iron_steel,Mt/yr,high,.000017300001,.000019700001,.0000172,.0000167,.000015,.000015,.000015,.000015,.000015,.000015,.000015,.000015,.000015,.000015,.000015,.000015,.000015,.000015
GLOMIS,LED-SSP2,CHN,Material Demand|Infrastructure|Fuel stations|Aluminum,Mt/yr,high,.00033903899,.00036860601,.00026662499,.000238746,.00018472401,.000183002,.000183002,.000183002,.000183002,.000183002,.000183002,.000183002,.000183002,.000183002,.000183002,.000183002,.000183002,.000183002
GLOMIS,LED-SSP2,CHN,Material Demand|Infrastructure|Fuel stations|Concrete,Mt/yr,high,1.2661449,1.3765653,.99571604,.89159989,.68985522,.68342334,.68342334,.68342334,.68342334,.68342334,.68342334,.68342334,.68342334,.68342334,.68342334,.68342334,.68342334,.68342334
GLOMIS,LED-SSP2,CHN,Material Demand|Infrastructure|Fuel stations|Iron_steel,Mt/yr,high,.05058283,.054994158,.039779127,.035619657,.027559904,.027302949,.027302949,.027302949,.027302949,.027302949,.027302949,.027302949,.027302949,.027302949,.027302949,.027302949,.027302949,.027302949
GLOMIS,LED-SSP2,CHN,Material Demand|Infrastructure|Parking|Aluminum,Mt/yr,high,.00073394401,.00076521997,.00044862099,.000354071,.000198522,.000193577,.000193577,.000193577,.000193577,.000193577,.000193577,.000193577,.000193577,.000193577,.000193577,.000193577,.000193577,.000193577
GLOMIS,LED-SSP2,CHN,Material Demand|Infrastructure|Parking|Asphalt,Mt/yr,high,2.2280259,2.4921904,2.0265496,1.9163239,1.6437092,1.6349875,1.6349875,1.6349875,1.6349875,1.6349875,1.6349875,1.6349875,1.6349875,1.6349875,1.6349875,1.6349875,1.6349875,1.6349875
GLOMIS,LED-SSP2,CHN,Material Demand|Infrastructure|Parking|Concrete,Mt/yr,high,1.8032141,1.8800558,1.102209,.86991131,.48774454,.47559547,.47559547,.47559547,.47559547,.47559547,.47559547,.47559547,.47559547,.47559547,.47559547,.47559547,.47559547,.47559547
GLOMIS,LED-SSP2,CHN,Material Demand|Infrastructure|Parking|Iron_steel,Mt/yr,high,.017595684,.018345503,.010755307,.0084885573,.0047593899,.00464084,.00464084,.00464084,.00464084,.00464084,.00464084,.00464084,.00464084,.00464084,.00464084,.00464084,.00464084,.00464084
GLOMIS,LED-SSP2,CHN,Material Demand|Infrastructure|Rail|Aluminum,Mt/yr,high,.0044942899,.0046302062,.002528721,.001891655,.00087357103,.00084122497,.00084122497,.00084122497,.00084122497,.00084122497,.00084122497,.00084122497,.00084122497,.00084122497,.00084122497,.00084122497,.00084122497,.00084122497
GLOMIS,LED-SSP2,CHN,Material Demand|Infrastructure|Rail|Concrete,Mt/yr,high,4.4478064,4.6493168,2.7657335,2.2052569,1.2767254,1.2472035,1.2472035,1.2472035,1.2472035,1.2472035,1.2472035,1.2472035,1.2472035,1.2472035,1.2472035,1.2472035,1.2472035,1.2472035
GLOMIS,LED-SSP2,CHN,Material Demand|Infrastructure|Rail|Iron_steel,Mt/yr,high,3.6686659,3.9748666,2.8311131,2.5150764,1.9143101,1.8951628,1.8951628,1.8951628,1.8951628,1.8951628,1.8951628,1.8951628,1.8951628,1.8951628,1.8951628,1.8951628,1.8951628,1.8951628
GLOMIS,LED-SSP2,CHN,Material Demand|Infrastructure|Roads|Aluminum,Mt/yr,high,0,0,0,0,0,0,0,0,0,0,0,0,0,0,0,0,0,0
GLOMIS,LED-SSP2,CHN,Material Demand|Infrastructure|Roads|Asphalt,Mt/yr,high,584.26465,651.59814,523.81274,492.8815,419.10516,416.74594,416.74594,416.74594,416.74594,416.74594,416.74594,416.74594,416.74594,416.74594,416.74594,416.74594,416.74594,416.74594
GLOMIS,LED-SSP2,CHN,Material Demand|Infrastructure|Roads|Concrete,Mt/yr,high,114.67686,124.08695,87.862793,77.815483,58.846245,58.24173,58.24173,58.24173,58.24173,58.24173,58.24173,58.24173,58.24173,58.24173,58.24173,58.24173,58.24173,58.24173
GLOMIS,LED-SSP2,CHN,Material Demand|Infrastructure|Roads|Iron_steel,Mt/yr,high,0,0,0,0,0,0,0,0,0,0,0,0,0,0,0,0,0,0
GLOMIS,LED-SSP2,CHN,Material Demand|Infrastructure|Runways|Aluminum,Mt/yr,high,0,0,0,0,0,0,0,0,0,0,0,0,0,0,0,0,0,0
GLOMIS,LED-SSP2,CHN,Material Demand|Infrastructure|Runways|Concrete,Mt/yr,high,.61838859,.63708997,.34793755,.26028094,.12019844,.11574772,.11574772,.11574772,.11574772,.11574772,.11574772,.11574772,.11574772,.11574772,.11574772,.11574772,.11574772,.11574772
GLOMIS,LED-SSP2,CHN,Material Demand|Infrastructure|Runways|Iron_steel,Mt/yr,high,0,0,0,0,0,0,0,0,0,0,0,0,0,0,0,0,0,0
GLOMIS,LED-SSP2,CHN,Material Demand|Infrastructure|Tunnels|Aluminum,Mt/yr,high,.035104614,.036166251,.019751679,.014775598,.0068234112,.0065707532,.0065707532,.0065707532,.0065707532,.0065707532,.0065707532,.0065707532,.0065707532,.0065707532,.0065707532,.0065707532,.0065707532,.0065707532
GLOMIS,LED-SSP2,CHN,Material Demand|Infrastructure|Tunnels|Asphalt,Mt/yr,high,24.138411,26.997011,21.942446,20.744759,17.7873,17.692684,17.692684,17.692684,17.692684,17.692684,17.692684,17.692684,17.692684,17.692684,17.692684,17.692684,17.692684,17.692684
GLOMIS,LED-SSP2,CHN,Material Demand|Infrastructure|Tunnels|Concrete,Mt/yr,high,280.25555,288.73105,157.68633,117.9601,54.474285,52.457207,52.457207,52.457207,52.457207,52.457207,52.457207,52.457207,52.457207,52.457207,52.457207,52.457207,52.457207,52.457207
GLOMIS,LED-SSP2,CHN,Material Demand|Infrastructure|Tunnels|Iron_steel,Mt/yr,high,11.768852,12.124766,6.6217675,4.9535327,2.2875545,2.2028508,2.2028508,2.2028508,2.2028508,2.2028508,2.2028508,2.2028508,2.2028508,2.2028508,2.2028508,2.2028508,2.2028508,2.2028508
GLOMIS,LED-SSP2,CHN,Material Release|Infrastructure|Bridges|Aluminum,Mt/yr,high,.0020992991,.002591332,.002864456,.003014619,.0030445149,.003045334,.003045334,.003045334,.003045334,.003045334,.003045334,.003045334,.003045334,.003045334,.003045334,.003045334,.003045334,.003045334
GLOMIS,LED-SSP2,CHN,Material Release|Infrastructure|Bridges|Asphalt,Mt/yr,high,25.329105,31.265741,34.561115,36.372906,36.73362,36.7435,36.7435,36.7435,36.7435,36.7435,36.7435,36.7435,36.7435,36.7435,36.7435,36.7435,36.7435,36.7435
GLOMIS,LED-SSP2,CHN,Material Release|Infrastructure|Bridges|Concrete,Mt/yr,high,16.668921,20.575783,22.744448,23.936775,24.174158,24.18066,24.18066,24.18066,24.18066,24.18066,24.18066,24.18066,24.18066,24.18066,24.18066,24.18066,24.18066,24.18066
GLOMIS,LED-SSP2,CHN,Material Release|Infrastructure|Bridges|Iron_steel,Mt/yr,high,6.45609,7.9692683,8.8092213,9.2710238,9.3629656,9.3654842,9.3654842,9.3654842,9.3654842,9.3654842,9.3654842,9.3654842,9.3654842,9.3654842,9.3654842,9.3654842,9.3654842,9.3654842
GLOMIS,LED-SSP2,CHN,Material Release|Infrastructure|Buildings|Aluminum,Mt/yr,high,0,0,0,0,0,0,0,0,0,0,0,0,0,0,0,0,0,0
GLOMIS,LED-SSP2,CHN,Material Release|Infrastructure|Buildings|Concrete,Mt/yr,high,1.438539,1.7757038,1.9628612,2.0657597,2.086246,2.0868073,2.0868073,2.0868073,2.0868073,2.0868073,2.0868073,2.0868073,2.0868073,2.0868073,2.0868073,2.0868073,2.0868073,2.0868073
GLOMIS,LED-SSP2,CHN,Material Release|Infrastructure|Buildings|Iron_steel,Mt/yr,high,0,0,0,0,0,0,0,0,0,0,0,0,0,0,0,0,0,0
GLOMIS,LED-SSP2,CHN,Material Release|Infrastructure|Charging stations|Aluminum,Mt/yr,high,4.0000000e-07,4.9400001e-07,5.4600002e-07,5.7500000e-07,5.8000001e-07,5.8000001e-07,5.8000001e-07,5.8000001e-07,5.8000001e-07,5.8000001e-07,5.8000001e-07,5.8000001e-07,5.8000001e-07,5.8000001e-07,5.8000001e-07,5.8000001e-07,5.8000001e-07,5.8000001e-07
GLOMIS,LED-SSP2,CHN,Material Release|Infrastructure|Charging stations|Concrete,Mt/yr,high,.000061899998,.0000765,.000084500003,.000089000001,.0000898,.000089900001,.000089900001,.000089900001,.000089900001,.000089900001,.000089900001,.000089900001,.000089900001,.000089900001,.000089900001,.000089900001,.000089900001,.000089900001
GLOMIS,LED-SSP2,CHN,Material Release|Infrastructure|Charging stations|Iron_steel,Mt/yr,high,.0000103,.0000127,.0000141,.0000148,.000015,.000015,.000015,.000015,.000015,.000015,.000015,.000015,.000015,.000015,.000015,.000015,.000015,.000015
GLOMIS,LED-SSP2,CHN,Material Release|Infrastructure|Fuel stations|Aluminum,Mt/yr,high,.00012615199,.00015572,.000172133,.00018115601,.00018295299,.000183002,.000183002,.000183002,.000183002,.000183002,.000183002,.000183002,.000183002,.000183002,.000183002,.000183002,.000183002,.000183002
GLOMIS,LED-SSP2,CHN,Material Release|Infrastructure|Fuel stations|Concrete,Mt/yr,high,.47111738,.5815379,.64283139,.67653036,.68323958,.68342334,.68342334,.68342334,.68342334,.68342334,.68342334,.68342334,.68342334,.68342334,.68342334,.68342334,.68342334,.68342334
GLOMIS,LED-SSP2,CHN,Material Release|Infrastructure|Fuel stations|Iron_steel,Mt/yr,high,.018821267,.023232594,.025681289,.027027572,.027295606,.027302949,.027302949,.027302949,.027302949,.027302949,.027302949,.027302949,.027302949,.027302949,.027302949,.027302949,.027302949,.027302949
GLOMIS,LED-SSP2,CHN,Material Release|Infrastructure|Parking|Aluminum,Mt/yr,high,.00013344199,.000164718,.00018207901,.000191624,.000193525,.000193577,.000193577,.000193577,.000193577,.000193577,.000193577,.000193577,.000193577,.000193577,.000193577,.000193577,.000193577,.000193577
GLOMIS,LED-SSP2,CHN,Material Release|Infrastructure|Parking|Asphalt,Mt/yr,high,1.1270775,1.3912418,1.5378773,1.618497,1.6345479,1.6349875,1.6349875,1.6349875,1.6349875,1.6349875,1.6349875,1.6349875,1.6349875,1.6349875,1.6349875,1.6349875,1.6349875,1.6349875
GLOMIS,LED-SSP2,CHN,Material Release|Infrastructure|Parking|Concrete,Mt/yr,high,.32785141,.40469322,.44734746,.47079861,.47546759,.47559547,.47559547,.47559547,.47559547,.47559547,.47559547,.47559547,.47559547,.47559547,.47559547,.47559547,.47559547,.47559547
GLOMIS,LED-SSP2,CHN,Material Release|Infrastructure|Parking|Iron_steel,Mt/yr,high,.0031991601,.0039489791,.0043651969,.0045940331,.004639592,.00464084,.00464084,.00464084,.00464084,.00464084,.00464084,.00464084,.00464084,.00464084,.00464084,.00464084,.00464084,.00464084
GLOMIS,LED-SSP2,CHN,Material Release|Infrastructure|Rail|Aluminum,Mt/yr,high,.00057989801,.00071581401,.00079125998,.00083273998,.00084099802,.00084122497,.00084122497,.00084122497,.00084122497,.00084122497,.00084122497,.00084122497,.00084122497,.00084122497,.00084122497,.00084122497,.00084122497,.00084122497
GLOMIS,LED-SSP2,CHN,Material Release|Infrastructure|Rail|Concrete,Mt/yr,high,.85975879,1.061269,1.1731257,1.2346241,1.2468681,1.2472035,1.2472035,1.2472035,1.2472035,1.2472035,1.2472035,1.2472035,1.2472035,1.2472035,1.2472035,1.2472035,1.2472035,1.2472035
GLOMIS,LED-SSP2,CHN,Material Release|Infrastructure|Rail|Iron_steel,Mt/yr,high,1.306429,1.6126299,1.7825994,1.8760481,1.8946532,1.8951628,1.8951628,1.8951628,1.8951628,1.8951628,1.8951628,1.8951628,1.8951628,1.8951628,1.8951628,1.8951628,1.8951628,1.8951628
GLOMIS,LED-SSP2,CHN,Material Release|Infrastructure|Roads|Aluminum,Mt/yr,high,0,0,0,0,0,0,0,0,0,0,0,0,0,0,0,0,0,0
GLOMIS,LED-SSP2,CHN,Material Release|Infrastructure|Roads|Asphalt,Mt/yr,high,287.28354,354.61703,391.99329,412.54266,416.63388,416.74594,416.74594,416.74594,416.74594,416.74594,416.74594,416.74594,416.74594,416.74594,416.74594,416.74594,416.74594,416.74594
GLOMIS,LED-SSP2,CHN,Material Release|Infrastructure|Roads|Concrete,Mt/yr,high,40.148895,49.55899,54.782459,57.654297,58.226074,58.24173,58.24173,58.24173,58.24173,58.24173,58.24173,58.24173,58.24173,58.24173,58.24173,58.24173,58.24173,58.24173
GLOMIS,LED-SSP2,CHN,Material Release|Infrastructure|Roads|Iron_steel,Mt/yr,high,0,0,0,0,0,0,0,0,0,0,0,0,0,0,0,0,0,0
GLOMIS,LED-SSP2,CHN,Material Release|Infrastructure|Runways|Aluminum,Mt/yr,high,0,0,0,0,0,0,0,0,0,0,0,0,0,0,0,0,0,0
GLOMIS,LED-SSP2,CHN,Material Release|Infrastructure|Runways|Concrete,Mt/yr,high,.079790607,.098491929,.10887288,.11458028,.11571659,.11574772,.11574772,.11574772,.11574772,.11574772,.11574772,.11574772,.11574772,.11574772,.11574772,.11574772,.11574772,.11574772
GLOMIS,LED-SSP2,CHN,Material Release|Infrastructure|Runways|Iron_steel,Mt/yr,high,0,0,0,0,0,0,0,0,0,0,0,0,0,0,0,0,0,0
GLOMIS,LED-SSP2,CHN,Material Release|Infrastructure|Tunnels|Aluminum,Mt/yr,high,.0045295442,.0055911778,.0061804829,.0065044812,.006568986,.0065707532,.0065707532,.0065707532,.0065707532,.0065707532,.0065707532,.0065707532,.0065707532,.0065707532,.0065707532,.0065707532,.0065707532,.0065707532
GLOMIS,LED-SSP2,CHN,Material Release|Infrastructure|Tunnels|Asphalt,Mt/yr,high,12.196439,15.05504,16.641825,17.514236,17.687927,17.692684,17.692684,17.692684,17.692684,17.692684,17.692684,17.692684,17.692684,17.692684,17.692684,17.692684,17.692684,17.692684
GLOMIS,LED-SSP2,CHN,Material Release|Infrastructure|Tunnels|Concrete,Mt/yr,high,36.161339,44.636833,49.341511,51.928127,52.443104,52.457207,52.457207,52.457207,52.457207,52.457207,52.457207,52.457207,52.457207,52.457207,52.457207,52.457207,52.457207,52.457207
GLOMIS,LED-SSP2,CHN,Material Release|Infrastructure|Tunnels|Iron_steel,Mt/yr,high,1.5185335,1.8744473,2.0720122,2.1806328,2.2022583,2.2028508,2.2028508,2.2028508,2.2028508,2.2028508,2.2028508,2.2028508,2.2028508,2.2028508,2.2028508,2.2028508,2.2028508,2.2028508
GLOMIS,LED-SSP2,EEU,Material Demand|Infrastructure|Bridges|Aluminum,Mt/yr,high,.000128438,.00013209401,.000027599999,.000027599999,.000027599999,.000027599999,.000027599999,.000027599999,.000027599999,.000027599999,.000027599999,.000027599999,.000027599999,.000027599999,.000027599999,.000027599999,.000027599999,.000027599999
GLOMIS,LED-SSP2,EEU,Material Demand|Infrastructure|Bridges|Asphalt,Mt/yr,high,1.4732953,1.610743,1.0363343,1.0363343,1.0363343,1.0363343,1.0363343,1.0363343,1.0363343,1.0363343,1.0363343,1.0363343,1.0363343,1.0363343,1.0363343,1.0363343,1.0363343,1.0363343
GLOMIS,LED-SSP2,EEU,Material Demand|Infrastructure|Bridges|Concrete,Mt/yr,high,3.3808701,3.477082,.72542238,.72542238,.72542238,.72542238,.72542238,.72542238,.72542238,.72542238,.72542238,.72542238,.72542238,.72542238,.72542238,.72542238,.72542238,.72542238
GLOMIS,LED-SSP2,EEU,Material Demand|Infrastructure|Bridges|Iron_steel,Mt/yr,high,.90155351,.92720968,.19344342,.19344342,.19344342,.19344342,.19344342,.19344342,.19344342,.19344342,.19344342,.19344342,.19344342,.19344342,.19344342,.19344342,.19344342,.19344342
GLOMIS,LED-SSP2,EEU,Material Demand|Infrastructure|Buildings|Aluminum,Mt/yr,high,0,0,0,0,0,0,0,0,0,0,0,0,0,0,0,0,0,0
GLOMIS,LED-SSP2,EEU,Material Demand|Infrastructure|Buildings|Concrete,Mt/yr,high,2.2728193,2.3477314,.56482494,.56482494,.56482494,.56482494,.56482494,.56482494,.56482494,.56482494,.56482494,.56482494,.56482494,.56482494,.56482494,.56482494,.56482494,.56482494
GLOMIS,LED-SSP2,EEU,Material Demand|Infrastructure|Buildings|Iron_steel,Mt/yr,high,0,0,0,0,0,0,0,0,0,0,0,0,0,0,0,0,0,0
GLOMIS,LED-SSP2,EEU,Material Demand|Infrastructure|Charging stations|Aluminum,Mt/yr,high,3.0900001e-06,3.4200000e-06,2.5300001e-06,2.5300001e-06,2.5300001e-06,2.5300001e-06,2.5300001e-06,2.5300001e-06,2.5300001e-06,2.5300001e-06,2.5300001e-06,2.5300001e-06,2.5300001e-06,2.5300001e-06,2.5300001e-06,2.5300001e-06,2.5300001e-06,2.5300001e-06
GLOMIS,LED-SSP2,EEU,Material Demand|Infrastructure|Charging stations|Concrete,Mt/yr,high,.00047825201,.000530124,.00039110699,.00039110699,.00039110699,.00039110699,.00039110699,.00039110699,.00039110699,.00039110699,.00039110699,.00039110699,.00039110699,.00039110699,.00039110699,.00039110699,.00039110699,.00039110699
GLOMIS,LED-SSP2,EEU,Material Demand|Infrastructure|Charging stations|Iron_steel,Mt/yr,high,.000079700003,.000088300003,.000065200002,.000065200002,.000065200002,.000065200002,.000065200002,.000065200002,.000065200002,.000065200002,.000065200002,.000065200002,.000065200002,.000065200002,.000065200002,.000065200002,.000065200002,.000065200002
GLOMIS,LED-SSP2,EEU,Material Demand|Infrastructure|Fuel stations|Aluminum,Mt/yr,high,.000123701,.000132837,.000068900001,.000068900001,.000068900001,.000068900001,.000068900001,.000068900001,.000068900001,.000068900001,.000068900001,.000068900001,.000068900001,.000068900001,.000068900001,.000068900001,.000068900001,.000068900001
GLOMIS,LED-SSP2,EEU,Material Demand|Infrastructure|Fuel stations|Concrete,Mt/yr,high,.46196207,.49608079,.25724977,.25724977,.25724977,.25724977,.25724977,.25724977,.25724977,.25724977,.25724977,.25724977,.25724977,.25724977,.25724977,.25724977,.25724977,.25724977
GLOMIS,LED-SSP2,EEU,Material Demand|Infrastructure|Fuel stations|Iron_steel,Mt/yr,high,.018455509,.019818561,.010277197,.010277197,.010277197,.010277197,.010277197,.010277197,.010277197,.010277197,.010277197,.010277197,.010277197,.010277197,.010277197,.010277197,.010277197,.010277197
GLOMIS,LED-SSP2,EEU,Material Demand|Infrastructure|Parking|Aluminum,Mt/yr,high,.0021547149,.002239082,.000636112,.000636112,.000636112,.000636112,.000636112,.000636112,.000636112,.000636112,.000636112,.000636112,.000636112,.000636112,.000636112,.000636112,.000636112,.000636112
GLOMIS,LED-SSP2,EEU,Material Demand|Infrastructure|Parking|Asphalt,Mt/yr,high,3.2874291,3.6002941,2.3589513,2.3589513,2.3589513,2.3589513,2.3589513,2.3589513,2.3589513,2.3589513,2.3589513,2.3589513,2.3589513,2.3589513,2.3589513,2.3589513,2.3589513,2.3589513
GLOMIS,LED-SSP2,EEU,Material Demand|Infrastructure|Parking|Concrete,Mt/yr,high,4.0074701,4.164381,1.1830807,1.1830807,1.1830807,1.1830807,1.1830807,1.1830807,1.1830807,1.1830807,1.1830807,1.1830807,1.1830807,1.1830807,1.1830807,1.1830807,1.1830807,1.1830807
GLOMIS,LED-SSP2,EEU,Material Demand|Infrastructure|Parking|Iron_steel,Mt/yr,high,.028658433,.029780539,.0084605077,.0084605077,.0084605077,.0084605077,.0084605077,.0084605077,.0084605077,.0084605077,.0084605077,.0084605077,.0084605077,.0084605077,.0084605077,.0084605077,.0084605077,.0084605077
GLOMIS,LED-SSP2,EEU,Material Demand|Infrastructure|Rail|Aluminum,Mt/yr,high,.010788943,.011373716,.0044090962,.0044090962,.0044090962,.0044090962,.0044090962,.0044090962,.0044090962,.0044090962,.0044090962,.0044090962,.0044090962,.0044090962,.0044090962,.0044090962,.0044090962,.0044090962
GLOMIS,LED-SSP2,EEU,Material Demand|Infrastructure|Rail|Concrete,Mt/yr,high,2.8690019,3.0236411,1.1659546,1.1659546,1.1659546,1.1659546,1.1659546,1.1659546,1.1659546,1.1659546,1.1659546,1.1659546,1.1659546,1.1659546,1.1659546,1.1659546,1.1659546,1.1659546
GLOMIS,LED-SSP2,EEU,Material Demand|Infrastructure|Rail|Iron_steel,Mt/yr,high,1.7229612,1.8498847,.95698285,.95698285,.95698285,.95698285,.95698285,.95698285,.95698285,.95698285,.95698285,.95698285,.95698285,.95698285,.95698285,.95698285,.95698285,.95698285
GLOMIS,LED-SSP2,EEU,Material Demand|Infrastructure|Roads|Aluminum,Mt/yr,high,0,0,0,0,0,0,0,0,0,0,0,0,0,0,0,0,0,0
GLOMIS,LED-SSP2,EEU,Material Demand|Infrastructure|Roads|Asphalt,Mt/yr,high,183.80678,200.50923,125.93394,125.93394,125.93394,125.93394,125.93394,125.93394,125.93394,125.93394,125.93394,125.93394,125.93394,125.93394,125.93394,125.93394,125.93394,125.93394
GLOMIS,LED-SSP2,EEU,Material Demand|Infrastructure|Roads|Concrete,Mt/yr,high,0,0,0,0,0,0,0,0,0,0,0,0,0,0,0,0,0,0
GLOMIS,LED-SSP2,EEU,Material Demand|Infrastructure|Roads|Iron_steel,Mt/yr,high,0,0,0,0,0,0,0,0,0,0,0,0,0,0,0,0,0,0
GLOMIS,LED-SSP2,EEU,Material Demand|Infrastructure|Tunnels|Aluminum,Mt/yr,high,.000833534,.00085725402,.000178849,.000178849,.000178849,.000178849,.000178849,.000178849,.000178849,.000178849,.000178849,.000178849,.000178849,.000178849,.000178849,.000178849,.000178849,.000178849
GLOMIS,LED-SSP2,EEU,Material Demand|Infrastructure|Tunnels|Asphalt,Mt/yr,high,.36768126,.40216053,.25996807,.25996807,.25996807,.25996807,.25996807,.25996807,.25996807,.25996807,.25996807,.25996807,.25996807,.25996807,.25996807,.25996807,.25996807,.25996807
GLOMIS,LED-SSP2,EEU,Material Demand|Infrastructure|Tunnels|Concrete,Mt/yr,high,5.3213153,5.4727478,1.1417774,1.1417774,1.1417774,1.1417774,1.1417774,1.1417774,1.1417774,1.1417774,1.1417774,1.1417774,1.1417774,1.1417774,1.1417774,1.1417774,1.1417774,1.1417774
GLOMIS,LED-SSP2,EEU,Material Demand|Infrastructure|Tunnels|Iron_steel,Mt/yr,high,.22874153,.23525098,.049080327,.049080327,.049080327,.049080327,.049080327,.049080327,.049080327,.049080327,.049080327,.049080327,.049080327,.049080327,.049080327,.049080327,.049080327,.049080327
GLOMIS,LED-SSP2,EEU,Material Release|Infrastructure|Bridges|Aluminum,Mt/yr,high,.0000232,.0000268,.000027599999,.000027599999,.000027599999,.000027599999,.000027599999,.000027599999,.000027599999,.000027599999,.000027599999,.000027599999,.000027599999,.000027599999,.000027599999,.000027599999,.000027599999,.000027599999
GLOMIS,LED-SSP2,EEU,Material Release|Infrastructure|Bridges|Asphalt,Mt/yr,high,.87139702,1.0088447,1.0363343,1.0363343,1.0363343,1.0363343,1.0363343,1.0363343,1.0363343,1.0363343,1.0363343,1.0363343,1.0363343,1.0363343,1.0363343,1.0363343,1.0363343,1.0363343
GLOMIS,LED-SSP2,EEU,Material Release|Infrastructure|Bridges|Concrete,Mt/yr,high,.60996813,.70617998,.72542238,.72542238,.72542238,.72542238,.72542238,.72542238,.72542238,.72542238,.72542238,.72542238,.72542238,.72542238,.72542238,.72542238,.72542238,.72542238
GLOMIS,LED-SSP2,EEU,Material Release|Infrastructure|Bridges|Iron_steel,Mt/yr,high,.16265602,.18831219,.19344342,.19344342,.19344342,.19344342,.19344342,.19344342,.19344342,.19344342,.19344342,.19344342,.19344342,.19344342,.19344342,.19344342,.19344342,.19344342
GLOMIS,LED-SSP2,EEU,Material Release|Infrastructure|Buildings|Aluminum,Mt/yr,high,0,0,0,0,0,0,0,0,0,0,0,0,0,0,0,0,0,0
GLOMIS,LED-SSP2,EEU,Material Release|Infrastructure|Buildings|Concrete,Mt/yr,high,.47493047,.54984254,.56482494,.56482494,.56482494,.56482494,.56482494,.56482494,.56482494,.56482494,.56482494,.56482494,.56482494,.56482494,.56482494,.56482494,.56482494,.56482494
GLOMIS,LED-SSP2,EEU,Material Release|Infrastructure|Buildings|Iron_steel,Mt/yr,high,0,0,0,0,0,0,0,0,0,0,0,0,0,0,0,0,0,0
GLOMIS,LED-SSP2,EEU,Material Release|Infrastructure|Charging stations|Aluminum,Mt/yr,high,2.1200001e-06,2.4599999e-06,2.5300001e-06,2.5300001e-06,2.5300001e-06,2.5300001e-06,2.5300001e-06,2.5300001e-06,2.5300001e-06,2.5300001e-06,2.5300001e-06,2.5300001e-06,2.5300001e-06,2.5300001e-06,2.5300001e-06,2.5300001e-06,2.5300001e-06,2.5300001e-06
GLOMIS,LED-SSP2,EEU,Material Release|Infrastructure|Charging stations|Concrete,Mt/yr,high,.00032886001,.00038073299,.00039110699,.00039110699,.00039110699,.00039110699,.00039110699,.00039110699,.00039110699,.00039110699,.00039110699,.00039110699,.00039110699,.00039110699,.00039110699,.00039110699,.00039110699,.00039110699
GLOMIS,LED-SSP2,EEU,Material Release|Infrastructure|Charging stations|Iron_steel,Mt/yr,high,.000054799999,.000063400003,.000065200002,.000065200002,.000065200002,.000065200002,.000065200002,.000065200002,.000065200002,.000065200002,.000065200002,.000065200002,.000065200002,.000065200002,.000065200002,.000065200002,.000065200002,.000065200002
GLOMIS,LED-SSP2,EEU,Material Release|Infrastructure|Fuel stations|Aluminum,Mt/yr,high,.000057900001,.000067100002,.000068900001,.000068900001,.000068900001,.000068900001,.000068900001,.000068900001,.000068900001,.000068900001,.000068900001,.000068900001,.000068900001,.000068900001,.000068900001,.000068900001,.000068900001,.000068900001
GLOMIS,LED-SSP2,EEU,Material Release|Infrastructure|Fuel stations|Concrete,Mt/yr,high,.2163073,.25042602,.25724977,.25724977,.25724977,.25724977,.25724977,.25724977,.25724977,.25724977,.25724977,.25724977,.25724977,.25724977,.25724977,.25724977,.25724977,.25724977
GLOMIS,LED-SSP2,EEU,Material Release|Infrastructure|Fuel stations|Iron_steel,Mt/yr,high,.0086415336,.010004587,.010277197,.010277197,.010277197,.010277197,.010277197,.010277197,.010277197,.010277197,.010277197,.010277197,.010277197,.010277197,.010277197,.010277197,.010277197,.010277197
GLOMIS,LED-SSP2,EEU,Material Release|Infrastructure|Parking|Aluminum,Mt/yr,high,.000534872,.000619239,.000636112,.000636112,.000636112,.000636112,.000636112,.000636112,.000636112,.000636112,.000636112,.000636112,.000636112,.000636112,.000636112,.000636112,.000636112,.000636112
GLOMIS,LED-SSP2,EEU,Material Release|Infrastructure|Parking|Asphalt,Mt/yr,high,1.9835136,2.2963784,2.3589513,2.3589513,2.3589513,2.3589513,2.3589513,2.3589513,2.3589513,2.3589513,2.3589513,2.3589513,2.3589513,2.3589513,2.3589513,2.3589513,2.3589513,2.3589513
GLOMIS,LED-SSP2,EEU,Material Release|Infrastructure|Parking|Concrete,Mt/yr,high,.99478799,1.1516985,1.1830807,1.1830807,1.1830807,1.1830807,1.1830807,1.1830807,1.1830807,1.1830807,1.1830807,1.1830807,1.1830807,1.1830807,1.1830807,1.1830807,1.1830807,1.1830807
GLOMIS,LED-SSP2,EEU,Material Release|Infrastructure|Parking|Iron_steel,Mt/yr,high,.0071139801,.0082360869,.0084605077,.0084605077,.0084605077,.0084605077,.0084605077,.0084605077,.0084605077,.0084605077,.0084605077,.0084605077,.0084605077,.0084605077,.0084605077,.0084605077,.0084605077,.0084605077
GLOMIS,LED-SSP2,EEU,Material Release|Infrastructure|Rail|Aluminum,Mt/yr,high,.0037073679,.0042921412,.0044090962,.0044090962,.0044090962,.0044090962,.0044090962,.0044090962,.0044090962,.0044090962,.0044090962,.0044090962,.0044090962,.0044090962,.0044090962,.0044090962,.0044090962,.0044090962
GLOMIS,LED-SSP2,EEU,Material Release|Infrastructure|Rail|Concrete,Mt/yr,high,.98038763,1.1350268,1.1659546,1.1659546,1.1659546,1.1659546,1.1659546,1.1659546,1.1659546,1.1659546,1.1659546,1.1659546,1.1659546,1.1659546,1.1659546,1.1659546,1.1659546,1.1659546
GLOMIS,LED-SSP2,EEU,Material Release|Infrastructure|Rail|Iron_steel,Mt/yr,high,.80467463,.93159813,.95698285,.95698285,.95698285,.95698285,.95698285,.95698285,.95698285,.95698285,.95698285,.95698285,.95698285,.95698285,.95698285,.95698285,.95698285,.95698285
GLOMIS,LED-SSP2,EEU,Material Release|Infrastructure|Roads|Aluminum,Mt/yr,high,0,0,0,0,0,0,0,0,0,0,0,0,0,0,0,0,0,0
GLOMIS,LED-SSP2,EEU,Material Release|Infrastructure|Roads|Asphalt,Mt/yr,high,105.89098,122.59344,125.93394,125.93394,125.93394,125.93394,125.93394,125.93394,125.93394,125.93394,125.93394,125.93394,125.93394,125.93394,125.93394,125.93394,125.93394,125.93394
GLOMIS,LED-SSP2,EEU,Material Release|Infrastructure|Roads|Concrete,Mt/yr,high,0,0,0,0,0,0,0,0,0,0,0,0,0,0,0,0,0,0
GLOMIS,LED-SSP2,EEU,Material Release|Infrastructure|Roads|Iron_steel,Mt/yr,high,0,0,0,0,0,0,0,0,0,0,0,0,0,0,0,0,0,0
GLOMIS,LED-SSP2,EEU,Material Release|Infrastructure|Tunnels|Aluminum,Mt/yr,high,.000150384,.00017410499,.000178849,.000178849,.000178849,.000178849,.000178849,.000178849,.000178849,.000178849,.000178849,.000178849,.000178849,.000178849,.000178849,.000178849,.000178849,.000178849
GLOMIS,LED-SSP2,EEU,Material Release|Infrastructure|Tunnels|Asphalt,Mt/yr,high,.21859297,.25307223,.25996807,.25996807,.25996807,.25996807,.25996807,.25996807,.25996807,.25996807,.25996807,.25996807,.25996807,.25996807,.25996807,.25996807,.25996807,.25996807
GLOMIS,LED-SSP2,EEU,Material Release|Infrastructure|Tunnels|Concrete,Mt/yr,high,.96005833,1.1114908,1.1417774,1.1417774,1.1417774,1.1417774,1.1417774,1.1417774,1.1417774,1.1417774,1.1417774,1.1417774,1.1417774,1.1417774,1.1417774,1.1417774,1.1417774,1.1417774
GLOMIS,LED-SSP2,EEU,Material Release|Infrastructure|Tunnels|Iron_steel,Mt/yr,high,.041268971,.047778435,.049080327,.049080327,.049080327,.049080327,.049080327,.049080327,.049080327,.049080327,.049080327,.049080327,.049080327,.049080327,.049080327,.049080327,.049080327,.049080327
GLOMIS,LED-SSP2,FSU,Material Demand|Infrastructure|Bridges|Aluminum,Mt/yr,high,.000204717,.00020963899,.000150401,.00020885,.000176407,.000135006,.000093399998,.000092000002,.000082300001,.000082300001,.000082300001,.000082300001,.000082300001,.000082300001,.000082300001,.000082300001,.000082300001,.000082300001
GLOMIS,LED-SSP2,FSU,Material Demand|Infrastructure|Bridges|Asphalt,Mt/yr,high,1.4098879,1.4917841,1.3853896,1.5946674,1.5629896,1.487852,1.3913503,1.3928905,1.36888,1.36888,1.36888,1.36888,1.36888,1.36888,1.36888,1.36888,1.36888,1.36888
GLOMIS,LED-SSP2,FSU,Material Demand|Infrastructure|Bridges|Concrete,Mt/yr,high,2.6733184,2.7375884,1.9640328,2.7272885,2.3036342,1.76299,1.2195493,1.2019504,1.0742637,1.0742637,1.0742637,1.0742637,1.0742637,1.0742637,1.0742637,1.0742637,1.0742637,1.0742637
GLOMIS,LED-SSP2,FSU,Material Demand|Infrastructure|Bridges|Iron_steel,Mt/yr,high,.88799804,.9093467,.65239412,.90592527,.76519978,.58561361,.40509856,.39925271,.35683894,.35683894,.35683894,.35683894,.35683894,.35683894,.35683894,.35683894,.35683894,.35683894
GLOMIS,LED-SSP2,FSU,Material Demand|Infrastructure|Buildings|Aluminum,Mt/yr,high,0,0,0,0,0,0,0,0,0,0,0,0,0,0,0,0,0,0
GLOMIS,LED-SSP2,FSU,Material Demand|Infrastructure|Buildings|Concrete,Mt/yr,high,2.1643488,2.2231705,1.6395376,2.2301488,1.91427,1.5062544,1.0931621,1.0804441,.98319513,.98319513,.98319513,.98319513,.98319513,.98319513,.98319513,.98319513,.98319513,.98319513
GLOMIS,LED-SSP2,FSU,Material Demand|Infrastructure|Buildings|Iron_steel,Mt/yr,high,0,0,0,0,0,0,0,0,0,0,0,0,0,0,0,0,0,0
GLOMIS,LED-SSP2,FSU,Material Demand|Infrastructure|Charging stations|Aluminum,Mt/yr,high,9.6300005e-07,1.0200000e-06,9.8600003e-07,1.1100000e-06,1.1100000e-06,1.0799999e-06,1.0400000e-06,1.0400000e-06,1.0300000e-06,1.0300000e-06,1.0300000e-06,1.0300000e-06,1.0300000e-06,1.0300000e-06,1.0300000e-06,1.0300000e-06,1.0300000e-06,1.0300000e-06
GLOMIS,LED-SSP2,FSU,Material Demand|Infrastructure|Charging stations|Concrete,Mt/yr,high,.000149106,.000158618,.000152714,.00017142,.00017147,.000167248,.00016041299,.000160768,.00015899701,.00015899701,.00015899701,.00015899701,.00015899701,.00015899701,.00015899701,.00015899701,.00015899701,.00015899701
GLOMIS,LED-SSP2,FSU,Material Demand|Infrastructure|Charging stations|Iron_steel,Mt/yr,high,.0000248,.000026399999,.000025400001,.000028599999,.000028599999,.0000279,.0000267,.0000268,.0000265,.0000265,.0000265,.0000265,.0000265,.0000265,.0000265,.0000265,.0000265,.0000265
GLOMIS,LED-SSP2,FSU,Material Demand|Infrastructure|Fuel stations|Aluminum,Mt/yr,high,.000268781,.00028222299,.000248305,.00029694001,.00028223,.00025841201,.00023141901,.00023122301,.000224687,.000224687,.000224687,.000224687,.000224687,.000224687,.000224687,.000224687,.000224687,.000224687
GLOMIS,LED-SSP2,FSU,Material Demand|Infrastructure|Fuel stations|Concrete,Mt/yr,high,1.0037658,1.0539665,.92729777,1.1089246,1.0539935,.9650414,.86423755,.86350673,.83909613,.83909613,.83909613,.83909613,.83909613,.83909613,.83909613,.83909613,.83909613,.83909613
GLOMIS,LED-SSP2,FSU,Material Demand|Infrastructure|Fuel stations|Iron_steel,Mt/yr,high,.040100716,.042106245,.037045795,.044301838,.042107325,.038553663,.034526523,.034497324,.033522118,.033522118,.033522118,.033522118,.033522118,.033522118,.033522118,.033522118,.033522118,.033522118
GLOMIS,LED-SSP2,FSU,Material Demand|Infrastructure|Parking|Aluminum,Mt/yr,high,.0013923279,.001435845,.001096059,.001453144,.001272617,.001034976,.00079171598,.00078481401,.000727379,.000727379,.000727379,.000727379,.000727379,.000727379,.000727379,.000727379,.000727379,.000727379
GLOMIS,LED-SSP2,FSU,Material Demand|Infrastructure|Parking|Asphalt,Mt/yr,high,2.5330956,2.6824286,2.5050523,2.8722243,2.8240714,2.6986694,2.5339744,2.537236,2.4960771,2.4960771,2.4960771,2.4960771,2.4960771,2.4960771,2.4960771,2.4960771,2.4960771,2.4960771
GLOMIS,LED-SSP2,FSU,Material Demand|Infrastructure|Parking|Concrete,Mt/yr,high,3.115994,3.2133837,2.4529524,3.252099,2.8480847,2.3162491,1.7718403,1.7563946,1.6278548,1.6278548,1.6278548,1.6278548,1.6278548,1.6278548,1.6278548,1.6278548,1.6278548,1.6278548
GLOMIS,LED-SSP2,FSU,Material Demand|Infrastructure|Parking|Iron_steel,Mt/yr,high,.027930666,.028803634,.021987397,.029150663,.025529221,.020762036,.015882149,.015743701,.014591514,.014591514,.014591514,.014591514,.014591514,.014591514,.014591514,.014591514,.014591514,.014591514
GLOMIS,LED-SSP2,FSU,Material Demand|Infrastructure|Rail|Aluminum,Mt/yr,high,.019392097,.020168722,.016507627,.020794468,.018961355,.016397558,.013684856,.013627177,.012981159,.012981159,.012981159,.012981159,.012981159,.012981159,.012981159,.012981159,.012981159,.012981159
GLOMIS,LED-SSP2,FSU,Material Demand|Infrastructure|Rail|Concrete,Mt/yr,high,4.5940046,4.7764807,3.8996978,4.9213209,4.4810352,3.8670781,3.2184687,3.2044647,3.0500624,3.0500624,3.0500624,3.0500624,3.0500624,3.0500624,3.0500624,3.0500624,3.0500624,3.0500624
GLOMIS,LED-SSP2,FSU,Material Demand|Infrastructure|Rail|Iron_steel,Mt/yr,high,3.5099733,3.6850471,3.2391701,3.8761685,3.6822147,3.3691187,3.0147731,3.0121124,2.9263306,2.9263306,2.9263306,2.9263306,2.9263306,2.9263306,2.9263306,2.9263306,2.9263306,2.9263306
GLOMIS,LED-SSP2,FSU,Material Demand|Infrastructure|Roads|Aluminum,Mt/yr,high,0,0,0,0,0,0,0,0,0,0,0,0,0,0,0,0,0,0
GLOMIS,LED-SSP2,FSU,Material Demand|Infrastructure|Roads|Asphalt,Mt/yr,high,313.17621,331.08585,305.68188,353.30319,345.14075,327.21759,304.66562,304.94418,299.35638,299.35638,299.35638,299.35638,299.35638,299.35638,299.35638,299.35638,299.35638,299.35638
GLOMIS,LED-SSP2,FSU,Material Demand|Infrastructure|Roads|Concrete,Mt/yr,high,0,0,0,0,0,0,0,0,0,0,0,0,0,0,0,0,0,0
GLOMIS,LED-SSP2,FSU,Material Demand|Infrastructure|Roads|Iron_steel,Mt/yr,high,0,0,0,0,0,0,0,0,0,0,0,0,0,0,0,0,0,0
GLOMIS,LED-SSP2,FSU,Material Demand|Infrastructure|Tunnels|Aluminum,Mt/yr,high,.001834464,.001878567,.001347744,.001871499,.001580782,.001209786,.00083686999,.00082479301,.00073717302,.00073717302,.00073717302,.00073717302,.00073717302,.00073717302,.00073717302,.00073717302,.00073717302,.00073717302
GLOMIS,LED-SSP2,FSU,Material Demand|Infrastructure|Tunnels|Asphalt,Mt/yr,high,.11796925,.12477117,.11555117,.13326561,.13041306,.12390488,.11563006,.11574753,.11369287,.11369287,.11369287,.11369287,.11369287,.11369287,.11369287,.11369287,.11369287,.11369287
GLOMIS,LED-SSP2,FSU,Material Demand|Infrastructure|Tunnels|Concrete,Mt/yr,high,6.2008629,6.3499398,4.5556483,6.3260484,5.3433666,4.0893216,2.8287907,2.7879694,2.4917953,2.4917953,2.4917953,2.4917953,2.4917953,2.4917953,2.4917953,2.4917953,2.4917953,2.4917953
GLOMIS,LED-SSP2,FSU,Material Demand|Infrastructure|Tunnels|Iron_steel,Mt/yr,high,.29559916,.30270576,.21717073,.30156684,.25472176,.19494063,.13485029,.13290432,.11878551,.11878551,.11878551,.11878551,.11878551,.11878551,.11878551,.11878551,.11878551,.11878551
GLOMIS,LED-SSP2,FSU,Material Release|Infrastructure|Bridges|Aluminum,Mt/yr,high,.000062999999,.0000679,.000071100003,.000075299999,.000078999998,.000081099999,.000081799997,.0000822,.000082300001,.000082300001,.000082300001,.000082300001,.000082300001,.000082300001,.000082300001,.000082300001,.000082300001,.000082300001
GLOMIS,LED-SSP2,FSU,Material Release|Infrastructure|Bridges|Asphalt,Mt/yr,high,1.0478657,1.1297619,1.182804,1.2536799,1.3141425,1.3502955,1.3618567,1.3677423,1.36888,1.36888,1.36888,1.36888,1.36888,1.36888,1.36888,1.36888,1.36888,1.36888
GLOMIS,LED-SSP2,FSU,Material Release|Infrastructure|Bridges|Concrete,Mt/yr,high,.82233953,.88660961,.92823577,.98385745,1.031307,1.059679,1.0687519,1.0733708,1.0742637,1.0742637,1.0742637,1.0742637,1.0742637,1.0742637,1.0742637,1.0742637,1.0742637,1.0742637
GLOMIS,LED-SSP2,FSU,Material Release|Infrastructure|Bridges|Iron_steel,Mt/yr,high,.27315709,.29450575,.30833271,.32680863,.34256998,.35199434,.3550081,.35654235,.35683894,.35683894,.35683894,.35683894,.35683894,.35683894,.35683894,.35683894,.35683894,.35683894
GLOMIS,LED-SSP2,FSU,Material Release|Infrastructure|Buildings|Aluminum,Mt/yr,high,0,0,0,0,0,0,0,0,0,0,0,0,0,0,0,0,0,0
GLOMIS,LED-SSP2,FSU,Material Release|Infrastructure|Buildings|Concrete,Mt/yr,high,.75262731,.81144905,.84954643,.90045291,.94388002,.96984684,.97815061,.98237795,.98319513,.98319513,.98319513,.98319513,.98319513,.98319513,.98319513,.98319513,.98319513,.98319513
GLOMIS,LED-SSP2,FSU,Material Release|Infrastructure|Buildings|Iron_steel,Mt/yr,high,0,0,0,0,0,0,0,0,0,0,0,0,0,0,0,0,0,0
GLOMIS,LED-SSP2,FSU,Material Release|Infrastructure|Charging stations|Aluminum,Mt/yr,high,7.8599999e-07,8.4800001e-07,8.8700000e-07,9.4100000e-07,9.8600003e-07,1.0100000e-06,1.0200000e-06,1.0300000e-06,1.0300000e-06,1.0300000e-06,1.0300000e-06,1.0300000e-06,1.0300000e-06,1.0300000e-06,1.0300000e-06,1.0300000e-06,1.0300000e-06,1.0300000e-06
GLOMIS,LED-SSP2,FSU,Material Release|Infrastructure|Charging stations|Concrete,Mt/yr,high,.000121711,.000131223,.00013738401,.000145616,.000152639,.000156838,.00015818101,.000158865,.00015899701,.00015899701,.00015899701,.00015899701,.00015899701,.00015899701,.00015899701,.00015899701,.00015899701,.00015899701
GLOMIS,LED-SSP2,FSU,Material Release|Infrastructure|Charging stations|Iron_steel,Mt/yr,high,.0000203,.000021899999,.0000229,.000024299999,.000025400001,.0000261,.000026399999,.0000265,.0000265,.0000265,.0000265,.0000265,.0000265,.0000265,.0000265,.0000265,.0000265,.0000265
GLOMIS,LED-SSP2,FSU,Material Release|Infrastructure|Fuel stations|Aluminum,Mt/yr,high,.000171996,.000185438,.000194144,.00020577799,.00021570201,.000221636,.00022353401,.00022450001,.000224687,.000224687,.000224687,.000224687,.000224687,.000224687,.000224687,.000224687,.000224687,.000224687
GLOMIS,LED-SSP2,FSU,Material Release|Infrastructure|Fuel stations|Concrete,Mt/yr,high,.64232081,.69252151,.72503525,.76848078,.80554312,.82770419,.834791,.83839869,.83909613,.83909613,.83909613,.83909613,.83909613,.83909613,.83909613,.83909613,.83909613,.83909613
GLOMIS,LED-SSP2,FSU,Material Release|Infrastructure|Fuel stations|Iron_steel,Mt/yr,high,.025660887,.02766642,.028965352,.030701011,.032181665,.033067007,.033350125,.033494253,.033522118,.033522118,.033522118,.033522118,.033522118,.033522118,.033522118,.033522118,.033522118,.033522118
GLOMIS,LED-SSP2,FSU,Material Release|Infrastructure|Parking|Aluminum,Mt/yr,high,.00055680203,.00060031901,.00062850403,.00066616503,.00069829298,.00071750302,.00072364701,.00072677399,.000727379,.000727379,.000727379,.000727379,.000727379,.000727379,.000727379,.000727379,.000727379,.000727379
GLOMIS,LED-SSP2,FSU,Material Release|Infrastructure|Parking|Asphalt,Mt/yr,high,1.9107254,2.0600584,2.1567776,2.286016,2.3962662,2.4621892,2.4832704,2.4940026,2.4960771,2.4960771,2.4960771,2.4960771,2.4960771,2.4960771,2.4960771,2.4960771,2.4960771,2.4960771
GLOMIS,LED-SSP2,FSU,Material Release|Infrastructure|Parking|Concrete,Mt/yr,high,1.2461087,1.3434985,1.4065754,1.4908603,1.5627617,1.6057544,1.6195028,1.6265018,1.6278548,1.6278548,1.6278548,1.6278548,1.6278548,1.6278548,1.6278548,1.6278548,1.6278548,1.6278548
GLOMIS,LED-SSP2,FSU,Material Release|Infrastructure|Parking|Iron_steel,Mt/yr,high,.011169677,.012042645,.012608045,.013363543,.014008041,.014393413,.014516648,.014579386,.014591514,.014591514,.014591514,.014591514,.014591514,.014591514,.014591514,.014591514,.014591514,.014591514
GLOMIS,LED-SSP2,FSU,Material Release|Infrastructure|Rail|Aluminum,Mt/yr,high,.0099369641,.010713589,.01121659,.01188871,.01246208,.012804921,.012914556,.012970369,.012981159,.012981159,.012981159,.012981159,.012981159,.012981159,.012981159,.012981159,.012981159,.012981159
GLOMIS,LED-SSP2,FSU,Material Release|Infrastructure|Rail|Concrete,Mt/yr,high,2.3347962,2.5172725,2.635458,2.7933798,2.9280992,3.0086534,3.0344133,3.0475273,3.0500624,3.0500624,3.0500624,3.0500624,3.0500624,3.0500624,3.0500624,3.0500624,3.0500624,3.0500624
GLOMIS,LED-SSP2,FSU,Material Release|Infrastructure|Rail|Iron_steel,Mt/yr,high,2.2400806,2.4151545,2.5285456,2.6800606,2.809315,2.8866014,2.9113162,2.9238982,2.9263306,2.9263306,2.9263306,2.9263306,2.9263306,2.9263306,2.9263306,2.9263306,2.9263306,2.9263306
GLOMIS,LED-SSP2,FSU,Material Release|Infrastructure|Roads|Aluminum,Mt/yr,high,0,0,0,0,0,0,0,0,0,0,0,0,0,0,0,0,0,0
GLOMIS,LED-SSP2,FSU,Material Release|Infrastructure|Roads|Asphalt,Mt/yr,high,229.15471,247.06433,258.66397,274.1636,287.38599,295.29221,297.82047,299.10757,299.35638,299.35638,299.35638,299.35638,299.35638,299.35638,299.35638,299.35638,299.35638,299.35638
GLOMIS,LED-SSP2,FSU,Material Release|Infrastructure|Roads|Concrete,Mt/yr,high,0,0,0,0,0,0,0,0,0,0,0,0,0,0,0,0,0,0
GLOMIS,LED-SSP2,FSU,Material Release|Infrastructure|Roads|Iron_steel,Mt/yr,high,0,0,0,0,0,0,0,0,0,0,0,0,0,0,0,0,0,0
GLOMIS,LED-SSP2,FSU,Material Release|Infrastructure|Tunnels|Aluminum,Mt/yr,high,.00056429999,.000608403,.00063696702,.000675135,.00070769602,.00072716502,.00073339097,.00073655997,.00073717302,.00073717302,.00073717302,.00073717302,.00073717302,.00073717302,.00073717302,.00073717302,.00073717302,.00073717302
GLOMIS,LED-SSP2,FSU,Material Release|Infrastructure|Tunnels|Asphalt,Mt/yr,high,.087030903,.093832821,.098238252,.10412488,.10914662,.11214933,.11310954,.11359838,.11369287,.11369287,.11369287,.11369287,.11369287,.11369287,.11369287,.11369287,.11369287,.11369287
GLOMIS,LED-SSP2,FSU,Material Release|Infrastructure|Tunnels|Concrete,Mt/yr,high,1.9074477,2.0565245,2.1530781,2.2820945,2.3921556,2.4579656,2.4790106,2.4897242,2.4917953,2.4917953,2.4917953,2.4917953,2.4917953,2.4917953,2.4917953,2.4917953,2.4917953,2.4917953
GLOMIS,LED-SSP2,FSU,Material Release|Infrastructure|Tunnels|Iron_steel,Mt/yr,high,.09092927,.098035865,.10263863,.10878894,.11403562,.11717281,.11817604,.11868677,.11878551,.11878551,.11878551,.11878551,.11878551,.11878551,.11878551,.11878551,.11878551,.11878551
GLOMIS,LED-SSP2,LAM,Material Demand|Infrastructure|Bridges|Aluminum,Mt/yr,high,.000832455,.00085654203,.000167661,.00043785101,.00040763,.000318823,.000207562,.00037506799,.00032664099,.00032664099,.00032664099,.00032664099,.00032664099,.00032664099,.00032664099,.00032664099,.00032664099,.00032664099
GLOMIS,LED-SSP2,LAM,Material Demand|Infrastructure|Bridges|Asphalt,Mt/yr,high,2.9631939,3.2567468,2.0433366,2.5943768,2.6231303,2.5146401,2.3257895,2.6867239,2.6480267,2.6480267,2.6480267,2.6480267,2.6480267,2.6480267,2.6480267,2.6480267,2.6480267,2.6480267
GLOMIS,LED-SSP2,LAM,Material Demand|Infrastructure|Bridges|Concrete,Mt/yr,high,7.1014895,7.3069682,1.4302778,3.7352123,3.4774027,2.7198131,1.7706679,3.1996217,2.7865024,2.7865024,2.7865024,2.7865024,2.7865024,2.7865024,2.7865024,2.7865024,2.7865024,2.7865024
GLOMIS,LED-SSP2,LAM,Material Demand|Infrastructure|Bridges|Iron_steel,Mt/yr,high,1.2946843,1.3321455,.26075631,.68097275,.63397104,.49585363,.32281339,.58332831,.50801182,.50801182,.50801182,.50801182,.50801182,.50801182,.50801182,.50801182,.50801182,.50801182
GLOMIS,LED-SSP2,LAM,Material Demand|Infrastructure|Buildings|Aluminum,Mt/yr,high,0,0,0,0,0,0,0,0,0,0,0,0,0,0,0,0,0,0
GLOMIS,LED-SSP2,LAM,Material Demand|Infrastructure|Buildings|Concrete,Mt/yr,high,1.0622762,1.0979701,.24845502,.58344078,.54812843,.43975729,.30272198,.51085854,.45225108,.45225108,.45225108,.45225108,.45225108,.45225108,.45225108,.45225108,.45225108,.45225108
GLOMIS,LED-SSP2,LAM,Material Demand|Infrastructure|Buildings|Iron_steel,Mt/yr,high,0,0,0,0,0,0,0,0,0,0,0,0,0,0,0,0,0,0
GLOMIS,LED-SSP2,LAM,Material Demand|Infrastructure|Charging stations|Aluminum,Mt/yr,high,3.3100000e-07,3.6899999e-07,2.6699999e-07,3.1700000e-07,3.2400001e-07,3.1799999e-07,3.0199999e-07,3.3600000e-07,3.3500001e-07,3.3500001e-07,3.3500001e-07,3.3500001e-07,3.3500001e-07,3.3500001e-07,3.3500001e-07,3.3500001e-07,3.3500001e-07,3.3500001e-07
GLOMIS,LED-SSP2,LAM,Material Demand|Infrastructure|Charging stations|Concrete,Mt/yr,high,.000051300001,.000057199999,.000041300002,.000049099999,.0000502,.0000492,.0000468,.000051999999,.000051899999,.000051899999,.000051899999,.000051899999,.000051899999,.000051899999,.000051899999,.000051899999,.000051899999,.000051899999
GLOMIS,LED-SSP2,LAM,Material Demand|Infrastructure|Charging stations|Iron_steel,Mt/yr,high,8.5399997e-06,9.5300002e-06,6.8800000e-06,8.1899998e-06,8.3599998e-06,8.1899998e-06,7.7900004e-06,8.6700002e-06,8.6500004e-06,8.6500004e-06,8.6500004e-06,8.6500004e-06,8.6500004e-06,8.6500004e-06,8.6500004e-06,8.6500004e-06,8.6500004e-06,8.6500004e-06
GLOMIS,LED-SSP2,LAM,Material Demand|Infrastructure|Fuel stations|Aluminum,Mt/yr,high,.00059972698,.00064599898,.00032209099,.000459587,.00045678599,.000421701,.00037037799,.00045830701,.00044202301,.00044202301,.00044202301,.00044202301,.00044202301,.00044202301,.00044202301,.00044202301,.00044202301,.00044202301
GLOMIS,LED-SSP2,LAM,Material Demand|Infrastructure|Fuel stations|Concrete,Mt/yr,high,2.2396872,2.4124932,1.2028519,1.7163335,1.7058749,1.5748471,1.3831818,1.7115549,1.6507394,1.6507394,1.6507394,1.6507394,1.6507394,1.6507394,1.6507394,1.6507394,1.6507394,1.6507394
GLOMIS,LED-SSP2,LAM,Material Demand|Infrastructure|Fuel stations|Iron_steel,Mt/yr,high,.089476101,.096379749,.048054256,.068567984,.068150155,.062915564,.055258483,.068377078,.06594748,.06594748,.06594748,.06594748,.06594748,.06594748,.06594748,.06594748,.06594748,.06594748
GLOMIS,LED-SSP2,LAM,Material Demand|Infrastructure|Parking|Aluminum,Mt/yr,high,.001489097,.001548755,.00041526,.00086582499,.000822637,.00068033498,.00049783301,.00077870302,.00070273702,.00070273702,.00070273702,.00070273702,.00070273702,.00070273702,.00070273702,.00070273702,.00070273702,.00070273702
GLOMIS,LED-SSP2,LAM,Material Demand|Infrastructure|Parking|Asphalt,Mt/yr,high,2.672184,2.9413302,1.8734486,2.3616314,2.3904622,2.2970452,2.1311505,2.4516304,2.4195788,2.4195788,2.4195788,2.4195788,2.4195788,2.4195788,2.4195788,2.4195788,2.4195788,2.4195788
GLOMIS,LED-SSP2,LAM,Material Demand|Infrastructure|Parking|Concrete,Mt/yr,high,3.5910404,3.7349081,1.0014216,2.0879855,1.9838336,1.640666,1.2005508,1.8778847,1.694688,1.694688,1.694688,1.694688,1.694688,1.694688,1.694688,1.694688,1.694688,1.694688
GLOMIS,LED-SSP2,LAM,Material Demand|Infrastructure|Parking|Iron_steel,Mt/yr,high,.034493092,.035874985,.0096189743,.020055767,.019055355,.015759122,.011531674,.018037684,.016278019,.016278019,.016278019,.016278019,.016278019,.016278019,.016278019,.016278019,.016278019,.016278019
GLOMIS,LED-SSP2,LAM,Material Demand|Infrastructure|Rail|Aluminum,Mt/yr,high,.011698685,.012327339,.0043758778,.0075994581,.0073650992,.0064069722,.0051326812,.0071581211,.0066642188,.0066642188,.0066642188,.0066642188,.0066642188,.0066642188,.0066642188,.0066642188,.0066642188,.0066642188
GLOMIS,LED-SSP2,LAM,Material Demand|Infrastructure|Rail|Concrete,Mt/yr,high,2.6180534,2.7500744,.91896033,1.6574934,1.5993615,1.376284,1.0824702,1.5455567,1.4294516,1.4294516,1.4294516,1.4294516,1.4294516,1.4294516,1.4294516,1.4294516,1.4294516,1.4294516
GLOMIS,LED-SSP2,LAM,Material Demand|Infrastructure|Rail|Iron_steel,Mt/yr,high,1.8013375,1.9374818,.94766176,1.3662583,1.3559835,1.2477629,1.0907786,1.3580986,1.3073589,1.3073589,1.3073589,1.3073589,1.3073589,1.3073589,1.3073589,1.3073589,1.3073589,1.3073589
GLOMIS,LED-SSP2,LAM,Material Demand|Infrastructure|Roads|Aluminum,Mt/yr,high,0,0,0,0,0,0,0,0,0,0,0,0,0,0,0,0,0,0
GLOMIS,LED-SSP2,LAM,Material Demand|Infrastructure|Roads|Asphalt,Mt/yr,high,710.42786,778.52002,473.96997,610.60297,615.99609,587.70032,540.14264,629.26703,618.51794,618.51794,618.51794,618.51794,618.51794,618.51794,618.51794,618.51794,618.51794,618.51794
GLOMIS,LED-SSP2,LAM,Material Demand|Infrastructure|Roads|Concrete,Mt/yr,high,0,0,0,0,0,0,0,0,0,0,0,0,0,0,0,0,0,0
GLOMIS,LED-SSP2,LAM,Material Demand|Infrastructure|Roads|Iron_steel,Mt/yr,high,0,0,0,0,0,0,0,0,0,0,0,0,0,0,0,0,0,0
GLOMIS,LED-SSP2,LAM,Material Demand|Infrastructure|Tunnels|Aluminum,Mt/yr,high,.001232865,.001268537,.00024830599,.00064845697,.0006037,.00047217699,.00030740001,.00055547501,.00048375499,.00048375499,.00048375499,.00048375499,.00048375499,.00048375499,.00048375499,.00048375499,.00048375499,.00048375499
GLOMIS,LED-SSP2,LAM,Material Demand|Infrastructure|Tunnels|Asphalt,Mt/yr,high,.35220969,.38732955,.24445933,.30950668,.31307375,.30040601,.27818596,.3208293,.31637624,.31637624,.31637624,.31637624,.31637624,.31637624,.31637624,.31637624,.31637624,.31637624
GLOMIS,LED-SSP2,LAM,Material Demand|Infrastructure|Tunnels|Concrete,Mt/yr,high,6.0687137,6.2443094,1.2222712,3.1919971,2.9716809,2.3242683,1.5131581,2.7342978,2.3812587,2.3812587,2.3812587,2.3812587,2.3812587,2.3812587,2.3812587,2.3812587,2.3812587,2.3812587
GLOMIS,LED-SSP2,LAM,Material Demand|Infrastructure|Tunnels|Iron_steel,Mt/yr,high,.27126685,.27911583,.054634586,.14267981,.13283186,.10389301,.067637004,.12222102,.10644044,.10644044,.10644044,.10644044,.10644044,.10644044,.10644044,.10644044,.10644044,.10644044
GLOMIS,LED-SSP2,LAM,Material Release|Infrastructure|Bridges|Aluminum,Mt/yr,high,.00013875699,.000162843,.000167661,.000173027,.000181157,.000186408,.000187874,.000193067,.00019790699,.00019790699,.00019790699,.00019790699,.00019790699,.00019790699,.00019790699,.00019790699,.00019790699,.00019790699
GLOMIS,LED-SSP2,LAM,Material Release|Infrastructure|Bridges|Asphalt,Mt/yr,high,1.6910732,1.9846261,2.0433366,2.1087358,2.2078185,2.2718132,2.2896852,2.3529656,2.4119503,2.4119503,2.4119503,2.4119503,2.4119503,2.4119503,2.4119503,2.4119503,2.4119503,2.4119503
GLOMIS,LED-SSP2,LAM,Material Release|Infrastructure|Bridges|Concrete,Mt/yr,high,1.1837034,1.3891821,1.4302778,1.4760553,1.5454104,1.590205,1.6027149,1.6470093,1.688297,1.688297,1.688297,1.688297,1.688297,1.688297,1.688297,1.688297,1.688297,1.688297
GLOMIS,LED-SSP2,LAM,Material Release|Infrastructure|Bridges|Iron_steel,Mt/yr,high,.21580292,.25326407,.26075631,.26910207,.2817463,.28991291,.29219359,.30026898,.30779621,.30779621,.30779621,.30779621,.30779621,.30779621,.30779621,.30779621,.30779621,.30779621
GLOMIS,LED-SSP2,LAM,Material Release|Infrastructure|Buildings|Aluminum,Mt/yr,high,0,0,0,0,0,0,0,0,0,0,0,0,0,0,0,0,0,0
GLOMIS,LED-SSP2,LAM,Material Release|Infrastructure|Buildings|Concrete,Mt/yr,high,.20562232,.24131623,.24845502,.25640708,.26845479,.27623612,.27840924,.28610367,.2932758,.2932758,.2932758,.2932758,.2932758,.2932758,.2932758,.2932758,.2932758,.2932758
GLOMIS,LED-SSP2,LAM,Material Release|Infrastructure|Buildings|Iron_steel,Mt/yr,high,0,0,0,0,0,0,0,0,0,0,0,0,0,0,0,0,0,0
GLOMIS,LED-SSP2,LAM,Material Release|Infrastructure|Charging stations|Aluminum,Mt/yr,high,2.2099999e-07,2.5899999e-07,2.6699999e-07,2.7499999e-07,2.8800000e-07,2.9700001e-07,2.9899999e-07,3.0699999e-07,3.1499999e-07,3.1499999e-07,3.1499999e-07,3.1499999e-07,3.1499999e-07,3.1499999e-07,3.1499999e-07,3.1499999e-07,3.1499999e-07,3.1499999e-07
GLOMIS,LED-SSP2,LAM,Material Release|Infrastructure|Charging stations|Concrete,Mt/yr,high,.000034199998,.0000401,.000041300002,.000042600001,.000044600001,.0000459,.0000463,.000047500002,.0000487,.0000487,.0000487,.0000487,.0000487,.0000487,.0000487,.0000487,.0000487,.0000487
GLOMIS,LED-SSP2,LAM,Material Release|Infrastructure|Charging stations|Iron_steel,Mt/yr,high,5.6899999e-06,6.6799998e-06,6.8800000e-06,7.0999999e-06,7.4300001e-06,7.6500000e-06,7.7100003e-06,7.9199999e-06,8.1199996e-06,8.1199996e-06,8.1199996e-06,8.1199996e-06,8.1199996e-06,8.1199996e-06,8.1199996e-06,8.1199996e-06,8.1199996e-06,8.1199996e-06
GLOMIS,LED-SSP2,LAM,Material Release|Infrastructure|Fuel stations|Aluminum,Mt/yr,high,.000266563,.000312836,.00032209099,.00033239901,.00034801799,.000358105,.00036092199,.000370897,.00038019501,.00038019501,.00038019501,.00038019501,.00038019501,.00038019501,.00038019501,.00038019501,.00038019501,.00038019501
GLOMIS,LED-SSP2,LAM,Material Release|Infrastructure|Fuel stations|Concrete,Mt/yr,high,.99548483,1.1682907,1.2028519,1.2413504,1.2996775,1.3373493,1.34787,1.3851212,1.419844,1.419844,1.419844,1.419844,1.419844,1.419844,1.419844,1.419844,1.419844,1.419844
GLOMIS,LED-SSP2,LAM,Material Release|Infrastructure|Fuel stations|Iron_steel,Mt/yr,high,.039769884,.046673525,.048054256,.049592279,.051922463,.053427465,.053847767,.055335969,.056723148,.056723148,.056723148,.056723148,.056723148,.056723148,.056723148,.056723148,.056723148,.056723148
GLOMIS,LED-SSP2,LAM,Material Release|Infrastructure|Parking|Aluminum,Mt/yr,high,.00034366999,.00040332801,.00041526,.00042855,.000448687,.00046169199,.000465324,.000478184,.00049017201,.00049017201,.00049017201,.00049017201,.00049017201,.00049017201,.00049017201,.00049017201,.00049017201,.00049017201
GLOMIS,LED-SSP2,LAM,Material Release|Infrastructure|Parking|Asphalt,Mt/yr,high,1.5504732,1.8196193,1.8734486,1.9334102,2.0242548,2.0829291,2.0993152,2.1573343,2.2114148,2.2114148,2.2114148,2.2114148,2.2114148,2.2114148,2.2114148,2.2114148,2.2114148,2.2114148
GLOMIS,LED-SSP2,LAM,Material Release|Infrastructure|Parking|Concrete,Mt/yr,high,.82878029,.97264796,1.0014216,1.033473,1.0820326,1.1133959,1.1221548,1.153168,1.182076,1.182076,1.182076,1.182076,1.182076,1.182076,1.182076,1.182076,1.182076,1.182076
GLOMIS,LED-SSP2,LAM,Material Release|Infrastructure|Parking|Iron_steel,Mt/yr,high,.0079607004,.009342595,.0096189743,.0099268388,.010393269,.010694525,.010778657,.011076548,.011354218,.011354218,.011354218,.011354218,.011354218,.011354218,.011354218,.011354218,.011354218,.011354218
GLOMIS,LED-SSP2,LAM,Material Release|Infrastructure|Rail|Aluminum,Mt/yr,high,.003621493,.0042501469,.0043758778,.0045159319,.0047281212,.0048651691,.0049034422,.005038959,.005165277,.005165277,.005165277,.005165277,.005165277,.005165277,.005165277,.005165277,.005165277,.005165277
GLOMIS,LED-SSP2,LAM,Material Release|Infrastructure|Rail|Concrete,Mt/yr,high,.76053506,.89255613,.91896033,.94837254,.99293351,1.0217143,1.0297519,1.0582113,1.0847389,1.0847389,1.0847389,1.0847389,1.0847389,1.0847389,1.0847389,1.0847389,1.0847389,1.0847389
GLOMIS,LED-SSP2,LAM,Material Release|Infrastructure|Rail|Iron_steel,Mt/yr,high,.78428847,.92043287,.94766176,.97799259,1.0239453,1.053625,1.0619136,1.0912619,1.118618,1.118618,1.118618,1.118618,1.118618,1.118618,1.118618,1.118618,1.118618,1.118618
GLOMIS,LED-SSP2,LAM,Material Release|Infrastructure|Roads|Aluminum,Mt/yr,high,0,0,0,0,0,0,0,0,0,0,0,0,0,0,0,0,0,0
GLOMIS,LED-SSP2,LAM,Material Release|Infrastructure|Roads|Asphalt,Mt/yr,high,392.25937,460.35156,473.96997,489.13986,512.12299,526.96716,531.11267,545.79114,559.47321,559.47321,559.47321,559.47321,559.47321,559.47321,559.47321,559.47321,559.47321,559.47321
GLOMIS,LED-SSP2,LAM,Material Release|Infrastructure|Roads|Concrete,Mt/yr,high,0,0,0,0,0,0,0,0,0,0,0,0,0,0,0,0,0,0
GLOMIS,LED-SSP2,LAM,Material Release|Infrastructure|Roads|Iron_steel,Mt/yr,high,0,0,0,0,0,0,0,0,0,0,0,0,0,0,0,0,0,0
GLOMIS,LED-SSP2,LAM,Material Release|Infrastructure|Tunnels|Aluminum,Mt/yr,high,.000205499,.000241171,.00024830599,.000256253,.00026829299,.00027607,.00027824199,.00028593201,.000293099,.000293099,.000293099,.000293099,.000293099,.000293099,.000293099,.000293099,.000293099,.000293099
GLOMIS,LED-SSP2,LAM,Material Release|Infrastructure|Tunnels|Asphalt,Mt/yr,high,.20231548,.23743536,.24445933,.25228351,.26413748,.27179366,.2739318,.28150252,.28855932,.28855932,.28855932,.28855932,.28855932,.28855932,.28855932,.28855932,.28855932,.28855932
GLOMIS,LED-SSP2,LAM,Material Release|Infrastructure|Tunnels|Concrete,Mt/yr,high,1.0115563,1.187152,1.2222712,1.2613913,1.32066,1.35894,1.3696306,1.4074832,1.4427664,1.4427664,1.4427664,1.4427664,1.4427664,1.4427664,1.4427664,1.4427664,1.4427664,1.4427664
GLOMIS,LED-SSP2,LAM,Material Release|Infrastructure|Tunnels|Iron_steel,Mt/yr,high,.045215789,.053064786,.054634586,.056383222,.059032485,.060743578,.061221436,.062913418,.064490557,.064490557,.064490557,.064490557,.064490557,.064490557,.064490557,.064490557,.064490557,.064490557
GLOMIS,LED-SSP2,MEA,Material Demand|Infrastructure|Bridges|Aluminum,Mt/yr,high,.00074884098,.00077058101,.00042055,.00064559898,.00060979702,.00053303002,.000395454,.00061998999,.001085165,.001085165,.001085165,.001085165,.001085165,.001085165,.001085165,.001085165,.001085165,.001085165
GLOMIS,LED-SSP2,MEA,Material Demand|Infrastructure|Bridges|Asphalt,Mt/yr,high,2.154561,2.3721378,1.9539413,2.4149802,2.4904473,2.4812059,2.3423305,2.7808852,3.6920621,3.6920621,3.6920621,3.6920621,3.6920621,3.6920621,3.6920621,3.6920621,3.6920621,3.6920621
GLOMIS,LED-SSP2,MEA,Material Demand|Infrastructure|Bridges|Concrete,Mt/yr,high,5.0563502,5.2031469,2.839653,4.3592372,4.1174903,3.5991423,2.6701958,4.1863151,7.3272867,7.3272867,7.3272867,7.3272867,7.3272867,7.3272867,7.3272867,7.3272867,7.3272867,7.3272867
GLOMIS,LED-SSP2,MEA,Material Demand|Infrastructure|Bridges|Iron_steel,Mt/yr,high,.8671639,.89233953,.48700038,.74760902,.7061494,.61725277,.45793849,.71795291,1.2566293,1.2566293,1.2566293,1.2566293,1.2566293,1.2566293,1.2566293,1.2566293,1.2566293,1.2566293
GLOMIS,LED-SSP2,MEA,Material Demand|Infrastructure|Buildings|Aluminum,Mt/yr,high,0,0,0,0,0,0,0,0,0,0,0,0,0,0,0,0,0,0
GLOMIS,LED-SSP2,MEA,Material Demand|Infrastructure|Buildings|Concrete,Mt/yr,high,.66464317,.68706352,.38825774,.58424473,.55606478,.49219462,.37526593,.57037407,.97463578,.97463578,.97463578,.97463578,.97463578,.97463578,.97463578,.97463578,.97463578,.97463578
GLOMIS,LED-SSP2,MEA,Material Demand|Infrastructure|Buildings|Iron_steel,Mt/yr,high,0,0,0,0,0,0,0,0,0,0,0,0,0,0,0,0,0,0
GLOMIS,LED-SSP2,MEA,Material Demand|Infrastructure|Charging stations|Aluminum,Mt/yr,high,1.6600001e-07,1.8500000e-07,1.6300000e-07,1.9600000e-07,2.0500001e-07,2.0800000e-07,2.0100001e-07,2.3100000e-07,2.9399999e-07,2.9399999e-07,2.9399999e-07,2.9399999e-07,2.9399999e-07,2.9399999e-07,2.9399999e-07,2.9399999e-07,2.9399999e-07,2.9399999e-07
GLOMIS,LED-SSP2,MEA,Material Demand|Infrastructure|Charging stations|Concrete,Mt/yr,high,.000025699999,.0000287,.0000253,.0000303,.000031700001,.000032100001,.000031200001,.0000358,.000045500001,.000045500001,.000045500001,.000045500001,.000045500001,.000045500001,.000045500001,.000045500001,.000045500001,.000045500001
GLOMIS,LED-SSP2,MEA,Material Demand|Infrastructure|Charging stations|Iron_steel,Mt/yr,high,4.2800002e-06,4.7799999e-06,4.2199999e-06,5.0499998e-06,5.2800001e-06,5.3499998e-06,5.1900001e-06,5.9700001e-06,7.5900002e-06,7.5900002e-06,7.5900002e-06,7.5900002e-06,7.5900002e-06,7.5900002e-06,7.5900002e-06,7.5900002e-06,7.5900002e-06,7.5900002e-06
GLOMIS,LED-SSP2,MEA,Material Demand|Infrastructure|Fuel stations|Aluminum,Mt/yr,high,.000284273,.00030640501,.000226249,.00029498801,.00029737499,.00028718001,.000257957,.00032462101,.00046296199,.00046296199,.00046296199,.00046296199,.00046296199,.00046296199,.00046296199,.00046296199,.00046296199,.00046296199
GLOMIS,LED-SSP2,MEA,Material Demand|Infrastructure|Fuel stations|Concrete,Mt/yr,high,1.0616226,1.144274,.84493178,1.1016376,1.110552,1.072476,.96334571,1.2123005,1.7289387,1.7289387,1.7289387,1.7289387,1.7289387,1.7289387,1.7289387,1.7289387,1.7289387,1.7289387
GLOMIS,LED-SSP2,MEA,Material Demand|Infrastructure|Fuel stations|Iron_steel,Mt/yr,high,.04241211,.045714051,.03375525,.044010717,.044366848,.042845707,.038485918,.048431728,.069071569,.069071569,.069071569,.069071569,.069071569,.069071569,.069071569,.069071569,.069071569,.069071569
GLOMIS,LED-SSP2,MEA,Material Demand|Infrastructure|Parking|Aluminum,Mt/yr,high,.000681445,.00070887298,.000419385,.00061498402,.00059120503,.00053178298,.00041926,.00061335601,.001015599,.001015599,.001015599,.001015599,.001015599,.001015599,.001015599,.001015599,.001015599,.001015599
GLOMIS,LED-SSP2,MEA,Material Demand|Infrastructure|Parking|Asphalt,Mt/yr,high,2.1551375,2.3747747,1.9640726,2.4228265,2.5006189,2.4941084,2.3585145,2.794507,3.7004099,3.7004099,3.7004099,3.7004099,3.7004099,3.7004099,3.7004099,3.7004099,3.7004099,3.7004099
GLOMIS,LED-SSP2,MEA,Material Demand|Infrastructure|Parking|Concrete,Mt/yr,high,2.1175504,2.2027824,1.3032141,1.9110279,1.8371352,1.6524848,1.3028252,1.9059689,3.1559131,3.1559131,3.1559131,3.1559131,3.1559131,3.1559131,3.1559131,3.1559131,3.1559131,3.1559131
GLOMIS,LED-SSP2,MEA,Material Demand|Infrastructure|Parking|Iron_steel,Mt/yr,high,.024262926,.025239514,.014932247,.021896588,.021049922,.018934198,.014927792,.021838622,.036160503,.036160503,.036160503,.036160503,.036160503,.036160503,.036160503,.036160503,.036160503,.036160503
GLOMIS,LED-SSP2,MEA,Material Demand|Infrastructure|Rail|Aluminum,Mt/yr,high,.0048317518,.00509112,.003285019,.0045938548,.0044999551,.0041672089,.003476924,.004766311,.0074395668,.0074395668,.0074395668,.0074395668,.0074395668,.0074395668,.0074395668,.0074395668,.0074395668,.0074395668
GLOMIS,LED-SSP2,MEA,Material Demand|Infrastructure|Rail|Concrete,Mt/yr,high,1.8911525,1.9909192,1.2773604,1.7917457,1.7529781,1.6203517,1.3472722,1.8542821,2.9054203,2.9054203,2.9054203,2.9054203,2.9054203,2.9054203,2.9054203,2.9054203,2.9054203,2.9054203
GLOMIS,LED-SSP2,MEA,Material Demand|Infrastructure|Rail|Iron_steel,Mt/yr,high,.76462787,.82278526,.60197443,.78851545,.79335666,.76406002,.68318564,.86432993,1.2402163,1.2402163,1.2402163,1.2402163,1.2402163,1.2402163,1.2402163,1.2402163,1.2402163,1.2402163
GLOMIS,LED-SSP2,MEA,Material Demand|Infrastructure|Roads|Aluminum,Mt/yr,high,0,0,0,0,0,0,0,0,0,0,0,0,0,0,0,0,0,0
GLOMIS,LED-SSP2,MEA,Material Demand|Infrastructure|Roads|Asphalt,Mt/yr,high,359.50369,394.87366,321.54544,399.59683,411.11343,408.29599,383.57504,458.00143,612.61243,612.61243,612.61243,612.61243,612.61243,612.61243,612.61243,612.61243,612.61243,612.61243
GLOMIS,LED-SSP2,MEA,Material Demand|Infrastructure|Roads|Concrete,Mt/yr,high,0,0,0,0,0,0,0,0,0,0,0,0,0,0,0,0,0,0
GLOMIS,LED-SSP2,MEA,Material Demand|Infrastructure|Roads|Iron_steel,Mt/yr,high,0,0,0,0,0,0,0,0,0,0,0,0,0,0,0,0,0,0
GLOMIS,LED-SSP2,MEA,Material Demand|Infrastructure|Tunnels|Aluminum,Mt/yr,high,.00095057202,.00097816996,.00053384301,.000819518,.00077407103,.00067662302,.00050198601,.00078700902,.001377499,.001377499,.001377499,.001377499,.001377499,.001377499,.001377499,.001377499,.001377499,.001377499
GLOMIS,LED-SSP2,MEA,Material Demand|Infrastructure|Tunnels|Asphalt,Mt/yr,high,.38408226,.42291152,.34852532,.43066055,.4441632,.44257453,.41788924,.49601054,.65832263,.65832263,.65832263,.65832263,.65832263,.65832263,.65832263,.65832263,.65832263,.65832263
GLOMIS,LED-SSP2,MEA,Material Demand|Infrastructure|Tunnels|Concrete,Mt/yr,high,5.596559,5.7590394,3.1430349,4.8249679,4.5573936,3.9836664,2.9554734,4.6335716,8.110117,8.110117,8.110117,8.110117,8.110117,8.110117,8.110117,8.110117,8.110117,8.110117
GLOMIS,LED-SSP2,MEA,Material Demand|Infrastructure|Tunnels|Iron_steel,Mt/yr,high,.24375659,.25083336,.13689402,.21015015,.19849601,.1735075,.12872483,.20181394,.35323393,.35323393,.35323393,.35323393,.35323393,.35323393,.35323393,.35323393,.35323393,.35323393
GLOMIS,LED-SSP2,MEA,Material Release|Infrastructure|Bridges|Aluminum,Mt/yr,high,.000122716,.000144456,.00015614901,.00017116401,.000186224,.00019845999,.000206044,.000218512,.00024464799,.00024464799,.00024464799,.00024464799,.00024464799,.00024464799,.00024464799,.00024464799,.00024464799,.00024464799
GLOMIS,LED-SSP2,MEA,Material Release|Infrastructure|Bridges|Asphalt,Mt/yr,high,1.2281326,1.4457093,1.5627276,1.7129953,1.8637205,1.9861683,2.0620761,2.1868498,2.4484143,2.4484143,2.4484143,2.4484143,2.4484143,2.4484143,2.4484143,2.4484143,2.4484143,2.4484143
GLOMIS,LED-SSP2,MEA,Material Release|Infrastructure|Bridges|Concrete,Mt/yr,high,.82860744,.97540408,1.054355,1.1557389,1.2574315,1.3400458,1.3912599,1.4754435,1.6519181,1.6519181,1.6519181,1.6519181,1.6519181,1.6519181,1.6519181,1.6519181,1.6519181,1.6519181
GLOMIS,LED-SSP2,MEA,Material Release|Infrastructure|Bridges|Iron_steel,Mt/yr,high,.14210615,.16728176,.18082185,.1982092,.21564947,.22981779,.23860103,.2530385,.28330389,.28330389,.28330389,.28330389,.28330389,.28330389,.28330389,.28330389,.28330389,.28330389
GLOMIS,LED-SSP2,MEA,Material Release|Infrastructure|Buildings|Aluminum,Mt/yr,high,0,0,0,0,0,0,0,0,0,0,0,0,0,0,0,0,0,0
GLOMIS,LED-SSP2,MEA,Material Release|Infrastructure|Buildings|Concrete,Mt/yr,high,.12655397,.14897436,.1610326,.17651707,.19204867,.20466641,.2124884,.22534582,.25229895,.25229895,.25229895,.25229895,.25229895,.25229895,.25229895,.25229895,.25229895,.25229895
GLOMIS,LED-SSP2,MEA,Material Release|Infrastructure|Buildings|Iron_steel,Mt/yr,high,0,0,0,0,0,0,0,0,0,0,0,0,0,0,0,0,0,0
GLOMIS,LED-SSP2,MEA,Material Release|Infrastructure|Charging stations|Aluminum,Mt/yr,high,1.1000000e-07,1.2900000e-07,1.4000000e-07,1.5300000e-07,1.6700000e-07,1.7799999e-07,1.8400000e-07,1.9600000e-07,2.1900000e-07,2.1900000e-07,2.1900000e-07,2.1900000e-07,2.1900000e-07,2.1900000e-07,2.1900000e-07,2.1900000e-07,2.1900000e-07,2.1900000e-07
GLOMIS,LED-SSP2,MEA,Material Release|Infrastructure|Charging stations|Concrete,Mt/yr,high,.000017,.000019999999,.000021600001,.0000237,.0000258,.0000275,.000028500001,.0000303,.0000339,.0000339,.0000339,.0000339,.0000339,.0000339,.0000339,.0000339,.0000339,.0000339
GLOMIS,LED-SSP2,MEA,Material Release|Infrastructure|Charging stations|Iron_steel,Mt/yr,high,2.8300001e-06,3.3300000e-06,3.5999999e-06,3.9500001e-06,4.3000000e-06,4.5800002e-06,4.7600001e-06,5.0399999e-06,5.6499998e-06,5.6499998e-06,5.6499998e-06,5.6499998e-06,5.6499998e-06,5.6499998e-06,5.6499998e-06,5.6499998e-06,5.6499998e-06,5.6499998e-06
GLOMIS,LED-SSP2,MEA,Material Release|Infrastructure|Fuel stations|Aluminum,Mt/yr,high,.00012492501,.00014705599,.00015896,.000174245,.00018957601,.000202032,.00020975299,.000222445,.00024905099,.00024905099,.00024905099,.00024905099,.00024905099,.00024905099,.00024905099,.00024905099,.00024905099,.00024905099
GLOMIS,LED-SSP2,MEA,Material Release|Infrastructure|Fuel stations|Concrete,Mt/yr,high,.46653318,.5491845,.59363645,.65071899,.70797521,.75448972,.78332496,.83072305,.93008405,.93008405,.93008405,.93008405,.93008405,.93008405,.93008405,.93008405,.93008405,.93008405
GLOMIS,LED-SSP2,MEA,Material Release|Infrastructure|Fuel stations|Iron_steel,Mt/yr,high,.018638125,.021940067,.023715936,.025996396,.028283801,.030142067,.031294044,.033187609,.037157107,.037157107,.037157107,.037157107,.037157107,.037157107,.037157107,.037157107,.037157107,.037157107
GLOMIS,LED-SSP2,MEA,Material Release|Infrastructure|Parking|Aluminum,Mt/yr,high,.000154822,.00018225001,.00019700199,.00021594499,.000234946,.000250382,.00025995099,.00027568001,.00030865401,.00030865401,.00030865401,.00030865401,.00030865401,.00030865401,.00030865401,.00030865401,.00030865401,.00030865401
GLOMIS,LED-SSP2,MEA,Material Release|Infrastructure|Parking|Asphalt,Mt/yr,high,1.2397631,1.4594004,1.5775268,1.7292176,1.8813702,2.0049777,2.0816042,2.2075598,2.4716012,2.4716012,2.4716012,2.4716012,2.4716012,2.4716012,2.4716012,2.4716012,2.4716012,2.4716012
GLOMIS,LED-SSP2,MEA,Material Release|Infrastructure|Parking|Concrete,Mt/yr,high,.48109916,.56633103,.61217088,.67103559,.73007947,.77804625,.80778182,.85665971,.95912296,.95912296,.95912296,.95912296,.95912296,.95912296,.95912296,.95912296,.95912296,.95912296
GLOMIS,LED-SSP2,MEA,Material Release|Infrastructure|Parking|Iron_steel,Mt/yr,high,.005512442,.0064890292,.007014263,.0076887361,.0083652623,.0089148656,.0092555759,.0098156203,.010989646,.010989646,.010989646,.010989646,.010989646,.010989646,.010989646,.010989646,.010989646,.010989646
GLOMIS,LED-SSP2,MEA,Material Release|Infrastructure|Rail|Aluminum,Mt/yr,high,.001464028,.001723396,.001862891,.0020420209,.002221697,.0023676639,.0024581519,.002606892,.002918697,.002918697,.002918697,.002918697,.002918697,.002918697,.002918697,.002918697,.002918697,.002918697
GLOMIS,LED-SSP2,MEA,Material Release|Infrastructure|Rail|Concrete,Mt/yr,high,.5631426,.66290927,.71656632,.78546941,.85458225,.91072893,.94553542,1.0027486,1.1226852,1.1226852,1.1226852,1.1226852,1.1226852,1.1226852,1.1226852,1.1226852,1.1226852,1.1226852
GLOMIS,LED-SSP2,MEA,Material Release|Infrastructure|Rail|Iron_steel,Mt/yr,high,.3282747,.38643205,.41771054,.45787647,.49816465,.53089446,.5511843,.58453578,.65445089,.65445089,.65445089,.65445089,.65445089,.65445089,.65445089,.65445089,.65445089,.65445089
GLOMIS,LED-SSP2,MEA,Material Release|Infrastructure|Roads|Aluminum,Mt/yr,high,0,0,0,0,0,0,0,0,0,0,0,0,0,0,0,0,0,0
GLOMIS,LED-SSP2,MEA,Material Release|Infrastructure|Roads|Asphalt,Mt/yr,high,199.64894,235.01889,254.04173,278.4697,302.97205,322.87753,335.21735,355.50095,398.02164,398.02164,398.02164,398.02164,398.02164,398.02164,398.02164,398.02164,398.02164,398.02164
GLOMIS,LED-SSP2,MEA,Material Release|Infrastructure|Roads|Concrete,Mt/yr,high,0,0,0,0,0,0,0,0,0,0,0,0,0,0,0,0,0,0
GLOMIS,LED-SSP2,MEA,Material Release|Infrastructure|Roads|Iron_steel,Mt/yr,high,0,0,0,0,0,0,0,0,0,0,0,0,0,0,0,0,0,0
GLOMIS,LED-SSP2,MEA,Material Release|Infrastructure|Tunnels|Aluminum,Mt/yr,high,.00015577499,.000183372,.00019821399,.00021727401,.00023639201,.00025192299,.000261551,.000277377,.00031055399,.00031055399,.00031055399,.00031055399,.00031055399,.00031055399,.00031055399,.00031055399,.00031055399,.00031055399
GLOMIS,LED-SSP2,MEA,Material Release|Infrastructure|Tunnels|Asphalt,Mt/yr,high,.21917562,.2580049,.27888829,.30570543,.33260423,.35445657,.36800328,.39027074,.43695018,.43695018,.43695018,.43695018,.43695018,.43695018,.43695018,.43695018,.43695018,.43695018
GLOMIS,LED-SSP2,MEA,Material Release|Infrastructure|Tunnels|Concrete,Mt/yr,high,.91713399,1.079614,1.1669999,1.2792155,1.3917726,1.4832132,1.539899,1.6330764,1.8284051,1.8284051,1.8284051,1.8284051,1.8284051,1.8284051,1.8284051,1.8284051,1.8284051,1.8284051
GLOMIS,LED-SSP2,MEA,Material Release|Infrastructure|Tunnels|Iron_steel,Mt/yr,high,.039945517,.047022291,.05082836,.055715878,.060618274,.064600945,.067069873,.07112819,.079635687,.079635687,.079635687,.079635687,.079635687,.079635687,.079635687,.079635687,.079635687,.079635687
GLOMIS,LED-SSP2,NAM,Material Demand|Infrastructure|Bridges|Aluminum,Mt/yr,high,.00097484898,.00099582202,.000395977,.000395977,.000395977,.000395977,.000395977,.000395977,.000395977,.000395977,.000395977,.000395977,.000395977,.000395977,.000395977,.000395977,.000395977,.000395977
GLOMIS,LED-SSP2,NAM,Material Demand|Infrastructure|Bridges|Asphalt,Mt/yr,high,9.6645222,10.105128,8.3185415,8.3185415,8.3185415,8.3185415,8.3185415,8.3185415,8.3185415,8.3185415,8.3185415,8.3185415,8.3185415,8.3185415,8.3185415,8.3185415,8.3185415,8.3185415
GLOMIS,LED-SSP2,NAM,Material Demand|Infrastructure|Bridges|Concrete,Mt/yr,high,12.832283,13.108367,5.2123871,5.2123871,5.2123871,5.2123871,5.2123871,5.2123871,5.2123871,5.2123871,5.2123871,5.2123871,5.2123871,5.2123871,5.2123871,5.2123871,5.2123871,5.2123871
GLOMIS,LED-SSP2,NAM,Material Demand|Infrastructure|Bridges|Iron_steel,Mt/yr,high,2.4958134,2.54951,1.0137826,1.0137826,1.0137826,1.0137826,1.0137826,1.0137826,1.0137826,1.0137826,1.0137826,1.0137826,1.0137826,1.0137826,1.0137826,1.0137826,1.0137826,1.0137826
GLOMIS,LED-SSP2,NAM,Material Demand|Infrastructure|Buildings|Aluminum,Mt/yr,high,0,0,0,0,0,0,0,0,0,0,0,0,0,0,0,0,0,0
GLOMIS,LED-SSP2,NAM,Material Demand|Infrastructure|Buildings|Concrete,Mt/yr,high,.90436774,.92606574,.40965328,.40965328,.40965328,.40965328,.40965328,.40965328,.40965328,.40965328,.40965328,.40965328,.40965328,.40965328,.40965328,.40965328,.40965328,.40965328
GLOMIS,LED-SSP2,NAM,Material Demand|Infrastructure|Buildings|Iron_steel,Mt/yr,high,0,0,0,0,0,0,0,0,0,0,0,0,0,0,0,0,0,0
GLOMIS,LED-SSP2,NAM,Material Demand|Infrastructure|Charging stations|Aluminum,Mt/yr,high,3.9500001e-06,4.1399999e-06,3.6300000e-06,3.6300000e-06,3.6300000e-06,3.6300000e-06,3.6300000e-06,3.6300000e-06,3.6300000e-06,3.6300000e-06,3.6300000e-06,3.6300000e-06,3.6300000e-06,3.6300000e-06,3.6300000e-06,3.6300000e-06,3.6300000e-06,3.6300000e-06
GLOMIS,LED-SSP2,NAM,Material Demand|Infrastructure|Charging stations|Concrete,Mt/yr,high,.00061161298,.000641361,.00056163699,.00056163699,.00056163699,.00056163699,.00056163699,.00056163699,.00056163699,.00056163699,.00056163699,.00056163699,.00056163699,.00056163699,.00056163699,.00056163699,.00056163699,.00056163699
GLOMIS,LED-SSP2,NAM,Material Demand|Infrastructure|Charging stations|Iron_steel,Mt/yr,high,.00010191,.000106867,.0000936,.0000936,.0000936,.0000936,.0000936,.0000936,.0000936,.0000936,.0000936,.0000936,.0000936,.0000936,.0000936,.0000936,.0000936,.0000936
GLOMIS,LED-SSP2,NAM,Material Demand|Infrastructure|Fuel stations|Aluminum,Mt/yr,high,.00045605801,.00047438801,.00034607499,.00034607499,.00034607499,.00034607499,.00034607499,.00034607499,.00034607499,.00034607499,.00034607499,.00034607499,.00034607499,.00034607499,.00034607499,.00034607499,.00034607499,.00034607499
GLOMIS,LED-SSP2,NAM,Material Demand|Infrastructure|Fuel stations|Concrete,Mt/yr,high,1.703153,1.7716084,1.292421,1.292421,1.292421,1.292421,1.292421,1.292421,1.292421,1.292421,1.292421,1.292421,1.292421,1.292421,1.292421,1.292421,1.292421,1.292421
GLOMIS,LED-SSP2,NAM,Material Demand|Infrastructure|Fuel stations|Iron_steel,Mt/yr,high,.068041421,.070776232,.051632568,.051632568,.051632568,.051632568,.051632568,.051632568,.051632568,.051632568,.051632568,.051632568,.051632568,.051632568,.051632568,.051632568,.051632568,.051632568
GLOMIS,LED-SSP2,NAM,Material Demand|Infrastructure|Parking|Aluminum,Mt/yr,high,.001706619,.001752894,.00087366498,.00087366498,.00087366498,.00087366498,.00087366498,.00087366498,.00087366498,.00087366498,.00087366498,.00087366498,.00087366498,.00087366498,.00087366498,.00087366498,.00087366498,.00087366498
GLOMIS,LED-SSP2,NAM,Material Demand|Infrastructure|Parking|Asphalt,Mt/yr,high,26.999485,28.235306,23.331987,23.331987,23.331987,23.331987,23.331987,23.331987,23.331987,23.331987,23.331987,23.331987,23.331987,23.331987,23.331987,23.331987,23.331987,23.331987
GLOMIS,LED-SSP2,NAM,Material Demand|Infrastructure|Parking|Concrete,Mt/yr,high,18.093027,18.583622,9.2623186,9.2623186,9.2623186,9.2623186,9.2623186,9.2623186,9.2623186,9.2623186,9.2623186,9.2623186,9.2623186,9.2623186,9.2623186,9.2623186,9.2623186,9.2623186
GLOMIS,LED-SSP2,NAM,Material Demand|Infrastructure|Parking|Iron_steel,Mt/yr,high,.28942603,.29727384,.14816515,.14816515,.14816515,.14816515,.14816515,.14816515,.14816515,.14816515,.14816515,.14816515,.14816515,.14816515,.14816515,.14816515,.14816515,.14816515
GLOMIS,LED-SSP2,NAM,Material Demand|Infrastructure|Rail|Aluminum,Mt/yr,high,.0052457959,.005411217,.003123122,.003123122,.003123122,.003123122,.003123122,.003123122,.003123122,.003123122,.003123122,.003123122,.003123122,.003123122,.003123122,.003123122,.003123122,.003123122
GLOMIS,LED-SSP2,NAM,Material Demand|Infrastructure|Rail|Concrete,Mt/yr,high,2.1758409,2.2433491,1.2745382,1.2745382,1.2745382,1.2745382,1.2745382,1.2745382,1.2745382,1.2745382,1.2745382,1.2745382,1.2745382,1.2745382,1.2745382,1.2745382,1.2745382,1.2745382
GLOMIS,LED-SSP2,NAM,Material Demand|Infrastructure|Rail|Iron_steel,Mt/yr,high,4.5023823,4.6824155,3.3989851,3.3989851,3.3989851,3.3989851,3.3989851,3.3989851,3.3989851,3.3989851,3.3989851,3.3989851,3.3989851,3.3989851,3.3989851,3.3989851,3.3989851,3.3989851
GLOMIS,LED-SSP2,NAM,Material Demand|Infrastructure|Roads|Aluminum,Mt/yr,high,0,0,0,0,0,0,0,0,0,0,0,0,0,0,0,0,0,0
GLOMIS,LED-SSP2,NAM,Material Demand|Infrastructure|Roads|Asphalt,Mt/yr,high,791.28735,826.65802,667.78925,667.78925,667.78925,667.78925,667.78925,667.78925,667.78925,667.78925,667.78925,667.78925,667.78925,667.78925,667.78925,667.78925,667.78925,667.78925
GLOMIS,LED-SSP2,NAM,Material Demand|Infrastructure|Roads|Concrete,Mt/yr,high,75.139397,78.074554,55.415127,55.415127,55.415127,55.415127,55.415127,55.415127,55.415127,55.415127,55.415127,55.415127,55.415127,55.415127,55.415127,55.415127,55.415127,55.415127
GLOMIS,LED-SSP2,NAM,Material Demand|Infrastructure|Roads|Iron_steel,Mt/yr,high,0,0,0,0,0,0,0,0,0,0,0,0,0,0,0,0,0,0
GLOMIS,LED-SSP2,NAM,Material Demand|Infrastructure|Runways|Aluminum,Mt/yr,high,0,0,0,0,0,0,0,0,0,0,0,0,0,0,0,0,0,0
GLOMIS,LED-SSP2,NAM,Material Demand|Infrastructure|Runways|Concrete,Mt/yr,high,1.1403207,1.1648544,.46319059,.46319059,.46319059,.46319059,.46319059,.46319059,.46319059,.46319059,.46319059,.46319059,.46319059,.46319059,.46319059,.46319059,.46319059,.46319059
GLOMIS,LED-SSP2,NAM,Material Demand|Infrastructure|Runways|Iron_steel,Mt/yr,high,0,0,0,0,0,0,0,0,0,0,0,0,0,0,0,0,0,0
GLOMIS,LED-SSP2,NAM,Material Demand|Infrastructure|Tunnels|Aluminum,Mt/yr,high,.00091345399,.000933106,.000371039,.000371039,.000371039,.000371039,.000371039,.000371039,.000371039,.000371039,.000371039,.000371039,.000371039,.000371039,.000371039,.000371039,.000371039,.000371039
GLOMIS,LED-SSP2,NAM,Material Demand|Infrastructure|Tunnels|Asphalt,Mt/yr,high,.23810995,.24888176,.20336919,.20336919,.20336919,.20336919,.20336919,.20336919,.20336919,.20336919,.20336919,.20336919,.20336919,.20336919,.20336919,.20336919,.20336919,.20336919
GLOMIS,LED-SSP2,NAM,Material Demand|Infrastructure|Tunnels|Concrete,Mt/yr,high,4.2369699,4.3281269,1.7210286,1.7210286,1.7210286,1.7210286,1.7210286,1.7210286,1.7210286,1.7210286,1.7210286,1.7210286,1.7210286,1.7210286,1.7210286,1.7210286,1.7210286,1.7210286
GLOMIS,LED-SSP2,NAM,Material Demand|Infrastructure|Tunnels|Iron_steel,Mt/yr,high,.18983079,.19391495,.077107988,.077107988,.077107988,.077107988,.077107988,.077107988,.077107988,.077107988,.077107988,.077107988,.077107988,.077107988,.077107988,.077107988,.077107988,.077107988
GLOMIS,LED-SSP2,NAM,Material Release|Infrastructure|Bridges|Aluminum,Mt/yr,high,.00037080899,.000391782,.000395977,.000395977,.000395977,.000395977,.000395977,.000395977,.000395977,.000395977,.000395977,.000395977,.000395977,.000395977,.000395977,.000395977,.000395977,.000395977
GLOMIS,LED-SSP2,NAM,Material Release|Infrastructure|Bridges|Asphalt,Mt/yr,high,7.789814,8.2304201,8.3185415,8.3185415,8.3185415,8.3185415,8.3185415,8.3185415,8.3185415,8.3185415,8.3185415,8.3185415,8.3185415,8.3185415,8.3185415,8.3185415,8.3185415,8.3185415
GLOMIS,LED-SSP2,NAM,Material Release|Infrastructure|Bridges|Concrete,Mt/yr,high,4.8810873,5.1571708,5.2123871,5.2123871,5.2123871,5.2123871,5.2123871,5.2123871,5.2123871,5.2123871,5.2123871,5.2123871,5.2123871,5.2123871,5.2123871,5.2123871,5.2123871,5.2123871
GLOMIS,LED-SSP2,NAM,Material Release|Infrastructure|Bridges|Iron_steel,Mt/yr,high,.94934642,1.0030432,1.0137826,1.0137826,1.0137826,1.0137826,1.0137826,1.0137826,1.0137826,1.0137826,1.0137826,1.0137826,1.0137826,1.0137826,1.0137826,1.0137826,1.0137826,1.0137826
GLOMIS,LED-SSP2,NAM,Material Release|Infrastructure|Buildings|Aluminum,Mt/yr,high,0,0,0,0,0,0,0,0,0,0,0,0,0,0,0,0,0,0
GLOMIS,LED-SSP2,NAM,Material Release|Infrastructure|Buildings|Concrete,Mt/yr,high,.38361567,.40531367,.40965328,.40965328,.40965328,.40965328,.40965328,.40965328,.40965328,.40965328,.40965328,.40965328,.40965328,.40965328,.40965328,.40965328,.40965328,.40965328
GLOMIS,LED-SSP2,NAM,Material Release|Infrastructure|Buildings|Iron_steel,Mt/yr,high,0,0,0,0,0,0,0,0,0,0,0,0,0,0,0,0,0,0
GLOMIS,LED-SSP2,NAM,Material Release|Infrastructure|Charging stations|Aluminum,Mt/yr,high,3.4000000e-06,3.5900000e-06,3.6300000e-06,3.6300000e-06,3.6300000e-06,3.6300000e-06,3.6300000e-06,3.6300000e-06,3.6300000e-06,3.6300000e-06,3.6300000e-06,3.6300000e-06,3.6300000e-06,3.6300000e-06,3.6300000e-06,3.6300000e-06,3.6300000e-06,3.6300000e-06
GLOMIS,LED-SSP2,NAM,Material Release|Infrastructure|Charging stations|Concrete,Mt/yr,high,.00052593899,.000555687,.00056163699,.00056163699,.00056163699,.00056163699,.00056163699,.00056163699,.00056163699,.00056163699,.00056163699,.00056163699,.00056163699,.00056163699,.00056163699,.00056163699,.00056163699,.00056163699
GLOMIS,LED-SSP2,NAM,Material Release|Infrastructure|Charging stations|Iron_steel,Mt/yr,high,.000087599998,.000092599999,.0000936,.0000936,.0000936,.0000936,.0000936,.0000936,.0000936,.0000936,.0000936,.0000936,.0000936,.0000936,.0000936,.0000936,.0000936,.0000936
GLOMIS,LED-SSP2,NAM,Material Release|Infrastructure|Fuel stations|Aluminum,Mt/yr,high,.00032407799,.00034240901,.00034607499,.00034607499,.00034607499,.00034607499,.00034607499,.00034607499,.00034607499,.00034607499,.00034607499,.00034607499,.00034607499,.00034607499,.00034607499,.00034607499,.00034607499,.00034607499
GLOMIS,LED-SSP2,NAM,Material Release|Infrastructure|Fuel stations|Concrete,Mt/yr,high,1.2102746,1.2787299,1.292421,1.292421,1.292421,1.292421,1.292421,1.292421,1.292421,1.292421,1.292421,1.292421,1.292421,1.292421,1.292421,1.292421,1.292421,1.292421
GLOMIS,LED-SSP2,NAM,Material Release|Infrastructure|Fuel stations|Iron_steel,Mt/yr,high,.048350792,.051085602,.051632568,.051632568,.051632568,.051632568,.051632568,.051632568,.051632568,.051632568,.051632568,.051632568,.051632568,.051632568,.051632568,.051632568,.051632568,.051632568
GLOMIS,LED-SSP2,NAM,Material Release|Infrastructure|Parking|Aluminum,Mt/yr,high,.00081813498,.00086441002,.00087366498,.00087366498,.00087366498,.00087366498,.00087366498,.00087366498,.00087366498,.00087366498,.00087366498,.00087366498,.00087366498,.00087366498,.00087366498,.00087366498,.00087366498,.00087366498
GLOMIS,LED-SSP2,NAM,Material Release|Infrastructure|Parking|Asphalt,Mt/yr,high,21.849005,23.084824,23.331987,23.331987,23.331987,23.331987,23.331987,23.331987,23.331987,23.331987,23.331987,23.331987,23.331987,23.331987,23.331987,23.331987,23.331987,23.331987
GLOMIS,LED-SSP2,NAM,Material Release|Infrastructure|Parking|Concrete,Mt/yr,high,8.673605,9.1641998,9.2623186,9.2623186,9.2623186,9.2623186,9.2623186,9.2623186,9.2623186,9.2623186,9.2623186,9.2623186,9.2623186,9.2623186,9.2623186,9.2623186,9.2623186,9.2623186
GLOMIS,LED-SSP2,NAM,Material Release|Infrastructure|Parking|Iron_steel,Mt/yr,high,.13874775,.14659558,.14816515,.14816515,.14816515,.14816515,.14816515,.14816515,.14816515,.14816515,.14816515,.14816515,.14816515,.14816515,.14816515,.14816515,.14816515,.14816515
GLOMIS,LED-SSP2,NAM,Material Release|Infrastructure|Rail|Aluminum,Mt/yr,high,.0029246169,.003090038,.003123122,.003123122,.003123122,.003123122,.003123122,.003123122,.003123122,.003123122,.003123122,.003123122,.003123122,.003123122,.003123122,.003123122,.003123122,.003123122
GLOMIS,LED-SSP2,NAM,Material Release|Infrastructure|Rail|Concrete,Mt/yr,high,1.1935284,1.2610365,1.2745382,1.2745382,1.2745382,1.2745382,1.2745382,1.2745382,1.2745382,1.2745382,1.2745382,1.2745382,1.2745382,1.2745382,1.2745382,1.2745382,1.2745382,1.2745382
GLOMIS,LED-SSP2,NAM,Material Release|Infrastructure|Rail|Iron_steel,Mt/yr,high,3.1829455,3.3629787,3.3989851,3.3989851,3.3989851,3.3989851,3.3989851,3.3989851,3.3989851,3.3989851,3.3989851,3.3989851,3.3989851,3.3989851,3.3989851,3.3989851,3.3989851,3.3989851
GLOMIS,LED-SSP2,NAM,Material Release|Infrastructure|Roads|Aluminum,Mt/yr,high,0,0,0,0,0,0,0,0,0,0,0,0,0,0,0,0,0,0
GLOMIS,LED-SSP2,NAM,Material Release|Infrastructure|Roads|Asphalt,Mt/yr,high,625.34448,660.71509,667.78925,667.78925,667.78925,667.78925,667.78925,667.78925,667.78925,667.78925,667.78925,667.78925,667.78925,667.78925,667.78925,667.78925,667.78925,667.78925
GLOMIS,LED-SSP2,NAM,Material Release|Infrastructure|Roads|Concrete,Mt/yr,high,51.892937,54.828094,55.415127,55.415127,55.415127,55.415127,55.415127,55.415127,55.415127,55.415127,55.415127,55.415127,55.415127,55.415127,55.415127,55.415127,55.415127,55.415127
GLOMIS,LED-SSP2,NAM,Material Release|Infrastructure|Roads|Iron_steel,Mt/yr,high,0,0,0,0,0,0,0,0,0,0,0,0,0,0,0,0,0,0
GLOMIS,LED-SSP2,NAM,Material Release|Infrastructure|Runways|Aluminum,Mt/yr,high,0,0,0,0,0,0,0,0,0,0,0,0,0,0,0,0,0,0
GLOMIS,LED-SSP2,NAM,Material Release|Infrastructure|Runways|Concrete,Mt/yr,high,.43375012,.45828384,.46319059,.46319059,.46319059,.46319059,.46319059,.46319059,.46319059,.46319059,.46319059,.46319059,.46319059,.46319059,.46319059,.46319059,.46319059,.46319059
GLOMIS,LED-SSP2,NAM,Material Release|Infrastructure|Runways|Iron_steel,Mt/yr,high,0,0,0,0,0,0,0,0,0,0,0,0,0,0,0,0,0,0
GLOMIS,LED-SSP2,NAM,Material Release|Infrastructure|Tunnels|Aluminum,Mt/yr,high,.000347455,.000367108,.000371039,.000371039,.000371039,.000371039,.000371039,.000371039,.000371039,.000371039,.000371039,.000371039,.000371039,.000371039,.000371039,.000371039,.000371039,.000371039
GLOMIS,LED-SSP2,NAM,Material Release|Infrastructure|Tunnels|Asphalt,Mt/yr,high,.19044301,.20121482,.20336919,.20336919,.20336919,.20336919,.20336919,.20336919,.20336919,.20336919,.20336919,.20336919,.20336919,.20336919,.20336919,.20336919,.20336919,.20336919
GLOMIS,LED-SSP2,NAM,Material Release|Infrastructure|Tunnels|Concrete,Mt/yr,high,1.6116399,1.7027972,1.7210286,1.7210286,1.7210286,1.7210286,1.7210286,1.7210286,1.7210286,1.7210286,1.7210286,1.7210286,1.7210286,1.7210286,1.7210286,1.7210286,1.7210286,1.7210286
GLOMIS,LED-SSP2,NAM,Material Release|Infrastructure|Tunnels|Iron_steel,Mt/yr,high,.072206996,.076291159,.077107988,.077107988,.077107988,.077107988,.077107988,.077107988,.077107988,.077107988,.077107988,.077107988,.077107988,.077107988,.077107988,.077107988,.077107988,.077107988
GLOMIS,LED-SSP2,PAO,Material Demand|Infrastructure|Bridges|Aluminum,Mt/yr,high,.000048099999,.0000492,.000015899999,.000015899999,.000015899999,.000015899999,.000015899999,.000015899999,.000015899999,.000015899999,.000015899999,.000015899999,.000015899999,.000015899999,.000015899999,.000015899999,.000015899999,.000015899999
GLOMIS,LED-SSP2,PAO,Material Demand|Infrastructure|Bridges|Asphalt,Mt/yr,high,3.0854166,3.270597,2.521112,2.521112,2.521112,2.521112,2.521112,2.521112,2.521112,2.521112,2.521112,2.521112,2.521112,2.521112,2.521112,2.521112,2.521112,2.521112
GLOMIS,LED-SSP2,PAO,Material Demand|Infrastructure|Bridges|Concrete,Mt/yr,high,3.601898,3.6892922,1.1898161,1.1898161,1.1898161,1.1898161,1.1898161,1.1898161,1.1898161,1.1898161,1.1898161,1.1898161,1.1898161,1.1898161,1.1898161,1.1898161,1.1898161,1.1898161
GLOMIS,LED-SSP2,PAO,Material Demand|Infrastructure|Bridges|Iron_steel,Mt/yr,high,1.4748681,1.5106533,.48719361,.48719361,.48719361,.48719361,.48719361,.48719361,.48719361,.48719361,.48719361,.48719361,.48719361,.48719361,.48719361,.48719361,.48719361,.48719361
GLOMIS,LED-SSP2,PAO,Material Demand|Infrastructure|Buildings|Aluminum,Mt/yr,high,0,0,0,0,0,0,0,0,0,0,0,0,0,0,0,0,0,0
GLOMIS,LED-SSP2,PAO,Material Demand|Infrastructure|Buildings|Concrete,Mt/yr,high,1.6324893,1.6773202,.61034399,.61034399,.61034399,.61034399,.61034399,.61034399,.61034399,.61034399,.61034399,.61034399,.61034399,.61034399,.61034399,.61034399,.61034399,.61034399
GLOMIS,LED-SSP2,PAO,Material Demand|Infrastructure|Buildings|Iron_steel,Mt/yr,high,0,0,0,0,0,0,0,0,0,0,0,0,0,0,0,0,0,0
GLOMIS,LED-SSP2,PAO,Material Demand|Infrastructure|Charging stations|Aluminum,Mt/yr,high,7.6900000e-07,8.1899998e-07,6.8399999e-07,6.8399999e-07,6.8399999e-07,6.8399999e-07,6.8399999e-07,6.8399999e-07,6.8399999e-07,6.8399999e-07,6.8399999e-07,6.8399999e-07,6.8399999e-07,6.8399999e-07,6.8399999e-07,6.8399999e-07,6.8399999e-07,6.8399999e-07
GLOMIS,LED-SSP2,PAO,Material Demand|Infrastructure|Charging stations|Concrete,Mt/yr,high,.000119039,.00012682199,.000105963,.000105963,.000105963,.000105963,.000105963,.000105963,.000105963,.000105963,.000105963,.000105963,.000105963,.000105963,.000105963,.000105963,.000105963,.000105963
GLOMIS,LED-SSP2,PAO,Material Demand|Infrastructure|Charging stations|Iron_steel,Mt/yr,high,.0000198,.000021100001,.0000177,.0000177,.0000177,.0000177,.0000177,.0000177,.0000177,.0000177,.0000177,.0000177,.0000177,.0000177,.0000177,.0000177,.0000177,.0000177
GLOMIS,LED-SSP2,PAO,Material Demand|Infrastructure|Fuel stations|Aluminum,Mt/yr,high,.00015594601,.00016389599,.000108242,.000108242,.000108242,.000108242,.000108242,.000108242,.000108242,.000108242,.000108242,.000108242,.000108242,.000108242,.000108242,.000108242,.000108242,.000108242
GLOMIS,LED-SSP2,PAO,Material Demand|Infrastructure|Fuel stations|Concrete,Mt/yr,high,.58238065,.61207223,.40423128,.40423128,.40423128,.40423128,.40423128,.40423128,.40423128,.40423128,.40423128,.40423128,.40423128,.40423128,.40423128,.40423128,.40423128,.40423128
GLOMIS,LED-SSP2,PAO,Material Demand|Infrastructure|Fuel stations|Iron_steel,Mt/yr,high,.023266263,.02445245,.016149148,.016149148,.016149148,.016149148,.016149148,.016149148,.016149148,.016149148,.016149148,.016149148,.016149148,.016149148,.016149148,.016149148,.016149148,.016149148
GLOMIS,LED-SSP2,PAO,Material Demand|Infrastructure|Parking|Aluminum,Mt/yr,high,.00109247,.001127026,.000470459,.000470459,.000470459,.000470459,.000470459,.000470459,.000470459,.000470459,.000470459,.000470459,.000470459,.000470459,.000470459,.000470459,.000470459,.000470459
GLOMIS,LED-SSP2,PAO,Material Demand|Infrastructure|Parking|Asphalt,Mt/yr,high,4.4252014,4.6920691,3.6332281,3.6332281,3.6332281,3.6332281,3.6332281,3.6332281,3.6332281,3.6332281,3.6332281,3.6332281,3.6332281,3.6332281,3.6332281,3.6332281,3.6332281,3.6332281
GLOMIS,LED-SSP2,PAO,Material Demand|Infrastructure|Parking|Concrete,Mt/yr,high,4.0611768,4.1896367,1.7488983,1.7488983,1.7488983,1.7488983,1.7488983,1.7488983,1.7488983,1.7488983,1.7488983,1.7488983,1.7488983,1.7488983,1.7488983,1.7488983,1.7488983,1.7488983
GLOMIS,LED-SSP2,PAO,Material Demand|Infrastructure|Parking|Iron_steel,Mt/yr,high,.050811529,.052418757,.02188139,.02188139,.02188139,.02188139,.02188139,.02188139,.02188139,.02188139,.02188139,.02188139,.02188139,.02188139,.02188139,.02188139,.02188139,.02188139
GLOMIS,LED-SSP2,PAO,Material Demand|Infrastructure|Rail|Aluminum,Mt/yr,high,.0034978499,.0036408049,.001946245,.001946245,.001946245,.001946245,.001946245,.001946245,.001946245,.001946245,.001946245,.001946245,.001946245,.001946245,.001946245,.001946245,.001946245,.001946245
GLOMIS,LED-SSP2,PAO,Material Demand|Infrastructure|Rail|Concrete,Mt/yr,high,1.1349384,1.1812103,.62996197,.62996197,.62996197,.62996197,.62996197,.62996197,.62996197,.62996197,.62996197,.62996197,.62996197,.62996197,.62996197,.62996197,.62996197,.62996197
GLOMIS,LED-SSP2,PAO,Material Demand|Infrastructure|Rail|Iron_steel,Mt/yr,high,1.038921,1.0918467,.72055012,.72055012,.72055012,.72055012,.72055012,.72055012,.72055012,.72055012,.72055012,.72055012,.72055012,.72055012,.72055012,.72055012,.72055012,.72055012
GLOMIS,LED-SSP2,PAO,Material Demand|Infrastructure|Roads|Aluminum,Mt/yr,high,0,0,0,0,0,0,0,0,0,0,0,0,0,0,0,0,0,0
GLOMIS,LED-SSP2,PAO,Material Demand|Infrastructure|Roads|Asphalt,Mt/yr,high,190.38818,201.5437,151.87518,151.87518,151.87518,151.87518,151.87518,151.87518,151.87518,151.87518,151.87518,151.87518,151.87518,151.87518,151.87518,151.87518,151.87518,151.87518
GLOMIS,LED-SSP2,PAO,Material Demand|Infrastructure|Roads|Concrete,Mt/yr,high,0,0,0,0,0,0,0,0,0,0,0,0,0,0,0,0,0,0
GLOMIS,LED-SSP2,PAO,Material Demand|Infrastructure|Roads|Iron_steel,Mt/yr,high,0,0,0,0,0,0,0,0,0,0,0,0,0,0,0,0,0,0
GLOMIS,LED-SSP2,PAO,Material Demand|Infrastructure|Runways|Aluminum,Mt/yr,high,0,0,0,0,0,0,0,0,0,0,0,0,0,0,0,0,0,0
GLOMIS,LED-SSP2,PAO,Material Demand|Infrastructure|Runways|Concrete,Mt/yr,high,.05656613,.057938617,.018685509,.018685509,.018685509,.018685509,.018685509,.018685509,.018685509,.018685509,.018685509,.018685509,.018685509,.018685509,.018685509,.018685509,.018685509,.018685509
GLOMIS,LED-SSP2,PAO,Material Demand|Infrastructure|Runways|Iron_steel,Mt/yr,high,0,0,0,0,0,0,0,0,0,0,0,0,0,0,0,0,0,0
GLOMIS,LED-SSP2,PAO,Material Demand|Infrastructure|Tunnels|Aluminum,Mt/yr,high,.000107332,.000109936,.000035500001,.000035500001,.000035500001,.000035500001,.000035500001,.000035500001,.000035500001,.000035500001,.000035500001,.000035500001,.000035500001,.000035500001,.000035500001,.000035500001,.000035500001,.000035500001
GLOMIS,LED-SSP2,PAO,Material Demand|Infrastructure|Tunnels|Asphalt,Mt/yr,high,3.0232742,3.2053225,2.4784701,2.4784701,2.4784701,2.4784701,2.4784701,2.4784701,2.4784701,2.4784701,2.4784701,2.4784701,2.4784701,2.4784701,2.4784701,2.4784701,2.4784701,2.4784701
GLOMIS,LED-SSP2,PAO,Material Demand|Infrastructure|Tunnels|Concrete,Mt/yr,high,7.7839708,7.9728365,2.5712814,2.5712814,2.5712814,2.5712814,2.5712814,2.5712814,2.5712814,2.5712814,2.5712814,2.5712814,2.5712814,2.5712814,2.5712814,2.5712814,2.5712814,2.5712814
GLOMIS,LED-SSP2,PAO,Material Demand|Infrastructure|Tunnels|Iron_steel,Mt/yr,high,.44790614,.45877385,.14795697,.14795697,.14795697,.14795697,.14795697,.14795697,.14795697,.14795697,.14795697,.14795697,.14795697,.14795697,.14795697,.14795697,.14795697,.14795697
GLOMIS,LED-SSP2,PAO,Material Release|Infrastructure|Bridges|Aluminum,Mt/yr,high,.0000145,.000015600001,.000015899999,.000015899999,.000015899999,.000015899999,.000015899999,.000015899999,.000015899999,.000015899999,.000015899999,.000015899999,.000015899999,.000015899999,.000015899999,.000015899999,.000015899999,.000015899999
GLOMIS,LED-SSP2,PAO,Material Release|Infrastructure|Bridges|Asphalt,Mt/yr,high,2.2988951,2.4840758,2.521112,2.521112,2.521112,2.521112,2.521112,2.521112,2.521112,2.521112,2.521112,2.521112,2.521112,2.521112,2.521112,2.521112,2.521112,2.521112
GLOMIS,LED-SSP2,PAO,Material Release|Infrastructure|Bridges|Concrete,Mt/yr,high,1.0849429,1.1723373,1.1898161,1.1898161,1.1898161,1.1898161,1.1898161,1.1898161,1.1898161,1.1898161,1.1898161,1.1898161,1.1898161,1.1898161,1.1898161,1.1898161,1.1898161,1.1898161
GLOMIS,LED-SSP2,PAO,Material Release|Infrastructure|Bridges|Iron_steel,Mt/yr,high,.44425124,.48003656,.48719361,.48719361,.48719361,.48719361,.48719361,.48719361,.48719361,.48719361,.48719361,.48719361,.48719361,.48719361,.48719361,.48719361,.48719361,.48719361
GLOMIS,LED-SSP2,PAO,Material Release|Infrastructure|Buildings|Aluminum,Mt/yr,high,0,0,0,0,0,0,0,0,0,0,0,0,0,0,0,0,0,0
GLOMIS,LED-SSP2,PAO,Material Release|Infrastructure|Buildings|Concrete,Mt/yr,high,.55654687,.60137779,.61034399,.61034399,.61034399,.61034399,.61034399,.61034399,.61034399,.61034399,.61034399,.61034399,.61034399,.61034399,.61034399,.61034399,.61034399,.61034399
GLOMIS,LED-SSP2,PAO,Material Release|Infrastructure|Buildings|Iron_steel,Mt/yr,high,0,0,0,0,0,0,0,0,0,0,0,0,0,0,0,0,0,0
GLOMIS,LED-SSP2,PAO,Material Release|Infrastructure|Charging stations|Aluminum,Mt/yr,high,6.2399999e-07,6.7399998e-07,6.8399999e-07,6.8399999e-07,6.8399999e-07,6.8399999e-07,6.8399999e-07,6.8399999e-07,6.8399999e-07,6.8399999e-07,6.8399999e-07,6.8399999e-07,6.8399999e-07,6.8399999e-07,6.8399999e-07,6.8399999e-07,6.8399999e-07,6.8399999e-07
GLOMIS,LED-SSP2,PAO,Material Release|Infrastructure|Charging stations|Concrete,Mt/yr,high,.000096600001,.000104407,.000105963,.000105963,.000105963,.000105963,.000105963,.000105963,.000105963,.000105963,.000105963,.000105963,.000105963,.000105963,.000105963,.000105963,.000105963,.000105963
GLOMIS,LED-SSP2,PAO,Material Release|Infrastructure|Charging stations|Iron_steel,Mt/yr,high,.000016100001,.0000174,.0000177,.0000177,.0000177,.0000177,.0000177,.0000177,.0000177,.0000177,.0000177,.0000177,.0000177,.0000177,.0000177,.0000177,.0000177,.0000177
GLOMIS,LED-SSP2,PAO,Material Release|Infrastructure|Fuel stations|Aluminum,Mt/yr,high,.000098700002,.000106652,.000108242,.000108242,.000108242,.000108242,.000108242,.000108242,.000108242,.000108242,.000108242,.000108242,.000108242,.000108242,.000108242,.000108242,.000108242,.000108242
GLOMIS,LED-SSP2,PAO,Material Release|Infrastructure|Fuel stations|Concrete,Mt/yr,high,.36860141,.39829299,.40423128,.40423128,.40423128,.40423128,.40423128,.40423128,.40423128,.40423128,.40423128,.40423128,.40423128,.40423128,.40423128,.40423128,.40423128,.40423128
GLOMIS,LED-SSP2,PAO,Material Release|Infrastructure|Fuel stations|Iron_steel,Mt/yr,high,.014725725,.015911911,.016149148,.016149148,.016149148,.016149148,.016149148,.016149148,.016149148,.016149148,.016149148,.016149148,.016149148,.016149148,.016149148,.016149148,.016149148,.016149148
GLOMIS,LED-SSP2,PAO,Material Release|Infrastructure|Parking|Aluminum,Mt/yr,high,.000428992,.000463548,.000470459,.000470459,.000470459,.000470459,.000470459,.000470459,.000470459,.000470459,.000470459,.000470459,.000470459,.000470459,.000470459,.000470459,.000470459,.000470459
GLOMIS,LED-SSP2,PAO,Material Release|Infrastructure|Parking|Asphalt,Mt/yr,high,3.3129869,3.5798542,3.6332281,3.6332281,3.6332281,3.6332281,3.6332281,3.6332281,3.6332281,3.6332281,3.6332281,3.6332281,3.6332281,3.6332281,3.6332281,3.6332281,3.6332281,3.6332281
GLOMIS,LED-SSP2,PAO,Material Release|Infrastructure|Parking|Concrete,Mt/yr,high,1.5947464,1.7232063,1.7488983,1.7488983,1.7488983,1.7488983,1.7488983,1.7488983,1.7488983,1.7488983,1.7488983,1.7488983,1.7488983,1.7488983,1.7488983,1.7488983,1.7488983,1.7488983
GLOMIS,LED-SSP2,PAO,Material Release|Infrastructure|Parking|Iron_steel,Mt/yr,high,.019952713,.021559944,.02188139,.02188139,.02188139,.02188139,.02188139,.02188139,.02188139,.02188139,.02188139,.02188139,.02188139,.02188139,.02188139,.02188139,.02188139,.02188139
GLOMIS,LED-SSP2,PAO,Material Release|Infrastructure|Rail|Aluminum,Mt/yr,high,.001774699,.0019176539,.001946245,.001946245,.001946245,.001946245,.001946245,.001946245,.001946245,.001946245,.001946245,.001946245,.001946245,.001946245,.001946245,.001946245,.001946245,.001946245
GLOMIS,LED-SSP2,PAO,Material Release|Infrastructure|Rail|Concrete,Mt/yr,high,.57443571,.62070757,.62996197,.62996197,.62996197,.62996197,.62996197,.62996197,.62996197,.62996197,.62996197,.62996197,.62996197,.62996197,.62996197,.62996197,.62996197,.62996197
GLOMIS,LED-SSP2,PAO,Material Release|Infrastructure|Rail|Iron_steel,Mt/yr,high,.65703917,.70996493,.72055012,.72055012,.72055012,.72055012,.72055012,.72055012,.72055012,.72055012,.72055012,.72055012,.72055012,.72055012,.72055012,.72055012,.72055012,.72055012
GLOMIS,LED-SSP2,PAO,Material Release|Infrastructure|Roads|Aluminum,Mt/yr,high,0,0,0,0,0,0,0,0,0,0,0,0,0,0,0,0,0,0
GLOMIS,LED-SSP2,PAO,Material Release|Infrastructure|Roads|Asphalt,Mt/yr,high,138.48856,149.64407,151.87518,151.87518,151.87518,151.87518,151.87518,151.87518,151.87518,151.87518,151.87518,151.87518,151.87518,151.87518,151.87518,151.87518,151.87518,151.87518
GLOMIS,LED-SSP2,PAO,Material Release|Infrastructure|Roads|Concrete,Mt/yr,high,0,0,0,0,0,0,0,0,0,0,0,0,0,0,0,0,0,0
GLOMIS,LED-SSP2,PAO,Material Release|Infrastructure|Roads|Iron_steel,Mt/yr,high,0,0,0,0,0,0,0,0,0,0,0,0,0,0,0,0,0,0
GLOMIS,LED-SSP2,PAO,Material Release|Infrastructure|Runways|Aluminum,Mt/yr,high,0,0,0,0,0,0,0,0,0,0,0,0,0,0,0,0,0,0
GLOMIS,LED-SSP2,PAO,Material Release|Infrastructure|Runways|Concrete,Mt/yr,high,.017038524,.018411011,.018685509,.018685509,.018685509,.018685509,.018685509,.018685509,.018685509,.018685509,.018685509,.018685509,.018685509,.018685509,.018685509,.018685509,.018685509,.018685509
GLOMIS,LED-SSP2,PAO,Material Release|Infrastructure|Runways|Iron_steel,Mt/yr,high,0,0,0,0,0,0,0,0,0,0,0,0,0,0,0,0,0,0
GLOMIS,LED-SSP2,PAO,Material Release|Infrastructure|Tunnels|Aluminum,Mt/yr,high,.000032299999,.0000349,.000035500001,.000035500001,.000035500001,.000035500001,.000035500001,.000035500001,.000035500001,.000035500001,.000035500001,.000035500001,.000035500001,.000035500001,.000035500001,.000035500001,.000035500001,.000035500001
GLOMIS,LED-SSP2,PAO,Material Release|Infrastructure|Tunnels|Asphalt,Mt/yr,high,2.2600119,2.4420602,2.4784701,2.4784701,2.4784701,2.4784701,2.4784701,2.4784701,2.4784701,2.4784701,2.4784701,2.4784701,2.4784701,2.4784701,2.4784701,2.4784701,2.4784701,2.4784701
GLOMIS,LED-SSP2,PAO,Material Release|Infrastructure|Tunnels|Concrete,Mt/yr,high,2.3446429,2.5335083,2.5712814,2.5712814,2.5712814,2.5712814,2.5712814,2.5712814,2.5712814,2.5712814,2.5712814,2.5712814,2.5712814,2.5712814,2.5712814,2.5712814,2.5712814,2.5712814
GLOMIS,LED-SSP2,PAO,Material Release|Infrastructure|Tunnels|Iron_steel,Mt/yr,high,.13491571,.14578342,.14795697,.14795697,.14795697,.14795697,.14795697,.14795697,.14795697,.14795697,.14795697,.14795697,.14795697,.14795697,.14795697,.14795697,.14795697,.14795697
GLOMIS,LED-SSP2,PAS,Material Demand|Infrastructure|Bridges|Aluminum,Mt/yr,high,.001924547,.0019797641,.00060595101,.001102182,.00087333098,.00044591801,.00044591801,.00044591801,.00044591801,.00044591801,.00044591801,.00044591801,.00044591801,.00044591801,.00044591801,.00044591801,.00044591801,.00044591801
GLOMIS,LED-SSP2,PAS,Material Demand|Infrastructure|Bridges|Asphalt,Mt/yr,high,5.7102623,6.262219,4.3572545,5.2678523,5.0686402,4.4574857,4.4574857,4.4574857,4.4574857,4.4574857,4.4574857,4.4574857,4.4574857,4.4574857,4.4574857,4.4574857,4.4574857,4.4574857
GLOMIS,LED-SSP2,PAS,Material Demand|Infrastructure|Bridges|Concrete,Mt/yr,high,13.450865,13.83678,4.2350535,7.7032666,6.103807,3.1165705,3.1165705,3.1165705,3.1165705,3.1165705,3.1165705,3.1165705,3.1165705,3.1165705,3.1165705,3.1165705,3.1165705,3.1165705
GLOMIS,LED-SSP2,PAS,Material Demand|Infrastructure|Bridges|Iron_steel,Mt/yr,high,3.2681563,3.361922,1.0289909,1.8716625,1.4830419,.75723302,.75723302,.75723302,.75723302,.75723302,.75723302,.75723302,.75723302,.75723302,.75723302,.75723302,.75723302,.75723302
GLOMIS,LED-SSP2,PAS,Material Demand|Infrastructure|Buildings|Aluminum,Mt/yr,high,0,0,0,0,0,0,0,0,0,0,0,0,0,0,0,0,0,0
GLOMIS,LED-SSP2,PAS,Material Demand|Infrastructure|Buildings|Concrete,Mt/yr,high,2.0794201,2.1486084,.7175442,1.2399176,1.0044301,.55875117,.55875117,.55875117,.55875117,.55875117,.55875117,.55875117,.55875117,.55875117,.55875117,.55875117,.55875117,.55875117
GLOMIS,LED-SSP2,PAS,Material Demand|Infrastructure|Buildings|Iron_steel,Mt/yr,high,0,0,0,0,0,0,0,0,0,0,0,0,0,0,0,0,0,0
GLOMIS,LED-SSP2,PAS,Material Demand|Infrastructure|Charging stations|Aluminum,Mt/yr,high,5.6099998e-07,6.2300001e-07,4.8400000e-07,5.6099998e-07,5.5200002e-07,5.0699998e-07,5.0699998e-07,5.0699998e-07,5.0699998e-07,5.0699998e-07,5.0699998e-07,5.0699998e-07,5.0699998e-07,5.0699998e-07,5.0699998e-07,5.0699998e-07,5.0699998e-07,5.0699998e-07
GLOMIS,LED-SSP2,PAS,Material Demand|Infrastructure|Charging stations|Concrete,Mt/yr,high,.000086799999,.0000965,.000075000004,.0000869,.000085500003,.000078500001,.000078500001,.000078500001,.000078500001,.000078500001,.000078500001,.000078500001,.000078500001,.000078500001,.000078500001,.000078500001,.000078500001,.000078500001
GLOMIS,LED-SSP2,PAS,Material Demand|Infrastructure|Charging stations|Iron_steel,Mt/yr,high,.0000145,.000016100001,.0000125,.0000145,.0000142,.0000131,.0000131,.0000131,.0000131,.0000131,.0000131,.0000131,.0000131,.0000131,.0000131,.0000131,.0000131,.0000131
GLOMIS,LED-SSP2,PAS,Material Demand|Infrastructure|Fuel stations|Aluminum,Mt/yr,high,.000331152,.00035613601,.00020636299,.00026933901,.00024910099,.000201767,.000201767,.000201767,.000201767,.000201767,.000201767,.000201767,.000201767,.000201767,.000201767,.000201767,.000201767,.000201767
GLOMIS,LED-SSP2,PAS,Material Demand|Infrastructure|Fuel stations|Concrete,Mt/yr,high,1.2366903,1.3299942,.77066553,1.0058484,.93027222,.75350195,.75350195,.75350195,.75350195,.75350195,.75350195,.75350195,.75350195,.75350195,.75350195,.75350195,.75350195,.75350195
GLOMIS,LED-SSP2,PAS,Material Demand|Infrastructure|Fuel stations|Iron_steel,Mt/yr,high,.049406111,.053133626,.030788293,.040183913,.037164625,.030102607,.030102607,.030102607,.030102607,.030102607,.030102607,.030102607,.030102607,.030102607,.030102607,.030102607,.030102607,.030102607
GLOMIS,LED-SSP2,PAS,Material Demand|Infrastructure|Parking|Aluminum,Mt/yr,high,.00093971199,.00097692094,.000363453,.000590918,.00049184501,.00030049801,.00030049801,.00030049801,.00030049801,.00030049801,.00030049801,.00030049801,.00030049801,.00030049801,.00030049801,.00030049801,.00030049801,.00030049801
GLOMIS,LED-SSP2,PAS,Material Demand|Infrastructure|Parking|Asphalt,Mt/yr,high,1.5711915,1.7248968,1.2109962,1.4588959,1.4063485,1.241291,1.241291,1.241291,1.241291,1.241291,1.241291,1.241291,1.241291,1.241291,1.241291,1.241291,1.241291,1.241291
GLOMIS,LED-SSP2,PAS,Material Demand|Infrastructure|Parking|Concrete,Mt/yr,high,4.4689283,4.6458845,1.7284526,2.8101923,2.3390379,1.4290602,1.4290602,1.4290602,1.4290602,1.4290602,1.4290602,1.4290602,1.4290602,1.4290602,1.4290602,1.4290602,1.4290602,1.4290602
GLOMIS,LED-SSP2,PAS,Material Demand|Infrastructure|Parking|Iron_steel,Mt/yr,high,.061149176,.063570499,.023650736,.038452379,.032005489,.019554095,.019554095,.019554095,.019554095,.019554095,.019554095,.019554095,.019554095,.019554095,.019554095,.019554095,.019554095,.019554095
GLOMIS,LED-SSP2,PAS,Material Demand|Infrastructure|Rail|Aluminum,Mt/yr,high,.0036049059,.0037824239,.001623582,.002445847,.0021087739,.0014335969,.0014335969,.0014335969,.0014335969,.0014335969,.0014335969,.0014335969,.0014335969,.0014335969,.0014335969,.0014335969,.0014335969,.0014335969
GLOMIS,LED-SSP2,PAS,Material Demand|Infrastructure|Rail|Concrete,Mt/yr,high,.9644838,1.0065554,.3986263,.62647009,.52958333,.33976167,.33976167,.33976167,.33976167,.33976167,.33976167,.33976167,.33976167,.33976167,.33976167,.33976167,.33976167,.33976167
GLOMIS,LED-SSP2,PAS,Material Demand|Infrastructure|Rail|Iron_steel,Mt/yr,high,.50345927,.53936112,.30000803,.39876541,.36542392,.28993538,.28993538,.28993538,.28993538,.28993538,.28993538,.28993538,.28993538,.28993538,.28993538,.28993538,.28993538,.28993538
GLOMIS,LED-SSP2,PAS,Material Demand|Infrastructure|Roads|Aluminum,Mt/yr,high,0,0,0,0,0,0,0,0,0,0,0,0,0,0,0,0,0,0
GLOMIS,LED-SSP2,PAS,Material Demand|Infrastructure|Roads|Asphalt,Mt/yr,high,301.67126,329.80521,223.42819,273.01944,261.22708,227.20357,227.20357,227.20357,227.20357,227.20357,227.20357,227.20357,227.20357,227.20357,227.20357,227.20357,227.20357,227.20357
GLOMIS,LED-SSP2,PAS,Material Demand|Infrastructure|Roads|Concrete,Mt/yr,high,0,0,0,0,0,0,0,0,0,0,0,0,0,0,0,0,0,0
GLOMIS,LED-SSP2,PAS,Material Demand|Infrastructure|Roads|Iron_steel,Mt/yr,high,0,0,0,0,0,0,0,0,0,0,0,0,0,0,0,0,0,0
GLOMIS,LED-SSP2,PAS,Material Demand|Infrastructure|Tunnels|Aluminum,Mt/yr,high,.002641737,.0027175311,.00083176099,.001512914,.001198782,.00061209197,.00061209197,.00061209197,.00061209197,.00061209197,.00061209197,.00061209197,.00061209197,.00061209197,.00061209197,.00061209197,.00061209197,.00061209197
GLOMIS,LED-SSP2,PAS,Material Demand|Infrastructure|Tunnels|Asphalt,Mt/yr,high,1.6565864,1.8178397,1.2715003,1.5340401,1.4776404,1.3022479,1.3022479,1.3022479,1.3022479,1.3022479,1.3022479,1.3022479,1.3022479,1.3022479,1.3022479,1.3022479,1.3022479,1.3022479
GLOMIS,LED-SSP2,PAS,Material Demand|Infrastructure|Tunnels|Concrete,Mt/yr,high,19.530148,20.090481,6.1491375,11.184852,8.8624973,4.5251427,4.5251427,4.5251427,4.5251427,4.5251427,4.5251427,4.5251427,4.5251427,4.5251427,4.5251427,4.5251427,4.5251427,4.5251427
GLOMIS,LED-SSP2,PAS,Material Demand|Infrastructure|Tunnels|Iron_steel,Mt/yr,high,.82621598,.84992075,.26013711,.47317123,.37492481,.19143456,.19143456,.19143456,.19143456,.19143456,.19143456,.19143456,.19143456,.19143456,.19143456,.19143456,.19143456,.19143456
GLOMIS,LED-SSP2,PAS,Material Release|Infrastructure|Bridges|Aluminum,Mt/yr,high,.00033430601,.00038952299,.000406117,.00042627999,.00044292901,.00044591801,.00044591801,.00044591801,.00044591801,.00044591801,.00044591801,.00044591801,.00044591801,.00044591801,.00044591801,.00044591801,.00044591801,.00044591801
GLOMIS,LED-SSP2,PAS,Material Release|Infrastructure|Bridges|Asphalt,Mt/yr,high,3.3417904,3.8937471,4.0596266,4.261178,4.427608,4.4574857,4.4574857,4.4574857,4.4574857,4.4574857,4.4574857,4.4574857,4.4574857,4.4574857,4.4574857,4.4574857,4.4574857,4.4574857
GLOMIS,LED-SSP2,PAS,Material Release|Infrastructure|Bridges|Concrete,Mt/yr,high,2.3365021,2.7224174,2.8383965,2.9793165,3.0956807,3.1165705,3.1165705,3.1165705,3.1165705,3.1165705,3.1165705,3.1165705,3.1165705,3.1165705,3.1165705,3.1165705,3.1165705,3.1165705
GLOMIS,LED-SSP2,PAS,Material Release|Infrastructure|Bridges|Iron_steel,Mt/yr,high,.56769985,.6614657,.68964511,.7238844,.75215745,.75723302,.75723302,.75723302,.75723302,.75723302,.75723302,.75723302,.75723302,.75723302,.75723302,.75723302,.75723302,.75723302
GLOMIS,LED-SSP2,PAS,Material Release|Infrastructure|Buildings|Aluminum,Mt/yr,high,0,0,0,0,0,0,0,0,0,0,0,0,0,0,0,0,0,0
GLOMIS,LED-SSP2,PAS,Material Release|Infrastructure|Buildings|Concrete,Mt/yr,high,.41889739,.48808584,.50887901,.53414375,.55500597,.55875117,.55875117,.55875117,.55875117,.55875117,.55875117,.55875117,.55875117,.55875117,.55875117,.55875117,.55875117,.55875117
GLOMIS,LED-SSP2,PAS,Material Release|Infrastructure|Buildings|Iron_steel,Mt/yr,high,0,0,0,0,0,0,0,0,0,0,0,0,0,0,0,0,0,0
GLOMIS,LED-SSP2,PAS,Material Release|Infrastructure|Charging stations|Aluminum,Mt/yr,high,3.7999999e-07,4.4300000e-07,4.6200000e-07,4.8499999e-07,5.0300002e-07,5.0699998e-07,5.0699998e-07,5.0699998e-07,5.0699998e-07,5.0699998e-07,5.0699998e-07,5.0699998e-07,5.0699998e-07,5.0699998e-07,5.0699998e-07,5.0699998e-07,5.0699998e-07,5.0699998e-07
GLOMIS,LED-SSP2,PAS,Material Release|Infrastructure|Charging stations|Concrete,Mt/yr,high,.0000588,.000068499998,.000071499999,.000075000004,.000077899997,.000078500001,.000078500001,.000078500001,.000078500001,.000078500001,.000078500001,.000078500001,.000078500001,.000078500001,.000078500001,.000078500001,.000078500001,.000078500001
GLOMIS,LED-SSP2,PAS,Material Release|Infrastructure|Charging stations|Iron_steel,Mt/yr,high,9.8000000e-06,.0000114,.0000119,.0000125,.000013,.0000131,.0000131,.0000131,.0000131,.0000131,.0000131,.0000131,.0000131,.0000131,.0000131,.0000131,.0000131,.0000131
GLOMIS,LED-SSP2,PAS,Material Release|Infrastructure|Fuel stations|Aluminum,Mt/yr,high,.00015126501,.00017625,.00018375801,.00019288099,.000200415,.000201767,.000201767,.000201767,.000201767,.000201767,.000201767,.000201767,.000201767,.000201767,.000201767,.000201767,.000201767,.000201767
GLOMIS,LED-SSP2,PAS,Material Release|Infrastructure|Fuel stations|Concrete,Mt/yr,high,.56490266,.65820652,.68624711,.72031766,.74845141,.75350195,.75350195,.75350195,.75350195,.75350195,.75350195,.75350195,.75350195,.75350195,.75350195,.75350195,.75350195,.75350195
GLOMIS,LED-SSP2,PAS,Material Release|Infrastructure|Fuel stations|Iron_steel,Mt/yr,high,.022568014,.026295528,.027415754,.028776884,.029900836,.030102607,.030102607,.030102607,.030102607,.030102607,.030102607,.030102607,.030102607,.030102607,.030102607,.030102607,.030102607,.030102607
GLOMIS,LED-SSP2,PAS,Material Release|Infrastructure|Parking|Aluminum,Mt/yr,high,.00022528401,.000262494,.000273677,.000287264,.000298484,.00030049801,.00030049801,.00030049801,.00030049801,.00030049801,.00030049801,.00030049801,.00030049801,.00030049801,.00030049801,.00030049801,.00030049801,.00030049801
GLOMIS,LED-SSP2,PAS,Material Release|Infrastructure|Parking|Asphalt,Mt/yr,high,.93059957,1.0843048,1.1304978,1.1866244,1.232971,1.241291,1.241291,1.241291,1.241291,1.241291,1.241291,1.241291,1.241291,1.241291,1.241291,1.241291,1.241291,1.241291
GLOMIS,LED-SSP2,PAS,Material Release|Infrastructure|Parking|Concrete,Mt/yr,high,1.0713707,1.2483268,1.3015074,1.3661243,1.4194815,1.4290602,1.4290602,1.4290602,1.4290602,1.4290602,1.4290602,1.4290602,1.4290602,1.4290602,1.4290602,1.4290602,1.4290602,1.4290602
GLOMIS,LED-SSP2,PAS,Material Release|Infrastructure|Parking|Iron_steel,Mt/yr,high,.014659763,.017081087,.017808765,.018692931,.019423028,.019554095,.019554095,.019554095,.019554095,.019554095,.019554095,.019554095,.019554095,.019554095,.019554095,.019554095,.019554095,.019554095
GLOMIS,LED-SSP2,PAS,Material Release|Infrastructure|Rail|Aluminum,Mt/yr,high,.001074772,.001252289,.001305639,.001370461,.001423987,.0014335969,.0014335969,.0014335969,.0014335969,.0014335969,.0014335969,.0014335969,.0014335969,.0014335969,.0014335969,.0014335969,.0014335969,.0014335969
GLOMIS,LED-SSP2,PAS,Material Release|Infrastructure|Rail|Concrete,Mt/yr,high,.25472033,.29679197,.30943576,.32479852,.3374843,.33976167,.33976167,.33976167,.33976167,.33976167,.33976167,.33976167,.33976167,.33976167,.33976167,.33976167,.33976167,.33976167
GLOMIS,LED-SSP2,PAS,Material Release|Infrastructure|Rail|Iron_steel,Mt/yr,high,.21736541,.25326723,.26405677,.2771666,.287992,.28993538,.28993538,.28993538,.28993538,.28993538,.28993538,.28993538,.28993538,.28993538,.28993538,.28993538,.28993538,.28993538
GLOMIS,LED-SSP2,PAS,Material Release|Infrastructure|Roads|Aluminum,Mt/yr,high,0,0,0,0,0,0,0,0,0,0,0,0,0,0,0,0,0,0
GLOMIS,LED-SSP2,PAS,Material Release|Infrastructure|Roads|Asphalt,Mt/yr,high,170.33519,198.46912,206.92419,217.19751,225.68068,227.20357,227.20357,227.20357,227.20357,227.20357,227.20357,227.20357,227.20357,227.20357,227.20357,227.20357,227.20357,227.20357
GLOMIS,LED-SSP2,PAS,Material Release|Infrastructure|Roads|Concrete,Mt/yr,high,0,0,0,0,0,0,0,0,0,0,0,0,0,0,0,0,0,0
GLOMIS,LED-SSP2,PAS,Material Release|Infrastructure|Roads|Iron_steel,Mt/yr,high,0,0,0,0,0,0,0,0,0,0,0,0,0,0,0,0,0,0
GLOMIS,LED-SSP2,PAS,Material Release|Infrastructure|Tunnels|Aluminum,Mt/yr,high,.00045888699,.00053467997,.00055745803,.00058513501,.00060798897,.00061209197,.00061209197,.00061209197,.00061209197,.00061209197,.00061209197,.00061209197,.00061209197,.00061209197,.00061209197,.00061209197,.00061209197,.00061209197
GLOMIS,LED-SSP2,PAS,Material Release|Infrastructure|Tunnels|Asphalt,Mt/yr,high,.97629905,1.1375524,1.1860138,1.2448968,1.2935191,1.3022479,1.3022479,1.3022479,1.3022479,1.3022479,1.3022479,1.3022479,1.3022479,1.3022479,1.3022479,1.3022479,1.3022479,1.3022479
GLOMIS,LED-SSP2,PAS,Material Release|Infrastructure|Tunnels|Concrete,Mt/yr,high,3.3925128,3.9528472,4.1212444,4.3258548,4.4948115,4.5251427,4.5251427,4.5251427,4.5251427,4.5251427,4.5251427,4.5251427,4.5251427,4.5251427,4.5251427,4.5251427,4.5251427,4.5251427
GLOMIS,LED-SSP2,PAS,Material Release|Infrastructure|Tunnels|Iron_steel,Mt/yr,high,.14351906,.16722381,.1743478,.18300377,.19015141,.19143456,.19143456,.19143456,.19143456,.19143456,.19143456,.19143456,.19143456,.19143456,.19143456,.19143456,.19143456,.19143456
GLOMIS,LED-SSP2,RCPA,Material Demand|Infrastructure|Bridges|Aluminum,Mt/yr,high,.000222451,.000229283,.000238434,.00032278799,.00029081199,.000212481,.000136184,.00013714,.000102345,.000102345,.000102345,.000102345,.000102345,.000102345,.000102345,.000102345,.000102345,.000102345
GLOMIS,LED-SSP2,RCPA,Material Demand|Infrastructure|Bridges|Asphalt,Mt/yr,high,1.0645,1.195702,1.3346575,1.7264462,1.7705429,1.637323,1.4645991,1.5066599,1.4283196,1.4283196,1.4283196,1.4283196,1.4283196,1.4283196,1.4283196,1.4283196,1.4283196,1.4283196
GLOMIS,LED-SSP2,RCPA,Material Demand|Infrastructure|Bridges|Concrete,Mt/yr,high,2.9645329,3.0555913,3.1775365,4.3016968,3.8755693,2.8316638,1.814886,1.8276187,1.363925,1.363925,1.363925,1.363925,1.363925,1.363925,1.363925,1.363925,1.363925,1.363925
GLOMIS,LED-SSP2,RCPA,Material Demand|Infrastructure|Bridges|Iron_steel,Mt/yr,high,.59313595,.61135471,.63575321,.86067224,.77541375,.56655186,.36311764,.3656652,.27289054,.27289054,.27289054,.27289054,.27289054,.27289054,.27289054,.27289054,.27289054,.27289054
GLOMIS,LED-SSP2,RCPA,Material Demand|Infrastructure|Buildings|Aluminum,Mt/yr,high,0,0,0,0,0,0,0,0,0,0,0,0,0,0,0,0,0,0
GLOMIS,LED-SSP2,RCPA,Material Demand|Infrastructure|Buildings|Concrete,Mt/yr,high,.22292705,.23095863,.2412727,.32566461,.29599017,.22039515,.14624807,.14765622,.11384717,.11384717,.11384717,.11384717,.11384717,.11384717,.11384717,.11384717,.11384717,.11384717
GLOMIS,LED-SSP2,RCPA,Material Demand|Infrastructure|Buildings|Iron_steel,Mt/yr,high,0,0,0,0,0,0,0,0,0,0,0,0,0,0,0,0,0,0
GLOMIS,LED-SSP2,RCPA,Material Demand|Infrastructure|Charging stations|Aluminum,Mt/yr,high,1.2300001e-07,1.4200000e-07,1.6100000e-07,2.0600000e-07,2.1800000e-07,2.1100000e-07,1.9800000e-07,2.0400000e-07,1.9800000e-07,1.9800000e-07,1.9800000e-07,1.9800000e-07,1.9800000e-07,1.9800000e-07,1.9800000e-07,1.9800000e-07,1.9800000e-07,1.9800000e-07
GLOMIS,LED-SSP2,RCPA,Material Demand|Infrastructure|Charging stations|Concrete,Mt/yr,high,.0000191,.000022,.000024999999,.000031899999,.000033799999,.000032700002,.0000306,.000031600001,.0000306,.0000306,.0000306,.0000306,.0000306,.0000306,.0000306,.0000306,.0000306,.0000306
GLOMIS,LED-SSP2,RCPA,Material Demand|Infrastructure|Charging stations|Iron_steel,Mt/yr,high,3.1800000e-06,3.6599999e-06,4.1600001e-06,5.3200001e-06,5.6300000e-06,5.4500001e-06,5.1000002e-06,5.2599999e-06,5.1000002e-06,5.1000002e-06,5.1000002e-06,5.1000002e-06,5.1000002e-06,5.1000002e-06,5.1000002e-06,5.1000002e-06,5.1000002e-06,5.1000002e-06
GLOMIS,LED-SSP2,RCPA,Material Demand|Infrastructure|Fuel stations|Aluminum,Mt/yr,high,.000032200001,.000035100002,.000038300001,.000050300001,.000049599999,.000043,.0000358,.000036699999,.0000334,.0000334,.0000334,.0000334,.0000334,.0000334,.0000334,.0000334,.0000334,.0000334
GLOMIS,LED-SSP2,RCPA,Material Demand|Infrastructure|Fuel stations|Concrete,Mt/yr,high,.12022384,.13119684,.1431758,.18788755,.18517417,.16069731,.13368104,.13696809,.12467924,.12467924,.12467924,.12467924,.12467924,.12467924,.12467924,.12467924,.12467924,.12467924
GLOMIS,LED-SSP2,RCPA,Material Demand|Infrastructure|Fuel stations|Iron_steel,Mt/yr,high,.0048029749,.0052413489,.0057199108,.0075061582,.0073977578,.0064199008,.0053405939,.0054719122,.0049809688,.0049809688,.0049809688,.0049809688,.0049809688,.0049809688,.0049809688,.0049809688,.0049809688,.0049809688
GLOMIS,LED-SSP2,RCPA,Material Demand|Infrastructure|Parking|Aluminum,Mt/yr,high,.000093900002,.000097900003,.000102971,.000138417,.000127338,.000097199998,.000067399997,.000068300003,.000054700002,.000054700002,.000054700002,.000054700002,.000054700002,.000054700002,.000054700002,.000054700002,.000054700002,.000054700002
GLOMIS,LED-SSP2,RCPA,Material Demand|Infrastructure|Parking|Asphalt,Mt/yr,high,.097150646,.10941096,.12236921,.15809093,.16268824,.15123227,.13602787,.13997547,.13308203,.13308203,.13308203,.13308203,.13308203,.13308203,.13308203,.13308203,.13308203,.13308203
GLOMIS,LED-SSP2,RCPA,Material Demand|Infrastructure|Parking|Concrete,Mt/yr,high,.23093474,.24099448,.25335976,.3405734,.31331414,.23927096,.16585803,.16797884,.13451235,.13451235,.13451235,.13451235,.13451235,.13451235,.13451235,.13451235,.13451235,.13451235
GLOMIS,LED-SSP2,RCPA,Material Demand|Infrastructure|Parking|Iron_steel,Mt/yr,high,.002256199,.002354481,.0024752889,.0033273529,.003061034,.0023376429,.001620409,.001641129,.001314166,.001314166,.001314166,.001314166,.001314166,.001314166,.001314166,.001314166,.001314166,.001314166
GLOMIS,LED-SSP2,RCPA,Material Demand|Infrastructure|Rail|Aluminum,Mt/yr,high,.001657648,.001761428,.001880687,.002502901,.002370408,.001916368,.001451068,.001478306,.00126634,.00126634,.00126634,.00126634,.00126634,.00126634,.00126634,.00126634,.00126634,.00126634
GLOMIS,LED-SSP2,RCPA,Material Demand|Infrastructure|Rail|Concrete,Mt/yr,high,.44128138,.46855763,.49996659,.66564798,.62967497,.50794446,.38339213,.39050967,.33376825,.33376825,.33376825,.33376825,.33376825,.33376825,.33376825,.33376825,.33376825,.33376825
GLOMIS,LED-SSP2,RCPA,Material Demand|Infrastructure|Rail|Iron_steel,Mt/yr,high,.25900722,.28250569,.30817616,.40451905,.39839032,.34531099,.28683147,.29385915,.26725775,.26725775,.26725775,.26725775,.26725775,.26725775,.26725775,.26725775,.26725775,.26725775
GLOMIS,LED-SSP2,RCPA,Material Demand|Infrastructure|Roads|Aluminum,Mt/yr,high,0,0,0,0,0,0,0,0,0,0,0,0,0,0,0,0,0,0
GLOMIS,LED-SSP2,RCPA,Material Demand|Infrastructure|Roads|Asphalt,Mt/yr,high,99.622849,111.46789,124.05325,160.77165,164.03065,150.49922,133.48758,137.25883,129.53906,129.53906,129.53906,129.53906,129.53906,129.53906,129.53906,129.53906,129.53906,129.53906
GLOMIS,LED-SSP2,RCPA,Material Demand|Infrastructure|Roads|Concrete,Mt/yr,high,0,0,0,0,0,0,0,0,0,0,0,0,0,0,0,0,0,0
GLOMIS,LED-SSP2,RCPA,Material Demand|Infrastructure|Roads|Iron_steel,Mt/yr,high,0,0,0,0,0,0,0,0,0,0,0,0,0,0,0,0,0,0
GLOMIS,LED-SSP2,RCPA,Material Demand|Infrastructure|Tunnels|Aluminum,Mt/yr,high,.00018714801,.000192896,.000200594,.000271561,.00024466001,.00017876,.000114572,.000115375,.000086100001,.000086100001,.000086100001,.000086100001,.000086100001,.000086100001,.000086100001,.000086100001,.000086100001,.000086100001
GLOMIS,LED-SSP2,RCPA,Material Demand|Infrastructure|Tunnels|Asphalt,Mt/yr,high,.086396374,.097152837,.10853492,.14032005,.14411494,.13356732,.11975954,.12321433,.11695269,.11695269,.11695269,.11695269,.11695269,.11695269,.11695269,.11695269,.11695269,.11695269
GLOMIS,LED-SSP2,RCPA,Material Demand|Infrastructure|Tunnels|Concrete,Mt/yr,high,2.104727,2.1693757,2.2559531,3.0540724,2.7515347,2.0103941,1.2885131,1.2975529,.96834475,.96834475,.96834475,.96834475,.96834475,.96834475,.96834475,.96834475,.96834475,.96834475
GLOMIS,LED-SSP2,RCPA,Material Demand|Infrastructure|Tunnels|Iron_steel,Mt/yr,high,.083727285,.086299047,.089743145,.1214928,.10945768,.079974666,.051257811,.051617425,.038521327,.038521327,.038521327,.038521327,.038521327,.038521327,.038521327,.038521327,.038521327,.038521327
GLOMIS,LED-SSP2,RCPA,Material Release|Infrastructure|Bridges|Aluminum,Mt/yr,high,.000025699999,.0000325,.000039400002,.000048400001,.0000568,.000062599996,.000065599997,.000068000001,.000069399997,.000069399997,.000069399997,.000069399997,.000069399997,.000069399997,.000069399997,.000069399997,.000069399997,.000069399997
GLOMIS,LED-SSP2,RCPA,Material Release|Infrastructure|Bridges|Asphalt,Mt/yr,high,.49283776,.62403977,.75644451,.92934036,1.0907452,1.2018968,1.2595351,1.3058231,1.3326141,1.3326141,1.3326141,1.3326141,1.3326141,1.3326141,1.3326141,1.3326141,1.3326141,1.3326141
GLOMIS,LED-SSP2,RCPA,Material Release|Infrastructure|Bridges|Concrete,Mt/yr,high,.34204587,.43310446,.52499783,.64499331,.75701362,.83415657,.87415946,.90628487,.92487878,.92487878,.92487878,.92487878,.92487878,.92487878,.92487878,.92487878,.92487878,.92487878
GLOMIS,LED-SSP2,RCPA,Material Release|Infrastructure|Bridges|Iron_steel,Mt/yr,high,.068435647,.08665441,.10504019,.12904857,.1514613,.16689587,.17489953,.18132712,.18504733,.18504733,.18504733,.18504733,.18504733,.18504733,.18504733,.18504733,.18504733,.18504733
GLOMIS,LED-SSP2,RCPA,Material Release|Infrastructure|Buildings|Aluminum,Mt/yr,high,0,0,0,0,0,0,0,0,0,0,0,0,0,0,0,0,0,0
GLOMIS,LED-SSP2,RCPA,Material Release|Infrastructure|Buildings|Concrete,Mt/yr,high,.030169236,.038200811,.046306014,.056889895,.066770345,.073574528,.077102877,.079936415,.081576437,.081576437,.081576437,.081576437,.081576437,.081576437,.081576437,.081576437,.081576437,.081576437
GLOMIS,LED-SSP2,RCPA,Material Release|Infrastructure|Buildings|Iron_steel,Mt/yr,high,0,0,0,0,0,0,0,0,0,0,0,0,0,0,0,0,0,0
GLOMIS,LED-SSP2,RCPA,Material Release|Infrastructure|Charging stations|Aluminum,Mt/yr,high,6.9800002e-08,8.8400000e-08,1.0700000e-07,1.3200000e-07,1.5500000e-07,1.7000001e-07,1.7799999e-07,1.8500000e-07,1.8900000e-07,1.8900000e-07,1.8900000e-07,1.8900000e-07,1.8900000e-07,1.8900000e-07,1.8900000e-07,1.8900000e-07,1.8900000e-07,1.8900000e-07
GLOMIS,LED-SSP2,RCPA,Material Release|Infrastructure|Charging stations|Concrete,Mt/yr,high,.0000108,.0000137,.000016600001,.000020400001,.0000239,.000026399999,.000027599999,.000028599999,.0000292,.0000292,.0000292,.0000292,.0000292,.0000292,.0000292,.0000292,.0000292,.0000292
GLOMIS,LED-SSP2,RCPA,Material Release|Infrastructure|Charging stations|Iron_steel,Mt/yr,high,1.7999999e-06,2.2800000e-06,2.7700000e-06,3.4000000e-06,3.9900001e-06,4.3900000e-06,4.6000000e-06,4.7700000e-06,4.8699999e-06,4.8699999e-06,4.8699999e-06,4.8699999e-06,4.8699999e-06,4.8699999e-06,4.8699999e-06,4.8699999e-06,4.8699999e-06,4.8699999e-06
GLOMIS,LED-SSP2,RCPA,Material Release|Infrastructure|Fuel stations|Aluminum,Mt/yr,high,.000011,.000014,.0000169,.0000208,.0000244,.000026899999,.0000282,.0000292,.0000298,.0000298,.0000298,.0000298,.0000298,.0000298,.0000298,.0000298,.0000298,.0000298
GLOMIS,LED-SSP2,RCPA,Material Release|Infrastructure|Fuel stations|Concrete,Mt/yr,high,.041218206,.052191213,.06326481,.077724859,.091223858,.10051996,.1053405,.10921177,.11145243,.11145243,.11145243,.11145243,.11145243,.11145243,.11145243,.11145243,.11145243,.11145243
GLOMIS,LED-SSP2,RCPA,Material Release|Infrastructure|Fuel stations|Iron_steel,Mt/yr,high,.001646678,.0020850529,.002527446,.0031051291,.003644418,.0040157991,.0042083808,.00436304,.004452554,.004452554,.004452554,.004452554,.004452554,.004452554,.004452554,.004452554,.004452554,.004452554
GLOMIS,LED-SSP2,RCPA,Material Release|Infrastructure|Parking|Aluminum,Mt/yr,high,.000015400001,.0000194,.0000236,.000029000001,.000034000001,.000037500002,.0000392,.000040700001,.000041499999,.000041499999,.000041499999,.000041499999,.000041499999,.000041499999,.000041499999,.000041499999,.000041499999,.000041499999
GLOMIS,LED-SSP2,RCPA,Material Release|Infrastructure|Parking|Asphalt,Mt/yr,high,.046053767,.058314081,.070686795,.086843237,.10192589,.11231257,.11769864,.12202407,.1245276,.1245276,.1245276,.1245276,.1245276,.1245276,.1245276,.1245276,.1245276,.1245276
GLOMIS,LED-SSP2,RCPA,Material Release|Infrastructure|Parking|Concrete,Mt/yr,high,.037787691,.047847435,.057999399,.07125596,.083631463,.09215387,.096573204,.10012228,.10217645,.10217645,.10217645,.10217645,.10217645,.10217645,.10217645,.10217645,.10217645,.10217645
GLOMIS,LED-SSP2,RCPA,Material Release|Infrastructure|Parking|Iron_steel,Mt/yr,high,.00036917999,.00046746299,.00056664599,.00069616002,.00081706699,.00090033002,.00094350602,.00097817997,.00099824904,.00099824904,.00099824904,.00099824904,.00099824904,.00099824904,.00099824904,.00099824904,.00099824904,.00099824904
GLOMIS,LED-SSP2,RCPA,Material Release|Infrastructure|Rail|Aluminum,Mt/yr,high,.000389831,.00049361098,.00059834198,.000735101,.000862771,.000950691,.00099628197,.001032896,.001054087,.001054087,.001054087,.001054087,.001054087,.001054087,.001054087,.001054087,.001054087,.001054087
GLOMIS,LED-SSP2,RCPA,Material Release|Infrastructure|Rail|Concrete,Mt/yr,high,.10245854,.12973478,.15726109,.19320528,.22676055,.24986842,.26185113,.27147418,.27704391,.27704391,.27704391,.27704391,.27704391,.27704391,.27704391,.27704391,.27704391,.27704391
GLOMIS,LED-SSP2,RCPA,Material Release|Infrastructure|Rail|Iron_steel,Mt/yr,high,.088268012,.11176649,.1354804,.16644631,.19535416,.21526159,.22558469,.23387495,.23867327,.23867327,.23867327,.23867327,.23867327,.23867327,.23867327,.23867327,.23867327,.23867327
GLOMIS,LED-SSP2,RCPA,Material Release|Infrastructure|Roads|Aluminum,Mt/yr,high,0,0,0,0,0,0,0,0,0,0,0,0,0,0,0,0,0,0
GLOMIS,LED-SSP2,RCPA,Material Release|Infrastructure|Roads|Asphalt,Mt/yr,high,44.493832,56.338867,68.292488,83.90168,98.47345,108.50832,113.71194,117.89087,120.30959,120.30959,120.30959,120.30959,120.30959,120.30959,120.30959,120.30959,120.30959,120.30959
GLOMIS,LED-SSP2,RCPA,Material Release|Infrastructure|Roads|Concrete,Mt/yr,high,0,0,0,0,0,0,0,0,0,0,0,0,0,0,0,0,0,0
GLOMIS,LED-SSP2,RCPA,Material Release|Infrastructure|Roads|Iron_steel,Mt/yr,high,0,0,0,0,0,0,0,0,0,0,0,0,0,0,0,0,0,0
GLOMIS,LED-SSP2,RCPA,Material Release|Infrastructure|Tunnels|Aluminum,Mt/yr,high,.000021600001,.000027300001,.000033100001,.000040700001,.0000478,.000052700001,.000055199998,.000057199999,.000058400001,.000058400001,.000058400001,.000058400001,.000058400001,.000058400001,.000058400001,.000058400001,.000058400001,.000058400001
GLOMIS,LED-SSP2,RCPA,Material Release|Infrastructure|Tunnels|Asphalt,Mt/yr,high,.040404785,.051161245,.062016308,.076190993,.089423597,.098536246,.10326166,.10705653,.10925297,.10925297,.10925297,.10925297,.10925297,.10925297,.10925297,.10925297,.10925297,.10925297
GLOMIS,LED-SSP2,RCPA,Material Release|Infrastructure|Tunnels|Concrete,Mt/yr,high,.24284205,.30749083,.37273225,.45792538,.53745633,.59222549,.62062627,.64343435,.6566354,.6566354,.6566354,.6566354,.6566354,.6566354,.6566354,.6566354,.6566354,.6566354
GLOMIS,LED-SSP2,RCPA,Material Release|Infrastructure|Tunnels|Iron_steel,Mt/yr,high,.0096604005,.012232166,.01482751,.018216543,.021380331,.023559079,.024688881,.025596198,.026121344,.026121344,.026121344,.026121344,.026121344,.026121344,.026121344,.026121344,.026121344,.026121344
GLOMIS,LED-SSP2,SAS,Material Demand|Infrastructure|Bridges|Aluminum,Mt/yr,high,.0029612239,.0030476949,.002835887,.003536958,.0038360141,.0039068121,.0036764711,.003675645,.0034304161,.0034304161,.0034304161,.0034304161,.0034304161,.0034304161,.0034304161,.0034304161,.0034304161,.0034304161
GLOMIS,LED-SSP2,SAS,Material Demand|Infrastructure|Bridges|Asphalt,Mt/yr,high,4.3748856,4.8236299,5.005475,5.9608841,6.6472073,7.1585302,7.395534,7.789516,7.9513516,7.9513516,7.9513516,7.9513516,7.9513516,7.9513516,7.9513516,7.9513516,7.9513516,7.9513516
GLOMIS,LED-SSP2,SAS,Material Demand|Infrastructure|Bridges|Concrete,Mt/yr,high,11.907682,12.255399,11.403674,14.222825,15.425389,15.710081,14.783834,14.780515,13.794398,13.794398,13.794398,13.794398,13.794398,13.794398,13.794398,13.794398,13.794398,13.794398
GLOMIS,LED-SSP2,SAS,Material Demand|Infrastructure|Bridges|Iron_steel,Mt/yr,high,2.2811308,2.3477418,2.1845789,2.7246377,2.9550107,3.0095487,2.8321092,2.8314734,2.642565,2.642565,2.642565,2.642565,2.642565,2.642565,2.642565,2.642565,2.642565,2.642565
GLOMIS,LED-SSP2,SAS,Material Demand|Infrastructure|Buildings|Aluminum,Mt/yr,high,0,0,0,0,0,0,0,0,0,0,0,0,0,0,0,0,0,0
GLOMIS,LED-SSP2,SAS,Material Demand|Infrastructure|Buildings|Concrete,Mt/yr,high,1.8893294,1.9534931,1.8322169,2.2772655,2.4749203,2.5314865,2.4006984,2.4112444,2.2694676,2.2694676,2.2694676,2.2694676,2.2694676,2.2694676,2.2694676,2.2694676,2.2694676,2.2694676
GLOMIS,LED-SSP2,SAS,Material Demand|Infrastructure|Buildings|Iron_steel,Mt/yr,high,0,0,0,0,0,0,0,0,0,0,0,0,0,0,0,0,0,0
GLOMIS,LED-SSP2,SAS,Material Demand|Infrastructure|Charging stations|Aluminum,Mt/yr,high,1.5700000e-07,1.7500000e-07,1.8599999e-07,2.2000000e-07,2.4600001e-07,2.6800001e-07,2.8100001e-07,2.9899999e-07,3.0900000e-07,3.0900000e-07,3.0900000e-07,3.0900000e-07,3.0900000e-07,3.0900000e-07,3.0900000e-07,3.0900000e-07,3.0900000e-07,3.0900000e-07
GLOMIS,LED-SSP2,SAS,Material Demand|Infrastructure|Charging stations|Concrete,Mt/yr,high,.000024200001,.000027100001,.000028799999,.000034000001,.000038099999,.000041499999,.000043600001,.0000463,.000047900001,.000047900001,.000047900001,.000047900001,.000047900001,.000047900001,.000047900001,.000047900001,.000047900001,.000047900001
GLOMIS,LED-SSP2,SAS,Material Demand|Infrastructure|Charging stations|Iron_steel,Mt/yr,high,4.0400000e-06,4.5199999e-06,4.8000002e-06,5.6600002e-06,6.3500001e-06,6.9100001e-06,7.2600001e-06,7.7100003e-06,7.9700003e-06,7.9700003e-06,7.9700003e-06,7.9700003e-06,7.9700003e-06,7.9700003e-06,7.9700003e-06,7.9700003e-06,7.9700003e-06,7.9700003e-06
GLOMIS,LED-SSP2,SAS,Material Demand|Infrastructure|Fuel stations|Aluminum,Mt/yr,high,.000179558,.00019375701,.000194718,.000234987,.00025994299,.000275584,.000277724,.00028870101,.00028845499,.00028845499,.00028845499,.00028845499,.00028845499,.00028845499,.00028845499,.00028845499,.00028845499,.00028845499
GLOMIS,LED-SSP2,SAS,Material Demand|Infrastructure|Fuel stations|Concrete,Mt/yr,high,.67056078,.72358853,.72717887,.87756246,.97075927,1.0291712,1.0371652,1.0781573,1.0772395,1.0772395,1.0772395,1.0772395,1.0772395,1.0772395,1.0772395,1.0772395,1.0772395,1.0772395
GLOMIS,LED-SSP2,SAS,Material Demand|Infrastructure|Fuel stations|Iron_steel,Mt/yr,high,.02678908,.028907554,.029050989,.035058856,.038782094,.041115664,.041435026,.043072674,.043036006,.043036006,.043036006,.043036006,.043036006,.043036006,.043036006,.043036006,.043036006,.043036006
GLOMIS,LED-SSP2,SAS,Material Demand|Infrastructure|Parking|Aluminum,Mt/yr,high,.000208015,.000216455,.000205223,.000253879,.00027668901,.00028466,.00027273499,.00027558999,.000262227,.000262227,.000262227,.000262227,.000262227,.000262227,.000262227,.000262227,.000262227,.000262227
GLOMIS,LED-SSP2,SAS,Material Demand|Infrastructure|Parking|Asphalt,Mt/yr,high,.29715678,.32806832,.34108472,.40587133,.45281723,.4880946,.5049684,.53226006,.54395682,.54395682,.54395682,.54395682,.54395682,.54395682,.54395682,.54395682,.54395682,.54395682
GLOMIS,LED-SSP2,SAS,Material Demand|Infrastructure|Parking|Concrete,Mt/yr,high,.55127698,.57364529,.54387903,.67282462,.7332747,.75440001,.72279608,.73036247,.69494808,.69494808,.69494808,.69494808,.69494808,.69494808,.69494808,.69494808,.69494808,.69494808
GLOMIS,LED-SSP2,SAS,Material Demand|Infrastructure|Parking|Iron_steel,Mt/yr,high,.0057058502,.0059373672,.0056292801,.006963898,.0075895698,.007808222,.007481114,.007559428,.0071928808,.0071928808,.0071928808,.0071928808,.0071928808,.0071928808,.0071928808,.0071928808,.0071928808,.0071928808
GLOMIS,LED-SSP2,SAS,Material Demand|Infrastructure|Rail|Aluminum,Mt/yr,high,.011704243,.012360543,.01200817,.014700428,.016122021,.016800379,.016455632,.016839605,.016383911,.016383911,.016383911,.016383911,.016383911,.016383911,.016383911,.016383911,.016383911,.016383911
GLOMIS,LED-SSP2,SAS,Material Demand|Infrastructure|Rail|Concrete,Mt/yr,high,2.9638617,3.126272,3.0312071,3.7139139,4.0710211,4.2380061,4.143899,4.2364736,4.1148982,4.1148982,4.1148982,4.1148982,4.1148982,4.1148982,4.1148982,4.1148982,4.1148982,4.1148982
GLOMIS,LED-SSP2,SAS,Material Demand|Infrastructure|Rail|Iron_steel,Mt/yr,high,1.8740604,2.02087,2.0287607,2.4493959,2.7087998,2.8702857,2.8901262,3.0029776,2.9981418,2.9981418,2.9981418,2.9981418,2.9981418,2.9981418,2.9981418,2.9981418,2.9981418,2.9981418
GLOMIS,LED-SSP2,SAS,Material Demand|Infrastructure|Roads|Aluminum,Mt/yr,high,0,0,0,0,0,0,0,0,0,0,0,0,0,0,0,0,0,0
GLOMIS,LED-SSP2,SAS,Material Demand|Infrastructure|Roads|Asphalt,Mt/yr,high,427.16876,469.65585,485.36328,578.98309,644.98438,693.22687,713.97833,750.81116,764.44324,764.44324,764.44324,764.44324,764.44324,764.44324,764.44324,764.44324,764.44324,764.44324
GLOMIS,LED-SSP2,SAS,Material Demand|Infrastructure|Roads|Concrete,Mt/yr,high,0,0,0,0,0,0,0,0,0,0,0,0,0,0,0,0,0,0
GLOMIS,LED-SSP2,SAS,Material Demand|Infrastructure|Roads|Iron_steel,Mt/yr,high,0,0,0,0,0,0,0,0,0,0,0,0,0,0,0,0,0,0
GLOMIS,LED-SSP2,SAS,Material Demand|Infrastructure|Runways|Aluminum,Mt/yr,high,0,0,0,0,0,0,0,0,0,0,0,0,0,0,0,0,0,0
GLOMIS,LED-SSP2,SAS,Material Demand|Infrastructure|Runways|Concrete,Mt/yr,high,0,0,0,0,0,0,0,0,0,0,0,0,0,0,0,0,0,0
GLOMIS,LED-SSP2,SAS,Material Demand|Infrastructure|Runways|Iron_steel,Mt/yr,high,0,0,0,0,0,0,0,0,0,0,0,0,0,0,0,0,0,0
GLOMIS,LED-SSP2,SAS,Material Demand|Infrastructure|Tunnels|Aluminum,Mt/yr,high,.00056680298,.00058335398,.00054281199,.000677003,.000734245,.00074779597,.00070370699,.00070354901,.00065661001,.00065661001,.00065661001,.00065661001,.00065661001,.00065661001,.00065661001,.00065661001,.00065661001,.00065661001
GLOMIS,LED-SSP2,SAS,Material Demand|Infrastructure|Tunnels|Asphalt,Mt/yr,high,.13918605,.15326492,.15874535,.18919101,.21087556,.22689252,.23407692,.2463678,.25119352,.25119352,.25119352,.25119352,.25119352,.25119352,.25119352,.25119352,.25119352,.25119352
GLOMIS,LED-SSP2,SAS,Material Demand|Infrastructure|Tunnels|Concrete,Mt/yr,high,3.0389757,3.1277165,2.910347,3.6298263,3.9367344,4.0093908,3.7730021,3.772155,3.5204871,3.5204871,3.5204871,3.5204871,3.5204871,3.5204871,3.5204871,3.5204871,3.5204871,3.5204871
GLOMIS,LED-SSP2,SAS,Material Demand|Infrastructure|Tunnels|Iron_steel,Mt/yr,high,.13365383,.13755664,.12799676,.15963937,.17313716,.17633259,.16593623,.16589898,.15483063,.15483063,.15483063,.15483063,.15483063,.15483063,.15483063,.15483063,.15483063,.15483063
GLOMIS,LED-SSP2,SAS,Material Release|Infrastructure|Bridges|Aluminum,Mt/yr,high,.000470873,.00055734301,.00063575199,.00072902901,.00083197397,.00093537499,.001029536,.001118937,.001198685,.001198685,.001198685,.001198685,.001198685,.001198685,.001198685,.001198685,.001198685,.001198685
GLOMIS,LED-SSP2,SAS,Material Release|Infrastructure|Bridges|Asphalt,Mt/yr,high,2.4436219,2.8923659,3.299274,3.7833393,4.3175793,4.8541861,5.3428402,5.8067927,6.2206473,6.2206473,6.2206473,6.2206473,6.2206473,6.2206473,6.2206473,6.2206473,6.2206473,6.2206473
GLOMIS,LED-SSP2,SAS,Material Release|Infrastructure|Bridges|Concrete,Mt/yr,high,1.8934741,2.2411895,2.556488,2.9315727,3.3455355,3.7613332,4.1399732,4.4994736,4.8201542,4.8201542,4.8201542,4.8201542,4.8201542,4.8201542,4.8201542,4.8201542,4.8201542,4.8201542
GLOMIS,LED-SSP2,SAS,Material Release|Infrastructure|Bridges|Iron_steel,Mt/yr,high,.36272898,.42934018,.48974124,.56159544,.64089751,.72055101,.79308629,.86195505,.92338723,.92338723,.92338723,.92338723,.92338723,.92338723,.92338723,.92338723,.92338723,.92338723
GLOMIS,LED-SSP2,SAS,Material Release|Infrastructure|Buildings|Aluminum,Mt/yr,high,0,0,0,0,0,0,0,0,0,0,0,0,0,0,0,0,0,0
GLOMIS,LED-SSP2,SAS,Material Release|Infrastructure|Buildings|Concrete,Mt/yr,high,.34940124,.41356492,.47174665,.54096073,.61734903,.69407576,.76394594,.83028424,.88945913,.88945913,.88945913,.88945913,.88945913,.88945913,.88945913,.88945913,.88945913,.88945913
GLOMIS,LED-SSP2,SAS,Material Release|Infrastructure|Buildings|Iron_steel,Mt/yr,high,0,0,0,0,0,0,0,0,0,0,0,0,0,0,0,0,0,0
GLOMIS,LED-SSP2,SAS,Material Release|Infrastructure|Charging stations|Aluminum,Mt/yr,high,1.0200000e-07,1.2100000e-07,1.3800000e-07,1.5900000e-07,1.8100000e-07,2.0300000e-07,2.2400000e-07,2.4299999e-07,2.6100000e-07,2.6100000e-07,2.6100000e-07,2.6100000e-07,2.6100000e-07,2.6100000e-07,2.6100000e-07,2.6100000e-07,2.6100000e-07,2.6100000e-07
GLOMIS,LED-SSP2,SAS,Material Release|Infrastructure|Charging stations|Concrete,Mt/yr,high,.0000158,.000018799999,.000021399999,.000024499999,.000028,.0000315,.000034699999,.0000377,.000040300001,.000040300001,.000040300001,.000040300001,.000040300001,.000040300001,.000040300001,.000040300001,.000040300001,.000040300001
GLOMIS,LED-SSP2,SAS,Material Release|Infrastructure|Charging stations|Iron_steel,Mt/yr,high,2.6400000e-06,3.1300001e-06,3.5700000e-06,4.0899999e-06,4.6700002e-06,5.2500000e-06,5.7699999e-06,6.2800000e-06,6.7199999e-06,6.7199999e-06,6.7199999e-06,6.7199999e-06,6.7199999e-06,6.7199999e-06,6.7199999e-06,6.7199999e-06,6.7199999e-06,6.7199999e-06
GLOMIS,LED-SSP2,SAS,Material Release|Infrastructure|Fuel stations|Aluminum,Mt/yr,high,.000077299999,.000091499998,.000104397,.000119714,.000136619,.000153598,.00016906099,.00018374099,.00019683701,.00019683701,.00019683701,.00019683701,.00019683701,.00019683701,.00019683701,.00019683701,.00019683701,.00019683701
GLOMIS,LED-SSP2,SAS,Material Release|Infrastructure|Fuel stations|Concrete,Mt/yr,high,.28876093,.34178868,.3898727,.44707432,.51020503,.57361549,.63135934,.68618429,.73508912,.73508912,.73508912,.73508912,.73508912,.73508912,.73508912,.73508912,.73508912,.73508912
GLOMIS,LED-SSP2,SAS,Material Release|Infrastructure|Fuel stations|Iron_steel,Mt/yr,high,.011536076,.01365455,.015575519,.01786074,.020382827,.022916093,.025222976,.027413245,.029367009,.029367009,.029367009,.029367009,.029367009,.029367009,.029367009,.029367009,.029367009,.029367009
GLOMIS,LED-SSP2,SAS,Material Release|Infrastructure|Parking|Aluminum,Mt/yr,high,.000046000001,.000054399999,.0000621,.000071199996,.0000812,.000091299997,.000100492,.000109218,.000117002,.000117002,.000117002,.000117002,.000117002,.000117002,.000117002,.000117002,.000117002,.000117002
GLOMIS,LED-SSP2,SAS,Material Release|Infrastructure|Parking|Asphalt,Mt/yr,high,.16832784,.19923937,.22726905,.26061368,.29741454,.33437851,.36803925,.39999843,.42850658,.42850658,.42850658,.42850658,.42850658,.42850658,.42850658,.42850658,.42850658,.42850658
GLOMIS,LED-SSP2,SAS,Material Release|Infrastructure|Parking|Concrete,Mt/yr,high,.12180581,.1441741,.16445701,.18858594,.21521588,.24196382,.26632148,.28944787,.31007701,.31007701,.31007701,.31007701,.31007701,.31007701,.31007701,.31007701,.31007701,.31007701
GLOMIS,LED-SSP2,SAS,Material Release|Infrastructure|Parking|Iron_steel,Mt/yr,high,.00126072,.001492237,.00170217,.00195191,.0022275359,.0025043839,.002756492,.0029958549,.0032093721,.0032093721,.0032093721,.0032093721,.0032093721,.0032093721,.0032093721,.0032093721,.0032093721,.0032093721
GLOMIS,LED-SSP2,SAS,Material Release|Infrastructure|Rail|Aluminum,Mt/yr,high,.00357386,.0042301598,.004825274,.0055332319,.006314571,.0070993728,.0078140432,.0084925853,.0090978583,.0090978583,.0090978583,.0090978583,.0090978583,.0090978583,.0090978583,.0090978583,.0090978583,.0090978583
GLOMIS,LED-SSP2,SAS,Material Release|Infrastructure|Rail|Concrete,Mt/yr,high,.884399,1.0468091,1.194078,1.3692714,1.5626242,1.7568339,1.9336882,2.1016026,2.2513855,2.2513855,2.2513855,2.2513855,2.2513855,2.2513855,2.2513855,2.2513855,2.2513855,2.2513855
GLOMIS,LED-SSP2,SAS,Material Release|Infrastructure|Rail|Iron_steel,Mt/yr,high,.799447,.94625658,1.0793792,1.2377445,1.4125245,1.5880791,1.7479455,1.8997307,2.0351257,2.0351257,2.0351257,2.0351257,2.0351257,2.0351257,2.0351257,2.0351257,2.0351257,2.0351257
GLOMIS,LED-SSP2,SAS,Material Release|Infrastructure|Roads|Aluminum,Mt/yr,high,0,0,0,0,0,0,0,0,0,0,0,0,0,0,0,0,0,0
GLOMIS,LED-SSP2,SAS,Material Release|Infrastructure|Roads|Asphalt,Mt/yr,high,231.36212,273.84921,312.37527,358.20657,408.78839,459.59436,505.86014,549.78717,588.97089,588.97089,588.97089,588.97089,588.97089,588.97089,588.97089,588.97089,588.97089,588.97089
GLOMIS,LED-SSP2,SAS,Material Release|Infrastructure|Roads|Concrete,Mt/yr,high,0,0,0,0,0,0,0,0,0,0,0,0,0,0,0,0,0,0
GLOMIS,LED-SSP2,SAS,Material Release|Infrastructure|Roads|Iron_steel,Mt/yr,high,0,0,0,0,0,0,0,0,0,0,0,0,0,0,0,0,0,0
GLOMIS,LED-SSP2,SAS,Material Release|Infrastructure|Runways|Aluminum,Mt/yr,high,0,0,0,0,0,0,0,0,0,0,0,0,0,0,0,0,0,0
GLOMIS,LED-SSP2,SAS,Material Release|Infrastructure|Runways|Concrete,Mt/yr,high,0,0,0,0,0,0,0,0,0,0,0,0,0,0,0,0,0,0
GLOMIS,LED-SSP2,SAS,Material Release|Infrastructure|Runways|Iron_steel,Mt/yr,high,0,0,0,0,0,0,0,0,0,0,0,0,0,0,0,0,0,0
GLOMIS,LED-SSP2,SAS,Material Release|Infrastructure|Tunnels|Aluminum,Mt/yr,high,.000090100002,.00010668,.000121688,.000139542,.00015924701,.00017903899,.00019706201,.000214174,.000229438,.000229438,.000229438,.000229438,.000229438,.000229438,.000229438,.000229438,.000229438,.000229438
GLOMIS,LED-SSP2,SAS,Material Release|Infrastructure|Tunnels|Asphalt,Mt/yr,high,.076666005,.090744868,.10351117,.1186982,.13545939,.15229487,.16762586,.18218188,.19516611,.19516611,.19516611,.19516611,.19516611,.19516611,.19516611,.19516611,.19516611,.19516611
GLOMIS,LED-SSP2,SAS,Material Release|Infrastructure|Tunnels|Concrete,Mt/yr,high,.48323607,.57197702,.65244472,.74817055,.85381866,.95993495,1.0565681,1.1483167,1.2301581,1.2301581,1.2301581,1.2301581,1.2301581,1.2301581,1.2301581,1.2301581,1.2301581,1.2301581
GLOMIS,LED-SSP2,SAS,Material Release|Infrastructure|Tunnels|Iron_steel,Mt/yr,high,.021252669,.025155488,.028694447,.032904461,.037550852,.042217832,.046467755,.050502844,.05410222,.05410222,.05410222,.05410222,.05410222,.05410222,.05410222,.05410222,.05410222,.05410222
GLOMIS,LED-SSP2,WEU,Material Demand|Infrastructure|Bridges|Aluminum,Mt/yr,high,.001356991,.001396623,.00026312799,.00026312799,.00026312799,.00026312799,.00026312799,.00026312799,.00026312799,.00026312799,.00026312799,.00026312799,.00026312799,.00026312799,.00026312799,.00026312799,.00026312799,.00026312799
GLOMIS,LED-SSP2,WEU,Material Demand|Infrastructure|Bridges|Asphalt,Mt/yr,high,8.7360106,9.629241,5.9303012,5.9303012,5.9303012,5.9303012,5.9303012,5.9303012,5.9303012,5.9303012,5.9303012,5.9303012,5.9303012,5.9303012,5.9303012,5.9303012,5.9303012,5.9303012
GLOMIS,LED-SSP2,WEU,Material Demand|Infrastructure|Bridges|Concrete,Mt/yr,high,20.772738,21.379433,4.0279465,4.0279465,4.0279465,4.0279465,4.0279465,4.0279465,4.0279465,4.0279465,4.0279465,4.0279465,4.0279465,4.0279465,4.0279465,4.0279465,4.0279465,4.0279465
GLOMIS,LED-SSP2,WEU,Material Demand|Infrastructure|Bridges|Iron_steel,Mt/yr,high,5.6000953,5.7636533,1.0858889,1.0858889,1.0858889,1.0858889,1.0858889,1.0858889,1.0858889,1.0858889,1.0858889,1.0858889,1.0858889,1.0858889,1.0858889,1.0858889,1.0858889,1.0858889
GLOMIS,LED-SSP2,WEU,Material Demand|Infrastructure|Buildings|Aluminum,Mt/yr,high,0,0,0,0,0,0,0,0,0,0,0,0,0,0,0,0,0,0
GLOMIS,LED-SSP2,WEU,Material Demand|Infrastructure|Buildings|Concrete,Mt/yr,high,8.5888224,8.8805704,1.9369627,1.9369627,1.9369627,1.9369627,1.9369627,1.9369627,1.9369627,1.9369627,1.9369627,1.9369627,1.9369627,1.9369627,1.9369627,1.9369627,1.9369627,1.9369627
GLOMIS,LED-SSP2,WEU,Material Demand|Infrastructure|Buildings|Iron_steel,Mt/yr,high,0,0,0,0,0,0,0,0,0,0,0,0,0,0,0,0,0,0
GLOMIS,LED-SSP2,WEU,Material Demand|Infrastructure|Charging stations|Aluminum,Mt/yr,high,.000040300001,.000045100001,.000032200001,.000032200001,.000032200001,.000032200001,.000032200001,.000032200001,.000032200001,.000032200001,.000032200001,.000032200001,.000032200001,.000032200001,.000032200001,.000032200001,.000032200001,.000032200001
GLOMIS,LED-SSP2,WEU,Material Demand|Infrastructure|Charging stations|Concrete,Mt/yr,high,.006239722,.006989764,.004979651,.004979651,.004979651,.004979651,.004979651,.004979651,.004979651,.004979651,.004979651,.004979651,.004979651,.004979651,.004979651,.004979651,.004979651,.004979651
GLOMIS,LED-SSP2,WEU,Material Demand|Infrastructure|Charging stations|Iron_steel,Mt/yr,high,.001039698,.0011646739,.00082973798,.00082973798,.00082973798,.00082973798,.00082973798,.00082973798,.00082973798,.00082973798,.00082973798,.00082973798,.00082973798,.00082973798,.00082973798,.00082973798,.00082973798,.00082973798
GLOMIS,LED-SSP2,WEU,Material Demand|Infrastructure|Fuel stations|Aluminum,Mt/yr,high,.00060432102,.00065213401,.00031744101,.00031744101,.00031744101,.00031744101,.00031744101,.00031744101,.00031744101,.00031744101,.00031744101,.00031744101,.00031744101,.00031744101,.00031744101,.00031744101,.00031744101,.00031744101
GLOMIS,LED-SSP2,WEU,Material Demand|Infrastructure|Fuel stations|Concrete,Mt/yr,high,2.2568445,2.4354043,1.1854863,1.1854863,1.1854863,1.1854863,1.1854863,1.1854863,1.1854863,1.1854863,1.1854863,1.1854863,1.1854863,1.1854863,1.1854863,1.1854863,1.1854863,1.1854863
GLOMIS,LED-SSP2,WEU,Material Demand|Infrastructure|Fuel stations|Iron_steel,Mt/yr,high,.090161547,.097295061,.047360495,.047360495,.047360495,.047360495,.047360495,.047360495,.047360495,.047360495,.047360495,.047360495,.047360495,.047360495,.047360495,.047360495,.047360495,.047360495
GLOMIS,LED-SSP2,WEU,Material Demand|Infrastructure|Parking|Aluminum,Mt/yr,high,.014695242,.01529166,.0039597149,.0039597149,.0039597149,.0039597149,.0039597149,.0039597149,.0039597149,.0039597149,.0039597149,.0039597149,.0039597149,.0039597149,.0039597149,.0039597149,.0039597149,.0039597149
GLOMIS,LED-SSP2,WEU,Material Demand|Infrastructure|Parking|Asphalt,Mt/yr,high,22.448248,24.784945,15.51371,15.51371,15.51371,15.51371,15.51371,15.51371,15.51371,15.51371,15.51371,15.51371,15.51371,15.51371,15.51371,15.51371,15.51371,15.51371
GLOMIS,LED-SSP2,WEU,Material Demand|Infrastructure|Parking|Concrete,Mt/yr,high,34.908802,36.325603,9.4063711,9.4063711,9.4063711,9.4063711,9.4063711,9.4063711,9.4063711,9.4063711,9.4063711,9.4063711,9.4063711,9.4063711,9.4063711,9.4063711,9.4063711,9.4063711
GLOMIS,LED-SSP2,WEU,Material Demand|Infrastructure|Parking|Iron_steel,Mt/yr,high,.33092889,.3443599,.089170635,.089170635,.089170635,.089170635,.089170635,.089170635,.089170635,.089170635,.089170635,.089170635,.089170635,.089170635,.089170635,.089170635,.089170635,.089170635
GLOMIS,LED-SSP2,WEU,Material Demand|Infrastructure|Rail|Aluminum,Mt/yr,high,.034934886,.036853608,.012738702,.012738702,.012738702,.012738702,.012738702,.012738702,.012738702,.012738702,.012738702,.012738702,.012738702,.012738702,.012738702,.012738702,.012738702,.012738702
GLOMIS,LED-SSP2,WEU,Material Demand|Infrastructure|Rail|Concrete,Mt/yr,high,10.18858,10.72966,3.5923159,3.5923159,3.5923159,3.5923159,3.5923159,3.5923159,3.5923159,3.5923159,3.5923159,3.5923159,3.5923159,3.5923159,3.5923159,3.5923159,3.5923159,3.5923159
GLOMIS,LED-SSP2,WEU,Material Demand|Infrastructure|Rail|Iron_steel,Mt/yr,high,4.36795,4.7055354,2.2412827,2.2412827,2.2412827,2.2412827,2.2412827,2.2412827,2.2412827,2.2412827,2.2412827,2.2412827,2.2412827,2.2412827,2.2412827,2.2412827,2.2412827,2.2412827
GLOMIS,LED-SSP2,WEU,Material Demand|Infrastructure|Roads|Aluminum,Mt/yr,high,0,0,0,0,0,0,0,0,0,0,0,0,0,0,0,0,0,0
GLOMIS,LED-SSP2,WEU,Material Demand|Infrastructure|Roads|Asphalt,Mt/yr,high,854.16302,939.03949,563.50836,563.50836,563.50836,563.50836,563.50836,563.50836,563.50836,563.50836,563.50836,563.50836,563.50836,563.50836,563.50836,563.50836,563.50836,563.50836
GLOMIS,LED-SSP2,WEU,Material Demand|Infrastructure|Roads|Concrete,Mt/yr,high,0,0,0,0,0,0,0,0,0,0,0,0,0,0,0,0,0,0
GLOMIS,LED-SSP2,WEU,Material Demand|Infrastructure|Roads|Iron_steel,Mt/yr,high,0,0,0,0,0,0,0,0,0,0,0,0,0,0,0,0,0,0
GLOMIS,LED-SSP2,WEU,Material Demand|Infrastructure|Runways|Aluminum,Mt/yr,high,0,0,0,0,0,0,0,0,0,0,0,0,0,0,0,0,0,0
GLOMIS,LED-SSP2,WEU,Material Demand|Infrastructure|Runways|Concrete,Mt/yr,high,.57135212,.58803922,.11078828,.11078828,.11078828,.11078828,.11078828,.11078828,.11078828,.11078828,.11078828,.11078828,.11078828,.11078828,.11078828,.11078828,.11078828,.11078828
GLOMIS,LED-SSP2,WEU,Material Demand|Infrastructure|Runways|Iron_steel,Mt/yr,high,0,0,0,0,0,0,0,0,0,0,0,0,0,0,0,0,0,0
GLOMIS,LED-SSP2,WEU,Material Demand|Infrastructure|Tunnels|Aluminum,Mt/yr,high,.0077072219,.0079323221,.001494472,.001494472,.001494472,.001494472,.001494472,.001494472,.001494472,.001494472,.001494472,.001494472,.001494472,.001494472,.001494472,.001494472,.001494472,.001494472
GLOMIS,LED-SSP2,WEU,Material Demand|Infrastructure|Tunnels|Asphalt,Mt/yr,high,4.6550879,5.134552,3.1832399,3.1832399,3.1832399,3.1832399,3.1832399,3.1832399,3.1832399,3.1832399,3.1832399,3.1832399,3.1832399,3.1832399,3.1832399,3.1832399,3.1832399,3.1832399
GLOMIS,LED-SSP2,WEU,Material Demand|Infrastructure|Tunnels|Concrete,Mt/yr,high,61.90176,63.709682,12.003087,12.003087,12.003087,12.003087,12.003087,12.003087,12.003087,12.003087,12.003087,12.003087,12.003087,12.003087,12.003087,12.003087,12.003087,12.003087
GLOMIS,LED-SSP2,WEU,Material Demand|Infrastructure|Tunnels|Iron_steel,Mt/yr,high,2.5898397,2.6654792,.50218397,.50218397,.50218397,.50218397,.50218397,.50218397,.50218397,.50218397,.50218397,.50218397,.50218397,.50218397,.50218397,.50218397,.50218397,.50218397
GLOMIS,LED-SSP2,WEU,Material Release|Infrastructure|Bridges|Aluminum,Mt/yr,high,.000215569,.00025520101,.00026312799,.00026312799,.00026312799,.00026312799,.00026312799,.00026312799,.00026312799,.00026312799,.00026312799,.00026312799,.00026312799,.00026312799,.00026312799,.00026312799,.00026312799,.00026312799
GLOMIS,LED-SSP2,WEU,Material Release|Infrastructure|Bridges|Asphalt,Mt/yr,high,4.8584247,5.7516551,5.9303012,5.9303012,5.9303012,5.9303012,5.9303012,5.9303012,5.9303012,5.9303012,5.9303012,5.9303012,5.9303012,5.9303012,5.9303012,5.9303012,5.9303012,5.9303012
GLOMIS,LED-SSP2,WEU,Material Release|Infrastructure|Bridges|Concrete,Mt/yr,high,3.299912,3.9066074,4.0279465,4.0279465,4.0279465,4.0279465,4.0279465,4.0279465,4.0279465,4.0279465,4.0279465,4.0279465,4.0279465,4.0279465,4.0279465,4.0279465,4.0279465,4.0279465
GLOMIS,LED-SSP2,WEU,Material Release|Infrastructure|Bridges|Iron_steel,Mt/yr,high,.88961899,1.0531772,1.0858889,1.0858889,1.0858889,1.0858889,1.0858889,1.0858889,1.0858889,1.0858889,1.0858889,1.0858889,1.0858889,1.0858889,1.0858889,1.0858889,1.0858889,1.0858889
GLOMIS,LED-SSP2,WEU,Material Release|Infrastructure|Buildings|Aluminum,Mt/yr,high,0,0,0,0,0,0,0,0,0,0,0,0,0,0,0,0,0,0
GLOMIS,LED-SSP2,WEU,Material Release|Infrastructure|Buildings|Concrete,Mt/yr,high,1.5868648,1.878613,1.9369627,1.9369627,1.9369627,1.9369627,1.9369627,1.9369627,1.9369627,1.9369627,1.9369627,1.9369627,1.9369627,1.9369627,1.9369627,1.9369627,1.9369627,1.9369627
GLOMIS,LED-SSP2,WEU,Material Release|Infrastructure|Buildings|Iron_steel,Mt/yr,high,0,0,0,0,0,0,0,0,0,0,0,0,0,0,0,0,0,0
GLOMIS,LED-SSP2,WEU,Material Release|Infrastructure|Charging stations|Aluminum,Mt/yr,high,.000026399999,.000031200001,.000032200001,.000032200001,.000032200001,.000032200001,.000032200001,.000032200001,.000032200001,.000032200001,.000032200001,.000032200001,.000032200001,.000032200001,.000032200001,.000032200001,.000032200001,.000032200001
GLOMIS,LED-SSP2,WEU,Material Release|Infrastructure|Charging stations|Concrete,Mt/yr,high,.0040795999,.0048296419,.004979651,.004979651,.004979651,.004979651,.004979651,.004979651,.004979651,.004979651,.004979651,.004979651,.004979651,.004979651,.004979651,.004979651,.004979651,.004979651
GLOMIS,LED-SSP2,WEU,Material Release|Infrastructure|Charging stations|Iron_steel,Mt/yr,high,.000679766,.00080474198,.00082973798,.00082973798,.00082973798,.00082973798,.00082973798,.00082973798,.00082973798,.00082973798,.00082973798,.00082973798,.00082973798,.00082973798,.00082973798,.00082973798,.00082973798,.00082973798
GLOMIS,LED-SSP2,WEU,Material Release|Infrastructure|Fuel stations|Aluminum,Mt/yr,high,.00026006499,.00030787801,.00031744101,.00031744101,.00031744101,.00031744101,.00031744101,.00031744101,.00031744101,.00031744101,.00031744101,.00031744101,.00031744101,.00031744101,.00031744101,.00031744101,.00031744101,.00031744101
GLOMIS,LED-SSP2,WEU,Material Release|Infrastructure|Fuel stations|Concrete,Mt/yr,high,.97121459,1.1497743,1.1854863,1.1854863,1.1854863,1.1854863,1.1854863,1.1854863,1.1854863,1.1854863,1.1854863,1.1854863,1.1854863,1.1854863,1.1854863,1.1854863,1.1854863,1.1854863
GLOMIS,LED-SSP2,WEU,Material Release|Infrastructure|Fuel stations|Iron_steel,Mt/yr,high,.038800284,.045933794,.047360495,.047360495,.047360495,.047360495,.047360495,.047360495,.047360495,.047360495,.047360495,.047360495,.047360495,.047360495,.047360495,.047360495,.047360495,.047360495
GLOMIS,LED-SSP2,WEU,Material Release|Infrastructure|Parking|Aluminum,Mt/yr,high,.0032440131,.0038404311,.0039597149,.0039597149,.0039597149,.0039597149,.0039597149,.0039597149,.0039597149,.0039597149,.0039597149,.0039597149,.0039597149,.0039597149,.0039597149,.0039597149,.0039597149,.0039597149
GLOMIS,LED-SSP2,WEU,Material Release|Infrastructure|Parking|Asphalt,Mt/yr,high,12.709673,15.046371,15.51371,15.51371,15.51371,15.51371,15.51371,15.51371,15.51371,15.51371,15.51371,15.51371,15.51371,15.51371,15.51371,15.51371,15.51371,15.51371
GLOMIS,LED-SSP2,WEU,Material Release|Infrastructure|Parking|Concrete,Mt/yr,high,7.7062092,9.1230106,9.4063711,9.4063711,9.4063711,9.4063711,9.4063711,9.4063711,9.4063711,9.4063711,9.4063711,9.4063711,9.4063711,9.4063711,9.4063711,9.4063711,9.4063711,9.4063711
GLOMIS,LED-SSP2,WEU,Material Release|Infrastructure|Parking|Iron_steel,Mt/yr,high,.073053412,.086484432,.089170635,.089170635,.089170635,.089170635,.089170635,.089170635,.089170635,.089170635,.089170635,.089170635,.089170635,.089170635,.089170635,.089170635,.089170635,.089170635
GLOMIS,LED-SSP2,WEU,Material Release|Infrastructure|Rail|Aluminum,Mt/yr,high,.010436235,.012354958,.012738702,.012738702,.012738702,.012738702,.012738702,.012738702,.012738702,.012738702,.012738702,.012738702,.012738702,.012738702,.012738702,.012738702,.012738702,.012738702
GLOMIS,LED-SSP2,WEU,Material Release|Infrastructure|Rail|Concrete,Mt/yr,high,2.9430199,3.4840999,3.5923159,3.5923159,3.5923159,3.5923159,3.5923159,3.5923159,3.5923159,3.5923159,3.5923159,3.5923159,3.5923159,3.5923159,3.5923159,3.5923159,3.5923159,3.5923159
GLOMIS,LED-SSP2,WEU,Material Release|Infrastructure|Rail|Iron_steel,Mt/yr,high,1.8361803,2.1737657,2.2412827,2.2412827,2.2412827,2.2412827,2.2412827,2.2412827,2.2412827,2.2412827,2.2412827,2.2412827,2.2412827,2.2412827,2.2412827,2.2412827,2.2412827,2.2412827
GLOMIS,LED-SSP2,WEU,Material Release|Infrastructure|Roads|Aluminum,Mt/yr,high,0,0,0,0,0,0,0,0,0,0,0,0,0,0,0,0,0,0
GLOMIS,LED-SSP2,WEU,Material Release|Infrastructure|Roads|Asphalt,Mt/yr,high,461.65662,546.53308,563.50836,563.50836,563.50836,563.50836,563.50836,563.50836,563.50836,563.50836,563.50836,563.50836,563.50836,563.50836,563.50836,563.50836,563.50836,563.50836
GLOMIS,LED-SSP2,WEU,Material Release|Infrastructure|Roads|Concrete,Mt/yr,high,0,0,0,0,0,0,0,0,0,0,0,0,0,0,0,0,0,0
GLOMIS,LED-SSP2,WEU,Material Release|Infrastructure|Roads|Iron_steel,Mt/yr,high,0,0,0,0,0,0,0,0,0,0,0,0,0,0,0,0,0,0
GLOMIS,LED-SSP2,WEU,Material Release|Infrastructure|Runways|Aluminum,Mt/yr,high,0,0,0,0,0,0,0,0,0,0,0,0,0,0,0,0,0,0
GLOMIS,LED-SSP2,WEU,Material Release|Infrastructure|Runways|Concrete,Mt/yr,high,.090763763,.10745086,.11078828,.11078828,.11078828,.11078828,.11078828,.11078828,.11078828,.11078828,.11078828,.11078828,.11078828,.11078828,.11078828,.11078828,.11078828,.11078828
GLOMIS,LED-SSP2,WEU,Material Release|Infrastructure|Runways|Iron_steel,Mt/yr,high,0,0,0,0,0,0,0,0,0,0,0,0,0,0,0,0,0,0
GLOMIS,LED-SSP2,WEU,Material Release|Infrastructure|Tunnels|Aluminum,Mt/yr,high,.001224353,.001449452,.001494472,.001494472,.001494472,.001494472,.001494472,.001494472,.001494472,.001494472,.001494472,.001494472,.001494472,.001494472,.001494472,.001494472,.001494472,.001494472
GLOMIS,LED-SSP2,WEU,Material Release|Infrastructure|Tunnels|Asphalt,Mt/yr,high,2.6078827,3.087347,3.1832399,3.1832399,3.1832399,3.1832399,3.1832399,3.1832399,3.1832399,3.1832399,3.1832399,3.1832399,3.1832399,3.1832399,3.1832399,3.1832399,3.1832399,3.1832399
GLOMIS,LED-SSP2,WEU,Material Release|Infrastructure|Tunnels|Concrete,Mt/yr,high,9.83358,11.641502,12.003087,12.003087,12.003087,12.003087,12.003087,12.003087,12.003087,12.003087,12.003087,12.003087,12.003087,12.003087,12.003087,12.003087,12.003087,12.003087
GLOMIS,LED-SSP2,WEU,Material Release|Infrastructure|Tunnels|Iron_steel,Mt/yr,high,.41141632,.48705602,.50218397,.50218397,.50218397,.50218397,.50218397,.50218397,.50218397,.50218397,.50218397,.50218397,.50218397,.50218397,.50218397,.50218397,.50218397,.50218397
GLOMIS,LED-SSP2,AFR,Material Demand|Infrastructure|Bridges|Aluminum,Mt/yr,low,.000049099999,.000051200001,.0000303,.000065300002,.000076099997,.00012452299,.000169847,.00020936001,.000225129,.000225129,.000225129,.000225129,.000225129,.000225129,.000225129,.000225129,.000225129,.000225129
GLOMIS,LED-SSP2,AFR,Material Demand|Infrastructure|Bridges|Asphalt,Mt/yr,low,.84379315,.950369,.80545384,1.2255126,1.4498101,2.1028168,2.8131771,3.5405948,4.0729961,4.0729961,4.0729961,4.0729961,4.0729961,4.0729961,4.0729961,4.0729961,4.0729961,4.0729961
GLOMIS,LED-SSP2,AFR,Material Demand|Infrastructure|Bridges|Concrete,Mt/yr,low,1.7907796,1.8665086,1.1052521,2.3784428,2.7718573,4.5372477,6.1887493,7.6284671,8.2030354,8.2030354,8.2030354,8.2030354,8.2030354,8.2030354,8.2030354,8.2030354,8.2030354,8.2030354
GLOMIS,LED-SSP2,AFR,Material Demand|Infrastructure|Bridges|Iron_steel,Mt/yr,low,.47554201,.49565187,.29350001,.63159615,.73606747,1.2048674,1.6434242,2.0257416,2.1783183,2.1783183,2.1783183,2.1783183,2.1783183,2.1783183,2.1783183,2.1783183,2.1783183,2.1783183
GLOMIS,LED-SSP2,AFR,Material Demand|Infrastructure|Buildings|Aluminum,Mt/yr,low,0,0,0,0,0,0,0,0,0,0,0,0,0,0,0,0,0,0
GLOMIS,LED-SSP2,AFR,Material Demand|Infrastructure|Buildings|Concrete,Mt/yr,low,.56062055,.5880385,.3609083,.75007993,.87527931,1.4185926,1.9320621,2.3853459,2.5789149,2.5789149,2.5789149,2.5789149,2.5789149,2.5789149,2.5789149,2.5789149,2.5789149,2.5789149
GLOMIS,LED-SSP2,AFR,Material Demand|Infrastructure|Buildings|Iron_steel,Mt/yr,low,0,0,0,0,0,0,0,0,0,0,0,0,0,0,0,0,0,0
GLOMIS,LED-SSP2,AFR,Material Demand|Infrastructure|Charging stations|Aluminum,Mt/yr,low,6.3599998e-08,7.3499997e-08,6.8500000e-08,9.5200001e-08,1.1300000e-07,1.5700000e-07,2.0900001e-07,2.6500001e-07,3.1299999e-07,3.1299999e-07,3.1299999e-07,3.1299999e-07,3.1299999e-07,3.1299999e-07,3.1299999e-07,3.1299999e-07,3.1299999e-07,3.1299999e-07
GLOMIS,LED-SSP2,AFR,Material Demand|Infrastructure|Charging stations|Concrete,Mt/yr,low,9.8399996e-06,.0000114,.0000106,.0000147,.0000175,.0000244,.000032399999,.0000411,.000048400001,.000048400001,.000048400001,.000048400001,.000048400001,.000048400001,.000048400001,.000048400001,.000048400001,.000048400001
GLOMIS,LED-SSP2,AFR,Material Demand|Infrastructure|Charging stations|Iron_steel,Mt/yr,low,1.6400001e-06,1.9000000e-06,1.7700000e-06,2.4599999e-06,2.9200000e-06,4.0599998e-06,5.3899998e-06,6.8400000e-06,8.0600003e-06,8.0600003e-06,8.0600003e-06,8.0600003e-06,8.0600003e-06,8.0600003e-06,8.0600003e-06,8.0600003e-06,8.0600003e-06,8.0600003e-06
GLOMIS,LED-SSP2,AFR,Material Demand|Infrastructure|Fuel stations|Aluminum,Mt/yr,low,.000149566,.000165741,.000131861,.00021321099,.000251477,.00037407901,.00050259201,.00062965101,.00071399298,.00071399298,.00071399298,.00071399298,.00071399298,.00071399298,.00071399298,.00071399298,.00071399298,.00071399298
GLOMIS,LED-SSP2,AFR,Material Demand|Infrastructure|Fuel stations|Concrete,Mt/yr,low,.55855763,.6189605,.49243674,.79623914,.93914425,1.3970016,1.8769364,2.3514395,2.6664181,2.6664181,2.6664181,2.6664181,2.6664181,2.6664181,2.6664181,2.6664181,2.6664181,2.6664181
GLOMIS,LED-SSP2,AFR,Material Demand|Infrastructure|Fuel stations|Iron_steel,Mt/yr,low,.022314526,.024727639,.019672979,.031809971,.037519068,.055810589,.074984118,.093940645,.10652412,.10652412,.10652412,.10652412,.10652412,.10652412,.10652412,.10652412,.10652412,.10652412
GLOMIS,LED-SSP2,AFR,Material Demand|Infrastructure|Parking|Aluminum,Mt/yr,low,.00025083701,.00026538101,.00017062,.00033897199,.00039623899,.00063359202,.00086115499,.0010655409,.001160551,.001160551,.001160551,.001160551,.001160551,.001160551,.001160551,.001160551,.001160551,.001160551
GLOMIS,LED-SSP2,AFR,Material Demand|Infrastructure|Parking|Asphalt,Mt/yr,low,.85450661,.96392518,.82166189,1.243275,1.4712383,2.1287787,2.8467336,3.5844178,4.129077,4.129077,4.129077,4.129077,4.129077,4.129077,4.129077,4.129077,4.129077,4.129077
GLOMIS,LED-SSP2,AFR,Material Demand|Infrastructure|Parking|Concrete,Mt/yr,low,1.0963259,1.1598914,.74572343,1.4815334,1.7318302,2.7692173,3.7638221,4.6571264,5.0723805,5.0723805,5.0723805,5.0723805,5.0723805,5.0723805,5.0723805,5.0723805,5.0723805,5.0723805
GLOMIS,LED-SSP2,AFR,Material Demand|Infrastructure|Parking|Iron_steel,Mt/yr,low,.013374507,.014149967,.0090973722,.018073805,.021127272,.033782765,.045916334,.056814101,.061879948,.061879948,.061879948,.061879948,.061879948,.061879948,.061879948,.061879948,.061879948,.061879948
GLOMIS,LED-SSP2,AFR,Material Demand|Infrastructure|Rail|Aluminum,Mt/yr,low,.0044925711,.0048532621,.0034582531,.0062192571,.0072999569,.011298233,.015278119,.019008061,.021079589,.021079589,.021079589,.021079589,.021079589,.021079589,.021079589,.021079589,.021079589,.021079589
GLOMIS,LED-SSP2,AFR,Material Demand|Infrastructure|Rail|Concrete,Mt/yr,low,.8063544,.87101406,.6203894,1.1161532,1.3100802,2.027916,2.7423265,3.4117446,3.7832618,3.7832618,3.7832618,3.7832618,3.7832618,3.7832618,3.7832618,3.7832618,3.7832618,3.7832618
GLOMIS,LED-SSP2,AFR,Material Demand|Infrastructure|Rail|Iron_steel,Mt/yr,low,1.0157188,1.1255374,.89539105,1.4479022,1.7077583,2.5404129,3.4131801,4.2760329,4.8487296,4.8487296,4.8487296,4.8487296,4.8487296,4.8487296,4.8487296,4.8487296,4.8487296,4.8487296
GLOMIS,LED-SSP2,AFR,Material Demand|Infrastructure|Roads|Aluminum,Mt/yr,low,0,0,0,0,0,0,0,0,0,0,0,0,0,0,0,0,0,0
GLOMIS,LED-SSP2,AFR,Material Demand|Infrastructure|Roads|Asphalt,Mt/yr,low,255.06674,286.37543,239.83241,369.11304,436.41663,636.10089,851.70105,1070.9612,1228.5482,1228.5482,1228.5482,1228.5482,1228.5482,1228.5482,1228.5482,1228.5482,1228.5482,1228.5482
GLOMIS,LED-SSP2,AFR,Material Demand|Infrastructure|Roads|Concrete,Mt/yr,low,0,0,0,0,0,0,0,0,0,0,0,0,0,0,0,0,0,0
GLOMIS,LED-SSP2,AFR,Material Demand|Infrastructure|Roads|Iron_steel,Mt/yr,low,0,0,0,0,0,0,0,0,0,0,0,0,0,0,0,0,0,0
GLOMIS,LED-SSP2,AFR,Material Demand|Infrastructure|Runways|Aluminum,Mt/yr,low,0,0,0,0,0,0,0,0,0,0,0,0,0,0,0,0,0,0
GLOMIS,LED-SSP2,AFR,Material Demand|Infrastructure|Runways|Concrete,Mt/yr,low,.0028096309,.0029284451,.001734077,.0037316401,.0043488862,.007118681,.0097097931,.011968628,.012870093,.012870093,.012870093,.012870093,.012870093,.012870093,.012870093,.012870093,.012870093,.012870093
GLOMIS,LED-SSP2,AFR,Material Demand|Infrastructure|Runways|Iron_steel,Mt/yr,low,0,0,0,0,0,0,0,0,0,0,0,0,0,0,0,0,0,0
GLOMIS,LED-SSP2,AFR,Material Demand|Infrastructure|Tunnels|Aluminum,Mt/yr,low,.000026,.000027100001,.000016100001,.000034600002,.000040300001,.000066000001,.000090000001,.000110959,.000119317,.000119317,.000119317,.000119317,.000119317,.000119317,.000119317,.000119317,.000119317,.000119317
GLOMIS,LED-SSP2,AFR,Material Demand|Infrastructure|Tunnels|Asphalt,Mt/yr,low,.03658608,.041176405,.034800429,.053091679,.062800147,.091191359,.12202129,.15354019,.17651129,.17651129,.17651129,.17651129,.17651129,.17651129,.17651129,.17651129,.17651129,.17651129
GLOMIS,LED-SSP2,AFR,Material Demand|Infrastructure|Tunnels|Concrete,Mt/yr,low,.61632252,.64238578,.38038841,.81857526,.95397455,1.561559,2.1299472,2.6254466,2.8231926,2.8231926,2.8231926,2.8231926,2.8231926,2.8231926,2.8231926,2.8231926,2.8231926,2.8231926
GLOMIS,LED-SSP2,AFR,Material Demand|Infrastructure|Tunnels|Iron_steel,Mt/yr,low,.022177437,.023115285,.013687705,.0294552,.034327339,.056190349,.076642938,.094472744,.10158833,.10158833,.10158833,.10158833,.10158833,.10158833,.10158833,.10158833,.10158833,.10158833
GLOMIS,LED-SSP2,AFR,Material Release|Infrastructure|Bridges|Aluminum,Mt/yr,low,9.2399996e-06,.0000113,.0000125,.0000148,.0000177,.000022599999,.000029500001,.000038099999,.0000473,.0000473,.0000473,.0000473,.0000473,.0000473,.0000473,.0000473,.0000473,.0000473
GLOMIS,LED-SSP2,AFR,Material Release|Infrastructure|Bridges|Asphalt,Mt/yr,low,.47396415,.58054,.63999927,.75744414,.9090814,1.158053,1.5123894,1.9532975,2.4247661,2.4247661,2.4247661,2.4247661,2.4247661,2.4247661,2.4247661,2.4247661,2.4247661,2.4247661
GLOMIS,LED-SSP2,AFR,Material Release|Infrastructure|Bridges|Concrete,Mt/yr,low,.33678213,.41251117,.45476079,.53821295,.64596105,.82287145,1.0746503,1.387944,1.7229528,1.7229528,1.7229528,1.7229528,1.7229528,1.7229528,1.7229528,1.7229528,1.7229528,1.7229528
GLOMIS,LED-SSP2,AFR,Material Release|Infrastructure|Bridges|Iron_steel,Mt/yr,low,.08943259,.10954246,.12076186,.14292261,.17153513,.21851374,.28537369,.36856893,.45753062,.45753062,.45753062,.45753062,.45753062,.45753062,.45753062,.45753062,.45753062,.45753062
GLOMIS,LED-SSP2,AFR,Material Release|Infrastructure|Buildings|Aluminum,Mt/yr,low,0,0,0,0,0,0,0,0,0,0,0,0,0,0,0,0,0,0
GLOMIS,LED-SSP2,AFR,Material Release|Infrastructure|Buildings|Concrete,Mt/yr,low,.12193315,.14935112,.16464773,.19486189,.23387246,.29792351,.38908094,.50250995,.62380111,.62380111,.62380111,.62380111,.62380111,.62380111,.62380111,.62380111,.62380111,.62380111
GLOMIS,LED-SSP2,AFR,Material Release|Infrastructure|Buildings|Iron_steel,Mt/yr,low,0,0,0,0,0,0,0,0,0,0,0,0,0,0,0,0,0,0
GLOMIS,LED-SSP2,AFR,Material Release|Infrastructure|Charging stations|Aluminum,Mt/yr,low,4.4400000e-08,5.4400001e-08,5.9900003e-08,7.0900001e-08,8.5099998e-08,1.0800000e-07,1.4200000e-07,1.8300000e-07,2.2700000e-07,2.2700000e-07,2.2700000e-07,2.2700000e-07,2.2700000e-07,2.2700000e-07,2.2700000e-07,2.2700000e-07,2.2700000e-07,2.2700000e-07
GLOMIS,LED-SSP2,AFR,Material Release|Infrastructure|Charging stations|Concrete,Mt/yr,low,6.8700001e-06,8.4200001e-06,9.2800001e-06,.000011,.0000132,.000016800001,.000021899999,.000028300001,.000035199999,.000035199999,.000035199999,.000035199999,.000035199999,.000035199999,.000035199999,.000035199999,.000035199999,.000035199999
GLOMIS,LED-SSP2,AFR,Material Release|Infrastructure|Charging stations|Iron_steel,Mt/yr,low,1.1500000e-06,1.4000000e-06,1.5500000e-06,1.8300000e-06,2.1999999e-06,2.7999999e-06,3.6500001e-06,4.7200001e-06,5.8599999e-06,5.8599999e-06,5.8599999e-06,5.8599999e-06,5.8599999e-06,5.8599999e-06,5.8599999e-06,5.8599999e-06,5.8599999e-06,5.8599999e-06
GLOMIS,LED-SSP2,AFR,Material Release|Infrastructure|Fuel stations|Aluminum,Mt/yr,low,.000071900002,.000088100001,.000097099997,.000114952,.00013796501,.000175749,.000229524,.000296438,.00036798901,.00036798901,.00036798901,.00036798901,.00036798901,.00036798901,.00036798901,.00036798901,.00036798901,.00036798901
GLOMIS,LED-SSP2,AFR,Material Release|Infrastructure|Fuel stations|Concrete,Mt/yr,low,.26862374,.32902664,.3627257,.42928874,.5152306,.65633768,.85716122,1.1070501,1.3742595,1.3742595,1.3742595,1.3742595,1.3742595,1.3742595,1.3742595,1.3742595,1.3742595,1.3742595
GLOMIS,LED-SSP2,AFR,Material Release|Infrastructure|Fuel stations|Iron_steel,Mt/yr,low,.01073159,.013144702,.014490989,.017150201,.020583602,.026220866,.034243822,.044226948,.054902036,.054902036,.054902036,.054902036,.054902036,.054902036,.054902036,.054902036,.054902036,.054902036
GLOMIS,LED-SSP2,AFR,Material Release|Infrastructure|Parking|Aluminum,Mt/yr,low,.000064699998,.000079199999,.000087300003,.000103363,.00012405599,.00015803101,.000206385,.00026655299,.00033089099,.00033089099,.00033089099,.00033089099,.00033089099,.00033089099,.00033089099,.00033089099,.00033089099,.00033089099
GLOMIS,LED-SSP2,AFR,Material Release|Infrastructure|Parking|Asphalt,Mt/yr,low,.48660639,.59602499,.65707016,.77764773,.9333297,1.1889422,1.55273,2.0053985,2.4894428,2.4894428,2.4894428,2.4894428,2.4894428,2.4894428,2.4894428,2.4894428,2.4894428,2.4894428
GLOMIS,LED-SSP2,AFR,Material Release|Infrastructure|Parking|Concrete,Mt/yr,low,.2826882,.34625366,.38171715,.45176527,.54220682,.6907019,.90204006,1.1650126,1.4462124,1.4462124,1.4462124,1.4462124,1.4462124,1.4462124,1.4462124,1.4462124,1.4462124,1.4462124
GLOMIS,LED-SSP2,AFR,Material Release|Infrastructure|Parking|Iron_steel,Mt/yr,low,.0034486239,.0042240839,.0046567158,.0055112611,.0066145929,.0084261429,.011004339,.014212443,.01764291,.01764291,.01764291,.01764291,.01764291,.01764291,.01764291,.01764291,.01764291,.01764291
GLOMIS,LED-SSP2,AFR,Material Release|Infrastructure|Rail|Aluminum,Mt/yr,low,.001604067,.0019647579,.00216599,.0025634661,.0030766621,.0039192722,.0051184748,.0066106692,.0082062902,.0082062902,.0082062902,.0082062902,.0082062902,.0082062902,.0082062902,.0082062902,.0082062902,.0082062902
GLOMIS,LED-SSP2,AFR,Material Release|Infrastructure|Rail|Concrete,Mt/yr,low,.28755435,.35221401,.38828793,.45954183,.55154026,.70259148,.91756761,1.1850668,1.4711071,1.4711071,1.4711071,1.4711071,1.4711071,1.4711071,1.4711071,1.4711071,1.4711071,1.4711071
GLOMIS,LED-SSP2,AFR,Material Release|Infrastructure|Rail|Iron_steel,Mt/yr,low,.48838487,.59820336,.65947169,.78048992,.93674088,1.1932876,1.5584049,2.012728,2.4985414,2.4985414,2.4985414,2.4985414,2.4985414,2.4985414,2.4985414,2.4985414,2.4985414,2.4985414
GLOMIS,LED-SSP2,AFR,Material Release|Infrastructure|Roads|Aluminum,Mt/yr,low,0,0,0,0,0,0,0,0,0,0,0,0,0,0,0,0,0,0
GLOMIS,LED-SSP2,AFR,Material Release|Infrastructure|Roads|Asphalt,Mt/yr,low,139.23593,170.5446,188.01187,222.51353,267.05984,340.19995,444.29297,573.81805,712.32086,712.32086,712.32086,712.32086,712.32086,712.32086,712.32086,712.32086,712.32086,712.32086
GLOMIS,LED-SSP2,AFR,Material Release|Infrastructure|Roads|Concrete,Mt/yr,low,0,0,0,0,0,0,0,0,0,0,0,0,0,0,0,0,0,0
GLOMIS,LED-SSP2,AFR,Material Release|Infrastructure|Roads|Iron_steel,Mt/yr,low,0,0,0,0,0,0,0,0,0,0,0,0,0,0,0,0,0,0
GLOMIS,LED-SSP2,AFR,Material Release|Infrastructure|Runways|Aluminum,Mt/yr,low,0,0,0,0,0,0,0,0,0,0,0,0,0,0,0,0,0,0
GLOMIS,LED-SSP2,AFR,Material Release|Infrastructure|Runways|Concrete,Mt/yr,low,.00052839197,.00064720598,.00071349402,.000844425,.0010134761,.001291038,.001686065,.0021776049,.0027032141,.0027032141,.0027032141,.0027032141,.0027032141,.0027032141,.0027032141,.0027032141,.0027032141,.0027032141
GLOMIS,LED-SSP2,AFR,Material Release|Infrastructure|Runways|Iron_steel,Mt/yr,low,0,0,0,0,0,0,0,0,0,0,0,0,0,0,0,0,0,0
GLOMIS,LED-SSP2,AFR,Material Release|Infrastructure|Tunnels|Aluminum,Mt/yr,low,4.9000000e-06,6.0000002e-06,6.6100001e-06,7.8300000e-06,9.3999997e-06,.000012,.000015600001,.000020199999,.0000251,.0000251,.0000251,.0000251,.0000251,.0000251,.0000251,.0000251,.0000251,.0000251
GLOMIS,LED-SSP2,AFR,Material Release|Infrastructure|Tunnels|Asphalt,Mt/yr,low,.020414092,.025004417,.027565382,.03262385,.039155014,.049878459,.065140069,.084130399,.10443701,.10443701,.10443701,.10443701,.10443701,.10443701,.10443701,.10443701,.10443701,.10443701
GLOMIS,LED-SSP2,AFR,Material Release|Infrastructure|Tunnels|Concrete,Mt/yr,low,.11590841,.14197165,.15651245,.18523373,.22231679,.28320307,.36985639,.47768089,.59297901,.59297901,.59297901,.59297901,.59297901,.59297901,.59297901,.59297901,.59297901,.59297901
GLOMIS,LED-SSP2,AFR,Material Release|Infrastructure|Tunnels|Iron_steel,Mt/yr,low,.0041707898,.0051086359,.005631865,.0066653569,.007999735,.010190635,.013308725,.017188627,.021337457,.021337457,.021337457,.021337457,.021337457,.021337457,.021337457,.021337457,.021337457,.021337457
GLOMIS,LED-SSP2,CHN,Material Demand|Infrastructure|Bridges|Aluminum,Mt/yr,low,.012291327,.012815107,.0075130351,.0059296149,.0033246351,.0032418219,.0032418219,.0032418219,.0032418219,.0032418219,.0032418219,.0032418219,.0032418219,.0032418219,.0032418219,.0032418219,.0032418219,.0032418219
GLOMIS,LED-SSP2,CHN,Material Demand|Infrastructure|Bridges|Asphalt,Mt/yr,low,48.010517,54.293407,45.988655,44.230465,39.052567,38.886581,38.886581,38.886581,38.886581,38.886581,38.886581,38.886581,38.886581,38.886581,38.886581,38.886581,38.886581,38.886581
GLOMIS,LED-SSP2,CHN,Material Demand|Infrastructure|Bridges|Concrete,Mt/yr,low,96.184685,100.28348,58.792583,46.401669,26.01663,25.368591,25.368591,25.368591,25.368591,25.368591,25.368591,25.368591,25.368591,25.368591,25.368591,25.368591,25.368591,25.368591
GLOMIS,LED-SSP2,CHN,Material Demand|Infrastructure|Bridges|Iron_steel,Mt/yr,low,36.201576,37.744263,22.128099,17.46446,9.7920265,9.5481205,9.5481205,9.5481205,9.5481205,9.5481205,9.5481205,9.5481205,9.5481205,9.5481205,9.5481205,9.5481205,9.5481205,9.5481205
GLOMIS,LED-SSP2,CHN,Material Demand|Infrastructure|Buildings|Aluminum,Mt/yr,low,0,0,0,0,0,0,0,0,0,0,0,0,0,0,0,0,0,0
GLOMIS,LED-SSP2,CHN,Material Demand|Infrastructure|Buildings|Concrete,Mt/yr,low,7.4168215,7.7827849,4.729527,3.8262,2.3131647,2.265049,2.265049,2.265049,2.265049,2.265049,2.265049,2.265049,2.265049,2.265049,2.265049,2.265049,2.265049,2.265049
GLOMIS,LED-SSP2,CHN,Material Demand|Infrastructure|Buildings|Iron_steel,Mt/yr,low,0,0,0,0,0,0,0,0,0,0,0,0,0,0,0,0,0,0
GLOMIS,LED-SSP2,CHN,Material Demand|Infrastructure|Charging stations|Aluminum,Mt/yr,low,4.6900001e-07,5.4399999e-07,5.0599999e-07,5.0300002e-07,4.7000000e-07,4.6900001e-07,4.6900001e-07,4.6900001e-07,4.6900001e-07,4.6900001e-07,4.6900001e-07,4.6900001e-07,4.6900001e-07,4.6900001e-07,4.6900001e-07,4.6900001e-07,4.6900001e-07,4.6900001e-07
GLOMIS,LED-SSP2,CHN,Material Demand|Infrastructure|Charging stations|Concrete,Mt/yr,low,.000072499999,.000084300002,.0000783,.000077899997,.000072700001,.0000726,.0000726,.0000726,.0000726,.0000726,.0000726,.0000726,.0000726,.0000726,.0000726,.0000726,.0000726,.0000726
GLOMIS,LED-SSP2,CHN,Material Demand|Infrastructure|Charging stations|Iron_steel,Mt/yr,low,.0000121,.000014,.000013,.000013,.0000121,.0000121,.0000121,.0000121,.0000121,.0000121,.0000121,.0000121,.0000121,.0000121,.0000121,.0000121,.0000121,.0000121
GLOMIS,LED-SSP2,CHN,Material Demand|Infrastructure|Fuel stations|Aluminum,Mt/yr,low,.00040211499,.000446466,.000352692,.00032932399,.000276201,.00027450299,.00027450299,.00027450299,.00027450299,.00027450299,.00027450299,.00027450299,.00027450299,.00027450299,.00027450299,.00027450299,.00027450299,.00027450299
GLOMIS,LED-SSP2,CHN,Material Demand|Infrastructure|Fuel stations|Concrete,Mt/yr,low,1.5017035,1.6673343,1.3171318,1.2298651,1.0314749,1.025135,1.025135,1.025135,1.025135,1.025135,1.025135,1.025135,1.025135,1.025135,1.025135,1.025135,1.025135,1.025135
GLOMIS,LED-SSP2,CHN,Material Demand|Infrastructure|Fuel stations|Iron_steel,Mt/yr,low,.059993464,.066610456,.05261977,.049133442,.041207708,.040954422,.040954422,.040954422,.040954422,.040954422,.040954422,.040954422,.040954422,.040954422,.040954422,.040954422,.040954422,.040954422
GLOMIS,LED-SSP2,CHN,Material Demand|Infrastructure|Parking|Aluminum,Mt/yr,low,.00056046498,.00059330498,.00037776199,.000314918,.000206699,.000203256,.000203256,.000203256,.000203256,.000203256,.000203256,.000203256,.000203256,.000203256,.000203256,.000203256,.000203256,.000203256
GLOMIS,LED-SSP2,CHN,Material Demand|Infrastructure|Parking|Asphalt,Mt/yr,low,2.4979846,2.8254218,2.3949034,2.3039877,2.0352178,2.0266013,2.0266013,2.0266013,2.0266013,2.0266013,2.0266013,2.0266013,2.0266013,2.0266013,2.0266013,2.0266013,2.0266013,2.0266013
GLOMIS,LED-SSP2,CHN,Material Demand|Infrastructure|Parking|Concrete,Mt/yr,low,1.7274464,1.8286645,1.1643256,.97062999,.63707978,.62646723,.62646723,.62646723,.62646723,.62646723,.62646723,.62646723,.62646723,.62646723,.62646723,.62646723,.62646723,.62646723
GLOMIS,LED-SSP2,CHN,Material Demand|Infrastructure|Parking|Iron_steel,Mt/yr,low,.016972618,.017967112,.011439808,.0095366966,.0062594772,.0061552059,.0061552059,.0061552059,.0061552059,.0061552059,.0061552059,.0061552059,.0061552059,.0061552059,.0061552059,.0061552059,.0061552059,.0061552059
GLOMIS,LED-SSP2,CHN,Material Demand|Infrastructure|Rail|Aluminum,Mt/yr,low,.0036801831,.0038370099,.0022495,.001775404,.00099543901,.000970644,.000970644,.000970644,.000970644,.000970644,.000970644,.000970644,.000970644,.000970644,.000970644,.000970644,.000970644,.000970644
GLOMIS,LED-SSP2,CHN,Material Demand|Infrastructure|Rail|Concrete,Mt/yr,low,3.9637275,4.2134948,2.7404151,2.3142695,1.5695781,1.5458779,1.5458779,1.5458779,1.5458779,1.5458779,1.5458779,1.5458779,1.5458779,1.5458779,1.5458779,1.5458779,1.5458779,1.5458779
GLOMIS,LED-SSP2,CHN,Material Demand|Infrastructure|Rail|Iron_steel,Mt/yr,low,3.9207315,4.3397989,3.3863237,3.1445138,2.6107767,2.5937266,2.5937266,2.5937266,2.5937266,2.5937266,2.5937266,2.5937266,2.5937266,2.5937266,2.5937266,2.5937266,2.5937266,2.5937266
GLOMIS,LED-SSP2,CHN,Material Demand|Infrastructure|Roads|Aluminum,Mt/yr,low,0,0,0,0,0,0,0,0,0,0,0,0,0,0,0,0,0,0
GLOMIS,LED-SSP2,CHN,Material Demand|Infrastructure|Roads|Asphalt,Mt/yr,low,532.41669,601.57117,507.95175,487.91071,429.87643,428.01636,428.01636,428.01636,428.01636,428.01636,428.01636,428.01636,428.01636,428.01636,428.01636,428.01636,428.01636,428.01636
GLOMIS,LED-SSP2,CHN,Material Demand|Infrastructure|Roads|Concrete,Mt/yr,low,134.1696,148.22382,114.75649,106.18227,87.579575,86.985466,86.985466,86.985466,86.985466,86.985466,86.985466,86.985466,86.985466,86.985466,86.985466,86.985466,86.985466,86.985466
GLOMIS,LED-SSP2,CHN,Material Demand|Infrastructure|Roads|Iron_steel,Mt/yr,low,0,0,0,0,0,0,0,0,0,0,0,0,0,0,0,0,0,0
GLOMIS,LED-SSP2,CHN,Material Demand|Infrastructure|Runways|Aluminum,Mt/yr,low,0,0,0,0,0,0,0,0,0,0,0,0,0,0,0,0,0,0
GLOMIS,LED-SSP2,CHN,Material Demand|Infrastructure|Runways|Concrete,Mt/yr,low,.65828395,.68633592,.402374,.31757107,.17805673,.17362158,.17362158,.17362158,.17362158,.17362158,.17362158,.17362158,.17362158,.17362158,.17362158,.17362158,.17362158,.17362158
GLOMIS,LED-SSP2,CHN,Material Demand|Infrastructure|Runways|Iron_steel,Mt/yr,low,0,0,0,0,0,0,0,0,0,0,0,0,0,0,0,0,0,0
GLOMIS,LED-SSP2,CHN,Material Demand|Infrastructure|Tunnels|Aluminum,Mt/yr,low,.028098065,.02929543,.017174855,.013555144,.0076001389,.0074108299,.0074108299,.0074108299,.0074108299,.0074108299,.0074108299,.0074108299,.0074108299,.0074108299,.0074108299,.0074108299,.0074108299,.0074108299
GLOMIS,LED-SSP2,CHN,Material Demand|Infrastructure|Tunnels|Asphalt,Mt/yr,low,25.781118,29.158207,24.708147,23.76741,20.990767,20.901752,20.901752,20.901752,20.901752,20.901752,20.901752,20.901752,20.901752,20.901752,20.901752,20.901752,20.901752,20.901752
GLOMIS,LED-SSP2,CHN,Material Demand|Infrastructure|Tunnels|Concrete,Mt/yr,low,198.01035,206.44832,121.0332,95.524681,53.559071,52.224983,52.224983,52.224983,52.224983,52.224983,52.224983,52.224983,52.224983,52.224983,52.224983,52.224983,52.224983,52.224983
GLOMIS,LED-SSP2,CHN,Material Demand|Infrastructure|Tunnels|Iron_steel,Mt/yr,low,9.0135984,9.3977022,5.5095339,4.3483644,2.4380541,2.3773255,2.3773255,2.3773255,2.3773255,2.3773255,2.3773255,2.3773255,2.3773255,2.3773255,2.3773255,2.3773255,2.3773255,2.3773255
GLOMIS,LED-SSP2,CHN,Material Release|Infrastructure|Bridges|Aluminum,Mt/yr,low,.0022347481,.0027585281,.003049274,.003209125,.0032409511,.0032418219,.0032418219,.0032418219,.0032418219,.0032418219,.0032418219,.0032418219,.0032418219,.0032418219,.0032418219,.0032418219,.0032418219,.0032418219
GLOMIS,LED-SSP2,CHN,Material Release|Infrastructure|Bridges|Asphalt,Mt/yr,low,26.806435,33.089325,36.576908,38.49437,38.876122,38.886581,38.886581,38.886581,38.886581,38.886581,38.886581,38.886581,38.886581,38.886581,38.886581,38.886581,38.886581,38.886581
GLOMIS,LED-SSP2,CHN,Material Release|Infrastructure|Bridges|Concrete,Mt/yr,low,17.48782,21.586615,23.861822,25.112724,25.361769,25.368591,25.368591,25.368591,25.368591,25.368591,25.368591,25.368591,25.368591,25.368591,25.368591,25.368591,25.368591,25.368591
GLOMIS,LED-SSP2,CHN,Material Release|Infrastructure|Bridges|Iron_steel,Mt/yr,low,6.5819902,8.1246767,8.9810095,9.4518185,9.5455532,9.5481205,9.5481205,9.5481205,9.5481205,9.5481205,9.5481205,9.5481205,9.5481205,9.5481205,9.5481205,9.5481205,9.5481205,9.5481205
GLOMIS,LED-SSP2,CHN,Material Release|Infrastructure|Buildings|Aluminum,Mt/yr,low,0,0,0,0,0,0,0,0,0,0,0,0,0,0,0,0,0,0
GLOMIS,LED-SSP2,CHN,Material Release|Infrastructure|Buildings|Concrete,Mt/yr,low,1.56141,1.9273731,2.1305163,2.2422037,2.2644398,2.265049,2.265049,2.265049,2.265049,2.265049,2.265049,2.265049,2.265049,2.265049,2.265049,2.265049,2.265049,2.265049
GLOMIS,LED-SSP2,CHN,Material Release|Infrastructure|Buildings|Iron_steel,Mt/yr,low,0,0,0,0,0,0,0,0,0,0,0,0,0,0,0,0,0,0
GLOMIS,LED-SSP2,CHN,Material Release|Infrastructure|Charging stations|Aluminum,Mt/yr,low,3.2299999e-07,3.9899999e-07,4.4100000e-07,4.6400001e-07,4.6900001e-07,4.6900001e-07,4.6900001e-07,4.6900001e-07,4.6900001e-07,4.6900001e-07,4.6900001e-07,4.6900001e-07,4.6900001e-07,4.6900001e-07,4.6900001e-07,4.6900001e-07,4.6900001e-07,4.6900001e-07
GLOMIS,LED-SSP2,CHN,Material Release|Infrastructure|Charging stations|Concrete,Mt/yr,low,.000049999999,.000061799998,.000068300003,.000071800001,.0000726,.0000726,.0000726,.0000726,.0000726,.0000726,.0000726,.0000726,.0000726,.0000726,.0000726,.0000726,.0000726,.0000726
GLOMIS,LED-SSP2,CHN,Material Release|Infrastructure|Charging stations|Iron_steel,Mt/yr,low,8.3400000e-06,.0000103,.0000114,.000012,.0000121,.0000121,.0000121,.0000121,.0000121,.0000121,.0000121,.0000121,.0000121,.0000121,.0000121,.0000121,.0000121,.0000121
GLOMIS,LED-SSP2,CHN,Material Release|Infrastructure|Fuel stations|Aluminum,Mt/yr,low,.000189228,.00023357999,.000258199,.000271734,.00027442901,.00027450299,.00027450299,.00027450299,.00027450299,.00027450299,.00027450299,.00027450299,.00027450299,.00027450299,.00027450299,.00027450299,.00027450299,.00027450299
GLOMIS,LED-SSP2,CHN,Material Release|Infrastructure|Fuel stations|Concrete,Mt/yr,low,.70667607,.87230682,.96424711,1.0147955,1.0248593,1.025135,1.025135,1.025135,1.025135,1.025135,1.025135,1.025135,1.025135,1.025135,1.025135,1.025135,1.025135,1.025135
GLOMIS,LED-SSP2,CHN,Material Release|Infrastructure|Fuel stations|Iron_steel,Mt/yr,low,.0282319,.034848891,.038521931,.040541358,.04094341,.040954422,.040954422,.040954422,.040954422,.040954422,.040954422,.040954422,.040954422,.040954422,.040954422,.040954422,.040954422,.040954422
GLOMIS,LED-SSP2,CHN,Material Release|Infrastructure|Parking|Aluminum,Mt/yr,low,.000140114,.00017295399,.000191183,.000201206,.00020320099,.000203256,.000203256,.000203256,.000203256,.000203256,.000203256,.000203256,.000203256,.000203256,.000203256,.000203256,.000203256,.000203256
GLOMIS,LED-SSP2,CHN,Material Release|Infrastructure|Parking|Asphalt,Mt/yr,low,1.3970362,1.7244735,1.9062312,2.006161,2.0260563,2.0266013,2.0266013,2.0266013,2.0266013,2.0266013,2.0266013,2.0266013,2.0266013,2.0266013,2.0266013,2.0266013,2.0266013,2.0266013
GLOMIS,LED-SSP2,CHN,Material Release|Infrastructure|Parking|Concrete,Mt/yr,low,.43185472,.53307283,.58925813,.62014866,.62629873,.62646723,.62646723,.62646723,.62646723,.62646723,.62646723,.62646723,.62646723,.62646723,.62646723,.62646723,.62646723,.62646723
GLOMIS,LED-SSP2,CHN,Material Release|Infrastructure|Parking|Iron_steel,Mt/yr,low,.004243087,.0052375821,.005789618,.0060931249,.0061535509,.0061552059,.0061552059,.0061552059,.0061552059,.0061552059,.0061552059,.0061552059,.0061552059,.0061552059,.0061552059,.0061552059,.0061552059,.0061552059
GLOMIS,LED-SSP2,CHN,Material Release|Infrastructure|Rail|Aluminum,Mt/yr,low,.00066911301,.000825939,.00091299199,.000960854,.000970383,.000970644,.000970644,.000970644,.000970644,.000970644,.000970644,.000970644,.000970644,.000970644,.000970644,.000970644,.000970644,.000970644
GLOMIS,LED-SSP2,CHN,Material Release|Infrastructure|Rail|Concrete,Mt/yr,low,1.0656499,1.3154168,1.4540604,1.5302862,1.5454623,1.5458779,1.5458779,1.5458779,1.5458779,1.5458779,1.5458779,1.5458779,1.5458779,1.5458779,1.5458779,1.5458779,1.5458779,1.5458779
GLOMIS,LED-SSP2,CHN,Material Release|Infrastructure|Rail|Iron_steel,Mt/yr,low,1.7879837,2.2070513,2.4396722,2.5675664,2.5930293,2.5937266,2.5937266,2.5937266,2.5937266,2.5937266,2.5937266,2.5937266,2.5937266,2.5937266,2.5937266,2.5937266,2.5937266,2.5937266
GLOMIS,LED-SSP2,CHN,Material Release|Infrastructure|Roads|Aluminum,Mt/yr,low,0,0,0,0,0,0,0,0,0,0,0,0,0,0,0,0,0,0
GLOMIS,LED-SSP2,CHN,Material Release|Infrastructure|Roads|Asphalt,Mt/yr,low,295.05276,364.20724,402.59427,423.6994,427.90128,428.01636,428.01636,428.01636,428.01636,428.01636,428.01636,428.01636,428.01636,428.01636,428.01636,428.01636,428.01636,428.01636
GLOMIS,LED-SSP2,CHN,Material Release|Infrastructure|Roads|Concrete,Mt/yr,low,59.963367,74.017578,81.818962,86.108124,86.962082,86.985466,86.985466,86.985466,86.985466,86.985466,86.985466,86.985466,86.985466,86.985466,86.985466,86.985466,86.985466,86.985466
GLOMIS,LED-SSP2,CHN,Material Release|Infrastructure|Roads|Iron_steel,Mt/yr,low,0,0,0,0,0,0,0,0,0,0,0,0,0,0,0,0,0,0
GLOMIS,LED-SSP2,CHN,Material Release|Infrastructure|Runways|Aluminum,Mt/yr,low,0,0,0,0,0,0,0,0,0,0,0,0,0,0,0,0,0,0
GLOMIS,LED-SSP2,CHN,Material Release|Infrastructure|Runways|Concrete,Mt/yr,low,.1196859,.14773789,.16330931,.17187043,.17357489,.17362158,.17362158,.17362158,.17362158,.17362158,.17362158,.17362158,.17362158,.17362158,.17362158,.17362158,.17362158,.17362158
GLOMIS,LED-SSP2,CHN,Material Release|Infrastructure|Runways|Iron_steel,Mt/yr,low,0,0,0,0,0,0,0,0,0,0,0,0,0,0,0,0,0,0
GLOMIS,LED-SSP2,CHN,Material Release|Infrastructure|Tunnels|Aluminum,Mt/yr,low,.0051086508,.006306015,.0069706631,.0073360852,.0074088369,.0074108299,.0074108299,.0074108299,.0074108299,.0074108299,.0074108299,.0074108299,.0074108299,.0074108299,.0074108299,.0074108299,.0074108299,.0074108299
GLOMIS,LED-SSP2,CHN,Material Release|Infrastructure|Tunnels|Asphalt,Mt/yr,low,14.408607,17.785696,19.660292,20.690937,20.896132,20.901752,20.901752,20.901752,20.901752,20.901752,20.901752,20.901752,20.901752,20.901752,20.901752,20.901752,20.901752,20.901752
GLOMIS,LED-SSP2,CHN,Material Release|Infrastructure|Tunnels|Concrete,Mt/yr,low,36.001255,44.439228,49.123077,51.698242,52.210941,52.224983,52.224983,52.224983,52.224983,52.224983,52.224983,52.224983,52.224983,52.224983,52.224983,52.224983,52.224983,52.224983
GLOMIS,LED-SSP2,CHN,Material Release|Infrastructure|Tunnels|Iron_steel,Mt/yr,low,1.6388077,2.0229113,2.236124,2.3533478,2.3766863,2.3773255,2.3773255,2.3773255,2.3773255,2.3773255,2.3773255,2.3773255,2.3773255,2.3773255,2.3773255,2.3773255,2.3773255,2.3773255
GLOMIS,LED-SSP2,EEU,Material Demand|Infrastructure|Bridges|Aluminum,Mt/yr,low,.0000956,.0000994,.0000282,.0000282,.0000282,.0000282,.0000282,.0000282,.0000282,.0000282,.0000282,.0000282,.0000282,.0000282,.0000282,.0000282,.0000282,.0000282
GLOMIS,LED-SSP2,EEU,Material Demand|Infrastructure|Bridges|Asphalt,Mt/yr,low,1.4401414,1.5867401,1.1053302,1.1053302,1.1053302,1.1053302,1.1053302,1.1053302,1.1053302,1.1053302,1.1053302,1.1053302,1.1053302,1.1053302,1.1053302,1.1053302,1.1053302,1.1053302
GLOMIS,LED-SSP2,EEU,Material Demand|Infrastructure|Bridges|Concrete,Mt/yr,low,2.7058518,2.8117981,.79881835,.79881835,.79881835,.79881835,.79881835,.79881835,.79881835,.79881835,.79881835,.79881835,.79881835,.79881835,.79881835,.79881835,.79881835,.79881835
GLOMIS,LED-SSP2,EEU,Material Demand|Infrastructure|Bridges|Iron_steel,Mt/yr,low,.71883231,.74697781,.21221282,.21221282,.21221282,.21221282,.21221282,.21221282,.21221282,.21221282,.21221282,.21221282,.21221282,.21221282,.21221282,.21221282,.21221282,.21221282
GLOMIS,LED-SSP2,EEU,Material Demand|Infrastructure|Buildings|Aluminum,Mt/yr,low,0,0,0,0,0,0,0,0,0,0,0,0,0,0,0,0,0,0
GLOMIS,LED-SSP2,EEU,Material Demand|Infrastructure|Buildings|Concrete,Mt/yr,low,1.7499022,1.8282332,.59060341,.59060341,.59060341,.59060341,.59060341,.59060341,.59060341,.59060341,.59060341,.59060341,.59060341,.59060341,.59060341,.59060341,.59060341,.59060341
GLOMIS,LED-SSP2,EEU,Material Demand|Infrastructure|Buildings|Iron_steel,Mt/yr,low,0,0,0,0,0,0,0,0,0,0,0,0,0,0,0,0,0,0
GLOMIS,LED-SSP2,EEU,Material Demand|Infrastructure|Charging stations|Aluminum,Mt/yr,low,2.2400000e-06,2.5100001e-06,2.0400000e-06,2.0400000e-06,2.0400000e-06,2.0400000e-06,2.0400000e-06,2.0400000e-06,2.0400000e-06,2.0400000e-06,2.0400000e-06,2.0400000e-06,2.0400000e-06,2.0400000e-06,2.0400000e-06,2.0400000e-06,2.0400000e-06,2.0400000e-06
GLOMIS,LED-SSP2,EEU,Material Demand|Infrastructure|Charging stations|Concrete,Mt/yr,low,.00034606,.00038795601,.00031589399,.00031589399,.00031589399,.00031589399,.00031589399,.00031589399,.00031589399,.00031589399,.00031589399,.00031589399,.00031589399,.00031589399,.00031589399,.00031589399,.00031589399,.00031589399
GLOMIS,LED-SSP2,EEU,Material Demand|Infrastructure|Charging stations|Iron_steel,Mt/yr,low,.000057699999,.000064599997,.0000526,.0000526,.0000526,.0000526,.0000526,.0000526,.0000526,.0000526,.0000526,.0000526,.0000526,.0000526,.0000526,.0000526,.0000526,.0000526
GLOMIS,LED-SSP2,EEU,Material Demand|Infrastructure|Fuel stations|Aluminum,Mt/yr,low,.000152661,.000166365,.000103327,.000103327,.000103327,.000103327,.000103327,.000103327,.000103327,.000103327,.000103327,.000103327,.000103327,.000103327,.000103327,.000103327,.000103327,.000103327
GLOMIS,LED-SSP2,EEU,Material Demand|Infrastructure|Fuel stations|Concrete,Mt/yr,low,.57011575,.62129378,.38587463,.38587463,.38587463,.38587463,.38587463,.38587463,.38587463,.38587463,.38587463,.38587463,.38587463,.38587463,.38587463,.38587463,.38587463,.38587463
GLOMIS,LED-SSP2,EEU,Material Demand|Infrastructure|Fuel stations|Iron_steel,Mt/yr,low,.022776276,.024820855,.015415795,.015415795,.015415795,.015415795,.015415795,.015415795,.015415795,.015415795,.015415795,.015415795,.015415795,.015415795,.015415795,.015415795,.015415795,.015415795
GLOMIS,LED-SSP2,EEU,Material Demand|Infrastructure|Parking|Aluminum,Mt/yr,low,.001695506,.001784091,.00066791801,.00066791801,.00066791801,.00066791801,.00066791801,.00066791801,.00066791801,.00066791801,.00066791801,.00066791801,.00066791801,.00066791801,.00066791801,.00066791801,.00066791801,.00066791801
GLOMIS,LED-SSP2,EEU,Material Demand|Infrastructure|Parking|Asphalt,Mt/yr,low,3.7625222,4.1503248,2.9239695,2.9239695,2.9239695,2.9239695,2.9239695,2.9239695,2.9239695,2.9239695,2.9239695,2.9239695,2.9239695,2.9239695,2.9239695,2.9239695,2.9239695,2.9239695
GLOMIS,LED-SSP2,EEU,Material Demand|Infrastructure|Parking|Concrete,Mt/yr,low,3.7797496,3.9772303,1.4889734,1.4889734,1.4889734,1.4889734,1.4889734,1.4889734,1.4889734,1.4889734,1.4889734,1.4889734,1.4889734,1.4889734,1.4889734,1.4889734,1.4889734,1.4889734
GLOMIS,LED-SSP2,EEU,Material Demand|Infrastructure|Parking|Iron_steel,Mt/yr,low,.025491532,.026823388,.010041991,.010041991,.010041991,.010041991,.010041991,.010041991,.010041991,.010041991,.010041991,.010041991,.010041991,.010041991,.010041991,.010041991,.010041991,.010041991
GLOMIS,LED-SSP2,EEU,Material Demand|Infrastructure|Rail|Aluminum,Mt/yr,low,.0068087019,.0072800629,.003553987,.003553987,.003553987,.003553987,.003553987,.003553987,.003553987,.003553987,.003553987,.003553987,.003553987,.003553987,.003553987,.003553987,.003553987,.003553987
GLOMIS,LED-SSP2,EEU,Material Demand|Infrastructure|Rail|Concrete,Mt/yr,low,1.9186783,2.0507116,.99550998,.99550998,.99550998,.99550998,.99550998,.99550998,.99550998,.99550998,.99550998,.99550998,.99550998,.99550998,.99550998,.99550998,.99550998,.99550998
GLOMIS,LED-SSP2,EEU,Material Demand|Infrastructure|Rail|Iron_steel,Mt/yr,low,1.4544195,1.5846732,.98209244,.98209244,.98209244,.98209244,.98209244,.98209244,.98209244,.98209244,.98209244,.98209244,.98209244,.98209244,.98209244,.98209244,.98209244,.98209244
GLOMIS,LED-SSP2,EEU,Material Demand|Infrastructure|Roads|Aluminum,Mt/yr,low,0,0,0,0,0,0,0,0,0,0,0,0,0,0,0,0,0,0
GLOMIS,LED-SSP2,EEU,Material Demand|Infrastructure|Roads|Asphalt,Mt/yr,low,105.50246,116.06236,79.619995,79.619995,79.619995,79.619995,79.619995,79.619995,79.619995,79.619995,79.619995,79.619995,79.619995,79.619995,79.619995,79.619995,79.619995,79.619995
GLOMIS,LED-SSP2,EEU,Material Demand|Infrastructure|Roads|Concrete,Mt/yr,low,0,0,0,0,0,0,0,0,0,0,0,0,0,0,0,0,0,0
GLOMIS,LED-SSP2,EEU,Material Demand|Infrastructure|Roads|Iron_steel,Mt/yr,low,0,0,0,0,0,0,0,0,0,0,0,0,0,0,0,0,0,0
GLOMIS,LED-SSP2,EEU,Material Demand|Infrastructure|Tunnels|Aluminum,Mt/yr,low,.00068924902,.00071623601,.00020347899,.00020347899,.00020347899,.00020347899,.00020347899,.00020347899,.00020347899,.00020347899,.00020347899,.00020347899,.00020347899,.00020347899,.00020347899,.00020347899,.00020347899,.00020347899
GLOMIS,LED-SSP2,EEU,Material Demand|Infrastructure|Tunnels|Asphalt,Mt/yr,low,.38671643,.42622334,.29787606,.29787606,.29787606,.29787606,.29787606,.29787606,.29787606,.29787606,.29787606,.29787606,.29787606,.29787606,.29787606,.29787606,.29787606,.29787606
GLOMIS,LED-SSP2,EEU,Material Demand|Infrastructure|Tunnels|Concrete,Mt/yr,low,4.0174279,4.1747284,1.1860204,1.1860204,1.1860204,1.1860204,1.1860204,1.1860204,1.1860204,1.1860204,1.1860204,1.1860204,1.1860204,1.1860204,1.1860204,1.1860204,1.1860204,1.1860204
GLOMIS,LED-SSP2,EEU,Material Demand|Infrastructure|Tunnels|Iron_steel,Mt/yr,low,.18626395,.19355702,.054988623,.054988623,.054988623,.054988623,.054988623,.054988623,.054988623,.054988623,.054988623,.054988623,.054988623,.054988623,.054988623,.054988623,.054988623,.054988623
GLOMIS,LED-SSP2,EEU,Material Release|Infrastructure|Bridges|Aluminum,Mt/yr,low,.0000237,.0000275,.0000282,.0000282,.0000282,.0000282,.0000282,.0000282,.0000282,.0000282,.0000282,.0000282,.0000282,.0000282,.0000282,.0000282,.0000282,.0000282
GLOMIS,LED-SSP2,EEU,Material Release|Infrastructure|Bridges|Asphalt,Mt/yr,low,.92941195,1.0760106,1.1053302,1.1053302,1.1053302,1.1053302,1.1053302,1.1053302,1.1053302,1.1053302,1.1053302,1.1053302,1.1053302,1.1053302,1.1053302,1.1053302,1.1053302,1.1053302
GLOMIS,LED-SSP2,EEU,Material Release|Infrastructure|Bridges|Concrete,Mt/yr,low,.67168278,.77762908,.79881835,.79881835,.79881835,.79881835,.79881835,.79881835,.79881835,.79881835,.79881835,.79881835,.79881835,.79881835,.79881835,.79881835,.79881835,.79881835
GLOMIS,LED-SSP2,EEU,Material Release|Infrastructure|Bridges|Iron_steel,Mt/yr,low,.17843819,.20658371,.21221282,.21221282,.21221282,.21221282,.21221282,.21221282,.21221282,.21221282,.21221282,.21221282,.21221282,.21221282,.21221282,.21221282,.21221282,.21221282
GLOMIS,LED-SSP2,EEU,Material Release|Infrastructure|Buildings|Aluminum,Mt/yr,low,0,0,0,0,0,0,0,0,0,0,0,0,0,0,0,0,0,0
GLOMIS,LED-SSP2,EEU,Material Release|Infrastructure|Buildings|Concrete,Mt/yr,low,.49660617,.57493716,.59060341,.59060341,.59060341,.59060341,.59060341,.59060341,.59060341,.59060341,.59060341,.59060341,.59060341,.59060341,.59060341,.59060341,.59060341,.59060341
GLOMIS,LED-SSP2,EEU,Material Release|Infrastructure|Buildings|Iron_steel,Mt/yr,low,0,0,0,0,0,0,0,0,0,0,0,0,0,0,0,0,0,0
GLOMIS,LED-SSP2,EEU,Material Release|Infrastructure|Charging stations|Aluminum,Mt/yr,low,1.7200000e-06,1.9900001e-06,2.0400000e-06,2.0400000e-06,2.0400000e-06,2.0400000e-06,2.0400000e-06,2.0400000e-06,2.0400000e-06,2.0400000e-06,2.0400000e-06,2.0400000e-06,2.0400000e-06,2.0400000e-06,2.0400000e-06,2.0400000e-06,2.0400000e-06,2.0400000e-06
GLOMIS,LED-SSP2,EEU,Material Release|Infrastructure|Charging stations|Concrete,Mt/yr,low,.000265618,.000307515,.00031589399,.00031589399,.00031589399,.00031589399,.00031589399,.00031589399,.00031589399,.00031589399,.00031589399,.00031589399,.00031589399,.00031589399,.00031589399,.00031589399,.00031589399,.00031589399
GLOMIS,LED-SSP2,EEU,Material Release|Infrastructure|Charging stations|Iron_steel,Mt/yr,low,.000044299999,.000051200001,.0000526,.0000526,.0000526,.0000526,.0000526,.0000526,.0000526,.0000526,.0000526,.0000526,.0000526,.0000526,.0000526,.0000526,.0000526,.0000526
GLOMIS,LED-SSP2,EEU,Material Release|Infrastructure|Fuel stations|Aluminum,Mt/yr,low,.0000869,.000100586,.000103327,.000103327,.000103327,.000103327,.000103327,.000103327,.000103327,.000103327,.000103327,.000103327,.000103327,.000103327,.000103327,.000103327,.000103327,.000103327
GLOMIS,LED-SSP2,EEU,Material Release|Infrastructure|Fuel stations|Concrete,Mt/yr,low,.32446092,.37563902,.38587463,.38587463,.38587463,.38587463,.38587463,.38587463,.38587463,.38587463,.38587463,.38587463,.38587463,.38587463,.38587463,.38587463,.38587463,.38587463
GLOMIS,LED-SSP2,EEU,Material Release|Infrastructure|Fuel stations|Iron_steel,Mt/yr,low,.012962302,.01500688,.015415795,.015415795,.015415795,.015415795,.015415795,.015415795,.015415795,.015415795,.015415795,.015415795,.015415795,.015415795,.015415795,.015415795,.015415795,.015415795
GLOMIS,LED-SSP2,EEU,Material Release|Infrastructure|Parking|Aluminum,Mt/yr,low,.00056161598,.00065020099,.00066791801,.00066791801,.00066791801,.00066791801,.00066791801,.00066791801,.00066791801,.00066791801,.00066791801,.00066791801,.00066791801,.00066791801,.00066791801,.00066791801,.00066791801,.00066791801
GLOMIS,LED-SSP2,EEU,Material Release|Infrastructure|Parking|Asphalt,Mt/yr,low,2.4586067,2.8464091,2.9239695,2.9239695,2.9239695,2.9239695,2.9239695,2.9239695,2.9239695,2.9239695,2.9239695,2.9239695,2.9239695,2.9239695,2.9239695,2.9239695,2.9239695,2.9239695
GLOMIS,LED-SSP2,EEU,Material Release|Infrastructure|Parking|Concrete,Mt/yr,low,1.2519965,1.4494772,1.4889734,1.4889734,1.4889734,1.4889734,1.4889734,1.4889734,1.4889734,1.4889734,1.4889734,1.4889734,1.4889734,1.4889734,1.4889734,1.4889734,1.4889734,1.4889734
GLOMIS,LED-SSP2,EEU,Material Release|Infrastructure|Parking|Iron_steel,Mt/yr,low,.0084437625,.00977562,.010041991,.010041991,.010041991,.010041991,.010041991,.010041991,.010041991,.010041991,.010041991,.010041991,.010041991,.010041991,.010041991,.010041991,.010041991,.010041991
GLOMIS,LED-SSP2,EEU,Material Release|Infrastructure|Rail|Aluminum,Mt/yr,low,.0029883529,.0034597139,.003553987,.003553987,.003553987,.003553987,.003553987,.003553987,.003553987,.003553987,.003553987,.003553987,.003553987,.003553987,.003553987,.003553987,.003553987,.003553987
GLOMIS,LED-SSP2,EEU,Material Release|Infrastructure|Rail|Concrete,Mt/yr,low,.83707005,.96910334,.99550998,.99550998,.99550998,.99550998,.99550998,.99550998,.99550998,.99550998,.99550998,.99550998,.99550998,.99550998,.99550998,.99550998,.99550998,.99550998
GLOMIS,LED-SSP2,EEU,Material Release|Infrastructure|Rail|Iron_steel,Mt/yr,low,.82578796,.95604169,.98209244,.98209244,.98209244,.98209244,.98209244,.98209244,.98209244,.98209244,.98209244,.98209244,.98209244,.98209244,.98209244,.98209244,.98209244,.98209244
GLOMIS,LED-SSP2,EEU,Material Release|Infrastructure|Roads|Aluminum,Mt/yr,low,0,0,0,0,0,0,0,0,0,0,0,0,0,0,0,0,0,0
GLOMIS,LED-SSP2,EEU,Material Release|Infrastructure|Roads|Asphalt,Mt/yr,low,66.948112,77.508018,79.619995,79.619995,79.619995,79.619995,79.619995,79.619995,79.619995,79.619995,79.619995,79.619995,79.619995,79.619995,79.619995,79.619995,79.619995,79.619995
GLOMIS,LED-SSP2,EEU,Material Release|Infrastructure|Roads|Concrete,Mt/yr,low,0,0,0,0,0,0,0,0,0,0,0,0,0,0,0,0,0,0
GLOMIS,LED-SSP2,EEU,Material Release|Infrastructure|Roads|Iron_steel,Mt/yr,low,0,0,0,0,0,0,0,0,0,0,0,0,0,0,0,0,0,0
GLOMIS,LED-SSP2,EEU,Material Release|Infrastructure|Tunnels|Aluminum,Mt/yr,low,.000171095,.00019808199,.00020347899,.00020347899,.00020347899,.00020347899,.00020347899,.00020347899,.00020347899,.00020347899,.00020347899,.00020347899,.00020347899,.00020347899,.00020347899,.00020347899,.00020347899,.00020347899
GLOMIS,LED-SSP2,EEU,Material Release|Infrastructure|Tunnels|Asphalt,Mt/yr,low,.25046772,.28997466,.29787606,.29787606,.29787606,.29787606,.29787606,.29787606,.29787606,.29787606,.29787606,.29787606,.29787606,.29787606,.29787606,.29787606,.29787606,.29787606
GLOMIS,LED-SSP2,EEU,Material Release|Infrastructure|Tunnels|Concrete,Mt/yr,low,.99725986,1.1545603,1.1860204,1.1860204,1.1860204,1.1860204,1.1860204,1.1860204,1.1860204,1.1860204,1.1860204,1.1860204,1.1860204,1.1860204,1.1860204,1.1860204,1.1860204,1.1860204
GLOMIS,LED-SSP2,EEU,Material Release|Infrastructure|Tunnels|Iron_steel,Mt/yr,low,.046236936,.053530008,.054988623,.054988623,.054988623,.054988623,.054988623,.054988623,.054988623,.054988623,.054988623,.054988623,.054988623,.054988623,.054988623,.054988623,.054988623,.054988623
GLOMIS,LED-SSP2,FSU,Material Demand|Infrastructure|Bridges|Aluminum,Mt/yr,low,.000164242,.00016937499,.000129293,.000171416,.00015012101,.00012208799,.000093399998,.000092599999,.000085799998,.000085799998,.000085799998,.000085799998,.000085799998,.000085799998,.000085799998,.000085799998,.000085799998,.000085799998
GLOMIS,LED-SSP2,FSU,Material Demand|Infrastructure|Bridges|Asphalt,Mt/yr,low,1.4043809,1.4905328,1.4133003,1.6033391,1.5900633,1.5352362,1.4572327,1.4597983,1.4400121,1.4400121,1.4400121,1.4400121,1.4400121,1.4400121,1.4400121,1.4400121,1.4400121,1.4400121
GLOMIS,LED-SSP2,FSU,Material Demand|Infrastructure|Bridges|Concrete,Mt/yr,low,2.160876,2.2284138,1.7010708,2.2552621,1.9750866,1.6062698,1.2287339,1.2180227,1.128883,1.128883,1.128883,1.128883,1.128883,1.128883,1.128883,1.128883,1.128883,1.128883
GLOMIS,LED-SSP2,FSU,Material Demand|Infrastructure|Bridges|Iron_steel,Mt/yr,low,.71771157,.74014354,.56499225,.74906087,.65600365,.53350514,.40811068,.40455306,.37494627,.37494627,.37494627,.37494627,.37494627,.37494627,.37494627,.37494627,.37494627,.37494627
GLOMIS,LED-SSP2,FSU,Material Demand|Infrastructure|Buildings|Aluminum,Mt/yr,low,0,0,0,0,0,0,0,0,0,0,0,0,0,0,0,0,0,0
GLOMIS,LED-SSP2,FSU,Material Demand|Infrastructure|Buildings|Concrete,Mt/yr,low,1.7786195,1.8403878,1.4451442,1.8764271,1.6704935,1.3939466,1.1076633,1.1002396,1.0324454,1.0324454,1.0324454,1.0324454,1.0324454,1.0324454,1.0324454,1.0324454,1.0324454,1.0324454
GLOMIS,LED-SSP2,FSU,Material Demand|Infrastructure|Buildings|Iron_steel,Mt/yr,low,0,0,0,0,0,0,0,0,0,0,0,0,0,0,0,0,0,0
GLOMIS,LED-SSP2,FSU,Material Demand|Infrastructure|Charging stations|Aluminum,Mt/yr,low,7.3000001e-07,7.7999999e-07,7.6999999e-07,8.4900000e-07,8.6199998e-07,8.5400001e-07,8.3300000e-07,8.3499998e-07,8.2999998e-07,8.2999998e-07,8.2999998e-07,8.2999998e-07,8.2999998e-07,8.2999998e-07,8.2999998e-07,8.2999998e-07,8.2999998e-07,8.2999998e-07
GLOMIS,LED-SSP2,FSU,Material Demand|Infrastructure|Charging stations|Concrete,Mt/yr,low,.000113056,.000120739,.000119219,.000131507,.000133425,.000132282,.000128963,.000129338,.000128421,.000128421,.000128421,.000128421,.000128421,.000128421,.000128421,.000128421,.000128421,.000128421
GLOMIS,LED-SSP2,FSU,Material Demand|Infrastructure|Charging stations|Iron_steel,Mt/yr,low,.000018799999,.0000201,.000019900001,.000021899999,.0000222,.000022,.0000215,.000021600001,.000021399999,.000021399999,.000021399999,.000021399999,.000021399999,.000021399999,.000021399999,.000021399999,.000021399999,.000021399999
GLOMIS,LED-SSP2,FSU,Material Demand|Infrastructure|Fuel stations|Aluminum,Mt/yr,low,.00035477901,.000374942,.00034537699,.000399829,.00039008199,.00036922999,.000343186,.00034347299,.00033703001,.00033703001,.00033703001,.00033703001,.00033703001,.00033703001,.00033703001,.00033703001,.00033703001,.00033703001
GLOMIS,LED-SSP2,FSU,Material Demand|Infrastructure|Fuel stations|Concrete,Mt/yr,low,1.3249263,1.4002273,1.2898154,1.493165,1.4567651,1.3788935,1.281633,1.282706,1.2586442,1.2586442,1.2586442,1.2586442,1.2586442,1.2586442,1.2586442,1.2586442,1.2586442,1.2586442
GLOMIS,LED-SSP2,FSU,Material Demand|Infrastructure|Fuel stations|Iron_steel,Mt/yr,low,.05293116,.055939455,.051528472,.059652343,.058198158,.055087168,.051201586,.051244453,.050283175,.050283175,.050283175,.050283175,.050283175,.050283175,.050283175,.050283175,.050283175,.050283175
GLOMIS,LED-SSP2,FSU,Material Demand|Infrastructure|Parking|Aluminum,Mt/yr,low,.00116951,.001215203,.00098721799,.0012503579,.001135234,.000975609,.00080747798,.00080374099,.00076374703,.00076374703,.00076374703,.00076374703,.00076374703,.00076374703,.00076374703,.00076374703,.00076374703,.00076374703
GLOMIS,LED-SSP2,FSU,Material Demand|Infrastructure|Parking|Asphalt,Mt/yr,low,2.9907544,3.1758559,3.0216458,3.4197731,3.3980274,3.2884152,3.1287696,3.1346018,3.09394,3.09394,3.09394,3.09394,3.09394,3.09394,3.09394,3.09394,3.09394,3.09394
GLOMIS,LED-SSP2,FSU,Material Demand|Infrastructure|Parking|Concrete,Mt/yr,low,3.2388854,3.3654289,2.7340381,3.4627903,3.1439614,2.7018888,2.236259,2.2259109,2.1151514,2.1151514,2.1151514,2.1151514,2.1151514,2.1151514,2.1151514,2.1151514,2.1151514,2.1151514
GLOMIS,LED-SSP2,FSU,Material Demand|Infrastructure|Parking|Iron_steel,Mt/yr,low,.028877562,.030005809,.024376396,.03087387,.028031226,.024089755,.019938249,.019845987,.018858466,.018858466,.018858466,.018858466,.018858466,.018858466,.018858466,.018858466,.018858466,.018858466
GLOMIS,LED-SSP2,FSU,Material Demand|Infrastructure|Rail|Aluminum,Mt/yr,low,.012130929,.012709268,.011000265,.013309471,.012532323,.011333243,.010002679,.0099874539,.0096668433,.0096668433,.0096668433,.0096668433,.0096668433,.0096668433,.0096668433,.0096668433,.0096668433,.0096668433
GLOMIS,LED-SSP2,FSU,Material Demand|Infrastructure|Rail|Concrete,Mt/yr,low,3.1068585,3.2536917,2.8079207,3.4045088,3.2003372,2.8876159,2.5417528,2.5375636,2.4542913,2.4542913,2.4542913,2.4542913,2.4542913,2.4542913,2.4542913,2.4542913,2.4542913,2.4542913
GLOMIS,LED-SSP2,FSU,Material Demand|Infrastructure|Rail|Iron_steel,Mt/yr,low,3.1106882,3.2870724,3.025274,3.5043502,3.4172544,3.232636,3.002665,3.0050921,2.9482298,2.9482298,2.9482298,2.9482298,2.9482298,2.9482298,2.9482298,2.9482298,2.9482298,2.9482298
GLOMIS,LED-SSP2,FSU,Material Demand|Infrastructure|Roads|Aluminum,Mt/yr,low,0,0,0,0,0,0,0,0,0,0,0,0,0,0,0,0,0,0
GLOMIS,LED-SSP2,FSU,Material Demand|Infrastructure|Roads|Asphalt,Mt/yr,low,174.53464,185.13013,174.83221,198.89828,196.80359,189.50264,179.36746,179.66121,177.1017,177.1017,177.1017,177.1017,177.1017,177.1017,177.1017,177.1017,177.1017,177.1017
GLOMIS,LED-SSP2,FSU,Material Demand|Infrastructure|Roads|Concrete,Mt/yr,low,0,0,0,0,0,0,0,0,0,0,0,0,0,0,0,0,0,0
GLOMIS,LED-SSP2,FSU,Material Demand|Infrastructure|Roads|Iron_steel,Mt/yr,low,0,0,0,0,0,0,0,0,0,0,0,0,0,0,0,0,0,0
GLOMIS,LED-SSP2,FSU,Material Demand|Infrastructure|Tunnels|Aluminum,Mt/yr,low,.001623812,.001674564,.001278287,.001694739,.001484198,.001207047,.00092334399,.00091529498,.00084831001,.00084831001,.00084831001,.00084831001,.00084831001,.00084831001,.00084831001,.00084831001,.00084831001,.00084831001
GLOMIS,LED-SSP2,FSU,Material Demand|Infrastructure|Tunnels|Asphalt,Mt/yr,low,.12007856,.12741026,.12058976,.13697761,.13570459,.13086569,.12405942,.12427101,.12254807,.12254807,.12254807,.12254807,.12254807,.12254807,.12254807,.12254807,.12254807,.12254807
GLOMIS,LED-SSP2,FSU,Material Demand|Infrastructure|Tunnels|Concrete,Mt/yr,low,5.3322315,5.4988894,4.1976047,5.5651407,4.8737726,3.9636714,3.0320542,3.0056231,2.7856598,2.7856598,2.7856598,2.7856598,2.7856598,2.7856598,2.7856598,2.7856598,2.7856598,2.7856598
GLOMIS,LED-SSP2,FSU,Material Demand|Infrastructure|Tunnels|Iron_steel,Mt/yr,low,.27943489,.28816858,.21997491,.29164046,.25540942,.20771568,.1588944,.15750927,.14598213,.14598213,.14598213,.14598213,.14598213,.14598213,.14598213,.14598213,.14598213,.14598213
GLOMIS,LED-SSP2,FSU,Material Release|Infrastructure|Bridges|Aluminum,Mt/yr,low,.000065699998,.000070800001,.000074099997,.000078600002,.000082400002,.000084599997,.000085400003,.000085699998,.000085799998,.000085799998,.000085799998,.000085799998,.000085799998,.000085799998,.000085799998,.000085799998,.000085799998,.000085799998
GLOMIS,LED-SSP2,FSU,Material Release|Infrastructure|Bridges|Asphalt,Mt/yr,low,1.1023167,1.1884685,1.2442669,1.3188257,1.3824302,1.4204619,1.4326237,1.4388152,1.4400121,1.4400121,1.4400121,1.4400121,1.4400121,1.4400121,1.4400121,1.4400121,1.4400121,1.4400121
GLOMIS,LED-SSP2,FSU,Material Release|Infrastructure|Bridges|Concrete,Mt/yr,low,.86415011,.93168789,.97543049,1.0338801,1.0837423,1.1135567,1.123091,1.1279447,1.128883,1.128883,1.128883,1.128883,1.128883,1.128883,1.128883,1.128883,1.128883,1.128883
GLOMIS,LED-SSP2,FSU,Material Release|Infrastructure|Bridges|Iron_steel,Mt/yr,low,.28701809,.30945006,.32397866,.3433921,.35995325,.36985582,.37302253,.37463462,.37494627,.37494627,.37494627,.37494627,.37494627,.37494627,.37494627,.37494627,.37494627,.37494627
GLOMIS,LED-SSP2,FSU,Material Release|Infrastructure|Buildings|Aluminum,Mt/yr,low,0,0,0,0,0,0,0,0,0,0,0,0,0,0,0,0,0,0
GLOMIS,LED-SSP2,FSU,Material Release|Infrastructure|Buildings|Concrete,Mt/yr,low,.79032791,.85209614,.89210194,.94555843,.99116087,1.0184284,1.0271482,1.0315872,1.0324454,1.0324454,1.0324454,1.0324454,1.0324454,1.0324454,1.0324454,1.0324454,1.0324454,1.0324454
GLOMIS,LED-SSP2,FSU,Material Release|Infrastructure|Buildings|Iron_steel,Mt/yr,low,0,0,0,0,0,0,0,0,0,0,0,0,0,0,0,0,0,0
GLOMIS,LED-SSP2,FSU,Material Release|Infrastructure|Charging stations|Aluminum,Mt/yr,low,6.3499999e-07,6.8499997e-07,7.1699998e-07,7.5999998e-07,7.9599999e-07,8.1799999e-07,8.2499997e-07,8.2899999e-07,8.2999998e-07,8.2999998e-07,8.2999998e-07,8.2999998e-07,8.2999998e-07,8.2999998e-07,8.2999998e-07,8.2999998e-07,8.2999998e-07,8.2999998e-07
GLOMIS,LED-SSP2,FSU,Material Release|Infrastructure|Charging stations|Concrete,Mt/yr,low,.000098299999,.000105988,.000110964,.000117613,.000123285,.000126677,.000127762,.000128314,.000128421,.000128421,.000128421,.000128421,.000128421,.000128421,.000128421,.000128421,.000128421,.000128421
GLOMIS,LED-SSP2,FSU,Material Release|Infrastructure|Charging stations|Iron_steel,Mt/yr,low,.000016399999,.0000177,.000018500001,.0000196,.0000205,.000021100001,.0000213,.000021399999,.000021399999,.000021399999,.000021399999,.000021399999,.000021399999,.000021399999,.000021399999,.000021399999,.000021399999,.000021399999
GLOMIS,LED-SSP2,FSU,Material Release|Infrastructure|Fuel stations|Aluminum,Mt/yr,low,.00025799399,.00027815701,.000291217,.00030866699,.00032355299,.00033245501,.00033530101,.00033675,.00033703001,.00033703001,.00033703001,.00033703001,.00033703001,.00033703001,.00033703001,.00033703001,.00033703001,.00033703001
GLOMIS,LED-SSP2,FSU,Material Release|Infrastructure|Fuel stations|Concrete,Mt/yr,low,.96348119,1.0387822,1.0875529,1.1527212,1.2083147,1.2415563,1.2521865,1.257598,1.2586442,1.2586442,1.2586442,1.2586442,1.2586442,1.2586442,1.2586442,1.2586442,1.2586442,1.2586442
GLOMIS,LED-SSP2,FSU,Material Release|Infrastructure|Fuel stations|Iron_steel,Mt/yr,low,.038491331,.04149963,.043448027,.046051517,.048272498,.049600508,.050025187,.050241381,.050283175,.050283175,.050283175,.050283175,.050283175,.050283175,.050283175,.050283175,.050283175,.050283175
GLOMIS,LED-SSP2,FSU,Material Release|Infrastructure|Parking|Aluminum,Mt/yr,low,.000584642,.00063033501,.00065992901,.00069947302,.00073320698,.00075337797,.00075982901,.00076311303,.00076374703,.00076374703,.00076374703,.00076374703,.00076374703,.00076374703,.00076374703,.00076374703,.00076374703,.00076374703
GLOMIS,LED-SSP2,FSU,Material Release|Infrastructure|Parking|Asphalt,Mt/yr,low,2.3683841,2.5534856,2.6733711,2.8335648,2.9702222,3.0519352,3.0780659,3.0913684,3.09394,3.09394,3.09394,3.09394,3.09394,3.09394,3.09394,3.09394,3.09394,3.09394
GLOMIS,LED-SSP2,FSU,Material Release|Infrastructure|Parking|Concrete,Mt/yr,low,1.61913,1.7456733,1.8276324,1.9371476,2.0305727,2.0864351,2.1042991,2.1133933,2.1151514,2.1151514,2.1151514,2.1151514,2.1151514,2.1151514,2.1151514,2.1151514,2.1151514,2.1151514
GLOMIS,LED-SSP2,FSU,Material Release|Infrastructure|Parking|Iron_steel,Mt/yr,low,.014435993,.015564239,.016294979,.017271403,.018104371,.018602436,.018761709,.018842792,.018858466,.018858466,.018858466,.018858466,.018858466,.018858466,.018858466,.018858466,.018858466,.018858466
GLOMIS,LED-SSP2,FSU,Material Release|Infrastructure|Rail|Aluminum,Mt/yr,low,.0073998841,.0079782233,.0083528003,.0088533154,.0092802942,.0095356023,.0096172448,.0096588079,.0096668433,.0096668433,.0096668433,.0096668433,.0096668433,.0096668433,.0096668433,.0096668433,.0096668433,.0096668433
GLOMIS,LED-SSP2,FSU,Material Release|Infrastructure|Rail|Concrete,Mt/yr,low,1.8787385,2.0255718,2.120672,2.2477467,2.3561513,2.4209707,2.441699,2.4522514,2.4542913,2.4542913,2.4542913,2.4542913,2.4542913,2.4542913,2.4542913,2.4542913,2.4542913,2.4542913
GLOMIS,LED-SSP2,FSU,Material Release|Infrastructure|Rail|Iron_steel,Mt/yr,low,2.2568443,2.4332283,2.5474679,2.7001173,2.8303385,2.9082034,2.9331033,2.9457793,2.9482298,2.9482298,2.9482298,2.9482298,2.9482298,2.9482298,2.9482298,2.9482298,2.9482298,2.9482298
GLOMIS,LED-SSP2,FSU,Material Release|Infrastructure|Roads|Aluminum,Mt/yr,low,0,0,0,0,0,0,0,0,0,0,0,0,0,0,0,0,0,0
GLOMIS,LED-SSP2,FSU,Material Release|Infrastructure|Roads|Asphalt,Mt/yr,low,135.56981,146.1653,153.02773,162.19743,170.01991,174.69728,176.19304,176.9545,177.1017,177.1017,177.1017,177.1017,177.1017,177.1017,177.1017,177.1017,177.1017,177.1017
GLOMIS,LED-SSP2,FSU,Material Release|Infrastructure|Roads|Concrete,Mt/yr,low,0,0,0,0,0,0,0,0,0,0,0,0,0,0,0,0,0,0
GLOMIS,LED-SSP2,FSU,Material Release|Infrastructure|Roads|Iron_steel,Mt/yr,low,0,0,0,0,0,0,0,0,0,0,0,0,0,0,0,0,0,0
GLOMIS,LED-SSP2,FSU,Material Release|Infrastructure|Tunnels|Aluminum,Mt/yr,low,.00064937398,.00070012599,.00073299702,.00077692,.00081438897,.00083679298,.000843958,.000847605,.00084831001,.00084831001,.00084831001,.00084831001,.00084831001,.00084831001,.00084831001,.00084831001,.00084831001,.00084831001
GLOMIS,LED-SSP2,FSU,Material Release|Infrastructure|Tunnels|Asphalt,Mt/yr,low,.093809485,.10114118,.10588974,.11223485,.11764773,.12088431,.12191931,.12244622,.12254807,.12254807,.12254807,.12254807,.12254807,.12254807,.12254807,.12254807,.12254807,.12254807
GLOMIS,LED-SSP2,FSU,Material Release|Infrastructure|Tunnels|Concrete,Mt/yr,low,2.1323984,2.2990563,2.4069965,2.5512285,2.6742692,2.7478404,2.7713671,2.7833445,2.7856598,2.7856598,2.7856598,2.7856598,2.7856598,2.7856598,2.7856598,2.7856598,2.7856598,2.7856598
GLOMIS,LED-SSP2,FSU,Material Release|Infrastructure|Tunnels|Iron_steel,Mt/yr,low,.11174805,.12048173,.12613833,.13369678,.14014472,.1440002,.14523312,.14586079,.14598213,.14598213,.14598213,.14598213,.14598213,.14598213,.14598213,.14598213,.14598213,.14598213
GLOMIS,LED-SSP2,LAM,Material Demand|Infrastructure|Bridges|Aluminum,Mt/yr,low,.00067902199,.00070622598,.000189357,.00039481299,.00037511901,.00031023001,.000227009,.00035508501,.00032044499,.00032044499,.00032044499,.00032044499,.00032044499,.00032044499,.00032044499,.00032044499,.00032044499,.00032044499
GLOMIS,LED-SSP2,LAM,Material Demand|Infrastructure|Bridges|Asphalt,Mt/yr,low,2.8495612,3.1587148,2.1519277,2.6287549,2.6740246,2.5965281,2.4416966,2.758378,2.7384419,2.7384419,2.7384419,2.7384419,2.7384419,2.7384419,2.7384419,2.7384419,2.7384419,2.7384419
GLOMIS,LED-SSP2,LAM,Material Demand|Infrastructure|Bridges|Concrete,Mt/yr,low,5.5759883,5.7993789,1.5549574,3.2421196,3.0803976,2.5475442,1.8641552,2.9158857,2.6314268,2.6314268,2.6314268,2.6314268,2.6314268,2.6314268,2.6314268,2.6314268,2.6314268,2.6314268
GLOMIS,LED-SSP2,LAM,Material Demand|Infrastructure|Bridges|Iron_steel,Mt/yr,low,1.0455191,1.0874058,.29156047,.60790986,.57758641,.47767434,.34953627,.54673976,.49340263,.49340263,.49340263,.49340263,.49340263,.49340263,.49340263,.49340263,.49340263,.49340263
GLOMIS,LED-SSP2,LAM,Material Demand|Infrastructure|Buildings|Aluminum,Mt/yr,low,0,0,0,0,0,0,0,0,0,0,0,0,0,0,0,0,0,0
GLOMIS,LED-SSP2,LAM,Material Demand|Infrastructure|Buildings|Concrete,Mt/yr,low,.84252906,.88124692,.26950413,.51462322,.49344337,.41788861,.31957772,.47287312,.43308458,.43308458,.43308458,.43308458,.43308458,.43308458,.43308458,.43308458,.43308458,.43308458
GLOMIS,LED-SSP2,LAM,Material Demand|Infrastructure|Buildings|Iron_steel,Mt/yr,low,0,0,0,0,0,0,0,0,0,0,0,0,0,0,0,0,0,0
GLOMIS,LED-SSP2,LAM,Material Demand|Infrastructure|Charging stations|Aluminum,Mt/yr,low,2.3800000e-07,2.6900000e-07,2.1500000e-07,2.4500000e-07,2.5200001e-07,2.5099999e-07,2.4299999e-07,2.6399999e-07,2.6500001e-07,2.6500001e-07,2.6500001e-07,2.6500001e-07,2.6500001e-07,2.6500001e-07,2.6500001e-07,2.6500001e-07,2.6500001e-07,2.6500001e-07
GLOMIS,LED-SSP2,LAM,Material Demand|Infrastructure|Charging stations|Concrete,Mt/yr,low,.0000368,.0000416,.000033299999,.000037900001,.000038999999,.000038800001,.000037599999,.000040800001,.0000411,.0000411,.0000411,.0000411,.0000411,.0000411,.0000411,.0000411,.0000411,.0000411
GLOMIS,LED-SSP2,LAM,Material Demand|Infrastructure|Charging stations|Iron_steel,Mt/yr,low,6.1300002e-06,6.9299999e-06,5.5599999e-06,6.3200000e-06,6.4999999e-06,6.4699998e-06,6.2700001e-06,6.7999999e-06,6.8400000e-06,6.8400000e-06,6.8400000e-06,6.8400000e-06,6.8400000e-06,6.8400000e-06,6.8400000e-06,6.8400000e-06,6.8400000e-06,6.8400000e-06
GLOMIS,LED-SSP2,LAM,Material Demand|Infrastructure|Fuel stations|Aluminum,Mt/yr,low,.00073300803,.00080241699,.00048313601,.00062578701,.00063079502,.000600753,.000550839,.00064375601,.00063212001,.00063212001,.00063212001,.00063212001,.00063212001,.00063212001,.00063212001,.00063212001,.00063212001,.00063212001
GLOMIS,LED-SSP2,LAM,Material Demand|Infrastructure|Fuel stations|Concrete,Mt/yr,low,2.7374296,2.9966385,1.8042778,2.3370087,2.3557136,2.2435217,2.0571167,2.4041154,2.3606613,2.3606613,2.3606613,2.3606613,2.3606613,2.3606613,2.3606613,2.3606613,2.3606613,2.3606613
GLOMIS,LED-SSP2,LAM,Material Demand|Infrastructure|Fuel stations|Iron_steel,Mt/yr,low,.10936105,.11971651,.07208138,.09336412,.09411139,.0896293,.08218237,.096045062,.094309054,.094309054,.094309054,.094309054,.094309054,.094309054,.094309054,.094309054,.094309054,.094309054
GLOMIS,LED-SSP2,LAM,Material Demand|Infrastructure|Parking|Aluminum,Mt/yr,low,.001162653,.001225293,.00043602299,.00075607002,.00073288602,.00063782698,.00051134598,.00071245601,.00066347601,.00066347601,.00066347601,.00066347601,.00066347601,.00066347601,.00066347601,.00066347601,.00066347601,.00066347601
GLOMIS,LED-SSP2,LAM,Material Demand|Infrastructure|Parking|Asphalt,Mt/yr,low,3.0435548,3.3771672,2.3221788,2.8247235,2.8753138,2.7959504,2.6339803,2.9683571,2.9492588,2.9492588,2.9492588,2.9492588,2.9492588,2.9492588,2.9492588,2.9492588,2.9492588,2.9492588
GLOMIS,LED-SSP2,LAM,Material Demand|Infrastructure|Parking|Concrete,Mt/yr,low,3.5082004,3.6972125,1.315659,2.2813745,2.2114174,1.9245855,1.5429415,2.1497736,2.0019782,2.0019782,2.0019782,2.0019782,2.0019782,2.0019782,2.0019782,2.0019782,2.0019782,2.0019782
GLOMIS,LED-SSP2,LAM,Material Demand|Infrastructure|Parking|Iron_steel,Mt/yr,low,.033862691,.035687122,.01269932,.02202083,.021345574,.018576944,.014893149,.02075056,.019323975,.019323975,.019323975,.019323975,.019323975,.019323975,.019323975,.019323975,.019323975,.019323975
GLOMIS,LED-SSP2,LAM,Material Demand|Infrastructure|Rail|Aluminum,Mt/yr,low,.006995752,.0074743242,.0033311991,.005056025,.0049832128,.0045128041,.003853118,.0049480968,.0047187721,.0047187721,.0047187721,.0047187721,.0047187721,.0047187721,.0047187721,.0047187721,.0047187721,.0047187721
GLOMIS,LED-SSP2,LAM,Material Demand|Infrastructure|Rail|Concrete,Mt/yr,low,1.6873701,1.7947166,.74720865,1.1792135,1.1563478,1.0348084,.86763233,1.1408949,1.0803813,1.0803813,1.0803813,1.0803813,1.0803813,1.0803813,1.0803813,1.0803813,1.0803813,1.0803813
GLOMIS,LED-SSP2,LAM,Material Demand|Infrastructure|Rail|Iron_steel,Mt/yr,low,1.4772419,1.6144416,.95500785,1.2477928,1.256128,1.1929054,1.0896397,1.2799319,1.2547574,1.2547574,1.2547574,1.2547574,1.2547574,1.2547574,1.2547574,1.2547574,1.2547574,1.2547574
GLOMIS,LED-SSP2,LAM,Material Demand|Infrastructure|Roads|Aluminum,Mt/yr,low,0,0,0,0,0,0,0,0,0,0,0,0,0,0,0,0,0,0
GLOMIS,LED-SSP2,LAM,Material Demand|Infrastructure|Roads|Asphalt,Mt/yr,low,361.26041,399.67792,267.41318,329.39825,334.62823,324.02792,303.62491,344.65192,341.62515,341.62515,341.62515,341.62515,341.62515,341.62515,341.62515,341.62515,341.62515,341.62515
GLOMIS,LED-SSP2,LAM,Material Demand|Infrastructure|Roads|Concrete,Mt/yr,low,0,0,0,0,0,0,0,0,0,0,0,0,0,0,0,0,0,0
GLOMIS,LED-SSP2,LAM,Material Demand|Infrastructure|Roads|Iron_steel,Mt/yr,low,0,0,0,0,0,0,0,0,0,0,0,0,0,0,0,0,0,0
GLOMIS,LED-SSP2,LAM,Material Demand|Infrastructure|Tunnels|Aluminum,Mt/yr,low,.001019667,.001060518,.000284351,.00059287902,.00056330499,.00046586301,.00034089401,.000533221,.00048120299,.00048120299,.00048120299,.00048120299,.00048120299,.00048120299,.00048120299,.00048120299,.00048120299,.00048120299
GLOMIS,LED-SSP2,LAM,Material Demand|Infrastructure|Tunnels|Asphalt,Mt/yr,low,.36583266,.40569118,.27744368,.33832619,.34424874,.33446816,.31475884,.35522395,.3527731,.3527731,.3527731,.3527731,.3527731,.3527731,.3527731,.3527731,.3527731,.3527731
GLOMIS,LED-SSP2,LAM,Material Demand|Infrastructure|Tunnels|Concrete,Mt/yr,low,4.5691509,4.7522044,1.274184,2.6567011,2.5241807,2.0875428,1.5275511,2.3893743,2.1562791,2.1562791,2.1562791,2.1562791,2.1562791,2.1562791,2.1562791,2.1562791,2.1562791,2.1562791
GLOMIS,LED-SSP2,LAM,Material Demand|Infrastructure|Tunnels|Iron_steel,Mt/yr,low,.22604056,.23509641,.063035183,.13142972,.12487379,.10327288,.07556951,.11820477,.10667333,.10667333,.10667333,.10667333,.10667333,.10667333,.10667333,.10667333,.10667333,.10667333
GLOMIS,LED-SSP2,LAM,Material Release|Infrastructure|Bridges|Aluminum,Mt/yr,low,.00015671201,.000183916,.000189357,.000195417,.000204599,.00021052999,.000212186,.00021805,.00022351601,.00022351601,.00022351601,.00022351601,.00022351601,.00022351601,.00022351601,.00022351601,.00022351601,.00022351601
GLOMIS,LED-SSP2,LAM,Material Release|Infrastructure|Bridges|Asphalt,Mt/yr,low,1.7809436,2.090097,2.1519277,2.2208023,2.3251507,2.3925464,2.4113681,2.4780116,2.5401311,2.5401311,2.5401311,2.5401311,2.5401311,2.5401311,2.5401311,2.5401311,2.5401311,2.5401311
GLOMIS,LED-SSP2,LAM,Material Release|Infrastructure|Bridges|Concrete,Mt/yr,low,1.2868886,1.5102792,1.5549574,1.6047254,1.6801262,1.7288256,1.742426,1.7905817,1.8354685,1.8354685,1.8354685,1.8354685,1.8354685,1.8354685,1.8354685,1.8354685,1.8354685,1.8354685
GLOMIS,LED-SSP2,LAM,Material Release|Infrastructure|Bridges|Iron_steel,Mt/yr,low,.24129656,.28318316,.29156047,.30089217,.3150301,.32416144,.32671157,.33574092,.3441574,.3441574,.3441574,.3441574,.3441574,.3441574,.3441574,.3441574,.3441574,.3441574
GLOMIS,LED-SSP2,LAM,Material Release|Infrastructure|Buildings|Aluminum,Mt/yr,low,0,0,0,0,0,0,0,0,0,0,0,0,0,0,0,0,0,0
GLOMIS,LED-SSP2,LAM,Material Release|Infrastructure|Buildings|Concrete,Mt/yr,low,.22304264,.26176053,.26950413,.27812988,.29119828,.29963884,.30199605,.31034237,.31812212,.31812212,.31812212,.31812212,.31812212,.31812212,.31812212,.31812212,.31812212,.31812212
GLOMIS,LED-SSP2,LAM,Material Release|Infrastructure|Buildings|Iron_steel,Mt/yr,low,0,0,0,0,0,0,0,0,0,0,0,0,0,0,0,0,0,0
GLOMIS,LED-SSP2,LAM,Material Release|Infrastructure|Charging stations|Aluminum,Mt/yr,low,1.7799999e-07,2.0900001e-07,2.1500000e-07,2.2200000e-07,2.3299999e-07,2.3999999e-07,2.4100001e-07,2.4799999e-07,2.5400001e-07,2.5400001e-07,2.5400001e-07,2.5400001e-07,2.5400001e-07,2.5400001e-07,2.5400001e-07,2.5400001e-07,2.5400001e-07,2.5400001e-07
GLOMIS,LED-SSP2,LAM,Material Release|Infrastructure|Charging stations|Concrete,Mt/yr,low,.000027599999,.000032399999,.000033299999,.0000344,.000036000001,.000037099999,.000037400001,.000038400001,.000039400002,.000039400002,.000039400002,.000039400002,.000039400002,.000039400002,.000039400002,.000039400002,.000039400002,.000039400002
GLOMIS,LED-SSP2,LAM,Material Release|Infrastructure|Charging stations|Iron_steel,Mt/yr,low,4.6000000e-06,5.4000002e-06,5.5599999e-06,5.7299999e-06,6.0000002e-06,6.1800001e-06,6.2300001e-06,6.4000001e-06,6.5600002e-06,6.5600002e-06,6.5600002e-06,6.5600002e-06,6.5600002e-06,6.5600002e-06,6.5600002e-06,6.5600002e-06,6.5600002e-06,6.5600002e-06
GLOMIS,LED-SSP2,LAM,Material Release|Infrastructure|Fuel stations|Aluminum,Mt/yr,low,.00039984501,.00046925401,.00048313601,.00049859902,.00052202702,.00053715799,.00054138398,.00055634603,.00057029299,.00057029299,.00057029299,.00057029299,.00057029299,.00057029299,.00057029299,.00057029299,.00057029299,.00057029299
GLOMIS,LED-SSP2,LAM,Material Release|Infrastructure|Fuel stations|Concrete,Mt/yr,low,1.4932272,1.7524362,1.8042778,1.8620256,1.9495162,2.0060239,2.021805,2.077682,2.129766,2.129766,2.129766,2.129766,2.129766,2.129766,2.129766,2.129766,2.129766,2.129766
GLOMIS,LED-SSP2,LAM,Material Release|Infrastructure|Fuel stations|Iron_steel,Mt/yr,low,.059654824,.07001029,.07208138,.074388422,.077883691,.080141194,.080771647,.083003953,.085084721,.085084721,.085084721,.085084721,.085084721,.085084721,.085084721,.085084721,.085084721,.085084721
GLOMIS,LED-SSP2,LAM,Material Release|Infrastructure|Parking|Aluminum,Mt/yr,low,.000360854,.00042349499,.00043602299,.00044997799,.00047112099,.000484777,.00048858998,.00050209399,.00051468,.00051468,.00051468,.00051468,.00051468,.00051468,.00051468,.00051468,.00051468,.00051468
GLOMIS,LED-SSP2,LAM,Material Release|Infrastructure|Parking|Asphalt,Mt/yr,low,1.921844,2.2554562,2.3221788,2.3965025,2.5091064,2.5818343,2.602145,2.6740611,2.7410951,2.7410951,2.7410951,2.7410951,2.7410951,2.7410951,2.7410951,2.7410951,2.7410951,2.7410951
GLOMIS,LED-SSP2,LAM,Material Release|Infrastructure|Parking|Concrete,Mt/yr,low,1.0888445,1.2778567,1.315659,1.3577682,1.4215653,1.4627702,1.4742775,1.5150223,1.5530014,1.5530014,1.5530014,1.5530014,1.5530014,1.5530014,1.5530014,1.5530014,1.5530014,1.5530014
GLOMIS,LED-SSP2,LAM,Material Release|Infrastructure|Parking|Iron_steel,Mt/yr,low,.010510006,.012334435,.01269932,.013105775,.013721573,.014119301,.014230375,.014623662,.014990252,.014990252,.014990252,.014990252,.014990252,.014990252,.014990252,.014990252,.014990252,.014990252
GLOMIS,LED-SSP2,LAM,Material Release|Infrastructure|Rail|Aluminum,Mt/yr,low,.002756913,.0032354849,.0033311991,.003437818,.0035993501,.003703679,.0037328149,.0038359789,.0039321408,.0039321408,.0039321408,.0039321408,.0039321408,.0039321408,.0039321408,.0039321408,.0039321408,.0039321408
GLOMIS,LED-SSP2,LAM,Material Release|Infrastructure|Rail|Concrete,Mt/yr,low,.61839277,.72573936,.74720865,.77112383,.80735648,.83075815,.83729357,.860434,.88200361,.88200361,.88200361,.88200361,.88200361,.88200361,.88200361,.88200361,.88200361,.88200361
GLOMIS,LED-SSP2,LAM,Material Release|Infrastructure|Rail|Iron_steel,Mt/yr,low,.79036814,.9275679,.95500785,.98557389,1.0318828,1.0617925,1.0701455,1.0997212,1.1272894,1.1272894,1.1272894,1.1272894,1.1272894,1.1272894,1.1272894,1.1272894,1.1272894,1.1272894
GLOMIS,LED-SSP2,LAM,Material Release|Infrastructure|Roads|Aluminum,Mt/yr,low,0,0,0,0,0,0,0,0,0,0,0,0,0,0,0,0,0,0
GLOMIS,LED-SSP2,LAM,Material Release|Infrastructure|Roads|Asphalt,Mt/yr,low,221.31216,259.72968,267.41318,275.97202,288.93903,297.31412,299.65302,307.93457,315.65399,315.65399,315.65399,315.65399,315.65399,315.65399,315.65399,315.65399,315.65399,315.65399
GLOMIS,LED-SSP2,LAM,Material Release|Infrastructure|Roads|Concrete,Mt/yr,low,0,0,0,0,0,0,0,0,0,0,0,0,0,0,0,0,0,0
GLOMIS,LED-SSP2,LAM,Material Release|Infrastructure|Roads|Iron_steel,Mt/yr,low,0,0,0,0,0,0,0,0,0,0,0,0,0,0,0,0,0,0
GLOMIS,LED-SSP2,LAM,Material Release|Infrastructure|Tunnels|Aluminum,Mt/yr,low,.00023532999,.000276181,.000284351,.000293452,.00030724099,.000316146,.00031863301,.00032743899,.00033564799,.00033564799,.00033564799,.00033564799,.00033564799,.00033564799,.00033564799,.00033564799,.00033564799,.00033564799
GLOMIS,LED-SSP2,LAM,Material Release|Infrastructure|Tunnels|Asphalt,Mt/yr,low,.22961344,.26947197,.27744368,.28632355,.29977694,.30846617,.31089279,.31948498,.32749397,.32749397,.32749397,.32749397,.32749397,.32749397,.32749397,.32749397,.32749397,.32749397
GLOMIS,LED-SSP2,LAM,Material Release|Infrastructure|Tunnels|Concrete,Mt/yr,low,1.0545195,1.2375733,1.274184,1.3149656,1.3767515,1.4166574,1.4278021,1.4672625,1.5040442,1.5040442,1.5040442,1.5040442,1.5040442,1.5040442,1.5040442,1.5040442,1.5040442,1.5040442
GLOMIS,LED-SSP2,LAM,Material Release|Infrastructure|Tunnels|Iron_steel,Mt/yr,low,.052168157,.061224014,.063035183,.065052688,.068109304,.070083492,.070634827,.072586969,.074406601,.074406601,.074406601,.074406601,.074406601,.074406601,.074406601,.074406601,.074406601,.074406601
GLOMIS,LED-SSP2,MEA,Material Demand|Infrastructure|Bridges|Aluminum,Mt/yr,low,.00061395601,.00063866802,.00037785,.00055407803,.000532654,.00047911701,.00037773699,.00055261102,.00091501599,.00091501599,.00091501599,.00091501599,.00091501599,.00091501599,.00091501599,.00091501599,.00091501599,.00091501599
GLOMIS,LED-SSP2,MEA,Material Demand|Infrastructure|Bridges|Asphalt,Mt/yr,low,2.0935628,2.324697,1.9932426,2.4175122,2.5135429,2.5314801,2.4292181,2.8289683,3.6600113,3.6600113,3.6600113,3.6600113,3.6600113,3.6600113,3.6600113,3.6600113,3.6600113,3.6600113
GLOMIS,LED-SSP2,MEA,Material Demand|Infrastructure|Bridges|Concrete,Mt/yr,low,3.9942598,4.1550298,2.4582062,3.6047034,3.4653223,3.117023,2.4574728,3.5951612,5.9528861,5.9528861,5.9528861,5.9528861,5.9528861,5.9528861,5.9528861,5.9528861,5.9528861,5.9528861
GLOMIS,LED-SSP2,MEA,Material Demand|Infrastructure|Bridges|Iron_steel,Mt/yr,low,.703677,.73200011,.43306723,.63504803,.610493,.54913235,.43293804,.63336694,1.0487323,1.0487323,1.0487323,1.0487323,1.0487323,1.0487323,1.0487323,1.0487323,1.0487323,1.0487323
GLOMIS,LED-SSP2,MEA,Material Demand|Infrastructure|Buildings|Aluminum,Mt/yr,low,0,0,0,0,0,0,0,0,0,0,0,0,0,0,0,0,0,0
GLOMIS,LED-SSP2,MEA,Material Demand|Infrastructure|Buildings|Concrete,Mt/yr,low,.53158933,.55614924,.34233877,.49111918,.47621107,.4341749,.35163975,.49881914,.80388725,.80388725,.80388725,.80388725,.80388725,.80388725,.80388725,.80388725,.80388725,.80388725
GLOMIS,LED-SSP2,MEA,Material Demand|Infrastructure|Buildings|Iron_steel,Mt/yr,low,0,0,0,0,0,0,0,0,0,0,0,0,0,0,0,0,0,0
GLOMIS,LED-SSP2,MEA,Material Demand|Infrastructure|Charging stations|Aluminum,Mt/yr,low,1.1900000e-07,1.3499999e-07,1.2600000e-07,1.4699999e-07,1.5500000e-07,1.6000000e-07,1.5800001e-07,1.7700000e-07,2.1699999e-07,2.1699999e-07,2.1699999e-07,2.1699999e-07,2.1699999e-07,2.1699999e-07,2.1699999e-07,2.1699999e-07,2.1699999e-07,2.1699999e-07
GLOMIS,LED-SSP2,MEA,Material Demand|Infrastructure|Charging stations|Concrete,Mt/yr,low,.0000184,.0000208,.0000194,.0000227,.000024000001,.000024700001,.000024499999,.000027399999,.000033600001,.000033600001,.000033600001,.000033600001,.000033600001,.000033600001,.000033600001,.000033600001,.000033600001,.000033600001
GLOMIS,LED-SSP2,MEA,Material Demand|Infrastructure|Charging stations|Iron_steel,Mt/yr,low,3.0700000e-06,3.4699999e-06,3.2400001e-06,3.7800000e-06,4.0000000e-06,4.1200001e-06,4.0800001e-06,4.5699999e-06,5.6099998e-06,5.6099998e-06,5.6099998e-06,5.6099998e-06,5.6099998e-06,5.6099998e-06,5.6099998e-06,5.6099998e-06,5.6099998e-06,5.6099998e-06
GLOMIS,LED-SSP2,MEA,Material Demand|Infrastructure|Fuel stations|Aluminum,Mt/yr,low,.00034673599,.00037993299,.00030572899,.000382111,.000392163,.00038819501,.00036283399,.00043584299,.000587488,.000587488,.000587488,.000587488,.000587488,.000587488,.000587488,.000587488,.000587488,.000587488
GLOMIS,LED-SSP2,MEA,Material Demand|Infrastructure|Fuel stations|Concrete,Mt/yr,low,1.2948892,1.4188663,1.14175,1.4269971,1.4645395,1.449721,1.3550082,1.6276621,2.1939807,2.1939807,2.1939807,2.1939807,2.1939807,2.1939807,2.1939807,2.1939807,2.1939807,2.1939807
GLOMIS,LED-SSP2,MEA,Material Demand|Infrastructure|Fuel stations|Iron_steel,Mt/yr,low,.051731173,.056684084,.045613222,.057008915,.058508746,.057916742,.054132942,.065025531,.08765012,.08765012,.08765012,.08765012,.08765012,.08765012,.08765012,.08765012,.08765012,.08765012
GLOMIS,LED-SSP2,MEA,Material Demand|Infrastructure|Parking|Aluminum,Mt/yr,low,.00053119898,.00055999903,.00036251999,.00050606998,.00049607398,.00045988199,.00038446501,.00052583701,.00081894803,.00081894803,.00081894803,.00081894803,.00081894803,.00081894803,.00081894803,.00081894803,.00081894803,.00081894803
GLOMIS,LED-SSP2,MEA,Material Demand|Infrastructure|Parking|Asphalt,Mt/yr,low,2.4520867,2.7243316,2.3419232,2.8370104,2.9512465,2.9743426,2.8571024,3.3232639,4.2924104,4.2924104,4.2924104,4.2924104,4.2924104,4.2924104,4.2924104,4.2924104,4.2924104,4.2924104
GLOMIS,LED-SSP2,MEA,Material Demand|Infrastructure|Parking|Concrete,Mt/yr,low,2.130923,2.246454,1.4542611,2.0301156,1.9900194,1.844831,1.5422927,2.1094146,3.2852364,3.2852364,3.2852364,3.2852364,3.2852364,3.2852364,3.2852364,3.2852364,3.2852364,3.2852364
GLOMIS,LED-SSP2,MEA,Material Demand|Infrastructure|Parking|Iron_steel,Mt/yr,low,.024912564,.026263233,.017001728,.023734028,.023265265,.02156787,.018030904,.024661111,.038407613,.038407613,.038407613,.038407613,.038407613,.038407613,.038407613,.038407613,.038407613,.038407613
GLOMIS,LED-SSP2,MEA,Material Demand|Infrastructure|Rail|Aluminum,Mt/yr,low,.0029023241,.003100639,.002177276,.0029123209,.0029048689,.0027630411,.002418878,.0031364779,.004625068,.004625068,.004625068,.004625068,.004625068,.004625068,.004625068,.004625068,.004625068,.004625068
GLOMIS,LED-SSP2,MEA,Material Demand|Infrastructure|Rail|Concrete,Mt/yr,low,1.2997897,1.3876755,.97062492,1.3009278,1.2965211,1.2317363,1.0760657,1.3986819,2.0678976,2.0678976,2.0678976,2.0678976,2.0678976,2.0678976,2.0678976,2.0678976,2.0678976,2.0678976
GLOMIS,LED-SSP2,MEA,Material Demand|Infrastructure|Rail|Iron_steel,Mt/yr,low,.62921929,.68816513,.54857761,.68874729,.70549607,.69652379,.64834952,.78257567,1.0613405,1.0613405,1.0613405,1.0613405,1.0613405,1.0613405,1.0613405,1.0613405,1.0613405,1.0613405
GLOMIS,LED-SSP2,MEA,Material Demand|Infrastructure|Roads|Aluminum,Mt/yr,low,0,0,0,0,0,0,0,0,0,0,0,0,0,0,0,0,0,0
GLOMIS,LED-SSP2,MEA,Material Demand|Infrastructure|Roads|Asphalt,Mt/yr,low,199.6817,221.40388,188.56255,229.4176,238.20486,239.47455,229.18529,267.74551,347.89999,347.89999,347.89999,347.89999,347.89999,347.89999,347.89999,347.89999,347.89999,347.89999
GLOMIS,LED-SSP2,MEA,Material Demand|Infrastructure|Roads|Concrete,Mt/yr,low,0,0,0,0,0,0,0,0,0,0,0,0,0,0,0,0,0,0
GLOMIS,LED-SSP2,MEA,Material Demand|Infrastructure|Roads|Iron_steel,Mt/yr,low,0,0,0,0,0,0,0,0,0,0,0,0,0,0,0,0,0,0
GLOMIS,LED-SSP2,MEA,Material Demand|Infrastructure|Tunnels|Aluminum,Mt/yr,low,.00078161497,.00081307499,.000481033,.000705385,.00067810999,.00060995301,.00048088899,.000703517,.001164888,.001164888,.001164888,.001164888,.001164888,.001164888,.001164888,.001164888,.001164888,.001164888
GLOMIS,LED-SSP2,MEA,Material Demand|Infrastructure|Tunnels|Asphalt,Mt/yr,low,.39927137,.44338733,.38030905,.46118048,.47953567,.48300493,.46356094,.53975141,.69814503,.69814503,.69814503,.69814503,.69814503,.69814503,.69814503,.69814503,.69814503,.69814503
GLOMIS,LED-SSP2,MEA,Material Demand|Infrastructure|Tunnels|Concrete,Mt/yr,low,4.1222057,4.2881255,2.5369487,3.7201712,3.5763252,3.2168689,2.5361917,3.7103231,6.1435719,6.1435719,6.1435719,6.1435719,6.1435719,6.1435719,6.1435719,6.1435719,6.1435719,6.1435719
GLOMIS,LED-SSP2,MEA,Material Demand|Infrastructure|Tunnels|Iron_steel,Mt/yr,low,.1974263,.20537275,.121503,.17817152,.17128225,.15406668,.12146675,.17769985,.29423633,.29423633,.29423633,.29423633,.29423633,.29423633,.29423633,.29423633,.29423633,.29423633
GLOMIS,LED-SSP2,MEA,Material Release|Infrastructure|Bridges|Aluminum,Mt/yr,low,.00013948799,.0001642,.00017749101,.000194558,.000211677,.00022558399,.000234206,.00024837701,.000278085,.000278085,.000278085,.000278085,.000278085,.000278085,.000278085,.000278085,.000278085,.000278085
GLOMIS,LED-SSP2,MEA,Material Release|Infrastructure|Bridges|Asphalt,Mt/yr,low,1.3046589,1.5357932,1.660103,1.8197341,1.979851,2.1099288,2.1905665,2.3231151,2.6009779,2.6009779,2.6009779,2.6009779,2.6009779,2.6009779,2.6009779,2.6009779,2.6009779,2.6009779
GLOMIS,LED-SSP2,MEA,Material Release|Infrastructure|Bridges|Concrete,Mt/yr,low,.90748018,1.0682499,1.154716,1.2657504,1.3771228,1.4676008,1.5236899,1.6158866,1.8091593,1.8091593,1.8091593,1.8091593,1.8091593,1.8091593,1.8091593,1.8091593,1.8091593,1.8091593
GLOMIS,LED-SSP2,MEA,Material Release|Infrastructure|Bridges|Iron_steel,Mt/yr,low,.15987265,.18819579,.2034287,.22298986,.24261056,.25855026,.2684316,.28467408,.31872332,.31872332,.31872332,.31872332,.31872332,.31872332,.31872332,.31872332,.31872332,.31872332
GLOMIS,LED-SSP2,MEA,Material Release|Infrastructure|Buildings|Aluminum,Mt/yr,low,0,0,0,0,0,0,0,0,0,0,0,0,0,0,0,0,0,0
GLOMIS,LED-SSP2,MEA,Material Release|Infrastructure|Buildings|Concrete,Mt/yr,low,.13863075,.16319066,.17639959,.19336171,.21037546,.22419728,.2327657,.24685009,.27637529,.27637529,.27637529,.27637529,.27637529,.27637529,.27637529,.27637529,.27637529,.27637529
GLOMIS,LED-SSP2,MEA,Material Release|Infrastructure|Buildings|Iron_steel,Mt/yr,low,0,0,0,0,0,0,0,0,0,0,0,0,0,0,0,0,0,0
GLOMIS,LED-SSP2,MEA,Material Release|Infrastructure|Charging stations|Aluminum,Mt/yr,low,8.8699998e-08,1.0400000e-07,1.1300000e-07,1.2400000e-07,1.3499999e-07,1.4299999e-07,1.4900000e-07,1.5800001e-07,1.7700000e-07,1.7700000e-07,1.7700000e-07,1.7700000e-07,1.7700000e-07,1.7700000e-07,1.7700000e-07,1.7700000e-07,1.7700000e-07,1.7700000e-07
GLOMIS,LED-SSP2,MEA,Material Release|Infrastructure|Charging stations|Concrete,Mt/yr,low,.0000137,.0000162,.0000175,.000019200001,.0000208,.0000222,.000023099999,.000024499999,.000027399999,.000027399999,.000027399999,.000027399999,.000027399999,.000027399999,.000027399999,.000027399999,.000027399999,.000027399999
GLOMIS,LED-SSP2,MEA,Material Release|Infrastructure|Charging stations|Iron_steel,Mt/yr,low,2.2900001e-06,2.6900000e-06,2.9099999e-06,3.1899999e-06,3.4699999e-06,3.7000000e-06,3.8399999e-06,4.0700002e-06,4.5600000e-06,4.5600000e-06,4.5600000e-06,4.5600000e-06,4.5600000e-06,4.5600000e-06,4.5600000e-06,4.5600000e-06,4.5600000e-06,4.5600000e-06
GLOMIS,LED-SSP2,MEA,Material Release|Infrastructure|Fuel stations|Aluminum,Mt/yr,low,.00018738701,.000220585,.000238439,.00026136701,.00028436401,.00030304701,.000314629,.00033366701,.00037357601,.00037357601,.00037357601,.00037357601,.00037357601,.00037357601,.00037357601,.00037357601,.00037357601,.00037357601
GLOMIS,LED-SSP2,MEA,Material Release|Infrastructure|Fuel stations|Concrete,Mt/yr,low,.69979978,.82377678,.89045471,.97607845,1.0619628,1.1317346,1.1749874,1.2460846,1.3951261,1.3951261,1.3951261,1.3951261,1.3951261,1.3951261,1.3951261,1.3951261,1.3951261,1.3951261
GLOMIS,LED-SSP2,MEA,Material Release|Infrastructure|Fuel stations|Iron_steel,Mt/yr,low,.027957188,.032910101,.035573903,.038994595,.0424257,.0452131,.046941064,.049781412,.055735663,.055735663,.055735663,.055735663,.055735663,.055735663,.055735663,.055735663,.055735663,.055735663
GLOMIS,LED-SSP2,MEA,Material Release|Infrastructure|Parking|Aluminum,Mt/yr,low,.000162563,.00019136201,.000206852,.00022674201,.000246693,.00026290101,.000272948,.00028946399,.000324086,.000324086,.000324086,.000324086,.000324086,.000324086,.000324086,.000324086,.000324086,.000324086
GLOMIS,LED-SSP2,MEA,Material Release|Infrastructure|Parking|Asphalt,Mt/yr,low,1.5367124,1.8089573,1.9553776,2.1434016,2.3319979,2.4852118,2.5801921,2.7363167,3.0636015,3.0636015,3.0636015,3.0636015,3.0636015,3.0636015,3.0636015,3.0636015,3.0636015,3.0636015
GLOMIS,LED-SSP2,MEA,Material Release|Infrastructure|Parking|Concrete,Mt/yr,low,.65212578,.7676568,.82979232,.90958291,.98961645,1.0546349,1.0949413,1.1611949,1.3000829,1.3000829,1.3000829,1.3000829,1.3000829,1.3000829,1.3000829,1.3000829,1.3000829,1.3000829
GLOMIS,LED-SSP2,MEA,Material Release|Infrastructure|Parking|Iron_steel,Mt/yr,low,.0076239859,.0089746565,.0097010797,.01063391,.01156958,.01232971,.01280093,.013575499,.015199235,.015199235,.015199235,.015199235,.015199235,.015199235,.015199235,.015199235,.015199235,.015199235
GLOMIS,LED-SSP2,MEA,Material Release|Infrastructure|Rail|Aluminum,Mt/yr,low,.00111941,.001317726,.001424385,.00156135,.001698732,.00181034,.001879528,.0019932559,.002231665,.002231665,.002231665,.002231665,.002231665,.002231665,.002231665,.002231665,.002231665,.002231665
GLOMIS,LED-SSP2,MEA,Material Release|Infrastructure|Rail|Concrete,Mt/yr,low,.49608004,.5839659,.63123316,.69193083,.75281328,.80227369,.83293515,.88333511,.98898888,.98898888,.98898888,.98898888,.98898888,.98898888,.98898888,.98898888,.98898888,.98898888
GLOMIS,LED-SSP2,MEA,Material Release|Infrastructure|Rail|Iron_steel,Mt/yr,low,.33272529,.39167112,.42337367,.46408415,.50491858,.53809208,.55865699,.59246069,.66332364,.66332364,.66332364,.66332364,.66332364,.66332364,.66332364,.66332364,.66332364,.66332364
GLOMIS,LED-SSP2,MEA,Material Release|Infrastructure|Roads|Aluminum,Mt/yr,low,0,0,0,0,0,0,0,0,0,0,0,0,0,0,0,0,0,0
GLOMIS,LED-SSP2,MEA,Material Release|Infrastructure|Roads|Asphalt,Mt/yr,low,122.61288,144.33505,156.01779,171.02005,186.06798,198.29279,205.87117,218.3282,244.44197,244.44197,244.44197,244.44197,244.44197,244.44197,244.44197,244.44197,244.44197,244.44197
GLOMIS,LED-SSP2,MEA,Material Release|Infrastructure|Roads|Concrete,Mt/yr,low,0,0,0,0,0,0,0,0,0,0,0,0,0,0,0,0,0,0
GLOMIS,LED-SSP2,MEA,Material Release|Infrastructure|Roads|Iron_steel,Mt/yr,low,0,0,0,0,0,0,0,0,0,0,0,0,0,0,0,0,0,0
GLOMIS,LED-SSP2,MEA,Material Release|Infrastructure|Tunnels|Aluminum,Mt/yr,low,.00017758,.00020903999,.00022596,.000247688,.000269482,.00028718699,.00029816301,.00031620401,.000354024,.000354024,.000354024,.000354024,.000354024,.000354024,.000354024,.000354024,.000354024,.000354024
GLOMIS,LED-SSP2,MEA,Material Release|Infrastructure|Tunnels|Asphalt,Mt/yr,low,.24901661,.29313254,.31685925,.34732756,.37788865,.40271622,.41810733,.44340649,.49644139,.49644139,.49644139,.49644139,.49644139,.49644139,.49644139,.49644139,.49644139,.49644139
GLOMIS,LED-SSP2,MEA,Material Release|Infrastructure|Tunnels|Concrete,Mt/yr,low,.93654901,1.1024686,1.1917044,1.3062955,1.4212354,1.5146117,1.5724975,1.6676475,1.8671112,1.8671112,1.8671112,1.8671112,1.8671112,1.8671112,1.8671112,1.8671112,1.8671112,1.8671112
GLOMIS,LED-SSP2,MEA,Material Release|Infrastructure|Tunnels|Iron_steel,Mt/yr,low,.044854484,.052800931,.057074733,.06256289,.068067744,.072539851,.075312197,.079869248,.089422241,.089422241,.089422241,.089422241,.089422241,.089422241,.089422241,.089422241,.089422241,.089422241
GLOMIS,LED-SSP2,NAM,Material Demand|Infrastructure|Bridges|Aluminum,Mt/yr,low,.00085571897,.000878922,.000438066,.000438066,.000438066,.000438066,.000438066,.000438066,.000438066,.000438066,.000438066,.000438066,.000438066,.000438066,.000438066,.000438066,.000438066,.000438066
GLOMIS,LED-SSP2,NAM,Material Demand|Infrastructure|Bridges|Asphalt,Mt/yr,low,9.7841034,10.247989,8.7580452,8.7580452,8.7580452,8.7580452,8.7580452,8.7580452,8.7580452,8.7580452,8.7580452,8.7580452,8.7580452,8.7580452,8.7580452,8.7580452,8.7580452,8.7580452
GLOMIS,LED-SSP2,NAM,Material Demand|Infrastructure|Bridges|Concrete,Mt/yr,low,11.076604,11.376947,5.6704183,5.6704183,5.6704183,5.6704183,5.6704183,5.6704183,5.6704183,5.6704183,5.6704183,5.6704183,5.6704183,5.6704183,5.6704183,5.6704183,5.6704183,5.6704183
GLOMIS,LED-SSP2,NAM,Material Demand|Infrastructure|Bridges|Iron_steel,Mt/yr,low,2.1640749,2.222754,1.1078495,1.1078495,1.1078495,1.1078495,1.1078495,1.1078495,1.1078495,1.1078495,1.1078495,1.1078495,1.1078495,1.1078495,1.1078495,1.1078495,1.1078495,1.1078495
GLOMIS,LED-SSP2,NAM,Material Demand|Infrastructure|Buildings|Aluminum,Mt/yr,low,0,0,0,0,0,0,0,0,0,0,0,0,0,0,0,0,0,0
GLOMIS,LED-SSP2,NAM,Material Demand|Infrastructure|Buildings|Concrete,Mt/yr,low,.79081237,.81429267,.44330335,.44330335,.44330335,.44330335,.44330335,.44330335,.44330335,.44330335,.44330335,.44330335,.44330335,.44330335,.44330335,.44330335,.44330335,.44330335
GLOMIS,LED-SSP2,NAM,Material Demand|Infrastructure|Buildings|Iron_steel,Mt/yr,low,0,0,0,0,0,0,0,0,0,0,0,0,0,0,0,0,0,0
GLOMIS,LED-SSP2,NAM,Material Demand|Infrastructure|Charging stations|Aluminum,Mt/yr,low,3.0399999e-06,3.2000000e-06,2.9299999e-06,2.9299999e-06,2.9299999e-06,2.9299999e-06,2.9299999e-06,2.9299999e-06,2.9299999e-06,2.9299999e-06,2.9299999e-06,2.9299999e-06,2.9299999e-06,2.9299999e-06,2.9299999e-06,2.9299999e-06,2.9299999e-06,2.9299999e-06
GLOMIS,LED-SSP2,NAM,Material Demand|Infrastructure|Charging stations|Concrete,Mt/yr,low,.00047092899,.00049495598,.00045363,.00045363,.00045363,.00045363,.00045363,.00045363,.00045363,.00045363,.00045363,.00045363,.00045363,.00045363,.00045363,.00045363,.00045363,.00045363
GLOMIS,LED-SSP2,NAM,Material Demand|Infrastructure|Charging stations|Iron_steel,Mt/yr,low,.000078500001,.000082500002,.000075600001,.000075600001,.000075600001,.000075600001,.000075600001,.000075600001,.000075600001,.000075600001,.000075600001,.000075600001,.000075600001,.000075600001,.000075600001,.000075600001,.000075600001,.000075600001
GLOMIS,LED-SSP2,NAM,Material Demand|Infrastructure|Fuel stations|Aluminum,Mt/yr,low,.00061809702,.00064559199,.00051911199,.00051911199,.00051911199,.00051911199,.00051911199,.00051911199,.00051911199,.00051911199,.00051911199,.00051911199,.00051911199,.00051911199,.00051911199,.00051911199,.00051911199,.00051911199
GLOMIS,LED-SSP2,NAM,Material Demand|Infrastructure|Fuel stations|Concrete,Mt/yr,low,2.3082902,2.4109733,1.9386315,1.9386315,1.9386315,1.9386315,1.9386315,1.9386315,1.9386315,1.9386315,1.9386315,1.9386315,1.9386315,1.9386315,1.9386315,1.9386315,1.9386315,1.9386315
GLOMIS,LED-SSP2,NAM,Material Demand|Infrastructure|Fuel stations|Iron_steel,Mt/yr,low,.09221682,.096319035,.077448852,.077448852,.077448852,.077448852,.077448852,.077448852,.077448852,.077448852,.077448852,.077448852,.077448852,.077448852,.077448852,.077448852,.077448852,.077448852
GLOMIS,LED-SSP2,NAM,Material Demand|Infrastructure|Parking|Aluminum,Mt/yr,low,.00148098,.001529569,.00091734802,.00091734802,.00091734802,.00091734802,.00091734802,.00091734802,.00091734802,.00091734802,.00091734802,.00091734802,.00091734802,.00091734802,.00091734802,.00091734802,.00091734802,.00091734802
GLOMIS,LED-SSP2,NAM,Material Demand|Infrastructure|Parking|Asphalt,Mt/yr,low,32.23278,33.764603,28.920486,28.920486,28.920486,28.920486,28.920486,28.920486,28.920486,28.920486,28.920486,28.920486,28.920486,28.920486,28.920486,28.920486,28.920486,28.920486
GLOMIS,LED-SSP2,NAM,Material Demand|Infrastructure|Parking|Concrete,Mt/yr,low,21.796461,22.511574,13.501157,13.501157,13.501157,13.501157,13.501157,13.501157,13.501157,13.501157,13.501157,13.501157,13.501157,13.501157,13.501157,13.501157,13.501157,13.501157
GLOMIS,LED-SSP2,NAM,Material Demand|Infrastructure|Parking|Iron_steel,Mt/yr,low,.35292676,.36450583,.21860978,.21860978,.21860978,.21860978,.21860978,.21860978,.21860978,.21860978,.21860978,.21860978,.21860978,.21860978,.21860978,.21860978,.21860978,.21860978
GLOMIS,LED-SSP2,NAM,Material Demand|Infrastructure|Rail|Aluminum,Mt/yr,low,.003616126,.0037468739,.0024684879,.0024684879,.0024684879,.0024684879,.0024684879,.0024684879,.0024684879,.0024684879,.0024684879,.0024684879,.0024684879,.0024684879,.0024684879,.0024684879,.0024684879,.0024684879
GLOMIS,LED-SSP2,NAM,Material Demand|Infrastructure|Rail|Concrete,Mt/yr,low,2.0610826,2.1361849,1.4179142,1.4179142,1.4179142,1.4179142,1.4179142,1.4179142,1.4179142,1.4179142,1.4179142,1.4179142,1.4179142,1.4179142,1.4179142,1.4179142,1.4179142,1.4179142
GLOMIS,LED-SSP2,NAM,Material Demand|Infrastructure|Rail|Iron_steel,Mt/yr,low,5.7149038,5.9683342,4.7847095,4.7847095,4.7847095,4.7847095,4.7847095,4.7847095,4.7847095,4.7847095,4.7847095,4.7847095,4.7847095,4.7847095,4.7847095,4.7847095,4.7847095,4.7847095
GLOMIS,LED-SSP2,NAM,Material Demand|Infrastructure|Roads|Aluminum,Mt/yr,low,0,0,0,0,0,0,0,0,0,0,0,0,0,0,0,0,0,0
GLOMIS,LED-SSP2,NAM,Material Demand|Infrastructure|Roads|Asphalt,Mt/yr,low,565.93921,592.56042,502.60162,502.60162,502.60162,502.60162,502.60162,502.60162,502.60162,502.60162,502.60162,502.60162,502.60162,502.60162,502.60162,502.60162,502.60162,502.60162
GLOMIS,LED-SSP2,NAM,Material Demand|Infrastructure|Roads|Concrete,Mt/yr,low,99.543747,103.87932,81.854607,81.854607,81.854607,81.854607,81.854607,81.854607,81.854607,81.854607,81.854607,81.854607,81.854607,81.854607,81.854607,81.854607,81.854607,81.854607
GLOMIS,LED-SSP2,NAM,Material Demand|Infrastructure|Roads|Iron_steel,Mt/yr,low,0,0,0,0,0,0,0,0,0,0,0,0,0,0,0,0,0,0
GLOMIS,LED-SSP2,NAM,Material Demand|Infrastructure|Runways|Aluminum,Mt/yr,low,0,0,0,0,0,0,0,0,0,0,0,0,0,0,0,0,0,0
GLOMIS,LED-SSP2,NAM,Material Demand|Infrastructure|Runways|Concrete,Mt/yr,low,1.3571957,1.3939962,.69478589,.69478589,.69478589,.69478589,.69478589,.69478589,.69478589,.69478589,.69478589,.69478589,.69478589,.69478589,.69478589,.69478589,.69478589,.69478589
GLOMIS,LED-SSP2,NAM,Material Demand|Infrastructure|Runways|Iron_steel,Mt/yr,low,0,0,0,0,0,0,0,0,0,0,0,0,0,0,0,0,0,0
GLOMIS,LED-SSP2,NAM,Material Demand|Infrastructure|Tunnels|Aluminum,Mt/yr,low,.00082706002,.00084948598,.00042339499,.00042339499,.00042339499,.00042339499,.00042339499,.00042339499,.00042339499,.00042339499,.00042339499,.00042339499,.00042339499,.00042339499,.00042339499,.00042339499,.00042339499,.00042339499
GLOMIS,LED-SSP2,NAM,Material Demand|Infrastructure|Tunnels|Asphalt,Mt/yr,low,.25673276,.26885134,.22879636,.22879636,.22879636,.22879636,.22879636,.22879636,.22879636,.22879636,.22879636,.22879636,.22879636,.22879636,.22879636,.22879636,.22879636,.22879636
GLOMIS,LED-SSP2,NAM,Material Demand|Infrastructure|Tunnels|Concrete,Mt/yr,low,3.6009116,3.6985507,1.8434057,1.8434057,1.8434057,1.8434057,1.8434057,1.8434057,1.8434057,1.8434057,1.8434057,1.8434057,1.8434057,1.8434057,1.8434057,1.8434057,1.8434057,1.8434057
GLOMIS,LED-SSP2,NAM,Material Demand|Infrastructure|Tunnels|Iron_steel,Mt/yr,low,.17407711,.17879723,.08911486,.08911486,.08911486,.08911486,.08911486,.08911486,.08911486,.08911486,.08911486,.08911486,.08911486,.08911486,.08911486,.08911486,.08911486,.08911486
GLOMIS,LED-SSP2,NAM,Material Release|Infrastructure|Bridges|Aluminum,Mt/yr,low,.000410223,.000433426,.000438066,.000438066,.000438066,.000438066,.000438066,.000438066,.000438066,.000438066,.000438066,.000438066,.000438066,.000438066,.000438066,.000438066,.000438066,.000438066
GLOMIS,LED-SSP2,NAM,Material Release|Infrastructure|Bridges|Asphalt,Mt/yr,low,8.2013826,8.6652679,8.7580452,8.7580452,8.7580452,8.7580452,8.7580452,8.7580452,8.7580452,8.7580452,8.7580452,8.7580452,8.7580452,8.7580452,8.7580452,8.7580452,8.7580452,8.7580452
GLOMIS,LED-SSP2,NAM,Material Release|Infrastructure|Bridges|Concrete,Mt/yr,low,5.3100061,5.6103497,5.6704183,5.6704183,5.6704183,5.6704183,5.6704183,5.6704183,5.6704183,5.6704183,5.6704183,5.6704183,5.6704183,5.6704183,5.6704183,5.6704183,5.6704183,5.6704183
GLOMIS,LED-SSP2,NAM,Material Release|Infrastructure|Bridges|Iron_steel,Mt/yr,low,1.0374345,1.0961137,1.1078495,1.1078495,1.1078495,1.1078495,1.1078495,1.1078495,1.1078495,1.1078495,1.1078495,1.1078495,1.1078495,1.1078495,1.1078495,1.1078495,1.1078495,1.1078495
GLOMIS,LED-SSP2,NAM,Material Release|Infrastructure|Buildings|Aluminum,Mt/yr,low,0,0,0,0,0,0,0,0,0,0,0,0,0,0,0,0,0,0
GLOMIS,LED-SSP2,NAM,Material Release|Infrastructure|Buildings|Concrete,Mt/yr,low,.41512695,.43860728,.44330335,.44330335,.44330335,.44330335,.44330335,.44330335,.44330335,.44330335,.44330335,.44330335,.44330335,.44330335,.44330335,.44330335,.44330335,.44330335
GLOMIS,LED-SSP2,NAM,Material Release|Infrastructure|Buildings|Iron_steel,Mt/yr,low,0,0,0,0,0,0,0,0,0,0,0,0,0,0,0,0,0,0
GLOMIS,LED-SSP2,NAM,Material Release|Infrastructure|Charging stations|Aluminum,Mt/yr,low,2.7399999e-06,2.9000000e-06,2.9299999e-06,2.9299999e-06,2.9299999e-06,2.9299999e-06,2.9299999e-06,2.9299999e-06,2.9299999e-06,2.9299999e-06,2.9299999e-06,2.9299999e-06,2.9299999e-06,2.9299999e-06,2.9299999e-06,2.9299999e-06,2.9299999e-06,2.9299999e-06
GLOMIS,LED-SSP2,NAM,Material Release|Infrastructure|Charging stations|Concrete,Mt/yr,low,.00042479701,.00044882399,.00045363,.00045363,.00045363,.00045363,.00045363,.00045363,.00045363,.00045363,.00045363,.00045363,.00045363,.00045363,.00045363,.00045363,.00045363,.00045363
GLOMIS,LED-SSP2,NAM,Material Release|Infrastructure|Charging stations|Iron_steel,Mt/yr,low,.000070800001,.000074800002,.000075600001,.000075600001,.000075600001,.000075600001,.000075600001,.000075600001,.000075600001,.000075600001,.000075600001,.000075600001,.000075600001,.000075600001,.000075600001,.000075600001,.000075600001,.000075600001
GLOMIS,LED-SSP2,NAM,Material Release|Infrastructure|Fuel stations|Aluminum,Mt/yr,low,.000486117,.00051361299,.00051911199,.00051911199,.00051911199,.00051911199,.00051911199,.00051911199,.00051911199,.00051911199,.00051911199,.00051911199,.00051911199,.00051911199,.00051911199,.00051911199,.00051911199,.00051911199
GLOMIS,LED-SSP2,NAM,Material Release|Infrastructure|Fuel stations|Concrete,Mt/yr,low,1.8154119,1.918095,1.9386315,1.9386315,1.9386315,1.9386315,1.9386315,1.9386315,1.9386315,1.9386315,1.9386315,1.9386315,1.9386315,1.9386315,1.9386315,1.9386315,1.9386315,1.9386315
GLOMIS,LED-SSP2,NAM,Material Release|Infrastructure|Fuel stations|Iron_steel,Mt/yr,low,.072526187,.076628402,.077448852,.077448852,.077448852,.077448852,.077448852,.077448852,.077448852,.077448852,.077448852,.077448852,.077448852,.077448852,.077448852,.077448852,.077448852,.077448852
GLOMIS,LED-SSP2,NAM,Material Release|Infrastructure|Parking|Aluminum,Mt/yr,low,.00085904199,.00090763101,.00091734802,.00091734802,.00091734802,.00091734802,.00091734802,.00091734802,.00091734802,.00091734802,.00091734802,.00091734802,.00091734802,.00091734802,.00091734802,.00091734802,.00091734802,.00091734802
GLOMIS,LED-SSP2,NAM,Material Release|Infrastructure|Parking|Asphalt,Mt/yr,low,27.082298,28.614122,28.920486,28.920486,28.920486,28.920486,28.920486,28.920486,28.920486,28.920486,28.920486,28.920486,28.920486,28.920486,28.920486,28.920486,28.920486,28.920486
GLOMIS,LED-SSP2,NAM,Material Release|Infrastructure|Parking|Concrete,Mt/yr,low,12.643023,13.358135,13.501157,13.501157,13.501157,13.501157,13.501157,13.501157,13.501157,13.501157,13.501157,13.501157,13.501157,13.501157,13.501157,13.501157,13.501157,13.501157
GLOMIS,LED-SSP2,NAM,Material Release|Infrastructure|Parking|Iron_steel,Mt/yr,low,.20471491,.21629398,.21860978,.21860978,.21860978,.21860978,.21860978,.21860978,.21860978,.21860978,.21860978,.21860978,.21860978,.21860978,.21860978,.21860978,.21860978,.21860978
GLOMIS,LED-SSP2,NAM,Material Release|Infrastructure|Rail|Aluminum,Mt/yr,low,.0023115911,.002442338,.0024684879,.0024684879,.0024684879,.0024684879,.0024684879,.0024684879,.0024684879,.0024684879,.0024684879,.0024684879,.0024684879,.0024684879,.0024684879,.0024684879,.0024684879,.0024684879
GLOMIS,LED-SSP2,NAM,Material Release|Infrastructure|Rail|Concrete,Mt/yr,low,1.3277913,1.4028937,1.4179142,1.4179142,1.4179142,1.4179142,1.4179142,1.4179142,1.4179142,1.4179142,1.4179142,1.4179142,1.4179142,1.4179142,1.4179142,1.4179142,1.4179142,1.4179142
GLOMIS,LED-SSP2,NAM,Material Release|Infrastructure|Rail|Iron_steel,Mt/yr,low,4.4805927,4.7340231,4.7847095,4.7847095,4.7847095,4.7847095,4.7847095,4.7847095,4.7847095,4.7847095,4.7847095,4.7847095,4.7847095,4.7847095,4.7847095,4.7847095,4.7847095,4.7847095
GLOMIS,LED-SSP2,NAM,Material Release|Infrastructure|Roads|Aluminum,Mt/yr,low,0,0,0,0,0,0,0,0,0,0,0,0,0,0,0,0,0,0
GLOMIS,LED-SSP2,NAM,Material Release|Infrastructure|Roads|Asphalt,Mt/yr,low,470.65622,497.2774,502.60162,502.60162,502.60162,502.60162,502.60162,502.60162,502.60162,502.60162,502.60162,502.60162,502.60162,502.60162,502.60162,502.60162,502.60162,502.60162
GLOMIS,LED-SSP2,NAM,Material Release|Infrastructure|Roads|Concrete,Mt/yr,low,76.651924,80.987495,81.854607,81.854607,81.854607,81.854607,81.854607,81.854607,81.854607,81.854607,81.854607,81.854607,81.854607,81.854607,81.854607,81.854607,81.854607,81.854607
GLOMIS,LED-SSP2,NAM,Material Release|Infrastructure|Roads|Iron_steel,Mt/yr,low,0,0,0,0,0,0,0,0,0,0,0,0,0,0,0,0,0,0
GLOMIS,LED-SSP2,NAM,Material Release|Infrastructure|Runways|Aluminum,Mt/yr,low,0,0,0,0,0,0,0,0,0,0,0,0,0,0,0,0,0,0
GLOMIS,LED-SSP2,NAM,Material Release|Infrastructure|Runways|Concrete,Mt/yr,low,.65062517,.68742573,.69478589,.69478589,.69478589,.69478589,.69478589,.69478589,.69478589,.69478589,.69478589,.69478589,.69478589,.69478589,.69478589,.69478589,.69478589,.69478589
GLOMIS,LED-SSP2,NAM,Material Release|Infrastructure|Runways|Iron_steel,Mt/yr,low,0,0,0,0,0,0,0,0,0,0,0,0,0,0,0,0,0,0
GLOMIS,LED-SSP2,NAM,Material Release|Infrastructure|Tunnels|Aluminum,Mt/yr,low,.00039648401,.00041891,.00042339499,.00042339499,.00042339499,.00042339499,.00042339499,.00042339499,.00042339499,.00042339499,.00042339499,.00042339499,.00042339499,.00042339499,.00042339499,.00042339499,.00042339499,.00042339499
GLOMIS,LED-SSP2,NAM,Material Release|Infrastructure|Tunnels|Asphalt,Mt/yr,low,.21425405,.22637263,.22879636,.22879636,.22879636,.22879636,.22879636,.22879636,.22879636,.22879636,.22879636,.22879636,.22879636,.22879636,.22879636,.22879636,.22879636,.22879636
GLOMIS,LED-SSP2,NAM,Material Release|Infrastructure|Tunnels|Concrete,Mt/yr,low,1.7262387,1.8238779,1.8434057,1.8434057,1.8434057,1.8434057,1.8434057,1.8434057,1.8434057,1.8434057,1.8434057,1.8434057,1.8434057,1.8434057,1.8434057,1.8434057,1.8434057,1.8434057
GLOMIS,LED-SSP2,NAM,Material Release|Infrastructure|Tunnels|Iron_steel,Mt/yr,low,.083450712,.088170834,.08911486,.08911486,.08911486,.08911486,.08911486,.08911486,.08911486,.08911486,.08911486,.08911486,.08911486,.08911486,.08911486,.08911486,.08911486,.08911486
GLOMIS,LED-SSP2,PAO,Material Demand|Infrastructure|Bridges|Aluminum,Mt/yr,low,.000037000002,.0000382,.000015899999,.000015899999,.000015899999,.000015899999,.000015899999,.000015899999,.000015899999,.000015899999,.000015899999,.000015899999,.000015899999,.000015899999,.000015899999,.000015899999,.000015899999,.000015899999
GLOMIS,LED-SSP2,PAO,Material Demand|Infrastructure|Bridges|Asphalt,Mt/yr,low,3.5321643,3.7553954,3.0391462,3.0391462,3.0391462,3.0391462,3.0391462,3.0391462,3.0391462,3.0391462,3.0391462,3.0391462,3.0391462,3.0391462,3.0391462,3.0391462,3.0391462,3.0391462
GLOMIS,LED-SSP2,PAO,Material Demand|Infrastructure|Bridges|Concrete,Mt/yr,low,3.8032477,3.9235489,1.6378241,1.6378241,1.6378241,1.6378241,1.6378241,1.6378241,1.6378241,1.6378241,1.6378241,1.6378241,1.6378241,1.6378241,1.6378241,1.6378241,1.6378241,1.6378241
GLOMIS,LED-SSP2,PAO,Material Demand|Infrastructure|Bridges|Iron_steel,Mt/yr,low,1.5959494,1.6464313,.68727696,.68727696,.68727696,.68727696,.68727696,.68727696,.68727696,.68727696,.68727696,.68727696,.68727696,.68727696,.68727696,.68727696,.68727696,.68727696
GLOMIS,LED-SSP2,PAO,Material Demand|Infrastructure|Buildings|Aluminum,Mt/yr,low,0,0,0,0,0,0,0,0,0,0,0,0,0,0,0,0,0,0
GLOMIS,LED-SSP2,PAO,Material Demand|Infrastructure|Buildings|Concrete,Mt/yr,low,1.3452568,1.392601,.64456147,.64456147,.64456147,.64456147,.64456147,.64456147,.64456147,.64456147,.64456147,.64456147,.64456147,.64456147,.64456147,.64456147,.64456147,.64456147
GLOMIS,LED-SSP2,PAO,Material Demand|Infrastructure|Buildings|Iron_steel,Mt/yr,low,0,0,0,0,0,0,0,0,0,0,0,0,0,0,0,0,0,0
GLOMIS,LED-SSP2,PAO,Material Demand|Infrastructure|Charging stations|Aluminum,Mt/yr,low,5.8199998e-07,6.2300001e-07,5.5300001e-07,5.5300001e-07,5.5300001e-07,5.5300001e-07,5.5300001e-07,5.5300001e-07,5.5300001e-07,5.5300001e-07,5.5300001e-07,5.5300001e-07,5.5300001e-07,5.5300001e-07,5.5300001e-07,5.5300001e-07,5.5300001e-07,5.5300001e-07
GLOMIS,LED-SSP2,PAO,Material Demand|Infrastructure|Charging stations|Concrete,Mt/yr,low,.000090100002,.000096399999,.000085599997,.000085599997,.000085599997,.000085599997,.000085599997,.000085599997,.000085599997,.000085599997,.000085599997,.000085599997,.000085599997,.000085599997,.000085599997,.000085599997,.000085599997,.000085599997
GLOMIS,LED-SSP2,PAO,Material Demand|Infrastructure|Charging stations|Iron_steel,Mt/yr,low,.000015,.000016100001,.0000143,.0000143,.0000143,.0000143,.0000143,.0000143,.0000143,.0000143,.0000143,.0000143,.0000143,.0000143,.0000143,.0000143,.0000143,.0000143
GLOMIS,LED-SSP2,PAO,Material Demand|Infrastructure|Fuel stations|Aluminum,Mt/yr,low,.000205296,.000217222,.00016236299,.00016236299,.00016236299,.00016236299,.00016236299,.00016236299,.00016236299,.00016236299,.00016236299,.00016236299,.00016236299,.00016236299,.00016236299,.00016236299,.00016236299,.00016236299
GLOMIS,LED-SSP2,PAO,Material Demand|Infrastructure|Fuel stations|Concrete,Mt/yr,low,.76668137,.81121874,.60634691,.60634691,.60634691,.60634691,.60634691,.60634691,.60634691,.60634691,.60634691,.60634691,.60634691,.60634691,.60634691,.60634691,.60634691,.60634691
GLOMIS,LED-SSP2,PAO,Material Demand|Infrastructure|Fuel stations|Iron_steel,Mt/yr,low,.030629126,.032408405,.024223723,.024223723,.024223723,.024223723,.024223723,.024223723,.024223723,.024223723,.024223723,.024223723,.024223723,.024223723,.024223723,.024223723,.024223723,.024223723
GLOMIS,LED-SSP2,PAO,Material Demand|Infrastructure|Parking|Aluminum,Mt/yr,low,.000914876,.00095115998,.00049398199,.00049398199,.00049398199,.00049398199,.00049398199,.00049398199,.00049398199,.00049398199,.00049398199,.00049398199,.00049398199,.00049398199,.00049398199,.00049398199,.00049398199,.00049398199
GLOMIS,LED-SSP2,PAO,Material Demand|Infrastructure|Parking|Asphalt,Mt/yr,low,5.2187309,5.5495191,4.5034623,4.5034623,4.5034623,4.5034623,4.5034623,4.5034623,4.5034623,4.5034623,4.5034623,4.5034623,4.5034623,4.5034623,4.5034623,4.5034623,4.5034623,4.5034623
GLOMIS,LED-SSP2,PAO,Material Demand|Infrastructure|Parking|Concrete,Mt/yr,low,4.4672866,4.6444588,2.4120867,2.4120867,2.4120867,2.4120867,2.4120867,2.4120867,2.4120867,2.4120867,2.4120867,2.4120867,2.4120867,2.4120867,2.4120867,2.4120867,2.4120867,2.4120867
GLOMIS,LED-SSP2,PAO,Material Demand|Infrastructure|Parking|Iron_steel,Mt/yr,low,.057159748,.059426703,.030863093,.030863093,.030863093,.030863093,.030863093,.030863093,.030863093,.030863093,.030863093,.030863093,.030863093,.030863093,.030863093,.030863093,.030863093,.030863093
GLOMIS,LED-SSP2,PAO,Material Demand|Infrastructure|Rail|Aluminum,Mt/yr,low,.0021704689,.0022765,.001443545,.001443545,.001443545,.001443545,.001443545,.001443545,.001443545,.001443545,.001443545,.001443545,.001443545,.001443545,.001443545,.001443545,.001443545,.001443545
GLOMIS,LED-SSP2,PAO,Material Demand|Infrastructure|Rail|Concrete,Mt/yr,low,.82261199,.86269563,.54571241,.54571241,.54571241,.54571241,.54571241,.54571241,.54571241,.54571241,.54571241,.54571241,.54571241,.54571241,.54571241,.54571241,.54571241,.54571241
GLOMIS,LED-SSP2,PAO,Material Demand|Infrastructure|Rail|Iron_steel,Mt/yr,low,1.0888945,1.1521093,.86062771,.86062771,.86062771,.86062771,.86062771,.86062771,.86062771,.86062771,.86062771,.86062771,.86062771,.86062771,.86062771,.86062771,.86062771,.86062771
GLOMIS,LED-SSP2,PAO,Material Demand|Infrastructure|Roads|Aluminum,Mt/yr,low,0,0,0,0,0,0,0,0,0,0,0,0,0,0,0,0,0,0
GLOMIS,LED-SSP2,PAO,Material Demand|Infrastructure|Roads|Asphalt,Mt/yr,low,118.98752,126.41896,101.17417,101.17417,101.17417,101.17417,101.17417,101.17417,101.17417,101.17417,101.17417,101.17417,101.17417,101.17417,101.17417,101.17417,101.17417,101.17417
GLOMIS,LED-SSP2,PAO,Material Demand|Infrastructure|Roads|Concrete,Mt/yr,low,0,0,0,0,0,0,0,0,0,0,0,0,0,0,0,0,0,0
GLOMIS,LED-SSP2,PAO,Material Demand|Infrastructure|Roads|Iron_steel,Mt/yr,low,0,0,0,0,0,0,0,0,0,0,0,0,0,0,0,0,0,0
GLOMIS,LED-SSP2,PAO,Material Demand|Infrastructure|Runways|Aluminum,Mt/yr,low,0,0,0,0,0,0,0,0,0,0,0,0,0,0,0,0,0,0
GLOMIS,LED-SSP2,PAO,Material Demand|Infrastructure|Runways|Concrete,Mt/yr,low,.065085396,.067144126,.028028263,.028028263,.028028263,.028028263,.028028263,.028028263,.028028263,.028028263,.028028263,.028028263,.028028263,.028028263,.028028263,.028028263,.028028263,.028028263
GLOMIS,LED-SSP2,PAO,Material Demand|Infrastructure|Runways|Iron_steel,Mt/yr,low,0,0,0,0,0,0,0,0,0,0,0,0,0,0,0,0,0,0
GLOMIS,LED-SSP2,PAO,Material Demand|Infrastructure|Tunnels|Aluminum,Mt/yr,low,.000091499998,.000094399998,.000039400002,.000039400002,.000039400002,.000039400002,.000039400002,.000039400002,.000039400002,.000039400002,.000039400002,.000039400002,.000039400002,.000039400002,.000039400002,.000039400002,.000039400002,.000039400002
GLOMIS,LED-SSP2,PAO,Material Demand|Infrastructure|Tunnels|Asphalt,Mt/yr,low,3.5566235,3.7818391,3.0661645,3.0661645,3.0661645,3.0661645,3.0661645,3.0661645,3.0661645,3.0661645,3.0661645,3.0661645,3.0661645,3.0661645,3.0661645,3.0661645,3.0661645,3.0661645
GLOMIS,LED-SSP2,PAO,Material Demand|Infrastructure|Tunnels|Concrete,Mt/yr,low,8.5231762,8.7927742,3.6704056,3.6704056,3.6704056,3.6704056,3.6704056,3.6704056,3.6704056,3.6704056,3.6704056,3.6704056,3.6704056,3.6704056,3.6704056,3.6704056,3.6704056,3.6704056
GLOMIS,LED-SSP2,PAO,Material Demand|Infrastructure|Tunnels|Iron_steel,Mt/yr,low,.49968511,.51549077,.21518354,.21518354,.21518354,.21518354,.21518354,.21518354,.21518354,.21518354,.21518354,.21518354,.21518354,.21518354,.21518354,.21518354,.21518354,.21518354
GLOMIS,LED-SSP2,PAO,Material Release|Infrastructure|Bridges|Aluminum,Mt/yr,low,.0000145,.000015699999,.000015899999,.000015899999,.000015899999,.000015899999,.000015899999,.000015899999,.000015899999,.000015899999,.000015899999,.000015899999,.000015899999,.000015899999,.000015899999,.000015899999,.000015899999,.000015899999
GLOMIS,LED-SSP2,PAO,Material Release|Infrastructure|Bridges|Asphalt,Mt/yr,low,2.7712688,2.9944999,3.0391462,3.0391462,3.0391462,3.0391462,3.0391462,3.0391462,3.0391462,3.0391462,3.0391462,3.0391462,3.0391462,3.0391462,3.0391462,3.0391462,3.0391462,3.0391462
GLOMIS,LED-SSP2,PAO,Material Release|Infrastructure|Bridges|Concrete,Mt/yr,low,1.4934624,1.6137638,1.6378241,1.6378241,1.6378241,1.6378241,1.6378241,1.6378241,1.6378241,1.6378241,1.6378241,1.6378241,1.6378241,1.6378241,1.6378241,1.6378241,1.6378241,1.6378241
GLOMIS,LED-SSP2,PAO,Material Release|Infrastructure|Bridges|Iron_steel,Mt/yr,low,.62669873,.67718059,.68727696,.68727696,.68727696,.68727696,.68727696,.68727696,.68727696,.68727696,.68727696,.68727696,.68727696,.68727696,.68727696,.68727696,.68727696,.68727696
GLOMIS,LED-SSP2,PAO,Material Release|Infrastructure|Buildings|Aluminum,Mt/yr,low,0,0,0,0,0,0,0,0,0,0,0,0,0,0,0,0,0,0
GLOMIS,LED-SSP2,PAO,Material Release|Infrastructure|Buildings|Concrete,Mt/yr,low,.58774835,.63509262,.64456147,.64456147,.64456147,.64456147,.64456147,.64456147,.64456147,.64456147,.64456147,.64456147,.64456147,.64456147,.64456147,.64456147,.64456147,.64456147
GLOMIS,LED-SSP2,PAO,Material Release|Infrastructure|Buildings|Iron_steel,Mt/yr,low,0,0,0,0,0,0,0,0,0,0,0,0,0,0,0,0,0,0
GLOMIS,LED-SSP2,PAO,Material Release|Infrastructure|Charging stations|Aluminum,Mt/yr,low,5.0400001e-07,5.4499998e-07,5.5300001e-07,5.5300001e-07,5.5300001e-07,5.5300001e-07,5.5300001e-07,5.5300001e-07,5.5300001e-07,5.5300001e-07,5.5300001e-07,5.5300001e-07,5.5300001e-07,5.5300001e-07,5.5300001e-07,5.5300001e-07,5.5300001e-07,5.5300001e-07
GLOMIS,LED-SSP2,PAO,Material Release|Infrastructure|Charging stations|Concrete,Mt/yr,low,.000077999997,.000084300002,.000085599997,.000085599997,.000085599997,.000085599997,.000085599997,.000085599997,.000085599997,.000085599997,.000085599997,.000085599997,.000085599997,.000085599997,.000085599997,.000085599997,.000085599997,.000085599997
GLOMIS,LED-SSP2,PAO,Material Release|Infrastructure|Charging stations|Iron_steel,Mt/yr,low,.000013,.0000141,.0000143,.0000143,.0000143,.0000143,.0000143,.0000143,.0000143,.0000143,.0000143,.0000143,.0000143,.0000143,.0000143,.0000143,.0000143,.0000143
GLOMIS,LED-SSP2,PAO,Material Release|Infrastructure|Fuel stations|Aluminum,Mt/yr,low,.000148052,.00015997799,.00016236299,.00016236299,.00016236299,.00016236299,.00016236299,.00016236299,.00016236299,.00016236299,.00016236299,.00016236299,.00016236299,.00016236299,.00016236299,.00016236299,.00016236299,.00016236299
GLOMIS,LED-SSP2,PAO,Material Release|Infrastructure|Fuel stations|Concrete,Mt/yr,low,.5529021,.59743947,.60634691,.60634691,.60634691,.60634691,.60634691,.60634691,.60634691,.60634691,.60634691,.60634691,.60634691,.60634691,.60634691,.60634691,.60634691,.60634691
GLOMIS,LED-SSP2,PAO,Material Release|Infrastructure|Fuel stations|Iron_steel,Mt/yr,low,.022088587,.023867868,.024223723,.024223723,.024223723,.024223723,.024223723,.024223723,.024223723,.024223723,.024223723,.024223723,.024223723,.024223723,.024223723,.024223723,.024223723,.024223723
GLOMIS,LED-SSP2,PAO,Material Release|Infrastructure|Parking|Aluminum,Mt/yr,low,.00045044199,.00048672501,.00049398199,.00049398199,.00049398199,.00049398199,.00049398199,.00049398199,.00049398199,.00049398199,.00049398199,.00049398199,.00049398199,.00049398199,.00049398199,.00049398199,.00049398199,.00049398199
GLOMIS,LED-SSP2,PAO,Material Release|Infrastructure|Parking|Asphalt,Mt/yr,low,4.1065164,4.4373045,4.5034623,4.5034623,4.5034623,4.5034623,4.5034623,4.5034623,4.5034623,4.5034623,4.5034623,4.5034623,4.5034623,4.5034623,4.5034623,4.5034623,4.5034623,4.5034623
GLOMIS,LED-SSP2,PAO,Material Release|Infrastructure|Parking|Concrete,Mt/yr,low,2.1994798,2.3766522,2.4120867,2.4120867,2.4120867,2.4120867,2.4120867,2.4120867,2.4120867,2.4120867,2.4120867,2.4120867,2.4120867,2.4120867,2.4120867,2.4120867,2.4120867,2.4120867
GLOMIS,LED-SSP2,PAO,Material Release|Infrastructure|Parking|Iron_steel,Mt/yr,low,.028142747,.030409701,.030863093,.030863093,.030863093,.030863093,.030863093,.030863093,.030863093,.030863093,.030863093,.030863093,.030863093,.030863093,.030863093,.030863093,.030863093,.030863093
GLOMIS,LED-SSP2,PAO,Material Release|Infrastructure|Rail|Aluminum,Mt/yr,low,.001316308,.001422339,.001443545,.001443545,.001443545,.001443545,.001443545,.001443545,.001443545,.001443545,.001443545,.001443545,.001443545,.001443545,.001443545,.001443545,.001443545,.001443545
GLOMIS,LED-SSP2,PAO,Material Release|Infrastructure|Rail|Concrete,Mt/yr,low,.49761203,.53769571,.54571241,.54571241,.54571241,.54571241,.54571241,.54571241,.54571241,.54571241,.54571241,.54571241,.54571241,.54571241,.54571241,.54571241,.54571241,.54571241
GLOMIS,LED-SSP2,PAO,Material Release|Infrastructure|Rail|Iron_steel,Mt/yr,low,.78477001,.84798473,.86062771,.86062771,.86062771,.86062771,.86062771,.86062771,.86062771,.86062771,.86062771,.86062771,.86062771,.86062771,.86062771,.86062771,.86062771,.86062771
GLOMIS,LED-SSP2,PAO,Material Release|Infrastructure|Roads|Aluminum,Mt/yr,low,0,0,0,0,0,0,0,0,0,0,0,0,0,0,0,0,0,0
GLOMIS,LED-SSP2,PAO,Material Release|Infrastructure|Roads|Asphalt,Mt/yr,low,92.256447,99.687881,101.17417,101.17417,101.17417,101.17417,101.17417,101.17417,101.17417,101.17417,101.17417,101.17417,101.17417,101.17417,101.17417,101.17417,101.17417,101.17417
GLOMIS,LED-SSP2,PAO,Material Release|Infrastructure|Roads|Concrete,Mt/yr,low,0,0,0,0,0,0,0,0,0,0,0,0,0,0,0,0,0,0
GLOMIS,LED-SSP2,PAO,Material Release|Infrastructure|Roads|Iron_steel,Mt/yr,low,0,0,0,0,0,0,0,0,0,0,0,0,0,0,0,0,0,0
GLOMIS,LED-SSP2,PAO,Material Release|Infrastructure|Runways|Aluminum,Mt/yr,low,0,0,0,0,0,0,0,0,0,0,0,0,0,0,0,0,0,0
GLOMIS,LED-SSP2,PAO,Material Release|Infrastructure|Runways|Concrete,Mt/yr,low,.025557786,.027616516,.028028263,.028028263,.028028263,.028028263,.028028263,.028028263,.028028263,.028028263,.028028263,.028028263,.028028263,.028028263,.028028263,.028028263,.028028263,.028028263
GLOMIS,LED-SSP2,PAO,Material Release|Infrastructure|Runways|Iron_steel,Mt/yr,low,0,0,0,0,0,0,0,0,0,0,0,0,0,0,0,0,0,0
GLOMIS,LED-SSP2,PAO,Material Release|Infrastructure|Tunnels|Aluminum,Mt/yr,low,.000035900001,.000038800001,.000039400002,.000039400002,.000039400002,.000039400002,.000039400002,.000039400002,.000039400002,.000039400002,.000039400002,.000039400002,.000039400002,.000039400002,.000039400002,.000039400002,.000039400002,.000039400002
GLOMIS,LED-SSP2,PAO,Material Release|Infrastructure|Tunnels|Asphalt,Mt/yr,low,2.7959054,3.021121,3.0661645,3.0661645,3.0661645,3.0661645,3.0661645,3.0661645,3.0661645,3.0661645,3.0661645,3.0661645,3.0661645,3.0661645,3.0661645,3.0661645,3.0661645,3.0661645
GLOMIS,LED-SSP2,PAO,Material Release|Infrastructure|Tunnels|Concrete,Mt/yr,low,3.3468876,3.6164861,3.6704056,3.6704056,3.6704056,3.6704056,3.6704056,3.6704056,3.6704056,3.6704056,3.6704056,3.6704056,3.6704056,3.6704056,3.6704056,3.6704056,3.6704056,3.6704056
GLOMIS,LED-SSP2,PAO,Material Release|Infrastructure|Tunnels|Iron_steel,Mt/yr,low,.19621676,.21202241,.21518354,.21518354,.21518354,.21518354,.21518354,.21518354,.21518354,.21518354,.21518354,.21518354,.21518354,.21518354,.21518354,.21518354,.21518354,.21518354
GLOMIS,LED-SSP2,PAS,Material Demand|Infrastructure|Bridges|Aluminum,Mt/yr,low,.001556577,.001618213,.00060203898,.00097882096,.00081471301,.00049775699,.00049775699,.00049775699,.00049775699,.00049775699,.00049775699,.00049775699,.00049775699,.00049775699,.00049775699,.00049775699,.00049775699,.00049775699
GLOMIS,LED-SSP2,PAS,Material Demand|Infrastructure|Bridges|Asphalt,Mt/yr,low,5.5144806,6.0957541,4.5259728,5.3355274,5.2027822,4.6942439,4.6942439,4.6942439,4.6942439,4.6942439,4.6942439,4.6942439,4.6942439,4.6942439,4.6942439,4.6942439,4.6942439,4.6942439
GLOMIS,LED-SSP2,PAS,Material Demand|Infrastructure|Bridges|Concrete,Mt/yr,low,10.487299,10.902565,4.0561848,6.5947185,5.4890537,3.3535962,3.3535962,3.3535962,3.3535962,3.3535962,3.3535962,3.3535962,3.3535962,3.3535962,3.3535962,3.3535962,3.3535962,3.3535962
GLOMIS,LED-SSP2,PAS,Material Demand|Infrastructure|Bridges|Iron_steel,Mt/yr,low,2.5328517,2.6331451,.97963393,1.5927308,1.325695,.80994749,.80994749,.80994749,.80994749,.80994749,.80994749,.80994749,.80994749,.80994749,.80994749,.80994749,.80994749,.80994749
GLOMIS,LED-SSP2,PAS,Material Demand|Infrastructure|Buildings|Aluminum,Mt/yr,low,0,0,0,0,0,0,0,0,0,0,0,0,0,0,0,0,0,0
GLOMIS,LED-SSP2,PAS,Material Demand|Infrastructure|Buildings|Concrete,Mt/yr,low,1.6400299,1.7143927,.69644988,1.0797944,.91853607,.60053813,.60053813,.60053813,.60053813,.60053813,.60053813,.60053813,.60053813,.60053813,.60053813,.60053813,.60053813,.60053813
GLOMIS,LED-SSP2,PAS,Material Demand|Infrastructure|Buildings|Iron_steel,Mt/yr,low,0,0,0,0,0,0,0,0,0,0,0,0,0,0,0,0,0,0
GLOMIS,LED-SSP2,PAS,Material Demand|Infrastructure|Charging stations|Aluminum,Mt/yr,low,4.0399999e-07,4.5499999e-07,3.8499999e-07,4.3300000e-07,4.3300000e-07,4.0899999e-07,4.0899999e-07,4.0899999e-07,4.0899999e-07,4.0899999e-07,4.0899999e-07,4.0899999e-07,4.0899999e-07,4.0899999e-07,4.0899999e-07,4.0899999e-07,4.0899999e-07,4.0899999e-07
GLOMIS,LED-SSP2,PAS,Material Demand|Infrastructure|Charging stations|Concrete,Mt/yr,low,.000062599996,.000070399998,.000059599999,.000067000001,.000067000001,.000063400003,.000063400003,.000063400003,.000063400003,.000063400003,.000063400003,.000063400003,.000063400003,.000063400003,.000063400003,.000063400003,.000063400003,.000063400003
GLOMIS,LED-SSP2,PAS,Material Demand|Infrastructure|Charging stations|Iron_steel,Mt/yr,low,.0000104,.0000117,9.9299996e-06,.0000112,.0000112,.0000106,.0000106,.0000106,.0000106,.0000106,.0000106,.0000106,.0000106,.0000106,.0000106,.0000106,.0000106,.0000106
GLOMIS,LED-SSP2,PAS,Material Demand|Infrastructure|Fuel stations|Aluminum,Mt/yr,low,.00040678401,.00044426101,.000298242,.00036577901,.000349309,.00030265099,.00030265099,.00030265099,.00030265099,.00030265099,.00030265099,.00030265099,.00030265099,.00030265099,.00030265099,.00030265099,.00030265099,.00030265099
GLOMIS,LED-SSP2,PAS,Material Demand|Infrastructure|Fuel stations|Concrete,Mt/yr,low,1.5191417,1.6590974,1.1137891,1.3660072,1.3044978,1.130253,1.130253,1.130253,1.130253,1.130253,1.130253,1.130253,1.130253,1.130253,1.130253,1.130253,1.130253,1.130253
GLOMIS,LED-SSP2,PAS,Material Demand|Infrastructure|Fuel stations|Iron_steel,Mt/yr,low,.06069012,.066281393,.044496171,.054572355,.052115042,.045153912,.045153912,.045153912,.045153912,.045153912,.045153912,.045153912,.045153912,.045153912,.045153912,.045153912,.045153912,.045153912
GLOMIS,LED-SSP2,PAS,Material Demand|Infrastructure|Parking|Aluminum,Mt/yr,low,.00073664798,.00077571801,.00035020401,.000514185,.00044876101,.00031552301,.00031552301,.00031552301,.00031552301,.00031552301,.00031552301,.00031552301,.00031552301,.00031552301,.00031552301,.00031552301,.00031552301,.00031552301
GLOMIS,LED-SSP2,PAS,Material Demand|Infrastructure|Parking|Asphalt,Mt/yr,low,1.7940897,1.9846106,1.4817741,1.7431173,1.7016709,1.5386063,1.5386063,1.5386063,1.5386063,1.5386063,1.5386063,1.5386063,1.5386063,1.5386063,1.5386063,1.5386063,1.5386063,1.5386063
GLOMIS,LED-SSP2,PAS,Material Demand|Infrastructure|Parking|Concrete,Mt/yr,low,4.6895728,4.9382977,2.229435,3.2733536,2.8568578,2.008651,2.008651,2.008651,2.008651,2.008651,2.008651,2.008651,2.008651,2.008651,2.008651,2.008651,2.008651,2.008651
GLOMIS,LED-SSP2,PAS,Material Demand|Infrastructure|Parking|Iron_steel,Mt/yr,low,.065557726,.06903477,.031166309,.045759734,.039937343,.028079867,.028079867,.028079867,.028079867,.028079867,.028079867,.028079867,.028079867,.028079867,.028079867,.028079867,.028079867,.028079867
GLOMIS,LED-SSP2,PAS,Material Demand|Infrastructure|Rail|Aluminum,Mt/yr,low,.002293156,.0024344299,.001219745,.001701771,.0015224,.001140898,.001140898,.001140898,.001140898,.001140898,.001140898,.001140898,.001140898,.001140898,.001140898,.001140898,.001140898,.001140898
GLOMIS,LED-SSP2,PAS,Material Demand|Infrastructure|Rail|Concrete,Mt/yr,low,.67688298,.7138297,.3286908,.47785354,.41903076,.2983734,.2983734,.2983734,.2983734,.2983734,.2983734,.2983734,.2983734,.2983734,.2983734,.2983734,.2983734,.2983734
GLOMIS,LED-SSP2,PAS,Material Demand|Infrastructure|Rail|Iron_steel,Mt/yr,low,.41528195,.45158508,.291574,.36335295,.34412035,.29317659,.29317659,.29317659,.29317659,.29317659,.29317659,.29317659,.29317659,.29317659,.29317659,.29317659,.29317659,.29317659
GLOMIS,LED-SSP2,PAS,Material Demand|Infrastructure|Roads|Aluminum,Mt/yr,low,0,0,0,0,0,0,0,0,0,0,0,0,0,0,0,0,0,0
GLOMIS,LED-SSP2,PAS,Material Demand|Infrastructure|Roads|Asphalt,Mt/yr,low,155.02238,171.00841,124.89484,148.16626,143.99609,129.09975,129.09975,129.09975,129.09975,129.09975,129.09975,129.09975,129.09975,129.09975,129.09975,129.09975,129.09975,129.09975
GLOMIS,LED-SSP2,PAS,Material Demand|Infrastructure|Roads|Concrete,Mt/yr,low,0,0,0,0,0,0,0,0,0,0,0,0,0,0,0,0,0,0
GLOMIS,LED-SSP2,PAS,Material Demand|Infrastructure|Roads|Iron_steel,Mt/yr,low,0,0,0,0,0,0,0,0,0,0,0,0,0,0,0,0,0,0
GLOMIS,LED-SSP2,PAS,Material Demand|Infrastructure|Tunnels|Aluminum,Mt/yr,low,.0021633271,.002248989,.00083671301,.001360363,.001132286,.00069178198,.00069178198,.00069178198,.00069178198,.00069178198,.00069178198,.00069178198,.00069178198,.00069178198,.00069178198,.00069178198,.00069178198,.00069178198
GLOMIS,LED-SSP2,PAS,Material Demand|Infrastructure|Tunnels|Asphalt,Mt/yr,low,1.7624559,1.9490712,1.452045,1.7095709,1.6681799,1.5070657,1.5070657,1.5070657,1.5070657,1.5070657,1.5070657,1.5070657,1.5070657,1.5070657,1.5070657,1.5070657,1.5070657,1.5070657
GLOMIS,LED-SSP2,PAS,Material Demand|Infrastructure|Tunnels|Concrete,Mt/yr,low,14.189649,14.751516,5.4881468,8.922864,7.4268646,4.5375223,4.5375223,4.5375223,4.5375223,4.5375223,4.5375223,4.5375223,4.5375223,4.5375223,4.5375223,4.5375223,4.5375223,4.5375223
GLOMIS,LED-SSP2,PAS,Material Demand|Infrastructure|Tunnels|Iron_steel,Mt/yr,low,.65063882,.67640215,.25164831,.40914062,.34054446,.20805928,.20805928,.20805928,.20805928,.20805928,.20805928,.20805928,.20805928,.20805928,.20805928,.20805928,.20805928,.20805928
GLOMIS,LED-SSP2,PAS,Material Release|Infrastructure|Bridges|Aluminum,Mt/yr,low,.00037317001,.00043480599,.000453329,.00047583599,.00049442099,.00049775699,.00049775699,.00049775699,.00049775699,.00049775699,.00049775699,.00049775699,.00049775699,.00049775699,.00049775699,.00049775699,.00049775699,.00049775699
GLOMIS,LED-SSP2,PAS,Material Release|Infrastructure|Bridges|Asphalt,Mt/yr,low,3.5192885,4.1005626,4.2752523,4.4875088,4.6627793,4.6942439,4.6942439,4.6942439,4.6942439,4.6942439,4.6942439,4.6942439,4.6942439,4.6942439,4.6942439,4.6942439,4.6942439,4.6942439
GLOMIS,LED-SSP2,PAS,Material Release|Infrastructure|Bridges|Concrete,Mt/yr,low,2.5142009,2.9294665,3.0542662,3.2059035,3.3311176,3.3535962,3.3535962,3.3535962,3.3535962,3.3535962,3.3535962,3.3535962,3.3535962,3.3535962,3.3535962,3.3535962,3.3535962,3.3535962
GLOMIS,LED-SSP2,PAS,Material Release|Infrastructure|Bridges|Iron_steel,Mt/yr,low,.60722005,.70751339,.73765451,.77427733,.80451858,.80994749,.80994749,.80994749,.80994749,.80994749,.80994749,.80994749,.80994749,.80994749,.80994749,.80994749,.80994749,.80994749
GLOMIS,LED-SSP2,PAS,Material Release|Infrastructure|Buildings|Aluminum,Mt/yr,low,0,0,0,0,0,0,0,0,0,0,0,0,0,0,0,0,0,0
GLOMIS,LED-SSP2,PAS,Material Release|Infrastructure|Buildings|Concrete,Mt/yr,low,.4502252,.52458799,.54693621,.57409036,.59651279,.60053813,.60053813,.60053813,.60053813,.60053813,.60053813,.60053813,.60053813,.60053813,.60053813,.60053813,.60053813,.60053813
GLOMIS,LED-SSP2,PAS,Material Release|Infrastructure|Buildings|Iron_steel,Mt/yr,low,0,0,0,0,0,0,0,0,0,0,0,0,0,0,0,0,0,0
GLOMIS,LED-SSP2,PAS,Material Release|Infrastructure|Charging stations|Aluminum,Mt/yr,low,3.0699999e-07,3.5799999e-07,3.7300001e-07,3.9099999e-07,4.0699999e-07,4.0899999e-07,4.0899999e-07,4.0899999e-07,4.0899999e-07,4.0899999e-07,4.0899999e-07,4.0899999e-07,4.0899999e-07,4.0899999e-07,4.0899999e-07,4.0899999e-07,4.0899999e-07,4.0899999e-07
GLOMIS,LED-SSP2,PAS,Material Release|Infrastructure|Charging stations|Concrete,Mt/yr,low,.000047500002,.0000554,.000057699999,.000060599999,.000062999999,.000063400003,.000063400003,.000063400003,.000063400003,.000063400003,.000063400003,.000063400003,.000063400003,.000063400003,.000063400003,.000063400003,.000063400003,.000063400003
GLOMIS,LED-SSP2,PAS,Material Release|Infrastructure|Charging stations|Iron_steel,Mt/yr,low,7.9199999e-06,9.2199998e-06,9.6200001e-06,.0000101,.0000105,.0000106,.0000106,.0000106,.0000106,.0000106,.0000106,.0000106,.0000106,.0000106,.0000106,.0000106,.0000106,.0000106
GLOMIS,LED-SSP2,PAS,Material Release|Infrastructure|Fuel stations|Aluminum,Mt/yr,low,.000226898,.00026437399,.00027563699,.00028932199,.00030062199,.00030265099,.00030265099,.00030265099,.00030265099,.00030265099,.00030265099,.00030265099,.00030265099,.00030265099,.00030265099,.00030265099,.00030265099,.00030265099
GLOMIS,LED-SSP2,PAS,Material Release|Infrastructure|Fuel stations|Concrete,Mt/yr,low,.84735399,.98730975,1.0293707,1.0804765,1.1226771,1.130253,1.130253,1.130253,1.130253,1.130253,1.130253,1.130253,1.130253,1.130253,1.130253,1.130253,1.130253,1.130253
GLOMIS,LED-SSP2,PAS,Material Release|Infrastructure|Fuel stations|Iron_steel,Mt/yr,low,.033852022,.039443292,.041123632,.04316533,.044851255,.045153912,.045153912,.045153912,.045153912,.045153912,.045153912,.045153912,.045153912,.045153912,.045153912,.045153912,.045153912,.045153912
GLOMIS,LED-SSP2,PAS,Material Release|Infrastructure|Parking|Aluminum,Mt/yr,low,.00023654901,.00027561901,.00028736101,.00030162701,.000313408,.00031552301,.00031552301,.00031552301,.00031552301,.00031552301,.00031552301,.00031552301,.00031552301,.00031552301,.00031552301,.00031552301,.00031552301,.00031552301
GLOMIS,LED-SSP2,PAS,Material Release|Infrastructure|Parking|Asphalt,Mt/yr,low,1.1534977,1.3440186,1.4012758,1.4708458,1.5282933,1.5386063,1.5386063,1.5386063,1.5386063,1.5386063,1.5386063,1.5386063,1.5386063,1.5386063,1.5386063,1.5386063,1.5386063,1.5386063
GLOMIS,LED-SSP2,PAS,Material Release|Infrastructure|Parking|Concrete,Mt/yr,low,1.5058916,1.7546167,1.829366,1.9201899,1.9951874,2.008651,2.008651,2.008651,2.008651,2.008651,2.008651,2.008651,2.008651,2.008651,2.008651,2.008651,2.008651,2.008651
GLOMIS,LED-SSP2,PAS,Material Release|Infrastructure|Parking|Iron_steel,Mt/yr,low,.02105156,.024528606,.025573559,.026843229,.027891655,.028079867,.028079867,.028079867,.028079867,.028079867,.028079867,.028079867,.028079867,.028079867,.028079867,.028079867,.028079867,.028079867
GLOMIS,LED-SSP2,PAS,Material Release|Infrastructure|Rail|Aluminum,Mt/yr,low,.00085533399,.00099660805,.001039065,.001090652,.00113325,.001140898,.001140898,.001140898,.001140898,.001140898,.001140898,.001140898,.001140898,.001140898,.001140898,.001140898,.001140898,.001140898
GLOMIS,LED-SSP2,PAS,Material Release|Infrastructure|Rail|Concrete,Mt/yr,low,.22369142,.26063809,.27174166,.28523302,.29637346,.2983734,.2983734,.2983734,.2983734,.2983734,.2983734,.2983734,.2983734,.2983734,.2983734,.2983734,.2983734,.2983734
GLOMIS,LED-SSP2,PAS,Material Release|Infrastructure|Rail|Iron_steel,Mt/yr,low,.21979535,.25609851,.26700869,.28026506,.29121149,.29317659,.29317659,.29317659,.29317659,.29317659,.29317659,.29317659,.29317659,.29317659,.29317659,.29317659,.29317659,.29317659
GLOMIS,LED-SSP2,PAS,Material Release|Infrastructure|Roads|Aluminum,Mt/yr,low,0,0,0,0,0,0,0,0,0,0,0,0,0,0,0,0,0,0
GLOMIS,LED-SSP2,PAS,Material Release|Infrastructure|Roads|Asphalt,Mt/yr,low,96.786461,112.77249,117.57677,123.41418,128.23442,129.09975,129.09975,129.09975,129.09975,129.09975,129.09975,129.09975,129.09975,129.09975,129.09975,129.09975,129.09975,129.09975
GLOMIS,LED-SSP2,PAS,Material Release|Infrastructure|Roads|Concrete,Mt/yr,low,0,0,0,0,0,0,0,0,0,0,0,0,0,0,0,0,0,0
GLOMIS,LED-SSP2,PAS,Material Release|Infrastructure|Roads|Iron_steel,Mt/yr,low,0,0,0,0,0,0,0,0,0,0,0,0,0,0,0,0,0,0
GLOMIS,LED-SSP2,PAS,Material Release|Infrastructure|Tunnels|Aluminum,Mt/yr,low,.00051863102,.00060429203,.000630036,.00066131598,.00068714499,.00069178198,.00069178198,.00069178198,.00069178198,.00069178198,.00069178198,.00069178198,.00069178198,.00069178198,.00069178198,.00069178198,.00069178198,.00069178198
GLOMIS,LED-SSP2,PAS,Material Release|Infrastructure|Tunnels|Asphalt,Mt/yr,low,1.1298516,1.3164668,1.3725504,1.4406943,1.4969641,1.5070657,1.5070657,1.5070657,1.5070657,1.5070657,1.5070657,1.5070657,1.5070657,1.5070657,1.5070657,1.5070657,1.5070657,1.5070657
GLOMIS,LED-SSP2,PAS,Material Release|Infrastructure|Tunnels|Concrete,Mt/yr,low,3.4017937,3.9636612,4.1325192,4.3376894,4.5071082,4.5375223,4.5375223,4.5375223,4.5375223,4.5375223,4.5375223,4.5375223,4.5375223,4.5375223,4.5375223,4.5375223,4.5375223,4.5375223
GLOMIS,LED-SSP2,PAS,Material Release|Infrastructure|Tunnels|Iron_steel,Mt/yr,low,.15598266,.18174601,.18948865,.19889633,.2066647,.20805928,.20805928,.20805928,.20805928,.20805928,.20805928,.20805928,.20805928,.20805928,.20805928,.20805928,.20805928,.20805928
GLOMIS,LED-SSP2,RCPA,Material Demand|Infrastructure|Bridges|Aluminum,Mt/yr,low,.00017368401,.00018125,.00019055,.00025614299,.000235641,.000179954,.000124741,.000126336,.000101166,.000101166,.000101166,.000101166,.000101166,.000101166,.000101166,.000101166,.000101166,.000101166
GLOMIS,LED-SSP2,RCPA,Material Demand|Infrastructure|Bridges|Asphalt,Mt/yr,low,.99494702,1.1326232,1.2770368,1.6414126,1.7127371,1.6251302,1.4930781,1.5381172,1.4783624,1.4783624,1.4783624,1.4783624,1.4783624,1.4783624,1.4783624,1.4783624,1.4783624,1.4783624
GLOMIS,LED-SSP2,RCPA,Material Demand|Infrastructure|Bridges|Concrete,Mt/yr,low,2.2584386,2.3568184,2.4777453,3.3306558,3.0640724,2.339963,1.6220175,1.6427579,1.3154707,1.3154707,1.3154707,1.3154707,1.3154707,1.3154707,1.3154707,1.3154707,1.3154707,1.3154707
GLOMIS,LED-SSP2,RCPA,Material Demand|Infrastructure|Bridges|Iron_steel,Mt/yr,low,.46269909,.48285469,.50762969,.68237025,.62775379,.47940144,.33231187,.33656108,.26950791,.26950791,.26950791,.26950791,.26950791,.26950791,.26950791,.26950791,.26950791,.26950791
GLOMIS,LED-SSP2,RCPA,Material Demand|Infrastructure|Buildings|Aluminum,Mt/yr,low,0,0,0,0,0,0,0,0,0,0,0,0,0,0,0,0,0,0
GLOMIS,LED-SSP2,RCPA,Material Demand|Infrastructure|Buildings|Concrete,Mt/yr,low,.16761003,.17609389,.18621103,.24936725,.23194917,.18111023,.13013753,.13212687,.10889568,.10889568,.10889568,.10889568,.10889568,.10889568,.10889568,.10889568,.10889568,.10889568
GLOMIS,LED-SSP2,RCPA,Material Demand|Infrastructure|Buildings|Iron_steel,Mt/yr,low,0,0,0,0,0,0,0,0,0,0,0,0,0,0,0,0,0,0
GLOMIS,LED-SSP2,RCPA,Material Demand|Infrastructure|Charging stations|Aluminum,Mt/yr,low,8.5200000e-08,1.0000000e-07,1.1600000e-07,1.4699999e-07,1.5900000e-07,1.6000000e-07,1.5500000e-07,1.6000000e-07,1.5700000e-07,1.5700000e-07,1.5700000e-07,1.5700000e-07,1.5700000e-07,1.5700000e-07,1.5700000e-07,1.5700000e-07,1.5700000e-07,1.5700000e-07
GLOMIS,LED-SSP2,RCPA,Material Demand|Infrastructure|Charging stations|Concrete,Mt/yr,low,.0000132,.0000155,.0000179,.0000227,.0000246,.000024700001,.0000239,.000024700001,.0000244,.0000244,.0000244,.0000244,.0000244,.0000244,.0000244,.0000244,.0000244,.0000244
GLOMIS,LED-SSP2,RCPA,Material Demand|Infrastructure|Charging stations|Iron_steel,Mt/yr,low,2.1999999e-06,2.5899999e-06,2.9900000e-06,3.7800000e-06,4.1100002e-06,4.1200001e-06,3.9900001e-06,4.1200001e-06,4.0599998e-06,4.0599998e-06,4.0599998e-06,4.0599998e-06,4.0599998e-06,4.0599998e-06,4.0599998e-06,4.0599998e-06,4.0599998e-06,4.0599998e-06
GLOMIS,LED-SSP2,RCPA,Material Demand|Infrastructure|Fuel stations|Aluminum,Mt/yr,low,.0000377,.0000421,.0000468,.0000607,.000061799998,.000056500001,.000049900002,.000051300001,.0000483,.0000483,.0000483,.0000483,.0000483,.0000483,.0000483,.0000483,.0000483,.0000483
GLOMIS,LED-SSP2,RCPA,Material Demand|Infrastructure|Fuel stations|Concrete,Mt/yr,low,.14083295,.15729246,.1748082,.22674997,.2307861,.2109573,.1863513,.19157398,.18040545,.18040545,.18040545,.18040545,.18040545,.18040545,.18040545,.18040545,.18040545,.18040545
GLOMIS,LED-SSP2,RCPA,Material Demand|Infrastructure|Fuel stations|Iron_steel,Mt/yr,low,.0056263139,.006283876,.006983635,.0090587223,.0092199668,.0084277997,.007444784,.007653432,.007207246,.007207246,.007207246,.007207246,.007207246,.007207246,.007207246,.007207246,.007207246,.007207246
GLOMIS,LED-SSP2,RCPA,Material Demand|Infrastructure|Parking|Aluminum,Mt/yr,low,.000071100003,.000075399999,.0000803,.000107028,.000101033,.0000812,.000060900002,.000061999999,.000052799998,.000052799998,.000052799998,.000052799998,.000052799998,.000052799998,.000052799998,.000052799998,.000052799998,.000052799998
GLOMIS,LED-SSP2,RCPA,Material Demand|Infrastructure|Parking|Asphalt,Mt/yr,low,.10818149,.12337841,.13930018,.17889172,.18710162,.17813349,.16421917,.16920279,.162909,.162909,.162909,.162909,.162909,.162909,.162909,.162909,.162909,.162909
GLOMIS,LED-SSP2,RCPA,Material Demand|Infrastructure|Parking|Concrete,Mt/yr,low,.21943191,.23268557,.24800476,.33042893,.31192118,.25062957,.18808962,.19151102,.16301852,.16301852,.16301852,.16301852,.16301852,.16301852,.16301852,.16301852,.16301852,.16301852
GLOMIS,LED-SSP2,RCPA,Material Demand|Infrastructure|Parking|Iron_steel,Mt/yr,low,.0021589249,.0022893241,.0024400449,.0032509919,.003068899,.00246587,.001850558,.0018842201,.001603891,.001603891,.001603891,.001603891,.001603891,.001603891,.001603891,.001603891,.001603891,.001603891
GLOMIS,LED-SSP2,RCPA,Material Demand|Infrastructure|Rail|Aluminum,Mt/yr,low,.000927096,.001004486,.001089877,.001435539,.001400153,.001193673,.00097122299,.00099382002,.00089258701,.00089258701,.00089258701,.00089258701,.00089258701,.00089258701,.00089258701,.00089258701,.00089258701,.00089258701
GLOMIS,LED-SSP2,RCPA,Material Demand|Infrastructure|Rail|Concrete,Mt/yr,low,.27245089,.29487276,.31965712,.42127746,.41023567,.34876859,.28276905,.2892876,.25925022,.25925022,.25925022,.25925022,.25925022,.25925022,.25925022,.25925022,.25925022,.25925022
GLOMIS,LED-SSP2,RCPA,Material Demand|Infrastructure|Rail|Iron_steel,Mt/yr,low,.20394883,.22764549,.25287646,.32811335,.33367944,.30462229,.26871666,.27622691,.25992835,.25992835,.25992835,.25992835,.25992835,.25992835,.25992835,.25992835,.25992835,.25992835
GLOMIS,LED-SSP2,RCPA,Material Demand|Infrastructure|Roads|Aluminum,Mt/yr,low,0,0,0,0,0,0,0,0,0,0,0,0,0,0,0,0,0,0
GLOMIS,LED-SSP2,RCPA,Material Demand|Infrastructure|Roads|Asphalt,Mt/yr,low,49.393806,56.07666,63.099129,81.206772,84.44342,79.721275,72.868668,75.046753,71.944176,71.944176,71.944176,71.944176,71.944176,71.944176,71.944176,71.944176,71.944176,71.944176
GLOMIS,LED-SSP2,RCPA,Material Demand|Infrastructure|Roads|Concrete,Mt/yr,low,0,0,0,0,0,0,0,0,0,0,0,0,0,0,0,0,0,0
GLOMIS,LED-SSP2,RCPA,Material Demand|Infrastructure|Roads|Iron_steel,Mt/yr,low,0,0,0,0,0,0,0,0,0,0,0,0,0,0,0,0,0,0
GLOMIS,LED-SSP2,RCPA,Material Demand|Infrastructure|Tunnels|Aluminum,Mt/yr,low,.000141146,.00014729401,.00015485199,.00020815599,.000191495,.000146241,.000101371,.000102667,.0000822,.0000822,.0000822,.0000822,.0000822,.0000822,.0000822,.0000822,.0000822,.0000822
GLOMIS,LED-SSP2,RCPA,Material Demand|Infrastructure|Tunnels|Asphalt,Mt/yr,low,.088562325,.10090125,.11383703,.14626077,.15277775,.1451859,.13359588,.1376369,.13239327,.13239327,.13239327,.13239327,.13239327,.13239327,.13239327,.13239327,.13239327,.13239327
GLOMIS,LED-SSP2,RCPA,Material Demand|Infrastructure|Tunnels|Concrete,Mt/yr,low,1.5338281,1.6006432,1.6827712,2.2620289,2.0809777,1.5891957,1.1016001,1.1156859,.89340746,.89340746,.89340746,.89340746,.89340746,.89340746,.89340746,.89340746,.89340746,.89340746
GLOMIS,LED-SSP2,RCPA,Material Demand|Infrastructure|Tunnels|Iron_steel,Mt/yr,low,.059426993,.06201569,.065197684,.087640584,.080625884,.061572172,.042680647,.043226399,.034614388,.034614388,.034614388,.034614388,.034614388,.034614388,.034614388,.034614388,.034614388,.034614388
GLOMIS,LED-SSP2,RCPA,Material Release|Infrastructure|Bridges|Aluminum,Mt/yr,low,.0000284,.000036000001,.000043600001,.000053600001,.000062899999,.000069299997,.0000726,.000075299999,.000076800003,.000076800003,.000076800003,.000076800003,.000076800003,.000076800003,.000076800003,.000076800003,.000076800003,.000076800003
GLOMIS,LED-SSP2,RCPA,Material Release|Infrastructure|Bridges|Asphalt,Mt/yr,low,.51715714,.65483338,.79377174,.97519922,1.1445687,1.2612051,1.3216876,1.3702596,1.3983728,1.3983728,1.3983728,1.3983728,1.3983728,1.3983728,1.3983728,1.3983728,1.3983728,1.3983728
GLOMIS,LED-SSP2,RCPA,Material Release|Infrastructure|Bridges|Concrete,Mt/yr,low,.36954674,.46792653,.56720823,.69685149,.81787837,.90122366,.94444281,.97915119,.99924004,.99924004,.99924004,.99924004,.99924004,.99924004,.99924004,.99924004,.99924004,.99924004
GLOMIS,LED-SSP2,RCPA,Material Release|Infrastructure|Bridges|Iron_steel,Mt/yr,low,.075711131,.095866755,.11620715,.14276789,.16756336,.18463878,.19349334,.20060423,.20471995,.20471995,.20471995,.20471995,.20471995,.20471995,.20471995,.20471995,.20471995,.20471995
GLOMIS,LED-SSP2,RCPA,Material Release|Infrastructure|Buildings|Aluminum,Mt/yr,low,0,0,0,0,0,0,0,0,0,0,0,0,0,0,0,0,0,0
GLOMIS,LED-SSP2,RCPA,Material Release|Infrastructure|Buildings|Concrete,Mt/yr,low,.031868182,.040352046,.048913687,.060093589,.070530444,.077717803,.081444845,.084437944,.086170323,.086170323,.086170323,.086170323,.086170323,.086170323,.086170323,.086170323,.086170323,.086170323
GLOMIS,LED-SSP2,RCPA,Material Release|Infrastructure|Buildings|Iron_steel,Mt/yr,low,0,0,0,0,0,0,0,0,0,0,0,0,0,0,0,0,0,0
GLOMIS,LED-SSP2,RCPA,Material Release|Infrastructure|Charging stations|Aluminum,Mt/yr,low,5.6400001e-08,7.1400002e-08,8.6599997e-08,1.0600000e-07,1.2500000e-07,1.3800000e-07,1.4400000e-07,1.4900000e-07,1.5300000e-07,1.5300000e-07,1.5300000e-07,1.5300000e-07,1.5300000e-07,1.5300000e-07,1.5300000e-07,1.5300000e-07,1.5300000e-07,1.5300000e-07
GLOMIS,LED-SSP2,RCPA,Material Release|Infrastructure|Charging stations|Concrete,Mt/yr,low,8.7300004e-06,.0000111,.0000134,.0000165,.0000193,.0000213,.000022300001,.000023099999,.0000236,.0000236,.0000236,.0000236,.0000236,.0000236,.0000236,.0000236,.0000236,.0000236
GLOMIS,LED-SSP2,RCPA,Material Release|Infrastructure|Charging stations|Iron_steel,Mt/yr,low,1.4600000e-06,1.8400000e-06,2.2300001e-06,2.7399999e-06,3.2200001e-06,3.5500000e-06,3.7200000e-06,3.8600001e-06,3.9299998e-06,3.9299998e-06,3.9299998e-06,3.9299998e-06,3.9299998e-06,3.9299998e-06,3.9299998e-06,3.9299998e-06,3.9299998e-06,3.9299998e-06
GLOMIS,LED-SSP2,RCPA,Material Release|Infrastructure|Fuel stations|Aluminum,Mt/yr,low,.000016600001,.000021,.000025400001,.000031200001,.000036599999,.000040399998,.000042299998,.0000439,.000044799999,.000044799999,.000044799999,.000044799999,.000044799999,.000044799999,.000044799999,.000044799999,.000044799999,.000044799999
GLOMIS,LED-SSP2,RCPA,Material Release|Infrastructure|Fuel stations|Concrete,Mt/yr,low,.061827313,.078286819,.094897218,.11658729,.13683578,.15077995,.15801075,.16381766,.16717865,.16717865,.16717865,.16717865,.16717865,.16717865,.16717865,.16717865,.16717865,.16717865
GLOMIS,LED-SSP2,RCPA,Material Release|Infrastructure|Fuel stations|Iron_steel,Mt/yr,low,.0024700181,.0031275791,.003791169,.0046576941,.005466626,.006023699,.0063125719,.0065445602,.0066788322,.0066788322,.0066788322,.0066788322,.0066788322,.0066788322,.0066788322,.0066788322,.0066788322,.0066788322
GLOMIS,LED-SSP2,RCPA,Material Release|Infrastructure|Parking|Aluminum,Mt/yr,low,.000016100001,.000020400001,.0000248,.0000304,.000035699999,.000039300001,.000041200001,.000042700001,.000043600001,.000043600001,.000043600001,.000043600001,.000043600001,.000043600001,.000043600001,.000043600001,.000043600001,.000043600001
GLOMIS,LED-SSP2,RCPA,Material Release|Infrastructure|Parking|Asphalt,Mt/yr,low,.057084609,.072281525,.087617762,.10764401,.12633927,.13921379,.14588992,.15125141,.15435457,.15435457,.15435457,.15435457,.15435457,.15435457,.15435457,.15435457,.15435457,.15435457
GLOMIS,LED-SSP2,RCPA,Material Release|Infrastructure|Parking|Concrete,Mt/yr,low,.049785089,.063038744,.076413907,.093879364,.11018401,.12141225,.1272347,.13191059,.13461694,.13461694,.13461694,.13461694,.13461694,.13461694,.13461694,.13461694,.13461694,.13461694
GLOMIS,LED-SSP2,RCPA,Material Release|Infrastructure|Parking|Iron_steel,Mt/yr,low,.00048982102,.00062021898,.00075181399,.00092365098,.001084068,.001194539,.001251824,.001297829,.001324456,.001324456,.001324456,.001324456,.001324456,.001324456,.001324456,.001324456,.001324456,.001324456
GLOMIS,LED-SSP2,RCPA,Material Release|Infrastructure|Rail|Aluminum,Mt/yr,low,.00029070099,.00036809099,.00044619001,.00054817297,.00064337801,.00070894102,.00074293901,.00077024201,.00078604399,.00078604399,.00078604399,.00078604399,.00078604399,.00078604399,.00078604399,.00078604399,.00078604399,.00078604399
GLOMIS,LED-SSP2,RCPA,Material Release|Infrastructure|Rail|Concrete,Mt/yr,low,.084223852,.1066457,.12927312,.15882027,.18640366,.20539899,.21524912,.22315955,.22773801,.22773801,.22773801,.22773801,.22773801,.22773801,.22773801,.22773801,.22773801,.22773801
GLOMIS,LED-SSP2,RCPA,Material Release|Infrastructure|Rail|Iron_steel,Mt/yr,low,.089012444,.11270911,.13662301,.16785008,.19700173,.21707706,.22748721,.23584738,.24068616,.24068616,.24068616,.24068616,.24068616,.24068616,.24068616,.24068616,.24068616,.24068616
GLOMIS,LED-SSP2,RCPA,Material Release|Infrastructure|Roads|Aluminum,Mt/yr,low,0,0,0,0,0,0,0,0,0,0,0,0,0,0,0,0,0,0
GLOMIS,LED-SSP2,RCPA,Material Release|Infrastructure|Roads|Asphalt,Mt/yr,low,25.102987,31.785841,38.529957,47.336514,55.557766,61.219337,64.155174,66.512886,67.877502,67.877502,67.877502,67.877502,67.877502,67.877502,67.877502,67.877502,67.877502,67.877502
GLOMIS,LED-SSP2,RCPA,Material Release|Infrastructure|Roads|Concrete,Mt/yr,low,0,0,0,0,0,0,0,0,0,0,0,0,0,0,0,0,0,0
GLOMIS,LED-SSP2,RCPA,Material Release|Infrastructure|Roads|Iron_steel,Mt/yr,low,0,0,0,0,0,0,0,0,0,0,0,0,0,0,0,0,0,0
GLOMIS,LED-SSP2,RCPA,Material Release|Infrastructure|Tunnels|Aluminum,Mt/yr,low,.000023099999,.0000292,.0000354,.000043600001,.0000511,.000056299999,.000059000002,.0000612,.000062400002,.000062400002,.000062400002,.000062400002,.000062400002,.000062400002,.000062400002,.000062400002,.000062400002,.000062400002
GLOMIS,LED-SSP2,RCPA,Material Release|Infrastructure|Tunnels|Asphalt,Mt/yr,low,.046349075,.058688007,.071140051,.087400094,.10257945,.11303274,.11845335,.12280652,.1253261,.1253261,.1253261,.1253261,.1253261,.1253261,.1253261,.1253261,.1253261,.1253261
GLOMIS,LED-SSP2,RCPA,Material Release|Infrastructure|Tunnels|Concrete,Mt/yr,low,.25097924,.31779429,.38522184,.47326964,.55546552,.61206985,.64142233,.66499466,.6786381,.6786381,.6786381,.6786381,.6786381,.6786381,.6786381,.6786381,.6786381,.6786381
GLOMIS,LED-SSP2,RCPA,Material Release|Infrastructure|Tunnels|Iron_steel,Mt/yr,low,.0097239977,.012312696,.014925125,.018336467,.021521088,.023714177,.024851417,.025764707,.026293313,.026293313,.026293313,.026293313,.026293313,.026293313,.026293313,.026293313,.026293313,.026293313
GLOMIS,LED-SSP2,SAS,Material Demand|Infrastructure|Bridges|Aluminum,Mt/yr,low,.0024310551,.002529697,.002398432,.002967064,.00323364,.0033268,.003187431,.003220798,.003064625,.003064625,.003064625,.003064625,.003064625,.003064625,.003064625,.003064625,.003064625,.003064625
GLOMIS,LED-SSP2,SAS,Material Demand|Infrastructure|Bridges|Asphalt,Mt/yr,low,4.2231302,4.6984582,4.9389634,5.8506813,6.5453029,7.0922971,7.3968859,7.8290958,8.054142,8.054142,8.054142,8.054142,8.054142,8.054142,8.054142,8.054142,8.054142,8.054142
GLOMIS,LED-SSP2,SAS,Material Demand|Infrastructure|Bridges|Concrete,Mt/yr,low,9.3387012,9.7176228,9.2133789,11.397734,12.421765,12.779631,12.244255,12.372432,11.772507,11.772507,11.772507,11.772507,11.772507,11.772507,11.772507,11.772507,11.772507,11.772507
GLOMIS,LED-SSP2,SAS,Material Demand|Infrastructure|Bridges|Iron_steel,Mt/yr,low,1.8203795,1.8942422,1.7959507,2.2217438,2.4213567,2.4911149,2.386755,2.4117401,2.2947979,2.2947979,2.2947979,2.2947979,2.2947979,2.2947979,2.2947979,2.2947979,2.2947979,2.2947979
GLOMIS,LED-SSP2,SAS,Material Demand|Infrastructure|Buildings|Aluminum,Mt/yr,low,0,0,0,0,0,0,0,0,0,0,0,0,0,0,0,0,0,0
GLOMIS,LED-SSP2,SAS,Material Demand|Infrastructure|Buildings|Concrete,Mt/yr,low,1.4641844,1.5324591,1.4670645,1.8073233,1.9746302,2.0419714,1.9739752,2.0049858,1.9254007,1.9254007,1.9254007,1.9254007,1.9254007,1.9254007,1.9254007,1.9254007,1.9254007,1.9254007
GLOMIS,LED-SSP2,SAS,Material Demand|Infrastructure|Buildings|Iron_steel,Mt/yr,low,0,0,0,0,0,0,0,0,0,0,0,0,0,0,0,0,0,0
GLOMIS,LED-SSP2,SAS,Material Demand|Infrastructure|Charging stations|Aluminum,Mt/yr,low,1.1200000e-07,1.2700001e-07,1.3700000e-07,1.6100000e-07,1.8100000e-07,1.9900000e-07,2.1200000e-07,2.2600000e-07,2.3699999e-07,2.3699999e-07,2.3699999e-07,2.3699999e-07,2.3699999e-07,2.3699999e-07,2.3699999e-07,2.3699999e-07,2.3699999e-07,2.3699999e-07
GLOMIS,LED-SSP2,SAS,Material Demand|Infrastructure|Charging stations|Concrete,Mt/yr,low,.000017300001,.000019700001,.0000213,.0000249,.000028099999,.000030800002,.000032799999,.000035100002,.000036599999,.000036599999,.000036599999,.000036599999,.000036599999,.000036599999,.000036599999,.000036599999,.000036599999,.000036599999
GLOMIS,LED-SSP2,SAS,Material Demand|Infrastructure|Charging stations|Iron_steel,Mt/yr,low,2.8899999e-06,3.2800001e-06,3.5400001e-06,4.1500002e-06,4.6800001e-06,5.1299999e-06,5.4600000e-06,5.8400001e-06,6.1000001e-06,6.1000001e-06,6.1000001e-06,6.1000001e-06,6.1000001e-06,6.1000001e-06,6.1000001e-06,6.1000001e-06,6.1000001e-06,6.1000001e-06
GLOMIS,LED-SSP2,SAS,Material Demand|Infrastructure|Fuel stations|Aluminum,Mt/yr,low,.00021821899,.00023951801,.00024691701,.00029484401,.000328252,.00035238301,.000362255,.00038057199,.000386873,.000386873,.000386873,.000386873,.000386873,.000386873,.000386873,.000386873,.000386873,.000386873
GLOMIS,LED-SSP2,SAS,Material Demand|Infrastructure|Fuel stations|Concrete,Mt/yr,low,.81494123,.89448285,.92211521,1.1010996,1.2258618,1.3159789,1.3528448,1.4212495,1.444784,1.444784,1.444784,1.444784,1.444784,1.444784,1.444784,1.444784,1.444784,1.444784
GLOMIS,LED-SSP2,SAS,Material Demand|Infrastructure|Fuel stations|Iron_steel,Mt/yr,low,.032557119,.035734829,.036838748,.043989226,.048973508,.052573711,.054046515,.056779295,.05771951,.05771951,.05771951,.05771951,.05771951,.05771951,.05771951,.05771951,.05771951,.05771951
GLOMIS,LED-SSP2,SAS,Material Demand|Infrastructure|Parking|Aluminum,Mt/yr,low,.000161697,.000170559,.000165376,.000202621,.00022210499,.000231217,.00022608601,.000231139,.000224509,.000224509,.000224509,.000224509,.000224509,.000224509,.000224509,.000224509,.000224509,.000224509
GLOMIS,LED-SSP2,SAS,Material Demand|Infrastructure|Parking|Asphalt,Mt/yr,low,.33747482,.37579033,.39552042,.46829376,.52405423,.56818527,.59312153,.62806809,.64659309,.64659309,.64659309,.64659309,.64659309,.64659309,.64659309,.64659309,.64659309,.64659309
GLOMIS,LED-SSP2,SAS,Material Demand|Infrastructure|Parking|Concrete,Mt/yr,low,.54302722,.57278955,.5553816,.68046296,.74589539,.7764976,.75926673,.77623546,.75397092,.75397092,.75397092,.75397092,.75397092,.75397092,.75397092,.75397092,.75397092,.75397092
GLOMIS,LED-SSP2,SAS,Material Demand|Infrastructure|Parking|Iron_steel,Mt/yr,low,.0056949658,.0060070972,.0058245319,.0071363151,.0078225341,.0081434734,.0079627652,.0081407242,.0079072258,.0079072258,.0079072258,.0079072258,.0079072258,.0079072258,.0079072258,.0079072258,.0079072258,.0079072258
GLOMIS,LED-SSP2,SAS,Material Demand|Infrastructure|Rail|Aluminum,Mt/yr,low,.0068136421,.007305827,.0072704251,.0088101644,.0097216237,.010256062,.010253414,.010612523,.010527046,.010527046,.010527046,.010527046,.010527046,.010527046,.010527046,.010527046,.010527046,.010527046
GLOMIS,LED-SSP2,SAS,Material Demand|Infrastructure|Rail|Concrete,Mt/yr,low,1.8897774,2.0228603,2.0077615,2.4356685,2.6858544,2.8297412,2.8228462,2.9182279,2.8889272,2.8889272,2.8889272,2.8889272,2.8889272,2.8889272,2.8889272,2.8889272,2.8889272,2.8889272
GLOMIS,LED-SSP2,SAS,Material Demand|Infrastructure|Rail|Iron_steel,Mt/yr,low,1.5300266,1.6780432,1.7278873,2.0642555,2.2974868,2.4650061,2.5318463,2.6586483,2.7006781,2.7006781,2.7006781,2.7006781,2.7006781,2.7006781,2.7006781,2.7006781,2.7006781,2.7006781
GLOMIS,LED-SSP2,SAS,Material Demand|Infrastructure|Roads|Aluminum,Mt/yr,low,0,0,0,0,0,0,0,0,0,0,0,0,0,0,0,0,0,0
GLOMIS,LED-SSP2,SAS,Material Demand|Infrastructure|Roads|Asphalt,Mt/yr,low,214.33199,238.01653,249.54555,295.92694,330.84573,358.05011,372.71854,394.11319,404.81744,404.81744,404.81744,404.81744,404.81744,404.81744,404.81744,404.81744,404.81744,404.81744
GLOMIS,LED-SSP2,SAS,Material Demand|Infrastructure|Roads|Concrete,Mt/yr,low,0,0,0,0,0,0,0,0,0,0,0,0,0,0,0,0,0,0
GLOMIS,LED-SSP2,SAS,Material Demand|Infrastructure|Roads|Iron_steel,Mt/yr,low,0,0,0,0,0,0,0,0,0,0,0,0,0,0,0,0,0,0
GLOMIS,LED-SSP2,SAS,Material Demand|Infrastructure|Runways|Aluminum,Mt/yr,low,0,0,0,0,0,0,0,0,0,0,0,0,0,0,0,0,0,0
GLOMIS,LED-SSP2,SAS,Material Demand|Infrastructure|Runways|Concrete,Mt/yr,low,0,0,0,0,0,0,0,0,0,0,0,0,0,0,0,0,0,0
GLOMIS,LED-SSP2,SAS,Material Demand|Infrastructure|Runways|Iron_steel,Mt/yr,low,0,0,0,0,0,0,0,0,0,0,0,0,0,0,0,0,0,0
GLOMIS,LED-SSP2,SAS,Material Demand|Infrastructure|Tunnels|Aluminum,Mt/yr,low,.00046496201,.00048382799,.00045872299,.000567479,.00061846402,.00063628203,.000609626,.00061600801,.00058613898,.00058613898,.00058613898,.00058613898,.00058613898,.00058613898,.00058613898,.00058613898,.00058613898,.00058613898
GLOMIS,LED-SSP2,SAS,Material Demand|Infrastructure|Tunnels|Asphalt,Mt/yr,low,.13772954,.15309425,.16072634,.19049467,.21304393,.23070924,.24039599,.25432274,.2614381,.2614381,.2614381,.2614381,.2614381,.2614381,.2614381,.2614381,.2614381,.2614381
GLOMIS,LED-SSP2,SAS,Material Demand|Infrastructure|Tunnels|Concrete,Mt/yr,low,2.2725072,2.3647151,2.2420108,2.7735581,3.0227489,3.109833,2.9795532,3.0107441,2.8647568,2.8647568,2.8647568,2.8647568,2.8647568,2.8647568,2.8647568,2.8647568,2.8647568,2.8647568
GLOMIS,LED-SSP2,SAS,Material Demand|Infrastructure|Tunnels|Iron_steel,Mt/yr,low,.10886697,.11328429,.10740601,.13287038,.14480814,.14897999,.1427388,.14423303,.13723934,.13723934,.13723934,.13723934,.13723934,.13723934,.13723934,.13723934,.13723934,.13723934
GLOMIS,LED-SSP2,SAS,Material Release|Infrastructure|Bridges|Aluminum,Mt/yr,low,.00053714699,.00063578802,.000725233,.000831638,.00094907201,.001067027,.001174441,.001276425,.001367397,.001367397,.001367397,.001367397,.001367397,.001367397,.001367397,.001367397,.001367397,.001367397
GLOMIS,LED-SSP2,SAS,Material Release|Infrastructure|Bridges|Asphalt,Mt/yr,low,2.5883834,3.0637114,3.4947248,4.0074663,4.5733547,5.1417508,5.6593533,6.1507907,6.5891614,6.5891614,6.5891614,6.5891614,6.5891614,6.5891614,6.5891614,6.5891614,6.5891614,6.5891614
GLOMIS,LED-SSP2,SAS,Material Release|Infrastructure|Bridges|Concrete,Mt/yr,low,2.0634055,2.4423273,2.7859223,3.1946692,3.6457837,4.0988975,4.511519,4.9032831,5.2527432,5.2527432,5.2527432,5.2527432,5.2527432,5.2527432,5.2527432,5.2527432,5.2527432,5.2527432
GLOMIS,LED-SSP2,SAS,Material Release|Infrastructure|Bridges|Iron_steel,Mt/yr,low,.40221667,.47607931,.54305583,.62273228,.71066737,.79899216,.87942392,.95578986,1.0239097,1.0239097,1.0239097,1.0239097,1.0239097,1.0239097,1.0239097,1.0239097,1.0239097,1.0239097
GLOMIS,LED-SSP2,SAS,Material Release|Infrastructure|Buildings|Aluminum,Mt/yr,low,0,0,0,0,0,0,0,0,0,0,0,0,0,0,0,0,0,0
GLOMIS,LED-SSP2,SAS,Material Release|Infrastructure|Buildings|Concrete,Mt/yr,low,.37178808,.44006285,.50197238,.57562119,.65690374,.73854661,.81289351,.88348222,.94644856,.94644856,.94644856,.94644856,.94644856,.94644856,.94644856,.94644856,.94644856,.94644856
GLOMIS,LED-SSP2,SAS,Material Release|Infrastructure|Buildings|Iron_steel,Mt/yr,low,0,0,0,0,0,0,0,0,0,0,0,0,0,0,0,0,0,0
GLOMIS,LED-SSP2,SAS,Material Release|Infrastructure|Charging stations|Aluminum,Mt/yr,low,8.2699998e-08,9.7899999e-08,1.1200000e-07,1.2800000e-07,1.4600000e-07,1.6400000e-07,1.8100000e-07,1.9600000e-07,2.1000000e-07,2.1000000e-07,2.1000000e-07,2.1000000e-07,2.1000000e-07,2.1000000e-07,2.1000000e-07,2.1000000e-07,2.1000000e-07,2.1000000e-07
GLOMIS,LED-SSP2,SAS,Material Release|Infrastructure|Charging stations|Concrete,Mt/yr,low,.0000128,.0000152,.000017300001,.0000198,.000022599999,.000025400001,.000028,.0000304,.000032600001,.000032600001,.000032600001,.000032600001,.000032600001,.000032600001,.000032600001,.000032600001,.000032600001,.000032600001
GLOMIS,LED-SSP2,SAS,Material Release|Infrastructure|Charging stations|Iron_steel,Mt/yr,low,2.1300000e-06,2.5200000e-06,2.8800000e-06,3.2999999e-06,3.7699999e-06,4.2400002e-06,4.6599998e-06,5.0700000e-06,5.4299999e-06,5.4299999e-06,5.4299999e-06,5.4299999e-06,5.4299999e-06,5.4299999e-06,5.4299999e-06,5.4299999e-06,5.4299999e-06,5.4299999e-06
GLOMIS,LED-SSP2,SAS,Material Release|Infrastructure|Fuel stations|Aluminum,Mt/yr,low,.000115983,.000137282,.000156596,.000179571,.000204928,.000230398,.00025359099,.00027561199,.00029525501,.00029525501,.00029525501,.00029525501,.00029525501,.00029525501,.00029525501,.00029525501,.00029525501,.00029525501
GLOMIS,LED-SSP2,SAS,Material Release|Infrastructure|Fuel stations|Concrete,Mt/yr,low,.43314141,.51268303,.58480906,.6706115,.76530755,.86042321,.94703901,1.0292765,1.1026337,1.1026337,1.1026337,1.1026337,1.1026337,1.1026337,1.1026337,1.1026337,1.1026337,1.1026337
GLOMIS,LED-SSP2,SAS,Material Release|Infrastructure|Fuel stations|Iron_steel,Mt/yr,low,.017304115,.020481825,.023363277,.026791111,.030574242,.03437414,.037834462,.04111987,.044050515,.044050515,.044050515,.044050515,.044050515,.044050515,.044050515,.044050515,.044050515,.044050515
GLOMIS,LED-SSP2,SAS,Material Release|Infrastructure|Parking|Aluminum,Mt/yr,low,.0000483,.000057099998,.000065200002,.000074700001,.000085300002,.000095900003,.000105516,.000114679,.000122852,.000122852,.000122852,.000122852,.000122852,.000122852,.000122852,.000122852,.000122852,.000122852
GLOMIS,LED-SSP2,SAS,Material Release|Infrastructure|Parking|Asphalt,Mt/yr,low,.20864588,.24696139,.28170475,.32303613,.36865157,.41446918,.45619234,.49580643,.53114289,.53114289,.53114289,.53114289,.53114289,.53114289,.53114289,.53114289,.53114289,.53114289
GLOMIS,LED-SSP2,SAS,Material Release|Infrastructure|Parking|Concrete,Mt/yr,low,.16206969,.19183201,.21881957,.25092453,.28635719,.32194689,.35435617,.38512716,.41257545,.41257545,.41257545,.41257545,.41257545,.41257545,.41257545,.41257545,.41257545,.41257545
GLOMIS,LED-SSP2,SAS,Material Release|Infrastructure|Parking|Iron_steel,Mt/yr,low,.0016996959,.002011827,.002294858,.002631556,.0030031539,.0033763989,.0037162891,.0040389989,.0043268609,.0043268609,.0043268609,.0043268609,.0043268609,.0043268609,.0043268609,.0043268609,.0043268609,.0043268609
GLOMIS,LED-SSP2,SAS,Material Release|Infrastructure|Rail|Aluminum,Mt/yr,low,.0026801759,.0031723611,.0036186599,.004149585,.004735542,.005324095,.005860053,.0063689188,.0068228361,.0068228361,.0068228361,.0068228361,.0068228361,.0068228361,.0068228361,.0068228361,.0068228361,.0068228361
GLOMIS,LED-SSP2,SAS,Material Release|Infrastructure|Rail|Concrete,Mt/yr,low,.72469825,.85778105,.97845668,1.1220146,1.2804526,1.4395927,1.5845115,1.7221048,1.8448404,1.8448404,1.8448404,1.8448404,1.8448404,1.8448404,1.8448404,1.8448404,1.8448404,1.8448404
GLOMIS,LED-SSP2,SAS,Material Release|Infrastructure|Rail|Iron_steel,Mt/yr,low,.8060202,.95403689,1.0882541,1.2479213,1.4241384,1.6011366,1.7623173,1.9153504,2.0518589,2.0518589,2.0518589,2.0518589,2.0518589,2.0518589,2.0518589,2.0518589,2.0518589,2.0518589
GLOMIS,LED-SSP2,SAS,Material Release|Infrastructure|Roads|Aluminum,Mt/yr,low,0,0,0,0,0,0,0,0,0,0,0,0,0,0,0,0,0,0
GLOMIS,LED-SSP2,SAS,Material Release|Infrastructure|Roads|Asphalt,Mt/yr,low,128.97336,152.6579,174.13434,199.68311,227.88007,256.20197,281.99292,306.48016,328.32324,328.32324,328.32324,328.32324,328.32324,328.32324,328.32324,328.32324,328.32324,328.32324
GLOMIS,LED-SSP2,SAS,Material Release|Infrastructure|Roads|Concrete,Mt/yr,low,0,0,0,0,0,0,0,0,0,0,0,0,0,0,0,0,0,0
GLOMIS,LED-SSP2,SAS,Material Release|Infrastructure|Roads|Iron_steel,Mt/yr,low,0,0,0,0,0,0,0,0,0,0,0,0,0,0,0,0,0,0
GLOMIS,LED-SSP2,SAS,Material Release|Infrastructure|Runways|Aluminum,Mt/yr,low,0,0,0,0,0,0,0,0,0,0,0,0,0,0,0,0,0,0
GLOMIS,LED-SSP2,SAS,Material Release|Infrastructure|Runways|Concrete,Mt/yr,low,0,0,0,0,0,0,0,0,0,0,0,0,0,0,0,0,0,0
GLOMIS,LED-SSP2,SAS,Material Release|Infrastructure|Runways|Iron_steel,Mt/yr,low,0,0,0,0,0,0,0,0,0,0,0,0,0,0,0,0,0,0
GLOMIS,LED-SSP2,SAS,Material Release|Infrastructure|Tunnels|Aluminum,Mt/yr,low,.000102734,.0001216,.000138708,.000159059,.000181519,.000204079,.000224623,.00024412799,.00026152801,.00026152801,.00026152801,.00026152801,.00026152801,.00026152801,.00026152801,.00026152801,.00026152801,.00026152801
GLOMIS,LED-SSP2,SAS,Material Release|Infrastructure|Tunnels|Asphalt,Mt/yr,low,.083667956,.099032655,.11296491,.12953898,.14783098,.16620407,.18293524,.19882067,.21299076,.21299076,.21299076,.21299076,.21299076,.21299076,.21299076,.21299076,.21299076,.21299076
GLOMIS,LED-SSP2,SAS,Material Release|Infrastructure|Tunnels|Concrete,Mt/yr,low,.50211525,.59432316,.67793459,.77740026,.8871758,.99743783,1.0978464,1.1931794,1.2782182,1.2782182,1.2782182,1.2782182,1.2782182,1.2782182,1.2782182,1.2782182,1.2782182,1.2782182
GLOMIS,LED-SSP2,SAS,Material Release|Infrastructure|Tunnels|Iron_steel,Mt/yr,low,.024054386,.028471708,.032477207,.037242223,.042501137,.047783364,.052593548,.057160579,.061234452,.061234452,.061234452,.061234452,.061234452,.061234452,.061234452,.061234452,.061234452,.061234452
GLOMIS,LED-SSP2,WEU,Material Demand|Infrastructure|Bridges|Aluminum,Mt/yr,low,.001134282,.001180318,.000305639,.000305639,.000305639,.000305639,.000305639,.000305639,.000305639,.000305639,.000305639,.000305639,.000305639,.000305639,.000305639,.000305639,.000305639,.000305639
GLOMIS,LED-SSP2,WEU,Material Demand|Infrastructure|Bridges|Asphalt,Mt/yr,low,8.6370821,9.6073112,6.4415097,6.4415097,6.4415097,6.4415097,6.4415097,6.4415097,6.4415097,6.4415097,6.4415097,6.4415097,6.4415097,6.4415097,6.4415097,6.4415097,6.4415097,6.4415097
GLOMIS,LED-SSP2,WEU,Material Demand|Infrastructure|Bridges|Concrete,Mt/yr,low,17.15654,17.852852,4.6229253,4.6229253,4.6229253,4.6229253,4.6229253,4.6229253,4.6229253,4.6229253,4.6229253,4.6229253,4.6229253,4.6229253,4.6229253,4.6229253,4.6229253,4.6229253
GLOMIS,LED-SSP2,WEU,Material Demand|Infrastructure|Bridges|Iron_steel,Mt/yr,low,4.6436524,4.832119,1.251258,1.251258,1.251258,1.251258,1.251258,1.251258,1.251258,1.251258,1.251258,1.251258,1.251258,1.251258,1.251258,1.251258,1.251258,1.251258
GLOMIS,LED-SSP2,WEU,Material Demand|Infrastructure|Buildings|Aluminum,Mt/yr,low,0,0,0,0,0,0,0,0,0,0,0,0,0,0,0,0,0,0
GLOMIS,LED-SSP2,WEU,Material Demand|Infrastructure|Buildings|Concrete,Mt/yr,low,6.6527038,6.9630098,2.0601721,2.0601721,2.0601721,2.0601721,2.0601721,2.0601721,2.0601721,2.0601721,2.0601721,2.0601721,2.0601721,2.0601721,2.0601721,2.0601721,2.0601721,2.0601721
GLOMIS,LED-SSP2,WEU,Material Demand|Infrastructure|Buildings|Iron_steel,Mt/yr,low,0,0,0,0,0,0,0,0,0,0,0,0,0,0,0,0,0,0
GLOMIS,LED-SSP2,WEU,Material Demand|Infrastructure|Charging stations|Aluminum,Mt/yr,low,.000028799999,.000032700002,.000026,.000026,.000026,.000026,.000026,.000026,.000026,.000026,.000026,.000026,.000026,.000026,.000026,.000026,.000026,.000026
GLOMIS,LED-SSP2,WEU,Material Demand|Infrastructure|Charging stations|Concrete,Mt/yr,low,.0044582039,.0050640078,.004022026,.004022026,.004022026,.004022026,.004022026,.004022026,.004022026,.004022026,.004022026,.004022026,.004022026,.004022026,.004022026,.004022026,.004022026,.004022026
GLOMIS,LED-SSP2,WEU,Material Demand|Infrastructure|Charging stations|Iron_steel,Mt/yr,low,.000742851,.00084379403,.00067017297,.00067017297,.00067017297,.00067017297,.00067017297,.00067017297,.00067017297,.00067017297,.00067017297,.00067017297,.00067017297,.00067017297,.00067017297,.00067017297,.00067017297,.00067017297
GLOMIS,LED-SSP2,WEU,Material Demand|Infrastructure|Fuel stations|Aluminum,Mt/yr,low,.00073435297,.00080607302,.00047616099,.00047616099,.00047616099,.00047616099,.00047616099,.00047616099,.00047616099,.00047616099,.00047616099,.00047616099,.00047616099,.00047616099,.00047616099,.00047616099,.00047616099,.00047616099
GLOMIS,LED-SSP2,WEU,Material Demand|Infrastructure|Fuel stations|Concrete,Mt/yr,low,2.7424519,3.0102916,1.7782294,1.7782294,1.7782294,1.7782294,1.7782294,1.7782294,1.7782294,1.7782294,1.7782294,1.7782294,1.7782294,1.7782294,1.7782294,1.7782294,1.7782294,1.7782294
GLOMIS,LED-SSP2,WEU,Material Demand|Infrastructure|Fuel stations|Iron_steel,Mt/yr,low,.10956169,.12026195,.071040742,.071040742,.071040742,.071040742,.071040742,.071040742,.071040742,.071040742,.071040742,.071040742,.071040742,.071040742,.071040742,.071040742,.071040742,.071040742
GLOMIS,LED-SSP2,WEU,Material Demand|Infrastructure|Parking|Aluminum,Mt/yr,low,.011422074,.012048313,.004157701,.004157701,.004157701,.004157701,.004157701,.004157701,.004157701,.004157701,.004157701,.004157701,.004157701,.004157701,.004157701,.004157701,.004157701,.004157701
GLOMIS,LED-SSP2,WEU,Material Demand|Infrastructure|Parking|Asphalt,Mt/yr,low,25.492481,28.388866,19.229568,19.229568,19.229568,19.229568,19.229568,19.229568,19.229568,19.229568,19.229568,19.229568,19.229568,19.229568,19.229568,19.229568,19.229568,19.229568
GLOMIS,LED-SSP2,WEU,Material Demand|Infrastructure|Parking|Concrete,Mt/yr,low,33.877045,35.734425,12.331439,12.331439,12.331439,12.331439,12.331439,12.331439,12.331439,12.331439,12.331439,12.331439,12.331439,12.331439,12.331439,12.331439,12.331439,12.331439
GLOMIS,LED-SSP2,WEU,Material Demand|Infrastructure|Parking|Iron_steel,Mt/yr,low,.3221589,.33982193,.11726769,.11726769,.11726769,.11726769,.11726769,.11726769,.11726769,.11726769,.11726769,.11726769,.11726769,.11726769,.11726769,.11726769,.11726769,.11726769
GLOMIS,LED-SSP2,WEU,Material Demand|Infrastructure|Rail|Aluminum,Mt/yr,low,.028046045,.030042786,.013256672,.013256672,.013256672,.013256672,.013256672,.013256672,.013256672,.013256672,.013256672,.013256672,.013256672,.013256672,.013256672,.013256672,.013256672,.013256672
GLOMIS,LED-SSP2,WEU,Material Demand|Infrastructure|Rail|Concrete,Mt/yr,low,8.3853235,8.9632759,3.8371141,3.8371141,3.8371141,3.8371141,3.8371141,3.8371141,3.8371141,3.8371141,3.8371141,3.8371141,3.8371141,3.8371141,3.8371141,3.8371141,3.8371141,3.8371141
GLOMIS,LED-SSP2,WEU,Material Demand|Infrastructure|Rail|Iron_steel,Mt/yr,low,3.9467385,4.3240833,2.5052536,2.5052536,2.5052536,2.5052536,2.5052536,2.5052536,2.5052536,2.5052536,2.5052536,2.5052536,2.5052536,2.5052536,2.5052536,2.5052536,2.5052536,2.5052536
GLOMIS,LED-SSP2,WEU,Material Demand|Infrastructure|Roads|Aluminum,Mt/yr,low,0,0,0,0,0,0,0,0,0,0,0,0,0,0,0,0,0,0
GLOMIS,LED-SSP2,WEU,Material Demand|Infrastructure|Roads|Asphalt,Mt/yr,low,566.21686,628.90533,416.19891,416.19891,416.19891,416.19891,416.19891,416.19891,416.19891,416.19891,416.19891,416.19891,416.19891,416.19891,416.19891,416.19891,416.19891,416.19891
GLOMIS,LED-SSP2,WEU,Material Demand|Infrastructure|Roads|Concrete,Mt/yr,low,0,0,0,0,0,0,0,0,0,0,0,0,0,0,0,0,0,0
GLOMIS,LED-SSP2,WEU,Material Demand|Infrastructure|Roads|Iron_steel,Mt/yr,low,0,0,0,0,0,0,0,0,0,0,0,0,0,0,0,0,0,0
GLOMIS,LED-SSP2,WEU,Material Demand|Infrastructure|Runways|Aluminum,Mt/yr,low,0,0,0,0,0,0,0,0,0,0,0,0,0,0,0,0,0,0
GLOMIS,LED-SSP2,WEU,Material Demand|Infrastructure|Runways|Concrete,Mt/yr,low,.61673403,.64176464,.16618241,.16618241,.16618241,.16618241,.16618241,.16618241,.16618241,.16618241,.16618241,.16618241,.16618241,.16618241,.16618241,.16618241,.16618241,.16618241
GLOMIS,LED-SSP2,WEU,Material Demand|Infrastructure|Runways|Iron_steel,Mt/yr,low,0,0,0,0,0,0,0,0,0,0,0,0,0,0,0,0,0,0
GLOMIS,LED-SSP2,WEU,Material Demand|Infrastructure|Tunnels|Aluminum,Mt/yr,low,.006638323,.0069077448,.0017887329,.0017887329,.0017887329,.0017887329,.0017887329,.0017887329,.0017887329,.0017887329,.0017887329,.0017887329,.0017887329,.0017887329,.0017887329,.0017887329,.0017887329,.0017887329
GLOMIS,LED-SSP2,WEU,Material Demand|Infrastructure|Tunnels|Asphalt,Mt/yr,low,4.9021988,5.4555316,3.6736617,3.6736617,3.6736617,3.6736617,3.6736617,3.6736617,3.6736617,3.6736617,3.6736617,3.6736617,3.6736617,3.6736617,3.6736617,3.6736617,3.6736617,3.6736617
GLOMIS,LED-SSP2,WEU,Material Demand|Infrastructure|Tunnels|Concrete,Mt/yr,low,47.891747,49.835468,12.904697,12.904697,12.904697,12.904697,12.904697,12.904697,12.904697,12.904697,12.904697,12.904697,12.904697,12.904697,12.904697,12.904697,12.904697,12.904697
GLOMIS,LED-SSP2,WEU,Material Demand|Infrastructure|Tunnels|Iron_steel,Mt/yr,low,2.1135409,2.1993206,.56950533,.56950533,.56950533,.56950533,.56950533,.56950533,.56950533,.56950533,.56950533,.56950533,.56950533,.56950533,.56950533,.56950533,.56950533,.56950533
GLOMIS,LED-SSP2,WEU,Material Release|Infrastructure|Bridges|Aluminum,Mt/yr,low,.000250396,.000296432,.000305639,.000305639,.000305639,.000305639,.000305639,.000305639,.000305639,.000305639,.000305639,.000305639,.000305639,.000305639,.000305639,.000305639,.000305639,.000305639
GLOMIS,LED-SSP2,WEU,Material Release|Infrastructure|Bridges|Asphalt,Mt/yr,low,5.2772341,6.2474642,6.4415097,6.4415097,6.4415097,6.4415097,6.4415097,6.4415097,6.4415097,6.4415097,6.4415097,6.4415097,6.4415097,6.4415097,6.4415097,6.4415097,6.4415097,6.4415097
GLOMIS,LED-SSP2,WEU,Material Release|Infrastructure|Bridges|Concrete,Mt/yr,low,3.7873509,4.4836631,4.6229253,4.6229253,4.6229253,4.6229253,4.6229253,4.6229253,4.6229253,4.6229253,4.6229253,4.6229253,4.6229253,4.6229253,4.6229253,4.6229253,4.6229253,4.6229253
GLOMIS,LED-SSP2,WEU,Material Release|Infrastructure|Bridges|Iron_steel,Mt/yr,low,1.0250984,1.2135648,1.251258,1.251258,1.251258,1.251258,1.251258,1.251258,1.251258,1.251258,1.251258,1.251258,1.251258,1.251258,1.251258,1.251258,1.251258,1.251258
GLOMIS,LED-SSP2,WEU,Material Release|Infrastructure|Buildings|Aluminum,Mt/yr,low,0,0,0,0,0,0,0,0,0,0,0,0,0,0,0,0,0,0
GLOMIS,LED-SSP2,WEU,Material Release|Infrastructure|Buildings|Concrete,Mt/yr,low,1.6878046,1.9981108,2.0601721,2.0601721,2.0601721,2.0601721,2.0601721,2.0601721,2.0601721,2.0601721,2.0601721,2.0601721,2.0601721,2.0601721,2.0601721,2.0601721,2.0601721,2.0601721
GLOMIS,LED-SSP2,WEU,Material Release|Infrastructure|Buildings|Iron_steel,Mt/yr,low,0,0,0,0,0,0,0,0,0,0,0,0,0,0,0,0,0,0
GLOMIS,LED-SSP2,WEU,Material Release|Infrastructure|Charging stations|Aluminum,Mt/yr,low,.0000213,.000025200001,.000026,.000026,.000026,.000026,.000026,.000026,.000026,.000026,.000026,.000026,.000026,.000026,.000026,.000026,.000026,.000026
GLOMIS,LED-SSP2,WEU,Material Release|Infrastructure|Charging stations|Concrete,Mt/yr,low,.0032950609,.0039008651,.004022026,.004022026,.004022026,.004022026,.004022026,.004022026,.004022026,.004022026,.004022026,.004022026,.004022026,.004022026,.004022026,.004022026,.004022026,.004022026
GLOMIS,LED-SSP2,WEU,Material Release|Infrastructure|Charging stations|Iron_steel,Mt/yr,low,.00054904202,.00064998399,.00067017297,.00067017297,.00067017297,.00067017297,.00067017297,.00067017297,.00067017297,.00067017297,.00067017297,.00067017297,.00067017297,.00067017297,.00067017297,.00067017297,.00067017297,.00067017297
GLOMIS,LED-SSP2,WEU,Material Release|Infrastructure|Fuel stations|Aluminum,Mt/yr,low,.000390097,.00046181699,.00047616099,.00047616099,.00047616099,.00047616099,.00047616099,.00047616099,.00047616099,.00047616099,.00047616099,.00047616099,.00047616099,.00047616099,.00047616099,.00047616099,.00047616099,.00047616099
GLOMIS,LED-SSP2,WEU,Material Release|Infrastructure|Fuel stations|Concrete,Mt/yr,low,1.4568219,1.7246615,1.7782294,1.7782294,1.7782294,1.7782294,1.7782294,1.7782294,1.7782294,1.7782294,1.7782294,1.7782294,1.7782294,1.7782294,1.7782294,1.7782294,1.7782294,1.7782294
GLOMIS,LED-SSP2,WEU,Material Release|Infrastructure|Fuel stations|Iron_steel,Mt/yr,low,.058200426,.068900689,.071040742,.071040742,.071040742,.071040742,.071040742,.071040742,.071040742,.071040742,.071040742,.071040742,.071040742,.071040742,.071040742,.071040742,.071040742,.071040742
GLOMIS,LED-SSP2,WEU,Material Release|Infrastructure|Parking|Aluminum,Mt/yr,low,.0034062141,.0040324531,.004157701,.004157701,.004157701,.004157701,.004157701,.004157701,.004157701,.004157701,.004157701,.004157701,.004157701,.004157701,.004157701,.004157701,.004157701,.004157701
GLOMIS,LED-SSP2,WEU,Material Release|Infrastructure|Parking|Asphalt,Mt/yr,low,15.753906,18.650291,19.229568,19.229568,19.229568,19.229568,19.229568,19.229568,19.229568,19.229568,19.229568,19.229568,19.229568,19.229568,19.229568,19.229568,19.229568,19.229568
GLOMIS,LED-SSP2,WEU,Material Release|Infrastructure|Parking|Concrete,Mt/yr,low,10.102583,11.959963,12.331439,12.331439,12.331439,12.331439,12.331439,12.331439,12.331439,12.331439,12.331439,12.331439,12.331439,12.331439,12.331439,12.331439,12.331439,12.331439
GLOMIS,LED-SSP2,WEU,Material Release|Infrastructure|Parking|Iron_steel,Mt/yr,low,.096072048,.11373509,.11726769,.11726769,.11726769,.11726769,.11726769,.11726769,.11726769,.11726769,.11726769,.11726769,.11726769,.11726769,.11726769,.11726769,.11726769,.11726769
GLOMIS,LED-SSP2,WEU,Material Release|Infrastructure|Rail|Aluminum,Mt/yr,low,.010860584,.012857324,.013256672,.013256672,.013256672,.013256672,.013256672,.013256672,.013256672,.013256672,.013256672,.013256672,.013256672,.013256672,.013256672,.013256672,.013256672,.013256672
GLOMIS,LED-SSP2,WEU,Material Release|Infrastructure|Rail|Concrete,Mt/yr,low,3.1435719,3.7215235,3.8371141,3.8371141,3.8371141,3.8371141,3.8371141,3.8371141,3.8371141,3.8371141,3.8371141,3.8371141,3.8371141,3.8371141,3.8371141,3.8371141,3.8371141,3.8371141
GLOMIS,LED-SSP2,WEU,Material Release|Infrastructure|Rail|Iron_steel,Mt/yr,low,2.0524395,2.4297845,2.5052536,2.5052536,2.5052536,2.5052536,2.5052536,2.5052536,2.5052536,2.5052536,2.5052536,2.5052536,2.5052536,2.5052536,2.5052536,2.5052536,2.5052536,2.5052536
GLOMIS,LED-SSP2,WEU,Material Release|Infrastructure|Roads|Aluminum,Mt/yr,low,0,0,0,0,0,0,0,0,0,0,0,0,0,0,0,0,0,0
GLOMIS,LED-SSP2,WEU,Material Release|Infrastructure|Roads|Asphalt,Mt/yr,low,340.97272,403.66122,416.19891,416.19891,416.19891,416.19891,416.19891,416.19891,416.19891,416.19891,416.19891,416.19891,416.19891,416.19891,416.19891,416.19891,416.19891,416.19891
GLOMIS,LED-SSP2,WEU,Material Release|Infrastructure|Roads|Concrete,Mt/yr,low,0,0,0,0,0,0,0,0,0,0,0,0,0,0,0,0,0,0
GLOMIS,LED-SSP2,WEU,Material Release|Infrastructure|Roads|Iron_steel,Mt/yr,low,0,0,0,0,0,0,0,0,0,0,0,0,0,0,0,0,0,0
GLOMIS,LED-SSP2,WEU,Material Release|Infrastructure|Runways|Aluminum,Mt/yr,low,0,0,0,0,0,0,0,0,0,0,0,0,0,0,0,0,0,0
GLOMIS,LED-SSP2,WEU,Material Release|Infrastructure|Runways|Concrete,Mt/yr,low,.13614565,.16117628,.16618241,.16618241,.16618241,.16618241,.16618241,.16618241,.16618241,.16618241,.16618241,.16618241,.16618241,.16618241,.16618241,.16618241,.16618241,.16618241
GLOMIS,LED-SSP2,WEU,Material Release|Infrastructure|Runways|Iron_steel,Mt/yr,low,0,0,0,0,0,0,0,0,0,0,0,0,0,0,0,0,0,0
GLOMIS,LED-SSP2,WEU,Material Release|Infrastructure|Tunnels|Aluminum,Mt/yr,low,.001465427,.0017348489,.0017887329,.0017887329,.0017887329,.0017887329,.0017887329,.0017887329,.0017887329,.0017887329,.0017887329,.0017887329,.0017887329,.0017887329,.0017887329,.0017887329,.0017887329,.0017887329
GLOMIS,LED-SSP2,WEU,Material Release|Infrastructure|Tunnels|Asphalt,Mt/yr,low,3.0096629,3.5629954,3.6736617,3.6736617,3.6736617,3.6736617,3.6736617,3.6736617,3.6736617,3.6736617,3.6736617,3.6736617,3.6736617,3.6736617,3.6736617,3.6736617,3.6736617,3.6736617
GLOMIS,LED-SSP2,WEU,Material Release|Infrastructure|Tunnels|Concrete,Mt/yr,low,10.572227,12.515953,12.904697,12.904697,12.904697,12.904697,12.904697,12.904697,12.904697,12.904697,12.904697,12.904697,12.904697,12.904697,12.904697,12.904697,12.904697,12.904697
GLOMIS,LED-SSP2,WEU,Material Release|Infrastructure|Tunnels|Iron_steel,Mt/yr,low,.46656966,.55234939,.56950533,.56950533,.56950533,.56950533,.56950533,.56950533,.56950533,.56950533,.56950533,.56950533,.56950533,.56950533,.56950533,.56950533,.56950533,.56950533
GLOMIS,LED-SSP2,AFR,Material Demand|Infrastructure|Bridges|Aluminum,Mt/yr,mean,.000050800001,.0000526,.0000299,.000067000001,.000077899997,.00012895001,.000176168,.000216777,.000231746,.000231746,.000231746,.000231746,.000231746,.000231746,.000231746,.000231746,.000231746,.000231746
GLOMIS,LED-SSP2,AFR,Material Demand|Infrastructure|Bridges|Asphalt,Mt/yr,mean,.80537152,.90132278,.74560153,1.1611758,1.3720909,2.009922,2.6934571,3.3837597,3.8706145,3.8706145,3.8706145,3.8706145,3.8706145,3.8706145,3.8706145,3.8706145,3.8706145,3.8706145
GLOMIS,LED-SSP2,AFR,Material Demand|Infrastructure|Bridges|Concrete,Mt/yr,mean,1.8100927,1.8737227,1.0653083,2.3849969,2.7755628,4.5925717,6.2742381,7.7205482,8.2536402,8.2536402,8.2536402,8.2536402,8.2536402,8.2536402,8.2536402,8.2536402,8.2536402,8.2536402
GLOMIS,LED-SSP2,AFR,Material Demand|Infrastructure|Bridges|Iron_steel,Mt/yr,mean,.51420069,.53227633,.30262664,.67751616,.78846586,1.3046312,1.7823493,2.1932087,2.3446465,2.3446465,2.3446465,2.3446465,2.3446465,2.3446465,2.3446465,2.3446465,2.3446465,2.3446465
GLOMIS,LED-SSP2,AFR,Material Demand|Infrastructure|Buildings|Aluminum,Mt/yr,mean,0,0,0,0,0,0,0,0,0,0,0,0,0,0,0,0,0,0
GLOMIS,LED-SSP2,AFR,Material Demand|Infrastructure|Buildings|Concrete,Mt/yr,mean,.70701915,.73516238,.42931667,.93643945,1.0907999,1.7922229,2.4459326,3.0131345,3.233501,3.233501,3.233501,3.233501,3.233501,3.233501,3.233501,3.233501,3.233501,3.233501
GLOMIS,LED-SSP2,AFR,Material Demand|Infrastructure|Buildings|Iron_steel,Mt/yr,mean,0,0,0,0,0,0,0,0,0,0,0,0,0,0,0,0,0,0
GLOMIS,LED-SSP2,AFR,Material Demand|Infrastructure|Charging stations|Aluminum,Mt/yr,mean,7.8100001e-08,8.9499999e-08,8.0800000e-08,1.1600000e-07,1.3700000e-07,1.9399999e-07,2.5800000e-07,3.2700001e-07,3.8200000e-07,3.8200000e-07,3.8200000e-07,3.8200000e-07,3.8200000e-07,3.8200000e-07,3.8200000e-07,3.8200000e-07,3.8200000e-07,3.8200000e-07
GLOMIS,LED-SSP2,AFR,Material Demand|Infrastructure|Charging stations|Concrete,Mt/yr,mean,.0000121,.0000139,.0000125,.0000179,.0000213,.000029999999,.000039999999,.0000506,.000059099999,.000059099999,.000059099999,.000059099999,.000059099999,.000059099999,.000059099999,.000059099999,.000059099999,.000059099999
GLOMIS,LED-SSP2,AFR,Material Demand|Infrastructure|Charging stations|Iron_steel,Mt/yr,mean,2.0200000e-06,2.3099999e-06,2.0800001e-06,2.9900000e-06,3.5400001e-06,4.9999999e-06,6.6600001e-06,8.4200001e-06,9.8399996e-06,9.8399996e-06,9.8399996e-06,9.8399996e-06,9.8399996e-06,9.8399996e-06,9.8399996e-06,9.8399996e-06,9.8399996e-06,9.8399996e-06
GLOMIS,LED-SSP2,AFR,Material Demand|Infrastructure|Fuel stations|Aluminum,Mt/yr,mean,.00013518,.00014812,.000112435,.00019022101,.000223884,.00033892901,.000456687,.00057036302,.00064039603,.00064039603,.00064039603,.00064039603,.00064039603,.00064039603,.00064039603,.00064039603,.00064039603,.00064039603
GLOMIS,LED-SSP2,AFR,Material Demand|Infrastructure|Fuel stations|Concrete,Mt/yr,mean,.50483286,.55315518,.4198916,.71038139,.83609813,1.2657341,1.7055042,2.1300294,2.3915663,2.3915663,2.3915663,2.3915663,2.3915663,2.3915663,2.3915663,2.3915663,2.3915663,2.3915663
GLOMIS,LED-SSP2,AFR,Material Demand|Infrastructure|Fuel stations|Iron_steel,Mt/yr,mean,.020168209,.0220987,.016774783,.02837993,.033402346,.050566416,.068135358,.085095257,.09554372,.09554372,.09554372,.09554372,.09554372,.09554372,.09554372,.09554372,.09554372,.09554372
GLOMIS,LED-SSP2,AFR,Material Demand|Infrastructure|Parking|Aluminum,Mt/yr,mean,.00033985899,.000356481,.00021879,.00045471301,.00053061201,.00085997902,.001171254,.001446044,.001563389,.001563389,.001563389,.001563389,.001563389,.001563389,.001563389,.001563389,.001563389,.001563389
GLOMIS,LED-SSP2,AFR,Material Demand|Infrastructure|Parking|Asphalt,Mt/yr,mean,.79808849,.89482087,.74547982,1.153113,1.3630261,1.9909303,2.666707,3.3519077,3.8404458,3.8404458,3.8404458,3.8404458,3.8404458,3.8404458,3.8404458,3.8404458,3.8404458,3.8404458
GLOMIS,LED-SSP2,AFR,Material Demand|Infrastructure|Parking|Concrete,Mt/yr,mean,1.0992582,1.1530191,.70766479,1.4707481,1.7162374,2.7815597,3.7883649,4.6771588,5.0567064,5.0567064,5.0567064,5.0567064,5.0567064,5.0567064,5.0567064,5.0567064,5.0567064,5.0567064
GLOMIS,LED-SSP2,AFR,Material Demand|Infrastructure|Parking|Iron_steel,Mt/yr,mean,.013156507,.013799945,.0084697092,.017602695,.020540843,.033291187,.045341168,.055978723,.060521349,.060521349,.060521349,.060521349,.060521349,.060521349,.060521349,.060521349,.060521349,.060521349
GLOMIS,LED-SSP2,AFR,Material Demand|Infrastructure|Rail|Aluminum,Mt/yr,mean,.0059570652,.0063691931,.004319984,.0081488248,.0095454948,.015013974,.020354491,.02525457,.027757242,.027757242,.027757242,.027757242,.027757242,.027757242,.027757242,.027757242,.027757242,.027757242
GLOMIS,LED-SSP2,AFR,Material Demand|Infrastructure|Rail|Concrete,Mt/yr,mean,1.0575882,1.1306865,.76667219,1.4466006,1.6945208,2.6655416,3.6137369,4.4836249,4.9276829,4.9276829,4.9276829,4.9276829,4.9276829,4.9276829,4.9276829,4.9276829,4.9276829,4.9276829
GLOMIS,LED-SSP2,AFR,Material Demand|Infrastructure|Rail|Iron_steel,Mt/yr,mean,1.0483501,1.1486779,.87187976,1.4751688,1.736225,2.6284685,3.5417264,4.4232941,4.9663358,4.9663358,4.9663358,4.9663358,4.9663358,4.9663358,4.9663358,4.9663358,4.9663358,4.9663358
GLOMIS,LED-SSP2,AFR,Material Demand|Infrastructure|Roads|Aluminum,Mt/yr,mean,0,0,0,0,0,0,0,0,0,0,0,0,0,0,0,0,0,0
GLOMIS,LED-SSP2,AFR,Material Demand|Infrastructure|Roads|Asphalt,Mt/yr,mean,392.00906,437.06317,356.29276,562.75543,664.51123,979.13196,1313.4156,1648.2747,1879.1594,1879.1594,1879.1594,1879.1594,1879.1594,1879.1594,1879.1594,1879.1594,1879.1594,1879.1594
GLOMIS,LED-SSP2,AFR,Material Demand|Infrastructure|Roads|Concrete,Mt/yr,mean,0,0,0,0,0,0,0,0,0,0,0,0,0,0,0,0,0,0
GLOMIS,LED-SSP2,AFR,Material Demand|Infrastructure|Roads|Iron_steel,Mt/yr,mean,0,0,0,0,0,0,0,0,0,0,0,0,0,0,0,0,0,0
GLOMIS,LED-SSP2,AFR,Material Demand|Infrastructure|Runways|Aluminum,Mt/yr,mean,0,0,0,0,0,0,0,0,0,0,0,0,0,0,0,0,0,0
GLOMIS,LED-SSP2,AFR,Material Demand|Infrastructure|Runways|Concrete,Mt/yr,mean,.0027039519,.0027990041,.0015913791,.003562755,.0041461899,.0068604741,.0093725799,.011533107,.01232945,.01232945,.01232945,.01232945,.01232945,.01232945,.01232945,.01232945,.01232945,.01232945
GLOMIS,LED-SSP2,AFR,Material Demand|Infrastructure|Runways|Iron_steel,Mt/yr,mean,0,0,0,0,0,0,0,0,0,0,0,0,0,0,0,0,0,0
GLOMIS,LED-SSP2,AFR,Material Demand|Infrastructure|Tunnels|Aluminum,Mt/yr,mean,.000026899999,.0000279,.000015899999,.000035500001,.000041300002,.000068399997,.000093399998,.000114941,.000122877,.000122877,.000122877,.000122877,.000122877,.000122877,.000122877,.000122877,.000122877,.000122877
GLOMIS,LED-SSP2,AFR,Material Demand|Infrastructure|Tunnels|Asphalt,Mt/yr,mean,.036189772,.040469281,.03337504,.052130539,.061590485,.090332747,.12107845,.15207532,.17383388,.17383388,.17383388,.17383388,.17383388,.17383388,.17383388,.17383388,.17383388,.17383388
GLOMIS,LED-SSP2,AFR,Material Demand|Infrastructure|Tunnels|Concrete,Mt/yr,mean,.71469212,.73981559,.42062345,.94168574,1.0958956,1.8133185,2.477303,3.0483603,3.2588446,3.2588446,3.2588446,3.2588446,3.2588446,3.2588446,3.2588446,3.2588446,3.2588446,3.2588446
GLOMIS,LED-SSP2,AFR,Material Demand|Infrastructure|Tunnels|Iron_steel,Mt/yr,mean,.026249176,.027171908,.015448637,.034586187,.04025,.066599466,.090986259,.11196002,.11969069,.11969069,.11969069,.11969069,.11969069,.11969069,.11969069,.11969069,.11969069,.11969069
GLOMIS,LED-SSP2,AFR,Material Release|Infrastructure|Bridges|Aluminum,Mt/yr,mean,7.9499996e-06,9.7299999e-06,.0000107,.0000127,.0000152,.0000194,.000025400001,.000032700002,.0000406,.0000406,.0000406,.0000406,.0000406,.0000406,.0000406,.0000406,.0000406,.0000406
GLOMIS,LED-SSP2,AFR,Material Release|Infrastructure|Bridges|Asphalt,Mt/yr,mean,.42671445,.52266574,.57619745,.68193424,.81845468,1.0426062,1.3616186,1.7585723,2.1830401,2.1830401,2.1830401,2.1830401,2.1830401,2.1830401,2.1830401,2.1830401,2.1830401,2.1830401
GLOMIS,LED-SSP2,AFR,Material Release|Infrastructure|Bridges|Concrete,Mt/yr,mean,.28297493,.34660482,.38210428,.45222342,.54275674,.69140244,.90295494,1.1661941,1.447679,1.447679,1.447679,1.447679,1.447679,1.447679,1.447679,1.447679,1.447679,1.447679
GLOMIS,LED-SSP2,AFR,Material Release|Infrastructure|Bridges|Iron_steel,Mt/yr,mean,.080385886,.098461501,.10854598,.12846503,.15418321,.19640961,.25650623,.33128569,.41124833,.41124833,.41124833,.41124833,.41124833,.41124833,.41124833,.41124833,.41124833,.41124833
GLOMIS,LED-SSP2,AFR,Material Release|Infrastructure|Buildings|Aluminum,Mt/yr,mean,0,0,0,0,0,0,0,0,0,0,0,0,0,0,0,0,0,0
GLOMIS,LED-SSP2,AFR,Material Release|Infrastructure|Buildings|Concrete,Mt/yr,mean,.12515864,.15330188,.16900316,.20001657,.24005908,.30580446,.39937323,.51580286,.64030248,.64030248,.64030248,.64030248,.64030248,.64030248,.64030248,.64030248,.64030248,.64030248
GLOMIS,LED-SSP2,AFR,Material Release|Infrastructure|Buildings|Iron_steel,Mt/yr,mean,0,0,0,0,0,0,0,0,0,0,0,0,0,0,0,0,0,0
GLOMIS,LED-SSP2,AFR,Material Release|Infrastructure|Charging stations|Aluminum,Mt/yr,mean,5.0699999e-08,6.2100000e-08,6.8500000e-08,8.1099998e-08,9.7300003e-08,1.2400000e-07,1.6200001e-07,2.0900001e-07,2.6000001e-07,2.6000001e-07,2.6000001e-07,2.6000001e-07,2.6000001e-07,2.6000001e-07,2.6000001e-07,2.6000001e-07,2.6000001e-07,2.6000001e-07
GLOMIS,LED-SSP2,AFR,Material Release|Infrastructure|Charging stations|Concrete,Mt/yr,mean,7.8499997e-06,9.6200001e-06,.0000106,.0000126,.0000151,.000019200001,.0000251,.000032399999,.000040200001,.000040200001,.000040200001,.000040200001,.000040200001,.000040200001,.000040200001,.000040200001,.000040200001,.000040200001
GLOMIS,LED-SSP2,AFR,Material Release|Infrastructure|Charging stations|Iron_steel,Mt/yr,mean,1.3100000e-06,1.6000000e-06,1.7700000e-06,2.0900000e-06,2.5100001e-06,3.2000000e-06,4.1799999e-06,5.3899998e-06,6.7000001e-06,6.7000001e-06,6.7000001e-06,6.7000001e-06,6.7000001e-06,6.7000001e-06,6.7000001e-06,6.7000001e-06,6.7000001e-06,6.7000001e-06
GLOMIS,LED-SSP2,AFR,Material Release|Infrastructure|Fuel stations|Aluminum,Mt/yr,mean,.000057500001,.000070499998,.000077700002,.000092000002,.000110372,.000140599,.00018361901,.00023715,.00029439101,.00029439101,.00029439101,.00029439101,.00029439101,.00029439101,.00029439101,.00029439101,.00029439101,.00029439101
GLOMIS,LED-SSP2,AFR,Material Release|Infrastructure|Fuel stations|Concrete,Mt/yr,mean,.21489899,.26322129,.29018056,.343431,.41218448,.52507013,.68572897,.88564008,1.0994076,1.0994076,1.0994076,1.0994076,1.0994076,1.0994076,1.0994076,1.0994076,1.0994076,1.0994076
GLOMIS,LED-SSP2,AFR,Material Release|Infrastructure|Fuel stations|Iron_steel,Mt/yr,mean,.0085852733,.010515762,.011592792,.013720161,.016466882,.020976694,.027395058,.035381559,.043921631,.043921631,.043921631,.043921631,.043921631,.043921631,.043921631,.043921631,.043921631,.043921631
GLOMIS,LED-SSP2,AFR,Material Release|Infrastructure|Parking|Aluminum,Mt/yr,mean,.000073900002,.000090499998,.000099800003,.000118129,.000141778,.00018060701,.000235869,.00030463201,.000378161,.000378161,.000378161,.000378161,.000378161,.000378161,.000378161,.000378161,.000378161,.000378161
GLOMIS,LED-SSP2,AFR,Material Release|Infrastructure|Parking|Asphalt,Mt/yr,mean,.43018824,.52692062,.58088809,.68748569,.82511759,1.0510938,1.3727032,1.7728885,2.2008116,2.2008116,2.2008116,2.2008116,2.2008116,2.2008116,2.2008116,2.2008116,2.2008116,2.2008116
GLOMIS,LED-SSP2,AFR,Material Release|Infrastructure|Parking|Concrete,Mt/yr,mean,.23908511,.29284593,.32283935,.38208294,.45857441,.58416492,.76290536,.98531568,1.223142,1.223142,1.223142,1.223142,1.223142,1.223142,1.223142,1.223142,1.223142,1.223142
GLOMIS,LED-SSP2,AFR,Material Release|Infrastructure|Parking|Iron_steel,Mt/yr,mean,.0028614979,.0035049359,.003863913,.0045729722,.0054884618,.0069915969,.009130857,.011792783,.014639214,.014639214,.014639214,.014639214,.014639214,.014639214,.014639214,.014639214,.014639214,.014639214
GLOMIS,LED-SSP2,AFR,Material Release|Infrastructure|Rail|Aluminum,Mt/yr,mean,.001832815,.0022449431,.002474871,.0029290291,.0035154091,.0044781798,.0058483952,.0075533828,.0093765473,.0093765473,.0093765473,.0093765473,.0093765473,.0093765473,.0093765473,.0093765473,.0093765473,.0093765473
GLOMIS,LED-SSP2,AFR,Material Release|Infrastructure|Rail|Concrete,Mt/yr,mean,.32508263,.3981809,.43896282,.51951593,.62352091,.79428566,1.037318,1.3397281,1.6630991,1.6630991,1.6630991,1.6630991,1.6630991,1.6630991,1.6630991,1.6630991,1.6630991,1.6630991
GLOMIS,LED-SSP2,AFR,Material Release|Infrastructure|Rail|Iron_steel,Mt/yr,mean,.44617793,.54650575,.60247916,.71303886,.85578632,1.090162,1.4237252,1.8387851,2.2826138,2.2826138,2.2826138,2.2826138,2.2826138,2.2826138,2.2826138,2.2826138,2.2826138,2.2826138
GLOMIS,LED-SSP2,AFR,Material Release|Infrastructure|Roads|Aluminum,Mt/yr,mean,0,0,0,0,0,0,0,0,0,0,0,0,0,0,0,0,0,0
GLOMIS,LED-SSP2,AFR,Material Release|Infrastructure|Roads|Asphalt,Mt/yr,mean,200.36456,245.41867,270.55457,320.20346,384.30692,489.55768,639.35059,825.74091,1025.0505,1025.0505,1025.0505,1025.0505,1025.0505,1025.0505,1025.0505,1025.0505,1025.0505,1025.0505
GLOMIS,LED-SSP2,AFR,Material Release|Infrastructure|Roads|Concrete,Mt/yr,mean,0,0,0,0,0,0,0,0,0,0,0,0,0,0,0,0,0,0
GLOMIS,LED-SSP2,AFR,Material Release|Infrastructure|Roads|Iron_steel,Mt/yr,mean,0,0,0,0,0,0,0,0,0,0,0,0,0,0,0,0,0,0
GLOMIS,LED-SSP2,AFR,Material Release|Infrastructure|Runways|Aluminum,Mt/yr,mean,0,0,0,0,0,0,0,0,0,0,0,0,0,0,0,0,0,0
GLOMIS,LED-SSP2,AFR,Material Release|Infrastructure|Runways|Concrete,Mt/yr,mean,.00042271399,.000517765,.00057079497,.00067554001,.00081078103,.001032831,.0013488519,.001742084,.0021625711,.0021625711,.0021625711,.0021625711,.0021625711,.0021625711,.0021625711,.0021625711,.0021625711,.0021625711
GLOMIS,LED-SSP2,AFR,Material Release|Infrastructure|Runways|Iron_steel,Mt/yr,mean,0,0,0,0,0,0,0,0,0,0,0,0,0,0,0,0,0,0
GLOMIS,LED-SSP2,AFR,Material Release|Infrastructure|Tunnels|Aluminum,Mt/yr,mean,4.2100000e-06,5.1600000e-06,5.6899999e-06,6.7300002e-06,8.0800000e-06,.0000103,.0000134,.0000174,.000021600001,.000021600001,.000021600001,.000021600001,.000021600001,.000021600001,.000021600001,.000021600001,.000021600001,.000021600001
GLOMIS,LED-SSP2,AFR,Material Release|Infrastructure|Tunnels|Asphalt,Mt/yr,mean,.019031828,.023311337,.025698896,.030414848,.036503777,.046501126,.060729355,.078433827,.097365446,.097365446,.097365446,.097365446,.097365446,.097365446,.097365446,.097365446,.097365446,.097365446
GLOMIS,LED-SSP2,AFR,Material Release|Infrastructure|Tunnels|Concrete,Mt/yr,mean,.11172905,.1368525,.15086901,.17855467,.2143006,.27299145,.35652027,.46045691,.5715977,.5715977,.5715977,.5715977,.5715977,.5715977,.5715977,.5715977,.5715977,.5715977
GLOMIS,LED-SSP2,AFR,Material Release|Infrastructure|Tunnels|Iron_steel,Mt/yr,mean,.0041035791,.0050263121,.0055411099,.006557947,.0078708222,.010026417,.013094259,.016911639,.020993611,.020993611,.020993611,.020993611,.020993611,.020993611,.020993611,.020993611,.020993611,.020993611
GLOMIS,LED-SSP2,CHN,Material Demand|Infrastructure|Bridges|Aluminum,Mt/yr,mean,.01221708,.01264929,.0071204002,.0054541789,.0027606629,.0026750651,.0026750651,.0026750651,.0026750651,.0026750651,.0026750651,.0026750651,.0026750651,.0026750651,.0026750651,.0026750651,.0026750651,.0026750651
GLOMIS,LED-SSP2,CHN,Material Demand|Infrastructure|Bridges|Asphalt,Mt/yr,mean,45.600403,51.239414,42.389797,40.376675,35.071285,34.901417,34.901417,34.901417,34.901417,34.901417,34.901417,34.901417,34.901417,34.901417,34.901417,34.901417,34.901417,34.901417
GLOMIS,LED-SSP2,CHN,Material Demand|Infrastructure|Bridges|Concrete,Mt/yr,mean,98.533104,102.01896,57.427402,43.989002,22.265282,21.574919,21.574919,21.574919,21.574919,21.574919,21.574919,21.574919,21.574919,21.574919,21.574919,21.574919,21.574919,21.574919
GLOMIS,LED-SSP2,CHN,Material Demand|Infrastructure|Bridges|Iron_steel,Mt/yr,mean,38.566673,39.931065,22.477558,17.217659,8.7148151,8.4446011,8.4446011,8.4446011,8.4446011,8.4446011,8.4446011,8.4446011,8.4446011,8.4446011,8.4446011,8.4446011,8.4446011,8.4446011
GLOMIS,LED-SSP2,CHN,Material Demand|Infrastructure|Buildings|Aluminum,Mt/yr,mean,0,0,0,0,0,0,0,0,0,0,0,0,0,0,0,0,0,0
GLOMIS,LED-SSP2,CHN,Material Demand|Infrastructure|Buildings|Concrete,Mt/yr,mean,9.3732338,9.7466564,5.6272068,4.3925352,2.3753314,2.311213,2.311213,2.311213,2.311213,2.311213,2.311213,2.311213,2.311213,2.311213,2.311213,2.311213,2.311213,2.311213
GLOMIS,LED-SSP2,CHN,Material Demand|Infrastructure|Buildings|Iron_steel,Mt/yr,mean,0,0,0,0,0,0,0,0,0,0,0,0,0,0,0,0,0,0
GLOMIS,LED-SSP2,CHN,Material Demand|Infrastructure|Charging stations|Aluminum,Mt/yr,mean,5.7699998e-07,6.6400003e-07,5.9600001e-07,5.8699999e-07,5.3700001e-07,5.3600002e-07,5.3600002e-07,5.3600002e-07,5.3600002e-07,5.3600002e-07,5.3600002e-07,5.3600002e-07,5.3600002e-07,5.3600002e-07,5.3600002e-07,5.3600002e-07,5.3600002e-07,5.3600002e-07
GLOMIS,LED-SSP2,CHN,Material Demand|Infrastructure|Charging stations|Concrete,Mt/yr,mean,.000089300003,.000102743,.000092299997,.0000908,.000083200001,.000082899998,.000082899998,.000082899998,.000082899998,.000082899998,.000082899998,.000082899998,.000082899998,.000082899998,.000082899998,.000082899998,.000082899998,.000082899998
GLOMIS,LED-SSP2,CHN,Material Demand|Infrastructure|Charging stations|Iron_steel,Mt/yr,mean,.0000149,.000017099999,.000015400001,.0000151,.0000139,.0000138,.0000138,.0000138,.0000138,.0000138,.0000138,.0000138,.0000138,.0000138,.0000138,.0000138,.0000138,.0000138
GLOMIS,LED-SSP2,CHN,Material Demand|Infrastructure|Fuel stations|Aluminum,Mt/yr,mean,.00036426901,.00039974999,.000301052,.00027497701,.000221315,.00021960201,.00021960201,.00021960201,.00021960201,.00021960201,.00021960201,.00021960201,.00021960201,.00021960201,.00021960201,.00021960201,.00021960201,.00021960201
GLOMIS,LED-SSP2,CHN,Material Demand|Infrastructure|Fuel stations|Concrete,Mt/yr,mean,1.3603683,1.492873,1.1242824,1.0269059,.82650316,.820108,.820108,.820108,.820108,.820108,.820108,.820108,.820108,.820108,.820108,.820108,.820108,.820108
GLOMIS,LED-SSP2,CHN,Material Demand|Infrastructure|Fuel stations|Iron_steel,Mt/yr,mean,.05434709,.059640683,.044915386,.041025173,.033019029,.032763541,.032763541,.032763541,.032763541,.032763541,.032763541,.032763541,.032763541,.032763541,.032763541,.032763541,.032763541,.032763541
GLOMIS,LED-SSP2,CHN,Material Demand|Infrastructure|Parking|Aluminum,Mt/yr,mean,.00076063199,.000798163,.00048503699,.000392396,.000237227,.000232292,.000232292,.000232292,.000232292,.000232292,.000232292,.000232292,.000232292,.000232292,.000232292,.000232292,.000232292,.000232292
GLOMIS,LED-SSP2,CHN,Material Demand|Infrastructure|Parking|Asphalt,Mt/yr,mean,2.3360095,2.625483,2.1738911,2.0713894,1.8003126,1.791633,1.791633,1.791633,1.791633,1.791633,1.791633,1.791633,1.791633,1.791633,1.791633,1.791633,1.791633,1.791633
GLOMIS,LED-SSP2,CHN,Material Demand|Infrastructure|Parking|Concrete,Mt/yr,mean,1.7741739,1.8617158,1.1313477,.9152633,.5533309,.54182118,.54182118,.54182118,.54182118,.54182118,.54182118,.54182118,.54182118,.54182118,.54182118,.54182118,.54182118,.54182118
GLOMIS,LED-SSP2,CHN,Material Demand|Infrastructure|Parking|Iron_steel,Mt/yr,mean,.017179757,.018027445,.010955114,.0088627171,.005358038,.0052465862,.0052465862,.0052465862,.0052465862,.0052465862,.0052465862,.0052465862,.0052465862,.0052465862,.0052465862,.0052465862,.0052465862,.0052465862
GLOMIS,LED-SSP2,CHN,Material Demand|Infrastructure|Rail|Aluminum,Mt/yr,mean,.0035463611,.0036718219,.0020669019,.001583233,.00080136198,.00077651499,.00077651499,.00077651499,.00077651499,.00077651499,.00077651499,.00077651499,.00077651499,.00077651499,.00077651499,.00077651499,.00077651499,.00077651499
GLOMIS,LED-SSP2,CHN,Material Demand|Infrastructure|Rail|Concrete,Mt/yr,mean,3.7746618,3.9761622,2.4669096,2.0231097,1.271063,1.2471422,1.2471422,1.2471422,1.2471422,1.2471422,1.2471422,1.2471422,1.2471422,1.2471422,1.2471422,1.2471422,1.2471422,1.2471422
GLOMIS,LED-SSP2,CHN,Material Demand|Infrastructure|Rail|Iron_steel,Mt/yr,mean,3.564225,3.899585,2.8992903,2.6318235,2.092833,2.0756385,2.0756385,2.0756385,2.0756385,2.0756385,2.0756385,2.0756385,2.0756385,2.0756385,2.0756385,2.0756385,2.0756385,2.0756385
GLOMIS,LED-SSP2,CHN,Material Demand|Infrastructure|Roads|Aluminum,Mt/yr,mean,0,0,0,0,0,0,0,0,0,0,0,0,0,0,0,0,0,0
GLOMIS,LED-SSP2,CHN,Material Demand|Infrastructure|Roads|Asphalt,Mt/yr,mean,553.14636,620.44995,509.88278,484.31451,418.66196,416.56058,416.56058,416.56058,416.56058,416.56058,416.56058,416.56058,416.56058,416.56058,416.56058,416.56058,416.56058,416.56058
GLOMIS,LED-SSP2,CHN,Material Demand|Infrastructure|Roads|Concrete,Mt/yr,mean,122.37421,133.63573,98.551575,89.104294,70.300491,69.700737,69.700737,69.700737,69.700737,69.700737,69.700737,69.700737,69.700737,69.700737,69.700737,69.700737,69.700737,69.700737
GLOMIS,LED-SSP2,CHN,Material Demand|Infrastructure|Roads|Iron_steel,Mt/yr,mean,0,0,0,0,0,0,0,0,0,0,0,0,0,0,0,0,0,0
GLOMIS,LED-SSP2,CHN,Material Demand|Infrastructure|Runways|Aluminum,Mt/yr,mean,0,0,0,0,0,0,0,0,0,0,0,0,0,0,0,0,0,0
GLOMIS,LED-SSP2,CHN,Material Demand|Infrastructure|Runways|Concrete,Mt/yr,mean,.63434672,.65678835,.36971214,.28319699,.14334175,.13889727,.13889727,.13889727,.13889727,.13889727,.13889727,.13889727,.13889727,.13889727,.13889727,.13889727,.13889727,.13889727
GLOMIS,LED-SSP2,CHN,Material Demand|Infrastructure|Runways|Iron_steel,Mt/yr,mean,0,0,0,0,0,0,0,0,0,0,0,0,0,0,0,0,0,0
GLOMIS,LED-SSP2,CHN,Material Demand|Infrastructure|Tunnels|Aluminum,Mt/yr,mean,.02731036,.028276531,.015917117,.012192404,.006171254,.0059799058,.0059799058,.0059799058,.0059799058,.0059799058,.0059799058,.0059799058,.0059799058,.0059799058,.0059799058,.0059799058,.0059799058,.0059799058
GLOMIS,LED-SSP2,CHN,Material Demand|Infrastructure|Tunnels|Asphalt,Mt/yr,mean,24.633434,27.683346,22.913609,21.829987,18.96837,18.876747,18.876747,18.876747,18.876747,18.876747,18.876747,18.876747,18.876747,18.876747,18.876747,18.876747,18.876747,18.876747
GLOMIS,LED-SSP2,CHN,Material Demand|Infrastructure|Tunnels|Concrete,Mt/yr,mean,223.80106,231.71857,130.43649,99.913475,50.57177,49.003727,49.003727,49.003727,49.003727,49.003727,49.003727,49.003727,49.003727,49.003727,49.003727,49.003727,49.003727,49.003727
GLOMIS,LED-SSP2,CHN,Material Demand|Infrastructure|Tunnels|Iron_steel,Mt/yr,mean,9.9592772,10.311611,5.8044996,4.4462075,2.250473,2.1806941,2.1806941,2.1806941,2.1806941,2.1806941,2.1806941,2.1806941,2.1806941,2.1806941,2.1806941,2.1806941,2.1806941,2.1806941
GLOMIS,LED-SSP2,CHN,Material Release|Infrastructure|Bridges|Aluminum,Mt/yr,mean,.001844054,.0022762639,.00251618,.0026480849,.0026743461,.0026750651,.0026750651,.0026750651,.0026750651,.0026750651,.0026750651,.0026750651,.0026750651,.0026750651,.0026750651,.0026750651,.0026750651,.0026750651
GLOMIS,LED-SSP2,CHN,Material Release|Infrastructure|Bridges|Asphalt,Mt/yr,mean,24.059267,29.698278,32.828445,34.549404,34.892033,34.901417,34.901417,34.901417,34.901417,34.901417,34.901417,34.901417,34.901417,34.901417,34.901417,34.901417,34.901417,34.901417
GLOMIS,LED-SSP2,CHN,Material Release|Infrastructure|Bridges|Concrete,Mt/yr,mean,14.872654,18.358507,20.293474,21.357313,21.569117,21.574919,21.574919,21.574919,21.574919,21.574919,21.574919,21.574919,21.574919,21.574919,21.574919,21.574919,21.574919,21.574919
GLOMIS,LED-SSP2,CHN,Material Release|Infrastructure|Bridges|Iron_steel,Mt/yr,mean,5.8212795,7.1856713,7.9430332,8.3594294,8.4423304,8.4446011,8.4446011,8.4446011,8.4446011,8.4446011,8.4446011,8.4446011,8.4446011,8.4446011,8.4446011,8.4446011,8.4446011,8.4446011
GLOMIS,LED-SSP2,CHN,Material Release|Infrastructure|Buildings|Aluminum,Mt/yr,mean,0,0,0,0,0,0,0,0,0,0,0,0,0,0,0,0,0,0
GLOMIS,LED-SSP2,CHN,Material Release|Infrastructure|Buildings|Concrete,Mt/yr,mean,1.593233,1.9666549,2.1739383,2.2879021,2.3105915,2.311213,2.311213,2.311213,2.311213,2.311213,2.311213,2.311213,2.311213,2.311213,2.311213,2.311213,2.311213,2.311213
GLOMIS,LED-SSP2,CHN,Material Release|Infrastructure|Buildings|Iron_steel,Mt/yr,mean,0,0,0,0,0,0,0,0,0,0,0,0,0,0,0,0,0,0
GLOMIS,LED-SSP2,CHN,Material Release|Infrastructure|Charging stations|Aluminum,Mt/yr,mean,3.6899999e-07,4.5600001e-07,5.0400001e-07,5.3000002e-07,5.3600002e-07,5.3600002e-07,5.3600002e-07,5.3600002e-07,5.3600002e-07,5.3600002e-07,5.3600002e-07,5.3600002e-07,5.3600002e-07,5.3600002e-07,5.3600002e-07,5.3600002e-07,5.3600002e-07,5.3600002e-07
GLOMIS,LED-SSP2,CHN,Material Release|Infrastructure|Charging stations|Concrete,Mt/yr,mean,.000057199999,.000070599999,.000077999997,.000082099999,.000082899998,.000082899998,.000082899998,.000082899998,.000082899998,.000082899998,.000082899998,.000082899998,.000082899998,.000082899998,.000082899998,.000082899998,.000082899998,.000082899998
GLOMIS,LED-SSP2,CHN,Material Release|Infrastructure|Charging stations|Iron_steel,Mt/yr,mean,9.5300002e-06,.0000118,.000013,.0000137,.0000138,.0000138,.0000138,.0000138,.0000138,.0000138,.0000138,.0000138,.0000138,.0000138,.0000138,.0000138,.0000138,.0000138
GLOMIS,LED-SSP2,CHN,Material Release|Infrastructure|Fuel stations|Aluminum,Mt/yr,mean,.00015138301,.000186864,.00020655899,.000217387,.000219543,.00021960201,.00021960201,.00021960201,.00021960201,.00021960201,.00021960201,.00021960201,.00021960201,.00021960201,.00021960201,.00021960201,.00021960201,.00021960201
GLOMIS,LED-SSP2,CHN,Material Release|Infrastructure|Fuel stations|Concrete,Mt/yr,mean,.56534088,.69784546,.77139765,.81183642,.81988746,.820108,.820108,.820108,.820108,.820108,.820108,.820108,.820108,.820108,.820108,.820108,.820108,.820108
GLOMIS,LED-SSP2,CHN,Material Release|Infrastructure|Fuel stations|Iron_steel,Mt/yr,mean,.022585522,.027879117,.030817548,.032433089,.03275473,.032763541,.032763541,.032763541,.032763541,.032763541,.032763541,.032763541,.032763541,.032763541,.032763541,.032763541,.032763541,.032763541
GLOMIS,LED-SSP2,CHN,Material Release|Infrastructure|Parking|Aluminum,Mt/yr,mean,.00016013,.000197662,.000218495,.000229949,.00023223,.000232292,.000232292,.000232292,.000232292,.000232292,.000232292,.000232292,.000232292,.000232292,.000232292,.000232292,.000232292,.000232292
GLOMIS,LED-SSP2,CHN,Material Release|Infrastructure|Parking|Asphalt,Mt/yr,mean,1.2350609,1.5245345,1.6852188,1.7735627,1.7911513,1.791633,1.791633,1.791633,1.791633,1.791633,1.791633,1.791633,1.791633,1.791633,1.791633,1.791633,1.791633,1.791633
GLOMIS,LED-SSP2,CHN,Material Release|Infrastructure|Parking|Concrete,Mt/yr,mean,.37350401,.46104589,.50963968,.53635633,.54167545,.54182118,.54182118,.54182118,.54182118,.54182118,.54182118,.54182118,.54182118,.54182118,.54182118,.54182118,.54182118,.54182118
GLOMIS,LED-SSP2,CHN,Material Release|Infrastructure|Parking|Iron_steel,Mt/yr,mean,.0036167309,.00446442,.0049349652,.0051936689,.0052451752,.0052465862,.0052465862,.0052465862,.0052465862,.0052465862,.0052465862,.0052465862,.0052465862,.0052465862,.0052465862,.0052465862,.0052465862,.0052465862
GLOMIS,LED-SSP2,CHN,Material Release|Infrastructure|Rail|Aluminum,Mt/yr,mean,.00053528999,.00066075101,.00073039398,.00076868298,.00077630603,.00077651499,.00077651499,.00077651499,.00077651499,.00077651499,.00077651499,.00077651499,.00077651499,.00077651499,.00077651499,.00077651499,.00077651499,.00077651499
GLOMIS,LED-SSP2,CHN,Material Release|Infrastructure|Rail|Concrete,Mt/yr,mean,.85971653,1.061217,1.173068,1.2345635,1.2468069,1.2471422,1.2471422,1.2471422,1.2471422,1.2471422,1.2471422,1.2471422,1.2471422,1.2471422,1.2471422,1.2471422,1.2471422,1.2471422
GLOMIS,LED-SSP2,CHN,Material Release|Infrastructure|Rail|Iron_steel,Mt/yr,mean,1.43084,1.7662002,1.9523559,2.0547037,2.0750804,2.0756385,2.0756385,2.0756385,2.0756385,2.0756385,2.0756385,2.0756385,2.0756385,2.0756385,2.0756385,2.0756385,2.0756385,2.0756385
GLOMIS,LED-SSP2,CHN,Material Release|Infrastructure|Roads|Aluminum,Mt/yr,mean,0,0,0,0,0,0,0,0,0,0,0,0,0,0,0,0,0,0
GLOMIS,LED-SSP2,CHN,Material Release|Infrastructure|Roads|Asphalt,Mt/yr,mean,287.15576,354.45932,391.81894,412.35919,416.44858,416.56058,416.56058,416.56058,416.56058,416.56058,416.56058,416.56058,416.56058,416.56058,416.56058,416.56058,416.56058,416.56058
GLOMIS,LED-SSP2,CHN,Material Release|Infrastructure|Roads|Concrete,Mt/yr,mean,48.048153,59.309677,65.56086,68.997726,69.681999,69.700737,69.700737,69.700737,69.700737,69.700737,69.700737,69.700737,69.700737,69.700737,69.700737,69.700737,69.700737,69.700737
GLOMIS,LED-SSP2,CHN,Material Release|Infrastructure|Roads|Iron_steel,Mt/yr,mean,0,0,0,0,0,0,0,0,0,0,0,0,0,0,0,0,0,0
GLOMIS,LED-SSP2,CHN,Material Release|Infrastructure|Runways|Aluminum,Mt/yr,mean,0,0,0,0,0,0,0,0,0,0,0,0,0,0,0,0,0,0
GLOMIS,LED-SSP2,CHN,Material Release|Infrastructure|Runways|Concrete,Mt/yr,mean,.095748723,.11819031,.13064745,.13749634,.13885991,.13889727,.13889727,.13889727,.13889727,.13889727,.13889727,.13889727,.13889727,.13889727,.13889727,.13889727,.13889727,.13889727
GLOMIS,LED-SSP2,CHN,Material Release|Infrastructure|Runways|Iron_steel,Mt/yr,mean,0,0,0,0,0,0,0,0,0,0,0,0,0,0,0,0,0,0
GLOMIS,LED-SSP2,CHN,Material Release|Infrastructure|Tunnels|Aluminum,Mt/yr,mean,.0041222442,.005088415,.0056247301,.0059195929,.0059782979,.0059799058,.0059799058,.0059799058,.0059799058,.0059799058,.0059799058,.0059799058,.0059799058,.0059799058,.0059799058,.0059799058,.0059799058,.0059799058
GLOMIS,LED-SSP2,CHN,Material Release|Infrastructure|Tunnels|Asphalt,Mt/yr,mean,13.012672,16.062582,17.755562,18.686357,18.87167,18.876747,18.876747,18.876747,18.876747,18.876747,18.876747,18.876747,18.876747,18.876747,18.876747,18.876747,18.876747,18.876747
GLOMIS,LED-SSP2,CHN,Material Release|Infrastructure|Tunnels|Concrete,Mt/yr,mean,33.780685,41.6982,46.093147,48.509476,48.990551,49.003727,49.003727,49.003727,49.003727,49.003727,49.003727,49.003727,49.003727,49.003727,49.003727,49.003727,49.003727,49.003727
GLOMIS,LED-SSP2,CHN,Material Release|Infrastructure|Tunnels|Iron_steel,Mt/yr,mean,1.50326,1.855594,2.0511718,2.1586998,2.1801078,2.1806941,2.1806941,2.1806941,2.1806941,2.1806941,2.1806941,2.1806941,2.1806941,2.1806941,2.1806941,2.1806941,2.1806941,2.1806941
GLOMIS,LED-SSP2,EEU,Material Demand|Infrastructure|Bridges|Aluminum,Mt/yr,mean,.000095900003,.000098999997,.000023799999,.000023799999,.000023799999,.000023799999,.000023799999,.000023799999,.000023799999,.000023799999,.000023799999,.000023799999,.000023799999,.000023799999,.000023799999,.000023799999,.000023799999,.000023799999
GLOMIS,LED-SSP2,EEU,Material Demand|Infrastructure|Bridges|Asphalt,Mt/yr,mean,1.3565806,1.4882355,.99265689,.99265689,.99265689,.99265689,.99265689,.99265689,.99265689,.99265689,.99265689,.99265689,.99265689,.99265689,.99265689,.99265689,.99265689,.99265689
GLOMIS,LED-SSP2,EEU,Material Demand|Infrastructure|Bridges|Concrete,Mt/yr,mean,2.6926603,2.7814102,.66916078,.66916078,.66916078,.66916078,.66916078,.66916078,.66916078,.66916078,.66916078,.66916078,.66916078,.66916078,.66916078,.66916078,.66916078,.66916078
GLOMIS,LED-SSP2,EEU,Material Demand|Infrastructure|Bridges|Iron_steel,Mt/yr,mean,.75971371,.78475386,.18879867,.18879867,.18879867,.18879867,.18879867,.18879867,.18879867,.18879867,.18879867,.18879867,.18879867,.18879867,.18879867,.18879867,.18879867,.18879867
GLOMIS,LED-SSP2,EEU,Material Demand|Infrastructure|Buildings|Aluminum,Mt/yr,mean,0,0,0,0,0,0,0,0,0,0,0,0,0,0,0,0,0,0
GLOMIS,LED-SSP2,EEU,Material Demand|Infrastructure|Buildings|Concrete,Mt/yr,mean,2.4984257,2.585803,.65881091,.65881091,.65881091,.65881091,.65881091,.65881091,.65881091,.65881091,.65881091,.65881091,.65881091,.65881091,.65881091,.65881091,.65881091,.65881091
GLOMIS,LED-SSP2,EEU,Material Demand|Infrastructure|Buildings|Iron_steel,Mt/yr,mean,0,0,0,0,0,0,0,0,0,0,0,0,0,0,0,0,0,0
GLOMIS,LED-SSP2,EEU,Material Demand|Infrastructure|Charging stations|Aluminum,Mt/yr,mean,2.7000001e-06,3.0100000e-06,2.3299999e-06,2.3299999e-06,2.3299999e-06,2.3299999e-06,2.3299999e-06,2.3299999e-06,2.3299999e-06,2.3299999e-06,2.3299999e-06,2.3299999e-06,2.3299999e-06,2.3299999e-06,2.3299999e-06,2.3299999e-06,2.3299999e-06,2.3299999e-06
GLOMIS,LED-SSP2,EEU,Material Demand|Infrastructure|Charging stations|Concrete,Mt/yr,mean,.00041847999,.00046636199,.00036102199,.00036102199,.00036102199,.00036102199,.00036102199,.00036102199,.00036102199,.00036102199,.00036102199,.00036102199,.00036102199,.00036102199,.00036102199,.00036102199,.00036102199,.00036102199
GLOMIS,LED-SSP2,EEU,Material Demand|Infrastructure|Charging stations|Iron_steel,Mt/yr,mean,.0000697,.000077700002,.0000602,.0000602,.0000602,.0000602,.0000602,.0000602,.0000602,.0000602,.0000602,.0000602,.0000602,.0000602,.0000602,.0000602,.0000602,.0000602
GLOMIS,LED-SSP2,EEU,Material Demand|Infrastructure|Fuel stations|Aluminum,Mt/yr,mean,.00013528499,.000146248,.000082699997,.000082699997,.000082699997,.000082699997,.000082699997,.000082699997,.000082699997,.000082699997,.000082699997,.000082699997,.000082699997,.000082699997,.000082699997,.000082699997,.000082699997,.000082699997
GLOMIS,LED-SSP2,EEU,Material Demand|Infrastructure|Fuel stations|Concrete,Mt/yr,mean,.50522351,.546166,.30869973,.30869973,.30869973,.30869973,.30869973,.30869973,.30869973,.30869973,.30869973,.30869973,.30869973,.30869973,.30869973,.30869973,.30869973,.30869973
GLOMIS,LED-SSP2,EEU,Material Demand|Infrastructure|Fuel stations|Iron_steel,Mt/yr,mean,.020183817,.02181948,.012332636,.012332636,.012332636,.012332636,.012332636,.012332636,.012332636,.012332636,.012332636,.012332636,.012332636,.012332636,.012332636,.012332636,.012332636,.012332636
GLOMIS,LED-SSP2,EEU,Material Demand|Infrastructure|Parking|Aluminum,Mt/yr,mean,.0022616889,.0023629291,.00076333497,.00076333497,.00076333497,.00076333497,.00076333497,.00076333497,.00076333497,.00076333497,.00076333497,.00076333497,.00076333497,.00076333497,.00076333497,.00076333497,.00076333497,.00076333497
GLOMIS,LED-SSP2,EEU,Material Demand|Infrastructure|Parking|Asphalt,Mt/yr,mean,3.4774663,3.8203063,2.5849586,2.5849586,2.5849586,2.5849586,2.5849586,2.5849586,2.5849586,2.5849586,2.5849586,2.5849586,2.5849586,2.5849586,2.5849586,2.5849586,2.5849586,2.5849586
GLOMIS,LED-SSP2,EEU,Material Demand|Infrastructure|Parking|Concrete,Mt/yr,mean,3.9251099,4.1008101,1.3247501,1.3247501,1.3247501,1.3247501,1.3247501,1.3247501,1.3247501,1.3247501,1.3247501,1.3247501,1.3247501,1.3247501,1.3247501,1.3247501,1.3247501,1.3247501
GLOMIS,LED-SSP2,EEU,Material Demand|Infrastructure|Parking|Iron_steel,Mt/yr,mean,.026942002,.028148009,.0090931011,.0090931011,.0090931011,.0090931011,.0090931011,.0090931011,.0090931011,.0090931011,.0090931011,.0090931011,.0090931011,.0090931011,.0090931011,.0090931011,.0090931011,.0090931011
GLOMIS,LED-SSP2,EEU,Material Demand|Infrastructure|Rail|Aluminum,Mt/yr,mean,.0084196208,.0089318752,.003862319,.003862319,.003862319,.003862319,.003862319,.003862319,.003862319,.003862319,.003862319,.003862319,.003862319,.003862319,.003862319,.003862319,.003862319,.003862319
GLOMIS,LED-SSP2,EEU,Material Demand|Infrastructure|Rail|Concrete,Mt/yr,mean,2.1834342,2.3155098,.99582809,.99582809,.99582809,.99582809,.99582809,.99582809,.99582809,.99582809,.99582809,.99582809,.99582809,.99582809,.99582809,.99582809,.99582809,.99582809
GLOMIS,LED-SSP2,EEU,Material Demand|Infrastructure|Rail|Iron_steel,Mt/yr,mean,1.4600018,1.5780413,.88999885,.88999885,.88999885,.88999885,.88999885,.88999885,.88999885,.88999885,.88999885,.88999885,.88999885,.88999885,.88999885,.88999885,.88999885,.88999885
GLOMIS,LED-SSP2,EEU,Material Demand|Infrastructure|Roads|Aluminum,Mt/yr,mean,0,0,0,0,0,0,0,0,0,0,0,0,0,0,0,0,0,0
GLOMIS,LED-SSP2,EEU,Material Demand|Infrastructure|Roads|Asphalt,Mt/yr,mean,150.30991,164.5975,107.72628,107.72628,107.72628,107.72628,107.72628,107.72628,107.72628,107.72628,107.72628,107.72628,107.72628,107.72628,107.72628,107.72628,107.72628,107.72628
GLOMIS,LED-SSP2,EEU,Material Demand|Infrastructure|Roads|Concrete,Mt/yr,mean,0,0,0,0,0,0,0,0,0,0,0,0,0,0,0,0,0,0
GLOMIS,LED-SSP2,EEU,Material Demand|Infrastructure|Roads|Iron_steel,Mt/yr,mean,0,0,0,0,0,0,0,0,0,0,0,0,0,0,0,0,0,0
GLOMIS,LED-SSP2,EEU,Material Demand|Infrastructure|Tunnels|Aluminum,Mt/yr,mean,.00065906701,.000680789,.000163787,.000163787,.000163787,.000163787,.000163787,.000163787,.000163787,.000163787,.000163787,.000163787,.000163787,.000163787,.000163787,.000163787,.000163787,.000163787
GLOMIS,LED-SSP2,EEU,Material Demand|Infrastructure|Tunnels|Asphalt,Mt/yr,mean,.36935365,.40536696,.27153471,.27153471,.27153471,.27153471,.27153471,.27153471,.27153471,.27153471,.27153471,.27153471,.27153471,.27153471,.27153471,.27153471,.27153471,.27153471
GLOMIS,LED-SSP2,EEU,Material Demand|Infrastructure|Tunnels|Concrete,Mt/yr,mean,4.3325486,4.4753489,1.0766941,1.0766941,1.0766941,1.0766941,1.0766941,1.0766941,1.0766941,1.0766941,1.0766941,1.0766941,1.0766941,1.0766941,1.0766941,1.0766941,1.0766941,1.0766941
GLOMIS,LED-SSP2,EEU,Material Demand|Infrastructure|Tunnels|Iron_steel,Mt/yr,mean,.19705717,.20355216,.048971247,.048971247,.048971247,.048971247,.048971247,.048971247,.048971247,.048971247,.048971247,.048971247,.048971247,.048971247,.048971247,.048971247,.048971247,.048971247
GLOMIS,LED-SSP2,EEU,Material Release|Infrastructure|Bridges|Aluminum,Mt/yr,mean,.000019999999,.0000232,.000023799999,.000023799999,.000023799999,.000023799999,.000023799999,.000023799999,.000023799999,.000023799999,.000023799999,.000023799999,.000023799999,.000023799999,.000023799999,.000023799999,.000023799999,.000023799999
GLOMIS,LED-SSP2,EEU,Material Release|Infrastructure|Bridges|Asphalt,Mt/yr,mean,.83467102,.96632588,.99265689,.99265689,.99265689,.99265689,.99265689,.99265689,.99265689,.99265689,.99265689,.99265689,.99265689,.99265689,.99265689,.99265689,.99265689,.99265689
GLOMIS,LED-SSP2,EEU,Material Release|Infrastructure|Bridges|Concrete,Mt/yr,mean,.56266081,.65141082,.66916078,.66916078,.66916078,.66916078,.66916078,.66916078,.66916078,.66916078,.66916078,.66916078,.66916078,.66916078,.66916078,.66916078,.66916078,.66916078
GLOMIS,LED-SSP2,EEU,Material Release|Infrastructure|Bridges|Iron_steel,Mt/yr,mean,.15875049,.18379064,.18879867,.18879867,.18879867,.18879867,.18879867,.18879867,.18879867,.18879867,.18879867,.18879867,.18879867,.18879867,.18879867,.18879867,.18879867,.18879867
GLOMIS,LED-SSP2,EEU,Material Release|Infrastructure|Buildings|Aluminum,Mt/yr,mean,0,0,0,0,0,0,0,0,0,0,0,0,0,0,0,0,0,0
GLOMIS,LED-SSP2,EEU,Material Release|Infrastructure|Buildings|Concrete,Mt/yr,mean,.55395818,.64133543,.65881091,.65881091,.65881091,.65881091,.65881091,.65881091,.65881091,.65881091,.65881091,.65881091,.65881091,.65881091,.65881091,.65881091,.65881091,.65881091
GLOMIS,LED-SSP2,EEU,Material Release|Infrastructure|Buildings|Iron_steel,Mt/yr,mean,0,0,0,0,0,0,0,0,0,0,0,0,0,0,0,0,0,0
GLOMIS,LED-SSP2,EEU,Material Release|Infrastructure|Charging stations|Aluminum,Mt/yr,mean,1.9600000e-06,2.2700001e-06,2.3299999e-06,2.3299999e-06,2.3299999e-06,2.3299999e-06,2.3299999e-06,2.3299999e-06,2.3299999e-06,2.3299999e-06,2.3299999e-06,2.3299999e-06,2.3299999e-06,2.3299999e-06,2.3299999e-06,2.3299999e-06,2.3299999e-06,2.3299999e-06
GLOMIS,LED-SSP2,EEU,Material Release|Infrastructure|Charging stations|Concrete,Mt/yr,mean,.00030356401,.00035144499,.00036102199,.00036102199,.00036102199,.00036102199,.00036102199,.00036102199,.00036102199,.00036102199,.00036102199,.00036102199,.00036102199,.00036102199,.00036102199,.00036102199,.00036102199,.00036102199
GLOMIS,LED-SSP2,EEU,Material Release|Infrastructure|Charging stations|Iron_steel,Mt/yr,mean,.0000506,.000058599999,.0000602,.0000602,.0000602,.0000602,.0000602,.0000602,.0000602,.0000602,.0000602,.0000602,.0000602,.0000602,.0000602,.0000602,.0000602,.0000602
GLOMIS,LED-SSP2,EEU,Material Release|Infrastructure|Fuel stations|Aluminum,Mt/yr,mean,.000069499998,.000080500002,.000082699997,.000082699997,.000082699997,.000082699997,.000082699997,.000082699997,.000082699997,.000082699997,.000082699997,.000082699997,.000082699997,.000082699997,.000082699997,.000082699997,.000082699997,.000082699997
GLOMIS,LED-SSP2,EEU,Material Release|Infrastructure|Fuel stations|Concrete,Mt/yr,mean,.25956875,.30051121,.30869973,.30869973,.30869973,.30869973,.30869973,.30869973,.30869973,.30869973,.30869973,.30869973,.30869973,.30869973,.30869973,.30869973,.30869973,.30869973
GLOMIS,LED-SSP2,EEU,Material Release|Infrastructure|Fuel stations|Iron_steel,Mt/yr,mean,.010369842,.012005504,.012332636,.012332636,.012332636,.012332636,.012332636,.012332636,.012332636,.012332636,.012332636,.012332636,.012332636,.012332636,.012332636,.012332636,.012332636,.012332636
GLOMIS,LED-SSP2,EEU,Material Release|Infrastructure|Parking|Aluminum,Mt/yr,mean,.00064184697,.00074308697,.00076333497,.00076333497,.00076333497,.00076333497,.00076333497,.00076333497,.00076333497,.00076333497,.00076333497,.00076333497,.00076333497,.00076333497,.00076333497,.00076333497,.00076333497,.00076333497
GLOMIS,LED-SSP2,EEU,Material Release|Infrastructure|Parking|Asphalt,Mt/yr,mean,2.1735508,2.5163906,2.5849586,2.5849586,2.5849586,2.5849586,2.5849586,2.5849586,2.5849586,2.5849586,2.5849586,2.5849586,2.5849586,2.5849586,2.5849586,2.5849586,2.5849586,2.5849586
GLOMIS,LED-SSP2,EEU,Material Release|Infrastructure|Parking|Concrete,Mt/yr,mean,1.1139102,1.2896101,1.3247501,1.3247501,1.3247501,1.3247501,1.3247501,1.3247501,1.3247501,1.3247501,1.3247501,1.3247501,1.3247501,1.3247501,1.3247501,1.3247501,1.3247501,1.3247501
GLOMIS,LED-SSP2,EEU,Material Release|Infrastructure|Parking|Iron_steel,Mt/yr,mean,.0076458929,.0088518998,.0090931011,.0090931011,.0090931011,.0090931011,.0090931011,.0090931011,.0090931011,.0090931011,.0090931011,.0090931011,.0090931011,.0090931011,.0090931011,.0090931011,.0090931011,.0090931011
GLOMIS,LED-SSP2,EEU,Material Release|Infrastructure|Rail|Aluminum,Mt/yr,mean,.0032476131,.003759868,.003862319,.003862319,.003862319,.003862319,.003862319,.003862319,.003862319,.003862319,.003862319,.003862319,.003862319,.003862319,.003862319,.003862319,.003862319,.003862319
GLOMIS,LED-SSP2,EEU,Material Release|Infrastructure|Rail|Concrete,Mt/yr,mean,.83733755,.96941304,.99582809,.99582809,.99582809,.99582809,.99582809,.99582809,.99582809,.99582809,.99582809,.99582809,.99582809,.99582809,.99582809,.99582809,.99582809,.99582809
GLOMIS,LED-SSP2,EEU,Material Release|Infrastructure|Rail|Iron_steel,Mt/yr,mean,.74835151,.86639094,.88999885,.88999885,.88999885,.88999885,.88999885,.88999885,.88999885,.88999885,.88999885,.88999885,.88999885,.88999885,.88999885,.88999885,.88999885,.88999885
GLOMIS,LED-SSP2,EEU,Material Release|Infrastructure|Roads|Aluminum,Mt/yr,mean,0,0,0,0,0,0,0,0,0,0,0,0,0,0,0,0,0,0
GLOMIS,LED-SSP2,EEU,Material Release|Infrastructure|Roads|Asphalt,Mt/yr,mean,90.581154,104.86876,107.72628,107.72628,107.72628,107.72628,107.72628,107.72628,107.72628,107.72628,107.72628,107.72628,107.72628,107.72628,107.72628,107.72628,107.72628,107.72628
GLOMIS,LED-SSP2,EEU,Material Release|Infrastructure|Roads|Concrete,Mt/yr,mean,0,0,0,0,0,0,0,0,0,0,0,0,0,0,0,0,0,0
GLOMIS,LED-SSP2,EEU,Material Release|Infrastructure|Roads|Iron_steel,Mt/yr,mean,0,0,0,0,0,0,0,0,0,0,0,0,0,0,0,0,0,0
GLOMIS,LED-SSP2,EEU,Material Release|Infrastructure|Tunnels|Aluminum,Mt/yr,mean,.00013771901,.000159442,.000163787,.000163787,.000163787,.000163787,.000163787,.000163787,.000163787,.000163787,.000163787,.000163787,.000163787,.000163787,.000163787,.000163787,.000163787,.000163787
GLOMIS,LED-SSP2,EEU,Material Release|Infrastructure|Tunnels|Asphalt,Mt/yr,mean,.22831874,.26433206,.27153471,.27153471,.27153471,.27153471,.27153471,.27153471,.27153471,.27153471,.27153471,.27153471,.27153471,.27153471,.27153471,.27153471,.27153471,.27153471
GLOMIS,LED-SSP2,EEU,Material Release|Infrastructure|Tunnels|Concrete,Mt/yr,mean,.90533346,1.0481341,1.0766941,1.0766941,1.0766941,1.0766941,1.0766941,1.0766941,1.0766941,1.0766941,1.0766941,1.0766941,1.0766941,1.0766941,1.0766941,1.0766941,1.0766941,1.0766941
GLOMIS,LED-SSP2,EEU,Material Release|Infrastructure|Tunnels|Iron_steel,Mt/yr,mean,.04117725,.047672246,.048971247,.048971247,.048971247,.048971247,.048971247,.048971247,.048971247,.048971247,.048971247,.048971247,.048971247,.048971247,.048971247,.048971247,.048971247,.048971247
GLOMIS,LED-SSP2,FSU,Material Demand|Infrastructure|Bridges|Aluminum,Mt/yr,mean,.000157127,.00016139699,.000119027,.000161904,.000138972,.000109351,.000079400001,.0000784,.000071399998,.000071399998,.000071399998,.000071399998,.000071399998,.000071399998,.000071399998,.000071399998,.000071399998,.000071399998
GLOMIS,LED-SSP2,FSU,Material Demand|Infrastructure|Bridges|Asphalt,Mt/yr,mean,1.3036722,1.3813221,1.2950281,1.4807953,1.4591882,1.3981265,1.3165131,1.3183708,1.2979058,1.2979058,1.2979058,1.2979058,1.2979058,1.2979058,1.2979058,1.2979058,1.2979058,1.2979058
GLOMIS,LED-SSP2,FSU,Material Demand|Infrastructure|Bridges|Concrete,Mt/yr,mean,2.1151364,2.1726205,1.6022582,2.1794403,1.8707439,1.4720056,1.0683061,1.0558773,.96083951,.96083951,.96083951,.96083951,.96083951,.96083951,.96083951,.96083951,.96083951,.96083951
GLOMIS,LED-SSP2,FSU,Material Demand|Infrastructure|Bridges|Iron_steel,Mt/yr,mean,.73424119,.75419605,.55620241,.75656337,.64940357,.51098698,.37084812,.36653361,.33354253,.33354253,.33354253,.33354253,.33354253,.33354253,.33354253,.33354253,.33354253,.33354253
GLOMIS,LED-SSP2,FSU,Material Demand|Infrastructure|Buildings|Aluminum,Mt/yr,mean,0,0,0,0,0,0,0,0,0,0,0,0,0,0,0,0,0,0
GLOMIS,LED-SSP2,FSU,Material Demand|Infrastructure|Buildings|Concrete,Mt/yr,mean,2.3097231,2.3766,1.7795504,2.3933079,2.0726078,1.6551412,1.2305566,1.2179098,1.1178336,1.1178336,1.1178336,1.1178336,1.1178336,1.1178336,1.1178336,1.1178336,1.1178336,1.1178336
GLOMIS,LED-SSP2,FSU,Material Demand|Infrastructure|Buildings|Iron_steel,Mt/yr,mean,0,0,0,0,0,0,0,0,0,0,0,0,0,0,0,0,0,0
GLOMIS,LED-SSP2,FSU,Material Demand|Infrastructure|Charging stations|Aluminum,Mt/yr,mean,8.6199998e-07,9.1900000e-07,8.9500003e-07,9.9600004e-07,1.0000000e-06,9.8700002e-07,9.5400003e-07,9.5700000e-07,9.4799998e-07,9.4799998e-07,9.4799998e-07,9.4799998e-07,9.4799998e-07,9.4799998e-07,9.4799998e-07,9.4799998e-07,9.4799998e-07,9.4799998e-07
GLOMIS,LED-SSP2,FSU,Material Demand|Infrastructure|Charging stations|Concrete,Mt/yr,mean,.000133422,.000142202,.000138608,.00015426399,.00015538299,.00015278099,.00014773,.000148108,.000146766,.000146766,.000146766,.000146766,.000146766,.000146766,.000146766,.000146766,.000146766,.000146766
GLOMIS,LED-SSP2,FSU,Material Demand|Infrastructure|Charging stations|Iron_steel,Mt/yr,mean,.0000222,.0000237,.000023099999,.000025699999,.000025900001,.0000255,.0000246,.000024700001,.000024499999,.000024499999,.000024499999,.000024499999,.000024499999,.000024499999,.000024499999,.000024499999,.000024499999,.000024499999
GLOMIS,LED-SSP2,FSU,Material Demand|Infrastructure|Fuel stations|Aluminum,Mt/yr,mean,.00030317999,.00031931099,.000287134,.00033809501,.00032537099,.000302739,.000276126,.000276123,.000269624,.000269624,.000269624,.000269624,.000269624,.000269624,.000269624,.000269624,.000269624,.000269624
GLOMIS,LED-SSP2,FSU,Material Demand|Infrastructure|Fuel stations|Concrete,Mt/yr,mean,1.13223,1.1924709,1.0723048,1.2626208,1.2151021,1.1305822,1.0311958,1.0311865,1.0069153,1.0069153,1.0069153,1.0069153,1.0069153,1.0069153,1.0069153,1.0069153,1.0069153,1.0069153
GLOMIS,LED-SSP2,FSU,Material Demand|Infrastructure|Fuel stations|Iron_steel,Mt/yr,mean,.045232892,.04763953,.042838868,.05044204,.048543658,.045167066,.041196547,.041196179,.040226541,.040226541,.040226541,.040226541,.040226541,.040226541,.040226541,.040226541,.040226541,.040226541
GLOMIS,LED-SSP2,FSU,Material Demand|Infrastructure|Parking|Aluminum,Mt/yr,mean,.0015036881,.001555908,.0012217599,.001586377,.0014122759,.001178476,.00093644502,.00093016902,.00087285403,.00087285403,.00087285403,.00087285403,.00087285403,.00087285403,.00087285403,.00087285403,.00087285403,.00087285403
GLOMIS,LED-SSP2,FSU,Material Demand|Infrastructure|Parking|Asphalt,Mt/yr,mean,2.7161591,2.8797996,2.7116897,3.091244,3.053654,2.9345677,2.7718925,2.7761822,2.7352223,2.7352223,2.7352223,2.7352223,2.7352223,2.7352223,2.7352223,2.7352223,2.7352223,2.7352223
GLOMIS,LED-SSP2,FSU,Material Demand|Infrastructure|Parking|Concrete,Mt/yr,mean,3.1781809,3.2885535,2.5823002,3.3529513,2.9849725,2.4908166,1.9792621,1.9659969,1.8448567,1.8448567,1.8448567,1.8448567,1.8448567,1.8448567,1.8448567,1.8448567,1.8448567,1.8448567
GLOMIS,LED-SSP2,FSU,Material Demand|Infrastructure|Parking|Iron_steel,Mt/yr,mean,.028077483,.029052563,.022813205,.029621482,.026370592,.022004994,.017485693,.017368503,.016298296,.016298296,.016298296,.016298296,.016298296,.016298296,.016298296,.016298296,.016298296,.016298296
GLOMIS,LED-SSP2,FSU,Material Demand|Infrastructure|Rail|Aluminum,Mt/yr,mean,.015098132,.015755897,.01323913,.016362922,.015147869,.013384106,.011482403,.011449468,.010994437,.010994437,.010994437,.010994437,.010994437,.010994437,.010994437,.010994437,.010994437,.010994437
GLOMIS,LED-SSP2,FSU,Material Demand|Infrastructure|Rail|Concrete,Mt/yr,mean,3.5570583,3.7107584,3.1098599,3.850913,3.5595908,3.1385138,2.6854634,2.6774185,2.5690718,2.5690718,2.5690718,2.5690718,2.5690718,2.5690718,2.5690718,2.5690718,2.5690718,2.5690718
GLOMIS,LED-SSP2,FSU,Material Demand|Infrastructure|Rail|Iron_steel,Mt/yr,mean,3.0323803,3.1933367,2.8690968,3.3803504,3.2515535,3.0235133,2.7558155,2.7557044,2.6903548,2.6903548,2.6903548,2.6903548,2.6903548,2.6903548,2.6903548,2.6903548,2.6903548,2.6903548
GLOMIS,LED-SSP2,FSU,Material Demand|Infrastructure|Roads|Aluminum,Mt/yr,mean,0,0,0,0,0,0,0,0,0,0,0,0,0,0,0,0,0,0
GLOMIS,LED-SSP2,FSU,Material Demand|Infrastructure|Roads|Asphalt,Mt/yr,mean,251.39606,266.17844,248.33539,284.92865,279.9975,267.38528,250.88927,251.20436,247.08517,247.08517,247.08517,247.08517,247.08517,247.08517,247.08517,247.08517,247.08517,247.08517
GLOMIS,LED-SSP2,FSU,Material Demand|Infrastructure|Roads|Concrete,Mt/yr,mean,0,0,0,0,0,0,0,0,0,0,0,0,0,0,0,0,0,0
GLOMIS,LED-SSP2,FSU,Material Demand|Infrastructure|Roads|Iron_steel,Mt/yr,mean,0,0,0,0,0,0,0,0,0,0,0,0,0,0,0,0,0,0
GLOMIS,LED-SSP2,FSU,Material Demand|Infrastructure|Tunnels|Aluminum,Mt/yr,mean,.001495439,.001536081,.001132825,.001540903,.001322649,.001040734,.00075531099,.00074652402,.00067933003,.00067933003,.00067933003,.00067933003,.00067933003,.00067933003,.00067933003,.00067933003,.00067933003,.00067933003
GLOMIS,LED-SSP2,FSU,Material Demand|Infrastructure|Tunnels|Asphalt,Mt/yr,mean,.11502385,.12183723,.11398642,.13052867,.12847155,.12291899,.11556876,.11572417,.11388446,.11388446,.11388446,.11388446,.11388446,.11388446,.11388446,.11388446,.11388446,.11388446
GLOMIS,LED-SSP2,FSU,Material Demand|Infrastructure|Tunnels|Concrete,Mt/yr,mean,5.0823193,5.2204442,3.8499587,5.2368307,4.4950852,3.5369835,2.5669611,2.5370967,2.3087368,2.3087368,2.3087368,2.3087368,2.3087368,2.3087368,2.3087368,2.3087368,2.3087368,2.3087368
GLOMIS,LED-SSP2,FSU,Material Demand|Infrastructure|Tunnels|Iron_steel,Mt/yr,mean,.26401499,.27119029,.19999665,.2720415,.2335095,.18373831,.13334782,.13179643,.11993366,.11993366,.11993366,.11993366,.11993366,.11993366,.11993366,.11993366,.11993366,.11993366
GLOMIS,LED-SSP2,FSU,Material Release|Infrastructure|Bridges|Aluminum,Mt/yr,mean,.000054600001,.000058900001,.000061699997,.000065400003,.000068499998,.000070399998,.000071000002,.000071299997,.000071399998,.000071399998,.000071399998,.000071399998,.000071399998,.000071399998,.000071399998,.000071399998,.000071399998,.000071399998
GLOMIS,LED-SSP2,FSU,Material Release|Infrastructure|Bridges|Asphalt,Mt/yr,mean,.99353558,1.0711855,1.1214775,1.1886785,1.2460063,1.2802848,1.2912465,1.296827,1.2979058,1.2979058,1.2979058,1.2979058,1.2979058,1.2979058,1.2979058,1.2979058,1.2979058,1.2979058
GLOMIS,LED-SSP2,FSU,Material Release|Infrastructure|Bridges|Concrete,Mt/yr,mean,.73551428,.79299855,.83022964,.8799786,.9224183,.94779474,.95590967,.96004087,.96083951,.96083951,.96083951,.96083951,.96083951,.96083951,.96083951,.96083951,.96083951,.96083951
GLOMIS,LED-SSP2,FSU,Material Release|Infrastructure|Bridges|Iron_steel,Mt/yr,mean,.25532389,.27527878,.28820306,.30547276,.32020512,.32901421,.33183122,.3332653,.33354253,.33354253,.33354253,.33354253,.33354253,.33354253,.33354253,.33354253,.33354253,.33354253
GLOMIS,LED-SSP2,FSU,Material Release|Infrastructure|Buildings|Aluminum,Mt/yr,mean,0,0,0,0,0,0,0,0,0,0,0,0,0,0,0,0,0,0
GLOMIS,LED-SSP2,FSU,Material Release|Infrastructure|Buildings|Concrete,Mt/yr,mean,.85569185,.92256862,.96588302,1.0237607,1.0731347,1.1026573,1.1120982,1.1169045,1.1178336,1.1178336,1.1178336,1.1178336,1.1178336,1.1178336,1.1178336,1.1178336,1.1178336,1.1178336
GLOMIS,LED-SSP2,FSU,Material Release|Infrastructure|Buildings|Iron_steel,Mt/yr,mean,0,0,0,0,0,0,0,0,0,0,0,0,0,0,0,0,0,0
GLOMIS,LED-SSP2,FSU,Material Release|Infrastructure|Charging stations|Aluminum,Mt/yr,mean,7.2600000e-07,7.8199997e-07,8.1899998e-07,8.6799997e-07,9.0999998e-07,9.3500000e-07,9.4299997e-07,9.4699999e-07,9.4799998e-07,9.4799998e-07,9.4799998e-07,9.4799998e-07,9.4799998e-07,9.4799998e-07,9.4799998e-07,9.4799998e-07,9.4799998e-07,9.4799998e-07
GLOMIS,LED-SSP2,FSU,Material Release|Infrastructure|Charging stations|Concrete,Mt/yr,mean,.000112348,.000121129,.000126816,.00013441499,.000140898,.00014477401,.000146013,.000146644,.000146766,.000146766,.000146766,.000146766,.000146766,.000146766,.000146766,.000146766,.000146766,.000146766
GLOMIS,LED-SSP2,FSU,Material Release|Infrastructure|Charging stations|Iron_steel,Mt/yr,mean,.000018700001,.000020199999,.000021100001,.0000224,.000023500001,.0000241,.000024299999,.0000244,.000024499999,.000024499999,.000024499999,.000024499999,.000024499999,.000024499999,.000024499999,.000024499999,.000024499999,.000024499999
GLOMIS,LED-SSP2,FSU,Material Release|Infrastructure|Fuel stations|Aluminum,Mt/yr,mean,.00020639499,.000222526,.00023297301,.00024693401,.00025884301,.00026596399,.00026824101,.00026940001,.000269624,.000269624,.000269624,.000269624,.000269624,.000269624,.000269624,.000269624,.000269624,.000269624
GLOMIS,LED-SSP2,FSU,Material Release|Infrastructure|Fuel stations|Concrete,Mt/yr,mean,.77078497,.83102584,.87004232,.9221769,.96665174,.99324507,1.0017492,1.0060785,1.0069153,1.0069153,1.0069153,1.0069153,1.0069153,1.0069153,1.0069153,1.0069153,1.0069153,1.0069153
GLOMIS,LED-SSP2,FSU,Material Release|Infrastructure|Fuel stations|Iron_steel,Mt/yr,mean,.030793065,.033199701,.034758423,.036841214,.038617998,.039680406,.040020149,.040193103,.040226541,.040226541,.040226541,.040226541,.040226541,.040226541,.040226541,.040226541,.040226541,.040226541
GLOMIS,LED-SSP2,FSU,Material Release|Infrastructure|Parking|Aluminum,Mt/yr,mean,.00066816201,.00072038302,.00075420499,.000799398,.00083795103,.00086100399,.000868376,.00087212899,.00087285403,.00087285403,.00087285403,.00087285403,.00087285403,.00087285403,.00087285403,.00087285403,.00087285403,.00087285403
GLOMIS,LED-SSP2,FSU,Material Release|Infrastructure|Parking|Asphalt,Mt/yr,mean,2.0937889,2.2574294,2.363415,2.5050354,2.6258485,2.6980877,2.7211885,2.7329488,2.7352223,2.7352223,2.7352223,2.7352223,2.7352223,2.7352223,2.7352223,2.7352223,2.7352223,2.7352223
GLOMIS,LED-SSP2,FSU,Material Release|Infrastructure|Parking|Concrete,Mt/yr,mean,1.4122218,1.5225942,1.5940797,1.6896001,1.7710863,1.8198103,1.8353913,1.8433232,1.8448567,1.8448567,1.8448567,1.8448567,1.8448567,1.8448567,1.8448567,1.8448567,1.8448567,1.8448567
GLOMIS,LED-SSP2,FSU,Material Release|Infrastructure|Parking|Iron_steel,Mt/yr,mean,.012476204,.013451283,.014082819,.014926687,.015646573,.016077023,.016214672,.016284749,.016298296,.016298296,.016298296,.016298296,.016298296,.016298296,.016298296,.016298296,.016298296,.016298296
GLOMIS,LED-SSP2,FSU,Material Release|Infrastructure|Rail|Aluminum,Mt/yr,mean,.008416147,.0090739122,.0094999298,.010069184,.010554801,.010845172,.010938028,.010985299,.010994437,.010994437,.010994437,.010994437,.010994437,.010994437,.010994437,.010994437,.010994437,.010994437
GLOMIS,LED-SSP2,FSU,Material Release|Infrastructure|Rail|Concrete,Mt/yr,mean,1.966602,2.1203022,2.2198501,2.3528676,2.466342,2.5341928,2.5558906,2.5669363,2.5690718,2.5690718,2.5690718,2.5690718,2.5690718,2.5690718,2.5690718,2.5690718,2.5690718,2.5690718
GLOMIS,LED-SSP2,FSU,Material Release|Infrastructure|Rail|Iron_steel,Mt/yr,mean,2.059443,2.2203994,2.3246467,2.4639437,2.5827751,2.6538293,2.6765513,2.6881185,2.6903548,2.6903548,2.6903548,2.6903548,2.6903548,2.6903548,2.6903548,2.6903548,2.6903548,2.6903548
GLOMIS,LED-SSP2,FSU,Material Release|Infrastructure|Roads|Aluminum,Mt/yr,mean,0,0,0,0,0,0,0,0,0,0,0,0,0,0,0,0,0,0
GLOMIS,LED-SSP2,FSU,Material Release|Infrastructure|Roads|Asphalt,Mt/yr,mean,189.14156,203.92395,213.49814,226.29135,237.20496,243.73065,245.81746,246.87981,247.08517,247.08517,247.08517,247.08517,247.08517,247.08517,247.08517,247.08517,247.08517,247.08517
GLOMIS,LED-SSP2,FSU,Material Release|Infrastructure|Roads|Concrete,Mt/yr,mean,0,0,0,0,0,0,0,0,0,0,0,0,0,0,0,0,0,0
GLOMIS,LED-SSP2,FSU,Material Release|Infrastructure|Roads|Iron_steel,Mt/yr,mean,0,0,0,0,0,0,0,0,0,0,0,0,0,0,0,0,0,0
GLOMIS,LED-SSP2,FSU,Material Release|Infrastructure|Tunnels|Aluminum,Mt/yr,mean,.000520022,.00056066399,.00058698701,.00062215998,.00065216603,.00067010801,.00067584502,.00067876599,.00067933003,.00067933003,.00067933003,.00067933003,.00067933003,.00067933003,.00067933003,.00067933003,.00067933003,.00067933003
GLOMIS,LED-SSP2,FSU,Material Release|Infrastructure|Tunnels|Asphalt,Mt/yr,mean,.08717756,.093990944,.098403797,.10430034,.10933056,.11233831,.11330015,.1137898,.11388446,.11388446,.11388446,.11388446,.11388446,.11388446,.11388446,.11388446,.11388446,.11388446
GLOMIS,LED-SSP2,FSU,Material Release|Infrastructure|Tunnels|Concrete,Mt/yr,mean,1.7673179,1.905443,1.9949031,2.1144416,2.2164171,2.2773924,2.2968912,2.306818,2.3087368,2.3087368,2.3087368,2.3087368,2.3087368,2.3087368,2.3087368,2.3087368,2.3087368,2.3087368
GLOMIS,LED-SSP2,FSU,Material Release|Infrastructure|Tunnels|Iron_steel,Mt/yr,mean,.09180817,.098983452,.10363071,.10984046,.11513785,.11830539,.11931831,.11983397,.11993366,.11993366,.11993366,.11993366,.11993366,.11993366,.11993366,.11993366,.11993366,.11993366
GLOMIS,LED-SSP2,LAM,Material Demand|Infrastructure|Bridges|Aluminum,Mt/yr,mean,.000652936,.00067487598,.000152715,.000358616,.00033691101,.00027029999,.00018607,.000314003,.00027798,.00027798,.00027798,.00027798,.00027798,.00027798,.00027798,.00027798,.00027798,.00027798
GLOMIS,LED-SSP2,LAM,Material Demand|Infrastructure|Bridges|Asphalt,Mt/yr,mean,2.6963642,2.9746511,1.9370751,2.4164228,2.4499135,2.3623505,2.2016399,2.517427,2.4893987,2.4893987,2.4893987,2.4893987,2.4893987,2.4893987,2.4893987,2.4893987,2.4893987,2.4893987
GLOMIS,LED-SSP2,LAM,Material Demand|Infrastructure|Bridges|Concrete,Mt/yr,mean,5.5060248,5.6910348,1.2878002,3.0241094,2.8410773,2.2793643,1.5690784,2.6478989,2.3441226,2.3441226,2.3441226,2.3441226,2.3441226,2.3441226,2.3441226,2.3441226,2.3441226,2.3441226
GLOMIS,LED-SSP2,LAM,Material Demand|Infrastructure|Bridges|Iron_steel,Mt/yr,mean,1.1354921,1.1736461,.2655794,.62365359,.5859074,.47006691,.32358664,.54606873,.48342183,.48342183,.48342183,.48342183,.48342183,.48342183,.48342183,.48342183,.48342183,.48342183
GLOMIS,LED-SSP2,LAM,Material Demand|Infrastructure|Buildings|Aluminum,Mt/yr,mean,0,0,0,0,0,0,0,0,0,0,0,0,0,0,0,0,0,0
GLOMIS,LED-SSP2,LAM,Material Demand|Infrastructure|Buildings|Concrete,Mt/yr,mean,.99836433,1.0367312,.26706111,.57236511,.54233962,.44530478,.32132035,.51147592,.45949548,.45949548,.45949548,.45949548,.45949548,.45949548,.45949548,.45949548,.45949548,.45949548
GLOMIS,LED-SSP2,LAM,Material Demand|Infrastructure|Buildings|Iron_steel,Mt/yr,mean,0,0,0,0,0,0,0,0,0,0,0,0,0,0,0,0,0,0
GLOMIS,LED-SSP2,LAM,Material Demand|Infrastructure|Charging stations|Aluminum,Mt/yr,mean,2.8900001e-07,3.2400001e-07,2.4600001e-07,2.8599999e-07,2.9399999e-07,2.9000000e-07,2.7799999e-07,3.0600000e-07,3.0600000e-07,3.0600000e-07,3.0600000e-07,3.0600000e-07,3.0600000e-07,3.0600000e-07,3.0600000e-07,3.0600000e-07,3.0600000e-07,3.0600000e-07
GLOMIS,LED-SSP2,LAM,Material Demand|Infrastructure|Charging stations|Concrete,Mt/yr,mean,.000044699998,.0000502,.000038099999,.0000444,.000045500001,.0000449,.000043100001,.0000473,.000047400001,.000047400001,.000047400001,.000047400001,.000047400001,.000047400001,.000047400001,.000047400001,.000047400001,.000047400001
GLOMIS,LED-SSP2,LAM,Material Demand|Infrastructure|Charging stations|Iron_steel,Mt/yr,mean,7.4499999e-06,8.3599998e-06,6.3500001e-06,7.3900001e-06,7.5799999e-06,7.4800000e-06,7.1800000e-06,7.8900002e-06,7.9000001e-06,7.9000001e-06,7.9000001e-06,7.9000001e-06,7.9000001e-06,7.9000001e-06,7.9000001e-06,7.9000001e-06,7.9000001e-06,7.9000001e-06
GLOMIS,LED-SSP2,LAM,Material Demand|Infrastructure|Fuel stations|Aluminum,Mt/yr,mean,.00065303902,.00070856698,.000386509,.00052606699,.00052638998,.00049332198,.000442563,.000532487,.00051806198,.00051806198,.00051806198,.00051806198,.00051806198,.00051806198,.00051806198,.00051806198,.00051806198,.00051806198
GLOMIS,LED-SSP2,LAM,Material Demand|Infrastructure|Fuel stations|Concrete,Mt/yr,mean,2.4387841,2.6461513,1.4434223,1.9646037,1.9658104,1.842317,1.6527557,1.9885792,1.9347082,1.9347082,1.9347082,1.9347082,1.9347082,1.9347082,1.9347082,1.9347082,1.9347082,1.9347082
GLOMIS,LED-SSP2,LAM,Material Demand|Infrastructure|Fuel stations|Iron_steel,Mt/yr,mean,.097430088,.10571446,.05766511,.078486443,.078534655,.07360106,.066028044,.079444274,.077292114,.077292114,.077292114,.077292114,.077292114,.077292114,.077292114,.077292114,.077292114,.077292114
GLOMIS,LED-SSP2,LAM,Material Demand|Infrastructure|Parking|Aluminum,Mt/yr,mean,.001557831,.001629421,.000498312,.00095153501,.000912374,.00077267399,.00059089699,.00087434001,.000800771,.000800771,.000800771,.000800771,.000800771,.000800771,.000800771,.000800771,.000800771,.000800771
GLOMIS,LED-SSP2,LAM,Material Demand|Infrastructure|Parking|Asphalt,Mt/yr,mean,2.8207324,3.115665,2.0529406,2.5468681,2.5844028,2.4966073,2.3322823,2.6583211,2.6314509,2.6314509,2.6314509,2.6314509,2.6314509,2.6314509,2.6314509,2.6314509,2.6314509,2.6314509
GLOMIS,LED-SSP2,LAM,Material Demand|Infrastructure|Parking|Concrete,Mt/yr,mean,3.5630269,3.7267637,1.1397238,2.1763241,2.0867553,1.7672369,1.3514835,1.9997644,1.8315001,1.8315001,1.8315001,1.8315001,1.8315001,1.8315001,1.8315001,1.8315001,1.8315001,1.8315001
GLOMIS,LED-SSP2,LAM,Material Demand|Infrastructure|Parking|Iron_steel,Mt/yr,mean,.033922959,.03548187,.010851113,.020720406,.019867634,.016825557,.012867239,.019039409,.017437393,.017437393,.017437393,.017437393,.017437393,.017437393,.017437393,.017437393,.017437393,.017437393
GLOMIS,LED-SSP2,LAM,Material Demand|Infrastructure|Rail|Aluminum,Mt/yr,mean,.0088324742,.0093668541,.0037196639,.0060353712,.0058976272,.0052339369,.0043314211,.005792967,.0054585072,.0054585072,.0054585072,.0054585072,.0054585072,.0054585072,.0054585072,.0054585072,.0054585072,.0054585072
GLOMIS,LED-SSP2,LAM,Material Demand|Infrastructure|Rail|Concrete,Mt/yr,mean,1.9859376,2.0986059,.78425175,1.319719,1.283838,1.1271331,.91674495,1.253841,1.1738249,1.1738249,1.1738249,1.1738249,1.1738249,1.1738249,1.1738249,1.1738249,1.1738249,1.1738249
GLOMIS,LED-SSP2,LAM,Material Demand|Infrastructure|Rail|Iron_steel,Mt/yr,mean,1.4994708,1.6245615,.87072045,1.1959238,1.1950864,1.1167519,.99780101,1.207006,1.172335,1.172335,1.172335,1.172335,1.172335,1.172335,1.172335,1.172335,1.172335,1.172335
GLOMIS,LED-SSP2,LAM,Material Demand|Infrastructure|Roads|Aluminum,Mt/yr,mean,0,0,0,0,0,0,0,0,0,0,0,0,0,0,0,0,0,0
GLOMIS,LED-SSP2,LAM,Material Demand|Infrastructure|Roads|Asphalt,Mt/yr,mean,556.13715,612.05292,389.21332,491.01035,496.94559,477.40448,442.77945,509.5903,502.85587,502.85587,502.85587,502.85587,502.85587,502.85587,502.85587,502.85587,502.85587,502.85587
GLOMIS,LED-SSP2,LAM,Material Demand|Infrastructure|Roads|Concrete,Mt/yr,mean,0,0,0,0,0,0,0,0,0,0,0,0,0,0,0,0,0,0
GLOMIS,LED-SSP2,LAM,Material Demand|Infrastructure|Roads|Iron_steel,Mt/yr,mean,0,0,0,0,0,0,0,0,0,0,0,0,0,0,0,0,0,0
GLOMIS,LED-SSP2,LAM,Material Demand|Infrastructure|Tunnels|Aluminum,Mt/yr,mean,.00097536598,.001008139,.000228128,.000535706,.00050328299,.00040377799,.000277955,.00046906201,.00041524999,.00041524999,.00041524999,.00041524999,.00041524999,.00041524999,.00041524999,.00041524999,.00041524999,.00041524999
GLOMIS,LED-SSP2,LAM,Material Demand|Infrastructure|Tunnels|Asphalt,Mt/yr,mean,.35535011,.39222994,.2567099,.31947774,.32402575,.31269053,.29171491,.33310017,.32953808,.32953808,.32953808,.32953808,.32953808,.32953808,.32953808,.32953808,.32953808,.32953808
GLOMIS,LED-SSP2,LAM,Material Demand|Infrastructure|Tunnels|Concrete,Mt/yr,mean,4.8447318,5.0075212,1.1331308,2.660903,2.4998538,2.0056045,1.3806266,2.3298767,2.0625851,2.0625851,2.0625851,2.0625851,2.0625851,2.0625851,2.0625851,2.0625851,2.0625851,2.0625851
GLOMIS,LED-SSP2,LAM,Material Demand|Infrastructure|Tunnels|Iron_steel,Mt/yr,mean,.23433514,.24220911,.054808471,.12870538,.12091558,.097009212,.066779613,.11269395,.099765316,.099765316,.099765316,.099765316,.099765316,.099765316,.099765316,.099765316,.099765316,.099765316
GLOMIS,LED-SSP2,LAM,Material Release|Infrastructure|Bridges|Aluminum,Mt/yr,mean,.00012638701,.000148327,.000152715,.000157603,.00016500799,.000169791,.000171126,.000175856,.000180264,.000180264,.000180264,.000180264,.000180264,.000180264,.000180264,.000180264,.000180264,.000180264
GLOMIS,LED-SSP2,LAM,Material Release|Infrastructure|Bridges|Asphalt,Mt/yr,mean,1.6031308,1.8814178,1.9370751,1.9990733,2.0930033,2.1536703,2.1706126,2.2306023,2.2865198,2.2865198,2.2865198,2.2865198,2.2865198,2.2865198,2.2865198,2.2865198,2.2865198,2.2865198
GLOMIS,LED-SSP2,LAM,Material Release|Infrastructure|Bridges|Concrete,Mt/yr,mean,1.0657883,1.2507982,1.2878002,1.3290175,1.3914638,1.4317962,1.4430598,1.4829419,1.5201167,1.5201167,1.5201167,1.5201167,1.5201167,1.5201167,1.5201167,1.5201167,1.5201167,1.5201167
GLOMIS,LED-SSP2,LAM,Material Release|Infrastructure|Bridges|Iron_steel,Mt/yr,mean,.21979453,.25794861,.2655794,.27407956,.28695765,.2952753,.29759818,.30582294,.31348941,.31348941,.31348941,.31348941,.31348941,.31348941,.31348941,.31348941,.31348941,.31348941
GLOMIS,LED-SSP2,LAM,Material Release|Infrastructure|Buildings|Aluminum,Mt/yr,mean,0,0,0,0,0,0,0,0,0,0,0,0,0,0,0,0,0,0
GLOMIS,LED-SSP2,LAM,Material Release|Infrastructure|Buildings|Concrete,Mt/yr,mean,.22102079,.25938773,.26706111,.27560866,.28855863,.29692268,.2992585,.30752915,.31523839,.31523839,.31523839,.31523839,.31523839,.31523839,.31523839,.31523839,.31523839,.31523839
GLOMIS,LED-SSP2,LAM,Material Release|Infrastructure|Buildings|Iron_steel,Mt/yr,mean,0,0,0,0,0,0,0,0,0,0,0,0,0,0,0,0,0,0
GLOMIS,LED-SSP2,LAM,Material Release|Infrastructure|Charging stations|Aluminum,Mt/yr,mean,2.0400000e-07,2.3900000e-07,2.4600001e-07,2.5400001e-07,2.6600000e-07,2.7400000e-07,2.7600001e-07,2.8299999e-07,2.9099999e-07,2.9099999e-07,2.9099999e-07,2.9099999e-07,2.9099999e-07,2.9099999e-07,2.9099999e-07,2.9099999e-07,2.9099999e-07,2.9099999e-07
GLOMIS,LED-SSP2,LAM,Material Release|Infrastructure|Charging stations|Concrete,Mt/yr,mean,.0000315,.000037000002,.000038099999,.000039300001,.000041200001,.000042399999,.000042700001,.0000439,.000045000001,.000045000001,.000045000001,.000045000001,.000045000001,.000045000001,.000045000001,.000045000001,.000045000001,.000045000001
GLOMIS,LED-SSP2,LAM,Material Release|Infrastructure|Charging stations|Iron_steel,Mt/yr,mean,5.2599999e-06,6.1699998e-06,6.3500001e-06,6.5499999e-06,6.8600002e-06,7.0599999e-06,7.1200002e-06,7.3100000e-06,7.4999998e-06,7.4999998e-06,7.4999998e-06,7.4999998e-06,7.4999998e-06,7.4999998e-06,7.4999998e-06,7.4999998e-06,7.4999998e-06,7.4999998e-06
GLOMIS,LED-SSP2,LAM,Material Release|Infrastructure|Fuel stations|Aluminum,Mt/yr,mean,.00031987601,.000375403,.000386509,.000398879,.00041762099,.000429726,.00043310699,.00044507699,.000456234,.000456234,.000456234,.000456234,.000456234,.000456234,.000456234,.000456234,.000456234,.000456234
GLOMIS,LED-SSP2,LAM,Material Release|Infrastructure|Fuel stations|Concrete,Mt/yr,mean,1.1945817,1.4019489,1.4434223,1.4896206,1.5596129,1.6048192,1.617444,1.6621455,1.7038128,1.7038128,1.7038128,1.7038128,1.7038128,1.7038128,1.7038128,1.7038128,1.7038128,1.7038128
GLOMIS,LED-SSP2,LAM,Material Release|Infrastructure|Fuel stations|Iron_steel,Mt/yr,mean,.047723863,.056008235,.05766511,.059510738,.062306959,.064112961,.064617328,.066403165,.068067782,.068067782,.068067782,.068067782,.068067782,.068067782,.068067782,.068067782,.068067782,.068067782
GLOMIS,LED-SSP2,LAM,Material Release|Infrastructure|Parking|Aluminum,Mt/yr,mean,.000412405,.00048399399,.000498312,.00051426102,.00053842401,.00055403099,.000558389,.00057382102,.00058820599,.00058820599,.00058820599,.00058820599,.00058820599,.00058820599,.00058820599,.00058820599,.00058820599,.00058820599
GLOMIS,LED-SSP2,LAM,Material Release|Infrastructure|Parking|Asphalt,Mt/yr,mean,1.6990215,1.9939541,2.0529406,2.1186471,2.2181954,2.2824912,2.300447,2.3640249,2.4232869,2.4232869,2.4232869,2.4232869,2.4232869,2.4232869,2.4232869,2.4232869,2.4232869,2.4232869
GLOMIS,LED-SSP2,LAM,Material Release|Infrastructure|Parking|Concrete,Mt/yr,mean,.94323981,1.1069765,1.1397238,1.1762018,1.2314677,1.2671626,1.2771312,1.3124274,1.3453277,1.3453277,1.3453277,1.3453277,1.3453277,1.3453277,1.3453277,1.3453277,1.3453277,1.3453277
GLOMIS,LED-SSP2,LAM,Material Release|Infrastructure|Parking|Iron_steel,Mt/yr,mean,.0089804223,.010539331,.010851113,.011198414,.01172459,.012064435,.012159344,.012495393,.012808631,.012808631,.012808631,.012808631,.012808631,.012808631,.012808631,.012808631,.012808631,.012808631
GLOMIS,LED-SSP2,LAM,Material Release|Infrastructure|Rail|Aluminum,Mt/yr,mean,.0030784081,.0036127879,.0037196639,.0038387161,.0040190849,.0041355798,.0041681142,.004283309,.004390684,.004390684,.004390684,.004390684,.004390684,.004390684,.004390684,.004390684,.004390684,.004390684
GLOMIS,LED-SSP2,LAM,Material Release|Infrastructure|Rail|Concrete,Mt/yr,mean,.6490497,.76171803,.78425175,.80935252,.84738135,.87194318,.87880266,.90309024,.92572916,.92572916,.92572916,.92572916,.92572916,.92572916,.92572916,.92572916,.92572916,.92572916
GLOMIS,LED-SSP2,LAM,Material Release|Infrastructure|Rail|Iron_steel,Mt/yr,mean,.72061157,.84570229,.87072045,.89858872,.9408105,.96808046,.97569615,1.0026616,1.0277966,1.0277966,1.0277966,1.0277966,1.0277966,1.0277966,1.0277966,1.0277966,1.0277966,1.0277966
GLOMIS,LED-SSP2,LAM,Material Release|Infrastructure|Roads|Aluminum,Mt/yr,mean,0,0,0,0,0,0,0,0,0,0,0,0,0,0,0,0,0,0
GLOMIS,LED-SSP2,LAM,Material Release|Infrastructure|Roads|Asphalt,Mt/yr,mean,322.11444,378.03018,389.21332,401.6705,420.5437,432.7334,436.13763,448.19122,459.42664,459.42664,459.42664,459.42664,459.42664,459.42664,459.42664,459.42664,459.42664,459.42664
GLOMIS,LED-SSP2,LAM,Material Release|Infrastructure|Roads|Concrete,Mt/yr,mean,0,0,0,0,0,0,0,0,0,0,0,0,0,0,0,0,0,0
GLOMIS,LED-SSP2,LAM,Material Release|Infrastructure|Roads|Iron_steel,Mt/yr,mean,0,0,0,0,0,0,0,0,0,0,0,0,0,0,0,0,0,0
GLOMIS,LED-SSP2,LAM,Material Release|Infrastructure|Tunnels|Aluminum,Mt/yr,mean,.00018879899,.00022157301,.000228128,.000235429,.00024649099,.00025363601,.00025563099,.000262696,.00026928101,.00026928101,.00026928101,.00026928101,.00026928101,.00026928101,.00026928101,.00026928101,.00026928101,.00026928101
GLOMIS,LED-SSP2,LAM,Material Release|Infrastructure|Tunnels|Asphalt,Mt/yr,mean,.2124541,.24933395,.2567099,.26492617,.27737418,.28541404,.28765935,.29560944,.30301988,.30301988,.30301988,.30301988,.30301988,.30301988,.30301988,.30301988,.30301988,.30301988
GLOMIS,LED-SSP2,LAM,Material Release|Infrastructure|Tunnels|Concrete,Mt/yr,mean,.9377833,1.1005728,1.1331308,1.1693977,1.2243439,1.2598323,1.2697432,1.3048352,1.3375453,1.3375453,1.3375453,1.3375453,1.3375453,1.3375453,1.3375453,1.3375453,1.3375453,1.3375453
GLOMIS,LED-SSP2,LAM,Material Release|Infrastructure|Tunnels|Iron_steel,Mt/yr,mean,.045359701,.053233679,.054808471,.056562673,.05922037,.060936909,.061416287,.06311366,.064695813,.064695813,.064695813,.064695813,.064695813,.064695813,.064695813,.064695813,.064695813,.064695813
GLOMIS,LED-SSP2,MEA,Material Demand|Infrastructure|Bridges|Aluminum,Mt/yr,mean,.000589378,.00060925999,.00034429101,.00051808398,.00049309502,.00043645801,.00033277,.000505784,.000864267,.000864267,.000864267,.000864267,.000864267,.000864267,.000864267,.000864267,.000864267,.000864267
GLOMIS,LED-SSP2,MEA,Material Demand|Infrastructure|Bridges|Asphalt,Mt/yr,mean,1.9769584,2.1847203,1.8318433,2.245111,2.3237059,2.3263113,2.212343,2.6038797,3.4175694,3.4175694,3.4175694,3.4175694,3.4175694,3.4175694,3.4175694,3.4175694,3.4175694,3.4175694
GLOMIS,LED-SSP2,MEA,Material Demand|Infrastructure|Bridges|Concrete,Mt/yr,mean,3.9238551,4.0562181,2.2921581,3.4492066,3.282841,2.9057703,2.2154584,3.3673186,5.7539592,5.7539592,5.7539592,5.7539592,5.7539592,5.7539592,5.7539592,5.7539592,5.7539592,5.7539592
GLOMIS,LED-SSP2,MEA,Material Demand|Infrastructure|Bridges|Iron_steel,Mt/yr,mean,.76425648,.7900371,.44644785,.6718083,.63940495,.56596226,.4315089,.65585881,1.1207092,1.1207092,1.1207092,1.1207092,1.1207092,1.1207092,1.1207092,1.1207092,1.1207092,1.1207092
GLOMIS,LED-SSP2,MEA,Material Demand|Infrastructure|Buildings|Aluminum,Mt/yr,mean,0,0,0,0,0,0,0,0,0,0,0,0,0,0,0,0,0,0
GLOMIS,LED-SSP2,MEA,Material Demand|Infrastructure|Buildings|Concrete,Mt/yr,mean,.69063771,.71626008,.41460064,.61545599,.58885086,.52565682,.40800899,.60763603,1.0213009,1.0213009,1.0213009,1.0213009,1.0213009,1.0213009,1.0213009,1.0213009,1.0213009,1.0213009
GLOMIS,LED-SSP2,MEA,Material Demand|Infrastructure|Buildings|Iron_steel,Mt/yr,mean,0,0,0,0,0,0,0,0,0,0,0,0,0,0,0,0,0,0
GLOMIS,LED-SSP2,MEA,Material Demand|Infrastructure|Charging stations|Aluminum,Mt/yr,mean,1.4400000e-07,1.6200001e-07,1.4699999e-07,1.7399999e-07,1.8300000e-07,1.8700000e-07,1.8300000e-07,2.0800000e-07,2.6000001e-07,2.6000001e-07,2.6000001e-07,2.6000001e-07,2.6000001e-07,2.6000001e-07,2.6000001e-07,2.6000001e-07,2.6000001e-07,2.6000001e-07
GLOMIS,LED-SSP2,MEA,Material Demand|Infrastructure|Charging stations|Concrete,Mt/yr,mean,.0000224,.0000251,.000022800001,.000026899999,.000028300001,.0000289,.0000284,.000032200001,.000040200001,.000040200001,.000040200001,.000040200001,.000040200001,.000040200001,.000040200001,.000040200001,.000040200001,.000040200001
GLOMIS,LED-SSP2,MEA,Material Demand|Infrastructure|Charging stations|Iron_steel,Mt/yr,mean,3.7299999e-06,4.1899998e-06,3.8000001e-06,4.4899998e-06,4.7200001e-06,4.8200000e-06,4.7300000e-06,5.3700001e-06,6.7100000e-06,6.7100000e-06,6.7100000e-06,6.7100000e-06,6.7100000e-06,6.7100000e-06,6.7100000e-06,6.7100000e-06,6.7100000e-06,6.7100000e-06
GLOMIS,LED-SSP2,MEA,Material Demand|Infrastructure|Fuel stations|Aluminum,Mt/yr,mean,.000309258,.000335816,.00025804099,.000329837,.000335291,.00032758599,.00029990799,.00036911,.00051277201,.00051277201,.00051277201,.00051277201,.00051277201,.00051277201,.00051277201,.00051277201,.00051277201,.00051277201
GLOMIS,LED-SSP2,MEA,Material Demand|Infrastructure|Fuel stations|Concrete,Mt/yr,mean,1.1549293,1.2541109,.96365911,1.2317814,1.252147,1.223374,1.1200107,1.3784451,1.9149555,1.9149555,1.9149555,1.9149555,1.9149555,1.9149555,1.9149555,1.9149555,1.9149555,1.9149555
GLOMIS,LED-SSP2,MEA,Material Demand|Infrastructure|Fuel stations|Iron_steel,Mt/yr,mean,.046139736,.050102066,.038498439,.049209997,.050023608,.048874121,.04474473,.055069253,.076502994,.076502994,.076502994,.076502994,.076502994,.076502994,.076502994,.076502994,.076502994,.076502994
GLOMIS,LED-SSP2,MEA,Material Demand|Infrastructure|Parking|Aluminum,Mt/yr,mean,.00071240898,.00074532302,.00045878501,.000658173,.00063819397,.00058185903,.00047125001,.00066849199,.001077329,.001077329,.001077329,.001077329,.001077329,.001077329,.001077329,.001077329,.001077329,.001077329
GLOMIS,LED-SSP2,MEA,Material Demand|Infrastructure|Parking|Asphalt,Mt/yr,mean,2.2739172,2.5145977,2.1152129,2.5885,2.6808701,2.686202,2.5579495,3.0060098,3.9372101,3.9372101,3.9372101,3.9372101,3.9372101,3.9372101,3.9372101,3.9372101,3.9372101,3.9372101
GLOMIS,LED-SSP2,MEA,Material Demand|Infrastructure|Parking|Concrete,Mt/yr,mean,2.1251581,2.2233422,1.3685827,1.9633688,1.9037699,1.73572,1.4057657,1.9941511,3.2137351,3.2137351,3.2137351,3.2137351,3.2137351,3.2137351,3.2137351,3.2137351,3.2137351,3.2137351
GLOMIS,LED-SSP2,MEA,Material Demand|Infrastructure|Parking|Iron_steel,Mt/yr,mean,.02437659,.02550281,.015698304,.022520788,.02183716,.019909548,.016124811,.022873877,.036863096,.036863096,.036863096,.036863096,.036863096,.036863096,.036863096,.036863096,.036863096,.036863096
GLOMIS,LED-SSP2,MEA,Material Demand|Infrastructure|Rail|Aluminum,Mt/yr,mean,.0036481239,.003868758,.002599318,.003557696,.0035153539,.0032979811,.002817905,.0037582379,.0057082758,.0057082758,.0057082758,.0057082758,.0057082758,.0057082758,.0057082758,.0057082758,.0057082758,.0057082758
GLOMIS,LED-SSP2,MEA,Material Demand|Infrastructure|Rail|Concrete,Mt/yr,mean,1.4134576,1.4973739,.9995752,1.3727829,1.3545723,1.2682108,1.0796075,1.4460359,2.2058954,2.2058954,2.2058954,2.2058954,2.2058954,2.2058954,2.2058954,2.2058954,2.2058954,2.2058954
GLOMIS,LED-SSP2,MEA,Material Demand|Infrastructure|Rail|Iron_steel,Mt/yr,mean,.63764203,.69123667,.5264551,.67588675,.68579066,.66831601,.60931927,.75355995,1.0529777,1.0529777,1.0529777,1.0529777,1.0529777,1.0529777,1.0529777,1.0529777,1.0529777,1.0529777
GLOMIS,LED-SSP2,MEA,Material Demand|Infrastructure|Roads|Aluminum,Mt/yr,mean,0,0,0,0,0,0,0,0,0,0,0,0,0,0,0,0,0,0
GLOMIS,LED-SSP2,MEA,Material Demand|Infrastructure|Roads|Asphalt,Mt/yr,mean,293.3591,323.58395,268.92343,330.97531,341.94168,341.50272,323.58862,382.4978,504.90714,504.90714,504.90714,504.90714,504.90714,504.90714,504.90714,504.90714,504.90714,504.90714
GLOMIS,LED-SSP2,MEA,Material Demand|Infrastructure|Roads|Concrete,Mt/yr,mean,0,0,0,0,0,0,0,0,0,0,0,0,0,0,0,0,0,0
GLOMIS,LED-SSP2,MEA,Material Demand|Infrastructure|Roads|Iron_steel,Mt/yr,mean,0,0,0,0,0,0,0,0,0,0,0,0,0,0,0,0,0,0
GLOMIS,LED-SSP2,MEA,Material Demand|Infrastructure|Tunnels|Aluminum,Mt/yr,mean,.00074950198,.000774785,.000437829,.00065883901,.000627061,.00055503601,.00042317901,.00064319698,.001099074,.001099074,.001099074,.001099074,.001099074,.001099074,.001099074,.001099074,.001099074,.001099074
GLOMIS,LED-SSP2,MEA,Material Demand|Infrastructure|Tunnels|Asphalt,Mt/yr,mean,.38923478,.4301897,.36090156,.44220844,.45773971,.45832038,.43596381,.51298541,.67305267,.67305267,.67305267,.67305267,.67305267,.67305267,.67305267,.67305267,.67305267,.67305267
GLOMIS,LED-SSP2,MEA,Material Demand|Infrastructure|Tunnels|Concrete,Mt/yr,mean,4.4787512,4.6298327,2.6163061,3.93698,3.7470875,3.3166931,2.5287597,3.8435116,6.5676618,6.5676618,6.5676618,6.5676618,6.5676618,6.5676618,6.5676618,6.5676618,6.5676618,6.5676618
GLOMIS,LED-SSP2,MEA,Material Demand|Infrastructure|Tunnels|Iron_steel,Mt/yr,mean,.20942481,.21648933,.12233754,.18409178,.17521247,.15508738,.1182439,.17972124,.30710152,.30710152,.30710152,.30710152,.30710152,.30710152,.30710152,.30710152,.30710152,.30710152
GLOMIS,LED-SSP2,MEA,Material Release|Infrastructure|Bridges|Aluminum,Mt/yr,mean,.000112223,.000132104,.000142797,.000156528,.00017030101,.00018149,.000188426,.000199827,.000223728,.000223728,.000223728,.000223728,.000223728,.000223728,.000223728,.000223728,.000223728,.000223728
GLOMIS,LED-SSP2,MEA,Material Release|Infrastructure|Bridges|Asphalt,Mt/yr,mean,1.1727316,1.3804935,1.492233,1.6357223,1.7796482,1.8965724,1.969056,2.0882013,2.3379667,2.3379667,2.3379667,2.3379667,2.3379667,2.3379667,2.3379667,2.3379667,2.3379667,2.3379667
GLOMIS,LED-SSP2,MEA,Material Release|Infrastructure|Bridges|Concrete,Mt/yr,mean,.74713695,.87950021,.95068848,1.0421041,1.1337981,1.2082895,1.2544682,1.3303746,1.4894978,1.4894978,1.4894978,1.4894978,1.4894978,1.4894978,1.4894978,1.4894978,1.4894978,1.4894978
GLOMIS,LED-SSP2,MEA,Material Release|Infrastructure|Bridges|Iron_steel,Mt/yr,mean,.14552124,.17130187,.18516734,.20297255,.22083195,.23534076,.24433507,.25911951,.29011223,.29011223,.29011223,.29011223,.29011223,.29011223,.29011223,.29011223,.29011223,.29011223
GLOMIS,LED-SSP2,MEA,Material Release|Infrastructure|Buildings|Aluminum,Mt/yr,mean,0,0,0,0,0,0,0,0,0,0,0,0,0,0,0,0,0,0
GLOMIS,LED-SSP2,MEA,Material Release|Infrastructure|Buildings|Concrete,Mt/yr,mean,.14462808,.17025048,.18403085,.20172676,.21947655,.23389633,.24283543,.25752911,.28833163,.28833163,.28833163,.28833163,.28833163,.28833163,.28833163,.28833163,.28833163,.28833163
GLOMIS,LED-SSP2,MEA,Material Release|Infrastructure|Buildings|Iron_steel,Mt/yr,mean,0,0,0,0,0,0,0,0,0,0,0,0,0,0,0,0,0,0
GLOMIS,LED-SSP2,MEA,Material Release|Infrastructure|Charging stations|Aluminum,Mt/yr,mean,1.0100000e-07,1.1900000e-07,1.2900000e-07,1.4100000e-07,1.5400001e-07,1.6400000e-07,1.7000001e-07,1.8100000e-07,2.0200000e-07,2.0200000e-07,2.0200000e-07,2.0200000e-07,2.0200000e-07,2.0200000e-07,2.0200000e-07,2.0200000e-07,2.0200000e-07,2.0200000e-07
GLOMIS,LED-SSP2,MEA,Material Release|Infrastructure|Charging stations|Concrete,Mt/yr,mean,.000015699999,.000018500001,.000019999999,.000021899999,.000023799999,.000025400001,.000026399999,.0000279,.000031299998,.000031299998,.000031299998,.000031299998,.000031299998,.000031299998,.000031299998,.000031299998,.000031299998,.000031299998
GLOMIS,LED-SSP2,MEA,Material Release|Infrastructure|Charging stations|Iron_steel,Mt/yr,mean,2.6200000e-06,3.0799999e-06,3.3300000e-06,3.6500001e-06,3.9699999e-06,4.2299998e-06,4.3900000e-06,4.6599998e-06,5.2099999e-06,5.2099999e-06,5.2099999e-06,5.2099999e-06,5.2099999e-06,5.2099999e-06,5.2099999e-06,5.2099999e-06,5.2099999e-06,5.2099999e-06
GLOMIS,LED-SSP2,MEA,Material Release|Infrastructure|Fuel stations|Aluminum,Mt/yr,mean,.00014991,.00017646801,.000190751,.000209094,.000227492,.00024243801,.00025170299,.00026693399,.00029886101,.00029886101,.00029886101,.00029886101,.00029886101,.00029886101,.00029886101,.00029886101,.00029886101,.00029886101
GLOMIS,LED-SSP2,MEA,Material Release|Infrastructure|Fuel stations|Concrete,Mt/yr,mean,.55983984,.65902144,.71236378,.78086275,.84957027,.9053877,.93998998,.99686766,1.1161009,1.1161009,1.1161009,1.1161009,1.1161009,1.1161009,1.1161009,1.1161009,1.1161009,1.1161009
GLOMIS,LED-SSP2,MEA,Material Release|Infrastructure|Fuel stations|Iron_steel,Mt/yr,mean,.022365751,.026328081,.028459124,.031195678,.033940561,.036170483,.037552852,.03982513,.044588532,.044588532,.044588532,.044588532,.044588532,.044588532,.044588532,.044588532,.044588532,.044588532
GLOMIS,LED-SSP2,MEA,Material Release|Infrastructure|Parking|Aluminum,Mt/yr,mean,.000185786,.00021870001,.000236402,.00025913399,.000281935,.00030045799,.000311941,.00033081599,.00037038399,.00037038399,.00037038399,.00037038399,.00037038399,.00037038399,.00037038399,.00037038399,.00037038399,.00037038399
GLOMIS,LED-SSP2,MEA,Material Release|Infrastructure|Parking|Asphalt,Mt/yr,mean,1.3585429,1.5992233,1.7286671,1.8948911,2.0616212,2.1970713,2.2810395,2.4190626,2.7084014,2.7084014,2.7084014,2.7084014,2.7084014,2.7084014,2.7084014,2.7084014,2.7084014,2.7084014
GLOMIS,LED-SSP2,MEA,Material Release|Infrastructure|Parking|Concrete,Mt/yr,mean,.55421019,.65239441,.70520043,.77301061,.8410272,.89628333,.9305377,.98684341,1.1048776,1.1048776,1.1048776,1.1048776,1.1048776,1.1048776,1.1048776,1.1048776,1.1048776,1.1048776
GLOMIS,LED-SSP2,MEA,Material Release|Infrastructure|Parking|Iron_steel,Mt/yr,mean,.0063570589,.0074832789,.0080889892,.0088668047,.0096469875,.010280803,.010673717,.011319571,.01267348,.01267348,.01267348,.01267348,.01267348,.01267348,.01267348,.01267348,.01267348,.01267348
GLOMIS,LED-SSP2,MEA,Material Release|Infrastructure|Rail|Aluminum,Mt/yr,mean,.001245391,.001466025,.001584688,.001737067,.001889911,.0020140789,.0020910541,.002217581,.002482821,.002482821,.002482821,.002482821,.002482821,.002482821,.002482821,.002482821,.002482821,.002482821
GLOMIS,LED-SSP2,MEA,Material Release|Infrastructure|Rail|Concrete,Mt/yr,mean,.47367293,.55758911,.60272139,.66067749,.71880996,.76603633,.79531288,.84343636,.94431794,.94431794,.94431794,.94431794,.94431794,.94431794,.94431794,.94431794,.94431794,.94431794
GLOMIS,LED-SSP2,MEA,Material Release|Infrastructure|Rail|Iron_steel,Mt/yr,mean,.30252007,.35611472,.38493925,.42195401,.45908141,.48924342,.50794142,.53867632,.60310626,.60310626,.60310626,.60310626,.60310626,.60310626,.60310626,.60310626,.60310626,.60310626
GLOMIS,LED-SSP2,MEA,Material Release|Infrastructure|Roads|Aluminum,Mt/yr,mean,0,0,0,0,0,0,0,0,0,0,0,0,0,0,0,0,0,0
GLOMIS,LED-SSP2,MEA,Material Release|Infrastructure|Roads|Asphalt,Mt/yr,mean,170.60695,200.83177,217.08746,237.96201,258.90012,275.91003,286.45483,303.78787,340.12329,340.12329,340.12329,340.12329,340.12329,340.12329,340.12329,340.12329,340.12329,340.12329
GLOMIS,LED-SSP2,MEA,Material Release|Infrastructure|Roads|Concrete,Mt/yr,mean,0,0,0,0,0,0,0,0,0,0,0,0,0,0,0,0,0,0
GLOMIS,LED-SSP2,MEA,Material Release|Infrastructure|Roads|Iron_steel,Mt/yr,mean,0,0,0,0,0,0,0,0,0,0,0,0,0,0,0,0,0,0
GLOMIS,LED-SSP2,MEA,Material Release|Infrastructure|Tunnels|Aluminum,Mt/yr,mean,.000142712,.00016799499,.000181593,.000199054,.00021656899,.000230797,.00023961801,.00025411701,.000284512,.000284512,.000284512,.000284512,.000284512,.000284512,.000284512,.000284512,.000284512,.000284512
GLOMIS,LED-SSP2,MEA,Material Release|Infrastructure|Tunnels|Asphalt,Mt/yr,mean,.23117387,.27212876,.29415536,.32244056,.35081187,.37386045,.38814875,.41163516,.46086997,.46086997,.46086997,.46086997,.46086997,.46086997,.46086997,.46086997,.46086997,.46086997
GLOMIS,LED-SSP2,MEA,Material Release|Infrastructure|Tunnels|Concrete,Mt/yr,mean,.85279411,1.0038756,1.0851312,1.1894745,1.2941353,1.3791611,1.4318701,1.5185109,1.7001368,1.7001368,1.7001368,1.7001368,1.7001368,1.7001368,1.7001368,1.7001368,1.7001368,1.7001368
GLOMIS,LED-SSP2,MEA,Material Release|Infrastructure|Tunnels|Iron_steel,Mt/yr,mean,.039876349,.046940867,.050740343,.0556194,.060513306,.064489082,.066953734,.071005031,.079497784,.079497784,.079497784,.079497784,.079497784,.079497784,.079497784,.079497784,.079497784,.079497784
GLOMIS,LED-SSP2,NAM,Material Demand|Infrastructure|Bridges|Aluminum,Mt/yr,mean,.00078614597,.00080500799,.00035610201,.00035610201,.00035610201,.00035610201,.00035610201,.00035610201,.00035610201,.00035610201,.00035610201,.00035610201,.00035610201,.00035610201,.00035610201,.00035610201,.00035610201,.00035610201
GLOMIS,LED-SSP2,NAM,Material Demand|Infrastructure|Bridges|Asphalt,Mt/yr,mean,8.9778538,9.3944788,7.8657866,7.8657866,7.8657866,7.8657866,7.8657866,7.8657866,7.8657866,7.8657866,7.8657866,7.8657866,7.8657866,7.8657866,7.8657866,7.8657866,7.8657866,7.8657866
GLOMIS,LED-SSP2,NAM,Material Demand|Infrastructure|Bridges|Concrete,Mt/yr,mean,10.356444,10.60492,4.6911793,4.6911793,4.6911793,4.6911793,4.6911793,4.6911793,4.6911793,4.6911793,4.6911793,4.6911793,4.6911793,4.6911793,4.6911793,4.6911793,4.6911793,4.6911793
GLOMIS,LED-SSP2,NAM,Material Demand|Infrastructure|Bridges|Iron_steel,Mt/yr,mean,2.2313204,2.2848551,1.0107256,1.0107256,1.0107256,1.0107256,1.0107256,1.0107256,1.0107256,1.0107256,1.0107256,1.0107256,1.0107256,1.0107256,1.0107256,1.0107256,1.0107256,1.0107256
GLOMIS,LED-SSP2,NAM,Material Demand|Infrastructure|Buildings|Aluminum,Mt/yr,mean,0,0,0,0,0,0,0,0,0,0,0,0,0,0,0,0,0,0
GLOMIS,LED-SSP2,NAM,Material Demand|Infrastructure|Buildings|Concrete,Mt/yr,mean,.91654384,.94040275,.4504514,.4504514,.4504514,.4504514,.4504514,.4504514,.4504514,.4504514,.4504514,.4504514,.4504514,.4504514,.4504514,.4504514,.4504514,.4504514
GLOMIS,LED-SSP2,NAM,Material Demand|Infrastructure|Buildings|Iron_steel,Mt/yr,mean,0,0,0,0,0,0,0,0,0,0,0,0,0,0,0,0,0,0
GLOMIS,LED-SSP2,NAM,Material Demand|Infrastructure|Charging stations|Aluminum,Mt/yr,mean,3.5600001e-06,3.7400000e-06,3.3500000e-06,3.3500000e-06,3.3500000e-06,3.3500000e-06,3.3500000e-06,3.3500000e-06,3.3500000e-06,3.3500000e-06,3.3500000e-06,3.3500000e-06,3.3500000e-06,3.3500000e-06,3.3500000e-06,3.3500000e-06,3.3500000e-06,3.3500000e-06
GLOMIS,LED-SSP2,NAM,Material Demand|Infrastructure|Charging stations|Concrete,Mt/yr,mean,.00055138499,.00057884498,.00051843398,.00051843398,.00051843398,.00051843398,.00051843398,.00051843398,.00051843398,.00051843398,.00051843398,.00051843398,.00051843398,.00051843398,.00051843398,.00051843398,.00051843398,.00051843398
GLOMIS,LED-SSP2,NAM,Material Demand|Infrastructure|Charging stations|Iron_steel,Mt/yr,mean,.000091900001,.0000965,.000086400003,.000086400003,.000086400003,.000086400003,.000086400003,.000086400003,.000086400003,.000086400003,.000086400003,.000086400003,.000086400003,.000086400003,.000086400003,.000086400003,.000086400003,.000086400003
GLOMIS,LED-SSP2,NAM,Material Demand|Infrastructure|Fuel stations|Aluminum,Mt/yr,mean,.000520873,.00054287002,.00041529001,.00041529001,.00041529001,.00041529001,.00041529001,.00041529001,.00041529001,.00041529001,.00041529001,.00041529001,.00041529001,.00041529001,.00041529001,.00041529001,.00041529001,.00041529001
GLOMIS,LED-SSP2,NAM,Material Demand|Infrastructure|Fuel stations|Concrete,Mt/yr,mean,1.9452081,2.0273545,1.5509053,1.5509053,1.5509053,1.5509053,1.5509053,1.5509053,1.5509053,1.5509053,1.5509053,1.5509053,1.5509053,1.5509053,1.5509053,1.5509053,1.5509053,1.5509053
GLOMIS,LED-SSP2,NAM,Material Demand|Infrastructure|Fuel stations|Iron_steel,Mt/yr,mean,.07771159,.080993354,.061959084,.061959084,.061959084,.061959084,.061959084,.061959084,.061959084,.061959084,.061959084,.061959084,.061959084,.061959084,.061959084,.061959084,.061959084,.061959084
GLOMIS,LED-SSP2,NAM,Material Demand|Infrastructure|Parking|Aluminum,Mt/yr,mean,.001870246,.001925776,.001048398,.001048398,.001048398,.001048398,.001048398,.001048398,.001048398,.001048398,.001048398,.001048398,.001048398,.001048398,.001048398,.001048398,.001048398,.001048398
GLOMIS,LED-SSP2,NAM,Material Demand|Infrastructure|Parking|Asphalt,Mt/yr,mean,29.092804,30.447025,25.567387,25.567387,25.567387,25.567387,25.567387,25.567387,25.567387,25.567387,25.567387,25.567387,25.567387,25.567387,25.567387,25.567387,25.567387,25.567387
GLOMIS,LED-SSP2,NAM,Material Demand|Infrastructure|Parking|Concrete,Mt/yr,mean,19.595119,20.176928,10.984379,10.984379,10.984379,10.984379,10.984379,10.984379,10.984379,10.984379,10.984379,10.984379,10.984379,10.984379,10.984379,10.984379,10.984379,10.984379
GLOMIS,LED-SSP2,NAM,Material Demand|Infrastructure|Parking|Iron_steel,Mt/yr,mean,.31457967,.32392001,.17634301,.17634301,.17634301,.17634301,.17634301,.17634301,.17634301,.17634301,.17634301,.17634301,.17634301,.17634301,.17634301,.17634301,.17634301,.17634301
GLOMIS,LED-SSP2,NAM,Material Demand|Infrastructure|Rail|Aluminum,Mt/yr,mean,.0041755498,.004317061,.0026716981,.0026716981,.0026716981,.0026716981,.0026716981,.0026716981,.0026716981,.0026716981,.0026716981,.0026716981,.0026716981,.0026716981,.0026716981,.0026716981,.0026716981,.0026716981
GLOMIS,LED-SSP2,NAM,Material Demand|Infrastructure|Rail|Concrete,Mt/yr,mean,1.9818913,2.0487061,1.2614481,1.2614481,1.2614481,1.2614481,1.2614481,1.2614481,1.2614481,1.2614481,1.2614481,1.2614481,1.2614481,1.2614481,1.2614481,1.2614481,1.2614481,1.2614481
GLOMIS,LED-SSP2,NAM,Material Demand|Infrastructure|Rail|Iron_steel,Mt/yr,mean,4.9075322,5.1140242,3.898525,3.898525,3.898525,3.898525,3.898525,3.898525,3.898525,3.898525,3.898525,3.898525,3.898525,3.898525,3.898525,3.898525,3.898525,3.898525
GLOMIS,LED-SSP2,NAM,Material Demand|Infrastructure|Roads|Aluminum,Mt/yr,mean,0,0,0,0,0,0,0,0,0,0,0,0,0,0,0,0,0,0
GLOMIS,LED-SSP2,NAM,Material Demand|Infrastructure|Roads|Asphalt,Mt/yr,mean,681.13812,712.3089,588.49774,588.49774,588.49774,588.49774,588.49774,588.49774,588.49774,588.49774,588.49774,588.49774,588.49774,588.49774,588.49774,588.49774,588.49774,588.49774
GLOMIS,LED-SSP2,NAM,Material Demand|Infrastructure|Roads|Concrete,Mt/yr,mean,84.699242,88.187714,65.861504,65.861504,65.861504,65.861504,65.861504,65.861504,65.861504,65.861504,65.861504,65.861504,65.861504,65.861504,65.861504,65.861504,65.861504,65.861504
GLOMIS,LED-SSP2,NAM,Material Demand|Infrastructure|Roads|Iron_steel,Mt/yr,mean,0,0,0,0,0,0,0,0,0,0,0,0,0,0,0,0,0,0
GLOMIS,LED-SSP2,NAM,Material Demand|Infrastructure|Runways|Aluminum,Mt/yr,mean,0,0,0,0,0,0,0,0,0,0,0,0,0,0,0,0,0,0
GLOMIS,LED-SSP2,NAM,Material Demand|Infrastructure|Runways|Concrete,Mt/yr,mean,1.2270707,1.2565111,.55582869,.55582869,.55582869,.55582869,.55582869,.55582869,.55582869,.55582869,.55582869,.55582869,.55582869,.55582869,.55582869,.55582869,.55582869,.55582869
GLOMIS,LED-SSP2,NAM,Material Demand|Infrastructure|Runways|Iron_steel,Mt/yr,mean,0,0,0,0,0,0,0,0,0,0,0,0,0,0,0,0,0,0
GLOMIS,LED-SSP2,NAM,Material Demand|Infrastructure|Tunnels|Aluminum,Mt/yr,mean,.00075089402,.00076890999,.00034013399,.00034013399,.00034013399,.00034013399,.00034013399,.00034013399,.00034013399,.00034013399,.00034013399,.00034013399,.00034013399,.00034013399,.00034013399,.00034013399,.00034013399,.00034013399
GLOMIS,LED-SSP2,NAM,Material Demand|Infrastructure|Tunnels|Asphalt,Mt/yr,mean,.23881583,.24983594,.20805737,.20805737,.20805737,.20805737,.20805737,.20805737,.20805737,.20805737,.20805737,.20805737,.20805737,.20805737,.20805737,.20805737,.20805737,.20805737
GLOMIS,LED-SSP2,NAM,Material Demand|Infrastructure|Tunnels|Concrete,Mt/yr,mean,3.5535355,3.6387935,1.609652,1.609652,1.609652,1.609652,1.609652,1.609652,1.609652,1.609652,1.609652,1.609652,1.609652,1.609652,1.609652,1.609652,1.609652,1.609652
GLOMIS,LED-SSP2,NAM,Material Demand|Infrastructure|Tunnels|Iron_steel,Mt/yr,mean,.16915436,.17321278,.076622188,.076622188,.076622188,.076622188,.076622188,.076622188,.076622188,.076622188,.076622188,.076622188,.076622188,.076622188,.076622188,.076622188,.076622188,.076622188
GLOMIS,LED-SSP2,NAM,Material Release|Infrastructure|Bridges|Aluminum,Mt/yr,mean,.00033346799,.00035233001,.00035610201,.00035610201,.00035610201,.00035610201,.00035610201,.00035610201,.00035610201,.00035610201,.00035610201,.00035610201,.00035610201,.00035610201,.00035610201,.00035610201,.00035610201,.00035610201
GLOMIS,LED-SSP2,NAM,Material Release|Infrastructure|Bridges|Asphalt,Mt/yr,mean,7.3658361,7.7824616,7.8657866,7.8657866,7.8657866,7.8657866,7.8657866,7.8657866,7.8657866,7.8657866,7.8657866,7.8657866,7.8657866,7.8657866,7.8657866,7.8657866,7.8657866,7.8657866
GLOMIS,LED-SSP2,NAM,Material Release|Infrastructure|Bridges|Concrete,Mt/yr,mean,4.3930073,4.6414838,4.6911793,4.6911793,4.6911793,4.6911793,4.6911793,4.6911793,4.6911793,4.6911793,4.6911793,4.6911793,4.6911793,4.6911793,4.6911793,4.6911793,4.6911793,4.6911793
GLOMIS,LED-SSP2,NAM,Material Release|Infrastructure|Bridges|Iron_steel,Mt/yr,mean,.94648385,1.0000187,1.0107256,1.0107256,1.0107256,1.0107256,1.0107256,1.0107256,1.0107256,1.0107256,1.0107256,1.0107256,1.0107256,1.0107256,1.0107256,1.0107256,1.0107256,1.0107256
GLOMIS,LED-SSP2,NAM,Material Release|Infrastructure|Buildings|Aluminum,Mt/yr,mean,0,0,0,0,0,0,0,0,0,0,0,0,0,0,0,0,0,0
GLOMIS,LED-SSP2,NAM,Material Release|Infrastructure|Buildings|Concrete,Mt/yr,mean,.42182067,.44567963,.4504514,.4504514,.4504514,.4504514,.4504514,.4504514,.4504514,.4504514,.4504514,.4504514,.4504514,.4504514,.4504514,.4504514,.4504514,.4504514
GLOMIS,LED-SSP2,NAM,Material Release|Infrastructure|Buildings|Iron_steel,Mt/yr,mean,0,0,0,0,0,0,0,0,0,0,0,0,0,0,0,0,0,0
GLOMIS,LED-SSP2,NAM,Material Release|Infrastructure|Charging stations|Aluminum,Mt/yr,mean,3.1400000e-06,3.3100000e-06,3.3500000e-06,3.3500000e-06,3.3500000e-06,3.3500000e-06,3.3500000e-06,3.3500000e-06,3.3500000e-06,3.3500000e-06,3.3500000e-06,3.3500000e-06,3.3500000e-06,3.3500000e-06,3.3500000e-06,3.3500000e-06,3.3500000e-06,3.3500000e-06
GLOMIS,LED-SSP2,NAM,Material Release|Infrastructure|Charging stations|Concrete,Mt/yr,mean,.00048548201,.00051294197,.00051843398,.00051843398,.00051843398,.00051843398,.00051843398,.00051843398,.00051843398,.00051843398,.00051843398,.00051843398,.00051843398,.00051843398,.00051843398,.00051843398,.00051843398,.00051843398
GLOMIS,LED-SSP2,NAM,Material Release|Infrastructure|Charging stations|Iron_steel,Mt/yr,mean,.000080899998,.000085500003,.000086400003,.000086400003,.000086400003,.000086400003,.000086400003,.000086400003,.000086400003,.000086400003,.000086400003,.000086400003,.000086400003,.000086400003,.000086400003,.000086400003,.000086400003,.000086400003
GLOMIS,LED-SSP2,NAM,Material Release|Infrastructure|Fuel stations|Aluminum,Mt/yr,mean,.000388894,.00041089,.00041529001,.00041529001,.00041529001,.00041529001,.00041529001,.00041529001,.00041529001,.00041529001,.00041529001,.00041529001,.00041529001,.00041529001,.00041529001,.00041529001,.00041529001,.00041529001
GLOMIS,LED-SSP2,NAM,Material Release|Infrastructure|Fuel stations|Concrete,Mt/yr,mean,1.4523296,1.534476,1.5509053,1.5509053,1.5509053,1.5509053,1.5509053,1.5509053,1.5509053,1.5509053,1.5509053,1.5509053,1.5509053,1.5509053,1.5509053,1.5509053,1.5509053,1.5509053
GLOMIS,LED-SSP2,NAM,Material Release|Infrastructure|Fuel stations|Iron_steel,Mt/yr,mean,.058020957,.061302729,.061959084,.061959084,.061959084,.061959084,.061959084,.061959084,.061959084,.061959084,.061959084,.061959084,.061959084,.061959084,.061959084,.061959084,.061959084,.061959084
GLOMIS,LED-SSP2,NAM,Material Release|Infrastructure|Parking|Aluminum,Mt/yr,mean,.00098176196,.0010372919,.001048398,.001048398,.001048398,.001048398,.001048398,.001048398,.001048398,.001048398,.001048398,.001048398,.001048398,.001048398,.001048398,.001048398,.001048398,.001048398
GLOMIS,LED-SSP2,NAM,Material Release|Infrastructure|Parking|Asphalt,Mt/yr,mean,23.942322,25.296543,25.567387,25.567387,25.567387,25.567387,25.567387,25.567387,25.567387,25.567387,25.567387,25.567387,25.567387,25.567387,25.567387,25.567387,25.567387,25.567387
GLOMIS,LED-SSP2,NAM,Material Release|Infrastructure|Parking|Concrete,Mt/yr,mean,10.286211,10.868017,10.984379,10.984379,10.984379,10.984379,10.984379,10.984379,10.984379,10.984379,10.984379,10.984379,10.984379,10.984379,10.984379,10.984379,10.984379,10.984379
GLOMIS,LED-SSP2,NAM,Material Release|Infrastructure|Parking|Iron_steel,Mt/yr,mean,.16513462,.17447494,.17634301,.17634301,.17634301,.17634301,.17634301,.17634301,.17634301,.17634301,.17634301,.17634301,.17634301,.17634301,.17634301,.17634301,.17634301,.17634301
GLOMIS,LED-SSP2,NAM,Material Release|Infrastructure|Rail|Aluminum,Mt/yr,mean,.0025018849,.0026433959,.0026716981,.0026716981,.0026716981,.0026716981,.0026716981,.0026716981,.0026716981,.0026716981,.0026716981,.0026716981,.0026716981,.0026716981,.0026716981,.0026716981,.0026716981,.0026716981
GLOMIS,LED-SSP2,NAM,Material Release|Infrastructure|Rail|Concrete,Mt/yr,mean,1.1812704,1.2480851,1.2614481,1.2614481,1.2614481,1.2614481,1.2614481,1.2614481,1.2614481,1.2614481,1.2614481,1.2614481,1.2614481,1.2614481,1.2614481,1.2614481,1.2614481,1.2614481
GLOMIS,LED-SSP2,NAM,Material Release|Infrastructure|Rail|Iron_steel,Mt/yr,mean,3.6507347,3.8572268,3.898525,3.898525,3.898525,3.898525,3.898525,3.898525,3.898525,3.898525,3.898525,3.898525,3.898525,3.898525,3.898525,3.898525,3.898525,3.898525
GLOMIS,LED-SSP2,NAM,Material Release|Infrastructure|Roads|Aluminum,Mt/yr,mean,0,0,0,0,0,0,0,0,0,0,0,0,0,0,0,0,0,0
GLOMIS,LED-SSP2,NAM,Material Release|Infrastructure|Roads|Asphalt,Mt/yr,mean,551.09283,582.26361,588.49774,588.49774,588.49774,588.49774,588.49774,588.49774,588.49774,588.49774,588.49774,588.49774,588.49774,588.49774,588.49774,588.49774,588.49774,588.49774
GLOMIS,LED-SSP2,NAM,Material Release|Infrastructure|Roads|Concrete,Mt/yr,mean,61.675343,65.163811,65.861504,65.861504,65.861504,65.861504,65.861504,65.861504,65.861504,65.861504,65.861504,65.861504,65.861504,65.861504,65.861504,65.861504,65.861504,65.861504
GLOMIS,LED-SSP2,NAM,Material Release|Infrastructure|Roads|Iron_steel,Mt/yr,mean,0,0,0,0,0,0,0,0,0,0,0,0,0,0,0,0,0,0
GLOMIS,LED-SSP2,NAM,Material Release|Infrastructure|Runways|Aluminum,Mt/yr,mean,0,0,0,0,0,0,0,0,0,0,0,0,0,0,0,0,0,0
GLOMIS,LED-SSP2,NAM,Material Release|Infrastructure|Runways|Concrete,Mt/yr,mean,.52050012,.54994059,.55582869,.55582869,.55582869,.55582869,.55582869,.55582869,.55582869,.55582869,.55582869,.55582869,.55582869,.55582869,.55582869,.55582869,.55582869,.55582869
GLOMIS,LED-SSP2,NAM,Material Release|Infrastructure|Runways|Iron_steel,Mt/yr,mean,0,0,0,0,0,0,0,0,0,0,0,0,0,0,0,0,0,0
GLOMIS,LED-SSP2,NAM,Material Release|Infrastructure|Tunnels|Aluminum,Mt/yr,mean,.000318515,.000336531,.00034013399,.00034013399,.00034013399,.00034013399,.00034013399,.00034013399,.00034013399,.00034013399,.00034013399,.00034013399,.00034013399,.00034013399,.00034013399,.00034013399,.00034013399,.00034013399
GLOMIS,LED-SSP2,NAM,Material Release|Infrastructure|Tunnels|Asphalt,Mt/yr,mean,.19483323,.20585334,.20805737,.20805737,.20805737,.20805737,.20805737,.20805737,.20805737,.20805737,.20805737,.20805737,.20805737,.20805737,.20805737,.20805737,.20805737,.20805737
GLOMIS,LED-SSP2,NAM,Material Release|Infrastructure|Tunnels|Concrete,Mt/yr,mean,1.5073425,1.5926005,1.609652,1.609652,1.609652,1.609652,1.609652,1.609652,1.609652,1.609652,1.609652,1.609652,1.609652,1.609652,1.609652,1.609652,1.609652,1.609652
GLOMIS,LED-SSP2,NAM,Material Release|Infrastructure|Tunnels|Iron_steel,Mt/yr,mean,.071752079,.075810507,.076622188,.076622188,.076622188,.076622188,.076622188,.076622188,.076622188,.076622188,.076622188,.076622188,.076622188,.076622188,.076622188,.076622188,.076622188,.076622188
GLOMIS,LED-SSP2,PAO,Material Demand|Infrastructure|Bridges|Aluminum,Mt/yr,mean,.000036000001,.000037000002,.0000135,.0000135,.0000135,.0000135,.0000135,.0000135,.0000135,.0000135,.0000135,.0000135,.0000135,.0000135,.0000135,.0000135,.0000135,.0000135
GLOMIS,LED-SSP2,PAO,Material Demand|Infrastructure|Bridges|Asphalt,Mt/yr,mean,3.2190423,3.4167948,2.6922722,2.6922722,2.6922722,2.6922722,2.6922722,2.6922722,2.6922722,2.6922722,2.6922722,2.6922722,2.6922722,2.6922722,2.6922722,2.6922722,2.6922722,2.6922722
GLOMIS,LED-SSP2,PAO,Material Demand|Infrastructure|Bridges|Concrete,Mt/yr,mean,3.5482621,3.6457036,1.3266002,1.3266002,1.3266002,1.3266002,1.3266002,1.3266002,1.3266002,1.3266002,1.3266002,1.3266002,1.3266002,1.3266002,1.3266002,1.3266002,1.3266002,1.3266002
GLOMIS,LED-SSP2,PAO,Material Demand|Infrastructure|Bridges|Iron_steel,Mt/yr,mean,1.4971622,1.5382769,.55974883,.55974883,.55974883,.55974883,.55974883,.55974883,.55974883,.55974883,.55974883,.55974883,.55974883,.55974883,.55974883,.55974883,.55974883,.55974883
GLOMIS,LED-SSP2,PAO,Material Demand|Infrastructure|Buildings|Aluminum,Mt/yr,mean,0,0,0,0,0,0,0,0,0,0,0,0,0,0,0,0,0,0
GLOMIS,LED-SSP2,PAO,Material Demand|Infrastructure|Buildings|Concrete,Mt/yr,mean,1.6333207,1.682305,.6668902,.6668902,.6668902,.6668902,.6668902,.6668902,.6668902,.6668902,.6668902,.6668902,.6668902,.6668902,.6668902,.6668902,.6668902,.6668902
GLOMIS,LED-SSP2,PAO,Material Demand|Infrastructure|Buildings|Iron_steel,Mt/yr,mean,0,0,0,0,0,0,0,0,0,0,0,0,0,0,0,0,0,0
GLOMIS,LED-SSP2,PAO,Material Demand|Infrastructure|Charging stations|Aluminum,Mt/yr,mean,6.8700001e-07,7.3400003e-07,6.3200002e-07,6.3200002e-07,6.3200002e-07,6.3200002e-07,6.3200002e-07,6.3200002e-07,6.3200002e-07,6.3200002e-07,6.3200002e-07,6.3200002e-07,6.3200002e-07,6.3200002e-07,6.3200002e-07,6.3200002e-07,6.3200002e-07,6.3200002e-07
GLOMIS,LED-SSP2,PAO,Material Demand|Infrastructure|Charging stations|Concrete,Mt/yr,mean,.000106434,.000113618,.000097800003,.000097800003,.000097800003,.000097800003,.000097800003,.000097800003,.000097800003,.000097800003,.000097800003,.000097800003,.000097800003,.000097800003,.000097800003,.000097800003,.000097800003,.000097800003
GLOMIS,LED-SSP2,PAO,Material Demand|Infrastructure|Charging stations|Iron_steel,Mt/yr,mean,.0000177,.0000189,.0000163,.0000163,.0000163,.0000163,.0000163,.0000163,.0000163,.0000163,.0000163,.0000163,.0000163,.0000163,.0000163,.0000163,.0000163,.0000163
GLOMIS,LED-SSP2,PAO,Material Demand|Infrastructure|Fuel stations|Aluminum,Mt/yr,mean,.000175686,.000185226,.00012989,.00012989,.00012989,.00012989,.00012989,.00012989,.00012989,.00012989,.00012989,.00012989,.00012989,.00012989,.00012989,.00012989,.00012989,.00012989
GLOMIS,LED-SSP2,PAO,Material Demand|Infrastructure|Fuel stations|Concrete,Mt/yr,mean,.65610093,.6917308,.48507753,.48507753,.48507753,.48507753,.48507753,.48507753,.48507753,.48507753,.48507753,.48507753,.48507753,.48507753,.48507753,.48507753,.48507753,.48507753
GLOMIS,LED-SSP2,PAO,Material Demand|Infrastructure|Fuel stations|Iron_steel,Mt/yr,mean,.026211409,.027634831,.019378979,.019378979,.019378979,.019378979,.019378979,.019378979,.019378979,.019378979,.019378979,.019378979,.019378979,.019378979,.019378979,.019378979,.019378979,.019378979
GLOMIS,LED-SSP2,PAO,Material Demand|Infrastructure|Parking|Aluminum,Mt/yr,mean,.001178268,.0012197359,.00056455098,.00056455098,.00056455098,.00056455098,.00056455098,.00056455098,.00056455098,.00056455098,.00056455098,.00056455098,.00056455098,.00056455098,.00056455098,.00056455098,.00056455098,.00056455098
GLOMIS,LED-SSP2,PAO,Material Demand|Infrastructure|Parking|Asphalt,Mt/yr,mean,4.7426133,5.035049,3.9813216,3.9813216,3.9813216,3.9813216,3.9813216,3.9813216,3.9813216,3.9813216,3.9813216,3.9813216,3.9813216,3.9813216,3.9813216,3.9813216,3.9813216,3.9813216
GLOMIS,LED-SSP2,PAO,Material Demand|Infrastructure|Parking|Concrete,Mt/yr,mean,4.2335687,4.3825626,2.0284567,2.0284567,2.0284567,2.0284567,2.0284567,2.0284567,2.0284567,2.0284567,2.0284567,2.0284567,2.0284567,2.0284567,2.0284567,2.0284567,2.0284567,2.0284567
GLOMIS,LED-SSP2,PAO,Material Demand|Infrastructure|Parking|Iron_steel,Mt/yr,mean,.053166632,.055037752,.02547407,.02547407,.02547407,.02547407,.02547407,.02547407,.02547407,.02547407,.02547407,.02547407,.02547407,.02547407,.02547407,.02547407,.02547407,.02547407
GLOMIS,LED-SSP2,PAO,Material Demand|Infrastructure|Rail|Aluminum,Mt/yr,mean,.0027179921,.00283899,.0016473019,.0016473019,.0016473019,.0016473019,.0016473019,.0016473019,.0016473019,.0016473019,.0016473019,.0016473019,.0016473019,.0016473019,.0016473019,.0016473019,.0016473019,.0016473019
GLOMIS,LED-SSP2,PAO,Material Demand|Infrastructure|Rail|Concrete,Mt/yr,mean,.88830227,.92774004,.53691918,.53691918,.53691918,.53691918,.53691918,.53691918,.53691918,.53691918,.53691918,.53691918,.53691918,.53691918,.53691918,.53691918,.53691918,.53691918
GLOMIS,LED-SSP2,PAO,Material Demand|Infrastructure|Rail|Iron_steel,Mt/yr,mean,1.0004658,1.0547588,.73916513,.73916513,.73916513,.73916513,.73916513,.73916513,.73916513,.73916513,.73916513,.73916513,.73916513,.73916513,.73916513,.73916513,.73916513,.73916513
GLOMIS,LED-SSP2,PAO,Material Demand|Infrastructure|Roads|Aluminum,Mt/yr,mean,0,0,0,0,0,0,0,0,0,0,0,0,0,0,0,0,0,0
GLOMIS,LED-SSP2,PAO,Material Demand|Infrastructure|Roads|Asphalt,Mt/yr,mean,158.35956,167.91553,130.09819,130.09819,130.09819,130.09819,130.09819,130.09819,130.09819,130.09819,130.09819,130.09819,130.09819,130.09819,130.09819,130.09819,130.09819,130.09819
GLOMIS,LED-SSP2,PAO,Material Demand|Infrastructure|Roads|Concrete,Mt/yr,mean,0,0,0,0,0,0,0,0,0,0,0,0,0,0,0,0,0,0
GLOMIS,LED-SSP2,PAO,Material Demand|Infrastructure|Roads|Iron_steel,Mt/yr,mean,0,0,0,0,0,0,0,0,0,0,0,0,0,0,0,0,0,0
GLOMIS,LED-SSP2,PAO,Material Demand|Infrastructure|Runways|Aluminum,Mt/yr,mean,0,0,0,0,0,0,0,0,0,0,0,0,0,0,0,0,0,0
GLOMIS,LED-SSP2,PAO,Material Demand|Infrastructure|Runways|Concrete,Mt/yr,mean,.059973836,.06162082,.02242261,.02242261,.02242261,.02242261,.02242261,.02242261,.02242261,.02242261,.02242261,.02242261,.02242261,.02242261,.02242261,.02242261,.02242261,.02242261
GLOMIS,LED-SSP2,PAO,Material Demand|Infrastructure|Runways|Iron_steel,Mt/yr,mean,0,0,0,0,0,0,0,0,0,0,0,0,0,0,0,0,0,0
GLOMIS,LED-SSP2,PAO,Material Demand|Infrastructure|Tunnels|Aluminum,Mt/yr,mean,.000085500003,.0000879,.000032,.000032,.000032,.000032,.000032,.000032,.000032,.000032,.000032,.000032,.000032,.000032,.000032,.000032,.000032,.000032
GLOMIS,LED-SSP2,PAO,Material Demand|Infrastructure|Tunnels|Asphalt,Mt/yr,mean,3.2338145,3.432971,2.7113855,2.7113855,2.7113855,2.7113855,2.7113855,2.7113855,2.7113855,2.7113855,2.7113855,2.7113855,2.7113855,2.7113855,2.7113855,2.7113855,2.7113855,2.7113855
GLOMIS,LED-SSP2,PAO,Material Demand|Infrastructure|Tunnels|Concrete,Mt/yr,mean,8.0013733,8.2211046,2.9914987,2.9914987,2.9914987,2.9914987,2.9914987,2.9914987,2.9914987,2.9914987,2.9914987,2.9914987,2.9914987,2.9914987,2.9914987,2.9914987,2.9914987,2.9914987
GLOMIS,LED-SSP2,PAO,Material Demand|Infrastructure|Tunnels|Iron_steel,Mt/yr,mean,.46619493,.47899744,.17429779,.17429779,.17429779,.17429779,.17429779,.17429779,.17429779,.17429779,.17429779,.17429779,.17429779,.17429779,.17429779,.17429779,.17429779,.17429779
GLOMIS,LED-SSP2,PAO,Material Release|Infrastructure|Bridges|Aluminum,Mt/yr,mean,.0000123,.0000133,.0000135,.0000135,.0000135,.0000135,.0000135,.0000135,.0000135,.0000135,.0000135,.0000135,.0000135,.0000135,.0000135,.0000135,.0000135,.0000135
GLOMIS,LED-SSP2,PAO,Material Release|Infrastructure|Bridges|Asphalt,Mt/yr,mean,2.4549689,2.6527216,2.6922722,2.6922722,2.6922722,2.6922722,2.6922722,2.6922722,2.6922722,2.6922722,2.6922722,2.6922722,2.6922722,2.6922722,2.6922722,2.6922722,2.6922722,2.6922722
GLOMIS,LED-SSP2,PAO,Material Release|Infrastructure|Bridges|Concrete,Mt/yr,mean,1.2096705,1.3071119,1.3266002,1.3266002,1.3266002,1.3266002,1.3266002,1.3266002,1.3266002,1.3266002,1.3266002,1.3266002,1.3266002,1.3266002,1.3266002,1.3266002,1.3266002,1.3266002
GLOMIS,LED-SSP2,PAO,Material Release|Infrastructure|Bridges|Iron_steel,Mt/yr,mean,.51041126,.55152589,.55974883,.55974883,.55974883,.55974883,.55974883,.55974883,.55974883,.55974883,.55974883,.55974883,.55974883,.55974883,.55974883,.55974883,.55974883,.55974883
GLOMIS,LED-SSP2,PAO,Material Release|Infrastructure|Buildings|Aluminum,Mt/yr,mean,0,0,0,0,0,0,0,0,0,0,0,0,0,0,0,0,0,0
GLOMIS,LED-SSP2,PAO,Material Release|Infrastructure|Buildings|Concrete,Mt/yr,mean,.608109,.65709335,.6668902,.6668902,.6668902,.6668902,.6668902,.6668902,.6668902,.6668902,.6668902,.6668902,.6668902,.6668902,.6668902,.6668902,.6668902,.6668902
GLOMIS,LED-SSP2,PAO,Material Release|Infrastructure|Buildings|Iron_steel,Mt/yr,mean,0,0,0,0,0,0,0,0,0,0,0,0,0,0,0,0,0,0
GLOMIS,LED-SSP2,PAO,Material Release|Infrastructure|Charging stations|Aluminum,Mt/yr,mean,5.7599999e-07,6.2300001e-07,6.3200002e-07,6.3200002e-07,6.3200002e-07,6.3200002e-07,6.3200002e-07,6.3200002e-07,6.3200002e-07,6.3200002e-07,6.3200002e-07,6.3200002e-07,6.3200002e-07,6.3200002e-07,6.3200002e-07,6.3200002e-07,6.3200002e-07,6.3200002e-07
GLOMIS,LED-SSP2,PAO,Material Release|Infrastructure|Charging stations|Concrete,Mt/yr,mean,.000089200003,.000096399999,.000097800003,.000097800003,.000097800003,.000097800003,.000097800003,.000097800003,.000097800003,.000097800003,.000097800003,.000097800003,.000097800003,.000097800003,.000097800003,.000097800003,.000097800003,.000097800003
GLOMIS,LED-SSP2,PAO,Material Release|Infrastructure|Charging stations|Iron_steel,Mt/yr,mean,.0000149,.000016100001,.0000163,.0000163,.0000163,.0000163,.0000163,.0000163,.0000163,.0000163,.0000163,.0000163,.0000163,.0000163,.0000163,.0000163,.0000163,.0000163
GLOMIS,LED-SSP2,PAO,Material Release|Infrastructure|Fuel stations|Aluminum,Mt/yr,mean,.000118442,.000127982,.00012989,.00012989,.00012989,.00012989,.00012989,.00012989,.00012989,.00012989,.00012989,.00012989,.00012989,.00012989,.00012989,.00012989,.00012989,.00012989
GLOMIS,LED-SSP2,PAO,Material Release|Infrastructure|Fuel stations|Concrete,Mt/yr,mean,.44232172,.47795156,.48507753,.48507753,.48507753,.48507753,.48507753,.48507753,.48507753,.48507753,.48507753,.48507753,.48507753,.48507753,.48507753,.48507753,.48507753,.48507753
GLOMIS,LED-SSP2,PAO,Material Release|Infrastructure|Fuel stations|Iron_steel,Mt/yr,mean,.017670872,.019094294,.019378979,.019378979,.019378979,.019378979,.019378979,.019378979,.019378979,.019378979,.019378979,.019378979,.019378979,.019378979,.019378979,.019378979,.019378979,.019378979
GLOMIS,LED-SSP2,PAO,Material Release|Infrastructure|Parking|Aluminum,Mt/yr,mean,.00051479001,.00055625802,.00056455098,.00056455098,.00056455098,.00056455098,.00056455098,.00056455098,.00056455098,.00056455098,.00056455098,.00056455098,.00056455098,.00056455098,.00056455098,.00056455098,.00056455098,.00056455098
GLOMIS,LED-SSP2,PAO,Material Release|Infrastructure|Parking|Asphalt,Mt/yr,mean,3.6303988,3.9228344,3.9813216,3.9813216,3.9813216,3.9813216,3.9813216,3.9813216,3.9813216,3.9813216,3.9813216,3.9813216,3.9813216,3.9813216,3.9813216,3.9813216,3.9813216,3.9813216
GLOMIS,LED-SSP2,PAO,Material Release|Infrastructure|Parking|Concrete,Mt/yr,mean,1.849664,1.9986579,2.0284567,2.0284567,2.0284567,2.0284567,2.0284567,2.0284567,2.0284567,2.0284567,2.0284567,2.0284567,2.0284567,2.0284567,2.0284567,2.0284567,2.0284567,2.0284567
GLOMIS,LED-SSP2,PAO,Material Release|Infrastructure|Parking|Iron_steel,Mt/yr,mean,.023228725,.025099846,.02547407,.02547407,.02547407,.02547407,.02547407,.02547407,.02547407,.02547407,.02547407,.02547407,.02547407,.02547407,.02547407,.02547407,.02547407,.02547407
GLOMIS,LED-SSP2,PAO,Material Release|Infrastructure|Rail|Aluminum,Mt/yr,mean,.001502105,.001623103,.0016473019,.0016473019,.0016473019,.0016473019,.0016473019,.0016473019,.0016473019,.0016473019,.0016473019,.0016473019,.0016473019,.0016473019,.0016473019,.0016473019,.0016473019,.0016473019
GLOMIS,LED-SSP2,PAO,Material Release|Infrastructure|Rail|Concrete,Mt/yr,mean,.48959386,.52903163,.53691918,.53691918,.53691918,.53691918,.53691918,.53691918,.53691918,.53691918,.53691918,.53691918,.53691918,.53691918,.53691918,.53691918,.53691918,.53691918
GLOMIS,LED-SSP2,PAO,Material Release|Infrastructure|Rail|Iron_steel,Mt/yr,mean,.67401338,.72830647,.73916513,.73916513,.73916513,.73916513,.73916513,.73916513,.73916513,.73916513,.73916513,.73916513,.73916513,.73916513,.73916513,.73916513,.73916513,.73916513
GLOMIS,LED-SSP2,PAO,Material Release|Infrastructure|Roads|Aluminum,Mt/yr,mean,0,0,0,0,0,0,0,0,0,0,0,0,0,0,0,0,0,0
GLOMIS,LED-SSP2,PAO,Material Release|Infrastructure|Roads|Asphalt,Mt/yr,mean,118.63103,128.187,130.09819,130.09819,130.09819,130.09819,130.09819,130.09819,130.09819,130.09819,130.09819,130.09819,130.09819,130.09819,130.09819,130.09819,130.09819,130.09819
GLOMIS,LED-SSP2,PAO,Material Release|Infrastructure|Roads|Concrete,Mt/yr,mean,0,0,0,0,0,0,0,0,0,0,0,0,0,0,0,0,0,0
GLOMIS,LED-SSP2,PAO,Material Release|Infrastructure|Roads|Iron_steel,Mt/yr,mean,0,0,0,0,0,0,0,0,0,0,0,0,0,0,0,0,0,0
GLOMIS,LED-SSP2,PAO,Material Release|Infrastructure|Runways|Aluminum,Mt/yr,mean,0,0,0,0,0,0,0,0,0,0,0,0,0,0,0,0,0,0
GLOMIS,LED-SSP2,PAO,Material Release|Infrastructure|Runways|Concrete,Mt/yr,mean,.02044623,.022093212,.02242261,.02242261,.02242261,.02242261,.02242261,.02242261,.02242261,.02242261,.02242261,.02242261,.02242261,.02242261,.02242261,.02242261,.02242261,.02242261
GLOMIS,LED-SSP2,PAO,Material Release|Infrastructure|Runways|Iron_steel,Mt/yr,mean,0,0,0,0,0,0,0,0,0,0,0,0,0,0,0,0,0,0
GLOMIS,LED-SSP2,PAO,Material Release|Infrastructure|Tunnels|Aluminum,Mt/yr,mean,.0000292,.0000315,.000032,.000032,.000032,.000032,.000032,.000032,.000032,.000032,.000032,.000032,.000032,.000032,.000032,.000032,.000032,.000032
GLOMIS,LED-SSP2,PAO,Material Release|Infrastructure|Tunnels|Asphalt,Mt/yr,mean,2.4723976,2.6715541,2.7113855,2.7113855,2.7113855,2.7113855,2.7113855,2.7113855,2.7113855,2.7113855,2.7113855,2.7113855,2.7113855,2.7113855,2.7113855,2.7113855,2.7113855,2.7113855
GLOMIS,LED-SSP2,PAO,Material Release|Infrastructure|Tunnels|Concrete,Mt/yr,mean,2.7278211,2.9475524,2.9914987,2.9914987,2.9914987,2.9914987,2.9914987,2.9914987,2.9914987,2.9914987,2.9914987,2.9914987,2.9914987,2.9914987,2.9914987,2.9914987,2.9914987,2.9914987
GLOMIS,LED-SSP2,PAO,Material Release|Infrastructure|Tunnels|Iron_steel,Mt/yr,mean,.15893479,.17173728,.17429779,.17429779,.17429779,.17429779,.17429779,.17429779,.17429779,.17429779,.17429779,.17429779,.17429779,.17429779,.17429779,.17429779,.17429779,.17429779
GLOMIS,LED-SSP2,PAS,Material Demand|Infrastructure|Bridges|Aluminum,Mt/yr,mean,.001500659,.00155059,.00051783101,.00089481397,.00072486902,.000403235,.000403235,.000403235,.000403235,.000403235,.000403235,.000403235,.000403235,.000403235,.000403235,.000403235,.000403235,.000403235
GLOMIS,LED-SSP2,PAS,Material Demand|Infrastructure|Bridges|Asphalt,Mt/yr,mean,5.2028961,5.7257533,4.1016107,4.9024363,4.7455778,4.2224841,4.2224841,4.2224841,4.2224841,4.2224841,4.2224841,4.2224841,4.2224841,4.2224841,4.2224841,4.2224841,4.2224841,4.2224841
GLOMIS,LED-SSP2,PAS,Material Demand|Infrastructure|Bridges|Concrete,Mt/yr,mean,10.416183,10.76276,3.594306,6.2109661,5.0313678,2.7988834,2.7988834,2.7988834,2.7988834,2.7988834,2.7988834,2.7988834,2.7988834,2.7988834,2.7988834,2.7988834,2.7988834,2.7988834
GLOMIS,LED-SSP2,PAS,Material Demand|Infrastructure|Bridges|Iron_steel,Mt/yr,mean,2.7072937,2.7973733,.93420422,1.6143063,1.3077142,.72746414,.72746414,.72746414,.72746414,.72746414,.72746414,.72746414,.72746414,.72746414,.72746414,.72746414,.72746414,.72746414
GLOMIS,LED-SSP2,PAS,Material Demand|Infrastructure|Buildings|Aluminum,Mt/yr,mean,0,0,0,0,0,0,0,0,0,0,0,0,0,0,0,0,0,0
GLOMIS,LED-SSP2,PAS,Material Demand|Infrastructure|Buildings|Concrete,Mt/yr,mean,2.0022891,2.0774429,.74718988,1.2378383,1.0216328,.60692811,.60692811,.60692811,.60692811,.60692811,.60692811,.60692811,.60692811,.60692811,.60692811,.60692811,.60692811,.60692811
GLOMIS,LED-SSP2,PAS,Material Demand|Infrastructure|Buildings|Iron_steel,Mt/yr,mean,0,0,0,0,0,0,0,0,0,0,0,0,0,0,0,0,0,0
GLOMIS,LED-SSP2,PAS,Material Demand|Infrastructure|Charging stations|Aluminum,Mt/yr,mean,4.8999999e-07,5.4800000e-07,4.4399999e-07,5.0599999e-07,5.0199998e-07,4.6800000e-07,4.6800000e-07,4.6800000e-07,4.6800000e-07,4.6800000e-07,4.6800000e-07,4.6800000e-07,4.6800000e-07,4.6800000e-07,4.6800000e-07,4.6800000e-07,4.6800000e-07,4.6800000e-07
GLOMIS,LED-SSP2,PAS,Material Demand|Infrastructure|Charging stations|Concrete,Mt/yr,mean,.000075800002,.000084799998,.000068699999,.0000784,.000077800003,.000072399998,.000072399998,.000072399998,.000072399998,.000072399998,.000072399998,.000072399998,.000072399998,.000072399998,.000072399998,.000072399998,.000072399998,.000072399998
GLOMIS,LED-SSP2,PAS,Material Demand|Infrastructure|Charging stations|Iron_steel,Mt/yr,mean,.0000126,.0000141,.0000114,.0000131,.000013,.0000121,.0000121,.0000121,.0000121,.0000121,.0000121,.0000121,.0000121,.0000121,.0000121,.0000121,.0000121,.0000121
GLOMIS,LED-SSP2,PAS,Material Demand|Infrastructure|Fuel stations|Aluminum,Mt/yr,mean,.00036140499,.00039138601,.00024311501,.000307915,.00028918401,.00024212099,.00024212099,.00024212099,.00024212099,.00024212099,.00024212099,.00024212099,.00024212099,.00024212099,.00024212099,.00024212099,.00024212099,.00024212099
GLOMIS,LED-SSP2,PAS,Material Demand|Infrastructure|Fuel stations|Concrete,Mt/yr,mean,1.3496709,1.4616355,.90791494,1.1499119,1.0799625,.9042024,.9042024,.9042024,.9042024,.9042024,.9042024,.9042024,.9042024,.9042024,.9042024,.9042024,.9042024,.9042024
GLOMIS,LED-SSP2,PAS,Material Demand|Infrastructure|Fuel stations|Iron_steel,Mt/yr,mean,.053919714,.058392733,.036271445,.045939289,.043144792,.03612313,.03612313,.03612313,.03612313,.03612313,.03612313,.03612313,.03612313,.03612313,.03612313,.03612313,.03612313,.03612313
GLOMIS,LED-SSP2,PAS,Material Demand|Infrastructure|Parking|Aluminum,Mt/yr,mean,.00098476897,.0010294199,.00041818901,.000648371,.00055154198,.000360598,.000360598,.000360598,.000360598,.000360598,.000360598,.000360598,.000360598,.000360598,.000360598,.000360598,.000360598,.000360598
GLOMIS,LED-SSP2,PAS,Material Demand|Infrastructure|Parking|Asphalt,Mt/yr,mean,1.6603508,1.8287823,1.3193073,1.5725845,1.5244775,1.3602171,1.3602171,1.3602171,1.3602171,1.3602171,1.3602171,1.3602171,1.3602171,1.3602171,1.3602171,1.3602171,1.3602171,1.3602171
GLOMIS,LED-SSP2,PAS,Material Demand|Infrastructure|Parking|Concrete,Mt/yr,mean,4.5607133,4.7675066,1.936738,3.0027702,2.5543313,1.6700196,1.6700196,1.6700196,1.6700196,1.6700196,1.6700196,1.6700196,1.6700196,1.6700196,1.6700196,1.6700196,1.6700196,1.6700196
GLOMIS,LED-SSP2,PAS,Material Demand|Infrastructure|Parking|Iron_steel,Mt/yr,mean,.062714264,.065557882,.026632041,.041291025,.035124552,.022964403,.022964403,.022964403,.022964403,.022964403,.022964403,.022964403,.022964403,.022964403,.022964403,.022964403,.022964403,.022964403
GLOMIS,LED-SSP2,PAS,Material Demand|Infrastructure|Rail|Aluminum,Mt/yr,mean,.002748525,.0029005641,.0013479521,.001950721,.001714358,.001227831,.001227831,.001227831,.001227831,.001227831,.001227831,.001227831,.001227831,.001227831,.001227831,.001227831,.001227831,.001227831
GLOMIS,LED-SSP2,PAS,Material Demand|Infrastructure|Rail|Concrete,Mt/yr,mean,.74296939,.77942973,.33378875,.50343955,.43381324,.29444632,.29444632,.29444632,.29444632,.29444632,.29444632,.29444632,.29444632,.29444632,.29444632,.29444632,.29444632,.29444632
GLOMIS,LED-SSP2,PAS,Material Demand|Infrastructure|Rail|Iron_steel,Mt/yr,mean,.41891629,.45190701,.27018803,.34784925,.32396075,.26642615,.26642615,.26642615,.26642615,.26642615,.26642615,.26642615,.26642615,.26642615,.26642615,.26642615,.26642615,.26642615
GLOMIS,LED-SSP2,PAS,Material Demand|Infrastructure|Roads|Aluminum,Mt/yr,mean,0,0,0,0,0,0,0,0,0,0,0,0,0,0,0,0,0,0
GLOMIS,LED-SSP2,PAS,Material Demand|Infrastructure|Roads|Asphalt,Mt/yr,mean,236.80597,259.93707,182.2878,219.7012,211.73817,186.80199,186.80199,186.80199,186.80199,186.80199,186.80199,186.80199,186.80199,186.80199,186.80199,186.80199,186.80199,186.80199
GLOMIS,LED-SSP2,PAS,Material Demand|Infrastructure|Roads|Concrete,Mt/yr,mean,0,0,0,0,0,0,0,0,0,0,0,0,0,0,0,0,0,0
GLOMIS,LED-SSP2,PAS,Material Demand|Infrastructure|Roads|Iron_steel,Mt/yr,mean,0,0,0,0,0,0,0,0,0,0,0,0,0,0,0,0,0,0
GLOMIS,LED-SSP2,PAS,Material Demand|Infrastructure|Tunnels|Aluminum,Mt/yr,mean,.0020757639,.002144831,.00071628299,.0012377379,.001002664,.00055776897,.00055776897,.00055776897,.00055776897,.00055776897,.00055776897,.00055776897,.00055776897,.00055776897,.00055776897,.00055776897,.00055776897,.00055776897
GLOMIS,LED-SSP2,PAS,Material Demand|Infrastructure|Tunnels|Asphalt,Mt/yr,mean,1.6896355,1.8604141,1.3384644,1.5971115,1.547385,1.3791718,1.3791718,1.3791718,1.3791718,1.3791718,1.3791718,1.3791718,1.3791718,1.3791718,1.3791718,1.3791718,1.3791718,1.3791718
GLOMIS,LED-SSP2,PAS,Material Demand|Infrastructure|Tunnels|Concrete,Mt/yr,mean,15.729122,16.252476,5.427639,9.3789682,7.5976968,4.2264981,4.2264981,4.2264981,4.2264981,4.2264981,4.2264981,4.2264981,4.2264981,4.2264981,4.2264981,4.2264981,4.2264981,4.2264981
GLOMIS,LED-SSP2,PAS,Material Demand|Infrastructure|Tunnels|Iron_steel,Mt/yr,mean,.70537144,.72884125,.24340209,.42059922,.34071821,.18953703,.18953703,.18953703,.18953703,.18953703,.18953703,.18953703,.18953703,.18953703,.18953703,.18953703,.18953703,.18953703
GLOMIS,LED-SSP2,PAS,Material Release|Infrastructure|Bridges|Aluminum,Mt/yr,mean,.000302306,.00035223801,.00036724401,.00038547601,.00040053201,.000403235,.000403235,.000403235,.000403235,.000403235,.000403235,.000403235,.000403235,.000403235,.000403235,.000403235,.000403235,.000403235
GLOMIS,LED-SSP2,PAS,Material Release|Infrastructure|Bridges|Asphalt,Mt/yr,mean,3.1656089,3.6884661,3.8456004,4.0365257,4.1941814,4.2224841,4.2224841,4.2224841,4.2224841,4.2224841,4.2224841,4.2224841,4.2224841,4.2224841,4.2224841,4.2224841,4.2224841,4.2224841
GLOMIS,LED-SSP2,PAS,Material Release|Infrastructure|Bridges|Concrete,Mt/yr,mean,2.0983312,2.4449084,2.5490651,2.6756203,2.780123,2.7988834,2.7988834,2.7988834,2.7988834,2.7988834,2.7988834,2.7988834,2.7988834,2.7988834,2.7988834,2.7988834,2.7988834,2.7988834
GLOMIS,LED-SSP2,PAS,Material Release|Infrastructure|Bridges|Iron_steel,Mt/yr,mean,.54538202,.63546169,.66253328,.69542652,.72258806,.72746414,.72746414,.72746414,.72746414,.72746414,.72746414,.72746414,.72746414,.72746414,.72746414,.72746414,.72746414,.72746414
GLOMIS,LED-SSP2,PAS,Material Release|Infrastructure|Buildings|Aluminum,Mt/yr,mean,0,0,0,0,0,0,0,0,0,0,0,0,0,0,0,0,0,0
GLOMIS,LED-SSP2,PAS,Material Release|Infrastructure|Buildings|Concrete,Mt/yr,mean,.45501581,.53016984,.55275589,.58019894,.60286003,.60692811,.60692811,.60692811,.60692811,.60692811,.60692811,.60692811,.60692811,.60692811,.60692811,.60692811,.60692811,.60692811
GLOMIS,LED-SSP2,PAS,Material Release|Infrastructure|Buildings|Iron_steel,Mt/yr,mean,0,0,0,0,0,0,0,0,0,0,0,0,0,0,0,0,0,0
GLOMIS,LED-SSP2,PAS,Material Release|Infrastructure|Charging stations|Aluminum,Mt/yr,mean,3.5100001e-07,4.0899999e-07,4.2600001e-07,4.4699999e-07,4.6500000e-07,4.6800000e-07,4.6800000e-07,4.6800000e-07,4.6800000e-07,4.6800000e-07,4.6800000e-07,4.6800000e-07,4.6800000e-07,4.6800000e-07,4.6800000e-07,4.6800000e-07,4.6800000e-07,4.6800000e-07
GLOMIS,LED-SSP2,PAS,Material Release|Infrastructure|Charging stations|Concrete,Mt/yr,mean,.000054299999,.000063300002,.000066000001,.000069200003,.000071900002,.000072399998,.000072399998,.000072399998,.000072399998,.000072399998,.000072399998,.000072399998,.000072399998,.000072399998,.000072399998,.000072399998,.000072399998,.000072399998
GLOMIS,LED-SSP2,PAS,Material Release|Infrastructure|Charging stations|Iron_steel,Mt/yr,mean,9.0499998e-06,.0000105,.000011,.0000115,.000012,.0000121,.0000121,.0000121,.0000121,.0000121,.0000121,.0000121,.0000121,.0000121,.0000121,.0000121,.0000121,.0000121
GLOMIS,LED-SSP2,PAS,Material Release|Infrastructure|Fuel stations|Aluminum,Mt/yr,mean,.000181518,.0002115,.00022051,.00023145801,.000240498,.00024212099,.00024212099,.00024212099,.00024212099,.00024212099,.00024212099,.00024212099,.00024212099,.00024212099,.00024212099,.00024212099,.00024212099,.00024212099
GLOMIS,LED-SSP2,PAS,Material Release|Infrastructure|Fuel stations|Concrete,Mt/yr,mean,.67788321,.78984779,.82349652,.86438119,.89814168,.9042024,.9042024,.9042024,.9042024,.9042024,.9042024,.9042024,.9042024,.9042024,.9042024,.9042024,.9042024,.9042024
GLOMIS,LED-SSP2,PAS,Material Release|Infrastructure|Fuel stations|Iron_steel,Mt/yr,mean,.027081616,.031554636,.032898907,.03453226,.035881002,.03612313,.03612313,.03612313,.03612313,.03612313,.03612313,.03612313,.03612313,.03612313,.03612313,.03612313,.03612313,.03612313
GLOMIS,LED-SSP2,PAS,Material Release|Infrastructure|Parking|Aluminum,Mt/yr,mean,.000270341,.000314993,.00032841199,.000344717,.00035818099,.000360598,.000360598,.000360598,.000360598,.000360598,.000360598,.000360598,.000360598,.000360598,.000360598,.000360598,.000360598,.000360598
GLOMIS,LED-SSP2,PAS,Material Release|Infrastructure|Parking|Asphalt,Mt/yr,mean,1.0197588,1.1881903,1.238809,1.300313,1.3510998,1.3602171,1.3602171,1.3602171,1.3602171,1.3602171,1.3602171,1.3602171,1.3602171,1.3602171,1.3602171,1.3602171,1.3602171,1.3602171
GLOMIS,LED-SSP2,PAS,Material Release|Infrastructure|Parking|Concrete,Mt/yr,mean,1.2520187,1.4588121,1.5209596,1.5964718,1.6588259,1.6700196,1.6700196,1.6700196,1.6700196,1.6700196,1.6700196,1.6700196,1.6700196,1.6700196,1.6700196,1.6700196,1.6700196,1.6700196
GLOMIS,LED-SSP2,PAS,Material Release|Infrastructure|Parking|Iron_steel,Mt/yr,mean,.017216481,.020060092,.020914681,.021953048,.022810478,.022964403,.022964403,.022964403,.022964403,.022964403,.022964403,.022964403,.022964403,.022964403,.022964403,.022964403,.022964403,.022964403
GLOMIS,LED-SSP2,PAS,Material Release|Infrastructure|Rail|Aluminum,Mt/yr,mean,.00092050899,.001072547,.001118239,.001173757,.001219601,.001227831,.001227831,.001227831,.001227831,.001227831,.001227831,.001227831,.001227831,.001227831,.001227831,.001227831,.001227831,.001227831
GLOMIS,LED-SSP2,PAS,Material Release|Infrastructure|Rail|Concrete,Mt/yr,mean,.22074726,.25720766,.26816508,.28147888,.29247269,.29444632,.29444632,.29444632,.29444632,.29444632,.29444632,.29444632,.29444632,.29444632,.29444632,.29444632,.29444632,.29444632
GLOMIS,LED-SSP2,PAS,Material Release|Infrastructure|Rail|Iron_steel,Mt/yr,mean,.19974047,.23273119,.24264589,.2546927,.26464033,.26642615,.26642615,.26642615,.26642615,.26642615,.26642615,.26642615,.26642615,.26642615,.26642615,.26642615,.26642615,.26642615
GLOMIS,LED-SSP2,PAS,Material Release|Infrastructure|Roads|Aluminum,Mt/yr,mean,0,0,0,0,0,0,0,0,0,0,0,0,0,0,0,0,0,0
GLOMIS,LED-SSP2,PAS,Material Release|Infrastructure|Roads|Asphalt,Mt/yr,mean,140.04601,163.17712,170.12871,178.57521,185.54988,186.80199,186.80199,186.80199,186.80199,186.80199,186.80199,186.80199,186.80199,186.80199,186.80199,186.80199,186.80199,186.80199
GLOMIS,LED-SSP2,PAS,Material Release|Infrastructure|Roads|Concrete,Mt/yr,mean,0,0,0,0,0,0,0,0,0,0,0,0,0,0,0,0,0,0
GLOMIS,LED-SSP2,PAS,Material Release|Infrastructure|Roads|Iron_steel,Mt/yr,mean,0,0,0,0,0,0,0,0,0,0,0,0,0,0,0,0,0,0
GLOMIS,LED-SSP2,PAS,Material Release|Infrastructure|Tunnels|Aluminum,Mt/yr,mean,.00041816101,.00048722801,.00050798402,.00053320499,.00055403,.00055776897,.00055776897,.00055776897,.00055776897,.00055776897,.00055776897,.00055776897,.00055776897,.00055776897,.00055776897,.00055776897,.00055776897,.00055776897
GLOMIS,LED-SSP2,PAS,Material Release|Infrastructure|Tunnels|Asphalt,Mt/yr,mean,1.0339692,1.2047478,1.2560718,1.3184329,1.3699274,1.3791718,1.3791718,1.3791718,1.3791718,1.3791718,1.3791718,1.3791718,1.3791718,1.3791718,1.3791718,1.3791718,1.3791718,1.3791718
GLOMIS,LED-SSP2,PAS,Material Release|Infrastructure|Tunnels|Concrete,Mt/yr,mean,3.1686184,3.6919725,3.8492563,4.0403628,4.1981688,4.2264981,4.2264981,4.2264981,4.2264981,4.2264981,4.2264981,4.2264981,4.2264981,4.2264981,4.2264981,4.2264981,4.2264981,4.2264981
GLOMIS,LED-SSP2,PAS,Material Release|Infrastructure|Tunnels|Iron_steel,Mt/yr,mean,.14209647,.16556627,.17261964,.18118981,.18826661,.18953703,.18953703,.18953703,.18953703,.18953703,.18953703,.18953703,.18953703,.18953703,.18953703,.18953703,.18953703,.18953703
GLOMIS,LED-SSP2,RCPA,Material Demand|Infrastructure|Bridges|Aluminum,Mt/yr,mean,.000170649,.000176798,.000184693,.000249295,.000226579,.00016871101,.000111952,.00011303,.000087100001,.000087100001,.000087100001,.000087100001,.000087100001,.000087100001,.000087100001,.000087100001,.000087100001,.000087100001
GLOMIS,LED-SSP2,RCPA,Material Demand|Infrastructure|Bridges|Asphalt,Mt/yr,mean,.95516384,1.0791627,1.2099065,1.5606977,1.6128173,1.5086673,1.3659351,1.406063,1.3413833,1.3413833,1.3413833,1.3413833,1.3413833,1.3413833,1.3413833,1.3413833,1.3413833,1.3413833
GLOMIS,LED-SSP2,RCPA,Material Demand|Infrastructure|Bridges|Concrete,Mt/yr,mean,2.2720795,2.3539374,2.4590588,3.3191838,3.0167408,2.246274,1.4905648,1.5049167,1.1603339,1.1603339,1.1603339,1.1603339,1.1603339,1.1603339,1.1603339,1.1603339,1.1603339,1.1603339
GLOMIS,LED-SSP2,RCPA,Material Demand|Infrastructure|Bridges|Iron_steel,Mt/yr,mean,.50882459,.52715647,.55069798,.74332017,.67558903,.50304556,.33380702,.33702108,.25985292,.25985292,.25985292,.25985292,.25985292,.25985292,.25985292,.25985292,.25985292,.25985292
GLOMIS,LED-SSP2,RCPA,Material Demand|Infrastructure|Buildings|Aluminum,Mt/yr,mean,0,0,0,0,0,0,0,0,0,0,0,0,0,0,0,0,0,0
GLOMIS,LED-SSP2,RCPA,Material Demand|Infrastructure|Buildings|Concrete,Mt/yr,mean,.22165024,.23054117,.24167086,.3254703,.29777744,.22483617,.15288194,.15462658,.12182148,.12182148,.12182148,.12182148,.12182148,.12182148,.12182148,.12182148,.12182148,.12182148
GLOMIS,LED-SSP2,RCPA,Material Demand|Infrastructure|Buildings|Iron_steel,Mt/yr,mean,0,0,0,0,0,0,0,0,0,0,0,0,0,0,0,0,0,0
GLOMIS,LED-SSP2,RCPA,Material Demand|Infrastructure|Charging stations|Aluminum,Mt/yr,mean,1.0600000e-07,1.2300001e-07,1.4100000e-07,1.7900000e-07,1.9200000e-07,1.8900000e-07,1.8000000e-07,1.8500000e-07,1.8100000e-07,1.8100000e-07,1.8100000e-07,1.8100000e-07,1.8100000e-07,1.8100000e-07,1.8100000e-07,1.8100000e-07,1.8100000e-07,1.8100000e-07
GLOMIS,LED-SSP2,RCPA,Material Demand|Infrastructure|Charging stations|Concrete,Mt/yr,mean,.000016399999,.000018999999,.0000218,.0000277,.000029700001,.0000292,.000027800001,.0000287,.000028099999,.000028099999,.000028099999,.000028099999,.000028099999,.000028099999,.000028099999,.000028099999,.000028099999,.000028099999
GLOMIS,LED-SSP2,RCPA,Material Demand|Infrastructure|Charging stations|Iron_steel,Mt/yr,mean,2.7300000e-06,3.1699999e-06,3.6300000e-06,4.6199998e-06,4.9400001e-06,4.8699999e-06,4.6300001e-06,4.7799999e-06,4.6700002e-06,4.6700002e-06,4.6700002e-06,4.6700002e-06,4.6700002e-06,4.6700002e-06,4.6700002e-06,4.6700002e-06,4.6700002e-06,4.6700002e-06
GLOMIS,LED-SSP2,RCPA,Material Demand|Infrastructure|Fuel stations|Aluminum,Mt/yr,mean,.0000344,.000037900001,.000041700001,.0000545,.0000545,.000048400001,.000041399999,.0000425,.000039400002,.000039400002,.000039400002,.000039400002,.000039400002,.000039400002,.000039400002,.000039400002,.000039400002,.000039400002
GLOMIS,LED-SSP2,RCPA,Material Demand|Infrastructure|Fuel stations|Concrete,Mt/yr,mean,.12846749,.14163509,.15582876,.20343252,.20341894,.18080132,.15474914,.15881044,.14696972,.14696972,.14696972,.14696972,.14696972,.14696972,.14696972,.14696972,.14696972,.14696972
GLOMIS,LED-SSP2,RCPA,Material Demand|Infrastructure|Fuel stations|Iron_steel,Mt/yr,mean,.005132311,.0056583602,.0062254011,.0081271837,.0081266416,.0072230608,.0061822701,.00634452,.0058714799,.0058714799,.0058714799,.0058714799,.0058714799,.0058714799,.0058714799,.0058714799,.0058714799,.0058714799
GLOMIS,LED-SSP2,RCPA,Material Demand|Infrastructure|Parking|Aluminum,Mt/yr,mean,.000096900003,.000101835,.000107686,.000144209,.000134136,.000104736,.000075299999,.0000764,.000062999999,.000062999999,.000062999999,.000062999999,.000062999999,.000062999999,.000062999999,.000062999999,.000062999999,.000062999999
GLOMIS,LED-SSP2,RCPA,Material Demand|Infrastructure|Parking|Asphalt,Mt/yr,mean,.10156298,.11499794,.1291416,.16641125,.17245358,.16199276,.1473044,.15166639,.14501283,.14501283,.14501283,.14501283,.14501283,.14501283,.14501283,.14501283,.14501283,.14501283
GLOMIS,LED-SSP2,RCPA,Material Demand|Infrastructure|Parking|Concrete,Mt/yr,mean,.22643588,.23789732,.25156528,.33688733,.31335604,.24467425,.17581172,.17849924,.14711465,.14711465,.14711465,.14711465,.14711465,.14711465,.14711465,.14711465,.14711465,.14711465
GLOMIS,LED-SSP2,RCPA,Material Demand|Infrastructure|Parking|Iron_steel,Mt/yr,mean,.002195498,.0023066271,.0024391499,.003266423,.0030382669,.0023723349,.001704652,.00173071,.001426408,.001426408,.001426408,.001426408,.001426408,.001426408,.001426408,.001426408,.001426408,.001426408
GLOMIS,LED-SSP2,RCPA,Material Demand|Infrastructure|Rail|Aluminum,Mt/yr,mean,.001226685,.001314602,.001413597,.001872704,.001796904,.001488179,.001165563,.001189951,.001043043,.001043043,.001043043,.001043043,.001043043,.001043043,.001043043,.001043043,.001043043,.001043043
GLOMIS,LED-SSP2,RCPA,Material Demand|Infrastructure|Rail|Concrete,Mt/yr,mean,.32434681,.34728131,.37315565,.49458545,.47392017,.39152634,.3056156,.31194547,.27282304,.27282304,.27282304,.27282304,.27282304,.27282304,.27282304,.27282304,.27282304,.27282304
GLOMIS,LED-SSP2,RCPA,Material Demand|Infrastructure|Rail|Iron_steel,Mt/yr,mean,.21206164,.23367523,.25698668,.33558106,.3353141,.29767931,.25443622,.26109371,.24143882,.24143882,.24143882,.24143882,.24143882,.24143882,.24143882,.24143882,.24143882,.24143882
GLOMIS,LED-SSP2,RCPA,Material Demand|Infrastructure|Roads|Aluminum,Mt/yr,mean,0,0,0,0,0,0,0,0,0,0,0,0,0,0,0,0,0,0
GLOMIS,LED-SSP2,RCPA,Material Demand|Infrastructure|Roads|Asphalt,Mt/yr,mean,77.021492,86.735474,97.002975,125.32406,128.95671,119.8595,107.79356,110.92092,105.45036,105.45036,105.45036,105.45036,105.45036,105.45036,105.45036,105.45036,105.45036,105.45036
GLOMIS,LED-SSP2,RCPA,Material Demand|Infrastructure|Roads|Concrete,Mt/yr,mean,0,0,0,0,0,0,0,0,0,0,0,0,0,0,0,0,0,0
GLOMIS,LED-SSP2,RCPA,Material Demand|Infrastructure|Roads|Iron_steel,Mt/yr,mean,0,0,0,0,0,0,0,0,0,0,0,0,0,0,0,0,0,0
GLOMIS,LED-SSP2,RCPA,Material Demand|Infrastructure|Tunnels|Aluminum,Mt/yr,mean,.00014056001,.000145624,.000152127,.000205338,.000186627,.00013896301,.000092200004,.000093100003,.000071800001,.000071800001,.000071800001,.000071800001,.000071800001,.000071800001,.000071800001,.000071800001,.000071800001,.000071800001
GLOMIS,LED-SSP2,RCPA,Material Demand|Infrastructure|Tunnels|Asphalt,Mt/yr,mean,.086193494,.097480603,.10937304,.14101651,.14591487,.13675562,.12406595,.12772419,.12197478,.12197478,.12197478,.12197478,.12197478,.12197478,.12197478,.12197478,.12197478,.12197478
GLOMIS,LED-SSP2,RCPA,Material Demand|Infrastructure|Tunnels|Concrete,Mt/yr,mean,1.7293106,1.7916139,1.8716232,2.5262761,2.2960827,1.7096698,1.1344893,1.1454127,.88314599,.88314599,.88314599,.88314599,.88314599,.88314599,.88314599,.88314599,.88314599,.88314599
GLOMIS,LED-SSP2,RCPA,Material Demand|Infrastructure|Tunnels|Iron_steel,Mt/yr,mean,.067408957,.069837555,.072956331,.098474868,.089501865,.06664335,.044222672,.044648468,.034425247,.034425247,.034425247,.034425247,.034425247,.034425247,.034425247,.034425247,.034425247,.034425247
GLOMIS,LED-SSP2,RCPA,Material Release|Infrastructure|Bridges|Aluminum,Mt/yr,mean,.000023099999,.0000292,.0000354,.0000435,.0000511,.000056299999,.000059000002,.0000612,.000062400002,.000062400002,.000062400002,.000062400002,.000062400002,.000062400002,.000062400002,.000062400002,.000062400002,.000062400002
GLOMIS,LED-SSP2,RCPA,Material Release|Infrastructure|Bridges|Asphalt,Mt/yr,mean,.46578065,.58977956,.71491528,.87831897,1.0308626,1.1359118,1.1903858,1.2341325,1.2594527,1.2594527,1.2594527,1.2594527,1.2594527,1.2594527,1.2594527,1.2594527,1.2594527,1.2594527
GLOMIS,LED-SSP2,RCPA,Material Release|Infrastructure|Bridges|Concrete,Mt/yr,mean,.30748576,.38934383,.47195232,.57982355,.68052542,.74987388,.78583485,.81471437,.83142948,.83142948,.83142948,.83142948,.83142948,.83142948,.83142948,.83142948,.83142948,.83142948
GLOMIS,LED-SSP2,RCPA,Material Release|Infrastructure|Bridges|Iron_steel,Mt/yr,mean,.068860412,.087192252,.10569215,.12984955,.15240139,.16793175,.1759851,.18245256,.18619587,.18619587,.18619587,.18619587,.18619587,.18619587,.18619587,.18619587,.18619587,.18619587
GLOMIS,LED-SSP2,RCPA,Material Release|Infrastructure|Buildings|Aluminum,Mt/yr,mean,0,0,0,0,0,0,0,0,0,0,0,0,0,0,0,0,0,0
GLOMIS,LED-SSP2,RCPA,Material Release|Infrastructure|Buildings|Concrete,Mt/yr,mean,.033397269,.042288207,.051260646,.062976979,.07391461,.081446826,.085352696,.088489413,.090304919,.090304919,.090304919,.090304919,.090304919,.090304919,.090304919,.090304919,.090304919,.090304919
GLOMIS,LED-SSP2,RCPA,Material Release|Infrastructure|Buildings|Iron_steel,Mt/yr,mean,0,0,0,0,0,0,0,0,0,0,0,0,0,0,0,0,0,0
GLOMIS,LED-SSP2,RCPA,Material Release|Infrastructure|Charging stations|Aluminum,Mt/yr,mean,6.4500000e-08,8.1600000e-08,9.8999998e-08,1.2200000e-07,1.4299999e-07,1.5700000e-07,1.6500000e-07,1.7100000e-07,1.7399999e-07,1.7399999e-07,1.7399999e-07,1.7399999e-07,1.7399999e-07,1.7399999e-07,1.7399999e-07,1.7399999e-07,1.7399999e-07,1.7399999e-07
GLOMIS,LED-SSP2,RCPA,Material Release|Infrastructure|Charging stations|Concrete,Mt/yr,mean,9.9800000e-06,.0000126,.0000153,.000018799999,.000022099999,.000024299999,.0000255,.000026399999,.000027,.000027,.000027,.000027,.000027,.000027,.000027,.000027,.000027,.000027
GLOMIS,LED-SSP2,RCPA,Material Release|Infrastructure|Charging stations|Iron_steel,Mt/yr,mean,1.6600000e-06,2.1100000e-06,2.5500001e-06,3.1400000e-06,3.6800000e-06,4.0599998e-06,4.2500001e-06,4.4100002e-06,4.5000002e-06,4.5000002e-06,4.5000002e-06,4.5000002e-06,4.5000002e-06,4.5000002e-06,4.5000002e-06,4.5000002e-06,4.5000002e-06,4.5000002e-06
GLOMIS,LED-SSP2,RCPA,Material Release|Infrastructure|Fuel stations|Aluminum,Mt/yr,mean,.0000132,.000016800001,.0000203,.000024999999,.000029299999,.000032299999,.000033799999,.000035100002,.0000358,.0000358,.0000358,.0000358,.0000358,.0000358,.0000358,.0000358,.0000358,.0000358
GLOMIS,LED-SSP2,RCPA,Material Release|Infrastructure|Fuel stations|Concrete,Mt/yr,mean,.049461849,.062629454,.075917773,.093269832,.10946863,.12062395,.12640861,.13105413,.13374291,.13374291,.13374291,.13374291,.13374291,.13374291,.13374291,.13374291,.13374291,.13374291
GLOMIS,LED-SSP2,RCPA,Material Release|Infrastructure|Fuel stations|Iron_steel,Mt/yr,mean,.0019760141,.002502064,.003032936,.003726155,.0043733008,.0048189592,.005050058,.0052356478,.0053430661,.0053430661,.0053430661,.0053430661,.0053430661,.0053430661,.0053430661,.0053430661,.0053430661,.0053430661
GLOMIS,LED-SSP2,RCPA,Material Release|Infrastructure|Parking|Aluminum,Mt/yr,mean,.0000184,.000023299999,.000028300001,.000034799999,.000040800001,.0000449,.000047099998,.000048800001,.000049800001,.000049800001,.000049800001,.000049800001,.000049800001,.000049800001,.000049800001,.000049800001,.000049800001,.000049800001
GLOMIS,LED-SSP2,RCPA,Material Release|Infrastructure|Parking|Asphalt,Mt/yr,mean,.050466102,.063901059,.077459179,.095163547,.11169124,.12307306,.12897515,.133715,.13645838,.13645838,.13645838,.13645838,.13645838,.13645838,.13645838,.13645838,.13645838,.13645838
GLOMIS,LED-SSP2,RCPA,Material Release|Infrastructure|Parking|Concrete,Mt/yr,mean,.043052915,.054514349,.066080853,.081184551,.095284417,.10499431,.11002942,.11407302,.11641341,.11641341,.11641341,.11641341,.11641341,.11641341,.11641341,.11641341,.11641341,.11641341
GLOMIS,LED-SSP2,RCPA,Material Release|Infrastructure|Parking|Iron_steel,Mt/yr,mean,.00041743601,.00052856503,.00064071303,.00078715698,.00092386798,.001018014,.001066834,.00110604,.001128732,.001128732,.001128732,.001128732,.001128732,.001128732,.001128732,.001128732,.001128732,.001128732
GLOMIS,LED-SSP2,RCPA,Material Release|Infrastructure|Rail|Aluminum,Mt/yr,mean,.000330243,.00041815999,.00050688197,.00062273699,.000730892,.00080537301,.00084399502,.00087501202,.00089296501,.00089296501,.00089296501,.00089296501,.00089296501,.00089296501,.00089296501,.00089296501,.00089296501,.00089296501
GLOMIS,LED-SSP2,RCPA,Material Release|Infrastructure|Rail|Concrete,Mt/yr,mean,.086149536,.10908405,.13222881,.16245152,.19066557,.21009521,.22017056,.22826183,.232945,.232945,.232945,.232945,.232945,.232945,.232945,.232945,.232945,.232945
GLOMIS,LED-SSP2,RCPA,Material Release|Infrastructure|Rail|Iron_steel,Mt/yr,mean,.081187718,.10280131,.12461303,.15309507,.17968412,.19799469,.20748974,.21511501,.21952844,.21952844,.21952844,.21952844,.21952844,.21952844,.21952844,.21952844,.21952844,.21952844
GLOMIS,LED-SSP2,RCPA,Material Release|Infrastructure|Roads|Aluminum,Mt/yr,mean,0,0,0,0,0,0,0,0,0,0,0,0,0,0,0,0,0,0
GLOMIS,LED-SSP2,RCPA,Material Release|Infrastructure|Roads|Asphalt,Mt/yr,mean,36.488892,46.202873,56.005901,68.806824,80.756973,88.98645,93.253891,96.680984,98.664551,98.664551,98.664551,98.664551,98.664551,98.664551,98.664551,98.664551,98.664551,98.664551
GLOMIS,LED-SSP2,RCPA,Material Release|Infrastructure|Roads|Concrete,Mt/yr,mean,0,0,0,0,0,0,0,0,0,0,0,0,0,0,0,0,0,0
GLOMIS,LED-SSP2,RCPA,Material Release|Infrastructure|Roads|Iron_steel,Mt/yr,mean,0,0,0,0,0,0,0,0,0,0,0,0,0,0,0,0,0,0
GLOMIS,LED-SSP2,RCPA,Material Release|Infrastructure|Tunnels|Aluminum,Mt/yr,mean,.000018999999,.0000241,.0000292,.000035900001,.0000421,.0000464,.000048599999,.000050400002,.000051399998,.000051399998,.000051399998,.000051399998,.000051399998,.000051399998,.000051399998,.000051399998,.000051399998,.000051399998
GLOMIS,LED-SSP2,RCPA,Material Release|Infrastructure|Tunnels|Asphalt,Mt/yr,mean,.042398073,.053685177,.065075755,.079949714,.093835123,.10339732,.10835586,.11233795,.11464273,.11464273,.11464273,.11464273,.11464273,.11464273,.11464273,.11464273,.11464273,.11464273
GLOMIS,LED-SSP2,RCPA,Material Release|Infrastructure|Tunnels|Concrete,Mt/yr,mean,.23403162,.29633492,.35920936,.44131163,.51795715,.57073927,.59810966,.62009025,.63281238,.63281238,.63281238,.63281238,.63281238,.63281238,.63281238,.63281238,.63281238,.63281238
GLOMIS,LED-SSP2,RCPA,Material Release|Infrastructure|Tunnels|Iron_steel,Mt/yr,mean,.0091226101,.011551208,.014002069,.017202437,.020190097,.022247557,.023314461,.02417127,.024667181,.024667181,.024667181,.024667181,.024667181,.024667181,.024667181,.024667181,.024667181,.024667181
GLOMIS,LED-SSP2,SAS,Material Demand|Infrastructure|Bridges|Aluminum,Mt/yr,mean,.002333631,.002412884,.002263088,.002812796,.003056932,.003126801,.0029652561,.002978282,.0028031641,.0028031641,.0028031641,.0028031641,.0028031641,.0028031641,.0028031641,.0028031641,.0028031641,.0028031641
GLOMIS,LED-SSP2,SAS,Material Demand|Infrastructure|Bridges|Asphalt,Mt/yr,mean,4.0038781,4.4320664,4.625464,5.49547,6.1369205,6.6270547,6.875433,7.2575488,7.4342346,7.4342346,7.4342346,7.4342346,7.4342346,7.4342346,7.4342346,7.4342346,7.4342346,7.4342346
GLOMIS,LED-SSP2,SAS,Material Demand|Infrastructure|Bridges|Concrete,Mt/yr,mean,9.2263403,9.5396767,8.9474373,11.120785,12.086012,12.362247,11.723557,11.775057,11.082705,11.082705,11.082705,11.082705,11.082705,11.082705,11.082705,11.082705,11.082705,11.082705
GLOMIS,LED-SSP2,SAS,Material Demand|Infrastructure|Bridges|Iron_steel,Mt/yr,mean,1.9552386,2.0216405,1.8961337,2.3567078,2.5612578,2.6197972,2.4844468,2.4953606,2.3486378,2.3486378,2.3486378,2.3486378,2.3486378,2.3486378,2.3486378,2.3486378,2.3486378,2.3486378
GLOMIS,LED-SSP2,SAS,Material Demand|Infrastructure|Buildings|Aluminum,Mt/yr,mean,0,0,0,0,0,0,0,0,0,0,0,0,0,0,0,0,0,0
GLOMIS,LED-SSP2,SAS,Material Demand|Infrastructure|Buildings|Concrete,Mt/yr,mean,2.1475375,2.2243629,2.0925119,2.5974095,2.8250422,2.8942714,2.7526097,2.7693894,2.6145923,2.6145923,2.6145923,2.6145923,2.6145923,2.6145923,2.6145923,2.6145923,2.6145923,2.6145923
GLOMIS,LED-SSP2,SAS,Material Demand|Infrastructure|Buildings|Iron_steel,Mt/yr,mean,0,0,0,0,0,0,0,0,0,0,0,0,0,0,0,0,0,0
GLOMIS,LED-SSP2,SAS,Material Demand|Infrastructure|Charging stations|Aluminum,Mt/yr,mean,1.3600000e-07,1.5400001e-07,1.6400000e-07,1.9300001e-07,2.1699999e-07,2.3699999e-07,2.5099999e-07,2.6699999e-07,2.7799999e-07,2.7799999e-07,2.7799999e-07,2.7799999e-07,2.7799999e-07,2.7799999e-07,2.7799999e-07,2.7799999e-07,2.7799999e-07,2.7799999e-07
GLOMIS,LED-SSP2,SAS,Material Demand|Infrastructure|Charging stations|Concrete,Mt/yr,mean,.000021100001,.000023799999,.000025400001,.0000299,.000033600001,.0000368,.000038800001,.000041399999,.000043,.000043,.000043,.000043,.000043,.000043,.000043,.000043,.000043,.000043
GLOMIS,LED-SSP2,SAS,Material Demand|Infrastructure|Charging stations|Iron_steel,Mt/yr,mean,3.5099999e-06,3.9600000e-06,4.2400002e-06,4.9900000e-06,5.5999999e-06,6.1199999e-06,6.4699998e-06,6.8999998e-06,7.1700001e-06,7.1700001e-06,7.1700001e-06,7.1700001e-06,7.1700001e-06,7.1700001e-06,7.1700001e-06,7.1700001e-06,7.1700001e-06,7.1700001e-06
GLOMIS,LED-SSP2,SAS,Material Demand|Infrastructure|Fuel stations|Aluminum,Mt/yr,mean,.000195022,.000212061,.000215598,.00025893,.00028726601,.000306303,.00031153599,.00032544899,.000327822,.000327822,.000327822,.000327822,.000327822,.000327822,.000327822,.000327822,.000327822,.000327822
GLOMIS,LED-SSP2,SAS,Material Demand|Infrastructure|Fuel stations|Concrete,Mt/yr,mean,.72831297,.79194623,.80515337,.96697736,1.0728003,1.1438943,1.163437,1.2153943,1.2242573,1.2242573,1.2242573,1.2242573,1.2242573,1.2242573,1.2242573,1.2242573,1.2242573,1.2242573
GLOMIS,LED-SSP2,SAS,Material Demand|Infrastructure|Fuel stations|Iron_steel,Mt/yr,mean,.029096298,.031638466,.032166094,.038631003,.04285866,.045698885,.046479624,.048555322,.048909407,.048909407,.048909407,.048909407,.048909407,.048909407,.048909407,.048909407,.048909407,.048909407
GLOMIS,LED-SSP2,SAS,Material Demand|Infrastructure|Parking|Aluminum,Mt/yr,mean,.00021720699,.000227335,.00021763401,.00026811101,.00029293,.00030292,.00029283299,.000297433,.000285627,.000285627,.000285627,.000285627,.000285627,.000285627,.000285627,.000285627,.000285627,.000285627
GLOMIS,LED-SSP2,SAS,Material Demand|Infrastructure|Parking|Asphalt,Mt/yr,mean,.31328401,.34715712,.36285898,.43084031,.48131204,.52013087,.54022968,.57058328,.5850113,.5850113,.5850113,.5850113,.5850113,.5850113,.5850113,.5850113,.5850113,.5850113
GLOMIS,LED-SSP2,SAS,Material Demand|Infrastructure|Parking|Concrete,Mt/yr,mean,.54862106,.57420319,.5497002,.67719316,.73988205,.76511443,.7396366,.75125611,.72143602,.72143602,.72143602,.72143602,.72143602,.72143602,.72143602,.72143602,.72143602,.72143602
GLOMIS,LED-SSP2,SAS,Material Demand|Infrastructure|Parking|Iron_steel,Mt/yr,mean,.0056565101,.0059202719,.0056676371,.0069821421,.0076284902,.0078886459,.0076259589,.007745761,.0074383039,.0074383039,.0074383039,.0074383039,.0074383039,.0074383039,.0074383039,.0074383039,.0074383039,.0074383039
GLOMIS,LED-SSP2,SAS,Material Demand|Infrastructure|Rail|Aluminum,Mt/yr,mean,.008791348,.0093478458,.0091810981,.011187417,.012303605,.01289364,.012748957,.013115592,.012877049,.012877049,.012877049,.012877049,.012877049,.012877049,.012877049,.012877049,.012877049,.012877049
GLOMIS,LED-SSP2,SAS,Material Demand|Infrastructure|Rail|Concrete,Mt/yr,mean,2.2170768,2.3541176,2.306977,2.8137739,3.0927491,3.2373662,3.1949413,3.2833378,3.2177894,3.2177894,3.2177894,3.2177894,3.2177894,3.2177894,3.2177894,3.2177894,3.2177894,3.2177894
GLOMIS,LED-SSP2,SAS,Material Demand|Infrastructure|Rail|Iron_steel,Mt/yr,mean,1.5585891,1.6935825,1.7200242,2.0666232,2.2921841,2.4428277,2.4825239,2.592257,2.6092942,2.6092942,2.6092942,2.6092942,2.6092942,2.6092942,2.6092942,2.6092942,2.6092942,2.6092942
GLOMIS,LED-SSP2,SAS,Material Demand|Infrastructure|Roads|Aluminum,Mt/yr,mean,0,0,0,0,0,0,0,0,0,0,0,0,0,0,0,0,0,0
GLOMIS,LED-SSP2,SAS,Material Demand|Infrastructure|Roads|Asphalt,Mt/yr,mean,332.95093,367.70038,382.46106,455.02292,507.71091,547.38257,566.49475,597.21472,610.50726,610.50726,610.50726,610.50726,610.50726,610.50726,610.50726,610.50726,610.50726,610.50726
GLOMIS,LED-SSP2,SAS,Material Demand|Infrastructure|Roads|Concrete,Mt/yr,mean,0,0,0,0,0,0,0,0,0,0,0,0,0,0,0,0,0,0
GLOMIS,LED-SSP2,SAS,Material Demand|Infrastructure|Roads|Iron_steel,Mt/yr,mean,0,0,0,0,0,0,0,0,0,0,0,0,0,0,0,0,0,0
GLOMIS,LED-SSP2,SAS,Material Demand|Infrastructure|Runways|Aluminum,Mt/yr,mean,0,0,0,0,0,0,0,0,0,0,0,0,0,0,0,0,0,0
GLOMIS,LED-SSP2,SAS,Material Demand|Infrastructure|Runways|Concrete,Mt/yr,mean,0,0,0,0,0,0,0,0,0,0,0,0,0,0,0,0,0,0
GLOMIS,LED-SSP2,SAS,Material Demand|Infrastructure|Runways|Iron_steel,Mt/yr,mean,0,0,0,0,0,0,0,0,0,0,0,0,0,0,0,0,0,0
GLOMIS,LED-SSP2,SAS,Material Demand|Infrastructure|Tunnels|Aluminum,Mt/yr,mean,.00044646001,.000461622,.00043296401,.00053813198,.00058483903,.00059820601,.00056730001,.000569792,.00053628901,.00053628901,.00053628901,.00053628901,.00053628901,.00053628901,.00053628901,.00053628901,.00053628901,.00053628901
GLOMIS,LED-SSP2,SAS,Material Demand|Infrastructure|Tunnels|Asphalt,Mt/yr,mean,.13569614,.15005779,.1563808,.18590394,.20752905,.22395003,.23209777,.24486327,.25060615,.25060615,.25060615,.25060615,.25060615,.25060615,.25060615,.25060615,.25060615,.25060615
GLOMIS,LED-SSP2,SAS,Material Demand|Infrastructure|Tunnels|Concrete,Mt/yr,mean,2.4361641,2.5188987,2.3625212,2.9363816,3.1912446,3.2641826,3.0955403,3.1091385,2.9263268,2.9263268,2.9263268,2.9263268,2.9263268,2.9263268,2.9263268,2.9263268,2.9263268,2.9263268
GLOMIS,LED-SSP2,SAS,Material Demand|Infrastructure|Tunnels|Iron_steel,Mt/yr,mean,.11436316,.11824706,.11090608,.13784535,.14980963,.15323363,.1453169,.14595525,.13737334,.13737334,.13737334,.13737334,.13737334,.13737334,.13737334,.13737334,.13737334,.13737334
GLOMIS,LED-SSP2,SAS,Material Release|Infrastructure|Bridges|Aluminum,Mt/yr,mean,.00043156801,.00051082001,.00058268401,.00066817499,.00076252699,.00085729698,.00094359799,.001025537,.001098628,.001098628,.001098628,.001098628,.001098628,.001098628,.001098628,.001098628,.001098628,.001098628
GLOMIS,LED-SSP2,SAS,Material Release|Infrastructure|Bridges|Asphalt,Mt/yr,mean,2.331687,2.7598755,3.1481445,3.6100361,4.1198039,4.6318307,5.0981011,5.5408015,5.9356985,5.9356985,5.9356985,5.9356985,5.9356985,5.9356985,5.9356985,5.9356985,5.9356985,5.9356985
GLOMIS,LED-SSP2,SAS,Material Release|Infrastructure|Bridges|Concrete,Mt/yr,mean,1.706264,2.0196004,2.303725,2.6417246,3.0147586,3.3894455,3.7306492,4.054605,4.3435798,4.3435798,4.3435798,4.3435798,4.3435798,4.3435798,4.3435798,4.3435798,4.3435798,4.3435798
GLOMIS,LED-SSP2,SAS,Material Release|Infrastructure|Bridges|Iron_steel,Mt/yr,mean,.36159009,.42799211,.48820353,.5598321,.6388852,.7182886,.79059619,.85924864,.92048794,.92048794,.92048794,.92048794,.92048794,.92048794,.92048794,.92048794,.92048794,.92048794
GLOMIS,LED-SSP2,SAS,Material Release|Infrastructure|Buildings|Aluminum,Mt/yr,mean,0,0,0,0,0,0,0,0,0,0,0,0,0,0,0,0,0,0
GLOMIS,LED-SSP2,SAS,Material Release|Infrastructure|Buildings|Concrete,Mt/yr,mean,.41834947,.49517477,.56483763,.64770997,.7391721,.83103955,.91469741,.99412638,1.0649785,1.0649785,1.0649785,1.0649785,1.0649785,1.0649785,1.0649785,1.0649785,1.0649785,1.0649785
GLOMIS,LED-SSP2,SAS,Material Release|Infrastructure|Buildings|Iron_steel,Mt/yr,mean,0,0,0,0,0,0,0,0,0,0,0,0,0,0,0,0,0,0
GLOMIS,LED-SSP2,SAS,Material Release|Infrastructure|Charging stations|Aluminum,Mt/yr,mean,9.4500002e-08,1.1200000e-07,1.2800000e-07,1.4600000e-07,1.6700000e-07,1.8800000e-07,2.0700000e-07,2.2499999e-07,2.4100001e-07,2.4100001e-07,2.4100001e-07,2.4100001e-07,2.4100001e-07,2.4100001e-07,2.4100001e-07,2.4100001e-07,2.4100001e-07,2.4100001e-07
GLOMIS,LED-SSP2,SAS,Material Release|Infrastructure|Charging stations|Concrete,Mt/yr,mean,.0000146,.000017300001,.0000198,.0000227,.0000258,.0000291,.000032,.000034799999,.000037199999,.000037199999,.000037199999,.000037199999,.000037199999,.000037199999,.000037199999,.000037199999,.000037199999,.000037199999
GLOMIS,LED-SSP2,SAS,Material Release|Infrastructure|Charging stations|Iron_steel,Mt/yr,mean,2.4399999e-06,2.8899999e-06,3.2900000e-06,3.7699999e-06,4.3099999e-06,4.8400002e-06,5.3300000e-06,5.7900002e-06,6.2099998e-06,6.2099998e-06,6.2099998e-06,6.2099998e-06,6.2099998e-06,6.2099998e-06,6.2099998e-06,6.2099998e-06,6.2099998e-06,6.2099998e-06
GLOMIS,LED-SSP2,SAS,Material Release|Infrastructure|Fuel stations|Aluminum,Mt/yr,mean,.000092800001,.000109826,.000125277,.000143657,.000163943,.00018431801,.00020287299,.00022048999,.000236204,.000236204,.000236204,.000236204,.000236204,.000236204,.000236204,.000236204,.000236204,.000236204
GLOMIS,LED-SSP2,SAS,Material Release|Infrastructure|Fuel stations|Concrete,Mt/yr,mean,.34651312,.41014642,.46784723,.53648919,.61224604,.68833858,.75763124,.82342118,.88210696,.88210696,.88210696,.88210696,.88210696,.88210696,.88210696,.88210696,.88210696,.88210696
GLOMIS,LED-SSP2,SAS,Material Release|Infrastructure|Fuel stations|Iron_steel,Mt/yr,mean,.013843292,.01638546,.018690621,.021432888,.024459394,.027499311,.03026757,.032895897,.035240412,.035240412,.035240412,.035240412,.035240412,.035240412,.035240412,.035240412,.035240412,.035240412
GLOMIS,LED-SSP2,SAS,Material Release|Infrastructure|Parking|Aluminum,Mt/yr,mean,.000055199998,.000065300002,.0000745,.000085400003,.0000974,.000109561,.00012059,.000131062,.000140403,.000140403,.000140403,.000140403,.000140403,.000140403,.000140403,.000140403,.000140403,.000140403
GLOMIS,LED-SSP2,SAS,Material Release|Infrastructure|Parking|Asphalt,Mt/yr,mean,.18445505,.21832818,.24904333,.28558266,.32590935,.36641479,.40330049,.43832162,.4695611,.4695611,.4695611,.4695611,.4695611,.4695611,.4695611,.4695611,.4695611,.4695611
GLOMIS,LED-SSP2,SAS,Material Release|Infrastructure|Parking|Concrete,Mt/yr,mean,.13930674,.16488889,.18808603,.21568178,.24613787,.27672896,.30458629,.33103547,.35462856,.35462856,.35462856,.35462856,.35462856,.35462856,.35462856,.35462856,.35462856,.35462856
GLOMIS,LED-SSP2,SAS,Material Release|Infrastructure|Parking|Iron_steel,Mt/yr,mean,.00143631,.001700073,.001939245,.002223768,.002537783,.0028531901,.0031404099,.0034131119,.0036563671,.0036563671,.0036563671,.0036563671,.0036563671,.0036563671,.0036563671,.0036563671,.0036563671,.0036563671
GLOMIS,LED-SSP2,SAS,Material Release|Infrastructure|Rail|Aluminum,Mt/yr,mean,.0030303879,.0035868851,.0040915008,.004691801,.005354323,.0060197809,.0066257711,.0072011291,.0077143582,.0077143582,.0077143582,.0077143582,.0077143582,.0077143582,.0077143582,.0077143582,.0077143582,.0077143582
GLOMIS,LED-SSP2,SAS,Material Release|Infrastructure|Rail|Concrete,Mt/yr,mean,.74625158,.88329244,1.007557,1.1553845,1.3185347,1.4824078,1.6316367,1.773322,1.8997079,1.8997079,1.8997079,1.8997079,1.8997079,1.8997079,1.8997079,1.8997079,1.8997079,1.8997079
GLOMIS,LED-SSP2,SAS,Material Release|Infrastructure|Rail|Iron_steel,Mt/yr,mean,.73510236,.87009579,.99250382,1.1381227,1.2988354,1.4602602,1.6072595,1.746828,1.8713257,1.8713257,1.8713257,1.8713257,1.8713257,1.8713257,1.8713257,1.8713257,1.8713257,1.8713257
GLOMIS,LED-SSP2,SAS,Material Release|Infrastructure|Roads|Aluminum,Mt/yr,mean,0,0,0,0,0,0,0,0,0,0,0,0,0,0,0,0,0,0
GLOMIS,LED-SSP2,SAS,Material Release|Infrastructure|Roads|Asphalt,Mt/yr,mean,189.22699,223.97643,255.48621,292.97083,334.34079,375.8941,413.73404,449.66119,481.70886,481.70886,481.70886,481.70886,481.70886,481.70886,481.70886,481.70886,481.70886,481.70886
GLOMIS,LED-SSP2,SAS,Material Release|Infrastructure|Roads|Concrete,Mt/yr,mean,0,0,0,0,0,0,0,0,0,0,0,0,0,0,0,0,0,0
GLOMIS,LED-SSP2,SAS,Material Release|Infrastructure|Roads|Iron_steel,Mt/yr,mean,0,0,0,0,0,0,0,0,0,0,0,0,0,0,0,0,0,0
GLOMIS,LED-SSP2,SAS,Material Release|Infrastructure|Runways|Aluminum,Mt/yr,mean,0,0,0,0,0,0,0,0,0,0,0,0,0,0,0,0,0,0
GLOMIS,LED-SSP2,SAS,Material Release|Infrastructure|Runways|Concrete,Mt/yr,mean,0,0,0,0,0,0,0,0,0,0,0,0,0,0,0,0,0,0
GLOMIS,LED-SSP2,SAS,Material Release|Infrastructure|Runways|Iron_steel,Mt/yr,mean,0,0,0,0,0,0,0,0,0,0,0,0,0,0,0,0,0,0
GLOMIS,LED-SSP2,SAS,Material Release|Infrastructure|Tunnels|Aluminum,Mt/yr,mean,.000082600003,.000097700002,.000111477,.000127832,.00014588299,.000164014,.00018052501,.000196201,.000210185,.000210185,.000210185,.000210185,.000210185,.000210185,.000210185,.000210185,.000210185,.000210185
GLOMIS,LED-SSP2,SAS,Material Release|Infrastructure|Tunnels|Asphalt,Mt/yr,mean,.078205928,.092567578,.10559031,.12108238,.13818024,.15535389,.17099281,.1858412,.19908623,.19908623,.19908623,.19908623,.19908623,.19908623,.19908623,.19908623,.19908623,.19908623
GLOMIS,LED-SSP2,SAS,Material Release|Infrastructure|Tunnels|Concrete,Mt/yr,mean,.45052955,.53326434,.60828578,.69753271,.79603028,.89496428,.98505723,1.070596,1.1468982,1.1468982,1.1468982,1.1468982,1.1468982,1.1468982,1.1468982,1.1468982,1.1468982,1.1468982
GLOMIS,LED-SSP2,SAS,Material Release|Infrastructure|Tunnels|Iron_steel,Mt/yr,mean,.021149637,.025033534,.028555339,.032744944,.037368804,.042013161,.046242479,.050258011,.053839933,.053839933,.053839933,.053839933,.053839933,.053839933,.053839933,.053839933,.053839933,.053839933
GLOMIS,LED-SSP2,WEU,Material Demand|Infrastructure|Bridges|Aluminum,Mt/yr,mean,.001110789,.001148521,.000250507,.000250507,.000250507,.000250507,.000250507,.000250507,.000250507,.000250507,.000250507,.000250507,.000250507,.000250507,.000250507,.000250507,.000250507,.000250507
GLOMIS,LED-SSP2,WEU,Material Demand|Infrastructure|Bridges|Asphalt,Mt/yr,mean,8.1486311,9.0177937,5.7705059,5.7705059,5.7705059,5.7705059,5.7705059,5.7705059,5.7705059,5.7705059,5.7705059,5.7705059,5.7705059,5.7705059,5.7705059,5.7705059,5.7705059,5.7705059
GLOMIS,LED-SSP2,WEU,Material Demand|Infrastructure|Bridges|Concrete,Mt/yr,mean,17.031601,17.610138,3.8409896,3.8409896,3.8409896,3.8409896,3.8409896,3.8409896,3.8409896,3.8409896,3.8409896,3.8409896,3.8409896,3.8409896,3.8409896,3.8409896,3.8409896,3.8409896
GLOMIS,LED-SSP2,WEU,Material Demand|Infrastructure|Bridges|Iron_steel,Mt/yr,mean,4.8453574,5.0099463,1.0927316,1.0927316,1.0927316,1.0927316,1.0927316,1.0927316,1.0927316,1.0927316,1.0927316,1.0927316,1.0927316,1.0927316,1.0927316,1.0927316,1.0927316,1.0927316
GLOMIS,LED-SSP2,WEU,Material Demand|Infrastructure|Buildings|Aluminum,Mt/yr,mean,0,0,0,0,0,0,0,0,0,0,0,0,0,0,0,0,0,0
GLOMIS,LED-SSP2,WEU,Material Demand|Infrastructure|Buildings|Concrete,Mt/yr,mean,9.2614584,9.5997124,2.2457175,2.2457175,2.2457175,2.2457175,2.2457175,2.2457175,2.2457175,2.2457175,2.2457175,2.2457175,2.2457175,2.2457175,2.2457175,2.2457175,2.2457175,2.2457175
GLOMIS,LED-SSP2,WEU,Material Demand|Infrastructure|Buildings|Iron_steel,Mt/yr,mean,0,0,0,0,0,0,0,0,0,0,0,0,0,0,0,0,0,0
GLOMIS,LED-SSP2,WEU,Material Demand|Infrastructure|Charging stations|Aluminum,Mt/yr,mean,.000035100002,.000039499999,.000029700001,.000029700001,.000029700001,.000029700001,.000029700001,.000029700001,.000029700001,.000029700001,.000029700001,.000029700001,.000029700001,.000029700001,.000029700001,.000029700001,.000029700001,.000029700001
GLOMIS,LED-SSP2,WEU,Material Demand|Infrastructure|Charging stations|Concrete,Mt/yr,mean,.0054274169,.0061197639,.0045965998,.0045965998,.0045965998,.0045965998,.0045965998,.0045965998,.0045965998,.0045965998,.0045965998,.0045965998,.0045965998,.0045965998,.0045965998,.0045965998,.0045965998,.0045965998
GLOMIS,LED-SSP2,WEU,Material Demand|Infrastructure|Charging stations|Iron_steel,Mt/yr,mean,.00090434699,.00101971,.000765912,.000765912,.000765912,.000765912,.000765912,.000765912,.000765912,.000765912,.000765912,.000765912,.000765912,.000765912,.000765912,.000765912,.000765912,.000765912
GLOMIS,LED-SSP2,WEU,Material Demand|Infrastructure|Fuel stations|Aluminum,Mt/yr,mean,.00065633398,.00071370997,.00038092901,.00038092901,.00038092901,.00038092901,.00038092901,.00038092901,.00038092901,.00038092901,.00038092901,.00038092901,.00038092901,.00038092901,.00038092901,.00038092901,.00038092901,.00038092901
GLOMIS,LED-SSP2,WEU,Material Demand|Infrastructure|Fuel stations|Concrete,Mt/yr,mean,2.4510875,2.6653593,1.4225836,1.4225836,1.4225836,1.4225836,1.4225836,1.4225836,1.4225836,1.4225836,1.4225836,1.4225836,1.4225836,1.4225836,1.4225836,1.4225836,1.4225836,1.4225836
GLOMIS,LED-SSP2,WEU,Material Demand|Infrastructure|Fuel stations|Iron_steel,Mt/yr,mean,.09792161,.10648182,.056832597,.056832597,.056832597,.056832597,.056832597,.056832597,.056832597,.056832597,.056832597,.056832597,.056832597,.056832597,.056832597,.056832597,.056832597,.056832597
GLOMIS,LED-SSP2,WEU,Material Demand|Infrastructure|Parking|Aluminum,Mt/yr,mean,.015344045,.016059747,.0047516581,.0047516581,.0047516581,.0047516581,.0047516581,.0047516581,.0047516581,.0047516581,.0047516581,.0047516581,.0047516581,.0047516581,.0047516581,.0047516581,.0047516581,.0047516581
GLOMIS,LED-SSP2,WEU,Material Demand|Infrastructure|Parking|Asphalt,Mt/yr,mean,23.665941,26.226513,17.000053,17.000053,17.000053,17.000053,17.000053,17.000053,17.000053,17.000053,17.000053,17.000053,17.000053,17.000053,17.000053,17.000053,17.000053,17.000053
GLOMIS,LED-SSP2,WEU,Material Demand|Infrastructure|Parking|Concrete,Mt/yr,mean,34.541489,36.15263,10.696615,10.696615,10.696615,10.696615,10.696615,10.696615,10.696615,10.696615,10.696615,10.696615,10.696615,10.696615,10.696615,10.696615,10.696615,10.696615
GLOMIS,LED-SSP2,WEU,Material Demand|Infrastructure|Parking|Iron_steel,Mt/yr,mean,.32424203,.33936584,.10040946,.10040946,.10040946,.10040946,.10040946,.10040946,.10040946,.10040946,.10040946,.10040946,.10040946,.10040946,.10040946,.10040946,.10040946,.10040946
GLOMIS,LED-SSP2,WEU,Material Demand|Infrastructure|Rail|Aluminum,Mt/yr,mean,.030300252,.03218434,.012508749,.012508749,.012508749,.012508749,.012508749,.012508749,.012508749,.012508749,.012508749,.012508749,.012508749,.012508749,.012508749,.012508749,.012508749,.012508749
GLOMIS,LED-SSP2,WEU,Material Demand|Infrastructure|Rail|Concrete,Mt/yr,mean,8.6415262,9.1612043,3.4502239,3.4502239,3.4502239,3.4502239,3.4502239,3.4502239,3.4502239,3.4502239,3.4502239,3.4502239,3.4502239,3.4502239,3.4502239,3.4502239,3.4502239,3.4502239
GLOMIS,LED-SSP2,WEU,Material Demand|Infrastructure|Rail|Iron_steel,Mt/yr,mean,3.8728428,4.2041435,2.1995573,2.1995573,2.1995573,2.1995573,2.1995573,2.1995573,2.1995573,2.1995573,2.1995573,2.1995573,2.1995573,2.1995573,2.1995573,2.1995573,2.1995573,2.1995573
GLOMIS,LED-SSP2,WEU,Material Demand|Infrastructure|Roads|Aluminum,Mt/yr,mean,0,0,0,0,0,0,0,0,0,0,0,0,0,0,0,0,0,0
GLOMIS,LED-SSP2,WEU,Material Demand|Infrastructure|Roads|Asphalt,Mt/yr,mean,723.99152,799.59009,501.91089,501.91089,501.91089,501.91089,501.91089,501.91089,501.91089,501.91089,501.91089,501.91089,501.91089,501.91089,501.91089,501.91089,501.91089,501.91089
GLOMIS,LED-SSP2,WEU,Material Demand|Infrastructure|Roads|Concrete,Mt/yr,mean,0,0,0,0,0,0,0,0,0,0,0,0,0,0,0,0,0,0
GLOMIS,LED-SSP2,WEU,Material Demand|Infrastructure|Roads|Iron_steel,Mt/yr,mean,0,0,0,0,0,0,0,0,0,0,0,0,0,0,0,0,0,0
GLOMIS,LED-SSP2,WEU,Material Demand|Infrastructure|Runways|Aluminum,Mt/yr,mean,0,0,0,0,0,0,0,0,0,0,0,0,0,0,0,0,0,0
GLOMIS,LED-SSP2,WEU,Material Demand|Infrastructure|Runways|Concrete,Mt/yr,mean,.5895049,.60952944,.13294594,.13294594,.13294594,.13294594,.13294594,.13294594,.13294594,.13294594,.13294594,.13294594,.13294594,.13294594,.13294594,.13294594,.13294594,.13294594
GLOMIS,LED-SSP2,WEU,Material Demand|Infrastructure|Runways|Iron_steel,Mt/yr,mean,0,0,0,0,0,0,0,0,0,0,0,0,0,0,0,0,0,0
GLOMIS,LED-SSP2,WEU,Material Demand|Infrastructure|Tunnels|Aluminum,Mt/yr,mean,.0063975728,.006614889,.001442789,.001442789,.001442789,.001442789,.001442789,.001442789,.001442789,.001442789,.001442789,.001442789,.001442789,.001442789,.001442789,.001442789,.001442789,.001442789
GLOMIS,LED-SSP2,WEU,Material Demand|Infrastructure|Tunnels|Asphalt,Mt/yr,mean,4.7210608,5.2277637,3.3640816,3.3640816,3.3640816,3.3640816,3.3640816,3.3640816,3.3640816,3.3640816,3.3640816,3.3640816,3.3640816,3.3640816,3.3640816,3.3640816,3.3640816,3.3640816
GLOMIS,LED-SSP2,WEU,Material Demand|Infrastructure|Tunnels|Concrete,Mt/yr,mean,52.088356,53.857712,11.747036,11.747036,11.747036,11.747036,11.747036,11.747036,11.747036,11.747036,11.747036,11.747036,11.747036,11.747036,11.747036,11.747036,11.747036,11.747036
GLOMIS,LED-SSP2,WEU,Material Demand|Infrastructure|Tunnels|Iron_steel,Mt/yr,mean,2.2660923,2.3430679,.51105219,.51105219,.51105219,.51105219,.51105219,.51105219,.51105219,.51105219,.51105219,.51105219,.51105219,.51105219,.51105219,.51105219,.51105219,.51105219
GLOMIS,LED-SSP2,WEU,Material Release|Infrastructure|Bridges|Aluminum,Mt/yr,mean,.00020522899,.00024296,.000250507,.000250507,.000250507,.000250507,.000250507,.000250507,.000250507,.000250507,.000250507,.000250507,.000250507,.000250507,.000250507,.000250507,.000250507,.000250507
GLOMIS,LED-SSP2,WEU,Material Release|Infrastructure|Bridges|Asphalt,Mt/yr,mean,4.7275114,5.5966735,5.7705059,5.7705059,5.7705059,5.7705059,5.7705059,5.7705059,5.7705059,5.7705059,5.7705059,5.7705059,5.7705059,5.7705059,5.7705059,5.7705059,5.7705059,5.7705059
GLOMIS,LED-SSP2,WEU,Material Release|Infrastructure|Bridges|Concrete,Mt/yr,mean,3.1467469,3.7252827,3.8409896,3.8409896,3.8409896,3.8409896,3.8409896,3.8409896,3.8409896,3.8409896,3.8409896,3.8409896,3.8409896,3.8409896,3.8409896,3.8409896,3.8409896,3.8409896
GLOMIS,LED-SSP2,WEU,Material Release|Infrastructure|Bridges|Iron_steel,Mt/yr,mean,.89522487,1.0598137,1.0927316,1.0927316,1.0927316,1.0927316,1.0927316,1.0927316,1.0927316,1.0927316,1.0927316,1.0927316,1.0927316,1.0927316,1.0927316,1.0927316,1.0927316,1.0927316
GLOMIS,LED-SSP2,WEU,Material Release|Infrastructure|Buildings|Aluminum,Mt/yr,mean,0,0,0,0,0,0,0,0,0,0,0,0,0,0,0,0,0,0
GLOMIS,LED-SSP2,WEU,Material Release|Infrastructure|Buildings|Concrete,Mt/yr,mean,1.8398135,2.1780667,2.2457175,2.2457175,2.2457175,2.2457175,2.2457175,2.2457175,2.2457175,2.2457175,2.2457175,2.2457175,2.2457175,2.2457175,2.2457175,2.2457175,2.2457175,2.2457175
GLOMIS,LED-SSP2,WEU,Material Release|Infrastructure|Buildings|Iron_steel,Mt/yr,mean,0,0,0,0,0,0,0,0,0,0,0,0,0,0,0,0,0,0
GLOMIS,LED-SSP2,WEU,Material Release|Infrastructure|Charging stations|Aluminum,Mt/yr,mean,.000024299999,.000028799999,.000029700001,.000029700001,.000029700001,.000029700001,.000029700001,.000029700001,.000029700001,.000029700001,.000029700001,.000029700001,.000029700001,.000029700001,.000029700001,.000029700001,.000029700001,.000029700001
GLOMIS,LED-SSP2,WEU,Material Release|Infrastructure|Charging stations|Concrete,Mt/yr,mean,.003765784,.0044581308,.0045965998,.0045965998,.0045965998,.0045965998,.0045965998,.0045965998,.0045965998,.0045965998,.0045965998,.0045965998,.0045965998,.0045965998,.0045965998,.0045965998,.0045965998,.0045965998
GLOMIS,LED-SSP2,WEU,Material Release|Infrastructure|Charging stations|Iron_steel,Mt/yr,mean,.00062747602,.00074283901,.000765912,.000765912,.000765912,.000765912,.000765912,.000765912,.000765912,.000765912,.000765912,.000765912,.000765912,.000765912,.000765912,.000765912,.000765912,.000765912
GLOMIS,LED-SSP2,WEU,Material Release|Infrastructure|Fuel stations|Aluminum,Mt/yr,mean,.000312077,.00036945401,.00038092901,.00038092901,.00038092901,.00038092901,.00038092901,.00038092901,.00038092901,.00038092901,.00038092901,.00038092901,.00038092901,.00038092901,.00038092901,.00038092901,.00038092901,.00038092901
GLOMIS,LED-SSP2,WEU,Material Release|Infrastructure|Fuel stations|Concrete,Mt/yr,mean,1.1654575,1.3797292,1.4225836,1.4225836,1.4225836,1.4225836,1.4225836,1.4225836,1.4225836,1.4225836,1.4225836,1.4225836,1.4225836,1.4225836,1.4225836,1.4225836,1.4225836,1.4225836
GLOMIS,LED-SSP2,WEU,Material Release|Infrastructure|Fuel stations|Iron_steel,Mt/yr,mean,.046560343,.055120554,.056832597,.056832597,.056832597,.056832597,.056832597,.056832597,.056832597,.056832597,.056832597,.056832597,.056832597,.056832597,.056832597,.056832597,.056832597,.056832597
GLOMIS,LED-SSP2,WEU,Material Release|Infrastructure|Parking|Aluminum,Mt/yr,mean,.0038928159,.004608518,.0047516581,.0047516581,.0047516581,.0047516581,.0047516581,.0047516581,.0047516581,.0047516581,.0047516581,.0047516581,.0047516581,.0047516581,.0047516581,.0047516581,.0047516581,.0047516581
GLOMIS,LED-SSP2,WEU,Material Release|Infrastructure|Parking|Asphalt,Mt/yr,mean,13.927365,16.487938,17.000053,17.000053,17.000053,17.000053,17.000053,17.000053,17.000053,17.000053,17.000053,17.000053,17.000053,17.000053,17.000053,17.000053,17.000053,17.000053
GLOMIS,LED-SSP2,WEU,Material Release|Infrastructure|Parking|Concrete,Mt/yr,mean,8.7632465,10.374387,10.696615,10.696615,10.696615,10.696615,10.696615,10.696615,10.696615,10.696615,10.696615,10.696615,10.696615,10.696615,10.696615,10.696615,10.696615,10.696615
GLOMIS,LED-SSP2,WEU,Material Release|Infrastructure|Parking|Iron_steel,Mt/yr,mean,.082260869,.097384691,.10040946,.10040946,.10040946,.10040946,.10040946,.10040946,.10040946,.10040946,.10040946,.10040946,.10040946,.10040946,.10040946,.10040946,.10040946,.10040946
GLOMIS,LED-SSP2,WEU,Material Release|Infrastructure|Rail|Aluminum,Mt/yr,mean,.010247845,.012131931,.012508749,.012508749,.012508749,.012508749,.012508749,.012508749,.012508749,.012508749,.012508749,.012508749,.012508749,.012508749,.012508749,.012508749,.012508749,.012508749
GLOMIS,LED-SSP2,WEU,Material Release|Infrastructure|Rail|Concrete,Mt/yr,mean,2.8266106,3.3462884,3.4502239,3.4502239,3.4502239,3.4502239,3.4502239,3.4502239,3.4502239,3.4502239,3.4502239,3.4502239,3.4502239,3.4502239,3.4502239,3.4502239,3.4502239,3.4502239
GLOMIS,LED-SSP2,WEU,Material Release|Infrastructure|Rail|Iron_steel,Mt/yr,mean,1.8019965,2.1332972,2.1995573,2.1995573,2.1995573,2.1995573,2.1995573,2.1995573,2.1995573,2.1995573,2.1995573,2.1995573,2.1995573,2.1995573,2.1995573,2.1995573,2.1995573,2.1995573
GLOMIS,LED-SSP2,WEU,Material Release|Infrastructure|Roads|Aluminum,Mt/yr,mean,0,0,0,0,0,0,0,0,0,0,0,0,0,0,0,0,0,0
GLOMIS,LED-SSP2,WEU,Material Release|Infrastructure|Roads|Asphalt,Mt/yr,mean,411.1926,486.79117,501.91089,501.91089,501.91089,501.91089,501.91089,501.91089,501.91089,501.91089,501.91089,501.91089,501.91089,501.91089,501.91089,501.91089,501.91089,501.91089
GLOMIS,LED-SSP2,WEU,Material Release|Infrastructure|Roads|Concrete,Mt/yr,mean,0,0,0,0,0,0,0,0,0,0,0,0,0,0,0,0,0,0
GLOMIS,LED-SSP2,WEU,Material Release|Infrastructure|Roads|Iron_steel,Mt/yr,mean,0,0,0,0,0,0,0,0,0,0,0,0,0,0,0,0,0,0
GLOMIS,LED-SSP2,WEU,Material Release|Infrastructure|Runways|Aluminum,Mt/yr,mean,0,0,0,0,0,0,0,0,0,0,0,0,0,0,0,0,0,0
GLOMIS,LED-SSP2,WEU,Material Release|Infrastructure|Runways|Concrete,Mt/yr,mean,.10891652,.12894103,.13294594,.13294594,.13294594,.13294594,.13294594,.13294594,.13294594,.13294594,.13294594,.13294594,.13294594,.13294594,.13294594,.13294594,.13294594,.13294594
GLOMIS,LED-SSP2,WEU,Material Release|Infrastructure|Runways|Iron_steel,Mt/yr,mean,0,0,0,0,0,0,0,0,0,0,0,0,0,0,0,0,0,0
GLOMIS,LED-SSP2,WEU,Material Release|Infrastructure|Tunnels|Aluminum,Mt/yr,mean,.001182011,.001399326,.001442789,.001442789,.001442789,.001442789,.001442789,.001442789,.001442789,.001442789,.001442789,.001442789,.001442789,.001442789,.001442789,.001442789,.001442789,.001442789
GLOMIS,LED-SSP2,WEU,Material Release|Infrastructure|Tunnels|Asphalt,Mt/yr,mean,2.756038,3.2627411,3.3640816,3.3640816,3.3640816,3.3640816,3.3640816,3.3640816,3.3640816,3.3640816,3.3640816,3.3640816,3.3640816,3.3640816,3.3640816,3.3640816,3.3640816,3.3640816
GLOMIS,LED-SSP2,WEU,Material Release|Infrastructure|Tunnels|Concrete,Mt/yr,mean,9.6238089,11.393165,11.747036,11.747036,11.747036,11.747036,11.747036,11.747036,11.747036,11.747036,11.747036,11.747036,11.747036,11.747036,11.747036,11.747036,11.747036,11.747036
GLOMIS,LED-SSP2,WEU,Material Release|Infrastructure|Tunnels|Iron_steel,Mt/yr,mean,.41868168,.49565712,.51105219,.51105219,.51105219,.51105219,.51105219,.51105219,.51105219,.51105219,.51105219,.51105219,.51105219,.51105219,.51105219,.51105219,.51105219,.51105219
