,2015-01-31,2015-02-28,2015-03-31,2015-04-30,2015-05-31,2015-06-30,2015-07-31,2015-08-31,2015-09-30,2015-10-31,2015-11-30,2015-12-31,2020-01-31,2020-02-29,2020-03-31,2020-04-30,2020-05-31,2020-06-30,2020-07-31,2020-08-31,2020-09-30,2020-10-31,2020-11-30,2020-12-31,2025-01-31,2025-02-28,2025-03-31,2025-04-30,2025-05-31,2025-06-30,2025-07-31,2025-08-31,2025-09-30,2025-10-31,2025-11-30,2025-12-31,2030-01-31,2030-02-28,2030-03-31,2030-04-30,2030-05-31,2030-06-30,2030-07-31,2030-08-31,2030-09-30,2030-10-31,2030-11-30,2030-12-31,2035-01-31,2035-02-28,2035-03-31,2035-04-30,2035-05-31,2035-06-30,2035-07-31,2035-08-31,2035-09-30,2035-10-31,2035-11-30,2035-12-31,2040-01-31,2040-02-29,2040-03-31,2040-04-30,2040-05-31,2040-06-30,2040-07-31,2040-08-31,2040-09-30,2040-10-31,2040-11-30,2040-12-31,2045-01-31,2045-02-28,2045-03-31,2045-04-30,2045-05-31,2045-06-30,2045-07-31,2045-08-31,2045-09-30,2045-10-31,2045-11-30,2045-12-31,2050-01-31,2050-02-28,2050-03-31,2050-04-30,2050-05-31,2050-06-30,2050-07-31,2050-08-31,2050-09-30,2050-10-31,2050-11-30,2050-12-31,2055-01-31,2055-02-28,2055-03-31,2055-04-30,2055-05-31,2055-06-30,2055-07-31,2055-08-31,2055-09-30,2055-10-31,2055-11-30,2055-12-31,2060-01-31,2060-02-29,2060-03-31,2060-04-30,2060-05-31,2060-06-30,2060-07-31,2060-08-31,2060-09-30,2060-10-31,2060-11-30,2060-12-31,2065-01-31,2065-02-28,2065-03-31,2065-04-30,2065-05-31,2065-06-30,2065-07-31,2065-08-31,2065-09-30,2065-10-31,2065-11-30,2065-12-31,2070-01-31,2070-02-28,2070-03-31,2070-04-30,2070-05-31,2070-06-30,2070-07-31,2070-08-31,2070-09-30,2070-10-31,2070-11-30,2070-12-31,2075-01-31,2075-02-28,2075-03-31,2075-04-30,2075-05-31,2075-06-30,2075-07-31,2075-08-31,2075-09-30,2075-10-31,2075-11-30,2075-12-31,2080-01-31,2080-02-29,2080-03-31,2080-04-30,2080-05-31,2080-06-30,2080-07-31,2080-08-31,2080-09-30,2080-10-31,2080-11-30,2080-12-31,2085-01-31,2085-02-28,2085-03-31,2085-04-30,2085-05-31,2085-06-30,2085-07-31,2085-08-31,2085-09-30,2085-10-31,2085-11-30,2085-12-31,2090-01-31,2090-02-28,2090-03-31,2090-04-30,2090-05-31,2090-06-30,2090-07-31,2090-08-31,2090-09-30,2090-10-31,2090-11-30,2090-12-31,2095-01-31,2095-02-28,2095-03-31,2095-04-30,2095-05-31,2095-06-30,2095-07-31,2095-08-31,2095-09-30,2095-10-31,2095-11-30,2095-12-31,2100-01-31,2100-02-28,2100-03-31,2100-04-30,2100-05-31,2100-06-30,2100-07-31,2100-08-31,2100-09-30,2100-10-31,2100-11-30,2100-12-31
0,201.38888244628907,258.6712707519531,186.79924926757812,121.05414581298828,26.986081314086913,8.543287587165832,-0.48026204109191895,-0.18310246467590333,0.8448196887969972,4.4916428327560425,33.279344940185545,115.96405029296875,230.62008544921872,314.75113708496093,256.48953613281253,161.35116271972657,47.687894537448884,3.8613595342636104,-0.894177782535553,-3.0776443982124326,-2.3509967100620273,6.338764162063598,34.16648817539215,107.28172035217285,244.73364135742185,273.0200193786621,283.18346710205077,169.27211334228517,48.00456104755402,5.54793555378914,0.5371592235565187,-2.137388083934784,-2.307507011890411,4.378265928030014,36.2544137620926,130.23618530273438,192.79158187866213,283.4839837646485,226.62501800537106,159.9695294189453,54.98822372913361,8.49310647368431,-0.16877177476882932,-2.253528218269348,-2.656995635032654,1.45115177154541,21.262972850799564,96.37699829101562,229.30222351074218,320.8698443603516,281.5069360351563,206.15279891967776,41.25142343521118,5.9450290381908415,-0.6891392517089844,-1.8103837871551511,-2.9462052965164185,4.998607157468796,24.804183769226075,100.81743827819824,212.9856750488281,245.21986389160156,259.7926620483398,150.96909294128417,46.48812715530396,7.315356659889221,-0.642208161354065,-1.9853154754638669,-2.424402548074722,2.657507083415985,31.053101863861087,91.80412704467773,202.41213592529294,283.4958923339844,305.354716796875,180.504669342041,50.21756019592285,7.314851899147034,-1.4213755238056183,-2.676359493732452,-2.8294637870788573,2.7656693601608273,30.151755211353304,121.20012525320053,209.69846313476563,298.4804559326172,276.34625946044923,149.5625415802002,42.14527363777161,4.101146243810653,-1.5293720388412475,-2.4175081264972684,-2.3986550760269165,3.9246980500221254,29.539679555892945,108.4158999633789,232.72792236328127,263.488779296875,277.77177062988284,161.73807525634766,34.85254294395446,8.346482360363007,-0.6313056612014771,-2.427482964992523,-2.3639832949638366,3.8177215492725374,28.999252141714095,110.01053447723389,208.49242736816404,293.0255880737305,255.25032989501952,134.3765538024902,37.41393760681152,2.438262686729431,-1.1484645915031435,-2.460047549009323,-2.4682392954826358,2.8000602781772614,25.201010789871216,105.73818756103515,216.27835815429685,285.5442260742187,292.5543487548828,162.36423217773438,40.73276406288147,4.8646136665344235,-1.0086297631263732,-1.885631802082062,-2.199102702140808,2.0842333853244783,23.74429725646973,74.60454658508301,229.54413932800293,315.01521972656246,267.84689361572265,158.9598986816406,39.474178638458255,2.814979335069656,-0.8263023322820663,-2.4252608823776245,-2.408062844276428,4.300401467084884,33.92302089214325,113.10853126525879,198.82021408081056,282.63114837646486,263.35590087890625,142.2151693725586,36.300212018489844,2.1281186318397523,-0.6110603094100951,-2.3137330484390257,-2.3013535380363463,2.508193261623383,24.4735870552063,104.4796549987793,206.7573129272461,279.03110504150396,268.43892791748044,170.53684020996093,28.19244777679443,4.594285919666291,-1.6664840412139892,-2.6191705989837644,-2.533494820594788,1.359193806052208,27.919325678348542,90.70313507080077,193.13333023071291,259.79402801513675,290.42552093505856,182.3691108703613,37.030584535598756,4.35206537246704,-1.222679809331894,-2.630835952162743,-2.475986385345459,1.747861189842224,29.713090353012085,110.85614959716797,206.55335433959962,287.54613128662106,285.37843994140627,182.79966522216796,42.34449175357819,2.134879360795021,-0.9982612991333006,-2.666423756480217,-2.7461119699478145,4.749084770679473,23.632491247653963,97.23084415435792,261.7943515014648,332.1097357177734,319.01253479003907,147.9600518798828,29.368516798019407,1.604139609336853,-2.1766950368881224,-2.7470147943496706,-2.796321232318878,-0.2395949184894562,21.458920040130618,85.40206848144531,246.9165739440918,327.9320877075195,230.57258117675784,141.3548107910156,41.574603700637816,0.7797682213783265,-2.1670831561088564,-2.6278827023506164,-2.3940656614303584,1.3302215051651,40.34913638710975,134.97162521362307
1,51.646064567565915,119.30775299072266,122.31256408691407,16.248027038574218,8.535478556156159,3.751272517442703,0.8292931318283081,3.1512969493865968,1.5010022938251495,1.9561999678611754,17.679501724243163,44.76680679321289,77.27598979949951,87.3127928161621,65.31405816078185,25.864624857902527,5.244096077084542,1.3726190745830535,1.3576185947656632,-0.5808252257108688,-0.032096145153045666,1.4304295241832734,9.689833033680916,39.933041872978215,63.21440738677978,80.90499893188476,54.39889488697052,19.29252905845642,3.981488150805235,1.31612277507782,1.6323626524209978,-0.17230337336659432,-0.3277885991334915,1.1805491563677786,8.071181713342666,33.72602178692817,72.59015838623046,88.19617063522338,54.07913640022277,22.78795030236244,4.264392447471619,1.7150563317537308,1.6845148795843123,0.01440545856952664,-0.5839451837539673,0.15896025776863096,4.53182082772255,31.450532529354092,62.97326511621476,70.7032515335083,61.39352873325348,21.90304433345795,3.6681002178788185,1.1531648498773577,0.12738495055586105,-0.6960603749752045,-0.9650485897064207,-0.5530019436776639,7.001215597391129,42.536722955703745,85.12756038665772,99.19513815879822,85.05496646881103,27.58246479034424,6.962525523900984,2.7193437123298647,0.5074993097782134,-0.24687356114387518,-0.715424953699112,0.3727019736170769,5.11135958313942,37.201381335854535,59.7551940727234,58.59508741378785,66.47110394716262,21.99486840009689,5.297623591423035,1.5367374774813651,0.33860811412334435,-0.7269716450572014,-0.9540942570567132,-0.00020780682563783514,5.948366487026215,42.3960134601593,79.12713954925536,93.05223907470703,61.76918280124664,19.260065608024597,4.456550818681717,2.077552246749401,1.7942723506689073,-0.6618600738048552,-1.0592051374912261,0.02325071394443512,9.350889283418656,43.15518137931824,74.85894765853881,86.98751949310302,62.37362097620964,9.294377232789994,2.4550151020288467,1.2000648188591003,0.8756997120380401,-0.47234146118164066,-0.8429838597774506,0.24142082989215857,4.987415036559105,29.240476245880124,79.12468318939209,75.51063461303711,62.03563086032868,17.68311268106103,4.232501372396946,0.9279269284009933,0.3609709502756596,-0.8441633862257003,-1.0884563767910005,-0.40801652789115905,3.3913117909431456,40.72279765535146,77.50515682220458,92.11903579711915,50.89118657112122,15.550833817720413,4.4453083062171945,3.6644530627131466,0.9768932834267616,-0.6959460785984993,-1.0466281533241273,-0.8104313325881958,5.063681761026382,41.7370095872879,58.60342727661132,87.48093940734864,44.162275712490086,15.582927733063698,3.25922260671854,0.8515668672323228,0.4748589760065077,-0.77646812915802,-0.931231447160244,-0.3244098353385926,5.32667076587677,44.62301882863044,72.25977653503418,81.87442869186403,60.09534114837646,20.032385368347168,6.2811250725388525,2.122861392498016,1.3736832863092423,-0.6645938837528229,-1.0025403702259064,-0.44520792245864865,4.642068961858749,37.31955059230328,80.66542725563049,117.22595735549928,52.06776954174042,20.570191743373872,4.063869853317738,1.0541949367523193,0.14771454975008963,-0.9552220734953881,-1.1340685504674912,-0.9834869205951691,3.0030917114019395,36.24434666335583,61.710375022888186,73.3453721022606,43.128849084377286,10.403299886733294,1.6092112918198112,0.6401240956783294,0.4074111121892928,-0.9026618146896362,-1.0474385797977448,-0.5733064633607864,3.656954836845398,26.143029213696718,66.76848272323608,109.02112072944642,36.84843099296093,14.241621816158297,2.772585933804512,0.8755153012275695,-0.04014452368021013,-0.9397002059221269,-1.2158669090270997,0.1930638206005096,2.75939627289772,39.29862519979476,54.74703281998635,46.753765258789066,66.29338953018188,14.196468546390534,3.1498528027534487,0.8549052146077155,0.9297352698445319,-0.7051939964294432,-1.0261785733699798,-1.1218767285346982,1.5658384837210177,31.899320048093795,73.90249382019041,128.86882783412935,59.80613739252091,11.546084322929383,1.519737727791071,0.06151363492012024,-0.45030095696449274,-1.0622414350509644,-1.2784067678451536,-0.9563192844390869,3.0946385033428667,31.122269533872604
2,-1.9423231840133668,-2.0361539125442505,-2.1336066007614134,-2.198445987701416,-2.2423616647720337,-2.0710404396057127,-0.29913572371006014,35.52744035720825,32.918097496032715,15.37316951751709,2.2205010890960692,-1.847543877363205,-2.15964998960495,-2.473945322036743,-2.807320809364319,-3.0545353364944456,-3.123362128734589,-2.9669774961471562,1.083094443082809,13.774240455627444,26.586368718147277,17.14070259332657,4.578210079669953,-0.8764924550056458,-2.0117007327079772,-2.4788388586044308,-2.766461770534516,-2.965414845943451,-3.031696753501892,-2.967791795730591,0.851598927974701,16.69786911725998,28.499042919874192,24.40815702557564,10.49204280078411,1.0219169664382934,-3.033238430023194,-3.5130660390853885,-3.2075119924545286,-3.8003576660156257,-4.015946407318115,-3.254115064144135,-0.03317909121513374,20.94292351722717,31.327808246612545,17.820618476867672,3.345181497335434,-1.8348474597930906,-2.697343554496765,-3.42319993019104,-1.9482955646514892,-3.4110871601104735,-3.757248749732971,-3.5274872112274167,0.2782790243625642,22.11893587589264,43.05052731752396,27.308789753913878,7.954625953137875,-0.059826617240905745,-2.7772656440734864,-3.5385476303100583,-3.760426378250122,-3.865532512664795,-3.768383431434631,-3.5447940015792847,3.2386354887485505,22.126053463220597,31.513613426685332,23.939343730509282,6.25472792506218,-1.3116853380203246,-3.768217372894287,-3.998271737098694,-4.154183053970337,-4.340170946121216,-4.306358861923218,-4.0265704441070564,2.657619136869907,35.51909259319306,45.49515091896056,23.71331070423126,5.818014750480652,-1.8573663496971133,-3.7431229400634765,-4.46832554101944,-4.880850887298584,-4.9401239490509035,-4.9867541790008545,-4.405057621002197,0.05730832338333114,23.088258452415467,39.33232266426087,27.002434663772583,8.700531041920184,-0.9332936453819274,-3.731035900115967,-4.21995002746582,-4.47162211894989,-4.6555954408645635,-4.508046340942382,-3.9559169149398805,2.2946671891212462,26.17108472585678,36.32762469291687,18.991911118924616,4.554078243970871,-2.1241546940803526,-3.3988305234909055,-3.5571919202804567,-3.812037801742554,-3.8314543414115905,-3.885590209960937,-3.3849399030208587,0.579850308895111,16.764431557655335,26.017399417161943,18.2086846280098,3.980522060990333,-2.0996077799797055,-3.1013403654098513,-3.6712486505508424,-4.1281871366500855,-4.256337461471558,-4.275433602333068,-3.856413290500641,0.7754507112503051,28.955756165981292,38.9917654967308,27.288549585342405,6.3798791557550425,-1.4558147525787355,-3.1264385271072386,-3.27132776260376,-3.528363971710205,-3.67521185874939,-3.61352974653244,-3.4673764193058014,-0.8801432695984841,13.198383380174636,23.106070272922516,14.182332634925842,2.5580402192473413,-1.6678570556640626,-3.574998936653137,-3.7555451345443727,-3.9445851683616637,-4.307608242034912,-4.311393852829933,-3.9652862715721127,0.9374908417463302,38.06217574715615,45.75247564792633,30.373839302062986,8.261433868408202,-1.234225058555603,-3.4572457098960876,-3.890193982124329,-3.634761619567871,-3.9080625820159915,-4.074098900854588,-3.9611854028701785,-1.0234256529808046,15.475675013065338,28.955910158157348,20.370086824893953,5.5272273486852646,-1.2845671314001084,-2.610937304496765,-3.456973869800568,-3.8227943420410155,-4.232833726406097,-4.361199768185616,-4.150554089546203,-0.7424976241588592,21.069869620800016,45.8875927901268,36.60519299268723,11.830428376197816,0.5843827724456789,-3.262662413716316,-3.668822855949402,-4.704709987640381,-5.123396925926208,-5.266726336479188,-4.533328800201415,0.3857938718795776,29.029569945335385,47.257837305068975,33.490564574003216,8.549491641521453,-1.1561344718933106,-3.340779113769531,-3.9723588800430294,-4.130010947883129,-4.1512483835220335,-4.066277394294739,-3.8255901503562932,-1.213317639231682,20.21510594069958,39.18751778662205,28.03412721395493,7.668424197435378,-1.1501721596717833,-3.147670135498047,-3.731146922111512,-4.1914483833312985,-4.4912642574310295,-4.541149868965149,-4.372060403823852,-1.4857312655448913,28.38009636163712,45.89557118654251,27.915845355987546,8.02377100944519,-1.467484506368637
3,-0.6495243787765503,-0.5639057397842407,-0.8497939348220825,-1.0588739275932313,-1.13505277633667,-1.1461533546447753,-0.9845633804798126,3.9812088012695312,15.321869850158691,7.012103509902954,1.5996513366699219,-0.3191636085510254,-0.3029175877571106,-0.9561627990007399,-1.1809031659364702,-1.4218814182281494,-1.5558459103107454,-1.419879298210144,0.1624265724420547,6.737157342433929,16.588160161376,10.97978580892086,4.218293281793595,0.8099720716476441,-0.4270417749881744,-0.6865428578853607,-1.2425046145915986,-1.4961346054077147,-1.629515592455864,-1.6729754590988157,-1.295335159301758,3.9550794649124144,9.990707805752754,9.13253121882677,4.079763094186783,0.7319686743617059,-0.18126031130552295,-0.5621536749601364,-0.9249920153617858,-1.2693062317371369,-1.4844073975086214,-1.528567954301834,-0.9369112193584442,6.379887132644654,15.029828361570836,9.833078818321228,3.5858939690887928,0.6667668309807777,0.26406121253967285,-0.810452538728714,-1.4183373594284059,-1.907980008125305,-2.102210826873779,-2.133250417709351,-1.728034209907055,4.1147905215620995,17.69169521331787,13.822768161296844,5.316063108742237,1.8967064529657367,-0.07663948178291327,-0.9935744968056678,-0.7087443733215333,-1.2144988858699801,-1.3448071837425233,-1.6012382638454437,-0.7414796590805053,5.000175714492798,12.66310188770294,8.991727067232132,2.9208484184741974,0.5410389912128448,-0.39775197178125377,-1.0783753871917725,-1.384022628068924,-1.6080995222926138,-1.7141428303718567,-0.8638086009025573,-0.49311226397752767,4.993008567094803,15.871540468931197,11.956412149071692,5.490990422070027,1.1311058467626571,-0.3752989935874939,-1.6644996041059492,-2.079603726863861,-2.332379276752472,-2.3908835935592654,-2.303085186481476,-1.9252054595947263,3.888792831897736,20.362192308753727,19.072359499931334,9.048141918182372,2.2775647431612014,-1.0654413381218908,-1.7383995413780213,-2.083875389099121,-2.234778513908386,-2.241773238182068,-2.247617672085762,-1.1781537318229673,7.907556242346763,19.61825023174286,10.264056746959687,3.4837805247306823,-0.003574575781822231,-0.3579475930333137,-1.1486384028196333,-1.4749767635762692,-1.6044710290431976,-1.7150446164608002,-1.7245001804828644,-0.6222415453195571,2.473613349795341,7.352097390890121,6.310953534841538,2.5297806483507155,0.40356112271547306,0.4682983231544494,-0.33324706673622123,-0.9462822902202607,-1.2480324727296828,-1.4129001665115357,-1.3525602257251736,-0.5324575877189636,3.7403456568717957,13.92354330062866,11.261672862768172,4.206641231179237,0.8550287377834321,-0.2675444579124451,-0.5941773390769958,-0.981916832625866,-1.2118735164403915,-1.3240204834938047,-1.2789705967903138,-0.9916735655069351,1.7297820013761516,6.7156491643190375,8.514954021573066,2.934017116427422,0.6319424292445184,-0.3269325143098831,-0.773783575296402,-0.8994257533550263,-1.1500823187828064,-1.2914768731594086,-1.309516534805298,0.946588567495346,5.529335650801658,13.29897809743881,11.012640410661698,5.108974602818489,1.169030245319009,-0.7549248480796813,-1.0555745227262379,-1.1832795399427414,-1.3201104414463045,-1.3973543390631675,-1.3996710830926895,-0.9133562721312046,3.267694718241691,7.189688963890076,4.460601270198822,1.4022957964241505,-0.0675604018568993,0.06300589084625244,-0.8021519351005555,-1.238593035340309,-1.3894164633750914,-1.4705321449041366,-1.4738654112815857,-0.6524388664960862,1.9191225855052472,15.010209501981734,16.090348265767098,6.216148260831834,1.6537606263160705,0.17078760623931877,-0.3058486515283584,-1.1834852957725526,-1.6224624814093112,-1.7586370977759362,-1.7528386038541792,-1.1707952927052976,1.3433768200874328,10.263455867767334,11.569501017332078,3.9039977242052553,0.5134131902456283,-0.20996805727481843,-0.8666311502456663,-1.1592548489570618,-1.293552484214306,-1.3266341477632522,-1.30751834616065,-1.0249508988857268,1.2832695263624192,7.108903373628854,7.634758445024491,3.2397436170279974,0.8842969712615012,-0.49592049255967136,-0.4291987055540085,-0.6187308937311172,-1.0331188082695006,-1.2579699420928956,-1.252506150007248,1.6024685823917388,5.3515097975730885,8.431085934638977,6.374029140472412,2.4359298205375675,0.32268253281712533
4,-0.2605341479182243,-0.21837929189205169,-0.2780581504106521,0.04830487966537476,1.343592393398285,0.4321558207273483,2.3959731101989745,6.356039023399353,1.154629001021385,2.514689403772354,7.0625096470117565,6.173498296737671,0.08457981102168563,0.02437498599290846,-0.10907034479081631,1.7788797324895858,4.028640738129615,0.6938829794526101,2.972103993892669,4.792174834012985,1.521683434844017,1.0558917668461798,1.4321243217587472,0.31219788126647474,0.15146379873156546,-0.07662558224052189,0.1789250379800797,2.4409152430295946,2.522472140789032,0.8356294244527817,3.577782949209213,7.079116796255112,3.509814948290586,0.845680488049984,0.9609222874045372,0.5137474502623081,0.28866056114435196,0.008759302496910103,0.3465284876525402,1.2222735971212386,3.143348955512047,0.7271835005283356,2.217354869246483,9.872090649604797,4.023512433767318,1.6533640119433404,2.0044930854439733,0.8438596548140049,0.4867580279707909,0.04465639472007752,0.3058674895763397,1.811973410844803,3.0963764113187793,0.6469981032609939,3.6540182685852054,12.409932210445403,3.9758447766304017,1.817775716781616,1.4442255714535714,0.7739644819498062,0.12750663965940476,-0.0734566619992256,0.02834970846772193,1.0162116968631745,2.4783981478214265,0.7764638891816139,4.900698630809783,8.186826351881027,3.089270659685135,1.7874781447649002,2.1422995245456695,0.9226459624618293,0.010119999796152131,-0.14136482030153275,0.12454436048865321,0.8182581172883511,1.9586086428165435,0.7065295237302781,4.422455050945282,9.632070887088776,3.84492892742157,2.0318216192722316,2.3013853681087495,0.6281231532990932,0.4276660087704659,0.031896860450506194,0.10878118097782137,2.526434392631054,2.226841615438461,0.581799655854702,3.7882760322093967,12.000649106502532,4.153480427265167,2.720071486830711,2.235305496454239,0.8823800656199454,-0.053989330530166635,-0.28504185259342196,-0.22524912416934967,2.307333967983723,2.3233002072572706,0.30775355219841,5.043019106686115,11.745993154048922,3.2454324883222583,2.894754197597504,2.2957591372728348,0.7596114100515842,0.11270812153816223,-0.186309734582901,0.15377067655324933,1.952309807240963,3.288369579315186,0.5651796060800552,5.828242585062981,10.482719441652298,5.853172987699509,4.100760079026221,2.6714503711462023,1.262059920877218,0.48999213457107543,-0.10015548333525656,0.27761269941926003,3.7047794613242147,4.167266969382763,0.9027092376351357,2.217153211236,9.89989486694336,4.666736349463463,2.605397185683251,3.9032157832384113,1.4860838660597802,-0.024511127173900603,-0.24367281764745705,-0.17287035018205643,1.7371461218595505,3.840304353237152,1.3082835972309113,3.655089468955994,12.338929855823517,2.855953925848007,3.457407751083374,3.987017103135586,1.337871930897236,-0.0347492003440857,-0.40835508406162263,0.12722015261650083,1.7017125791311265,5.239788441658019,0.7632214185595513,2.478566197156906,11.315391991138458,5.435834251642228,3.806198894381523,3.4573765808343886,0.7870153266191482,0.026661651730537406,-0.1928909623622894,-0.28016050934791564,2.0845717221498488,4.571474319696426,0.8828164491057396,2.2636402016878128,7.2933863306045525,2.481725408136845,3.7795920056104655,6.956556797027588,1.5388005632162094,0.6243329340219498,-0.22319908201694488,-0.2550302362442017,3.897872718572617,6.944301021695137,1.0643825310468673,5.036859090328217,12.650450425148012,6.598781107664108,4.350084472298622,6.389443153589964,3.8895405733585364,0.43151711165905005,-0.3298488301038742,0.3630074101686478,2.25888196438551,3.7061143934726717,0.6486081433296204,4.685207430124283,17.00329562187195,4.787696680128574,3.6343708395957948,6.999970881342888,3.6317565232515334,0.7187935793399811,-0.7197589057683945,-0.8111222265660762,3.847497469186783,6.395507247745991,0.951487946510315,4.718681881427765,13.031945739984513,6.07743046015501,5.319074466228484,9.605927053689957,4.264253752827645,1.286784219443798,-0.3290058499574662,-0.33997468873858455,5.5262223303318025,9.35255641758442,2.0109010577201842,3.5791961944103243,11.835286185741424,7.752782274484635,5.86634874522686,7.80715951025486,5.7973908609151845
5,142.21541061401368,223.5122314453125,166.72571334838867,69.09376811981201,-13.863882112503052,-18.761150455474855,-15.65659794807434,-12.679057693481445,-8.786115598678588,-5.872897458076477,1.6882631301879882,28.905466842651368,60.78340425491333,85.856584815979,65.67568334579468,20.54602349758148,-7.389269442558289,-6.706551198959351,-5.460532903671265,-4.327322735786438,-3.297389826774597,-2.224534773826599,4.873997871875764,25.16288477897644,71.04337867736817,91.9186399078369,81.25405768632889,21.844379782676697,-6.37126198709011,-6.44485490322113,-5.397458977699279,-4.3153088903427115,-3.4734461307525635,-2.5556382513046265,0.6271594882011413,16.871030936241148,42.86227951049805,75.28605506896972,76.37671543121338,19.14322566986084,-7.418410235196352,-6.343579347133636,-5.028243043422699,-3.624944064617157,-2.797478456497193,-1.703929004073143,3.1711746901273727,16.598472437858582,64.71708889961243,97.71845249176025,82.64386825561523,15.525851459503176,-7.914866960048675,-7.032095770835876,-5.404791140556336,-4.209872963428497,-3.3040644145011897,-2.05764248251915,2.8205202221870422,18.61491273880005,66.69561782836914,89.26392734527589,98.62395507812501,14.056120963096618,-9.21453076660633,-8.287507386207581,-6.417089278697968,-4.90513633966446,-3.83695722579956,-2.74594917178154,1.325380358695984,23.731017093658448,46.281762218475336,68.51265672683715,61.05355401039124,11.32047084927559,-3.5010034489631656,-3.071093220710755,-2.585661377906799,-2.234696192741394,-2.038649611473083,-1.592433695793152,1.90396532535553,19.19382659673691,56.514051818847655,76.39530757427215,74.92000106811525,12.821202492713928,-3.907780029773712,-4.188137636184693,-3.3595904421806337,-2.6394628930091857,-2.174885401725769,-1.5403373551368713,2.3658860862255096,18.189199714660646,68.93554723739624,72.3731245946884,75.4715079641342,11.918756161928178,-5.440286405086518,-4.8578200745582585,-3.673132622241974,-2.8822141170501707,-2.4395844507217403,-1.7673266088962554,2.285270013809204,15.231412683725358,45.08844348907471,94.41217496871948,75.91976055145264,13.543349273800848,-8.063106598854066,-6.49103419303894,-5.039114978313446,-4.058134398460387,-3.127771689891815,-2.0598188233375554,0.7475107535719872,13.047961940765381,64.94823600769044,77.77906665802001,61.73700180053711,4.403519189357757,-5.9315195232629785,-4.933471341133118,-4.047590053081512,-3.440755906105042,-2.9074664664268495,-1.799585193395615,3.7938548231124876,29.95702938079834,59.27798241138457,69.31985736846923,69.07882541656495,18.982838102579116,-8.359013351202012,-6.58997987151146,-5.073056030273437,-3.9347387695312497,-3.10961208820343,-2.2821249318122865,2.6286588025093076,25.80217433929443,61.90753377914429,69.637262840271,98.88847222328187,40.38901455163956,-6.135254129171371,-7.695823762416839,-6.817714035511017,-5.716715598106385,-4.43854761838913,-3.1696516579389575,2.2871220421791074,21.4940869140625,57.881663990020755,105.40023902893066,75.58027963638305,3.9304540497064595,-5.613326022624969,-4.5856820416450494,-3.65726761341095,-3.028658726215363,-2.592533991336823,-2.052002563476562,1.6256267368793487,17.722175130844114,52.53913849830627,110.17921257019043,102.88896045684814,32.49130101621151,-7.14780681848526,-7.179047200679778,-6.114591674804688,-5.080114006996155,-4.074022772312164,-3.025587003827095,0.9713359236717223,16.236654679775235,81.26225885391236,112.63186977386474,66.28879408836364,14.898503749966618,-7.856879422664642,-7.5133949828147895,-5.92065912604332,-5.016072299480438,-4.392840147018433,-3.0236162793636323,0.4410176698863507,20.05196612238884,48.79407974243164,71.27222003936768,81.73504004955291,25.892789394855498,-4.307730295658112,-3.952582820653916,-3.1359661054611205,-2.5307965111732487,-2.1057192230224606,-1.6513168358802794,0.7364812415838242,15.208574542999267,66.9826431274414,100.3758882522583,68.27687057971954,22.148025181293487,-3.048192570507527,-5.46919016122818,-3.9897040939331054,-2.9486882162094115,-2.2717802929878235,-1.8593542471528053,1.1337593895196916,24.02468741416931
6,-8.855380630493164,-1.5958769798278811,15.33216114640236,15.975884795188904,48.01790542602539,128.54906845092773,210.00291366577147,317.04201354980466,344.7419235229492,218.7238342285156,30.365446281433105,-9.74794054031372,-10.461939678192138,-3.4641767311096188,12.728129000663758,35.42611778259277,89.85584426641465,222.94896881103514,277.12663940429684,360.8734545898438,347.7321350097656,237.10502899169924,87.10736892700196,1.8740590476989745,-11.388342475891113,4.053056117296218,26.14983841896057,47.82362019062042,104.97628403425217,225.74790088653563,291.90238281250004,386.8302911376953,395.94400817871093,244.67797363281252,83.41636054992675,-3.6540840339660647,-10.574675745964049,0.12376301765441902,18.898892569541932,42.93670164108276,96.84855946540833,224.34952247619626,241.56477600097656,329.59227386474606,371.22086059570313,234.63091064453124,87.33937587738038,-1.0726239418983456,-12.476751775741578,-3.3266581821441648,7.661941148042679,32.20247544527054,90.11769176483156,199.9514723968506,262.31103942871096,362.08817626953123,363.91011108398436,272.9213009643555,105.63936443328855,9.132129030227661,-11.073745088577272,-4.948553686141968,11.960519180297851,28.283030829429627,71.8680069732666,182.81315841674805,249.83330200195314,335.2130822753906,350.62908386230475,223.6390023803711,97.6738641357422,0.5273211359977721,-10.05593740940094,-4.370232634544372,8.103798558712006,36.33906555175781,77.57575820922851,192.2497900390625,257.7661648559571,341.0664422607421,345.13968383789063,225.40243560791018,73.43357002258301,0.3447213220596315,-9.452842807769775,-0.4790666353702546,11.471149015426636,39.14964761734009,75.80700689315796,218.38274612426758,268.3762664794922,311.9240502929688,333.43023681640625,250.1664538574219,87.70756098747253,2.836888048648834,-11.817031164169311,-2.956126849651336,16.02098342180252,45.10727174758911,82.285651512146,217.37221008300781,254.06524353027345,307.15430908203126,331.53847534179687,236.4947848510742,107.27846872329712,5.118125948905944,-10.71600248336792,-1.2006080627441407,10.040406506061554,20.763840589523316,42.7542617893219,154.06807678222657,217.07755554199215,303.37140380859375,315.90484619140625,221.17422943115236,87.06170089721681,0.9365363693237303,-8.369755735397339,-3.081169826984405,8.364520530104638,18.699722795486448,64.99483036041259,158.49021669387815,224.03595275878905,307.99587280273437,284.0694915771484,195.7999169921875,78.4088143157959,4.23339168548584,-10.300602226257325,-4.64369647026062,4.9303679847717286,20.368988120257853,65.08327053308486,129.26371299743653,187.39905319213867,265.5872265625,290.9349169921875,204.4483395385742,84.88905696868896,10.08334717154503,-9.93427350997925,-5.431401636600494,6.16284303188324,17.942348624467847,54.05762839317322,170.92042358398436,217.37258117675782,292.066430053711,311.77863647460936,241.45921997070315,82.72032464504241,-1.372740569114685,-8.876203460693358,-2.409764156341553,2.817796493768692,11.96125653386116,47.73982367038727,142.54283554077148,211.4331945800781,294.9210321044922,281.9213446044922,239.7570556640625,71.49277053833008,-0.8079902720451354,-11.236977424621582,-2.576313152313232,13.753483140468598,28.840869083404538,70.48756604194641,174.38028701782227,226.35123779296873,279.73853698730466,309.9565557861328,251.6702523803711,105.20509284973146,21.61642898797989,-8.846392278671264,-3.2564936435222633,9.340016106367111,21.98332327842712,41.94518881797791,178.27092325210572,217.87463500976565,271.9980746459961,299.56454284667973,210.1714730834961,140.55421125411988,12.241936253309252,-8.657681612968446,-1.3557729244232175,9.89696672677994,18.945542500019073,50.824908008575434,151.12304615020753,224.40490692138673,289.98647155761716,307.89709594726565,240.63123016357423,89.10569869995118,6.505896253585815,-7.713782415390014,0.43386677503585835,5.730502128601074,21.882724251747135,37.59289717197419,114.04852935791016,188.19649658203124,287.03921295166015,320.3984619140625,230.41650756835938,86.43557175636292,18.45460898399353
7,-0.38531793653964996,0.1548396155238152,11.239441967010498,19.237838745117188,49.17253799438477,72.43536224365235,89.56565322875977,73.70218353271484,92.55565338134765,61.51852874755859,12.87754421234131,0.4180480480194092,-1.195274155139923,-0.26430798768997193,3.075885123461485,12.945275025367739,36.082011075019835,53.154626083374026,86.24433044433594,73.27324813842773,89.1588739013672,69.60196510314941,20.318943554162978,-0.430890953540802,-1.3606633186340331,2.5761202073097227,4.419936705231667,14.303436212539674,33.14414947509765,53.76344585418701,90.34878635406494,78.20369483947755,89.54668304443359,72.52366806030273,19.853376593589783,-1.231177948117256,-1.261785683631897,0.20721977636218072,4.232037474215031,15.471632284671069,36.35444452285766,59.02539791107178,78.1162847137451,74.05610481262207,96.96773635864258,65.38074783325195,22.978025259971616,0.36701401025056846,-1.5196595001220703,0.6128456541895866,3.477051735818386,17.42335573196411,32.8165319442749,55.39661785125732,85.49270751953125,75.5471662902832,94.2875749206543,70.26635009765626,27.41026605844498,2.4598743450641627,-1.3042869746685029,-0.21865398004651068,2.9529231005907057,13.245518453121184,34.341818199157714,49.06503330230713,83.83777053833008,62.66787521362305,88.54449272155762,69.35143829345704,27.825296516418454,0.6173362910747529,-1.2671447801589966,0.06838982366025445,3.356331305652857,14.321827869415284,35.384855346679686,60.04308387756347,93.05403411865235,75.3757415008545,88.91318939208985,65.46149185180664,24.702458320856095,-0.19425888419151308,-1.0562518000602723,0.9851806056499479,3.056924372315407,20.937768154144287,37.982745800018314,59.45509902954101,86.65599914550782,60.755576782226555,82.5078694152832,81.23344894409179,20.833580741882322,-0.6172926533222198,-1.4046615254878998,-0.09918907910585406,3.1165944528579717,12.880599908828733,33.66583599090576,56.77216918945312,89.13304763793944,68.80852905273437,89.71584049224853,65.60322620391845,22.050115060806277,-0.771190414428711,-0.6357004880905153,1.5010619980096815,2.3515615582466127,11.209815015792847,34.801012763977056,48.34572708129883,81.53433357238771,69.7783706665039,81.7618634033203,68.06854751586914,23.00920491695404,-0.38426001191139225,-1.3980052042007445,-0.19850628972053527,3.5907968789339066,13.963998041898012,32.20747924804688,54.73125320434569,83.14742950439452,64.80773620605468,76.46944007873535,63.748378143310546,26.130647853612896,0.925684593319893,-1.3834344762563704,0.017382021546363813,3.8221112328767775,12.512090873718263,31.61957954883576,48.71200187683105,74.22712733268739,71.50082656860351,84.46318050384522,74.47797737121583,27.641492505073547,0.5186257308721544,-1.311649789214134,-0.3397535973787308,2.598945239782333,11.02872699737549,34.098698921203614,53.6217807006836,80.38988632202148,69.82222091674805,87.19215093612672,68.39434490203857,20.945523562431337,-0.5483740580081939,-1.2573959857225419,0.25180062830448147,2.2660471761226653,9.647675167918205,23.183626670837402,42.649829406738284,73.0026658630371,65.22938293457032,75.82546989440918,69.18243270874024,20.6587300491333,-0.5366668274998665,-1.3080490612983704,0.017218176126480134,3.7563889467716223,14.119325573444366,34.21044038772583,57.020177307128904,84.90619262695313,62.98965515136719,90.53798530578612,79.99873985290527,27.680785527229308,1.3456861138343812,-1.344872558116913,0.331857689321041,2.7368305304646494,15.159833621978759,29.06310196876526,51.208962173461906,79.29673278808593,64.14403114318847,79.30773105621338,69.60696914672852,36.25471060127019,2.462244630157948,-1.1224619925022128,-0.13854129374027252,3.1910250771045683,9.262720004320144,32.64000759124756,50.05718238830567,68.46932014465332,59.549790802001965,77.61583801269532,74.44921211242675,21.052915248870853,-0.6120797002315521,-0.9794778501987459,0.7955741348862647,2.902069651037455,16.20674117088318,25.851762981414794,42.14558555603027,69.83600227355957,69.97694267272949,71.35639587402343,64.32864242553711,22.442577313184735,1.3830286711454391
8,165.76561889648437,99.98999786376953,213.72598266601562,204.80895385742187,23.79361581802368,-1.144250476360321,-0.798203706741333,-1.079850435256958,0.8915982514619827,33.59533320665359,101.14945602416992,146.56385345458983,153.89095230102538,115.53417106628417,175.63571350097658,144.80011764526367,11.030532369017601,-0.09115744709968568,-0.6098106706142425,-0.9080481672286987,0.8593491947650909,15.208948502540588,81.78464008331298,130.76003158569335,142.9002928161621,130.06835128784178,181.49223205566403,133.6345329284668,12.981586124897003,-0.12351406633853915,-0.6679214335978031,-0.9366361653804779,0.03877122476696967,12.799386747479438,64.95943290710449,111.23400756835937,95.78716842651367,97.98752838134764,156.40622268676756,127.64781978607179,15.530341796875001,0.12296004533767702,-0.5658986115455626,-0.83876797914505,0.7944792819023132,17.594736181497574,75.91501775741577,134.43994140625,152.70916061401368,118.2385661315918,168.83771545410156,130.01373977661132,18.918055207729342,0.11607738554477694,-0.6462589472532272,-0.955293092727661,0.17937790542840953,14.166157358288762,59.775857501029975,140.2272920227051,132.8009582710266,109.17413047790528,169.08155181884766,111.10296371459962,13.026285828351977,0.07975838661193849,-0.6819076749682427,-0.915355767607689,0.730719726830721,13.205221003890037,68.11999450683594,124.13504974365233,124.74932126998901,144.74621780395506,179.87565155029296,104.51938949584962,9.982226847410201,0.056801379621028915,-0.6660954093933106,-0.9553606957197189,0.330873144865036,12.96921708703041,59.11690333485603,106.46747011184694,139.90305740356445,122.40535678863526,160.83529106140136,103.65881057739257,9.813151561021805,-0.10825314283370971,-0.6354605746269226,-0.889752093553543,0.46529546976089475,11.884610560536384,65.7547706413269,128.07760169982913,139.89756746292113,114.72944259643555,157.4588229370117,106.49011085510253,9.409173911809923,-0.1841410082578659,-0.654186143875122,-0.8514507150650024,0.43162742376327523,12.278537945747377,68.39166805267334,132.39972316741947,148.24149848937992,116.65116577148437,166.584698638916,113.5291145324707,10.303268523216246,-0.0009386873245239236,-0.6165192297101021,-0.8454590284824371,0.2823702943325043,11.287148966789248,54.71328645706177,121.17719108581544,139.08560920715334,127.08941467285156,169.61958587646487,119.88446098327636,8.35595150589943,-0.14055512517690658,-0.6297787478566169,-0.8927339231967928,0.13065472304821013,10.100439200401308,75.08588050842286,163.97134582519533,132.29344375610353,114.62920257568359,168.44943710327146,126.69985954284668,17.660269129276273,0.0827345399558544,-0.5470802789926529,-0.7692579197883606,0.39724032282829286,9.070539621114731,57.725228767395016,119.79066146850587,135.87372165679932,95.7224420928955,153.5035221862793,146.6632765197754,26.380873355865475,-0.2016635218262673,-0.6308657446503639,-0.8290668386220933,-0.05108597889542581,13.076825768351554,73.99510025024412,118.77709621429445,147.62290527343748,131.91501190185548,170.81843231201174,116.84883499145508,15.612605762481689,-0.186545335650444,-0.6582527875900268,-0.9069849222898483,-0.09696071743965147,13.001215658187865,55.37623342514038,124.83513519287108,157.01061454772952,145.4397169494629,195.8121862792969,134.47486862182615,10.742236948013305,-0.24526825934648516,-0.7133910150825977,-0.993063771724701,0.010933379232883433,8.065697909593581,60.30371574401856,126.0897557067871,168.8399501037598,129.21721152305602,201.3414727783203,132.88251335144042,22.503844957351685,-0.24625713318586348,-0.6999910757690667,-0.980368360877037,0.7832381701469421,10.789316469728947,53.060684280395506,105.44894088745119,139.5737908935547,164.84732849121093,190.14528076171874,130.20598709106443,10.029131680727007,-0.031287930309772484,-0.5954114219546318,-0.8282213282585144,-0.47523423910141,5.400639209747314,47.08020852088928,125.23283662319184,177.72914138793945,130.86063159942628,190.44912109375002,146.92804534912108,21.2862892127037,-0.1898605930805206,-0.7818926829099655,-1.042944917678833,-0.1346456989645958,4.089739092290402,38.36628527402878,132.5535040473938
9,1485.39345703125,952.0957763671875,1039.609521484375,1378.5881103515626,994.8645080566406,763.6946105957031,735.332861328125,912.3399536132813,1139.6728515625,1560.9302978515625,2123.265380859375,1815.2794921875,1450.861494140625,1023.2564990234374,1190.8707971191407,1430.4362109375002,1087.844453125,690.1441589355469,602.5109606933594,914.2052050781251,1141.5295678710936,1631.739765625,1810.3063842773438,1709.5390771484374,1231.819189453125,1233.8023266601563,1320.5802783203126,1385.065070800781,958.2247705078125,580.8907843017578,598.1922741699218,963.8659375,1262.0507031250002,1608.3335375976562,1887.7617944335939,1685.2321386718752,1256.6053759765625,1162.0797363281251,1160.5519653320312,1434.8840039062502,1026.4891723632813,700.5862866210937,609.0115576171875,841.689345703125,1207.7810583496093,1544.3115844726565,1684.7085302734376,1739.2776562499998,1683.5563696289064,1220.1508251953126,1376.380466308594,1505.78216796875,1007.7809729003905,643.5500451660156,576.502788696289,1036.6719311523439,1166.7784399414063,1575.8568212890627,1943.7128222656252,1943.8619555664063,1257.8345092773438,1107.9293310546875,1213.23666015625,1307.6393969726564,994.9812927246094,563.0531085205077,536.5990765380859,921.2006518554687,1290.8081933593749,1694.7137646484375,1914.92654296875,1887.1223901367186,1531.76904296875,1290.5322583007812,1276.8390283203125,1162.0512011718752,825.1814978027344,612.8974334716797,697.799483642578,1003.9044152832032,1378.778056640625,1608.3525317382812,2071.0684716796873,1783.0029199218748,1449.9556542968753,1044.1305200195313,1067.9052197265623,1065.5098059082034,768.6264721679688,472.16989425659176,568.6685418701171,878.4312976074218,1205.9037658691407,1645.182258300781,1970.8536206054687,1775.4960278320311,1334.0939343261718,1129.5802758789061,1083.6703186035156,1157.3185192871094,754.5958923339844,552.4627355957032,617.3303717041015,902.5327990722657,1231.5463061523437,1708.6700659179685,1955.8217797851562,1875.6827954101561,1359.3234887695312,1102.6919470214846,1160.7249816894532,1295.1147583007812,912.4563842773438,489.73759826660154,510.5418188476563,922.1584521484376,1345.0797583007811,1578.957468261719,1943.09966796875,1724.4488159179687,1522.56265625,1300.6782543945315,1427.0554174804688,1437.3844018554687,881.9105261230468,670.0095446777343,627.8628955078125,1033.7357836914064,1282.0657934570313,1568.398820800781,2072.2757470703123,2226.5192724609374,1626.4370727539062,1329.799473876953,1320.4063903808594,1491.587266845703,1076.6430920410155,739.1032730102539,614.8802644348144,951.2071313476563,1244.3874658203124,1606.7541967773439,1953.1993286132813,1952.5283813476562,1375.9990112304686,1140.7305932617187,1367.7315624999999,1430.5900134277342,1102.874760131836,593.7276538085938,529.0890521240234,840.4213592529297,1161.667393798828,1611.2185961914063,2038.1676416015623,1946.11076171875,1424.6976318359373,1225.2153393554688,1158.2543127441406,1453.1166442871095,975.1091467285156,606.4565985107422,542.3267504882813,916.3728295898436,1137.0088391113281,1476.595842285156,1977.7462841796873,1940.2426562499998,1772.3205322265626,1436.4430297851563,1478.6770458984377,1554.930711669922,901.5483581542969,550.8284600830078,576.7244128417968,759.0971313476563,1230.9819104003907,1717.1350048828128,2201.982465820313,2040.784072265625,1597.2987426757813,1382.5129187011719,1745.692578125,1746.3918823242188,1138.8273999023436,670.2488311767578,699.9003231811523,992.4618927001953,1377.7742968750001,1863.6208666992188,2364.50357421875,2098.6742553710938,1619.3991723632814,1310.514385986328,1336.6616186523438,1603.997888183594,969.3329675292969,641.5152651977539,604.9470477294922,995.6969262695311,1378.0330200195312,1605.1919555664065,2330.8499951171875,2090.193811035156,1797.8938037109376,1297.84740234375,1446.9104296875,1639.2292541503907,1241.101572265625,679.5213366699218,558.6763345336914,960.2959020996093,1313.3335522460936,1721.7360498046878,2219.3424682617188,2223.9037109375
10,470.27281494140624,354.36914215087893,619.9454467773437,643.2273498535156,607.8353149414063,381.3002471923828,295.7956848144531,288.45122680664065,540.7524780273437,1071.7724365234376,1176.2792236328125,562.2651611328125,339.09873306274415,266.98617446899414,477.3865093994141,620.483302001953,656.8445043945313,359.5923449707031,281.6349389648438,324.9050567626953,562.5058581542969,1072.6837963867188,917.5393286132812,495.3251348876953,272.5941668701172,391.0901840209961,488.8590744018555,573.7768945312499,691.1069091796875,361.14791687011723,293.95180358886716,331.79455688476565,541.0581640624999,1006.2266528320312,1043.2295727539063,527.8989538574218,316.1273400878907,315.6717221069336,517.6989138793945,608.7364813232422,624.5554669189454,379.17504577636714,274.0521649169922,303.3565228271484,525.5829113769531,998.7768798828125,1016.351854248047,565.6435479736328,351.73514770507813,292.69830200195315,505.9114904785156,578.3369406127929,634.6071582031251,358.7935607910157,296.99806640625,333.586519165039,507.63674011230466,983.8443530273438,1081.9001684570312,668.2459851074218,290.04400634765625,364.1257250976563,545.254538269043,641.4546801757813,632.632474975586,320.23808624267576,264.5281365966797,298.29425170898435,546.0606353759765,1028.603874511719,1138.4327465820313,608.1314208984375,325.5782312011719,328.27710418701173,498.01276733398436,641.9972863769532,607.8733801269531,331.3444366455078,297.05213378906245,320.12728210449217,505.58594116210935,1009.3268969726563,1122.4527001953124,592.0303424072265,370.9238796997071,298.12549697875977,360.589462890625,596.6223992919922,571.2168566894532,316.11205017089844,274.47907287597656,282.9296655273438,504.945,1032.7323657226564,1058.8050244140625,570.1786401367187,308.8933722686767,306.92018463134764,433.1037707519531,598.6174377441406,637.6255822753907,318.6440118408203,285.43694824218755,300.028807220459,528.804819946289,1037.9139013671877,1031.3732580566407,535.0328759765625,270.0928705596924,290.16394927978513,474.45128128051766,602.2874780273437,576.2739099121094,301.1032751464844,257.71425659179687,303.2635443115234,489.5150689697266,967.2166015625,1063.0321923828126,539.6720556640624,348.43268646240233,362.37304534912107,509.8869000244141,656.7184667968751,650.7118774414062,346.0121936035156,270.407177734375,314.6816455078125,480.7470324707031,962.0012353515625,1119.443024902344,693.7552404785157,365.3161029052734,344.1793691253662,495.05851074218754,679.0019598388672,638.5917321777345,350.06314483642575,269.90215438842773,293.7995626831055,538.7707672119141,975.4848046875001,1073.9656933593749,556.5088220214844,284.26927337646487,280.11882806777953,488.60669428884984,606.3918841552735,617.0418286132814,341.3262484741211,282.37184326171877,294.65864624023436,479.57667236328126,949.3529650878907,1052.686162109375,605.2225622558593,281.5130012512207,332.79575057983396,471.83196411132815,644.2419665527344,630.829794921875,304.9513854980469,259.8250372314453,287.1230194091797,474.81340972900387,944.0828930664062,1028.3225073242188,523.1580068969727,355.69180160522467,380.6983782958984,499.86859527587893,591.4045874023437,592.5852282714843,311.2290930175781,283.0453280639648,285.3599559020996,476.29043197631836,964.2247827148437,1155.751982421875,646.3560607910156,315.9599786376953,336.82877929687504,519.9668609619141,628.3322033691406,685.6857385253907,333.61278869628904,292.6080810546875,264.73980194091797,460.0302479553222,998.9338354492187,1151.4294592285155,595.1551538085938,263.9044422912598,275.43519897460936,483.406823425293,548.9974572753906,584.1348034667968,343.2005773925781,259.2333221435547,251.57359405517576,423.0137030029297,939.7733660888673,1102.571083984375,626.4921044921875,358.67521881103517,353.5160486602784,523.5025897216797,685.4786303710937,610.6832812499999,339.04916717529295,256.57129577636715,266.59067123413087,391.68628295898435,859.02046875,1058.3179821777344,663.7578210449219
11,-13.01876335144043,-13.530748176574708,-13.18431510925293,-10.86224012374878,0.7159902095794675,56.043138122558595,286.6843292236328,536.2133422851563,192.7199722290039,62.55261764526367,-0.7545148849487304,-8.030977058410645,-11.23674156188965,-12.288632621765137,-12.023756332397461,-9.063974876403808,11.817604794502259,49.691499891281126,238.37860504150393,534.7643469238282,311.82842666625976,66.83900402069091,-2.611693630218506,-9.095033664703369,-12.467152252197264,-13.681197052001952,-13.509136867523193,-8.815081958770751,10.712734537124636,68.85984301567076,248.99202728271484,556.669429321289,392.4811608886718,90.64421562194823,-0.6227325296401979,-9.127513961791992,-11.410300302505494,-13.257922420501709,-13.394027156829832,-9.879800796508787,11.28763427257538,52.808102226257326,210.91584915161133,623.2554653930664,390.11675476074214,70.99966373443604,0.33392416000366215,-8.677951831817627,-14.447821922302245,-16.164215545654294,-16.352913589477538,-13.159619693756103,11.082430810928344,54.292358741760246,243.83654693603512,695.9651892089844,386.9746157836914,93.71805039405822,0.29773937225341773,-11.150582885742187,-14.1646075630188,-15.540842781066894,-15.38399673461914,-11.888083992004393,8.666786098480225,59.64746921539306,274.06465255737305,647.5469213867189,434.3771868896485,100.79684909820557,-1.5740864944458006,-10.751950244903565,-15.875730514526367,-17.76675567626953,-17.701663761138917,-13.884223413467407,8.274845080375671,50.31068536758423,282.4893002319336,762.506531982422,434.4481256103515,96.94272674560547,0.41242650985717766,-12.517335414886475,-16.482877483367922,-18.606285781860354,-18.604368934631346,-13.392096185684204,9.661688776016234,57.41847244262694,243.52258087158202,653.1963989257813,452.48209716796885,130.9231097412109,2.314519062042237,-11.669300441741942,-16.570368480682372,-18.151949939727782,-18.13125686645508,-14.274530653953551,6.309638810157776,59.11916809082031,286.0046520996094,786.1898223876954,421.39045074462894,99.8318521118164,1.6381776618957526,-13.284120101928712,-16.11568723678589,-18.114300880432133,-18.306141433715823,-15.213306179046631,11.067671871185302,59.26121141433716,293.350945892334,682.3971307373047,496.4016003417968,120.73208808898926,4.441609802246093,-11.63514898300171,-16.655728225708007,-18.72934555053711,-18.91672775268555,-14.72272346496582,3.0930842685699464,73.3494255065918,237.98452697753905,644.9783679199219,446.13528503417973,116.29923881530763,8.947364358901979,-11.144980297088622,-15.953322429656982,-17.949198112487792,-17.95823476791382,-14.123481874465943,15.337170491218568,57.280701189041146,258.8345858764648,743.9964001464843,412.61260620117184,116.89991710662841,4.321977910995484,-11.727793846130371,-16.92553815841675,-19.364508590698243,-19.564688129425047,-15.573689861297606,23.374166545867922,62.73930904388427,243.3115222167969,756.9455651855467,520.1046817016602,138.21493957519533,5.2597249984741214,-13.12508686065674,-16.65000783920288,-18.369315986633303,-18.347008285522463,-15.092460832595824,5.698321914672853,40.34313653945922,239.8938760375977,635.3138568115235,441.2918084716797,90.57965843200685,4.533439311981201,-11.900441532135009,-18.149436073303225,-20.627393398284912,-20.501869201660153,-15.949784889221192,8.259102344512938,58.25723540306092,294.83421783447267,878.2221710205079,666.5890032958985,196.85357215881345,15.635204486846925,-13.99788038253784,-21.92231410980225,-24.34082370758057,-24.519024562835696,-19.958633403778077,6.333539285659789,66.30682218551635,342.17918746948243,966.5633447265625,683.1668225097656,177.70410598754884,19.106950883865355,-17.187435932159424,-22.68293308258057,-25.0437077331543,-25.06816493988037,-21.879441165924074,-0.5927248668670652,54.315097684860234,304.1315509033203,834.5559252929688,643.904574584961,156.59054519653318,13.540021438598632,-16.049175806045533,-16.999850006103514,-19.742040119171143,-20.382012443542482,-17.407678012847903,1.9725657176971434,40.035001564025876,262.8439367675781,739.7997467041016,513.0292163085937,213.1380794620514,23.72199222564697,-9.420222330093384
12,17.963019943237306,19.397800064086915,13.855195873975754,7.914874175190926,1.0706135630607605,-0.067089781910181,-0.3339757263660431,0.351741386950016,1.8088156670331954,1.4754100799560548,9.74749035835266,19.641691780090333,19.366539654135707,20.08470787525177,11.845474382340907,3.812386740297079,0.7495896219462155,0.27474734343588353,-0.07755598813295364,-0.12470549440011383,0.676940042115748,4.165890930145979,8.502751034498214,17.78016429901123,18.051147236824036,20.253956518173215,9.769151798486709,3.6166561670601367,0.8775510626286268,0.11607318833470344,-0.0021438910067081373,-0.0011512231081724055,0.5240186062455178,1.9761972147971392,6.001753830909729,14.418862686157226,25.140190486907958,23.875181276798248,12.733557957410813,4.150214163064957,1.4739219430508093,0.30362049739807845,0.2413073636032641,0.01595922533422709,0.09554562952369454,3.6890816761925818,7.313477348387241,11.92207631111145,19.849464054107667,14.512294429540635,13.302466007471086,5.16562395632267,0.3795438431203365,-0.05809601526707412,-0.16699541889131067,-0.15527685286244375,0.14019286703318357,1.6042536143958568,8.81994298815727,18.249029560089113,20.987208070755006,26.348312268257143,23.366784024238587,5.2339743553474545,0.9252920665591955,0.04429298475384713,-0.28473400361835954,-0.029916503280401234,0.11965600745752454,1.2055289141088725,7.243805566141383,15.79455319404602,30.684470472335818,16.23780791759491,19.396547731161117,3.182129385173321,0.7613947426527738,-0.04278918914496897,-0.20241559152491395,-0.20829692980274558,-0.0460657409392297,0.8688319087028503,6.601851695775986,18.124368362426758,22.91706109046936,15.163946475982666,12.780089841932059,2.3350048013031484,1.6412625493109225,0.3160759074240923,0.16308188555762174,-0.19512607164680956,0.07576506688725204,1.5662372572347523,8.690088329315186,20.222696237564087,32.30849157571792,28.081357541084294,9.029751789569854,1.1131636290811002,-0.21321175281889734,-0.24016020573675637,-0.054312972500920285,-0.10617702551186084,0.12804479694925247,1.4243574334168807,5.656495742797852,14.149831557273865,23.959966988563536,19.730081409215927,9.844462468624114,1.1338559673726558,0.4771047566086053,-0.009357704371213893,-0.1930660830438137,-0.11476497078780086,0.005134348627179869,1.5249981377087534,3.2422518010437487,17.325504341125487,24.052154502868653,22.579310923814774,10.982955586910247,2.4678832855820656,1.0347715444862842,1.2102065503410997,-0.06495096720755102,-0.23731880416162307,0.04999755362514408,0.5655786875635386,5.797548844814301,16.45189826965332,18.553264446258545,28.51455619812012,12.947975831329822,2.984122045114636,0.6864620879292488,-0.07605240479111673,-0.2378225603699684,-0.1460510548204183,0.08053468412254008,1.1086353042721748,5.0420707353949545,18.29660066604614,33.93018091201782,24.535136277675626,14.126481025218965,4.467090604901314,1.1343804245814681,-0.22774443477392198,-0.12996818058192727,-0.20428369662724438,0.060742701385170225,0.9760231863334774,6.705601246356966,18.673228483200074,23.785222306251523,28.732495926618576,7.940765214562416,5.256978002041578,0.4459249976277352,-0.16419010069221257,-0.15080997318029404,-0.23174365997314453,-0.029470062364125617,1.121138951294124,5.942507951259612,15.255890522003174,24.722862901687627,17.093641969561578,8.326614232063292,2.910723450863734,0.8838913918659091,0.04840280611068011,0.14240345319733022,-0.1427529354393482,0.09202208667062224,1.082717497269623,5.336533151865005,15.048612713813782,24.150706577301026,28.063177529126403,12.36756484031677,4.725942088514566,0.4596135418862105,-0.1706143608037382,-0.2880030079931021,-0.259764264523983,-0.10609075846150517,1.0372830917686224,5.007922868281603,17.101274394989012,19.84722929239273,17.16976770401001,11.972095632553101,1.4534311915934086,0.9827625185996294,0.1948543272353709,0.10972066778340377,-0.053738096747547405,0.06746447465382516,0.42977314170449976,5.668021510243416,12.263445978164672,24.482233753204344,25.62433927297592,14.890147837400438,2.046867907196283,0.2677549288608134,-0.21780995368957518,-0.2548096862435341,-0.22731166223529725,-0.10248299376107753,0.5125445247069,5.618706135749816,11.00292000889778
13,369.85646362304686,434.9383819580078,299.72494049072264,180.3821876525879,89.58418045043945,66.96200294494629,85.36895065307617,69.48609275817871,25.784220886230468,27.330613899230958,67.7514877319336,163.25175018310546,398.62168884277344,388.3495153808594,244.0443029785156,126.44321334838867,85.0267197418213,65.99511268615723,107.48200454711915,71.45118148803711,33.28860067367553,27.62876949310303,67.78009431838989,203.2857243347168,396.80828125,495.2079235839843,326.53376876831055,179.12206741333006,116.58772743225097,83.40535568237304,131.8586456298828,77.08070426940917,32.39857369422913,20.77926945447922,63.19068136692048,203.65268753051757,424.80485107421873,441.651728515625,333.1420388793945,179.27187713623044,100.99751022338867,82.97736804962157,113.79368453979491,70.52952545166016,30.616549291610717,20.597234253883364,46.6947872543335,176.20372261047365,387.3087954711914,471.83899414062506,281.45880554199215,128.14847106933593,83.34485664367676,79.75780071258546,102.54538963317873,76.41352416992189,29.038226108551026,17.271691030263902,44.40074392318726,158.39897689819335,405.4133810424804,469.6748211669921,240.59344619750976,142.23599533081057,75.35103622436523,83.4426676940918,88.65855499267579,71.18600509643554,34.37005772590637,17.758527463674547,54.45391981124878,172.10278907775879,367.8323614501954,429.4741290283203,292.0230740356445,133.8560870361328,71.73074375152588,73.32909461975098,84.76393051147461,66.09312988281249,23.09123152256012,12.171005306243895,48.86428662776947,165.7192752838135,409.71428649902344,496.0717492675782,337.96481079101557,126.16880996704101,99.27953826904297,75.27592544555664,92.08404914855957,68.82624176025391,28.14897016525269,16.764464478492734,46.34532035827637,199.82295623779297,361.95650939941413,376.7428283691406,258.0966061401367,129.8142552947998,93.91075939178468,79.35912147521972,96.8630768585205,72.21478736877441,25.18818250656128,13.24647879719734,42.62022714614868,166.79336433410646,381.07681793212885,491.02804687500003,296.8641732788086,159.4615643310547,93.11876426696777,73.24017707824706,98.08283187866212,69.18265449523925,25.915254745483395,15.861442627906797,33.953839021921155,177.019934387207,417.2898571777344,448.1102026367187,265.2408883666992,156.61395683288575,90.79992980957032,79.13738677978515,94.35934906005859,61.119962959289545,25.060753902792932,11.99835252761841,33.39949132919311,146.30064945220948,368.65145202636717,444.8816912841797,318.58679748535155,127.51939575195311,97.9828776550293,59.210626220703126,85.53140045166018,52.08826438903808,18.596059651374816,12.863916179537773,39.78910322189331,158.6636524963379,394.6764971923828,429.0929705810548,311.70407989501956,152.58041450500488,71.17655117034913,59.039516067504884,88.66940719604493,68.69998710632323,32.614920959472656,17.47427046537399,35.236658406257625,195.51817626953124,384.8705627441406,381.2897528076172,319.7024462890625,140.4680847930908,65.77394271850586,69.79352516174318,72.03337146759034,51.320088157653814,27.509927768707275,11.69348802447319,46.70121662139893,168.05966979980468,396.38511978149415,427.71515625,332.90094238281256,157.24313690185548,87.36778991699218,84.40543991088867,97.42503852844237,54.3230564880371,18.707670364379887,9.317382287979125,31.352730712890626,176.07965198516848,383.9330139160157,513.1685711669923,274.0705863952637,125.16034091949462,62.65897024393081,63.46399475097657,87.57791664123536,51.56640571594238,19.400130438804624,16.93243395745754,24.335507035255432,152.13301940917967,395.1667102050781,475.05463256835935,318.72560699462895,141.03245445251463,76.70402641296387,64.02847393035889,97.94970079421998,56.026817550659175,23.166055589318272,7.6127014645934095,30.161979846954342,164.03053359985353,390.4182012939453,443.02807769775393,288.7271670532226,160.45490539550784,74.40997119903564,46.70804285049439,64.1593922805786,54.552118000984194,14.356066609621047,7.526399264335632,39.74436378479004,168.78766937255858
14,0.7460533589124679,1.5351371765136719,0.49893574267625806,-0.03682393580675126,-0.044126685708761174,-0.024362260103225647,-0.020560631342232204,-0.023191992007195898,-0.02702068472281096,-0.02943562231957906,-0.0148539040237665,0.12473851516842842,0.17904142876766854,0.5030819025402888,0.23361878245952536,0.009188540652394304,-0.016598929576575727,-0.007819382511079281,-0.00992409338243302,-0.013252691528759858,-0.01452028442930892,-0.015620409513066957,-0.001340004386147489,0.017368977243895616,0.21127582022571004,0.24684410534799098,0.1915957607515156,0.07140919305849822,0.0014231916051358276,-0.005376607491634757,-0.004879481932148305,-0.005798992976196992,-0.005774585506878751,-0.0052531599719077,-0.0012281087599694527,0.05880384549673179,0.1710819988523144,0.22776121614675499,0.16168960642302405,0.037082588989287624,-0.03423515518661585,-0.01619562953710551,-0.009840472722426013,-0.007028625272214371,-0.005517350293230216,-0.00520134974445678,0.005079580903984608,0.03533074279082937,0.1809577618865296,0.3475623687542975,0.19720576481460741,-0.012190304758260006,-0.02160140677588056,-0.008591351793147592,-0.0059283911716192525,-0.005204981830902349,-0.00488101496594022,-0.0034175634670100007,0.012636675165267664,0.03820233084610661,0.27726457329466936,0.3808499065041541,0.1922638089209795,0.0530176241043955,-0.016065865876153083,-0.013591738184913965,-0.010430048340931504,-0.009262019360903605,-0.008758024172857355,-0.007567690030846247,-0.000669098759535681,0.05415393523871896,0.1295005386509001,0.2582393241731915,0.1708134724711999,0.1301352759404108,0.05202054474502802,0.025296674609489856,0.011964270306634722,0.002901301866950252,-0.002131847185082724,-0.003577861269004636,0.0027657413692213683,0.0499714852462057,0.22859679226181467,0.22596279616253012,0.26409837199375036,0.0897288105834741,0.013814242177177227,0.0019015420519281276,0.0010656254063360683,-0.0008232146670343039,-0.002014886747347164,-0.0021729052491718573,0.005550379739142951,0.043846165708382595,0.26372860615301763,0.29044554334133854,0.2501274094451219,0.11213833669666202,0.0075337136373855515,-0.010128852718044054,-0.013279365177731936,-0.015600654279114645,-0.01814314568997357,-0.01794365417939841,-0.0037648275686660458,0.010242770492623097,0.1322162125818431,0.32520033389329905,0.2248619804170448,0.07323755823541434,-0.004092662124894527,-0.0087260360177606,-0.009624694101366876,-0.010524696791544514,-0.011340802451595612,-0.009743518503382781,-0.003176631699316184,0.017404276353627207,0.18329556835815305,0.33159101620316506,0.20259152768179772,-0.0033246458671055716,-0.014481690516695322,-0.009277438772842253,-0.008710553005803333,-0.008972932726610417,-0.00880001553334291,-0.005717994968872487,0.001681317712645996,0.06714194032974773,0.1794794091489166,0.19223047528183085,0.18739542084746066,0.03994698417838665,0.007873991373926432,0.001398599930107626,-0.0024784752633422317,-0.005395086631178823,-0.007211848041042636,-0.006713235480710819,0.011595681779035683,0.021037678498541913,0.3245972246368183,0.5580388670507819,0.325604872709373,0.16017936696764082,0.02590308830142025,0.001744149005971897,-0.010941246662987337,-0.014534369402681435,-0.015392968063824768,-0.016082367585040582,0.02483869449468331,0.07651095032808372,0.17086963716195896,0.27317385890521106,0.35133126612287013,0.20726363344700074,0.03780003378167751,-0.0055704294657334345,-0.017317963240202478,-0.024684323070832702,-0.0287133165239356,-0.03066916243173178,-0.01943990809493696,0.02585085841827096,0.1483652705699205,0.3797638539550826,0.140933098285459,0.10793328597676011,-0.008356994595378597,-0.012781194746494248,-0.015979009837610605,-0.017887336965650272,-0.019036558968946286,-0.01895611654035742,-0.0017245578080473671,0.02343407513108105,0.2662296038004569,0.2710538521129638,0.18105169253074566,0.08081464553251862,-0.005472016109852099,-0.016270521754777258,-0.02096035725902763,-0.02130556325893847,-0.022111111250705993,-0.01981427101491132,-0.008863798254169497,0.0800664264615625,0.07302068163640793,0.20595782485790548,0.192529365431983,0.0003820564830675943,-0.01625826172996308,-0.007741362615633979,-0.006745020910166164,-0.006375822951085833,-0.006084879641421108,-0.00558345464523878,-0.0014152367599308238,0.03700301421340556,0.3439132740476635,0.20610287513816727,0.12608291563810778,0.032286560327629575,-0.009952969698497285,-0.005765338334604124,-0.006374734411947384,-0.006837049716402773,-0.007021107603795776,-0.0068432412459514605,0.02440267823170871,0.19767565264832226
15,-4.5904899597167965,-4.907717704772949,-3.5617154121398924,3.6973143577575684,29.089038848876953,73.94767303466797,166.96549224853516,310.91900329589845,190.03363952636718,85.27497787475586,5.308281874656677,-3.9101428031921386,-5.278256187438965,-5.360964651107787,-3.332166628837586,4.861701500415802,36.903923177719115,69.35427757263184,166.21111938476562,289.82157958984374,233.67261291503905,84.20647018432618,6.164056782722473,-3.962175302505493,-5.290050659179687,-4.600928120613099,-3.6832855868339536,6.826351189613343,41.57914241790771,81.27722862243652,168.0818978881836,298.25567932128905,276.1120336914063,92.00741058349608,6.771401090621947,-4.336986994743347,-5.302646026611328,-5.398385009765625,-3.018856542110443,7.421382880210876,40.250343494415276,82.54514930725097,151.38797653198245,318.12790954589843,282.719130859375,87.88503677368163,7.6495425891876225,-4.348930010795593,-6.415489768981933,-6.099434967041016,-4.346568384170533,5.745011973381042,36.973437757492064,74.94249099731444,165.15650848388674,344.9824981689453,273.282529296875,99.62430061340334,11.337301385402679,-4.809791374206543,-6.677909412384034,-6.38138547897339,-5.115728425979614,5.655506324768067,35.48372249603271,75.7679598236084,176.77427185058593,327.0473284912109,305.10713287353514,98.2688554382324,7.7367482137680055,-6.32430788040161,-7.860882816314698,-7.842534370422364,-5.998796987533569,4.64041732788086,35.81894622802734,79.6755433654785,175.53291564941406,362.4743817138672,309.23260498046875,96.42199813842774,6.625672416687012,-7.39734016418457,-9.510044193267822,-9.203246688842773,-7.553598012924193,7.397571983337403,42.913518772125244,86.59945068359374,169.84467498779298,312.81422119140626,310.07975708007814,129.3911605834961,4.401079125404358,-8.341156034469604,-8.004690027236938,-7.649443187713622,-5.794359016418457,4.686539955139161,39.39215660095215,82.84147888183593,178.9871041870117,347.196513671875,274.6865692138672,90.42854888916015,6.961793346405029,-7.237162923812866,-6.720810594558716,-6.690855484008789,-5.840838489532471,2.33266327381134,37.635638551712034,75.97524703979492,158.92808410644528,318.8897290039062,309.1845880126954,99.57543991088866,8.525515649318695,-5.386565823554993,-7.720079889297486,-7.524895839691162,-5.971565990447997,5.252725038528442,35.73593368530273,86.7144921875,165.17347442626954,319.3224859619141,287.02500122070313,95.98264892578125,8.913550019264221,-6.638611459732056,-7.24906891822815,-6.7803798580169685,-5.122401013374328,4.131457262039184,35.02297147750855,73.09161239624022,152.35025756835938,314.15436462402346,284.9878155517578,103.47655555725098,10.722139911651611,-6.3520000410079955,-9.20114869117737,-8.604453659057617,-6.508470902442933,1.1809407472610476,38.111951618194574,76.35189331054688,151.67873413085937,359.87273437500005,338.1815838623047,118.33565940856934,8.721052820682525,-8.99227556705475,-8.189425897598266,-7.542858209609986,-5.728787822723389,2.0566283464431763,24.73622546195984,56.73273796081544,140.87864120483397,291.27730957031247,306.36464233398436,96.93452644348146,6.366437591314316,-6.940868582725526,-9.731119499206542,-8.964804582595825,-7.096399974822998,4.033778419494629,36.936847047805784,81.67063934326173,169.51765045166013,343.8017568969726,398.5140161132813,151.97383224487305,11.947216005325316,-10.772995233535767,-14.004763164520265,-12.97592933654785,-10.82860644340515,0.5017742633819582,28.567831211090088,77.44248214721681,168.36481201171875,363.56802642822265,387.69716064453127,132.80061561584472,22.053981895446775,-11.175505537986757,-11.125976018905638,-10.381810455322267,-8.283397912979126,-1.4428915405273433,29.368988609313966,70.5772102355957,158.95156982421878,332.0215301513672,363.0317959594727,117.16832305908204,4.773313226699829,-10.47684672832489,-8.660720348358154,-8.251166839599609,-6.570912823677062,3.8282388544082644,24.422907066345214,56.82682022094726,144.70268676757811,297.6986639404297,292.8134729003906,128.4196636962891,12.201709201335905,-7.188326778411866
16,15.48538236618042,12.851495361328125,32.807921409606934,84.7242301940918,129.12938385009767,193.1579833984375,376.2033935546875,374.1160461425781,193.0224609375,136.77185974121093,108.90305042266846,52.129987716674805,33.18825635910034,25.94565348863602,58.621185874938966,122.93926635742187,190.83450546264652,214.00765884399416,336.7413372802734,413.80678039550776,243.27694702148438,139.45243148803712,82.41073722839356,41.1365573501587,28.194945735931395,37.72017862319946,73.95398807525635,146.13805740356446,150.38136322021484,204.19044677734377,345.8602294921875,430.8117651367187,317.37872924804685,128.2776383972168,81.37570201873778,52.20281040191651,25.915739746093756,30.912503757476806,60.227276000976566,115.0756216430664,180.41590759277346,198.40360534667968,292.58990295410155,436.3810888671875,299.9629690551758,121.34440063476563,78.31520195007325,41.02667043685913,43.41745006561278,30.399494514465328,77.04659801483155,138.8840916442871,167.97886581420897,192.40171569824219,342.5796215820312,512.3863403320313,366.0673922729492,170.2943313598633,91.69430427551269,54.17485557556152,32.772806062698365,24.280230388641357,52.31752178192139,107.8188193511963,201.62292999267578,190.00171768188474,349.2143255615234,460.3430065917969,273.10201812744145,172.25161575317384,106.29167533874511,61.30571701049805,32.765564670562746,29.638896770477295,66.73424674987794,109.11470439910889,126.75125015258789,155.02692840576174,379.06005187988285,472.06355957031246,361.9824438476562,172.6308430480957,106.9719123840332,45.500990295410155,36.98180601119995,30.022250843048095,52.986581630706794,106.17333404541016,138.083251953125,183.0050611114502,341.3543031311035,499.64424804687496,322.1220385742188,188.02766250610352,100.40820812225341,55.22821197509766,32.67242748260498,33.4250891494751,66.70680533409119,117.05014045715332,152.78609390258788,193.74735198974608,378.18682617187494,511.9927551269531,333.2933856201172,199.4189096069336,101.55070972442627,63.300229377746575,37.255992898941045,27.309286251068112,66.73687099456787,142.26405838012698,199.7840933227539,195.25499511718746,369.66070007324225,449.9970709228516,350.9359503173828,240.32240653991698,105.80319911956788,60.40038726806641,48.92428674697876,46.3910718536377,92.30212005615235,151.42563690185548,149.62128814697263,194.2500173950195,313.24693908691404,469.66190124511724,351.8179895019531,197.47151145935058,117.78742919921874,76.26199493408203,43.86275928497315,38.92451189041138,77.17460762023926,150.47111618041993,181.33946746826172,225.2643264770508,358.10080078125003,485.1726135253906,281.3806433105468,170.9254672241211,114.79974349975586,69.16140846252442,41.620485649108886,36.64960906982422,90.78159732818604,172.623380279541,204.92547454833985,201.56564392089845,300.0309600830078,475.5503155517578,353.16248413085935,223.9506048583984,108.00078323364258,52.905042343139655,38.610283889770514,34.19170051574707,74.63265722274781,151.2154182434082,173.94919067382813,159.95100021362305,295.58204528808596,411.64350158691406,295.2461224365234,201.51109786987303,143.63758422851564,73.17555194854737,60.91109092712402,55.73357600688935,96.09689426422119,173.46760391235352,166.86526504516604,207.69586891174316,365.8984204101563,522.4812121582031,410.46935821533197,241.75798797607422,134.01197158813477,103.02092624664309,64.18951079368591,53.081074562072764,107.9341744232178,154.70415237426758,169.58951293945313,191.75837188720703,383.41292114257806,568.3308312988281,343.9204418945313,259.1069009399414,157.91629974365236,92.96049819946288,70.34990822315217,31.28270415663719,58.704888420104986,146.28668319702146,154.34681411743165,213.30173034667968,369.67905700683593,529.6979528808594,414.1118533325195,237.82677612304687,203.29393295288082,91.43328834533692,62.859170837402345,49.379897594451904,75.74317649841308,167.75300979614258,211.31003036499024,202.64336212158202,352.33350524902346,518.4424768066407,411.1901342773438,251.52683166503908,195.77175811767577,94.40221214294434
17,8.771375179290771,9.482445859909058,12.12948797941208,2.8101854801177977,-0.7812009163200855,-1.2084969520568847,-0.7570733418688178,-0.1421863382682204,1.9330029491335154,2.3846370339393617,4.561607408523559,11.73472032546997,8.605642561912536,8.313636112213135,7.826243965625764,2.666890400052071,2.059911058135331,0.4816665139421822,-0.4830135532096029,-0.29296045886352656,0.3516192755848169,3.599927475452423,4.750687361359597,11.111594495773314,8.704596638679504,12.222185974121093,5.359639406204224,2.5203834642469882,0.7329651005193591,-0.11418741360306739,-0.24259167863056058,0.16986277487128973,0.5200289628468454,1.6733297088742254,4.527806315422057,8.083677997589112,10.182497034072878,8.73609332561493,9.141701238155363,5.233407375067472,0.8521259870380161,-0.15512722652405503,-0.663849190780893,-0.3347067048214377,0.036846365770325074,3.485647988915443,6.409606945514679,6.665147848129273,9.522630057334899,12.828649191856382,10.323839040398596,2.2571766531467437,0.05281470358371736,-0.2385457064583898,-0.32829085167497396,-0.013291446268558507,0.28322090886533263,2.834549525380134,6.353114695549011,9.010185213088988,11.668479909896849,10.837917175292969,9.960190350413322,2.0557009494304657,0.13513468600809572,-0.05808964665979146,0.038107541054487236,0.4015991014614701,0.583483531284146,2.0596913315355776,5.4935445928573605,9.36897649526596,8.536211004257202,8.913010989427566,5.6117888450622555,2.6272387449443335,0.5735073698684573,0.31840666037052867,0.15303212169557812,0.3896011428069323,0.3204819855466485,1.473850485086441,6.1946130657196035,8.876893544197083,10.844361276626588,8.574548954963685,6.60680388212204,2.44117275416851,0.9258070570603014,0.3635588201135397,0.08364254530519244,0.1856567078642547,0.44752712938934563,1.8540556952357292,6.014713394641876,9.422445788383484,13.011504168510436,8.342313911914825,5.407781233787537,3.183382542729378,0.36076751502230764,0.24318094942718743,0.13069611001759768,0.1714306361880153,0.4171693348884583,2.283826357424259,5.071953268051148,9.100842452049257,10.73059087753296,13.14137306213379,8.304352750778198,2.036180330179632,-0.5672093670815228,-0.48333264199085535,-0.31852929648011924,0.13852628953754903,0.1102423915825784,2.1183974704146387,4.195139236450196,10.800830087661744,11.330032081604003,9.374122412204745,8.191390328407287,1.6543712136149402,1.050835728943348,1.3544789804890753,0.14546800869051368,-0.030658262912183987,0.0520709604769945,1.0200016744434832,4.55908179551363,10.713925528526307,10.334147124290467,13.46503798484802,11.009280033111573,2.189407436847687,0.1908490904420614,-0.2897941415291279,-0.4494879936426878,-0.04657136077992619,0.2278387489169836,1.5691222572326662,5.415448553562164,8.199380223751067,12.55705666542053,11.951995134353638,6.34433754146099,3.0212028086185456,0.9824196857027709,-0.21835781499743462,-0.2777030317485332,-0.07478714495897296,0.181470445767045,1.6380548229813576,5.291335444450379,10.08914537191391,11.399714007377623,9.688173809051515,5.888036065101624,3.090633056461811,0.5592232778295874,0.1544816358759999,0.036017409525811686,0.17981776175089179,0.34635459085926407,1.9074672883749009,5.8951105213165285,8.077859306335451,11.109190402030944,11.626354898214341,7.017528414726257,3.1588364626467227,0.9171170727163555,0.5176167166791856,0.011454915869981059,-0.05590256627649073,0.18225610447116194,1.8546112266182901,5.252150656878948,11.356451473236083,13.93441614151001,13.494909539222718,10.523206900358199,5.703389973044395,-0.33288506288081404,-0.8695874460972846,-0.8950457417406141,-0.5978373340703547,-0.34142679048702124,1.1984487152099608,4.946110874414444,10.444302965402604,12.670763692855834,8.541982593536378,8.152646038532257,2.3216537591814994,0.18881448891013858,-0.0732107676193118,-0.09332084611058236,0.10872275265399364,0.29420338173396887,0.7252590200304985,5.17985625565052,8.06160758495331,11.008078546524047,8.928933005332947,9.04272361278534,2.674258868470788,0.5361709639802575,0.09019284455105665,-0.007922615557908975,0.1483975221030414,0.26812521606683726,1.1254010559618473,7.629233512282371,9.507719186544417
18,13.651803684234618,17.41158103942871,16.00020761489868,47.73818817138672,41.678437042236325,24.615045642852785,66.06572875976562,58.44286041259765,24.239429473876953,27.44290132522583,46.3977342247963,32.844453525543216,28.072514562606806,25.49757928848267,40.00106950759887,67.46686222076416,62.86071613311767,33.08208225250244,61.27432403564453,73.4828157043457,35.829830398559565,28.228799579143526,18.90350229024887,16.74329813957214,28.1837410736084,28.945739059448243,51.059760627746584,82.24759719848632,50.66917236328125,29.876449012756346,65.10881660461425,70.56052696228026,46.11706428527832,27.529708347320557,16.950031259059905,23.228633441925048,21.085808029174807,28.710083770751954,38.94259432792664,61.23524206161498,57.37348045349121,34.66746036529541,53.25713457107544,71.97756729125977,42.47572429656982,26.310441021919253,18.342353811264037,16.499629073143005,33.85961227416992,27.55760522842407,53.974727630615234,74.6383097076416,53.12632194519042,35.43995166778565,61.62596168518066,79.44462387084961,51.26352073669434,38.13995712280273,16.4050892829895,22.763104171752932,27.716834888458248,25.66848034143448,33.866193704605095,51.89677150726318,67.13471214294434,34.70965435028076,60.26181762695313,75.79815292358398,38.85163106918335,32.77812358856201,26.166724238395695,26.131487827301026,25.152500038146975,27.940427322387695,53.28713443756103,56.082799243927,46.18896451950073,27.17235816955566,61.709744224548345,80.72827850341797,51.298649902343755,35.969036426544186,21.390198831558227,17.227179441452027,28.405720901489257,27.831221637725832,37.88305791854858,53.446126537323,50.99885393142701,28.90833172798157,59.086459197998046,79.62161521911622,51.45658962249755,42.2358251953125,24.119995822906493,22.037680339813228,25.682724990844726,29.005382232666015,48.66821364879608,64.75312259674072,48.850351600646974,29.842848987579345,63.469538345336915,92.89917198181152,56.96140167236329,49.332460937499995,22.69377112388611,23.121257400512697,27.22561737060547,28.548256340026853,51.30245246887207,69.39919242858886,63.80901519775391,31.95568141937256,60.96874179840088,75.65767417907716,51.91973148345947,50.38534228801727,27.716813712120057,23.21666988372803,35.26733024597168,34.23488906860352,64.80978149414062,84.09977973937988,51.07262809753418,33.27002275466919,55.15513221740722,88.39664596557617,57.10962158203125,46.249523200988776,31.2842577457428,29.280952539443966,31.75262628555298,34.583700046539306,54.91207993507385,89.96054779052734,66.58689296722412,44.7972953414917,62.247184677124025,83.88280548095705,46.05237739562988,39.00056449890137,29.799634938240054,27.321327629089353,28.348162612915036,30.798094711303712,66.36332752227784,99.2802300262451,63.18014877319335,34.23873649597168,52.49684967041016,84.624527053833,48.13459571838379,47.24973423004151,26.80183896541596,18.723867530822755,27.85058135986328,31.31913608551026,50.00809003829956,80.44436737060546,62.79089004516601,29.299843444824216,52.81137924194336,74.32704010009766,45.67287826538086,50.50867712020874,36.560516862869264,25.745409088134767,35.12702646255493,48.52833946228027,65.347681350708,103.83609003067018,65.75447345733642,38.619185876846316,58.67196960449219,84.30354209899903,63.40696252822876,51.353551902770995,36.578069653511044,46.70744718551636,44.59787899017334,45.499471006393435,80.37118881225585,92.43467178344727,57.8143758392334,32.061805152893065,77.89846168518065,96.80799987792969,51.911982879638664,55.01767629623413,44.496130561828615,33.81137409210205,51.275018959045404,33.19373518228531,44.23262910842895,73.10202117919921,55.60510940551758,37.637224922180174,69.34515632629395,106.35368240356445,70.37155754089355,51.039726181030275,60.57173793792724,38.03076864242554,46.21797145843506,37.38360560417175,54.243119659423826,96.02802856445312,74.43494014739989,38.908330764770504,67.03803977966308,107.61958175659178,67.75468425750731,47.48486974716186,51.50672370433807,42.23248207092284
19,-0.9482035875320435,-1.221760869026184,-1.3600967168807983,-1.429807710647583,-1.39490966796875,-0.9922358155250549,5.7917118355631825,27.755598068237305,21.8635196685791,7.15079894065857,1.6789701461791993,-0.324988828599453,-1.6338812828063964,-1.7164892339706423,-1.7037182211875916,-1.7193276929855348,-1.4695941627025606,0.1923746991157532,8.299807257652281,28.451967430114745,30.710738148689266,7.381800539493561,0.5711189815402031,-1.1824487608671188,-1.3161718654632568,-1.5031076967716217,-1.5975256729125975,-1.6252388572692873,-1.3232215243577958,0.5849067941308022,7.208437880277634,23.738000869750977,22.538804092407226,7.013511962890625,1.0348405668139455,-0.5450493147969245,-1.1621532917022706,-1.321303682923317,-1.4398069548606873,-1.557958836555481,-1.2538092094659805,0.15396221578121186,6.2965797591209425,26.8623924446106,26.738378047943115,6.203071300983429,0.769267435669899,-0.8299531313776971,-1.740675208568573,-1.770955834388733,-1.7842393159866332,-1.7613914442062377,-1.5623024415969848,-0.5017220520973206,6.4994135510921485,22.926037697792054,24.76730630874634,9.682672530412674,0.7336996543407439,-1.0361909505724909,-1.132629555761814,-1.431412682533264,-1.5713552761077882,-1.5796060848236084,-1.3910663628578184,0.35136076211929324,7.751936726570129,23.708800239562986,21.470184288024903,7.002085990607739,1.236339846253395,-0.341476756632328,-1.3396734535694121,-1.4773192858695983,-1.5434634971618653,-1.5552438688278198,-1.3473562562465669,0.08618249267339703,5.969176797866821,27.430873832702638,29.64268274307251,6.15451703608036,0.3082334384322166,-1.1028747320175172,-1.9693262910842897,-2.120464370250702,-2.0253618431091307,-1.9418464708328247,-1.642756359577179,-0.18157987236976622,5.851849792003631,19.839321269989018,28.018519592285156,15.629948747754096,2.7610753375291828,-0.9237793725728988,-1.3099107897281648,-1.5334986853599548,-1.6206185054779052,-1.6269792413711546,-1.3709339725971224,-0.14186195254325867,6.812660555839538,26.590031471252438,23.8418519115448,5.123506330251693,0.6323629018664361,-0.8113954967260361,-0.9878422349691391,-1.2271728825569155,-1.3615237045288084,-1.4235390424728394,-1.3413833713531493,-0.18048130631446843,3.771941395998001,15.561011428833007,15.727717742919921,4.349034440517426,0.9545536112785339,-0.3241113483905792,-1.0632423591613769,-1.1908823692798616,-1.297615703344345,-1.36984126329422,-1.175539901256561,-0.3738267689943314,5.425619693398476,19.450239505767822,24.87065970420837,8.313131254911422,0.9364836901426316,-0.5624113807082176,-0.78134989798069,-0.9768689072132112,-1.1052071571350095,-1.1802036356925965,-1.1087398719787598,-0.32743300706148143,2.687652693092823,9.193709564208984,14.086197662353516,5.065901434421539,1.0159391747415065,-0.2439487797021866,-0.7894500887393952,-0.9704357898235321,-1.0476067626476286,-1.0817860388755798,-0.9299000710248947,-0.07962997317314148,4.4458306023478515,20.318801355361938,23.771192626953127,11.68986255645752,2.00454766780138,-0.31003887742757796,-1.0991308849304915,-1.182714663743973,-1.2356926834583284,-1.2356887483596801,-1.005543987751007,-0.21702766060829165,3.7378915411233904,13.891502084732053,18.05913080215454,4.327518959045411,0.5459458562731744,-0.503470963537693,-0.8692889702320098,-1.0624335515499115,-1.1812851476669313,-1.2417299509048463,-1.1227408671379089,-0.15992910027503968,3.620710288882256,11.934776802062988,21.92243324279785,12.59774034023285,1.4586076170206073,-0.15720186471939085,-0.9916282033920287,-1.1405465483665465,-1.2110097473859787,-1.2872150230407715,-1.1624324375391004,0.4387925523519517,4.680317633152009,11.425133743286132,19.927985305786134,8.412606637477875,0.7828847761452198,-0.6430745501816273,-0.6195299926400184,-0.7942050898075104,-0.908590430021286,-0.9759501957893372,-0.9461727091670037,-0.15463176652789118,3.66672263264656,9.52917314529419,15.08901762008667,5.101250494718551,1.2888823264837266,0.04042949020862579,-0.5421822780370712,-0.7503229728341102,-0.8732292234897614,-0.9652849817276001,-0.9784496128559113,-0.5168403249979019,3.8038107252120974,9.906288108825683,13.781689066886901,6.512416849136352,1.4259968456625938,0.0018345361948013145
20,-1.4342930972576142,-2.6585240364074707,0.573335599899292,15.798270605504513,31.388042831420897,7.631902360916138,16.736974716186523,15.575863313674926,2.4924291610717773,40.16345663070679,122.58528547286987,47.98235647678375,5.238005211949348,3.985208587050438,10.146331582069397,87.27292083740234,84.68415954589844,17.66860631942749,20.923950307369232,20.395105152130125,12.073899364471435,40.960920658111576,50.545294723510736,13.735388972759248,6.402342600226402,1.51068608045578,14.600875423550608,102.83766738891602,67.02758922576905,15.63530026912689,19.94409423828125,18.011367244720457,14.299019355773927,35.073734927177426,47.902636194229125,19.442528429031373,4.419617893695831,5.837370316982269,14.214846869111062,62.89992790222168,88.92250120162964,17.556283519268035,16.186025247573852,20.907908420562745,11.672579181194305,32.45602190971374,58.80249675750732,23.463606332540515,11.061326978206633,2.986757410764695,29.961235624551772,104.56630062103272,78.44771204233169,22.331236374378204,21.55792902946472,26.35569682598114,14.418633824586868,38.74828542232513,45.48832076787948,22.04321328639984,8.606175299882889,2.2303934609889984,12.38135740995407,57.91355591654777,68.08992248535156,16.64288388252258,17.39767144203186,20.84187114715576,8.818717432022094,39.28790134191513,67.58918418884276,29.16480454444885,5.139732475280762,4.748271945714952,34.93246885299683,78.60285914421081,65.44010284423828,16.99440457046032,17.077318840026855,22.795790176391602,12.90200503349304,47.04876058757306,67.1538712310791,17.18971386909485,9.398588557243347,4.00332433193922,12.0064853143692,77.82945174217224,57.5562955236435,13.499341590404512,16.99045473098755,20.343239250183107,18.298462600708007,54.135885686874396,73.10472572326658,27.113254299163817,5.487424955368041,2.8776767551898956,18.05249563097954,108.20166036605833,61.17498331069946,14.933957090377806,17.98804511070251,30.09690156936645,16.358590141534805,52.386711578369145,81.10002852916718,25.573880791664124,5.457549299001694,3.0181630134582518,29.894559799432756,85.13903825759887,77.00730831146241,17.374111251831053,18.233950392007824,20.566686115264893,14.219724249839782,49.028825887441634,69.48316750049591,28.36879725694656,20.469725754261017,10.354009999036787,48.58257277965546,144.06910415649415,79.59897377014161,19.011796045303345,16.45919735431671,30.999286446571354,17.916806881427767,51.601281490325924,109.4173804473877,47.07342460274697,10.309711756706239,9.049570695161819,35.99259553432465,119.3955289554596,92.00083461761474,25.92914579749107,21.582427616119386,25.357973957061766,14.188267588615417,55.605432968139645,99.18804113388062,44.80740942955017,11.823044519424439,3.6196265614032748,43.044913506507875,140.5724577331543,94.03431777954103,16.597650043964386,13.917358117103575,22.219149570465085,9.984848320484163,52.8469570827484,82.4005644607544,22.009325919151305,9.020619085431099,5.173819872140884,22.294202766418458,100.39541511535644,84.45214904785156,17.22477822780609,16.881991782188415,21.354540843963623,11.918504483699799,55.83241626739501,106.70260640144348,38.890576521158216,25.973669642210005,37.612376016378406,41.40361731529235,151.72322410583496,123.30539461135864,21.824446222782136,16.82428988456726,25.952100524902345,18.038427152633666,53.66922856330872,121.30768192768096,76.49675918102264,20.92150488615036,15.85155534982681,65.01236278057098,116.31833557128907,78.56743566513062,16.01564946651459,22.29212282657623,34.33258499145508,12.40930284023285,71.21991985321044,129.03320222854614,62.46213409423829,29.11267985701561,7.7942360788583755,20.327827405929565,137.04646461486817,98.63431404113769,24.174099740982058,19.9252433013916,36.11667357683182,18.09979804158211,47.94534700155258,145.67129903793335,69.78517162799835,31.488422617912295,14.806121448278427,41.43760272741318,182.99442932128906,126.13804901123046,23.924099147319794,21.548101892471315,36.717539266347885,23.412866840958593,54.867065134048474,116.37603779315948,80.83241618156433
21,38.92749786376953,39.23526382446289,24.540851593017578,12.530502843856812,7.05514235496521,1.547308737039566,1.800426334142685,3.3225421965122224,14.262598478794098,11.745710277557373,17.417842674255372,35.9248779296875,29.721739311218265,34.9598344039917,23.139358787536622,13.192648458480836,4.249240552186966,3.671586108207703,2.4905677318572996,1.7910035371780395,4.774108294248581,13.968661289215087,20.746909074783325,33.125147171020515,31.618739891052247,39.06331130981446,21.28315116882324,10.753091105222703,3.363020122647285,2.34319678068161,2.762514057457447,2.9042391896247866,4.376314973831176,8.217079801559446,18.914442510604857,26.69393829345703,40.54139781951905,39.478459434509276,26.607657966613772,13.252270503044127,5.0584966522455215,2.5391935312747957,2.7773425242304803,2.453108401298523,3.4613752028346054,12.604594802856445,22.019664363861086,23.981056995391846,31.636851959228515,31.038799247741697,32.37469281196594,11.130810928344726,3.6635958993434903,1.5776759698987006,2.040529667139053,1.7793219238519669,3.8903684279322626,10.65163528442383,22.763558654785154,31.408300380706788,35.100296707153326,43.971856689453126,33.473925552368165,11.926533927917479,4.331374468803405,2.3987160217762,2.3924366384744644,3.9966941171884534,4.501280266344547,9.401849476099015,19.570926723480223,33.03781077384949,36.29570169448853,30.411477851867676,24.91564250946045,10.396021938323974,3.2613760757446295,3.350094676911831,2.307922388911247,3.8254453187435864,3.6682954299449926,7.923204114437103,18.211428184509277,29.38495086669922,36.810479393005366,29.755586166381836,21.112814979553225,9.19115200996399,4.206078988313675,2.2191491580009464,3.008723940849304,1.9096958443522454,2.4629835045337676,9.733657550811767,21.699502601623536,32.28652095794678,41.442573127746584,38.55303062438965,22.112164382934573,9.748435559272767,2.775187972784042,1.7928428030014039,2.9795218181610106,2.5647465485334395,3.782337639033795,10.11141729235649,17.09909830093384,29.73241577148437,40.535529708862306,31.655951042175293,20.019701404571535,7.902327406406402,2.998275184333324,2.145026284456253,1.5717273133993148,2.410721573829651,3.123191260099411,6.106117589473724,16.30460930347443,29.41299201965332,38.25691585540771,34.77621912956238,24.963872528076173,9.235911693572998,4.7575841981172555,3.5061823746562006,4.097570307850837,2.168505999147892,3.000082643330097,5.456005499958993,17.601736723184587,27.611850585937503,29.56436071395874,43.282744550704955,32.76695505142212,10.973395328521729,4.877718851566315,4.381005513072014,1.8203155845403671,1.8612576033174992,2.972577092647552,7.046442951261997,14.779881010055542,28.351073188781736,44.85747104644775,38.75418230056763,26.06386829376221,12.106247010231018,4.973632674217224,1.751604686975479,2.345664827823639,2.4427999514341354,3.5090893676877024,7.840080633163453,17.225749254226685,31.560549964904784,31.679242630004882,36.59843421936036,22.497081565856938,12.416283569335937,4.530817885696887,2.1663311231136326,2.280435506403446,1.902603399157524,2.709708512127399,6.408429054021836,17.34355417251587,27.315144271850585,34.4558765411377,34.131113843917845,21.573527908325197,10.891245899200438,4.553365412950515,2.2898739326000213,3.3379450476169596,2.2987349593639372,3.3096612304449082,7.497362713813781,15.978646216392514,31.037746000289918,39.961840019226074,38.566072120666504,24.04989100456238,12.018839488029482,3.1321343606710434,2.864705426692963,1.6218331253528593,1.6729931390285493,2.042005868405104,6.015457373857498,15.614549789428711,29.12496762275696,33.1073715209961,28.77895397186279,26.987844390869146,9.094168348312376,3.5519318500161168,1.9529732477664947,2.205518942177296,1.9112517938017846,3.2398917907476426,4.582443000674248,15.03782863140106,27.22109132766723,40.25637142181397,33.896656093597414,26.756287574768066,11.207673058509826,4.58688103556633,2.1916505384445193,1.7929998555779456,1.838440499007702,2.34098260641098,6.063778294324875,17.902098355293273,25.9683872795105
22,-0.0025242008268833377,0.03844527080655092,0.03098908718675374,0.19060731921344992,0.6110929999500513,0.957487641274929,1.8027817845344543,1.5636993050575256,0.48849754631519315,0.11294082589447496,0.042832251172512735,0.00723715573549268,0.03349148053675885,0.04637686938047405,0.0492001348175108,0.18734923690557476,0.5079245167598129,1.068078442811966,1.6115391248464583,1.3965425080060958,0.7452481998503208,0.18807610690593718,0.07628809891175478,0.014912859769538003,0.040472760647535286,0.02783598452806469,0.07374405886977906,0.12521673904964695,0.24701048288494348,1.0177222589775918,1.425912510752678,1.2599540662765505,0.6195147901773452,0.15369506087154147,0.022480700663290894,0.024737538974732125,0.043495819158852055,0.026251183860003902,0.020393233392387584,0.11898149369284508,0.18218665491789576,0.6709141017869115,1.1327355369925498,1.2939527881145476,0.7470077427104115,0.19136735804378985,0.04724983314052222,0.06295153490267691,0.018376028276979872,0.030256990790367082,0.04279279805719848,0.08448836073279378,0.281295168204233,1.0344137546420098,1.2660639490187169,1.0756818935275079,0.47617985121905804,0.14583083644509315,0.058243695273995366,0.027438002638518772,0.036379053071141185,0.03310657411813732,0.04261056121438737,0.06871268033049996,0.2480318382522091,0.8369035181356594,1.1762825110554693,0.914469718337059,0.4966037110984325,0.18113944094628093,0.014776751575991481,0.0028067541867494287,0.015291383638977956,0.017911368049681138,0.03099266709759827,0.18451680855825542,0.19774950304999944,0.9814269319176674,1.8746709746122363,1.3543370616436006,0.7364299428462981,0.13287503018975255,0.03543069949373601,0.014987311847507928,0.029170165918767404,0.06129535567015405,0.022177927419543216,0.060053500137291806,0.25633946739602836,0.5192430286854506,1.2943301317095757,1.3151439070701598,0.5724266445636749,0.12546315919607873,-0.0012794943712651885,0.005921952109783861,0.03158832387067374,0.027586077349260402,0.03054926767945284,0.072308423127979,0.35075733864679937,0.6902010600641371,0.9368347112834453,0.7671939507126808,0.39089181914925575,0.11170182162895795,0.033014496145769914,0.03363883594051,0.03166051309555763,0.02768663536757226,0.03655597452074285,0.08930367692373692,0.18356274537742134,0.7245485247671605,0.8445258998870848,0.8153103828430176,0.34310142397880555,0.08277526050806042,0.01106345514766868,0.022296508885920004,0.020389808528125247,0.03257391750812526,0.032706609368324244,0.10119564427062863,0.1629743433743715,0.6203637744486332,1.2437674981355666,0.9141081316769123,0.387595394924283,0.09317839959636329,0.03287388162687417,0.01675124712288376,0.02548633150756354,0.04335725683718913,0.017471796013414826,0.0671102044358849,0.3117944119218737,0.7461691087856888,1.00076769053936,0.9732235276699066,0.3135932290554047,0.11109015915542837,0.05327351719141001,0.01676703093573446,0.04939529445022339,0.030888616070151274,0.02919432339258487,0.12852862421423195,0.30723108042962843,0.8527756080031397,1.261401834487915,0.8527449846267701,0.37741755187511444,0.060612124614417506,0.0005118110310285848,0.011407786831259693,0.02551607050001616,0.024983406886458347,0.029680271483957722,0.04992949719540769,0.14873205163981762,0.4640502278506756,1.0803586015105249,0.8110868982970715,0.4119259424507617,0.0867608810216188,0.012832481954246711,0.019783411044627386,0.020768077168613633,0.03136190924793477,0.015972284059971528,0.06152902591973539,0.2271684900484979,0.7978802789747715,0.9617373526096344,1.0386741135269404,0.29926874727010727,0.048190975943580246,-0.015165343121625504,0.015950897429138373,0.02760278396308417,0.019849338345229582,0.027123794332146588,0.05351139402948315,0.2405761401727795,0.6795936654508113,0.9932748213037847,0.7081272256374358,0.3238731902092695,0.06859098946675654,0.020418114569038116,0.0124859061464667,0.018326089698821244,0.021225445009767967,0.026481539383530574,0.137042535636574,0.11737544908188277,0.42137587547302247,0.7221738231182099,0.7739321029186248,0.24097586583346126,0.03745904600247738,0.026592324823141066,0.03440952027216549,0.02048150345683094,0.021148017756640866,0.021515145562589127,0.09349145434796806,0.12831104197539384,0.746626493781805,1.0580687417089938,0.7644816349446774,0.22190595611929892,0.030666133910417524,0.0036283662135246806,0.01623349467292424
23,-0.7027600198984146,-0.6644899845123291,-0.049244141578674364,0.49232207536697387,3.555760383605957,8.110986137390137,21.123911666870118,53.49291000366211,27.551607131958008,7.02212164402008,-0.7955010503530502,-0.8381661802530289,-0.9762945103645325,-0.7951758193969726,-0.38162574082612993,0.5251660207659007,4.477581345736981,9.289762291908264,23.266620349884032,47.902725791931154,34.18888586044311,7.319404267072679,-0.5083687616884709,-1.0395471727848054,-0.9102660727500915,-0.6352227139472962,-0.28079232007265087,1.5404436144232752,6.235045891404152,8.297166714668274,19.549010143280032,44.90096786499023,39.86947406768799,5.553039464056492,-0.3070752057433128,-0.9080738914012908,-0.9470813834667207,-0.7635414759814739,-0.03129619747400284,1.5095901448279618,4.977900497317314,10.325727715492249,21.548098154067993,50.56965370178223,42.28399993896484,5.676271303892136,-0.38263516485691074,-1.0987751257419585,-1.151074323654175,-0.8010287594795227,-0.3611476559937,0.9523220819607376,3.74043230175972,8.418741472661496,21.547946395874025,55.969003143310545,36.779523849487305,9.959082375764847,-0.33431964613497256,-1.133159911632538,-1.0619001388549805,-0.8418314084410667,-0.43400938808918,0.7825389191508292,3.9044930207729345,10.04543086051941,23.329039764404296,51.132350006103515,43.05758171081543,5.390869619250298,-0.211465362906456,-1.224268690943718,-1.146109070777893,-0.961954745054245,-0.6304837310314179,0.41231701403856275,3.6916426885128026,8.838143491744994,24.50890628814697,57.352940216064454,45.30440090179444,6.1299303531646725,-0.6789734986424446,-1.412468183040619,-1.143290423154831,-0.8964219081401825,-0.5208619027584791,1.4242101088166237,4.849680056571961,12.033357014656065,22.44620994567871,43.90471313476563,43.64947929382324,12.937938100099563,-0.6266028946638107,-1.2709758663177488,-1.064638786315918,-0.8444100475311279,-0.4399329972267151,1.1633953043818475,4.0199400407075885,9.24467583656311,25.76013849258423,57.479667053222656,36.87892742156983,7.282724229097366,0.13832532018423077,-1.1856974959373472,-0.9868542194366455,-0.7711755824089049,-0.45874190628528594,0.2839822551608086,2.2842457228899002,8.464002332687377,20.796905326843262,48.03635475158691,37.68367937088012,6.637146255671977,-0.07907019734382628,-1.0704237937927246,-1.0162029790878295,-0.8415073397755624,-0.3241915433108806,0.8831692013144494,5.330434210225939,11.246028656959535,23.73582242965698,52.602015457153314,38.85361892700196,8.956497039794922,-0.45460545897483834,-1.0024569141864776,-0.9254561924934388,-0.7620486801862716,-0.4173970270156861,0.5603595457971096,3.491718871295452,6.8397843194007875,20.637670116424562,44.126817779541014,37.687575302124024,7.5478495430946335,0.10937525019049646,-0.8799289107322693,-1.0766414636373518,-0.890170087814331,-0.44671799711883065,0.41148689836263647,2.4675828994438054,7.298359518051147,19.899215068817135,59.77167144775391,50.08158605575561,13.007286888360976,-0.026167620122432678,-1.144855782389641,-1.0221086668968202,-0.6095797479152679,-0.46922760382294654,0.45073649778962127,2.174622784852981,5.462342140674592,18.079205808639525,49.7915731048584,43.400561866760256,11.609259018898012,-0.3261376544833184,-1.0659671711921692,-1.0906162357330325,-0.8361687910556792,-0.290609297156334,0.8222961219400167,3.0214054462313653,9.601713702678682,22.331903219223022,47.741639366149904,53.75612838745117,17.230707335472108,-0.04608073547482487,-1.0488015104085207,-1.1321211671829223,-0.8776373243331909,-0.4598595000896603,0.6642706325650215,2.634192055463791,9.302738736122848,23.826939735412598,56.165998229980474,46.80362438201904,11.916640347242355,3.212531483471394,-1.0872895979881287,-1.04938334941864,-0.8586467862129211,-0.4957337588071823,0.37549744591116907,3.1196380656957627,8.957970568537712,23.54077389717102,49.474264831542975,50.32995651245117,12.286217959523201,-0.19767084926366804,-1.0851979871094228,-0.8643149387836457,-0.6527221050858497,-0.4368257462978363,0.5509927849471568,1.4528776252269744,4.2066381442546845,16.560805010795594,40.17037090301513,44.60032905578613,13.358492295145988,0.25509382754564286,-0.721020157635212
24,665.517138671875,865.1739501953125,509.14984130859375,123.3860608100891,-11.276498222351075,-12.38384189605713,-12.414112663269043,-10.879277992248536,-8.523315811157227,-6.79988842010498,31.57662124633789,215.45721130371095,482.4016735839844,605.5111047363282,377.936185913086,106.6434679222107,-12.728385620117187,-10.339844779968262,-9.24820993423462,-8.698977355957032,-7.619249744415285,-3.1252749609947204,51.22299441337585,281.3991957092285,539.1252844238281,619.29380859375,472.2280104064941,89.55696646690369,-12.59680025100708,-10.449643583297728,-9.736387481689453,-9.518287773132325,-8.580284957885741,-5.1463189530372615,36.737165036201475,247.02731628417973,519.3352160644531,610.1129309082031,399.35268371582026,108.36603668212892,-12.424580116271972,-10.837572536468505,-10.431156806945802,-9.953951187133788,-8.895503988265991,-4.919374725818634,24.13169359207153,232.04007507324218,526.4962829589844,584.5963861083985,426.7056115722656,102.76759623050688,-11.821076140403747,-10.727040977478026,-10.251189937591553,-9.32662685394287,-8.445836315155029,-4.415185811519623,49.16737136363982,244.74251647949217,478.9308642578126,519.793603515625,424.3953009033203,69.51926227569581,-9.684798469543455,-10.125817613601686,-9.831279687881471,-9.061713962554933,-8.037281112670899,-3.865882767438889,35.780770192146306,245.23600082397462,496.67481201171876,528.2821820068359,371.86721324920654,74.4333411026001,-8.13491286277771,-9.571985454559325,-9.153069744110107,-8.476323547363283,-7.620186843872071,-4.276281652450562,33.2210229063034,290.0572988891601,488.92289794921874,516.530791015625,366.6243292236328,84.407127161026,-9.08640772819519,-9.257181930541993,-8.75900478363037,-8.085027685165405,-7.112028746604919,-3.753848116397857,36.219209880828856,264.6534558105469,477.4036926269531,511.52644470214847,360.65274200439455,49.107302069664,-9.394862957000731,-8.821800184249877,-8.438939161300661,-8.024822235107424,-7.13825686454773,-3.7703035211563103,34.86211200237274,239.51723114013672,446.6993231201171,569.2184167480469,426.6087905883789,75.25000346183778,-9.952104578018188,-9.8560622215271,-9.168757095336913,-8.453609409332275,-7.462663288116454,-4.972069001197815,23.09973306894302,201.2798861694336,549.5048168945312,603.638818359375,424.4096994018554,69.1183589744568,-11.922191581726073,-10.35749652862549,-9.512374811172485,-8.902694692611695,-8.073173208236694,-6.1076694154739375,25.27942928791046,250.2405178833008,529.2689599609375,576.5022497558593,408.099006652832,99.47835315704344,-11.367406313419341,-10.752784423828126,-9.603024597167968,-9.128697052001954,-8.22220353126526,-5.241565891504287,31.718360865116118,263.0182977294922,459.68470245361334,575.7848727416992,487.1782789611817,119.7401058769226,-12.084770107269287,-10.721887111663818,-10.005373306274414,-9.347447624206543,-8.41274555206299,-5.663621900081634,25.191301398277282,240.35409820556637,510.35989593505855,633.5633728027344,388.53640712738036,80.56904526710511,-10.607250547409057,-10.32114839553833,-9.883598279953002,-8.921575603485106,-8.008943128585816,-5.541354985237122,24.39375826597214,249.81498962402347,458.75299072265625,541.4577172851561,428.83303146362306,124.63614803314208,-12.22466604232788,-9.818966474533081,-9.437507934570313,-8.799826097488404,-7.794755849838256,-5.685951596498489,23.735984816551206,191.44499801635743,561.1307482910155,676.9106744384766,434.89691146850583,153.820787191391,-8.772220096588134,-10.548152837753296,-9.65382716178894,-9.005555782318115,-7.985121145248412,-4.632710194587707,16.955016577243804,252.8981240010261,512.4128656005859,523.3073120117188,487.3906324768066,132.17702464103698,-10.295304622650146,-9.485204076766967,-8.63374617576599,-8.138679456710815,-7.178867502212524,-5.847148339748382,15.297976164817811,227.22919052124024,543.8984387207031,729.3973730468749,439.43298671722414,69.54959655761718,-9.234973201751709,-10.42348825454712,-9.593874340057372,-8.692878589630126,-7.744330377578734,-5.754744166135788,26.598379173278808,250.63948419570926
25,-2.050281310081482,-2.0393893241882326,-1.969953191280365,0.34475119709968566,4.937755918502807,17.246926975250243,31.538733291625977,61.637349700927736,30.97712697982788,18.359848707914352,3.172593188285828,-2.017429757118225,-2.5964551711082455,-2.5919612550735476,-2.450279290676117,-0.07994698017835619,4.424956769943237,18.075680809020994,50.660098991394044,49.14132228851319,29.802292098999025,10.626314535140992,2.3854094928503033,-1.7149956190586089,-2.6734420657157894,-2.6490384674072267,-2.5037337565422058,0.05990213423967359,7.848174774646759,20.408764858245853,58.55275398254395,70.18465549468993,32.175523376464845,18.403777818679806,4.9123132425546645,-1.8327525568008423,-2.5655796241760256,-2.5817856693267824,-2.4507297015190126,-0.16699915707111354,6.2255644869804385,17.81090244293213,66.00896404266356,55.32923538208007,31.787640247344974,15.329361600875856,4.90205483853817,-1.6353234419226645,-2.5672795271873476,-2.5432825589179995,-2.3838782835006715,0.06480870947241787,6.176278944015503,21.195262413024903,61.32195877075195,51.695730743408205,25.992923660278326,13.410105838775632,3.9535280239582056,-1.5548035717010498,-1.989895920753479,-2.0379494309425352,-1.9116632747650144,1.404266464859247,5.17501476764679,19.604467124938964,48.41668968200683,45.33983383178711,26.150350856781007,9.315737822055816,2.698438905477524,-1.2778387141227723,-2.7487653875350953,-2.804166612625122,-2.6430300331115726,0.9823019611835478,6.179602296352385,25.405782032012937,79.804539604187,64.1161940765381,28.96225191116333,14.020469328165055,4.706033368110656,-1.7068609327077866,-2.5620539617538456,-2.6077808237075804,-2.3927083730697634,2.0538869535923006,8.268663330078125,17.759296765625475,59.16841957092284,59.72257427215576,28.084063110351565,10.66750012397766,3.9581673943996427,-1.3999634724855425,-2.3653264319896694,-2.4493108057975768,-2.2406893205642704,1.7246251718699934,6.1292090934515,20.209314432144165,71.6552530670166,58.94117576599122,23.02554988861084,11.882993059158327,3.380777636170387,-1.2454075297713278,-2.739923222064972,-2.7779934740066525,-2.6021510934829712,0.2285107696056366,5.359188861846923,17.19235359191894,72.65972747802735,67.0447986984253,22.546267642974854,11.221746386885643,3.194601802602411,-1.6651769816875457,-2.6630465912818915,-2.6448711299896237,-2.4061433696746826,1.7954740230739117,6.477730714082718,23.20989366531372,71.09651645660401,74.02065711975096,25.733585357666016,10.41232652425766,3.503827601075172,-1.554639459848404,-2.6708101129531863,-2.812079920768738,-2.4781019401550295,3.9891387248039245,7.314327921867371,28.184135913848877,79.29971382141113,61.35665382385254,24.385559272766113,12.572913494110107,5.740304884314536,-0.6730920588970184,-2.502243657112121,-2.6911203908920287,-2.17629775762558,1.9170462197065354,8.126635103225707,25.21996730804443,68.80636528015137,73.98348800659178,27.963715057373047,13.018354666233062,4.854221644401551,-0.7443039333820343,-2.5881968688964845,-2.75598313331604,-2.3459785687923427,1.6972247916460035,6.743762788772583,25.334082622528076,79.32804611206055,70.16132778167726,35.366969947814944,12.514205999374388,4.706417734622955,-0.8173104053735732,-2.7692637705802916,-3.026572408676148,-1.8353894996643068,2.5398431172966953,5.52694846868515,23.065910873413088,76.56374565124511,61.17540145874024,32.41552490711213,14.490536842346192,5.9818647408485415,-0.47499977469444277,-2.3932105165719983,-2.584714050292969,-1.2155733799934387,5.032518779039384,8.563764533996583,26.485354442596435,79.57538406372069,78.01023872375488,35.20481245994567,13.883459787368773,5.351629059314727,-0.3869550451636315,-3.0514065647125244,-3.3028448462486266,-1.8085028982162477,4.05445790052414,6.198790106773376,28.501995878219606,81.94526287078858,66.99202701568603,27.980569190979004,9.27623492717743,4.108580710887908,-0.7055685889720917,-2.217792199850082,-2.7515526008605957,-0.6082495230436326,6.430950999259949,11.34029691696167,28.43890846252441,83.7165799713135,83.39708892822264,35.8987096786499,19.259844636917116,10.601923431158067,2.0384431874752047
26,23.944161415100098,43.270988082885744,50.630073928833006,61.34250946044922,47.25075988769531,108.68477478027344,105.30999450683593,71.92984542846679,47.689313888549805,19.772356033325195,16.55266661643982,13.731608867645264,21.757907543182373,37.161665649414054,53.450752334594725,50.88682956695557,62.19935379028319,85.2085464477539,100.53186447143554,78.41047393798827,55.459792156219486,22.411607532501222,17.989195346832275,16.980219097137454,25.18169059753418,35.59774505615235,61.597764968872085,57.71282684326172,51.863657226562495,81.46768333435058,84.17204383850097,75.0046223449707,63.07386638641358,27.337168006896974,23.15098379135132,22.256246833801267,19.331079597473146,28.98118442535401,51.88305187225342,49.45888107299804,50.4306042098999,96.77670272827147,102.61409698486327,75.71439575195312,47.964738540649414,26.551663208007813,20.75657506942749,17.500381240844728,23.147089538574217,31.218484497070314,53.6287133026123,54.93345972061157,56.95544708251954,76.82835784912109,96.973914642334,84.96404609680175,60.82795120239258,27.06791524887085,20.25728635787964,17.914937438964845,30.002521047592165,43.04921646118164,63.65907646179198,68.18237075805663,66.05414047241212,89.11552047729491,87.72166717529298,85.04011634826661,68.89239570617676,24.055341320037844,20.62527198791504,19.813860120773317,24.016607666015624,46.49480960845948,67.22832660675049,55.36512130737306,58.15612060546874,73.41897094726563,92.24943756103517,86.51273811340332,52.358729934692384,24.084283180236817,20.999414196014406,16.071024303436282,24.708476524353028,40.787564010620116,57.13636199951171,53.502000503540046,54.40318618774414,75.20451385498046,90.78234580993652,83.27821868896484,68.23316738128662,30.174776363372803,24.638193836212157,26.104899711608887,23.7857458114624,38.51432001113891,57.51736907958984,56.057674636840815,57.09900901794434,80.5811936187744,100.6740428161621,91.62568572998046,66.22545402526858,28.9664626121521,16.930452976226807,16.306951179504395,23.8363214302063,42.975566654205316,59.29682945251464,57.547375717163085,52.640462493896486,73.44360473632813,95.00951568603514,89.58871154785156,68.33435626983643,30.861567487716673,18.858140420913696,20.870140919685362,20.146153736114503,33.12524345397949,58.53901830673217,53.560223293304446,57.05881362915039,94.2051043701172,89.06641983032226,84.90661598205567,61.50182106018067,20.73766944885254,17.867051343917847,17.534648075103757,20.663982105255126,45.994056949615484,56.172014751434325,67.70274948120118,66.3084895324707,81.72795608520508,93.89445617675783,71.5762094116211,47.17643463134765,20.73144824028015,19.31590482711792,17.495838556289677,27.961952981948848,49.47560642242432,72.7324690246582,67.47745994567872,55.889121398925774,71.59070098876953,91.58108276367189,92.22023502349853,91.07018844604492,36.33781705856323,24.018104400634762,19.427877683639526,22.501542768478394,35.08554294586181,51.35651927947998,52.57041158676147,51.125882644653316,85.66709350585937,99.83146621704101,84.72821258544921,62.25368968963623,31.211346950531002,17.93536401748657,15.41978755950928,25.8170703125,33.996202888488774,57.08151020050049,62.215854988098144,56.25003349304198,78.8498686981201,101.93063537597655,103.01302856445314,98.4393915939331,29.24760416030884,21.180929317474362,23.609384136199953,20.447408504486084,32.217096748352056,52.84321718215942,56.29645477294922,64.19812400817871,72.7205435180664,98.3521272277832,95.80541458129883,61.72221557617188,18.74430093765259,22.710105819702147,15.864545154571534,19.38155221939087,33.10059387207031,53.52341632843017,50.94179551124572,54.44319168090821,80.31940589904784,98.59720382690429,85.90031829833985,65.35612688064575,27.22059084892273,20.932406005859377,15.319576683044435,17.196521587371826,28.475412330627442,48.71437908172607,54.11343807220459,60.07639297485351,83.22124725341796,98.38696258544921,97.37937705993652,93.40114673614501,29.424976062774657,14.8283123588562,15.978044395446778
27,0.3245243489742279,0.258752691745758,0.2277456432580947,0.3142106354236603,0.7045152664184571,2.487527012825012,3.033644962310791,3.5310158729553223,3.111585187911987,1.78477041721344,0.8734665751457215,0.5204671680927276,0.3340978467464447,0.2660977387428284,0.24677872598171233,0.3315470415353775,0.8621655678749084,2.1412240171432493,2.4366361761093143,2.8579094696044924,2.6604207277297975,1.3703064107894898,0.7056948184967041,0.45061532855033876,0.32362226128578186,0.25720303356647495,0.23651869058609004,0.32708694696426394,0.8748722052574157,1.927911353111267,2.2372368168830876,2.5503873300552367,2.3234575891494753,1.2610122513771058,0.6803130555152893,0.43626504182815545,0.3189830380678177,0.2533603978157043,0.232919727563858,0.3309172278642654,0.8933726978302001,2.0351598262786865,2.539054307937622,2.7986267805099483,2.408074941635132,1.3502958250045776,0.6858218431472778,0.4400787949562073,0.3290410649776459,0.2597230464220047,0.23051156938076015,0.38040307998657225,0.9830322885513306,2.002601366043091,2.3872587251663213,2.791228914260864,2.5572844696044923,1.4779897189140319,0.7275330984592439,0.4553729295730591,0.3441471982002259,0.27191240251064297,0.25026870071887963,0.4074148464202881,1.2869723618030549,2.2366801786422728,2.658550305366516,3.246958332061768,2.866159653663636,1.6574393224716186,0.8088536596298217,0.49858310461044314,0.34502066373825074,0.2738503301143646,0.24838222920894623,0.3793281221389771,1.081523699760437,1.6746632504463197,2.3467375469207763,2.859116110801697,2.5575405216217044,1.4620191526412962,0.7460075998306273,0.4719094014167786,0.3552818608283997,0.2784690880775452,0.2595067757368088,0.5213238453865051,1.2765226793289184,1.8582406568527223,2.4309339523315425,3.324147901535034,2.7419360113143925,1.5894455099105833,0.813273160457611,0.5008163154125214,0.3439074599742889,0.2714799565076828,0.2654052168130875,0.4378326350450516,1.1559935760498048,1.8382354903221132,2.7535586547851567,3.1999993991851805,2.842109341621399,1.6137188601493837,0.7949436521530151,0.49371493577957154,0.37585694432258604,0.291279296875,0.26733858942985533,0.5271557301282883,1.2912035846710204,1.8571217012405394,2.919283375740051,3.370014476776123,2.9929269456863405,1.7659228134155274,0.8813523197174072,0.5357879269123077,0.36616225957870485,0.28383349001407626,0.2805674821138382,0.5520081269741058,1.1577372562885286,1.6949289536476138,2.425213894844055,3.17112343788147,3.174372854232788,1.7968418836593627,0.8934849214553834,0.5323710834980011,0.36664344549179073,0.28293351948261264,0.27304354250431057,0.6277522879838944,1.3208691656589509,1.9467839181423188,2.775290584564209,3.5027700901031493,3.0761090946197513,1.7647985458374023,0.8636583232879639,0.5177748465538026,0.37274350404739376,0.2833317905664444,0.2724165368080139,0.5673688352108002,1.29376261472702,1.7604285848140715,2.869009532928467,4.080669784545899,3.514178476333618,1.8814322423934935,0.9387335228919982,0.5568086755275725,0.3681024944782257,0.28275913894176485,0.28483487784862516,0.6608659255504609,1.2891715502738954,1.8439213705062865,3.30695885181427,3.823838582038879,3.4063930940628055,1.8167094421386718,0.887886917591095,0.5334219622612,0.37549604892730715,0.29350556313991544,0.3018557953834534,0.739085215330124,1.435563542842865,1.7077255034446714,3.1141502571105955,3.606840076446533,3.3638850688934325,2.0713847255706788,0.9497430229187012,0.5567247581481933,0.3959969484806061,0.3081941306591034,0.36973764896392824,0.7570872247219085,1.1966675090789793,1.713830404281616,3.5304088544845578,3.735805559158325,3.6155369377136233,2.177968039512634,1.037459864616394,0.5910362040996551,0.4204544031620026,0.3198173844814301,0.4148463022708893,0.8471753406524657,1.1974099636077882,1.862028362751007,4.050624761581421,4.352068152427673,3.3923677873611444,2.4070240187644956,1.0626170754432678,0.6055928087234498,0.40807158350944517,0.365344260931015,0.3771480739116669,0.6973395419120789,1.0970466923713684,1.944991089105606,3.767474126815796,4.792648787498473,4.225649137496949,2.4764808225631714,1.0690024852752684,0.6093564629554749
28,-0.06033527851104735,-0.10192130971699949,-0.07367973476648328,0.169955475628376,0.5206107199192047,1.4180189847946167,2.3297385931015016,9.913759899139404,3.9674138903617857,0.26104979664087297,0.21365792453289031,-0.00687635429203509,-0.06930326230823991,-0.1031521804258227,-0.061383120901882623,0.2964940775930881,0.654586968421936,1.358066099882126,3.526767394542694,4.766953103542328,2.007717302441597,0.905238170027733,0.36119781009852886,0.10600807484239341,-0.02583490654826162,-0.0759246817976236,-0.019651050958782428,0.2575764797627926,0.5938995057344437,1.6296923100948333,4.5214743125438694,6.580850207805634,1.8906637820601464,0.7418385871127249,0.3615820430219173,0.12309634581208229,-0.0424058026820421,-0.1039518183469772,-0.03562993966042997,0.3392256593704223,0.7193880617618561,1.6690297722816467,4.767288095951081,3.2359775114059444,2.1454893982410432,0.8491788256168364,0.4710089485347272,0.21080526560544968,0.0011052347719669342,-0.07529734827578068,0.021717016156762824,0.5471222364902496,0.9661892563104629,1.6276322233676912,3.9921464395523065,5.8592606234550475,2.11579287186265,1.1288785482943058,0.33192328467965126,0.139845519810915,-0.026947836801409702,-0.11589167468249797,-0.06324957072734831,0.31937406077981,0.8723763340711594,2.318933598995209,5.346210632324219,4.712537689208984,2.888910028040409,0.7395644527673721,0.5270903524756431,0.15880718000233177,-0.025109052993357167,-0.10641964845359322,-0.015095635876059532,0.5953525172173977,1.1196662032604217,1.7428880238533018,5.344456837177276,5.853135794401169,1.8062368094921113,1.0015477674454452,0.6130818249285221,0.2878140155225992,-0.09966920880600807,-0.16248832471668714,-0.019978330582380285,0.602262886017561,0.9565703272819519,1.9621690666675569,5.4050514602661135,4.9638992315530786,1.615532191991806,0.6480087468028068,0.2352874571830034,0.012104095593094827,0.0734383434057236,-0.04690798103809355,0.14382887095212937,0.9810731763392686,1.4552027678489685,2.893321413993836,4.792447497844696,5.150306005477906,2.2219085720181466,1.0737138096988201,0.5309160991758108,0.35996221713721754,-0.04662882961332795,-0.11676269933581349,0.016832525134086618,0.6139251152426004,1.0032413977384567,1.7201494872570038,3.7221105694770813,7.4696225881576535,1.9778774130344392,1.0203651496022939,0.4464528971910477,0.20933684200048447,0.05555439069867135,-0.04835122812539337,0.12045568369328977,0.7712712174654007,1.4670671832561493,2.5499576532840726,4.837618877887726,5.793861138820648,1.7305908250808717,0.9156973989959806,0.4204147415608167,0.20217565596103668,0.04570759948343039,-0.10064384546130893,0.10925756357610225,0.7704707536101341,1.1979249048233034,2.502888555526733,5.751143517494201,8.020464577674867,3.647833250761032,1.231409551501274,0.6382738301157952,0.34211700461804867,0.07938030920922755,-0.11886791191995143,0.10065983265638352,0.9842750063538551,1.6066876637935639,2.6059557330608367,6.550888915061951,7.866730480194091,2.0444102466106417,1.2718342876434325,0.6583165961503982,0.41270471602678305,0.20527345061302188,0.025068186111748225,0.20414002597332,0.7751533528789878,1.1343699991703033,2.363989157676697,5.31393479347229,8.389567232131958,2.9426349887251853,2.0981290331482887,1.2348566737771036,0.6206756775826217,0.25986447460949424,0.03971055537462235,0.4658226220682263,1.207431000471115,1.4976354467868807,2.3450400829315186,6.205537083148957,5.495093302726746,3.676877943575382,2.7105646021664143,1.1697290954738855,0.6834966070950033,0.2787884855642915,0.09372626632452012,0.5006466670334339,1.163269888162613,1.2936915564537048,2.4582815766334534,7.417574095726013,8.244814276695253,6.055910106003284,2.1244052897393706,1.0668709117174149,0.5563160563260316,0.4211378084123135,0.40891790837049485,0.9346556539833546,1.4818139365315437,1.616999430656433,2.832041234970093,5.516078658103943,6.3460463881492615,4.261298789680003,1.5565617880225182,0.9231721395254135,0.7510064658522607,0.443803848028183,0.39585710033774374,0.958238876014948,1.5350932982563972,2.1773381215333942,2.1974966168403625,5.978963370323181,5.74750541448593,3.579668201208115,2.487334127053619,1.2976150488853455,0.8011089959740637
29,-0.13998561501502987,-0.36119095981121063,-0.10384277701377867,-0.12211610078811645,0.16084794104099273,0.36306182742118837,0.5117949530482292,1.2210649758577348,4.1535426616668705,2.8478342652320863,0.3973472207784653,0.04037087261676788,-0.2112087542563677,-0.19060035586357113,-0.19612466886639593,-0.11814442485570908,0.44920949060469867,1.039297379553318,0.8789251209050416,2.030988425016403,4.928682565689087,3.2762145945429806,0.3385227805376053,-0.11619232103228569,-0.24159226417541504,-0.23313935428857802,-0.23587719693779946,-0.2610029710829258,0.25165341526269913,1.3384513023495674,1.1491432391107081,2.6106747192144395,3.249788539409637,3.820376161336899,0.9872670255601406,-0.08246106922626495,-0.27515159636735914,-0.22895941585302348,-0.20125037655234337,-0.12233383528888227,0.10258432887494562,0.9471157908439636,1.4182307244092225,1.6077611112594608,4.925604772567749,3.6546196588873863,0.9678052498400211,-0.1422727796435356,-0.21915492773056028,-0.17919707477092742,-0.19735606789588928,-0.17187510564923283,0.3083310216665268,0.6320254665613174,0.9522253009676934,1.760174915790558,4.323487926125526,3.541375659108162,0.5949533912539482,-0.002627275958657249,-0.04185025811195371,-0.13331335976719855,-0.12514609038829802,-0.09992921613156797,0.3149040409363806,0.7460516139864922,0.6875719507038593,1.778992520570755,3.4896253418922427,2.228093684986234,0.6230839535966515,0.1430850261449814,-0.0844140676409006,-0.05989449635148051,-0.07808151341974737,-0.07833904411643744,0.14140518836677074,0.6105381113290786,1.7192051646113395,1.9747886854410175,4.872496740818024,2.577245929539204,0.7314645403623581,-0.04516060397028922,-0.15448480844497678,-0.09115583419799805,-0.17972610741853715,0.03400403019040824,0.601901367008686,1.0353312599658966,1.5899307817220687,2.3887620115280153,4.355788867771625,3.734851267039776,1.0179096378386023,0.08901308827102185,-0.24738520279526707,-0.19686132475733759,-0.17089257568120955,-0.12768449820578098,0.663129066824913,1.5192922389507295,1.208593104481697,2.722239816188812,3.4705727228522307,4.5139018571376806,0.5254427787661552,-0.01926065020263195,-0.21362170934677124,-0.16196633577346803,-0.2142062919959426,-0.06595581084489821,0.4133953005820513,0.8241907000541687,1.5102387937903403,1.8094273483753205,3.4249039363861087,3.471713277697563,0.5558649718761444,-0.05997416287660597,-0.13054756104946136,-0.062239195555448525,-0.055078110247850434,-0.09523515716195106,0.1098754698038101,1.0759100705385207,1.3077100792527199,1.2987477934360503,5.720320720672607,2.7450950026512144,0.6552022764086723,-0.11054834902286528,-0.19462831392884256,-0.051839134395122534,-0.17359567895531652,-0.05628116454929115,0.30897435259073974,1.0271001274883749,1.68577257797122,3.3871378815174102,2.841683542728424,3.0423932921886445,0.48986930757761,-0.1401817747950554,-0.28515543133020393,-0.2582492887973785,-0.25928981214761737,-0.14947749473154545,0.3880740219354629,1.465168809145689,2.8420737963914875,2.197920355796814,2.9106464987993244,5.1080234324932094,1.438776332736015,0.18674779891967777,-0.1601938462257385,-0.14607327342033385,-0.1608791859447956,-0.07334200590848923,0.2578917369991541,0.6761409369111061,0.6802411515265703,2.0369081240892415,4.17045165836811,3.303860730975866,0.9497010168433189,0.12323971107602119,-0.13267356872558592,-0.12588555037975308,-0.25934207431972023,-0.24975317873060704,0.08787796527147296,0.72077427059412,1.385269611477852,2.3479868832230566,4.037481589317322,4.439361276179552,1.4068949761986733,0.45486403569579126,-0.2283689375221729,-0.23008317768573758,-0.25274193301796916,-0.1756522291712463,0.12239243067800995,0.9494152009487152,1.4700973775982855,2.6255532893538476,3.9658891391754145,3.887066623568535,1.0018243665993212,-0.0850522482395172,-0.2011948637664318,-0.17469944953918456,-0.18937529668211933,-0.1514682214520872,0.41218407943844787,1.0011019521951676,1.4143335351347923,2.5604263599216934,4.776551660299301,4.879356899261475,1.1128081381320953,0.12649091809988025,-0.16069648390635846,-0.2221528135240078,-0.25985032677650455,-0.19223019666969773,0.07862876683473587,0.928536202609539,1.6719158634543418,2.720617179721594,4.005405086278915,4.425483960583806,0.8590471959114074,0.17826693937182428
30,4.307801961898804,12.361290740966798,19.398700332641603,38.01155891418457,43.72950820922851,79.82019348144532,62.42258529663086,41.31233901977539,18.104102897644044,4.618849658966065,1.9081399984657765,2.1972173690795898,5.333198382854462,12.435994453430174,20.228893489837645,27.877818298339843,52.75941158294677,73.39385040283204,52.90725833892823,48.24008399963378,26.957220344543458,9.02613333940506,4.5332215774059295,2.5825900810956957,6.000610463619233,10.610008080005645,19.78471816301346,28.319128952026364,49.68825019836426,66.31740684509278,55.62711845397949,44.17633609771728,22.831258850097655,13.917656536102296,10.82126183927059,5.174947689771653,3.948006801605225,8.003342425823211,17.570692272186278,25.821689462661745,47.3862361907959,74.4985629272461,54.72425430297851,41.95554489135742,25.46158285140991,10.211762647628785,6.1644855809211725,2.7378113144636154,4.905467696189881,9.441790118217467,17.648364782333374,31.09104350090027,47.702331924438475,71.32911575317382,56.4622085571289,51.846805496215815,27.46188348770142,10.776594361066818,4.838064278960228,3.0561072814464567,7.963007316589355,10.821794543266297,18.327324895858766,32.141122283935545,46.12732570648193,72.68485599517821,53.150108566284175,46.61109992980957,25.811161231994628,6.748608410358429,4.781247640252113,3.9473861849308016,4.481038246154785,11.985873064994811,24.303396322727206,25.10970543861389,43.60119789123536,72.42572082519533,54.47679946899414,56.71802459716797,30.769318695068357,9.885002884864807,4.636198846101761,2.771474570333958,5.556248538494111,13.055943593978881,20.02828254699707,33.516144332885744,59.47924488067626,80.43840438842774,65.31059005737305,47.04152542114258,31.02640489578247,11.007399438619611,5.705972994565963,4.795824098587036,5.151596691608429,12.142071874141696,20.33804160118103,30.375384292602536,48.77905174255371,69.53596290588379,50.043180313110355,48.800972251892084,26.915504784584044,11.362715411186219,4.9662668883800505,2.9013129845261574,7.761620865464209,12.246356694698333,22.668264150619507,34.13462093353271,50.791303863525386,85.86467529296874,56.822072982788086,49.359799728393554,32.81029327392578,14.170891585350038,5.159353330731392,3.631118374168872,5.078206810951233,9.377343254089354,22.19080822467804,30.12069877624512,44.67309226989746,79.20177551269532,60.148874359130865,46.07046203613281,27.340976638793943,7.693167304396629,3.8481583642959594,2.486732553243637,4.151686686277389,14.619512491226194,13.517159643173219,32.09358110427856,52.274015502929686,78.52178314208984,58.15660675048828,47.26723907470703,22.121487579345704,9.162765396833418,5.060667804479598,2.506795421242714,5.188294819593429,10.261844794750214,20.60537009239197,31.365939903259278,54.32276794433594,69.91944274902343,49.62914325714111,47.51298110961914,28.672161102294922,14.208626691699028,5.868286526799202,3.506132364869118,5.472190897464752,11.897766304016114,20.43766137599945,26.701895542144776,51.23207664489746,80.43405738830566,52.72878852844239,57.92490455627442,35.7842449760437,10.755273272991179,6.062278599143028,2.6038756176829336,5.957931097745896,11.117514338493347,20.913517005443573,31.232426490783695,48.669001998901365,66.07762660980225,63.39538795471192,54.45797897338868,43.25561912536621,13.196683444976808,5.727702236771584,3.7709581673145287,4.993590152263641,9.453846950531005,15.511504690647126,29.80045709133148,57.384127655029296,73.59732086181641,68.62415283203124,59.32494529724121,27.488560485839844,9.734394669532776,8.438942202031612,1.9877737331390382,5.0603970789909365,11.838932163715363,18.59744635105133,24.58505035877228,46.97912101745605,78.38408576965332,58.973614883422854,54.37309898376465,34.46220691680908,11.92719763994217,6.212721113562584,2.716192668378353,3.743208183646202,10.362115397453309,18.330363364219668,25.94491819381714,51.258570899963374,83.88078987121581,67.5670874786377,51.138230590820314,34.67714363098144,10.651917046308517,4.864835736751556,2.1184010890126226
31,-0.6773802608251571,-0.5493645012378693,0.11293689012527468,-0.29606662094593045,2.1734114289283752,10.895127558708191,15.994754886627197,17.059553813934325,32.425404739379886,18.31362090110779,4.290169298648834,0.5068357944488525,-0.3576443988084793,-0.2745485055446625,0.2751723024249077,0.7244168132543564,3.6548033928871155,5.708447322845458,17.22272958755493,20.2114098405838,13.355178711414336,9.559597029685975,3.1095578992366795,0.5376257413625718,-0.1971785372495652,-0.2774278116226196,0.17426542162895203,0.18749057948589323,2.5466627991199493,6.570672738552093,19.250649976730347,26.564093742370602,24.370365896224975,14.719737516343594,3.757363478541374,0.8320413094758988,-0.38924558728933334,0.076046981215477,0.5610275667905806,1.0982299995422362,3.568975030183792,7.007417670488357,17.66286525726318,21.248891429901125,16.230832700729373,11.02948534011841,3.617712156772614,0.60924714833498,-0.07901325494050979,-0.14819167822599413,0.5049606019258499,0.5275577032566071,4.724148013591767,6.170956926345825,17.54929141998291,22.786065559387207,18.097337236404417,10.728281862735749,4.507024341225625,1.0206442099809645,-0.3962298548221588,-0.09079107642173767,0.4580423676967621,1.0860735410451887,4.684032526016235,9.043223447799683,19.45187837600708,18.553976879119872,16.736410303115843,10.911862269043922,3.2331715679168704,0.5734368491172791,0.08070041060447694,0.10497048884630203,0.5924008685350418,1.020969101190567,3.3668136835098266,5.317727642059326,19.87195369720459,23.257220058441163,21.857432260513303,11.488712058067323,5.6181659460067745,1.7326323637366297,-0.044415557384490975,-0.13182746946811677,0.45872812867164614,0.6588644754886628,2.6524305009841926,7.13776351928711,21.96325511932373,20.059796152114867,24.519008431434635,15.645901811122892,3.580956097245216,0.9879568439722061,-0.11321732521057126,0.23394436180591588,1.021831030845642,1.7706455796957017,6.2927366036176675,6.041972370147705,17.58792297363281,17.834572877883907,16.46117000579834,8.783553862571717,3.3628707969188687,0.6995015695691109,-0.26828057765960694,-0.02888881385326385,0.6269957333803177,1.1719955176115038,2.7486592626571658,5.655613226890564,20.565111541748045,21.651837463378904,26.41443543434143,14.820653574466704,4.453813838362693,1.1524212250113488,-0.04365314781665802,0.07007432401180266,0.9815226924419402,1.1579229128360748,5.915641157627105,7.2451312589645385,13.597663688659669,19.333522987365722,20.183915195465087,9.60306945323944,4.461429973840714,1.205356084406376,-0.04038603246212007,0.44505371034145363,0.6596226316690446,1.0297289202362299,3.3091651833057405,6.490338234901428,21.40782642364502,21.27106616973877,18.614753580093385,12.944630756378174,3.723741943240166,0.8666183936595917,0.543108167052269,0.15795312762260436,1.5680106246471406,1.343417662382126,3.9414675986766823,4.899234430789948,22.178277282714845,27.723653583526612,25.353191931247714,20.242229334115983,8.096595137119293,2.680522197782994,-0.05823507934808732,0.043554193377494804,0.6507944577932359,1.2656149291992187,2.64058079123497,6.686150267124175,19.16555142402649,20.55816597938537,25.052763319015504,21.26364988327026,6.905401051044464,1.9504239755868913,0.34364308893680573,0.04669749498367307,0.5814942270517349,1.131581305861473,4.946343191862106,6.836931153535842,20.390313186645507,27.17345552444458,25.278022742271425,22.644211008548737,7.072379267215728,2.475409348011017,0.4215245947241783,0.4510616189241409,1.3251010620594026,2.0507326990365984,4.167458789348602,8.806825647354126,19.50229528427124,19.932232818603516,20.116223878860474,11.414548592567446,6.528975408077241,2.017493166923523,0.1404380786418915,0.6829094606637955,1.6632734453678133,1.867041176259518,7.334230242967607,8.296730222702026,17.933568420410154,22.73272743225098,24.8474391746521,13.482407306432725,4.2618520790338525,0.9410687229037287,0.1303361397981644,0.46175239413976665,1.4470744192600251,2.2490648150444033,5.9793827223777765,6.7134072399139395,20.824567718505858,21.99106279373169,18.9406466960907,13.625321427583694,7.342228394746781,2.1370183598995207
32,0.0,0.0,0.0,0.0,0.0,0.0,0.0,0.0,0.0,0.0,0.0,0.0,0.0,0.0,0.0,0.0,0.0,0.0,0.0,0.0,0.0,0.0,0.0,0.0,0.0,0.0,0.0,0.0,0.0,0.0,0.0,0.0,0.0,0.0,0.0,0.0,0.0,0.0,0.0,0.0,0.0,0.0,0.0,0.0,0.0,0.0,0.0,0.0,0.0,0.0,0.0,0.0,0.0,0.0,0.0,0.0,0.0,0.0,0.0,0.0,0.0,0.0,0.0,0.0,0.0,0.0,0.0,0.0,0.0,0.0,0.0,0.0,0.0,0.0,0.0,0.0,0.0,0.0,0.0,0.0,0.0,0.0,0.0,0.0,0.0,0.0,0.0,0.0,0.0,0.0,0.0,0.0,0.0,0.0,0.0,0.0,0.0,0.0,0.0,0.0,0.0,0.0,0.0,0.0,0.0,0.0,0.0,0.0,0.0,0.0,0.0,0.0,0.0,0.0,0.0,0.0,0.0,0.0,0.0,0.0,0.0,0.0,0.0,0.0,0.0,0.0,0.0,0.0,0.0,0.0,0.0,0.0,0.0,0.0,0.0,0.0,0.0,0.0,0.0,0.0,0.0,0.0,0.0,0.0,0.0,0.0,0.0,0.0,0.0,0.0,0.0,0.0,0.0,0.0,0.0,0.0,0.0,0.0,0.0,0.0,0.0,0.0,0.0,0.0,0.0,0.0,0.0,0.0,0.0,0.0,0.0,0.0,0.0,0.0,0.0,0.0,0.0,0.0,0.0,0.0,0.0,0.0,0.0,0.0,0.0,0.0,0.0,0.0,0.0,0.0,0.0,0.0,0.0,0.0,0.0,0.0,0.0,0.0,0.0,0.0,0.0,0.0,0.0,0.0,0.0,0.0,0.0,0.0,0.0,0.0,0.0,0.0,0.0,0.0,0.0,0.0
33,0.054514549672603566,0.04381272271275516,0.09260618090629573,0.14473317116498943,1.0021347932517528,3.7855645656585692,9.786759185791016,9.471399688720703,5.061008882522583,1.9298219323158263,0.7111352324485779,0.29560464322566987,0.09293208431452507,0.07364772073924536,0.12832138180732722,0.26433384384959935,0.6629344376921654,3.1452198791503903,9.26054847717285,9.753054695129395,6.119042825698853,3.0987628889083867,0.918126360476017,0.20290400438010692,0.12379150144755839,0.14903063200414182,0.1588597190380096,0.2464620633423328,0.791609918475151,3.432018949985504,8.774356479644776,9.234513301849365,6.223040971755981,4.381775119304657,1.373754259645939,0.3782617789506912,0.04205734677612777,0.05699684776365753,0.13580754995346064,0.17670488283038135,0.6442702727019787,3.4450611114501952,10.238394680023195,10.052624473571777,6.310966148376465,3.3743874430656433,0.8144336426258088,0.18375321865081784,0.07660612240433688,0.06223746873438354,0.0911662387102842,0.1919170500338077,0.5183321711421012,2.5627656888961794,9.388241825103758,9.610264530181883,5.8879699134826655,3.5026178336143494,0.9486821901053191,0.16981740564107892,0.07938038833439344,0.07566177085041995,0.1269784985482692,0.20782743498682973,0.5200189179182052,3.0784108370542524,8.810272617340086,9.485893573760986,5.825089559555053,2.613791117668152,0.8223170951008797,0.20342158339917654,0.06312862120568748,0.08676670558750625,0.1557132602483034,0.17478773374110454,0.4449979320168495,2.3384539705514906,8.52247724533081,9.472010440826415,5.72529863357544,2.839768815040588,0.9436222025752068,0.26538036786019803,0.1080433007329702,0.11948402903974054,0.13195705786347386,0.26138951905071733,0.85852657482028,3.312924934625626,10.02544454574585,10.047653942108154,6.576526699066162,3.8294476866722107,1.2453146460652351,0.2826063570380211,0.044748965464532324,0.07013598330318922,0.13329572856426236,0.18461799085140224,0.772472953721881,3.9475558614730835,9.820186510086062,9.2527286529541,6.101806211471557,2.73837967634201,0.7696651375293732,0.15839969165623186,0.11293389759957786,0.08247481063008304,0.11682635508477683,0.22120183922350406,0.9488229259848595,3.8167653501033785,10.304015522003175,9.543955841064452,6.81551770210266,3.577809348106384,0.7995703792572022,0.1984575793892145,0.05821775019168849,0.07091713592410084,0.16977876432240008,0.23815856449306008,0.38534526892006393,2.5754257786273955,9.222263526916503,9.592254581451417,6.041570377349854,2.666293302774429,0.8368510034680365,0.13922472767531865,0.05693759657442564,0.09372951485216613,0.11252430088818069,0.1748153319209814,0.49934053987264626,3.1643973737955093,10.328325843811035,9.762443733215331,5.338884234428406,2.976544862985611,0.6951124589145183,0.16466436788439748,0.05281021788716311,0.08348094537854192,0.12351131990551945,0.15430220410227774,0.609845560491085,3.332672319412231,9.163552436828613,9.900160293579102,6.108894209861755,3.677637107372284,0.8870304296910761,0.2284330145269632,0.06496099516749379,0.08489786215126509,0.16509099841117855,0.25635327801108354,0.7459708316624164,3.173544152975082,9.779106349945069,10.503654975891113,6.3310390567779535,2.676355732679367,0.7153197265416382,0.15288395103067157,0.06341759383678433,0.0958384154736995,0.13254516631364818,0.2085939737409353,0.9581129258871078,3.5665812361240383,10.453612489700316,9.549104652404786,6.847632865905761,3.360298626422882,0.9407984700798988,0.18085064213722943,0.06950543772429223,0.09014172732830043,0.1554493800550699,0.33328535780310625,0.4518062415719032,3.2718308210372924,10.693495330810546,10.233391761779785,6.197612018585206,3.3261839723587037,0.7214749824255704,0.09421714205760505,0.07111323207616801,0.12678802035748954,0.14166207626461977,0.29793321430683134,0.6757627326250076,3.9883379149436946,10.442860698699949,9.915332374572754,6.314042959213256,2.676523861885071,0.9014152726531028,0.22490122944116592,0.05080262314528221,0.07603267326951021,0.1663232551515102,0.2586470927298069,0.9449670061469078,3.56515928030014,10.415637645721436,9.348133678436279,5.831322536468506,2.8160182476043705,0.8101446602866054,0.1254940011724829
34,-0.028519791923463305,-0.0268576840870082,-0.004693942656740519,0.23162937983870502,0.38347371220588683,0.39300059974193574,0.3561002880334854,0.3768415957689285,0.13477113097906107,0.18200862435624002,0.16935677677392955,0.006128608994185901,-0.01804168193251822,-0.01831702436786141,0.036858375342562796,0.4083001750707626,0.4864020976424217,0.5222685247659683,0.44246301293373114,0.32795675575733185,0.0945221330411732,0.14198515013325957,0.09711705617723052,-0.005042362757958463,-0.024254360324703118,-0.021597497370094025,0.005907109945546832,0.28999941915273664,0.5072327214479447,0.47704136729240415,0.47559909701347347,0.2920169132947922,0.08597657492384311,0.14035801321268077,0.1322127549163997,-0.005608205739408708,-0.0154624072439037,-0.017214145789621365,0.035302066677249944,0.3516790406405926,0.48848799169063567,0.7888211941719054,0.5987007427215576,0.2831551453471184,0.1855279518198222,0.2389687672629952,0.23802442627027626,0.01568339032121003,-0.039978320356458374,-0.03932784282835197,0.050159961776807906,0.40950436398386963,0.47223325788974757,0.4771714526414871,0.3939373481273651,0.24559597402811048,0.12172500900924202,0.20076522520743306,0.28894228979945186,0.01626766783185304,-0.027267755396896944,-0.02969399178167802,0.035491603293921786,0.2772988995909691,0.4957602810859679,0.431043004989624,0.3951073467731475,0.22875361442565917,0.1773889000341296,0.1678197082877159,0.2127221132069826,0.01132798010483386,-0.04861886480939569,-0.040668617982882974,0.12996517419815062,0.5679576265811921,0.6058549037575721,0.45373996615409845,0.5311460399627685,0.31208940774202343,0.22381853526458145,0.18627080265432597,0.3461174602666869,0.006883575434330857,-0.024204927467508193,-0.02519650153466495,0.08308126061223445,0.35767635290045285,0.474921087026596,0.5329043853282928,0.5403436362743377,0.2612499457597732,0.12091200781986115,0.1360508207697421,0.25197912702336905,0.016373346012551353,-0.031404230487532867,-0.0340466819144785,0.17200074225198478,0.6087399092316627,0.5863112360239029,0.5094135916233063,0.4648817616701125,0.26344798237085343,0.09214537039399145,0.16864146883599457,0.2544686457887292,0.037071541436016556,-0.03269620368955652,-0.03177407921524714,0.1638622642867267,0.5302142424881459,0.5095847254991531,0.5690144884586334,0.38523758828639987,0.26997796654701234,0.1462600117921829,0.19051972898654634,0.2728893429785967,0.0435052811447531,-0.02441819865722205,-0.02574132219888266,0.2508791145123541,0.6661524963378905,0.7512379473447799,0.581279765367508,0.660148332118988,0.3156911697983742,0.13431347638368604,0.14117105458863075,0.17454033133108166,0.02843190995976328,-0.04019417444244022,-0.031030737431719867,0.23749140607891603,0.5178849396109582,0.5043771845102311,0.4400886189937592,0.45551669180393217,0.24127588182687756,0.09137892352417108,0.2280970046110451,0.2668915623426437,0.06163320695981382,-0.027988496120087785,-0.041619820316554965,0.18607311858795583,0.5851062306761742,0.44687550544738774,0.514266703426838,0.5035793763399125,0.2722620064020157,0.09208909187465901,0.16963478468358512,0.3402431320399046,0.14641337893437595,-0.006370116360485537,-0.022062371460488055,0.30922732286155225,0.705652779340744,0.536639347076416,0.42215258479118345,0.38689022958278646,0.21620950639247893,0.08652603449299927,0.23787200668361036,0.47778135105967523,0.11633075260557235,0.02492624426726255,0.013785890826256971,0.5304688360542059,0.6550242406129837,0.561822998970747,0.5583967870473862,0.42309239983558655,0.25229617953300476,0.19719149909913533,0.3098760447837412,0.36245222505182023,0.1345481594558805,0.052281903866678504,0.07830523435492069,0.6776257641613485,0.6218967127799988,0.5483427494764328,0.486223515868187,0.3628815984725952,0.20977446585893628,0.0599019338143989,0.15562072470784183,0.3462619179487228,0.17733800362795588,0.06160281557589772,0.15818791706115007,0.777308480674401,0.853006786108017,0.4078852047771215,0.3624109688401222,0.3882345223426819,0.20068868398666379,0.07631029675714669,0.2068490960821509,0.4124947552010417,0.22445922973565752,0.05913191547151655,0.3549984101206064,1.1785465291142463,0.9087496444582939,0.4065221332386136,0.27184394776821136,0.32643488168716434,0.16334533885121344,0.07640540910884736,0.18961826317012306,0.4732395156193524,0.29858715114183726
35,0.12609209194779392,0.10874957889318464,0.4105027183890343,0.5932405203580856,2.907438400387764,8.382298398017884,19.2001708984375,18.04571475982666,10.978353786468507,3.2817588329315184,0.9736932128667831,0.6409474372863769,0.305923103839159,0.20785070866346356,0.2908294738829135,0.6336384196579457,2.044287838637829,6.08121548652649,16.15081428527832,21.323243179321288,13.708753814697264,5.228375618457794,2.2984056705236435,0.6181537254154683,0.4362022317945957,0.40275365114212036,0.46536697149276735,0.7263605080544948,2.590494574010372,6.938096218109132,13.916616668701172,20.394481506347653,14.42077470779419,8.392370691299439,3.209018574357033,1.2893678802251816,0.19025294870138168,0.16156182289123533,0.42447828061878673,0.7067123860120772,1.9501039656996724,6.447582669258118,18.55927717208862,21.049904212951663,14.593388309478758,6.102368259429932,1.9592301154136655,0.8003960852324962,0.3339268483221531,0.18871160104870793,0.3119408531486988,0.4682248988747597,1.913792455345392,5.006548401117326,14.974563846588135,21.216732788085938,14.89413656234741,6.5586912012100225,1.844992027282715,0.6110101383924484,0.37584473818540576,0.20631883293390268,0.4504580634832382,0.37843959346413614,1.4702846197783948,5.991749323010444,16.438996143341065,21.093660507202152,13.383677349090576,4.538102085590363,1.712190207242966,0.6924184298515319,0.23808165460824965,0.2353519266843796,0.4258149713277817,0.45101408481597904,1.1409653425216675,4.143805007338523,14.872765693664551,20.577612247467044,14.390585927963258,6.333734986782074,2.112129772603512,0.8522705356776715,0.6632220673561096,0.3609132969379425,0.385912676602602,1.341911680996418,2.7342090004682538,6.2221965408325195,18.25269367218018,23.280297164916995,16.923049507141112,7.020342319011688,2.511614689826965,1.0450670409202574,0.14054385706782338,0.14477472171187394,0.32414449587464333,0.6100967136025428,2.5213827395439146,7.851359646320344,17.904755363464357,20.935838871002197,14.166750469207761,4.878388901948929,1.688377633690834,0.49614357143640514,0.4942513774335384,0.24185734033584588,0.26658010870218274,0.8691108466684817,2.532053293585777,7.689361940622329,18.779669914245606,21.73695899963379,16.934012451171874,7.729828567504882,2.28299655854702,0.7010087470710278,0.22058065220713613,0.20320789605379103,0.5765734353661538,0.9471060232818127,1.1976756811141969,5.660993094444274,17.57675775527954,22.24853290557861,13.61742805480957,5.470498596429825,1.3612474453449248,0.35118305459618565,0.16933490261435505,0.22999077320098876,0.31658422231674194,0.4503540776669979,1.6663706028461456,5.806307484507561,18.84225196838379,21.536308975219725,12.13633276939392,5.88318461894989,1.4193125542998313,0.592283626049757,0.22880435660481444,0.1976894940435886,0.26257875829935073,0.5498496606945993,1.858276524543762,6.725636811256409,16.33573383331299,23.17266166687012,14.853064522743228,7.009828306436539,1.9138104021549225,0.6643265233933925,0.23927847638726227,0.18442172378301616,0.4155977150797844,0.8535956275463104,2.0500320522487163,4.869076349735261,16.25553783416748,24.130380363464354,17.21300271987915,4.9612948453426355,1.397809499055147,0.3981187877058982,0.15794253170490263,0.14736790612339973,0.24373050972819327,0.559184593707323,2.6484746193885806,6.388140217065812,20.621665878295897,22.30323589324951,18.25635305404663,7.335749897956849,1.7281768777966497,0.44675231814384464,0.18990180015563962,0.17285602256655688,0.35915945380926134,0.8869576627016068,1.360941202044487,6.82693447113037,19.7446045589447,23.074656524658202,14.910296068191528,6.2484002518653865,1.430964529365301,0.32431460916996,0.2945782408118248,0.3257835176587105,0.38119501769542696,1.3758026364445688,2.8760798239707945,8.486213569641112,19.332476902008057,23.45694822311401,16.778948650360107,6.015827660560609,2.101128158569336,0.6482201372087001,0.1587480182945728,0.13903378620743748,0.3327927020192146,0.8152221649885177,3.3075112205743786,6.292305887937546,19.91555751800537,22.70745418548584,13.942330493927003,5.569301240444184,2.0691120120882984,0.45117701694369317
36,-0.5983015894889832,-0.5876156687736511,-0.2531933754682541,1.030423218011856,1.7543761253356933,7.114022254943848,12.035253429412842,21.796044921875,7.927455997467041,1.8652827978134154,0.46866227984428405,-0.5405413717031479,-0.7171904529631137,-0.6197216252982616,-0.2809644912928343,0.5614647844433784,2.2916886973381043,7.686455001831055,24.74747875213623,23.730832357406616,8.627854881286622,2.153937907218933,0.3546548473834991,-0.4906875112652779,-0.7491108976304531,-0.6615675760060549,-0.3003898897767067,0.7089508187770843,2.5302049648761744,7.206426401138306,27.677113170623784,25.485927028656004,7.854548978805541,2.875758892893791,0.775017612427473,-0.423074604794383,-0.5854273441433906,-0.49935880139470107,-0.10955310113728049,0.6604890815913677,2.6969203376770023,7.502613859176636,32.383805389404294,20.05936713218689,6.86954969406128,2.080276641845703,0.29135038137435915,-0.5046003568172456,-0.6056159967184067,-0.5540111443400383,-0.03154463723301888,0.6851508644223212,2.5859370249509808,7.163320922851563,25.181912689208986,17.64480262756348,5.289420228004456,3.2009908264875415,1.0565005698800085,-0.18773091651499269,-0.6805619582533836,-0.5919227072596549,-0.19100090309977533,0.6221949523687363,2.759868495464325,6.7015065574646,25.0711065864563,19.76076623916626,7.6516541004180905,2.090223851203919,0.5450599592924117,-0.33770371794700627,-0.7260328969359399,-0.7265642999112606,-0.2550816756486892,1.1806736946105956,2.654543225765228,7.826198902130126,30.523900175094603,27.031405000686647,9.053181929588318,3.0082631224393843,1.0853950601816176,-0.17601611852645876,-0.6098811262845993,-0.5449661803245544,0.033565375283360475,1.6062040668725968,3.2316628938913348,8.58025478363037,27.68796061515808,22.920277404785157,7.912077932357789,2.26831158682704,0.6085006815195084,-0.3104946331679821,-0.5667275673151015,-0.46899373173713677,0.3227943447232246,1.1882678162306546,2.8823171091079716,6.637977724075317,26.692429313659666,22.513425216674808,6.169839153289795,2.7560022141411897,0.6689628651738166,-0.16158441141247748,-0.702547534108162,-0.6819642525911331,-0.1264543133974075,0.37325290605425837,2.476922106742859,7.100055360794068,30.525783042907715,32.451250572204586,7.281802308559418,2.091353095769882,0.19811071291565896,-0.5604868261516095,-0.6396391940116881,-0.5270237895846366,-0.021647967398166656,0.6020215909183027,1.9768325281143189,8.600614681243897,30.41744794845581,26.335473709106445,5.716018476486205,2.0499107873439786,0.34372152119874955,-0.33002947442233566,-0.4951485408842563,-0.4380818873643875,0.12016068950295448,1.2208530850708486,2.3681781196594236,10.187759437561036,27.104332695007326,31.043077640533447,6.739446945190428,2.8252711975574494,0.8811644586920739,-0.08445751383900642,-0.6385243564099073,-0.5607191708683967,0.053460005670785904,0.8388137808442115,2.925753636360169,8.282229509353638,27.684298515319824,29.177437782287598,8.083719639778137,3.5430019325017925,0.9994866329431534,-0.21588111937046053,-0.5955732736736535,-0.34940673455595966,0.35556175917387006,0.8402845695614815,2.9280788135528564,9.66036964416504,26.938373546600342,23.0955087852478,9.194305391311648,2.2769370502233506,0.3634460072219371,-0.43742513209581374,-0.5843834878504277,-0.2749041733145714,0.20360462605953217,0.8064947924017908,2.5130750155448913,7.273783254623413,35.674436016082765,29.273252487182617,7.33956907570362,3.1229656299948694,0.46590207815170287,0.11181439854204651,-0.4538714268803597,-0.19103340148925782,0.8253404732048513,2.2414634361863137,3.6665350246429442,10.29564884185791,32.18022010803223,27.535459251403807,10.329952993392945,1.842799481153488,0.07808931685984132,-0.2962233883142471,-0.5187827865406871,0.017529746070504157,0.5949547703564166,0.7459013779461385,2.7032710218429568,10.480688052177431,33.32276111602783,25.620289859771724,7.702212107181549,1.1582752120494841,0.4266864690184593,-0.18283779211342335,-0.2940082506090402,0.047902053594589246,0.6937824135273696,1.482770940065384,4.662128210067749,8.772737379074098,25.2740217590332,27.35057523727417,8.392810440063476,3.495658903121948,1.6545847110450267,0.36571351580321787
37,-0.01305223293602462,-0.0123411117121577,-0.011808561161160441,0.009982287511229478,0.0485701166093349,0.0530112445354461,0.05340732038021082,0.030256942659616436,0.005648844898678321,0.01043469421565534,0.02801000131294134,-0.01223097890615458,-0.016190213672816707,-0.015971499644219827,-0.014713228438049513,0.02158509903587398,0.05742811366915699,0.07654006078839298,0.08014465183019634,0.0592584620416164,0.016589580120053127,0.027511651942040766,0.067622399632819,-0.01598521986976261,-0.0150914934650063,-0.014813445173203894,-0.014350994750857299,0.019852089630439836,0.039188630357384645,0.05982216507196421,0.08596149325370783,0.0467742051184177,0.005938456882722656,0.008116949151735763,0.038949193339794866,-0.009414389170706236,-0.01528627339750523,-0.01515233743935818,-0.013377892002463306,0.029141841193195385,0.04879803344607348,0.0800272279977798,0.11216544359922405,0.06465235002338883,0.014816929814405707,0.037956656883470705,0.04335357514675706,-0.01571005709469313,-0.02149537384510036,-0.02063413728028532,-0.017974954769015276,0.026081917951814804,0.06259231805801388,0.063440109193325,0.05996615201234812,0.03925244696438306,0.009738746255170528,0.01746390086133033,0.11818556599551813,-0.005338854901492558,-0.01878670644015069,-0.01742564488202327,-0.009413676187396008,0.03375428598374124,0.05025614909827704,0.08170305185019967,0.10655309483408923,0.045025988817214924,0.008877942471299298,0.0049142781458795075,0.08573639919050038,-0.012051863893866494,-0.022957903258502443,-0.032761891782283725,-0.026984499953687163,0.12059462336823343,0.035181048065423916,0.01276640802621839,0.05133182287216183,0.023574529513716663,0.01109761747531592,0.031390771623700846,0.3061109316069633,-0.00907133942469951,-0.018779528178274586,-0.01772783886641259,-0.013950745919719293,0.020567877609282685,0.05848669238388534,0.06496509239077565,0.16868018522858613,0.05464785117655989,0.006053273323923341,0.016080379760824156,0.05165016811341046,-0.019430889468640047,-0.020996787101030305,-0.01938902392983431,-0.0031803169474005416,0.14419722761027512,0.09584512308239931,0.049687581509351694,0.13126606777310368,0.05669140890240665,0.004685707837343197,0.007276733710896233,0.10228745589032769,-0.012016579112969307,-0.019074707254767367,-0.01908386703580613,0.01327178123407069,0.06860996202449313,0.05061111703515049,0.06188935279846186,0.07502263233065601,0.048599200770258866,0.012483968520536997,0.027102147098630687,0.08220248195342719,-0.01365893593057985,-0.018578184619545902,-0.017986767813563304,-0.0036978050204924963,0.08771292356774207,0.07303461030125614,0.04365558929741379,0.25453090891242025,0.0887429289333522,0.006721809254959207,0.003828158701071516,0.03535260236356408,-0.0010340638458728514,-0.038539429567754226,-0.036740958392620045,0.014438040703535104,0.19047621465288103,0.08356884527951476,0.03613140065222975,0.06385494813323017,0.1693439923599362,-0.0047950880951248154,0.00858565456233919,0.24213430599775165,0.02257442366331819,-0.018121336586773364,-0.03571183104068036,-0.014407185972668208,0.15403393885120747,0.11018628910183903,0.0998946725949645,0.05882970716804262,0.03505350265651938,0.014185514762066309,0.01567756664473565,0.1556519737653434,0.017608351921662702,-0.02589949600398535,-0.037773699648678265,0.06613413106650116,0.25732742712832984,0.06254858644679184,0.009534624665975535,0.036620754152536364,0.014422812946140725,-0.014378169500269,0.023750070158857866,0.25243832075968387,0.02583596823271365,-0.023213740438222833,-0.022030386663973275,0.08150264911237175,0.10544549881014971,0.0357868734002113,0.015616250410675964,0.04711147956550117,0.03348517537117,0.016458403198048446,0.030420912150293578,0.1308222097530961,0.03752902402542536,0.015302588716149357,-0.0058274851739406166,0.21355384547263387,0.3723221602570265,0.08314302206039426,-0.03165753379464152,-0.00741413459181788,-0.041739843413233786,-0.07436484938487412,-0.054154346294235434,0.18404269916005433,0.1702635220112279,0.016110812872648275,0.023659066595137158,0.17288270969875158,0.22581442999653517,0.01720144230872391,-0.022312942892313004,0.0028859416395425564,0.006790366917848553,-0.015771622681058955,0.029509899811819194,0.08278769757132975,0.04607684954535218,0.09163384556770326,0.10070664733648302,0.2301237410120666,0.3989884596131742,0.09311452694237231,-0.0922468643449247,-0.06236415699124338,-0.08139141567051411,-0.07051733242347837,-0.024404674451798187,0.12420132790692148,0.21480004478245976
38,0.0,0.0,0.0,0.0,0.0,0.0,0.0,0.0,0.0,0.0,0.0,0.0,0.0,0.0,0.0,0.0,0.0,0.0,0.0,0.0,0.0,0.0,0.0,0.0,0.0,0.0,0.0,0.0,0.0,0.0,0.0,0.0,0.0,0.0,0.0,0.0,0.0,0.0,0.0,0.0,0.0,0.0,0.0,0.0,0.0,0.0,0.0,0.0,0.0,0.0,0.0,0.0,0.0,0.0,0.0,0.0,0.0,0.0,0.0,0.0,0.0,0.0,0.0,0.0,0.0,0.0,0.0,0.0,0.0,0.0,0.0,0.0,0.0,0.0,0.0,0.0,0.0,0.0,0.0,0.0,0.0,0.0,0.0,0.0,0.0,0.0,0.0,0.0,0.0,0.0,0.0,0.0,0.0,0.0,0.0,0.0,0.0,0.0,0.0,0.0,0.0,0.0,0.0,0.0,0.0,0.0,0.0,0.0,0.0,0.0,0.0,0.0,0.0,0.0,0.0,0.0,0.0,0.0,0.0,0.0,0.0,0.0,0.0,0.0,0.0,0.0,0.0,0.0,0.0,0.0,0.0,0.0,0.0,0.0,0.0,0.0,0.0,0.0,0.0,0.0,0.0,0.0,0.0,0.0,0.0,0.0,0.0,0.0,0.0,0.0,0.0,0.0,0.0,0.0,0.0,0.0,0.0,0.0,0.0,0.0,0.0,0.0,0.0,0.0,0.0,0.0,0.0,0.0,0.0,0.0,0.0,0.0,0.0,0.0,0.0,0.0,0.0,0.0,0.0,0.0,0.0,0.0,0.0,0.0,0.0,0.0,0.0,0.0,0.0,0.0,0.0,0.0,0.0,0.0,0.0,0.0,0.0,0.0,0.0,0.0,0.0,0.0,0.0,0.0,0.0,0.0,0.0,0.0,0.0,0.0,0.0,0.0,0.0,0.0,0.0,0.0
39,0.02844840539619322,0.018689481820911118,0.013830215949565138,0.0545889131724834,0.1305453389883041,0.1658886864781379,0.4365043997764587,0.8958008140325546,0.5593669354915619,0.3142297074198722,0.1685472302138805,0.06324646826833483,0.03593811975792046,0.023591996347531636,0.01727528153918679,0.08806947164237496,0.13754414126276968,0.2604040679335594,0.7888162970542908,0.9344836831092834,0.7182603150606155,0.3266811235249043,0.19893948517739773,0.06872957654297349,0.026170346848666627,0.016647063381969876,0.012880405350588212,0.07496350258588787,0.1848337377607822,0.2976265658438206,0.6188052922487259,0.8146287238597869,0.43459341943264007,0.29134298220276833,0.18462587840855116,0.07052468299865719,0.03104622455779457,0.019880044595338365,0.014428500290960027,0.0951524135842919,0.19531134560704227,0.18872300803661346,0.6050184428691863,0.6613275557756424,0.5070923724770546,0.26006979592144486,0.15048833943903445,0.061507251579314415,0.02762413090094919,0.017910692533478084,0.017285110829397994,0.0762169416621327,0.18398746989667414,0.30165805995464323,0.5357935452461243,0.6316118180751801,0.31965022534132004,0.20811258755624293,0.1291868372634053,0.05308435261249539,0.03077541494742031,0.020124180782586286,0.015259265284985252,0.08724101211875673,0.15934217929840083,0.2740912386775016,0.5647187384963035,0.6503551822900772,0.4920888593792915,0.22350468061864368,0.1988153777271509,0.07279729865491387,0.0326478113047778,0.020924598164856385,0.019639240708202076,0.13719461027532812,0.20577486433088774,0.37146403640508646,0.6960599261522293,0.752500227689743,0.4669543635845185,0.20141309082508085,0.1542983220517635,0.061321804039180236,0.025456717619672376,0.01609452477656301,0.014637620933353853,0.11765175454318519,0.2237955681979656,0.2950444799661636,0.6628337591886521,0.7191189998388291,0.4572066622972488,0.1826861383765936,0.12503193497657772,0.055656940005719614,0.029708432555198633,0.019370377603918264,0.01955266977660353,0.09071936352178449,0.16222767189145085,0.23025481671094888,0.5968351823091507,0.8695480549335478,0.38113840162754054,0.23909478895366193,0.1431614318490028,0.07609037160873408,0.035483277849853,0.02253228313289578,0.02127414586022492,0.09604489441961046,0.21939232900738714,0.30267768666148187,0.653704354763031,1.0958888816833496,0.513704113960266,0.3113756290078163,0.20749490752816196,0.07470757149159904,0.032910287044942324,0.020454678991809444,0.02429466030560428,0.16408353727310893,0.17189850479364394,0.3272722220420837,0.819903327226639,1.0779155105352403,0.46712833672761916,0.17956804066896434,0.16098002709448334,0.07853182287886734,0.03601095080375667,0.022345238961279358,0.03322123120538886,0.20345986533910035,0.18991169266402713,0.386657831966877,0.6700308483839035,0.9909075570106506,0.5064052653312683,0.2931284062564373,0.26564943991601464,0.12203817941248411,0.04647240916267033,0.027116187140345527,0.028124995576217726,0.17930204354226587,0.21646222889423367,0.36054832965135575,0.6431395030021667,0.8763492023944854,0.6143231552839279,0.3044392463564873,0.20969026006758212,0.09509807139635082,0.04469466231763359,0.029119707727804735,0.03283342291135335,0.1408508251979947,0.16181280508637425,0.30309869766235353,0.6844610416889191,0.8028574457764626,0.4912212005257606,0.21567790463566777,0.20126262228935957,0.11111837871372698,0.04771223830059166,0.03452936636283988,0.04692564737284552,0.18618849024176592,0.2080957967042923,0.35245246693491933,0.7714387971162797,1.09420563519001,0.6045533576607705,0.37744144856929773,0.2435160071402788,0.1172154795005917,0.05790563622489568,0.03763465061783786,0.09078829551115628,0.23383593901991842,0.241451425999403,0.3710601791739464,0.732095496058464,1.137573434114456,0.7228011709451675,0.35082736372947687,0.24991510413587087,0.15892343740910286,0.051661886759102285,0.033506170772016,0.05839909568428987,0.13793102908879512,0.15369820579886434,0.2987051084637642,0.748179875612259,0.7977282440662384,0.3850121353566647,0.15416647002100942,0.15395709127187723,0.09459530673921103,0.07678776200860733,0.0733064097166061,0.15214218730106946,0.28231587290763854,0.3282833255827427,0.42731947898864747,0.7131469714641572,1.0296866649389267,0.7672673365473748,0.5241142302751541,0.4314187229424715,0.21283628560137005
40,0.019671319052577,0.02372744008898732,0.10767276175320147,0.1322287887334823,0.5659086465835571,0.9200903892517089,1.1274408459663392,1.1355389952659607,0.7056122213602067,0.2790394689887762,0.136786512285471,0.03829734623432159,0.021509007774293407,0.02766914941370488,0.11394486464560027,0.12617334369570016,0.5363585448265076,1.0859598302841185,1.4480197048187258,1.4238997077941895,0.8346577465534211,0.41943314343690874,0.2970164225995541,0.15672210723161695,-0.007458374463021773,-0.020565050188452012,0.07532848425209519,0.06401993725448844,0.47766287863254553,1.038046622276306,1.4308674836158752,1.3412776064872742,0.6800746357440949,0.30429370179772375,0.16865555595606563,0.05889944441616535,-0.009617503732442845,-0.01321691069751978,0.09132325306534765,0.10574700519442556,0.6962478816509247,1.2747854828834533,1.5675149607658387,1.5112887501716612,0.8758609366416932,0.4716361650452018,0.2786887270957231,0.1257207905501127,-0.014566959291696564,-0.013202549666166305,0.1411594871431589,0.16228918626904484,0.6623535817861557,1.2957510161399841,1.828146162033081,1.6193682646751406,0.8761419224739075,0.43228794693946837,0.24049138300120831,0.10398925870656968,-0.08318444576114417,-0.09585408978164196,0.029745045881718373,0.14602683216333384,0.780523965060711,1.5685077238082887,1.9217337465286257,1.6816451621055601,0.8540807065367698,0.34249099776148795,0.1680916880071163,0.04920311994850634,-0.04152542807598365,-0.04797130107879637,0.07453974135220051,0.1836284087225795,0.6537361311912536,1.375476186275482,1.7676649856567384,1.9996936416625979,1.3124418541789056,0.6261763064563275,0.368703795298934,0.14517017140984534,-0.11916267186403276,-0.1764429219812155,-0.03456923261284827,0.03661951184272767,0.6001125776767731,1.9259817719459533,2.4656817960739135,2.262893180847168,1.3336764395236969,0.6828250199556349,0.32535277795046563,0.07644986867904664,-0.06699193358421326,-0.09142523042857645,0.042544899731874454,0.052992043588310486,0.6578431817889213,1.505427622795105,1.8739014387130737,1.8909658908843994,1.4450083220005037,0.6846464129537344,0.2820993399620056,0.049764821752905836,-0.16718434590846298,-0.1942905267700553,-0.007760064825415617,0.08534012876451015,0.9671990737318991,1.6215528202056888,2.117989367246628,2.312007188796997,1.750800322294235,0.8644562003761529,0.4640175616554916,0.14379370216280224,-0.10030102774500844,-0.11339855290949345,0.10633635580539702,0.2782382875680923,0.9259948825836182,1.709836757183075,2.1923021602630617,2.204687600135803,1.3346970748901368,0.4894182640314102,0.12077048093080518,-0.057113529890775686,-0.10200868085026742,-0.11612324602901936,0.07030610054731369,0.2509167510271072,0.7777093589305878,1.4830100369453432,2.104841103553772,1.9591265368461606,1.0778511893749236,0.5028062254190445,0.2710955995321275,0.07389618456363677,-0.1012343219295144,-0.10664036605507136,0.08557537347078323,0.1788837487250567,0.911763165742159,2.2655196058750153,2.9377413988113403,2.757413220405579,1.8186517834663392,1.0354827868938448,0.5294157579541207,0.17747855823487044,-0.04745299562811851,-0.08461698278784754,0.04246066145598887,0.10754736348986627,0.44493479847908013,1.3073742854595183,1.81073970079422,1.5365545153617857,0.7990030139684677,0.5274188713729381,0.2713145464658737,0.05007703885436058,0.0013913052529096637,0.03272110223770143,0.11004859089851379,0.02128566563129424,0.5457889183610677,2.4923923063278197,3.487820634841919,2.7915604948997492,1.8177666026353836,1.1538366186618805,0.7403398978151381,0.25787916854023935,-0.01622665308415888,0.10646621137857437,0.34445027738809586,0.4772547914087772,1.029294454753399,2.23579887509346,2.303939576148987,2.185557682514191,1.3871743178367615,0.8312634637951852,0.38450957836583255,0.12270422153174876,0.13462360858917236,0.21649164095520973,0.20653578132390976,0.2867672882974148,0.7766077533364296,2.4473702907562256,3.340750007629395,3.0820000982284546,2.0713008141890166,1.1635579177737239,0.5553875145316123,0.15596775971353055,0.02009167492389679,0.10779860407114031,0.17681701868772506,0.1169219873845577,1.0329796120524406,2.8205580139160156,2.9236238312721254,2.4441122776269912,1.4859788268804548,0.7209492714703083,0.6299892641231418,0.4260022609680891
41,65.39774322509766,114.58332977294921,163.28189544677736,229.75066223144532,225.65768432617188,373.5226226806641,354.21856079101565,222.14580993652345,161.5666976928711,92.57003173828124,77.92108879089355,50.23984832763672,73.07111465454102,107.31826538085939,154.46673767089842,195.56522094726566,244.38326782226562,274.03227752685547,303.32925903320313,212.3144680786133,141.87221389770508,98.18958679199218,79.74152793884278,55.016531982421874,72.00408676147461,103.87762741088866,171.76483581542965,204.30985809326174,218.89256286621094,260.8041168212891,276.1835968017578,223.9379055786133,166.8545736694336,128.08724296569824,111.79955238342284,78.71780639648439,52.88254402160645,78.23949394226074,145.6829309844971,172.02025726318362,220.7367922973633,301.1249603271485,283.04584533691406,190.75748779296873,128.08296920776368,114.60775032043458,82.44131317138672,51.385561065673826,68.18959312438965,91.79946456909178,152.60764083862304,195.29244338989258,217.8759655761719,253.1203518676758,311.9799041748047,259.3427459716797,175.85678939819337,127.66813781738281,80.22644004821777,60.066271514892584,85.30173042297363,123.61028945922851,180.3587628173828,221.25444946289062,246.02506469726563,278.35651245117185,281.8737475585938,226.0788586425781,163.0516864013672,99.8753887939453,76.22692169189453,60.95407188415528,77.17992637634276,137.2445018005371,186.4602828979492,189.36405456542968,222.45044586181638,261.52079635620123,305.53425781249996,244.1946676635742,181.50536651611327,110.48846435546875,90.71240936279297,58.99619873046875,72.02320518493653,106.10599731445313,169.81055953979492,200.5987564086914,216.4258450317383,268.08459716796875,325.32393737792967,214.92526275634768,183.85039520263672,117.70419082641601,91.78080871582031,71.88727233886718,65.06849128723145,104.68044052124023,166.36497436523436,198.61938446044923,224.3294805908203,269.1204315185547,322.9487005615234,216.56822357177734,152.4106616973877,90.51889602661132,74.02884010314942,51.73976951599121,79.2628352355957,115.09190048217775,170.2255990600586,211.7862127685547,226.4928741455078,265.47976074218747,292.56269470214846,233.96451904296873,201.30687408447267,127.55780784606932,90.1101242828369,71.88308578491211,61.95292213439942,103.96362014770507,177.29220848083497,201.42459655761718,231.91487396240237,275.3038934326172,258.9297943115234,206.61498489379883,152.25798568725585,78.96778396606446,63.34746398925781,50.040078735351564,61.38511238098145,135.75069839477538,150.033240814209,219.31300628662112,236.27290954589844,257.1635662841797,295.86261779785156,201.38333587646486,141.19005859375002,88.57948600769045,88.6722134399414,57.99715003967285,84.3582820892334,133.34413597106933,205.7141679382324,236.2254327392578,234.79955078125,247.43880859375,281.4155435180664,266.7830798339844,229.99712463378904,148.34530853271482,103.04926712036134,64.73247406005859,68.45704345703125,116.63870368957518,164.31018280029298,192.41935852050779,228.64036071777346,292.62181091308594,270.8350192260742,232.8256094360351,169.5263104248047,110.3164828491211,72.8159194946289,55.806414108276364,78.83931350708008,100.28188072204591,173.7391539001465,213.51869049072266,228.6067118835449,283.3324182128907,298.04223602294917,247.2583193969727,261.5197741699219,131.6408741760254,79.8151803588867,66.41021018981934,69.42757591247559,98.0812703704834,166.57643386840817,220.9388417053223,279.84460510253905,249.16837829589844,354.4906854248046,238.8335726928711,159.45375930786133,91.61812522888184,104.32219886779785,58.45770130157471,66.69474800109865,109.0089451599121,174.29053176879881,201.93356262207033,215.6432223510742,276.87684631347656,293.1258172607422,237.59756225585937,177.2513055419922,87.2809880065918,83.27824867248535,47.750010604858396,57.658146667480466,103.19010162353516,162.81992462158203,209.64928802490235,238.00826171875002,255.89286071777343,278.42199645996095,217.27385437011716,164.61451942443847,75.62966430664063,54.82306011199952,51.9641524887085
42,-5.9672199010849,-4.599382907152176,-2.5182793855667116,-1.379533475637436,2.1476314783096315,9.803773117065429,20.617007207870483,71.78163681030273,42.711762046813966,13.995160007476807,1.7937787055969239,-2.8715891361236574,-3.6138951402902606,-2.5811081266403195,-0.8168241441249847,0.06451960325241086,3.4956450033187862,7.387759723663329,33.29620998382568,49.67204433441162,17.56664531946182,5.363796449303627,-0.15202714800834655,-2.376842016577721,-2.491246207952499,-1.453992190361023,-0.2630280759930611,0.16017232179641722,3.0430984950065616,6.951045808792114,30.94535130500794,45.162316970825195,21.99464073956013,8.127694461345673,-0.041040973365306765,-2.117690086364746,-2.1113116836547854,-0.3221986949443817,0.721978348493576,1.314988718032837,3.4889893531799316,7.6077784729003906,37.932849235534675,42.52150376319885,16.55609207391739,6.486991508603095,0.390395216345787,-2.332220425605774,-2.6081296771764757,-1.227490424513817,0.4178143715858459,0.5321265625953675,4.939020912647248,7.575499830245971,36.49108360290528,36.410121822357176,17.036554102897643,7.520963439941407,1.79074225127697,-1.6651248013973234,-2.09879457116127,-0.7481536614894867,0.3594509667158127,0.8262245374917985,4.620228797197342,9.324465999603273,24.050297069549558,29.456440553665164,17.306012719273568,6.34852867692709,1.1266033002734184,-1.4743661934137344,-2.3925190567970276,-1.1186149978637696,-0.266640911102295,0.5683409404754639,3.341238057613373,6.9616713809967035,41.312247810363765,64.58740100860595,26.153710362911227,7.272110942602159,1.0180509343743327,-1.9860494613647461,-3.2605627536773683,-1.744733213633299,-0.5323167052865027,0.08501312732696534,2.828451657295227,9.296362571716308,39.75140625,38.33219049215317,23.859433195590974,11.077748610377313,0.42493731498718273,-2.4536975336074827,-2.2848819136619563,-0.5925129017233849,0.6939018458127976,0.8965451389551162,4.4112215328216555,7.656005296707153,33.78904792785645,34.399271259307866,16.31796649694443,7.487142405211925,0.509418044090271,-1.854426084458828,-3.208439960479737,-0.5150543028116227,0.529224327802658,0.1739408788084984,3.1030404329299928,8.149592556953431,46.216043872833254,62.517136039733884,29.769049429893492,8.367159634232522,0.1718387150764465,-2.7219486790895457,-2.2901622447371484,-0.6119382512569427,0.6703502523899079,1.0998313826322554,3.691934142112732,8.109327287673949,25.661376132965085,38.82067587852478,17.82002694606781,6.807393985986709,1.4914801031351088,-1.6995672470331193,-2.230689566135406,-0.7824880692362786,0.15430377364158626,0.6093972170352936,2.736499438285828,9.857949576377868,39.29344446182251,51.93709323883056,18.535204329788687,8.094750427007675,0.6675450873374938,-1.976776180267334,-3.2268327051401138,-2.0552910482883453,-0.37780305206775655,0.42297215342521677,4.053254880905152,8.32402937889099,54.581979827880865,52.08770906448365,24.152443675994874,9.849100225567819,1.26209934592247,-1.9259475576877594,-2.1501511698961258,-0.9826596063375475,0.5790802836418152,1.3621322059631347,3.2697411906719203,9.37891224861145,39.585055904388426,49.80508990287781,26.102877113819126,10.049531758129596,2.2529466387629506,-1.7037033569812774,-3.3922206038236618,-2.274528403282166,-1.047128030359745,0.44912539482116715,4.341752139329911,7.901862319707871,48.33454825401306,74.21218359947204,27.514624648094173,14.758310851454734,0.772245909869671,-2.428791959285736,-2.1908948719501495,-1.4306089514493943,0.16605616867542267,2.5748934900760654,4.287688727378845,11.950826867818831,48.230982303619385,53.58765721321106,29.97698628902436,4.871244798898696,0.05185905754566202,-1.8841515585780144,-3.2515070056915283,-1.0930167651176455,0.09910558998584747,0.5318293672800063,5.126846752166748,9.48960901260376,39.752956275939944,52.242105922698975,27.882992614507675,10.292381269931793,1.5206708157062532,-1.7315360391139982,-2.4491409099102017,-1.0799769806861876,0.4046947056055069,1.3682068860530854,5.890894641876221,8.899606313705444,34.16007368087769,48.868294181823735,21.722615332603453,9.89681441873312,2.448213578462601,-0.9428437346220019
43,18.476198959350587,20.139279937744142,20.833084869384766,20.29678282737732,9.049333381652833,3.0800678014755247,3.261663055419922,0.966200104355812,2.0042217493057253,8.391404354572296,18.822683334350586,25.613077545166014,18.810553417205814,22.354799976348875,21.58791027069092,14.308776206970217,7.268043642044067,3.6226542806625366,1.9045588183403015,1.4565266108512878,4.272219950258732,8.810505307614802,16.62755927085876,25.351428089141848,19.518109970092773,22.817606658935546,22.396890392303465,16.66892608642578,9.056765241622923,3.9118681263923643,1.5810453462600709,1.4820392376184464,3.7733091759681705,8.845278273224832,16.39569169998169,21.585319900512694,18.29174858093262,23.37805654525757,31.06674129486084,20.832172889709472,10.74988697052002,3.515037550926208,1.3208819675445558,1.0773129254579543,3.1028623156249524,8.324833400249481,16.501297130584714,19.97572817802429,19.691538887023928,25.395545120239255,23.98489948272705,16.13759895324707,7.594868955612182,2.5752343225479124,1.2709245747327806,1.0574029755592345,2.579408266544342,9.32118233680725,15.32510466337204,19.463872642517092,15.591839561462402,18.11907325744629,16.306006546020505,14.43184169769287,7.815208954811095,4.764645733833314,1.6341295337677,1.0100714814662932,3.4508143913745877,6.589634795188904,13.613538217544555,18.073516502380368,19.005833015441898,19.608188953399658,20.071995868682865,14.30819061279297,6.672294850349426,3.2031624746322627,1.4206226086616518,1.1941047367453574,4.315637239813805,9.285057897567748,18.550198917388915,24.600930709838867,20.670710000991825,20.68058206558228,21.054089736938476,18.58027067184448,8.105218844413757,3.408984053134918,1.1561499291658401,1.2560507309436797,3.5565291295945647,7.684328019618988,17.196305084228516,20.597089500427245,17.77987825393677,21.8492094039917,21.003479766845707,15.214521369934081,6.6685385894775395,2.1527527993917466,0.9756204921007157,1.091015318632126,1.587426138073206,6.819706537723542,15.457625346779825,19.74412586212158,14.803924369812012,16.741228332519533,15.752360229492187,10.809703044891359,4.440904388427734,1.9588217210769652,0.8972980147600176,0.4592361807823181,1.581384144425392,5.684438266754151,15.026702184677124,18.206007080078127,19.813036289215088,20.93016035079956,19.59871325492859,11.614961891174316,5.693293809890747,3.368077149987221,0.9841014432907105,0.6312200024724006,1.6928562900424005,5.10894307255745,13.039955881834029,16.879479465484618,16.22894786834717,17.88780297279358,17.593410902023315,11.376103372573851,4.848900051116944,2.269173074960709,1.3817112958431244,0.5654335835576058,1.4622132351994517,4.294806209802628,12.127974033355713,16.02468322753906,18.887552719116208,24.695087881088256,24.182100448608402,11.65765281677246,4.31335232257843,1.9870571863651274,0.8641960382461548,0.5782718589901925,2.91949701666832,5.4470296895504,14.69138436317444,22.697141265869142,13.267369861602782,15.339824695587158,16.01847557067871,10.002606959342955,3.4382315325737,1.5513011491298676,0.7894074094295502,0.38654646486043925,1.4266157269477844,4.7526048442721365,9.037907664775847,15.983470363616942,14.66432720184326,17.733867950439453,15.32681914806366,10.631021904945374,4.463463337421418,1.6775286817550659,1.3004774498939515,0.41354354947805405,1.2954586040973664,5.668984031379223,11.161522469520568,16.659377137422563,15.4577014875412,16.502288322448727,16.357251591682434,7.1603744411468515,4.574729000329972,2.108650778532028,0.9170430049300193,0.7120877704024314,1.1645117864012717,5.6317394316196445,11.78584538459778,18.49972370147705,14.486328897476199,16.6918200302124,13.097570943832398,6.837180166244506,3.461008694767952,2.2950611054897307,0.5886863851547242,0.38349110186100005,1.3727183978259565,3.603365275859833,12.388879666924478,13.598756141662596,12.417594785690309,16.171727142333985,14.604756078720092,11.592259511947631,3.1516855120658875,1.2484299325942994,0.77736487865448,0.6162299042940139,1.5682407791912556,4.868213239908218,10.76312502861023,13.906247482299808
44,80.9246841430664,82.54813232421876,91.80814590454102,81.41232299804688,47.2457275390625,28.19224805831909,19.21666736602783,10.258160948753357,10.071725556254387,36.47294573783874,67.48135375976562,112.92628593444825,112.8349269104004,120.66309570312498,131.98500396728514,100.17519271850585,43.649214019775386,27.29593061923981,25.67768324017525,14.781972106099127,23.530017824172972,26.79561580181122,53.57802154541016,98.15862670898437,98.73299171447755,114.40647918701173,127.77431243896483,105.12818771362306,54.78301666259765,40.07661273241043,22.990561189651494,12.183766927719116,16.151986124515535,26.306229310035707,50.5759785270691,89.70777893900872,96.42891555786134,118.98372039794921,166.16796630859375,138.6935331726074,71.20199203491211,33.688049135208125,16.436438126564024,11.473470692038536,15.151950893402098,29.37670612335205,55.390694446563714,84.85875526428222,92.44254104614257,124.23328079223631,137.1316680908203,101.92672195434571,52.684557113647465,24.96834313392639,22.424510035514835,17.63192196369171,14.846967703104019,28.72863412618637,49.21164709091185,76.07738292694091,86.94006866455078,104.14658081054685,117.35789062499998,95.68309837341307,58.996558570861815,46.07556383728981,20.917109533548356,9.71295912504196,14.624108338356018,19.355174164772034,42.71209874153137,72.62513111114502,100.236895904541,120.18305923461912,130.96154022216797,96.67756744384765,46.4646228981018,27.033878277540204,10.179949177503584,6.328381240963935,15.650976675748826,24.96906545877457,58.65973827362061,98.991748046875,107.96032447814942,117.63583236694335,135.38722106933594,123.10966247558595,55.42278125762939,34.36654203414917,17.997984204292298,8.715985984802247,11.176651450395585,22.78500700354576,50.45004583358765,84.92445648193359,86.9725760269165,119.36219268798827,133.22820556640625,111.00960609436034,49.91509277343749,25.985928473472597,12.625142757296562,7.217974277734757,3.783785786032677,17.166518146991727,48.07719184041024,77.93250862121582,82.39772933959962,100.27756057739256,116.21065536499025,82.43172630310059,39.322616615295416,15.226501140594483,9.498774342536926,2.5754917913675306,5.8739667314291,16.20544502735138,42.249692701101296,79.0866835784912,100.1760043334961,122.25935470581055,123.0667950439453,75.80941253662111,36.269906158447256,24.995573650598523,5.711660537719727,1.4811266481876373,2.843147352933884,11.515561788082122,34.46169816255569,62.87705108642579,90.81356658935547,97.84481369018553,116.15741119384765,83.51823501586914,37.02738147735596,19.00109575510025,6.145363175868988,2.521984078884125,4.793612327575683,9.43690773487091,36.67693544387818,61.531365432739264,105.00920288085938,125.34128112792969,140.13514862060546,86.71374282836913,33.52953880310058,16.969587709903713,5.7719203788042055,0.4790885782241821,6.798435060977935,13.66204093694687,40.647412815094,83.83689266204834,80.72871429443359,101.33795906066894,110.33445098876953,84.05177848815917,35.48673751831055,16.47184493303299,7.819477679729462,4.232041065394879,4.405887376666069,14.48029184103012,29.682693588137624,65.06056020736693,79.78945335388184,112.37839721679688,128.31219604492188,96.70879936218262,38.85570210456848,16.86253840327263,8.101289249658585,0.8264730155467988,3.0900087410211565,12.35783399105072,31.5069277381897,59.36971952438355,102.54077880859374,115.39811305999756,117.95751091003419,67.47641414642334,31.83041904449463,17.607384167909622,8.62328966498375,0.9211068207025527,1.9958865463733677,11.336324528455734,37.102465739250185,78.35591793060301,79.1220949935913,104.10998321533205,107.75542160034179,62.03337459564209,29.143111352920535,20.39743905544281,6.3807992315292354,2.0218632990121845,4.6344282746315,8.9657944598794,32.58026832580566,58.97660806655883,82.29546203613282,111.4036964416504,108.17788276672363,99.30275619506835,39.462749252319334,10.232999148368837,2.7058632707595827,1.7190696477890015,3.2823290485143657,12.641036820411683,29.953253324031827,63.80614788055421
45,15.814460754394531,11.168132400512695,18.368530178070067,13.14340682029724,4.321214175224304,3.9858145713806152,3.4815629005432127,1.422910213470459,1.6517164349555973,3.3933466374874115,10.96845302581787,14.56827416419983,18.965586585998533,16.264893770217896,21.84302989959717,13.480914840698242,4.795626063346863,3.3949670284986495,4.024373981207608,2.484655347317457,2.4233974695205687,4.410410105586052,8.797695922851563,14.937903518676757,13.948370771110058,16.552450642585757,19.87175203323364,12.296422004699707,4.764738621711731,3.746049482226372,3.794334203600883,2.1581604626774786,2.3156595841050147,3.2234291595220568,6.933845421671867,12.36395563364029,14.747434573173525,18.07295456886292,21.457401390075685,16.28527256011963,7.36909215927124,3.3194438147544867,2.0165268223732706,1.9733813086152079,1.6220601409673692,3.722507340908051,6.6073997235298165,11.594763994216919,13.914927291870118,15.803759641647337,20.999768600463863,14.87336696624756,5.764048938751221,3.0255765965580936,2.3899481272697445,2.0699203872680663,1.5477174904942512,3.249407904744148,6.119403486251831,12.158287811279298,19.101952419281005,19.744252052307132,24.15591423034668,14.043628540039062,5.565051565170288,3.201246719658375,2.7603837735205894,2.3007075852528214,1.5824769884347916,2.3902700787782667,6.508738882541655,12.833407211303712,16.70019927978516,19.83423957824707,21.99467105865478,13.82208948135376,6.575537252426147,3.878376616239548,1.9229071146249772,1.2969405708089472,2.091008523106575,2.979817434251308,6.853111469745636,13.2910001039505,17.807333936691286,20.057660331726073,23.047236595153812,15.232665748596194,6.179191505908967,4.3967645379900935,1.8844894778728485,1.7724177511036394,2.303517164438963,3.9105143044888977,8.159361081123352,14.73653431892395,18.199003982543946,20.92967361450195,24.1797925567627,14.985100021362305,4.8658706355094905,3.3344992889836425,1.8538206902146341,1.2217822761833668,0.702089459747076,2.3372974854335187,8.170901105403901,13.734343996047972,17.322232913970947,19.254856796264647,22.206428833007813,11.88370666503906,5.12610429406166,1.8642298439145086,2.205938211381435,1.277876906096935,1.5100400996208192,1.9649580305814744,6.391188863739371,13.99819404602051,16.814690628051757,19.92839082717896,20.210449295043947,12.402522964477539,4.689619772434234,2.194641546010971,0.5288492292165756,0.35698288589715965,0.5434548011422157,1.9041250447183846,5.525505830943585,11.785673122406006,17.037228412628174,21.82618806838989,22.2636629486084,14.894964008331296,5.2196559143066406,2.2925310531258587,1.2466310615837575,0.6648246517032386,1.060899472758174,1.925900149941444,4.686752516031265,12.255762529373168,16.086156568527223,19.42351879119873,21.924655036926268,12.490949268341064,3.71255850315094,1.567717166543007,0.9741353575885295,1.2210463654622437,1.2404730305075646,1.7594761319458485,6.152412086725235,12.495872087478638,16.824499073028562,19.770896949768066,22.36050010681152,13.834214401245116,5.6609994459152215,3.5370828032493593,1.6434747345745564,1.418103559985757,1.1285416860878468,1.5048555305227638,5.011466410830617,13.854211826324462,18.107074708938597,22.55722816467285,25.103428459167482,15.373435058593751,5.099643715620041,1.3384339407086372,0.6287413865327836,0.11899134248495105,0.44076281964778896,2.06237850189209,4.938986291885376,10.471115608215332,20.349492797851564,20.467322959899906,22.388990573883056,13.037618618011473,4.95861481666565,1.8901122814416884,1.122283973544836,0.7392095385491847,0.48980992287397374,1.8044680859148503,5.993800706863403,14.003123416900635,18.861693305969236,23.807360820770263,26.17377902984619,13.61448660850525,3.7602845478057865,1.8474961695075034,0.5774255073070526,0.362135240547359,0.7076792593300343,1.5423334404826163,5.011339687108993,12.155641427040099,17.138201694488526,20.999109573364258,22.32619155883789,15.349235382080078,5.745167427062989,1.9534042472392321,1.0219038113579155,0.3297231791913509,0.5657486785948276,2.057708454430103,6.134390225410462,12.807293872833252
46,133.33894424438478,122.3402946472168,125.12105598449705,118.69817199707032,34.34116039276123,18.645018815994263,18.55061455965042,13.686548042297364,24.359162318706513,40.994303131103514,81.69295959472656,102.59656219482422,181.08676498413087,152.25034545898436,163.82667083740233,131.7231083679199,53.8835863494873,30.224696521759036,42.33700819015503,32.429680190086366,36.1079056596756,58.035739884376525,104.96517463684081,153.24030868530275,145.3098233795166,141.0453565979004,150.72983474731444,118.05547927856446,57.53050659179687,34.568096771240235,29.765052582025533,19.157139954566958,24.43196771860123,43.25285106658935,84.88810132980346,125.58886169433595,157.7200173950195,173.11132972717286,165.46409324645995,147.71469345092774,64.13494705200196,33.0643713760376,23.258205924034115,21.363603487014775,28.760714169740673,45.351314086914066,80.27924297332763,123.46950996398925,139.63796783447265,134.40312271118165,160.89618057250976,134.92223022460936,61.06424446105956,30.70560497283936,25.191976368427273,19.17055093288422,24.98617011070251,50.37012844085693,86.5168240737915,133.3475898742676,196.24924926757814,189.74721466064452,195.14879486083984,133.86258178710938,72.95665519714355,42.69549118995667,29.577330590486532,21.740738659501073,21.36706326007843,40.68019596099853,90.38626533508301,144.80436096191409,177.66530639648437,203.6563507080078,199.78128173828125,137.1618780517578,55.751935653686516,32.51143592834473,19.75521599769592,16.353519614934918,22.15475798845291,40.396029860973364,78.13702156066894,130.7572186279297,190.96714561462403,195.2869775390625,190.54429489135742,145.80947937011717,67.54716583251954,37.30433368682861,25.785627574920653,18.395387682914734,24.865480670928953,55.02981481552124,97.39072868347168,149.69344207763672,182.97546585083006,198.65148406982422,220.66974548339846,144.90760284423828,55.90718795776367,33.01072963714599,25.225237674713135,13.392405440807343,13.037015800476075,40.993157653808595,76.53685525417328,138.0300863647461,198.33739990234375,194.2535775756836,196.08341354370117,144.2958206176758,67.01663848876953,35.0517539024353,25.28388235151768,12.378878343105317,18.955637983083726,40.38864883422851,80.34332242965698,142.9556034088135,191.72545684814452,196.35902954101562,184.44387176513672,130.15282440185547,56.14598587036132,24.675429959297176,8.805942606329918,5.733580580949784,15.847888756990434,36.146297591924665,87.82534873962402,171.07469635009767,205.21046356201174,215.2702182006836,218.04449523925777,156.41925872802733,53.79143615722656,21.623987140655522,10.967045451402665,11.208901702165605,12.767162728309632,32.37971846342087,74.2806019592285,157.05042846679686,188.06741455078128,203.75872573852538,198.24759796142575,137.75301696777348,53.78608757019043,20.53339746594429,10.886300086975098,7.0172533929347995,11.104296698570252,23.436313796043397,72.60562335968018,144.87492126464844,213.27414306640625,244.286533203125,227.45330444335937,166.1219332885742,73.99259826660156,35.22792560577393,23.999409062862394,17.503664165735245,16.075409722328185,31.55369288444519,82.21481594085694,156.12355957031252,213.17773193359375,248.67294555664063,239.88510559082027,163.4511427307129,60.426629028320306,19.51835653781891,11.79363345146179,5.310998464822769,8.825759136676789,32.456692051887515,81.4583787536621,137.91954513549805,224.72876556396486,240.88916931152343,226.0641638183594,148.73326416015624,57.81852645874024,22.409283018112184,12.81474394083023,5.610751574039459,8.652314481735228,25.752146714925765,72.0516889858246,147.11243743896483,239.48458557128907,262.7041604614257,248.45420257568358,157.37259002685545,60.96613815307618,23.42084235191345,12.851032427549365,6.963032927513123,16.620413160324098,41.51922235488892,87.41885498046875,172.8876124572754,244.52364257812496,279.2759832763671,247.39392028808592,172.6902151489258,64.48938514709474,20.967875423431398,7.805129010677338,0.17251476585865014,4.285096733570098,23.670515303611758,78.4550208711624,166.07196853637697
47,1.856110429763794,2.4745086669921874,3.647518682479858,1.6739333868026733,0.5478017300367355,0.8685419201850891,1.133235228061676,1.3229650974273681,0.4848219722509384,-0.12124274820089335,0.017637231945991518,0.9064685612916946,1.4834760892391203,2.858709857463837,4.367292637825012,2.8830191075801848,0.9488065642118453,0.8027266228199006,1.04763622879982,1.2675251722335816,0.4812049770355225,-0.05983452156186102,0.4446205539256335,1.118392150402069,1.674090267419815,2.745225779414177,3.900784950256348,2.6736364197731017,1.1965769594907762,0.859950286746025,1.0275032949447633,1.2414475893974304,0.5019000959396362,-0.14923681437969208,0.13151187255978586,0.9337381821870805,2.333914724588394,3.3196792097389696,5.638747870922088,4.037849221229553,0.9362532764673233,0.32886097013950344,0.5104647004604339,0.8619470310211181,0.23784527957439422,-0.2242015612125397,0.6070116262137889,1.8600444132089613,2.5090783140063286,3.182233445644379,4.60474421620369,2.5107763385772706,0.4163542687892914,0.7085954457521438,0.9365794122219085,1.1735152864456178,0.38779686689376824,-0.1730041453242302,0.5778428694605828,1.8294732658192516,1.9000567457079889,3.0755765682458875,4.827528405189514,2.7485371232032776,0.7641539442539215,0.7325702619552612,1.0201512002944946,1.2328416335582733,0.4198683780431747,-0.18082268431782722,0.7066873997449875,2.066207386255264,3.0324900442361833,4.354838554859161,5.275383446216583,3.5019843900203704,0.8567320016026498,0.21817234933376312,0.5944091105461121,0.8746631020307541,0.14897990942001343,-0.3044276362657547,0.5852595072984697,1.4303978372365236,2.218898674249649,2.701073875427246,4.323454260826111,3.6676170039176936,1.622794932126999,0.8845750117301941,1.0648376691341401,1.2357887354493142,0.42207735598087315,-0.14160995244979854,0.10883061539381744,1.272429499477148,3.9155738019943236,4.1981609761714935,5.079039582014084,3.5975512373447414,0.3538138598203659,0.07426352083683013,0.5222125089168549,0.8445408797264099,0.17295925289392472,-0.33672157295048233,0.4613527704030275,1.4774978329241275,3.075347989797592,4.555885882377625,4.641023017168045,3.056914930343628,0.6421931445598602,0.5913394749164581,0.7977085494995116,1.0288979697227476,0.4341922700405121,-0.2039073736965656,0.6510680293291807,2.287687666416168,5.7720736439526075,8.308721748590468,9.702113528251648,3.965690977573395,-0.6070171934366225,-1.061357511281967,-0.5704099559783936,0.01923350930213925,-0.43112668275833127,-0.8398705294728279,0.26401801168918604,2.1750855205953123,3.4081586819887164,6.075719038248062,6.157059755325316,3.690132906436921,0.4934677630662918,-0.12984299421310425,0.3816768336296081,0.7055986642837525,-0.021543221175670636,-0.4683125069737434,0.43121940225362787,2.271859349310398,4.740743318796158,7.208226051330567,8.367579599618912,3.413520119190216,-0.43001842260360723,-0.7078227961063386,-0.18260324239730838,0.34793930530548095,-0.1912198135256767,-0.6508397474884987,0.008698116838932035,3.135632206201553,6.24732097685337,9.03023092031479,9.84241220474243,8.013147404193878,0.3723218929767609,-1.250048112869263,-1.0140311813354492,-0.361213434934616,-0.7982903921604156,-1.0048196338117124,0.8356953519582749,4.079498675465585,5.328476161956787,6.520956548452378,6.448239226341248,4.466082788705826,0.020033860206604005,-0.7754053807258605,-0.34535145521163935,0.14983124136924744,-0.2437745463848114,-0.6331209927424789,0.2505034412443638,3.219240411520004,6.125595097541809,8.04968530893326,6.802511744499206,2.7553322625160215,0.5626667553186417,-0.07357317149639131,0.20712903738021854,0.5415156149864196,-0.0070802196860313745,-0.5574203561991453,0.5673438578844071,2.593274173140526,4.1916713604331015,5.6984787368774406,6.0091815948486325,4.7682198822498325,0.5479542261362076,-0.08624687552452093,0.26378445029258724,0.5907504630088807,-0.0782157990336418,-0.5111115068197251,0.8461352309584618,2.460132656991482,10.422296165823935,15.95100787639618,13.40269983291626,5.41945217847824,-1.4193646907806396,-2.511272814273834,-2.019966113567352,-1.4975852394104003,-1.7650308281183242,-1.8198655842244627,0.8921830267459153,7.666822741776704
48,-0.01122586727142343,-0.8219197034835816,-1.1354395866394043,1.0460472881793976,19.150736331939697,12.011537170410156,32.28272876739502,58.26777687072754,38.43412818908691,32.95458145141602,17.987843322753907,2.9193151235580443,0.007247031927108782,-0.9309281873703001,-1.250772726535797,5.0587730497121814,48.27132381439209,20.84885877609253,28.725131874084468,43.001011571884156,46.06866971969605,34.013355216979974,19.475002558231356,3.24734214425087,0.01797150015830984,-1.0016292881965636,-1.311323094367981,4.971204291582107,57.505994987487796,30.52733591079712,36.59746183395386,63.637517642974856,57.164023818969724,53.791286830902095,25.67633214950562,4.700822099447251,0.456664080619812,-0.9140949285030364,-1.3654439306259154,6.521819595098495,54.34999668121338,30.178150916099547,33.934977879524226,64.40396934509278,61.69144969940186,52.352674026489254,29.488876571655272,5.307891240119934,0.17221465587615964,-1.0692024064064025,-1.4012607192993163,5.181788967251778,50.35659442901611,29.305475597381594,25.267066831588746,50.69087524414063,45.38104887008667,42.95683426856995,26.465502085685728,4.664175267219544,-0.021975736618041995,-1.0486186528205874,-1.3401106929779052,8.87261803150177,46.73312986373901,20.224123630523682,22.085426015853884,37.7119620013237,40.22993820667267,39.609739928245546,27.14295907974243,5.715155696868896,0.7468614315986633,-0.6836925637722016,-1.0573422157764436,9.721940792798996,57.21670177459716,25.4755748462677,31.053841876983643,54.02228523254395,47.91719717025757,46.794044799804695,30.887609701156617,6.449848041534423,0.552318240404129,-0.7996409821510315,-1.0871144282817842,15.528427960872648,56.346305694580074,19.22234659194946,22.035117235183712,45.71232095718384,49.977754497528075,45.46339559555054,31.799102973937988,7.301895277500153,0.588765811920166,-0.8644172596931459,-1.113994528055191,15.927632272243496,66.97015144348146,25.603393917083743,32.97301150321961,53.123721700906756,47.69492771148682,45.4813087272644,30.328430347442627,6.569360188245774,0.46957113683223717,-0.9915251994132996,-1.3131319415569305,14.715676798820496,54.12818584442139,24.192390232086183,33.605322418212886,54.14099990844727,39.477270908355706,37.9454206943512,27.847553815841678,6.756573445796967,0.6259631204605103,-0.8946794986724853,-1.0429253697395324,23.404955172538756,71.30611515045166,33.62596946716308,33.57517213821411,67.74937570571899,54.015667514801024,48.91505983352661,37.870916566848756,9.292331269979476,2.177733834981918,-0.3490833342075348,-0.7759650683403017,26.668396666049954,69.50432273864746,26.168705158233642,35.367095503807064,56.628037452697754,51.20988107681275,50.3748701095581,48.47875755310058,14.299117488861082,1.6511359643936157,-0.5911642861366272,-0.10270883798599255,28.021974306106568,68.52789405822753,29.49590305328369,27.463477840423582,48.31319004058838,49.0767414188385,49.95838614940643,37.699947037696845,10.573499751091003,1.174260194301605,-0.9926207911968232,-0.431802146434784,31.20950510978699,66.99787967681885,20.751909475326535,31.10435279369354,64.16563880920411,59.67630203247071,44.26071544647216,37.77450973510742,10.9653839635849,2.76282613992691,-0.3323839163780213,1.7865112221241,35.707459144592285,60.607621612548826,35.102715959548945,43.19022472381592,60.69124289989471,60.3189598274231,48.49706617355347,40.73326349258423,12.976220846176147,2.544022399187088,-0.4751684330403805,2.625313010215759,45.195365009307864,57.30037551879883,21.94160652160645,26.527061424255372,64.21794364929198,43.20270914077759,49.948548717498774,42.87117099761962,13.709221242666246,2.697883868217468,-0.5890875506401062,3.392151894569397,50.49706438064575,61.29911556243896,24.85724862098694,32.23658539772033,50.718911733627316,49.06403583526611,44.77228805541992,44.124893522262575,15.877245259284972,7.879601469039917,1.64449394762516,7.9122955203056335,59.74081619262695,75.08890747070312,40.66607115745544,64.10251052856445,88.27747707366943,67.68125625610352,60.38844098091126,52.78122642517089,22.435288772583007
49,-0.11074710935354226,-0.09364491105079646,-0.08274495303630827,-0.07247010767459867,0.0195737987756729,5.919931077957154,4.649654817581177,0.7823069095611572,1.146454429626465,0.19815187230706213,0.033149986714124655,-0.0259958601091057,-0.060065496135503035,-0.06859134484082456,-0.06954742334783073,-0.06270716786384578,-0.01319402411580083,5.7239920711517325,3.938883569240571,0.8266785967350007,0.8698430144786833,0.33942121729254715,0.08781839475966988,-0.024426426505669927,-0.06858386108651755,-0.08315033302642402,-0.08103673867881293,-0.06908506944775576,0.0716486352775246,6.514854984283447,4.96915137052536,0.9680021792650223,1.3184390830993653,0.4643954280018807,0.06737651037052272,-0.04691978133283553,-0.06688770327717061,-0.0859028367977589,-0.08436676099896426,-0.07006546951830382,0.13998181998729708,7.2142867827415476,3.763485131263733,0.9883586800098421,0.9694327765703201,0.453800126761198,0.1426945012807846,0.012876813458278796,-0.03723945378325876,-0.06875381387770171,-0.06592945441603656,-0.055716101527214,0.03695756549015643,6.386830759048462,4.304460079669953,0.9124094137549399,0.9838286313414575,0.3343762376904488,0.12405776740983128,0.02114270063117148,-0.018226996809244132,-0.07288592112716284,-0.0862969383783638,-0.08255145311355587,0.3169622143357992,9.285657262802124,3.0615995407104495,0.9577556133270264,1.435286672115326,0.752147207558155,0.14766159959137437,0.0861109957098961,0.011345668807625792,-0.04529986940324303,-0.051513895429670775,-0.03476864162832495,0.3028866541385651,9.58210391998291,2.8212181842327118,0.8309128141403199,1.2798759597539902,0.7476222696900368,0.3266356257721782,0.17605071392841637,0.047192083150148424,-0.0231159210577607,-0.04284306533634659,-0.048616877458989585,0.20735415572300556,9.961079311370849,2.969087779521942,0.8568221259117127,1.290804238319397,0.9244450759887695,0.39282235564664003,0.19939258841797713,0.019394276514649422,-0.036449557989835714,-0.02019485130906103,-0.01628879720345137,0.4248674847185612,10.977330074310302,2.2413755786418914,0.908374131321907,1.5868993330001833,0.7323485946655273,0.5475897954404354,0.2836971740424633,0.0031480741035193405,-0.039506855141371464,-0.03948522880673405,0.03194615252316002,0.491085064150393,9.29925154209137,2.3371497583389282,0.9419585378468037,1.3358457052707675,0.9200782985985277,0.5599261642992497,0.2545325409341604,0.04556001043878499,0.027247459441423445,0.10668688744306568,0.04089518181979658,0.8334925442188977,10.952533226013184,1.8139759474992752,0.9679394000768662,1.3666997992992402,1.1922865952551365,0.6418129210174083,0.38822420336771757,0.0514126738905907,-0.02340108901262281,0.0036489243805408814,0.11111274361610417,1.0032835267484188,10.637932863235473,2.5818617141246794,1.1461481356620786,1.60337522983551,1.2893950408697128,0.6072280108556152,0.35001241929363464,0.14591964520514014,0.165554171204567,0.10752198323607445,0.06826281771063807,0.9015898002497851,10.566701927185058,1.9524894940853124,1.0402626204490661,1.6067009234428409,1.4760735744237898,0.8225973683223128,0.48439561888575555,0.1748334572464228,0.13175395852420482,0.20803695864975452,0.16180640995502477,1.101066828891635,9.830516910552978,2.0201399862766265,0.8695223110914231,1.6388807728886605,1.139037827849388,0.7842752750590444,0.5182651042565704,0.26219191744923587,0.12056893423199658,0.1572961607202888,0.18717166244983674,1.2690160584449768,10.914983177185059,1.8269803059101104,1.0457454586029054,1.5238351678848268,1.3677789887785912,0.8415376426279545,0.5684211457520724,0.34674622237682345,0.1913230645656586,0.3300721454620361,0.29260260477662087,1.8879135376214982,10.556013879776,1.5030456280708313,1.0196159249544146,1.673056902885437,1.781126055717468,0.9765651229023934,0.7327274725213646,0.3822646084427833,0.17226858694106345,0.3533900636434555,0.2658425606414676,1.4853491881489753,10.448928179740907,1.707664140984416,0.9418059846758842,1.6555895042419433,1.5337835586071016,0.9207973623275757,0.7252180904522538,0.4242432415345683,0.4185309857875109,0.541433661878109,0.3901896630972624,1.927299060067162,10.445555062294007,1.7074244964122773,0.8584608826041222,1.7306735908985136,1.658747224807739,0.9301011237502097,0.689764048755169
50,14.37832589149475,5.35929765701294,2.958310270309448,242.7954963684082,416.0206527709961,144.95655212402343,28.228614807128906,2.6812807083129884,29.29725561141968,90.50566158294677,153.2120916366577,58.360933780670166,12.35786227464676,4.656281286478043,7.112588133811951,218.71903373479844,581.0205206298828,203.07987228393554,36.10388885498047,8.722198657989502,36.74238660812377,107.50278668403625,123.09527360677718,42.226578054428096,20.071816482543948,5.872744436264038,10.860033063888547,282.42032051086426,514.8633996582031,181.12083786010743,20.31513460159302,3.848117990493775,32.39724994659424,97.66657894134521,170.73713844299314,85.42853541851044,15.049296379089355,4.088158960342407,2.946190180778504,229.0321329498291,486.55020904541016,155.91537841796872,23.578293657302858,-2.4087228012084956,7.907291612625121,58.92535606384278,99.20776250839234,63.11988597869873,21.45564397096634,6.100553333759308,3.8901987564563756,208.66937686920164,496.08028320312496,211.231941986084,34.458130073547366,1.9130448722839357,17.557454833984377,68.4540725517273,120.67948585510256,93.98120627880095,50.03520962953568,15.677898383140564,12.27580778360367,342.0274572753906,492.64819183349607,141.4710831451416,14.078279991149902,-2.2129039740562435,18.73952590942383,83.41210487365723,140.10215118408206,98.0692638206482,37.94726397514343,9.972979428768157,10.387150235176087,316.67033500671386,480.72289703369154,116.69180480957031,12.093748531341552,-3.0731426239013677,13.314158754348757,61.253697280883785,109.78297618865966,87.31218118667601,40.843883743286135,16.853372731208804,36.42904255867005,315.07268058776856,470.5962936401367,143.8032662963867,18.19587055206299,2.131510963439941,18.747607460021975,94.06061607360839,180.35356887817383,119.1766862678528,57.425994300842284,23.778875370025638,33.93634147167206,290.1870623779297,501.56950683593743,149.13994979858398,21.088916301727295,1.1899614524841313,25.453039865493775,105.87493835449217,176.3471241760254,124.24055387496949,57.61728338241577,25.090666236877443,35.63417484283447,378.34388008117674,518.7947006225586,139.2282797241211,11.93650047302246,-2.99499475479126,20.79481422424316,97.17485598564149,200.32634243011472,129.00955059051515,90.22242932319641,29.263174409866338,48.36809810161591,354.2210832977295,432.47657043457036,110.64039970397951,8.79962064743042,-5.608935585021973,10.252255401611327,76.53411399841308,187.2336289215088,196.91877624511716,158.83484398841858,61.78549288749696,61.375752506256106,464.62949264526367,444.29714630126955,112.0866473388672,12.791450500488281,-3.5000450325012196,16.219116420745852,85.63135906219482,189.59028137207034,236.9006954574585,124.61418137550353,51.74383752822875,62.53584462165833,402.79988250732424,341.54145629882817,88.30380008697509,3.9404522228240966,-10.364581665992738,5.736750435829163,71.08003162384034,167.48284748077393,194.03490851402282,174.15880224227902,78.56263456583022,96.82013688087463,437.4369041442871,414.747075805664,99.15774127960205,12.34567364692688,-3.21918004989624,16.623462200164795,85.18996076583862,255.6913150215149,267.22817737579345,189.15353291988373,108.18131414413453,155.47320164203646,520.4470989990234,449.7061944580079,104.59488494873048,16.275842981338503,-3.561658210754395,15.421908149719238,80.11270219802857,195.1500380706787,237.5076887321472,201.63548984527588,137.9687265586853,282.21332862854007,631.9554724121093,400.7711749267578,71.4756628036499,-7.019558877944947,-15.629412231445311,-0.3043954753875731,71.14085563659667,200.38291191101072,252.4170481491089,256.1069522857666,111.18754716873168,163.77010197162627,555.3573974609375,431.2606863403321,80.47151763916017,-4.405958518981933,-11.519635620117189,15.845160102844238,106.24840690612794,240.70113620758056,314.710672454834,358.7014010238648,171.723887462616,189.77038994789123,561.279504699707,438.15161819458007,105.51327617645264,12.607916145324705,-10.79357313156128,8.18175443649292,73.89365770339965,251.00054580688476,354.1528691101074
51,28.174755096435547,23.1387300491333,27.696166610717775,17.99331912994385,10.916520690917968,4.324432325363159,1.9570645481348037,3.744625540077686,0.29144335389137266,3.467048478126526,13.942899823188782,31.817316818237305,37.2342459487915,38.308215446472175,37.9866007232666,23.822078399658203,10.572240693569183,4.829197795391083,3.577058837413788,1.633239579796791,0.07575243949890136,5.048090252280236,15.833900054693222,31.765204747915266,28.530127525329597,33.8775239944458,37.29084190368653,20.947928066253663,10.023210620880127,7.817902278900147,3.193605134785175,0.6567319190502168,0.5200969970226288,2.9974769505858423,10.075863438248636,20.569738636016847,31.83544033050537,43.09797525405884,48.58055046081544,29.051553611755374,12.885420570373535,7.786359395980836,4.074128254652023,1.2118609178066255,1.7137940090894699,6.880939698219299,13.87159085273743,33.11360538482666,34.86369926452637,38.83251611709595,40.74397682189941,28.006568059921268,10.629704990386964,7.07429775238037,6.160688991546631,1.901567890048027,1.2196733942627909,3.651253955364227,11.970173979997636,22.492121254205706,30.4797566986084,36.630196533203126,35.512730293273925,20.082030277252194,13.576836929321288,12.750780198574066,3.4308522921800617,0.19227097928524017,1.6360485392808914,7.641866647005081,14.851701571941376,26.437457356452946,36.16850753784179,45.16527858734131,49.03506843566895,32.859514999389646,12.618536987304688,8.445885744094848,2.8730141150951387,0.6971069720387458,0.11988417387008668,2.3901054936647412,14.550997240543364,26.32411443710327,33.14532814025879,41.161177749633794,40.661358146667475,29.038111877441406,12.048296318054197,5.672168083190918,1.9161749601364135,0.31471643626689905,0.8794204968214036,3.4782817542552946,10.307718811035155,24.616314339637754,29.946227073669434,37.24481842041016,44.677624549865726,27.659535217285157,11.472209472656251,4.305202140808104,2.5317579428851604,0.7317893558740615,0.14503984689712524,1.587913580238819,7.478247947692871,18.71615698814392,27.083071861267086,35.87953701019287,34.8273226928711,22.29852310180664,8.666988315582277,5.282645545005798,1.3060221183300018,-0.021854281425476074,0.0735625869035721,1.1241721415519714,6.332371351122855,21.928831033706665,36.86607074737549,44.8448378753662,46.50422790527344,29.415183067321777,12.19152446746826,7.5121575498580935,1.3898606902360915,-0.5508951547741889,-0.3628612220287323,1.8999986255168912,8.593251284956931,24.019996814727783,25.138110532760624,36.06768161773682,37.5173168182373,22.36841213226318,8.084911308288573,4.927712769508362,0.8484106045961379,-0.298284158706665,-0.6899453476071357,1.186596267223358,8.238707915544511,18.19721549987793,26.86133071899414,31.814848575592045,38.01054832458496,22.548228187561033,8.625387802124024,4.563342618942261,1.3903148445487024,-0.009673087596893315,-0.37694034576416013,1.8903029787540437,7.5886974960565565,23.47119547843933,30.468448410034178,38.68317115783692,45.24520652770996,25.99436149597168,10.795328540802002,6.275001859664917,0.9205305795371531,0.46226696908473963,0.31210132688283926,1.006214506626129,11.804807766079904,23.640306453704834,32.64493021965028,39.311665306091314,46.58758882522582,28.61358428955078,11.458056316375732,5.306026268005371,1.6757410651445386,-0.38245143413543703,-0.15067565441131592,1.308510675728321,5.638846805691719,17.062044649124147,33.10950653076172,34.28093070983887,36.73152570724487,20.49331314086914,6.8513454246520995,5.205130618810654,0.5111332017183303,-0.49851001322269434,-0.637987984418869,1.9011099940538405,9.909943686723707,23.195222272872922,35.9760470199585,48.26279747009278,41.4055118560791,21.886178932189942,9.647647275924683,4.877413094043732,0.8681207925081253,-0.5921946245431899,-0.10933431684970855,1.743663138151169,12.32591810464859,22.566435041427614,29.2769571685791,41.11803913116455,40.89833709716797,24.483009033203125,11.071500682830811,5.615167536735535,1.314134600162506,0.0735564185678959,-0.24500615775585172,0.8604832795262336,6.574553042054177,17.50936323642731
52,6.8307692527771,6.450631809234619,3.70028338432312,2.1297641098499303,1.3401647508144379,1.3813313722610474,0.781222015619278,0.6172682672739029,1.474988692998886,5.143521571159363,4.8888083577156065,5.361811423301697,7.471324515342713,6.643652877807616,5.3332196664810185,3.2944073581695554,1.7405018573254345,1.1564940743148326,1.788110067993402,1.8451410070061685,2.0626460094749928,5.007330794334412,6.508340616226197,5.853762416839599,6.233446407318115,7.259839963912964,5.607283535003662,3.0221666979789736,1.7053053203970194,1.6421811085194349,1.683317242860794,1.5365547496080398,1.8629718774557116,3.375478924512863,4.815700252056123,5.847203018665313,6.277280225753785,7.823291249275208,5.664235954284668,3.3205420351028443,1.5961837852001188,1.905062505491078,1.6885346248745918,2.3343046954274174,3.1278798680007456,4.207365770861506,5.667146334648132,7.56677960395813,7.6458730983734124,6.96284143447876,5.699649004936218,3.6391842269897468,1.4270222151279448,1.0160346507281064,1.3917081966996194,1.5979550540447236,1.7557267136871815,2.9348174339532855,5.67141317129135,5.308168396949768,6.551747789382934,6.60355676651001,5.49844648361206,2.88938472032547,1.8279533180594445,1.8543507071584462,1.7162702046334743,1.253608123064041,2.5114123630523686,4.425075948238373,6.127678089141847,7.078226242065429,7.141327571868897,7.352960567474365,6.9985959815979015,3.855240473747254,1.617488417625427,1.3870200353860853,1.3300510188937187,1.2458828002214433,2.089249088168144,3.282648819684983,6.356855053901672,5.753921256065368,6.878854274749756,7.193859081268312,6.387869029045104,3.717237894535065,1.793331636786461,0.9774064280092716,1.1550501002371312,1.2152877302095295,1.7297476905584337,3.524168567955494,4.978732600212098,5.915477008819581,6.947504615783691,6.348157291412353,6.283504772186279,4.018289444446564,1.9327123056352142,1.437387454509735,1.3935177877545357,0.9071576836705209,1.310118671655655,2.6407465060055255,4.103287284374238,5.651429028511047,6.703301682472228,7.155014839172364,5.399060525894164,2.972989017963409,1.0856245388835668,1.4167899081110953,0.6810133580118418,-0.1103124899789691,1.2539023771882056,1.909343854635954,4.204326606988906,6.0617169523239145,7.205036077499389,7.345525455474854,6.275443592071532,3.442431874275208,1.6484037274867294,1.371484948396683,1.090245479643345,0.5677782188355922,1.4538486546278002,3.2482969304919243,5.093364419937133,5.3421386098861685,5.921979181766511,7.018098678588868,5.339029483795166,3.353230724334716,1.28375676214695,1.1678593558073045,0.5799118879437447,0.7985123157501219,1.094895968362689,2.6283871366828677,5.021335291862488,5.074783368110657,6.774240589141845,6.98144305229187,5.699136848449706,3.3855268907547,1.3535315039753915,1.2794971597194673,1.3917255687713623,0.5410393512248992,0.9673576355725526,3.142830305118114,4.287563744187355,6.404102005958558,6.432172535657882,6.5563384294509905,5.925411839485168,3.7772508811950685,1.4164269337058066,0.7815468427538871,0.2448463946580887,0.43229841858148577,2.0519392672926187,2.74183041036129,5.845257374048233,5.936955830359366,6.608180932998657,6.350199546813966,6.150044832229614,3.5367428612709046,1.5950888255238533,1.1924185584485532,1.2302130285650492,0.6128952708840372,1.2952764132991432,2.1587257969379428,4.007574257403612,5.425132293701173,6.903722887039185,5.640918273925782,5.618219308853149,3.2417286300659187,0.8362434613704682,0.7001066476106643,0.3423300901055336,0.2615751856565476,0.45689797505736357,2.2795127373933797,4.384542350769043,6.310781850814818,7.201805801391602,8.01532904624939,5.794009108543396,3.516475322246552,1.5063598233461382,0.7915418143942953,0.3101981683075429,-0.015395466871559594,0.32601388119161123,2.096152707636356,4.567565393596888,5.975263171195984,7.32186755180359,7.5721092748641965,6.501644678115845,3.1633660578727723,1.483733535259962,0.5300665348023177,0.09734592959284782,-0.11865888595581056,0.6597446440160275,2.395561362504959,4.828846664428712,5.640655922889709
53,0.0,0.0,0.0,0.0,0.0,0.0,0.0,0.0,0.0,0.0,0.0,0.0,0.0,0.0,0.0,0.0,0.0,0.0,0.0,0.0,0.0,0.0,0.0,0.0,0.0,0.0,0.0,0.0,0.0,0.0,0.0,0.0,0.0,0.0,0.0,0.0,0.0,0.0,0.0,0.0,0.0,0.0,0.0,0.0,0.0,0.0,0.0,0.0,0.0,0.0,0.0,0.0,0.0,0.0,0.0,0.0,0.0,0.0,0.0,0.0,0.0,0.0,0.0,0.0,0.0,0.0,0.0,0.0,0.0,0.0,0.0,0.0,0.0,0.0,0.0,0.0,0.0,0.0,0.0,0.0,0.0,0.0,0.0,0.0,0.0,0.0,0.0,0.0,0.0,0.0,0.0,0.0,0.0,0.0,0.0,0.0,0.0,0.0,0.0,0.0,0.0,0.0,0.0,0.0,0.0,0.0,0.0,0.0,0.0,0.0,0.0,0.0,0.0,0.0,0.0,0.0,0.0,0.0,0.0,0.0,0.0,0.0,0.0,0.0,0.0,0.0,0.0,0.0,0.0,0.0,0.0,0.0,0.0,0.0,0.0,0.0,0.0,0.0,0.0,0.0,0.0,0.0,0.0,0.0,0.0,0.0,0.0,0.0,0.0,0.0,0.0,0.0,0.0,0.0,0.0,0.0,0.0,0.0,0.0,0.0,0.0,0.0,0.0,0.0,0.0,0.0,0.0,0.0,0.0,0.0,0.0,0.0,0.0,0.0,0.0,0.0,0.0,0.0,0.0,0.0,0.0,0.0,0.0,0.0,0.0,0.0,0.0,0.0,0.0,0.0,0.0,0.0,0.0,0.0,0.0,0.0,0.0,0.0,0.0,0.0,0.0,0.0,0.0,0.0,0.0,0.0,0.0,0.0,0.0,0.0,0.0,0.0,0.0,0.0,0.0,0.0
54,5.7305254459381105,6.430178928375244,8.485166931152344,9.198988151550292,7.541819953918457,5.455395793914795,2.041633093357086,1.2725740790367126,1.4540677964687347,2.827200937271118,3.9647664546966555,3.2212876439094544,5.304604575634003,6.825662941932679,10.304604511260987,9.724970035552978,7.428030791282654,4.576090574264526,3.2741571772098546,2.297880599498749,2.234662173688412,4.721287945508957,6.732567248344422,6.085305924415588,4.802946553230286,6.747938251495361,11.824988632202148,12.333975305557251,9.295130548477172,6.381972317695618,3.160279726982117,1.4748572145402432,1.7933250137418508,2.9594894480705256,4.7608251690864565,5.576181544065475,5.703126485347748,8.02100664615631,11.820481204986573,10.969296407699584,8.712147006988527,6.43479929447174,4.57464137673378,2.5094038900733,2.5099452072381974,4.071794355213642,7.11514420390129,7.939901671409608,6.165235676765443,8.024155731201173,11.367343769073486,11.316966991424561,7.737981791496277,5.876367937326432,3.2812852561473846,1.838033897280693,1.6957021713256837,3.595023294389248,7.130016989707947,5.616239099502563,5.92626428604126,8.249952430725099,13.928822231292724,10.828416652679442,11.718503937721252,7.895148777961731,3.230542922616005,1.2249072861671446,2.238180951476097,4.743370954990387,6.604818699359893,6.870049839019775,7.255687427520752,9.169095888137816,15.736997165679933,12.79677833557129,10.775292310714722,7.484093046188354,3.753358803093433,1.2742629631608724,1.1412294675316663,4.0201812452077865,7.713241345882416,6.277723603248596,6.880119647979737,10.200122966766356,13.790665607452391,12.70169912338257,9.138837261199951,5.859144449234009,2.891205959320069,1.682421334385872,1.7911287847161295,5.348069897890091,6.496940933465957,7.3509139919281,6.111440708637237,8.778029508590697,12.669721832275389,12.21295748233795,8.241601305007935,4.881741983890533,2.1099735701084135,0.7735464066267014,1.301620245780796,3.350574784874916,4.454266837835312,4.631198127269745,6.492128512859344,8.831335172653198,11.093083610534668,9.534310197830198,7.153534202575683,4.844841775894165,1.8424943757057188,0.8663035240769386,1.7876353323459626,2.916889902949333,4.827787604331971,6.512822933197022,8.50090340614319,9.573599338531494,14.802823753356932,12.063602409362794,8.163560116291046,6.2938862752914435,1.9658367128670213,0.38227921232581136,0.7468136008083821,3.8551063010096547,6.944814805388451,7.0623210883140555,6.589864373207092,9.568065490722656,13.24170792579651,10.045194115638733,6.026667013168335,4.465658504962922,1.507662558555603,0.7334402068704368,0.558970417730161,2.2679450201988223,4.949807214736938,5.242646315097808,7.705296821594239,10.1856303024292,13.11823205947876,10.2100674533844,7.09524245262146,4.718026194572448,2.0170785695314413,0.7804437139630316,1.472276441901922,3.791809476613998,6.455457190275193,6.95426940202713,8.269253854751588,10.652365312576293,14.75199941635132,12.622612304687499,7.0614501047134395,4.871049720048904,1.560541451573372,0.5370502972602844,1.4358959460258482,3.0206537280976766,7.517893635034563,7.68753752231598,7.367024245262146,10.025306005477905,13.55865096092224,12.078513469696045,8.922339038848877,4.023745636940002,1.802809936106205,0.557075213342905,2.0464982903003692,2.092415187358856,4.475249703973532,6.985300679206847,10.421143217086794,11.640143671035768,15.260553684234619,10.500559883117676,5.791521458625793,5.137232765555383,1.5462057537958027,0.1718243080377579,0.4176846587657928,3.3334848890453572,6.181820093393325,7.642591075897215,8.639818391799928,11.835835485458373,14.88130292892456,10.580102043151857,6.255280411243438,3.9222003471851346,1.1895992934703827,0.23459712594747542,0.3279126909654587,2.6685711437463757,5.269261004924774,7.46187702178955,11.283241729736329,13.555496983528139,17.191906547546388,10.438630518913268,7.441916131973267,5.133723375797271,1.1931214559078216,0.01865620264783498,0.6462660244852304,3.390819418430328,7.719138342142105,9.905270926952364
55,4.68297688961029,4.205983746051788,7.019047594070434,9.73292121887207,4.493951320648193,3.4432894349098206,3.5568031311035155,1.9740806341171264,1.7965608835220337,4.346456396579742,7.458991551399231,8.5104811668396,6.652354617118836,6.683927874565124,10.30347822189331,10.901353282928465,4.823674211502076,4.103017139434814,4.5335937070846555,2.8977450358867647,2.8442873620986937,3.0478174257278443,6.134767065048218,7.985309104919435,5.599637508392334,6.224383425712585,10.538077354431152,12.405385856628419,6.087647285461426,5.812809596061706,4.45294634103775,2.7669595181941986,2.431930976510048,3.117937462329864,4.93582492351532,6.502042642831803,5.718136565685272,6.581782650947571,11.363953347206117,13.578270950317384,7.714836225509643,5.362477507591247,3.9351909816265107,3.2906859326362605,3.25860210955143,4.603268208503723,5.890340224504471,6.578170268535615,5.437400851249694,6.752681531906129,10.92042236328125,10.804087467193604,6.741045479774475,4.753381509780884,3.6857243311405186,3.0614486491680144,2.4619046354293825,3.4827741706371307,5.361221937835216,6.771640293598175,6.426987717151642,7.023031442165374,11.038566808700562,10.766251382827758,7.188682327270508,7.0857922458648686,3.869652936458587,2.444452348947525,1.9914646112918852,3.214687744379044,5.045852751731872,7.4331573963165285,7.137148418426515,8.401437587738036,11.79787925720215,10.901176910400391,5.105994648933411,4.278361659049988,2.670773611068726,1.9585149383544924,2.30339224755764,3.253304812908172,6.041529040336608,8.319520139694214,8.178119630813597,8.176852121353148,10.669588804244995,11.095801849365236,5.478695974349975,4.339958992004395,2.910259280204773,2.174669862389565,1.918794257938862,3.2029255777597427,5.1986261034011845,7.03227765083313,6.758269183635711,9.098958868980407,11.832632389068603,11.277808990478515,4.83319854259491,4.533284018039703,3.01975536942482,1.822619461417198,1.08481262922287,1.9555641949176787,4.821988938003778,7.11135354667902,6.939682722091675,8.551939029693603,11.011423873901368,8.50776430606842,4.613865141868591,3.010644528865814,2.4203509008884434,1.1476871153712271,1.2269117148220539,2.2754928673803807,3.543447867482901,6.4627450489997855,7.774407625198364,9.260432767868043,11.160371751785279,7.887638835906984,4.086924614906311,3.334972894191742,1.4738369035720826,0.7689813634753226,0.8627615047991275,1.5507721723616121,3.263944261074066,6.056539745330811,7.4000523662567135,8.065892162323,11.068032455444335,8.600489540100098,4.08196138381958,2.9684603285789484,1.9689663934707642,0.8833244496583939,0.8029136899858713,1.288823732212186,3.054000049829483,5.420433194637299,8.222413477897643,9.148291025161743,11.450897960662841,8.222436623573303,4.092758042812347,3.130775654315948,1.9252993971109391,0.8944376954436303,0.8337619432806969,1.623656898662448,4.097542655467987,7.350941798686982,7.339291162490843,9.48218521118164,10.725930709838867,9.572038307189942,4.182299783229828,2.785004585981369,1.919411172270775,1.386485905945301,1.1750202544778585,1.534587148427963,3.3180780886113643,6.152127431631088,7.606728019714356,10.63078278541565,12.265858230590819,10.14403549194336,4.97983244895935,3.598662941455841,1.8547411054372787,0.866730392873287,0.8208217996358872,1.7100100024044516,2.9888301083445548,5.235868227481842,9.293158445358277,10.594022397994996,10.534428339004517,7.567026128768921,3.699545979499817,3.095658262968063,2.0398109936714173,0.7610424154996872,0.7677243569493293,1.6916374509781602,4.374308306127786,7.8418501329422,8.094419322013856,10.888214435577392,11.276963090896606,7.564439945220947,3.963862988948822,3.158834767341614,2.214773509502411,1.0438977360725403,1.186449005305767,1.5916843670606613,3.7771261969208725,6.676066174507142,8.200488119125366,11.169325885772706,11.962792606353759,10.040154695510864,4.932487993240356,2.076131376028061,1.0634339994192124,0.7522903290390969,0.7200552226603032,1.6638521321117878,3.223814274072647,6.912660694122314
56,42.346783828735354,51.48341999053955,58.5719913482666,77.95297088623047,25.271852493286133,5.575519227981568,11.630853497982026,5.5149142980575565,4.091361141204834,18.552568745613097,47.822185802459714,59.121738815307616,76.7423747253418,72.84690055847167,105.63357063293458,128.87898551940918,40.108241443634036,12.957011680603026,16.452207593917848,10.762829328775405,15.027510506510733,26.822153339385988,57.03012344360352,79.6184407043457,47.58016836166382,41.313233513832095,67.32873485565185,90.09480438232421,32.5063759613037,20.142828385829926,17.98968798190355,6.493669981956482,8.040536922216415,14.690094695091247,33.19183765411377,49.019175376892086,56.555152893066406,59.038953418731694,83.30100517272949,112.34080215454101,43.416670417785646,21.36977617263794,20.332103917598722,11.450847237110139,10.214997453689575,23.747881169319154,38.738581986427306,49.47564716339111,48.5528861618042,42.49404634475708,68.65911605834961,92.84283569335938,36.14634963989258,18.43836934685707,20.258560678958894,8.10396737098694,7.790320808887482,19.350894027948378,40.12147745132446,59.89460632324218,86.21546909332275,89.23354246139527,114.57595045089722,101.44086143493652,39.18172399520874,27.801772984266286,26.413520221710208,9.769814867973327,9.009818246364594,22.62790356755257,48.589068527221684,76.40591239929199,78.28799446105957,80.26626899719238,103.58568984985352,103.7754733276367,29.699228553771967,12.460909761190415,13.117698831558226,6.79545614361763,10.507996579408646,21.826886918544766,44.34043684959412,72.38390701293946,92.41710845947266,93.955523853302,107.96632568359374,107.45854179382324,32.759516429901126,9.821977490782738,4.1322028601169585,1.5861430382728574,3.545393614768982,17.515508618354797,41.77850002288818,68.95940422058106,77.53593032836915,90.17213012695314,115.65390121459959,93.05119750976561,33.660563411712644,16.989194149971006,16.115317420959475,5.604469380378722,4.193643668889999,17.6808415722847,41.22237696170807,65.25927822113037,94.23313667297363,97.38351989746094,122.22804267883302,94.71168792724609,35.56834604263305,15.377666792869567,10.996734250187874,3.90759549498558,3.8307477760314947,17.35620273590088,29.75254878997803,60.67875274658204,95.70546623229981,104.86431686401367,125.58539131164551,102.62382881164551,29.062614116668705,10.9357568359375,4.205229008793831,-0.1673659276962281,5.2912810051441195,16.42363220572472,44.7774318921566,89.08325847625733,88.92408002853394,104.81339256286621,140.79029205322266,107.32301704406738,34.460885887146,9.17372552394867,3.828390669822692,-0.15974581122398349,0.08901702165603638,5.232356083989144,24.907226865887644,55.11632678508759,89.05960723876953,101.6095127105713,128.4698508453369,93.58115043640137,31.859850997924802,11.386261138916016,8.709580423831941,0.985510401725769,0.07400251865386956,6.209027719497681,26.92422467470169,58.715480651855465,95.92317390441893,115.57058277130128,144.93268585205078,124.08113502502442,39.68072885513306,15.685848426818847,7.944478900432587,2.71172497689724,2.30507240653038,7.293911864459514,28.872221742868426,69.50936927795411,101.78320587158203,130.05103729248046,147.62313148498535,118.7272435760498,39.26547151565552,17.14256314277649,9.726666621565819,-0.4680718344449996,0.08532002568244934,9.450128449201584,30.499746204614638,60.868408641815186,114.14618202209472,143.31361633300781,159.26503967285157,101.52062789916991,30.332708244323733,7.8638318359851835,4.074852182865143,-2.164063792824745,-0.07309823274612448,8.589459812641142,33.38346239328385,67.87488536834717,117.57186828613283,150.20452621459958,173.8598583984375,116.54522384643556,38.06314281463623,15.058459209203722,8.673879489898681,0.452450978755951,2.3426462411880493,11.838454370498656,37.05627301692963,82.222021484375,125.9206912612915,169.75706634521484,176.72990005493165,137.77772705078127,50.87302059173584,16.1716851580143,3.8662718164920804,-1.7765195137262346,-1.4520170539617536,7.931696718931198,27.851928024291993,71.70412563323974
57,11.01137571334839,10.329588699340821,13.2994535446167,12.678593158721924,6.670095729827881,5.1374083995819095,9.695899486541748,4.151117181777954,4.21794695854187,8.14028263092041,12.249571466445923,20.727643489837646,18.04885488510132,20.743995504379274,27.50127681732178,23.090933990478515,10.648381538391112,8.942776432037354,9.261992139816282,5.16158369064331,5.74185233592987,5.97698136329651,10.520344314575194,16.82350429534912,14.171223478317259,16.48851715087891,21.71448085784912,21.39231029510498,12.570254878997803,13.989302549362183,11.375194816589355,6.100573673248291,6.283712351322174,6.394994857311248,9.962344808578493,12.585883350372313,17.747531938552857,21.239684438705442,32.07443176269531,28.905823841094975,16.58649875640869,14.0117120552063,10.967331800460816,7.65698808670044,7.442669551372528,10.30910309791565,12.625164155960082,16.91538501739502,14.650290966033936,16.916037902832034,25.696162757873537,22.612518272399903,16.025556373596192,12.574956436157226,11.131881198883056,7.2361761093139645,5.835357975959778,6.641360311508178,9.623079388141633,13.840609962940217,19.24317819595337,22.799893217086794,27.08296449661255,23.574288883209228,17.006032066345217,15.78793706893921,10.225704545974732,5.199695525169372,5.25614411354065,7.226322579979898,11.081091947555542,17.743645839691162,19.366817302703858,24.025631561279297,31.37988700866699,25.036633110046388,11.85835319519043,10.662907390594482,7.367958946228027,4.232724270820618,5.301833076477051,6.490990862846374,11.200669031143189,17.14477291107178,21.717082424163817,23.77463200569153,27.888453731536867,28.543591156005863,13.786494541168214,9.86108624458313,6.025320301055908,3.9667170882225045,5.364178358316421,7.370089817047119,11.116114368438721,14.788070697784423,15.905128870010376,21.742113199234005,28.519788284301757,23.839786529541016,12.131659755706789,10.397401580810547,7.680626516342164,4.099988899230957,2.584146819114685,3.6492104697227483,8.926989488601686,12.978460757732392,17.193507804870602,22.346130352020264,30.239753303527827,20.770207977294923,11.539732456207274,8.608086442947387,5.727217183113098,2.8923315286636355,3.1511605858802794,4.9882125616073605,6.904651308059693,14.240585174560545,19.20678075790405,25.769734325408933,27.931356468200686,18.93438247680664,10.159658985137941,8.264430389404296,4.4818096399307255,2.342238998413086,2.75658180475235,3.7144406175613405,7.853529033660888,13.518540205955507,15.103261737823487,20.727422122955325,27.385737304687503,21.966991386413575,11.400156803131102,8.107621784210206,4.96685206413269,2.3956528091430664,2.3428911924362184,2.621731864213943,5.5242613148689275,10.013381738662721,19.986978874206546,23.25339394569397,28.716858329772947,21.7090665435791,11.948915195465087,8.034834785461426,5.389650402069092,2.57784414768219,2.565199730396271,3.805037271976471,7.723648054599761,14.173818330764771,17.590893230438233,22.933295993804933,26.643432426452637,23.654487838745116,10.94405605316162,8.660252475738526,5.290359330177307,3.4641603565216066,3.709061605930328,3.2626779031753537,6.766394808292388,13.980807795524598,19.02774689674377,25.64239402770996,32.83123050689697,25.998208446502684,13.693139390945436,11.65656355857849,5.991403498649597,2.7418831729888913,2.9024034786224364,3.861906805038452,6.588179192543031,12.752971987724305,22.388416881561277,25.671657276153564,28.770371189117434,20.33577932357788,10.37105589866638,7.800191650390625,5.059361395835876,1.791337308883667,1.726589368581772,3.5939021897315975,7.78767092704773,15.584323329925539,17.985075922012328,27.734096508026123,31.18668102264404,21.697121734619138,11.804331960678102,8.815712780952454,5.921819753646851,2.711019835472107,3.394078121185303,3.426533723175526,7.6536400866508485,12.999357614517212,17.579140377044677,26.721462440490722,29.91726787567138,24.6783589553833,13.558609561920168,6.79624008178711,5.272507987022399,2.506841506958008,2.2953458857536315,4.368073236942291,7.48319369316101,12.817826490402222
58,30.529931831359864,33.22772331237793,61.75125217437744,98.04080390930176,25.206636428833008,12.946345329284668,9.923696136474609,8.885521507263183,6.54595947265625,20.200897026062012,41.346431732177734,52.547644424438474,47.010753593444825,42.87832178115845,84.83759258270263,99.30148857116698,33.1178804397583,19.67970899581909,15.257121295928957,10.314275426864622,14.014921960830687,23.97913116455078,46.449596710205086,55.862955474853514,32.66229042053223,25.371417837142946,46.815672225952156,70.22956651687623,28.06127105712891,19.476074113845826,12.0190416431427,7.232414388656617,10.359843378067016,17.70450090408325,30.504944934844975,40.18182271957397,37.76671419143677,35.034145526885986,59.64703336715697,100.71776779174806,31.073321838378906,20.579899311065674,16.884297189712527,8.10583896636963,11.11001194000244,24.984914045333863,36.78651630401612,45.4751612854004,40.21928405761719,35.273379230499266,63.51241752624512,89.81384609222411,34.00452861785889,20.797519092559817,17.986950588226318,9.4771439743042,12.4668803024292,25.52860750198364,36.48435277938842,44.94875980377198,51.71065753936769,50.369152050018315,77.75999683380128,67.1196084213257,30.432495193481447,26.867721786499022,15.921884479522706,8.062578554153443,15.688559446334839,31.338559303283688,48.46179946899414,57.9387672996521,55.456978530883795,46.369672546386724,79.00980644226074,93.20280891418456,32.96382293701171,22.60492687225342,18.649305362701416,11.18458433151245,10.820309324264525,20.816343822479247,45.17008737564087,61.097484474182124,57.206366996765134,54.00246007919312,89.32303646087647,90.9236170196533,32.98118227005005,18.453627605438236,12.119810771942138,7.839170341491699,11.746431465148927,20.914530835151673,37.87103374481201,50.20652877807617,54.44215213775634,51.73532802581788,71.67806442260743,68.93733322143554,30.163947639465327,17.026281566619872,12.412445392608642,8.123803453445435,8.924626216888429,16.988016967773437,30.711265201568608,55.52474906921386,71.5142953491211,68.41063472747803,96.18412834167482,78.15250701904297,34.274535179138184,19.959099159240722,15.349012966156005,9.677404975891113,9.798772344589235,17.91741410255432,32.791222763061526,59.60576477050781,72.46804237365723,73.25385574340821,91.09497657775879,94.320249710083,33.35888553619385,21.38211757659912,10.636535987854003,7.076343441009522,11.436048669815063,20.537802352905274,39.33722030639649,70.32516120910644,68.27191440582276,61.31306293487548,87.42159912109375,69.70985359191894,27.81723888397217,15.955336494445799,11.21337718963623,6.467789764404297,6.816247482299803,11.9646746635437,31.144518222808834,49.63191020965576,61.510195941925055,63.925090141296394,95.02913990020751,66.42519435882568,27.858026924133306,16.482538681030274,11.056043109893798,7.430184469223024,8.20476581096649,11.117962779998779,23.800228042602537,48.53099252700805,78.73031215667724,80.68919509887695,110.6538475036621,80.13413818359375,34.47829723358154,21.517174148559572,11.405056495666503,8.312604579925537,9.487266149520874,13.912241802215576,38.5818278503418,68.14067222595216,81.04488803863526,91.56808252334594,117.37417848587036,87.6917552947998,36.44850973129273,19.55439477920532,13.238768739700316,7.107944059371948,8.244886040687561,17.164030060768127,36.14669338226318,59.425709867477416,103.53577713012695,106.53133789062501,119.37980316162108,78.48086593627929,32.98089546203613,19.63153705596924,11.76471092224121,7.074539966583252,8.086079664230347,17.318384475708008,41.77697458267212,67.2961180114746,100.89713920593262,108.039387588501,122.3360757446289,78.0680062866211,35.8896981048584,21.3087349319458,13.832064113616942,7.895309085845947,6.789686689376831,14.741987867355348,38.52325459480285,65.19949630737305,103.87657470703122,130.83428115844725,141.781722946167,102.13678794860841,43.963723030090335,25.546846351623536,14.801679458618164,8.457298526763916,11.618095998764037,18.294856691360472,37.0910080909729,72.38398124694824
59,0.0,0.0,0.0,0.0,0.0,0.0,0.0,0.0,0.0,0.0,0.0,0.0,0.0,0.0,0.0,0.0,0.0,0.0,0.0,0.0,0.0,0.0,0.0,0.0,0.0,0.0,0.0,0.0,0.0,0.0,0.0,0.0,0.0,0.0,0.0,0.0,0.0,0.0,0.0,0.0,0.0,0.0,0.0,0.0,0.0,0.0,0.0,0.0,0.0,0.0,0.0,0.0,0.0,0.0,0.0,0.0,0.0,0.0,0.0,0.0,0.0,0.0,0.0,0.0,0.0,0.0,0.0,0.0,0.0,0.0,0.0,0.0,0.0,0.0,0.0,0.0,0.0,0.0,0.0,0.0,0.0,0.0,0.0,0.0,0.0,0.0,0.0,0.0,0.0,0.0,0.0,0.0,0.0,0.0,0.0,0.0,0.0,0.0,0.0,0.0,0.0,0.0,0.0,0.0,0.0,0.0,0.0,0.0,0.0,0.0,0.0,0.0,0.0,0.0,0.0,0.0,0.0,0.0,0.0,0.0,0.0,0.0,0.0,0.0,0.0,0.0,0.0,0.0,0.0,0.0,0.0,0.0,0.0,0.0,0.0,0.0,0.0,0.0,0.0,0.0,0.0,0.0,0.0,0.0,0.0,0.0,0.0,0.0,0.0,0.0,0.0,0.0,0.0,0.0,0.0,0.0,0.0,0.0,0.0,0.0,0.0,0.0,0.0,0.0,0.0,0.0,0.0,0.0,0.0,0.0,0.0,0.0,0.0,0.0,0.0,0.0,0.0,0.0,0.0,0.0,0.0,0.0,0.0,0.0,0.0,0.0,0.0,0.0,0.0,0.0,0.0,0.0,0.0,0.0,0.0,0.0,0.0,0.0,0.0,0.0,0.0,0.0,0.0,0.0,0.0,0.0,0.0,0.0,0.0,0.0,0.0,0.0,0.0,0.0,0.0,0.0
60,-0.012102746870368681,-0.012257246114313539,-0.01204222058877344,-0.0120247309096157,0.00872505828738212,0.0035414532991126214,0.014428115705959501,0.03192263825330878,0.02259162538684904,0.00041318814037366,-0.00702322879806154,-0.00710963252931828,-0.011958495359867777,-0.01202969199046488,-0.01198757126927372,-0.011720253424718935,0.012775031451601512,0.03611929758451876,0.049252223754301626,0.14898940838407723,0.06490923742880111,0.010470273906830679,-0.01360760907642539,-0.014439205843955227,-0.015254958271980232,-0.015333335865288927,-0.015433010160922949,-0.015061912816017816,0.010555949942208811,0.019153567720204566,0.105632042074576,0.11090411161538209,0.05141263108234849,0.017338568698614797,-0.011543573215603776,-0.012830039542168326,-0.01108964014798398,-0.011069317590445224,-0.010958825610578007,-0.010113341938704196,0.014257859706412976,0.02169059707783162,0.07621817869599905,0.10777277429588135,0.04976989310816858,0.024547654651105387,-0.008693398227915136,-0.012616312392055944,-0.015566934254020403,-0.0157386464439332,-0.01597465878352518,-0.015543273370712934,0.01348703285679217,0.02864551752107215,0.11808214945718642,0.11106158335227519,0.07212897371500729,0.02549364431295541,-0.015100873559713318,-0.017348699020221774,-0.016172937462106293,-0.015346556864678802,-0.014058539043180593,-0.011927324128337174,0.01251582089578732,0.022562403876800058,0.0480880709167104,0.09418687166878952,0.02555055798962712,0.007406273251399397,-0.01193940181285138,-0.01292672379873688,-0.012874011145904604,-0.012873067623004272,-0.01260213399305935,-0.011359251099638588,0.017982663072179966,0.027647580839693507,0.15320117529015986,0.04742022593040015,0.043745180098339886,0.03401250472292301,-0.006651142947375732,-0.013049182435497594,-0.012823046389967155,-0.012763480311259576,-0.012581269992515387,-0.011852495568455143,0.015682951007038336,0.0309096798393875,0.13363692246377465,0.09361911957472327,0.04157857169164343,0.031640219643013535,-0.010564577281475028,-0.012895990852266498,-0.012433398906141471,-0.011627354733645864,-0.010835375916212739,-0.008381873378530096,0.00549760139081627,0.019018210137728572,0.10166711931116876,0.08191537756007163,0.04266236800700425,0.006716256961226463,-0.011805708957835984,-0.012155279768630815,-0.010683718193322358,-0.010136220952263048,-0.009296411736868272,-0.008007287115324243,0.00826424833387135,0.024177228705957506,0.10912271396489812,0.04992996171815317,0.037940056649968024,0.026261220304295417,-0.012064125360920969,-0.013016627021133844,-0.013774312883615445,-0.013781845467165063,-0.013734632814302986,-0.010032181935384837,0.009657994431909145,0.022725657110568113,0.09293866781983524,0.09892053439281878,0.055815510740503636,0.03009563262574374,-0.005180813362821908,-0.014472087947651702,-0.012449819222092585,-0.012489327806979367,-0.012394312284886782,-0.009220007748808675,0.02249341130955141,0.04118634418584403,0.11040048500057306,0.10162725828588007,0.024819960705935933,0.0234911943413317,0.0006877898774109817,-0.011863350179046356,-0.01237486614845688,-0.012371899746358345,-0.012282194556901188,-0.007795621189288756,0.02690299294656139,0.024848657953552865,0.07663069854024793,0.057390658399090154,0.036588808698579646,0.020854800466913716,-0.005600913618691232,-0.010641385195776776,-0.017685219384729813,-0.016851334101520437,-0.01574961498379702,-0.0021217741566942933,0.020502109150402216,0.06738251422531902,0.11167393192416056,0.06593303765868766,0.027404822090174964,0.032171636531129436,-0.0032802255148999286,-0.017296203393489064,-0.009894922287203322,-0.009761217664927203,-0.009734534411691068,0.0007371430518105802,0.0215923103201203,0.01576679664896798,0.05092167241964487,0.02105016499757765,0.015300067041534915,0.026824154620990127,0.009370414242148408,-0.008960174163803403,-0.009360564285889206,-0.009076330307288969,-0.008977988304104604,-0.004110909224546032,0.030707685714005478,0.030208911905065156,0.0838020738912746,0.05164240764454005,0.038668225290603,0.01639104784000664,-0.003322978888172632,-0.0099937240564031,-0.012060196350794227,-0.011910849567502692,-0.011645075428532386,0.0004679997032508359,0.03059598182793704,0.014304090985096963,0.06275450682267544,0.04911376860924064,0.05759199809050184,0.033073552416171846,0.001484391100239023,-0.014415540107293012,-0.0123773660731967,-0.012256474980385927,-0.01206544567190571,0.012441472904756657,0.025832040444947753,0.022941397922113516,0.021026610380504244,0.013280003152322006,0.018002243896480644,0.022076945586595665,0.013220789565239113,-0.0086686549475416
61,0.0,0.0,0.0,0.0,0.0,0.0,0.0,0.0,0.0,0.0,0.0,0.0,0.0,0.0,0.0,0.0,0.0,0.0,0.0,0.0,0.0,0.0,0.0,0.0,0.0,0.0,0.0,0.0,0.0,0.0,0.0,0.0,0.0,0.0,0.0,0.0,0.0,0.0,0.0,0.0,0.0,0.0,0.0,0.0,0.0,0.0,0.0,0.0,0.0,0.0,0.0,0.0,0.0,0.0,0.0,0.0,0.0,0.0,0.0,0.0,0.0,0.0,0.0,0.0,0.0,0.0,0.0,0.0,0.0,0.0,0.0,0.0,0.0,0.0,0.0,0.0,0.0,0.0,0.0,0.0,0.0,0.0,0.0,0.0,0.0,0.0,0.0,0.0,0.0,0.0,0.0,0.0,0.0,0.0,0.0,0.0,0.0,0.0,0.0,0.0,0.0,0.0,0.0,0.0,0.0,0.0,0.0,0.0,0.0,0.0,0.0,0.0,0.0,0.0,0.0,0.0,0.0,0.0,0.0,0.0,0.0,0.0,0.0,0.0,0.0,0.0,0.0,0.0,0.0,0.0,0.0,0.0,0.0,0.0,0.0,0.0,0.0,0.0,0.0,0.0,0.0,0.0,0.0,0.0,0.0,0.0,0.0,0.0,0.0,0.0,0.0,0.0,0.0,0.0,0.0,0.0,0.0,0.0,0.0,0.0,0.0,0.0,0.0,0.0,0.0,0.0,0.0,0.0,0.0,0.0,0.0,0.0,0.0,0.0,0.0,0.0,0.0,0.0,0.0,0.0,0.0,0.0,0.0,0.0,0.0,0.0,0.0,0.0,0.0,0.0,0.0,0.0,0.0,0.0,0.0,0.0,0.0,0.0,0.0,0.0,0.0,0.0,0.0,0.0,0.0,0.0,0.0,0.0,0.0,0.0,0.0,0.0,0.0,0.0,0.0,0.0
62,-0.2693031787872314,-2.084616470336914,-2.347570976614952,7.205268812179566,190.06909408569337,228.89740600585938,36.51519889831543,30.87958679199219,43.14401760101318,86.03574981689454,31.522608947753906,5.491965007781983,-0.043305097818374626,-2.0102700209617614,-1.3607029843330385,10.514461646080017,208.7491412353516,308.52192749023436,53.30599069595337,25.673722496032717,62.65007024765015,107.17616348266601,51.484757080078126,9.31438718557358,0.8697135204076766,-1.2633974421024323,-1.349877883195877,17.254041540622712,271.9520357131958,275.2912466430664,42.97385186195373,24.74827684402466,70.85291503906251,114.47725128173829,69.85980613708496,13.365139750838278,1.9178539770841598,-0.8637902447581292,-1.1007390642166137,19.74338752537966,236.8280911254883,236.2275262451172,36.52496733665466,19.430061793327333,47.40201627731323,101.60768140792847,67.5009119272232,14.124581294059755,0.4516498795151711,-1.7161747980117799,-2.1161961841583254,12.656029592752455,228.55503990173338,270.69060562133785,44.804130744934085,20.636786828041078,41.903849921226495,86.34934490203857,53.5581649684906,9.472531875371933,2.542179968953133,-0.5914101314544677,-0.01721300482749939,35.28867983818054,264.7527724456787,252.76450073242185,47.62857528924942,28.078878259658815,74.91583372592928,131.80306701660157,83.32180084228517,21.38694592952728,2.6572771894931795,-0.8093870586156845,-0.9400903040170668,25.46184502899647,330.4792984008789,234.20318939208988,42.798685073852546,37.14388013839722,67.80132556915284,105.47189878463746,70.99239532470703,14.782809966206552,3.8057605671882633,-0.010574643611908009,2.23795178771019,24.435687940120697,333.9900637817383,242.73813446044923,38.33345529556274,25.78178278684616,56.576858329772946,125.4647981262207,107.9804635620117,31.333286042213437,4.939954006671906,-0.06722153306007389,0.6668960183858873,26.628744046688077,301.5067189025879,222.23857177734376,33.519281315803525,21.29311002731323,48.68150703430176,105.31227088928222,89.7589461517334,35.94347846031189,5.472738753557205,0.45930870473384855,0.2100156125426293,50.457712910175324,300.2866284370422,171.65141723632814,33.83220602035523,15.066938681602476,51.73340289115906,131.08965362548827,114.45627029418945,29.659492406845096,9.524190740585327,1.1825361764431,0.05955342710018145,45.29932645022869,320.32836059570315,159.44077636718748,29.531775587797163,10.52729287147522,40.1653636264801,108.5688618850708,122.00282623291014,51.10323312759399,19.077027846574783,3.4537340766191478,2.527504590153694,43.547479789257046,368.8541125488281,147.02249298095703,27.972926368713377,13.071582584381105,45.565999178886415,120.55057823181153,118.30873958587647,58.76620934009552,14.483389453887941,1.7475838017463683,1.0638218629360199,36.10596510767937,295.8315842437744,141.85331344604492,21.78187477171421,3.8661063098907475,26.91419917345047,97.2595701599121,118.79036575317382,71.12264269828795,25.22636003792286,5.744870063662529,2.5676148837804798,71.27243416190147,359.4012396240234,157.0698568725586,20.255404162406926,11.344707055091858,38.89789806365967,114.01366833686829,145.84546676635742,80.84095596313476,32.13037491798401,6.264031872749329,3.949576943516731,73.82107230603694,372.2716607666016,139.14933189392087,18.329018344879152,3.690288140773773,31.406244854927063,105.22631845474243,138.33781150817873,87.68750558853148,27.824519689083097,4.772099469304085,6.136493260860443,103.04825560301542,327.30461944580077,128.51350997924803,22.22106237411499,6.421603026390076,37.39476400613785,107.10197299957277,160.84342544555665,96.79424968719482,38.60119309425354,8.985490307211876,8.494616715908052,107.09097171783449,317.78020629882815,123.67627207279205,23.03223088026047,8.430911331176757,32.34042629361153,122.57926666259766,161.10556060791015,106.13276391983031,54.49178869247437,21.77900465965271,8.184263406395912,130.87255496025085,358.4715020751953,120.13537109375,27.784445838928225,14.541093955039978,43.50366714477539,119.36080329895022,159.03435417175294,102.76872455596924
63,0.6767241176217794,-0.09005071073770524,1.3452571392059327,3.601149785518646,1.304845580458641,0.3648163184523583,0.2766730129718781,0.4304866261780262,0.09909138083457947,0.7241014622151851,1.8510719537734985,0.5146884232759475,0.5370159396529199,0.8062540155649185,3.4438527655601496,6.849961616992951,2.244360307604075,0.876552048623562,0.6413322846591474,0.5060698038339615,0.0028803640604019077,1.4262294322252274,2.0922747683525085,1.0973685210943223,0.1841803425550461,0.09283257618546488,2.2356147114932536,4.600055015385151,1.6304538044333459,0.8038337028026581,1.1997663018107416,0.6135110712051391,0.05989639200270176,0.9980218648910523,3.3699903756380083,1.255504302084446,0.3938946307450533,0.4068380808830261,2.8626314082741735,5.153681495189668,2.3993150874972344,2.047729921489954,1.2010713309049605,0.4474156007170677,0.28096322804689405,1.2883696414530277,3.5540772473812106,1.9371387466788292,0.7033704403042793,0.830456821769476,4.706190643012524,5.44012143611908,2.238503361940384,1.0458029040694237,0.250638198107481,-0.12564443990588187,-0.24257058203220366,1.4586423456668853,5.510668633580208,2.58256064325571,0.45514375284314157,0.014655755162239086,3.376099761426449,3.717667655944824,1.7520324498414996,1.1413238659501075,0.9382944082841277,0.2719175380468369,0.06756557032465933,1.2543553528189662,3.444617990255356,2.1083664970099925,1.724568757116795,2.227399469017983,8.599380304813383,9.24222133874893,3.220477508306504,0.5612018382549285,0.9057384112477302,-0.25469609491527084,-0.3585062304139137,1.208020215630531,8.011029047369957,3.4762156701087954,0.8714601629972458,0.6934183193743229,5.1862963090836995,4.976173388957977,1.8698395657539368,0.7669205418229103,1.0013684210181237,0.13632614672183993,-0.15172716975212097,0.4041823551058769,2.5072058033943176,1.708997367322445,1.7652576875686647,1.2966259497404098,7.839345422983169,8.297941488027572,2.4815143382549287,1.3430144497752188,0.7867672750353812,-0.14042098671197892,-0.24381382241845131,0.8348167389631271,5.171413369178772,4.309293217360974,2.337627450823784,2.913705499172211,9.270879375934602,7.992011370658874,1.9862093213200567,0.18772859595716002,0.04254591405391693,-0.621921893954277,-0.6747779573500157,0.3269733512401581,3.331265432238579,3.383854329586029,3.832370405048132,2.532900358438492,7.515981297492982,8.901003193855285,3.0458911228179937,0.8144172561168672,4.4441327524185175,0.8481876462697983,-0.4524813029170037,0.2193157632648945,3.1722263920307157,3.2633904637396336,2.17228973954916,2.2135580649971964,9.655223681628703,6.484828396141529,2.901573226451874,0.4528039009869099,0.19116527676582334,-0.8660045862197876,-0.7487817186117172,0.875177667438984,5.205479869842529,5.199351848065853,5.003352627679705,2.2752307081222534,8.405661168098451,8.52010773420334,2.3999575012922287,0.7512897378206255,0.048098357468843424,-0.9995426696538925,-1.0670146190747618,0.23781286984682085,4.198495931327343,5.46784805059433,5.860703462958336,4.9905584710836415,11.489414050579072,8.28971483707428,1.3272144499421121,-1.2496433478593825,-1.0571758566796778,-1.169314937144518,-1.0058842293918133,0.7327475571632386,6.489854344725609,4.980918356180191,5.856368891447782,5.669048540592193,15.35089409828186,8.32471337556839,1.42059720993042,-1.0377569311857222,-1.3155233812332154,-1.308692001402378,-0.8707471546530723,1.155508069396019,4.948333232402801,5.778747644424438,12.210629183650017,13.95445300459862,22.662942390441895,11.508087096214295,1.6111190289258956,-1.8488782304525375,-2.143226253092289,-2.4339843687415126,-2.2418763467669485,-0.6414960098266601,4.487148123979568,9.969745503664017,12.12575757741928,11.345325323939324,19.69342381000519,11.45970299243927,-0.2693206048011779,-2.064931293725967,-2.436894007325172,-2.8137332993745803,-2.5459597057104113,-0.07894852668046956,4.941702411174774,9.75645572900772,13.825670743286608,21.719928722381592,30.153455886840817,14.243994946479797,2.0117032879590986,-3.309057811498642,-3.3884832525253294,-4.050671607255936,-3.411467082500458,-0.4708674645423887,7.0678399702906605,13.965706821680067
64,0.5320289343595505,0.4177504897117615,0.35040920674800874,0.3117090791463852,18.12764310836792,11.078030920028686,5.491045260429383,3.053578197956085,5.377920484542846,4.921450400352478,1.2871479272842408,0.6990567445755005,0.4921085593104362,0.3749953624606132,0.3088688725233078,0.5111383393406868,25.317008423805238,14.526256484985353,3.7005759382247922,3.7590963006019593,7.307891588211061,6.1134839487075805,1.604977067708969,0.7501323589682578,0.45082173466682435,0.3403128677606583,0.2747649598121643,0.3726084572076797,26.170841369628903,14.212087574005125,3.7733791422843934,3.309330089092255,7.097798519134521,6.9970294070243835,1.5876214575767515,0.6922633683681488,0.5189100018143654,0.3942721408605575,0.3238526454567909,0.8669335250556468,25.019651579856873,14.724974699020384,3.9637099742889403,2.9419265055656436,6.532107377052306,6.465034265518189,1.7733439958095552,0.7668836927413941,0.49851547300815585,0.37826138556003575,0.30842396140098566,0.6628595259785651,24.576236429214482,12.072424802780152,3.5239918279647826,3.77656813621521,7.864628596305847,7.714676423072815,1.8180119895935056,0.7758335387706757,0.7461423540115357,0.5658414530754089,0.4724084323644638,1.7413647210597993,36.467454013824465,16.570586605072023,4.542437753677368,4.1897223186492925,8.478064651489259,8.780279006958008,3.280779354572296,1.2107821130752563,0.4807561530172825,0.35732546880841254,0.29123272851109505,1.1494271105527878,35.03986918926239,11.967400121688843,3.011959639787674,2.42294394493103,5.554534754753114,6.86003393650055,2.172276771068573,0.7450897598266601,0.5315969567000864,0.39132994402199983,0.3129939403757453,1.288281303346157,38.26334547042846,13.736606044769285,3.3814553737640383,3.2170102167129513,6.838242641687392,8.565160825252534,2.9468293821811673,1.020578107237816,0.754267326593399,0.5496069556474686,0.44150891661643976,1.4104604507982732,45.03026562213897,14.775288648605345,4.1874780130386355,2.981566672325134,6.670887217521669,9.368560919761658,3.836099071502685,1.1558710634708405,1.0289456021785737,0.7368222138285636,0.5944641321897507,1.8557211214303968,39.78681350708008,13.99496644973755,4.002254939079284,3.021742695271969,6.652026901245117,10.192747416496276,8.263555483818054,2.180427954792976,1.1608536595106125,0.8331807357072829,0.6697122779488563,4.551274481713772,62.85324556350709,17.775077457427976,3.8003242540359503,3.7230197548866273,6.968416504859924,11.189974365234375,6.531409363746643,1.9741106390953065,1.3580090984702111,0.9893763688206672,0.8026140324771402,5.66769888818264,65.0301833152771,17.796985015869144,4.303319537639618,3.430207745432854,8.050386826992035,13.184482810497283,8.768808703422547,2.3009636828303335,0.7947306916117668,0.5698622903972864,0.47356698997318747,7.944175083041192,62.24395416259765,15.008802289962768,3.4685999679565427,2.263154814243317,6.299777388572694,9.918173356056213,6.093205607533454,1.7209216487407688,1.0201285356283187,0.706439771950245,0.6058409831672906,11.370810253173113,59.01024368286132,14.170184860229492,4.08857313156128,2.4894821894168855,7.089280364513398,11.050589451789856,8.117842967510223,2.190532683730125,1.6498554219305515,1.0712315762042999,0.9609907898306848,16.71115300834179,81.44939117431639,16.889864673614504,3.9536500978469844,3.028486235141754,6.957613706588743,12.197339572906495,13.634022517204283,4.029591140151024,1.3640676927566528,0.8975461387634278,0.9261077770590782,25.126759405732155,95.05890647888184,16.910087089538575,3.936221351623535,3.0039345836639404,7.277145042419434,13.085829057693482,10.03828935623169,3.553003581762314,1.2931733310222626,0.8990965175628662,0.7613177788257599,17.484676575660707,95.80105339050293,20.106704101562503,5.027369623184205,3.022831275463104,7.33567217350006,13.365272731781005,14.98394289970398,4.661558125019074,2.5612733244895933,1.6108898496627808,1.4602019190788267,35.20132707118988,116.3161961364746,21.848187103271485,4.659722208976746,4.453777718544007,9.26810688018799,17.858647594451902,17.38672819137573,9.537146961688995
65,-6.631999683380127,-8.493948841094971,-7.585778141021729,92.70118751525878,187.04043273925782,91.36139450073242,46.25183820724487,19.65707311630249,21.490375518798828,65.61403636932373,55.93690414428711,10.98764580488205,-1.6143959856033319,-5.6198269140720365,-2.86897590637207,154.51383455276488,374.225223236084,186.59650207519533,41.99693256378174,11.562403473854065,36.42902418136597,84.97083206176758,69.50451379776001,14.672666730880739,-2.016309013366699,-5.4313213777542115,-3.9365200328826915,117.185458984375,333.6817051696777,151.23895843505858,36.215961914062504,7.388092517852781,21.34430150985718,68.64096214294433,68.64632672309877,16.908849973678592,1.6727153921127322,-3.522307687997818,-1.8638299179077147,144.34320362091063,293.8193438720703,142.46463195800783,30.233400382995608,10.466760501861572,30.220856380462646,81.58875831604004,79.57186626434326,20.019018006324767,-0.5124804782867433,-5.076276326179505,-0.8178266429901123,126.39915744781494,330.1809686279297,187.32325181007386,28.021847572326656,-2.198344588279724,17.349330825805662,69.84809062957764,66.58882781028747,16.968003549575805,2.4941642713546757,-4.293207194805145,-1.2678466415405272,167.04534812927244,322.1573434448242,136.84754028320313,17.77672727584839,9.050883026123048,34.042925596237176,88.58770412445068,102.85094663619995,39.20702078342437,3.7552419710159297,-5.052883529663086,-0.6440883636474608,275.71036575317385,462.476732788086,138.7021920776367,21.530508389472963,0.9903779792785649,29.75781183242798,91.83098991394043,112.49073268890379,35.85738639831543,5.68428906917572,-5.303459467887879,12.380089874267577,278.42324261665345,443.87098655700686,142.56857009887696,16.71120801925659,-6.329858264923096,16.846683826446533,90.58514675140381,131.44342559814453,68.0361970949173,7.940131340026855,-4.476946859359741,9.356719388961793,248.28562202453614,502.81729095458985,176.96430511474608,25.34834587097168,-0.3349891662597656,21.44483839035034,105.27770679473876,128.42058460235597,48.28073900222778,3.808689622879028,-5.646768074035644,7.11466010928154,339.0856253051758,482.74133483886726,128.19078514099118,-2.4849221229553224,-18.74069309234619,4.635825233459473,85.2154043006897,127.63599758148193,45.84423215866089,9.044562015533447,-4.837287917137146,14.972497005462646,311.41091718673704,409.45653167724606,107.71142585754394,17.670421895980837,8.10358117580414,26.294179954528808,87.07806915283201,143.44859756469728,74.25244749069213,38.46835277557373,4.111821885108948,33.22080402851105,472.8567714691162,507.49761505126946,109.89459178924562,-5.123998374938965,-21.322484092712404,-0.021915760040283505,91.62417630195618,158.74374717712402,111.11849132537843,53.31987091064453,6.8746214103698735,18.60411231994629,310.359348449707,392.6759143066406,93.99824378967284,-3.4029643821716298,-26.901561441421514,-6.57607406616211,65.96455620765686,141.33113740921019,109.18137441635133,65.549767370224,25.437768225669863,54.999306726455686,418.7824682617187,426.0079071044922,90.62245611190795,-5.0046482658386235,-17.759002895355223,3.604627046585084,78.02922018051147,185.92567184448245,162.85322401046753,119.95742765426637,53.56241975307465,116.1520961380005,492.14848724365237,493.5435787963867,95.89561128616333,-25.760952100753787,-43.73897472381592,-20.41748375415802,60.413017692565916,159.4945816040039,145.99342376708984,94.19418485164644,35.6869959640503,195.7821949481964,650.5531985473633,502.34766052246084,92.71306495666504,-10.829606590270995,-36.63915153503418,-21.972431364059446,55.718359794616696,156.1887488555908,133.14845659732816,139.42677528381347,79.41704335212708,169.31595599174503,629.6009426879884,507.3766665649414,98.5205655670166,-27.350480070114138,-42.140851697921754,-18.151328916549684,67.72053091049195,184.28236766815186,196.47026824951172,232.37273396492006,144.20223974227906,252.37884681701658,778.4133752441406,512.2287805175781,77.52465255737305,-33.86963024139404,-56.46775743484498,-23.574134216308593,68.83146423339844,217.89735980987547,252.09208824157713
66,24.667294311523438,29.26053409576416,32.07691969871521,46.085879516601565,8.461222887039185,0.002193737030029319,-0.37801830172538764,-0.7555301338434219,2.0442426085472105,8.258368253707886,17.374546778202056,13.028582048416137,41.07453066825866,28.604088850021366,39.45099082946778,61.05326274871826,21.889880647659304,7.352475346326829,7.745825833082199,7.123749608695507,10.723803389072419,20.194935524463656,39.90751224517822,45.263662528991695,28.67947816848755,21.265318961143493,29.23938119888306,40.703300457000736,17.14095676064491,7.312729746103287,3.8686966466903683,1.4099950183928012,3.3577594470977785,9.429613332748414,24.019353427886962,30.527080459594732,35.98972803115845,31.595967082977296,35.949228248596185,61.10708209991456,23.687211136817933,7.742336056828497,6.268620663881302,4.005127761363983,5.859714599847793,11.584810715317726,23.206106082201007,29.050195236206054,29.544128141403196,19.068943614959718,29.02724603652954,44.73859428405761,17.44590527057648,5.311799260377884,3.7184214723110203,2.284484677910805,5.019629895687103,13.913926376551391,26.569132342338566,38.86197513580322,49.033908729553225,42.015595283508304,57.42513832092285,50.744153633117676,20.633408908843997,8.979036011695863,6.708621191978454,4.748294664621353,4.217148085236549,11.345007436722518,27.025464992523194,40.87672742843628,40.841614723205566,36.4216561126709,42.881047706604,40.323544311523435,9.814129099845886,3.5562621200084683,3.503110392093659,4.074145917892456,4.675129113048316,11.036573248505592,21.55071734905243,32.62286880493164,49.57843000411988,47.1507084825635,48.75376210451126,41.13082492828369,13.89418686389923,5.121921446323395,4.082559604644776,1.7470947402715684,3.4182474821805955,13.551481534242631,26.792356863021848,40.443058490753174,47.55346855163574,45.68924839019776,57.437518997192385,48.195954437255864,14.037193965911865,6.324921901226044,5.492411692142487,1.7538392840325834,1.8835724282264708,10.763903255462647,24.16895310401917,40.29624111175538,58.66558780670166,52.76972946166992,56.99879610061646,49.385880661010745,20.70247785568237,10.233776686191558,7.672263066768646,1.83078423500061,3.609495365023613,11.402214730978013,21.69898504912853,36.195556535720826,55.18172470092774,51.19648658752441,57.99678203582764,47.20830421447754,13.329445204734801,2.90919332832098,-0.20907360076904288,-0.6987333250045775,1.7539283800125123,10.708997706025839,27.408592281341555,54.60028018951416,64.6544620513916,62.822348327636725,70.59449115753173,56.637882690429684,15.457520637512207,2.602124902009964,-0.1815658271312715,-0.020596053600311314,0.5555528116226196,6.707203926444054,19.858262722492217,45.22559278488159,57.27502888679504,60.492623326778414,64.8233941268921,47.284811401367186,13.252202072143556,2.0879623210430145,0.7695832109451295,-0.3792482852935792,1.148332917690277,7.676248610019684,21.947363851070403,39.6229520225525,66.70718116760254,82.1481457901001,79.80014755249024,62.77248947143555,22.97569806098938,5.788764902353287,2.2171827691793444,0.7532102000713345,2.24476140499115,8.637145409584045,26.962762846946713,49.40782930374145,70.63157890319825,83.90428466796875,82.3244680786133,61.209205627441406,17.697091922760013,3.2019536411762237,-1.105092558860779,-2.0099348223209383,-0.5639664804935456,6.268755900859833,22.51010708332062,40.60963050842285,74.3162612915039,92.18376159667969,79.50696403503417,51.291780357360835,14.563980121612548,2.1236493235826495,0.5763811558485031,-1.5328313946723937,-0.232108016014099,4.75057005405426,18.129229328632356,42.07277603149414,88.77741416931153,89.66103794097901,92.04299003601074,62.61866851806641,18.14841128230095,4.4009810328483585,2.327158055305481,0.09327982425689693,2.8290571993589397,13.248974609375,30.93955382943153,63.1713565826416,93.91144562721253,104.26402404785156,95.98757759094238,62.71287826538086,17.17299198150635,1.770009458065033,-1.9381549334526063,-3.1372072362899783,-0.9844207775592805,6.562886947393418,22.667230644226073,55.95035481452942
67,0.22175601869821548,0.08348537683486937,0.024230477213859562,0.2371905654668808,3.6342427492141725,2.387246584892273,1.6927388846874236,4.075978636741638,4.467273902893067,3.7874640464782714,2.6735573172569276,0.7348096013069153,0.3262401935830712,0.14745276488363737,0.07826736845076082,0.968891178444028,11.470960578918456,4.935076394081116,2.9789433443546294,4.018676874637604,4.1818889963626855,4.197113672494888,3.35333253979683,1.0026047325134277,0.29988247521221634,0.1320080292224884,0.0917976416274905,1.0734016185998916,13.584776844978332,6.032258386611938,2.861688755750656,3.8730539646744733,4.0524712020158775,4.662517110109329,3.228265845179558,1.0584189331531526,0.4442572028934956,0.16363101124763485,0.09816504120826718,1.3252826455235482,11.90969306945801,4.6825279149413115,2.353355551064014,3.1393818056583407,4.096987519264221,5.503032227754593,3.640433459281921,0.9840090000629426,0.2992435471713543,0.1275657297670841,0.1761368066072464,1.2086186017841098,9.816861743927003,5.506973528862,2.721545371115208,2.8778170195221904,2.5225311589241026,3.464557208120823,2.9295943641662596,0.8912208899855614,0.3219156872853637,0.13945249952375888,0.1568621438369155,1.73761688709259,9.845766987800598,3.5266234827041627,1.8800465039908887,2.5155910778045656,3.378853180706501,4.316512160301209,4.301000587940216,1.3533602289110422,0.48394174754619607,0.21960185982286928,0.23476904585957525,1.6882580983638764,13.45222371339798,5.23595376253128,2.7400718794763086,4.107598295211792,3.806539552211762,4.994664716720581,4.083675413131713,1.4205373787879945,0.3978626284003258,0.16104314260184763,0.2710289731621742,3.144136049747467,11.665413932800295,4.1826725816726675,2.5628624671697615,3.6928927576541897,4.059573667794466,4.239822668433189,3.990856800079346,1.4883859717845915,0.42201424062252046,0.17920223996043205,0.26892099924385543,2.7433770479261876,14.536404178142547,4.564729652404784,1.9264372849464415,3.522549642324448,3.2986530640721328,4.387206581085921,3.990568630844355,1.381011573970318,0.44394376337528224,0.18180033236742016,0.2630838148295879,2.8830921399593357,13.014148797988891,4.375856404304505,2.728597456216812,4.308707747459412,2.9250153043866156,3.381491032838821,3.397888386249542,1.4192162442207334,0.4178393450938165,0.183682355210185,0.32778645783662796,3.6446714574098587,13.675966691970824,4.495415501594543,3.415541212558746,4.669611599445343,4.222703717947006,4.114939969778061,4.1888887262344365,1.5231350487470627,0.803770826458931,0.35067439526319505,0.46741356372833254,3.808448147773743,13.743721590042114,4.111086173057556,2.020039934515953,3.208611953854561,3.1878274208307262,4.700002349615096,6.070032835006714,2.628014476299286,0.6930668910965323,0.277057815939188,0.515891719609499,4.585733798742295,13.025048170089722,4.08125289440155,1.9340796986222266,2.8835990679264065,3.2972581383585933,4.522436062358319,4.550636286735534,1.7052811717987062,0.8245732301473616,0.3958001363277435,0.7762236613780261,4.028629821538925,12.587179346084593,2.943969180583954,1.800078602731228,3.471606568694115,3.7860143566131597,3.559762387573719,4.859914535135031,2.1273799723386766,1.2280446535348895,0.6573726147413254,0.9503294819593429,5.686504006385803,10.935332641601562,4.1560586833953845,2.9006897211074825,4.877376788780093,4.606435707509518,3.987481343597173,4.520856100320817,2.620522974729538,1.1583625257015229,0.5599539086222649,1.378361863344908,6.418142528533936,10.281646146774293,3.1872220039367676,2.2680780136585232,4.417840290665626,4.167551208734512,5.658240377902985,5.392073483467103,2.6662963032722473,1.2532294200360776,0.5513706427812577,1.2650365000963213,7.323099706172942,10.67953688621521,2.7887561321258545,2.0856565394997597,2.738109999448061,2.77336395829916,3.5127377870678904,5.0665591651201245,2.525307613015175,1.771351021528244,0.9616350531578064,1.602790328860283,9.070479707717896,12.507992467880252,4.401890327930451,3.1139661955833438,4.118536894470454,3.9377582740783685,4.064641128480434,5.470491056442261,3.2654550790786745
68,-15.524938201904297,-14.478902816772461,-12.533007431030274,23.62531280517578,131.71851501464843,6.992739486694336,-16.84310526251793,-20.188710594177245,-4.139520978927612,32.47942152023315,36.05122261047363,-3.991416072845459,-13.22300684928894,-12.265363864898681,-9.184156663417816,26.718461109399794,142.2146802711487,35.88179103374481,-9.953875569105147,-13.715360822677614,-1.032457332611084,23.271605550050733,25.873316234946248,-4.460940803289413,-11.13851499557495,-13.644441108703614,-8.392350988388062,45.52030634880066,148.65662742614745,30.159193687438965,-14.390642336606978,-14.379176644086836,3.244205915927887,35.267972755432126,40.33795337677002,3.1408803510665892,-12.010025711059571,-12.305750350952149,-10.372370948791504,29.73908415555954,121.94123626708983,23.27000039100647,-14.653998901844023,-15.227751455307006,-4.713960046768189,19.970687284469605,29.513151431083678,3.5429784059524536,-8.702619256973266,-12.467419834136962,-10.70471423625946,30.563279945850372,117.95193641662597,29.78030739784241,-10.16876431941986,-15.410855445861817,0.061217708587646504,21.835217045545576,29.771571180820462,16.984955992698666,-3.8267933416366575,-13.905478382110596,-9.07609793663025,64.6997896194458,130.95468490600587,14.495409369468689,-21.437166180610653,-19.158739389181136,-1.1186016559600838,26.0652074277401,37.56196143865585,25.901177711486817,-1.5234043884277342,-11.357378473877906,-8.986203360557557,53.070739964246755,98.67341285705567,5.9414074420928955,-15.875041499137875,-14.823578042984007,-3.1011576914787296,20.866654795408248,25.077641992568967,9.94250294327736,-1.3373484420776365,-9.851343097686769,-5.040519063323735,57.17469815731049,106.14768585205078,13.456672902107238,-14.171644479036331,-14.137575492858886,-0.97884677529335,30.55503211289644,45.169616308212284,19.514210934638974,3.8471460342407227,-6.601996665000915,-4.730050153732298,53.33634318351746,101.4012223815918,4.977944182157517,-21.468041576817633,-20.321513867378236,-4.68444948196411,18.300496057868003,38.58069346427918,21.11217367172241,0.12308863162994399,-9.24731388092041,-3.2121322822570804,62.5362186706066,103.37515617370605,7.942170469164848,-17.59791561126709,-17.614016761779787,-4.723891129493714,21.025222263336182,43.892233963012686,18.367739853858946,15.742973222732541,-7.552065486907958,0.31738218307495103,72.05822170257568,88.36140663146973,-2.8945895624160767,-20.732691440582276,-21.877625465393063,-6.582298473119735,28.967258329391477,55.72600704193114,48.92105230331421,18.10957513809204,-6.968241248130799,-2.7650858402252196,90.64099960327148,85.20113080978395,3.6356850790977484,-15.720122241973877,-18.56769296646118,-5.307473602294922,28.220936279296875,53.18366218566895,48.032519450187685,19.948972325325013,0.86594108581543,-1.0710575711727142,71.96784633636473,54.67027883529663,-4.911472577452659,-23.193457352519033,-19.168175845146173,-8.33944745361805,17.798160385489464,42.46870954036713,38.658929865360264,20.543196334838868,0.6954420661926267,7.876402645111083,74.97200351715088,73.4550482559204,0.025283570289611923,-18.57523624420166,-21.90823289871216,-8.109919508695603,23.9637921333313,58.12226390838623,43.686905727386474,34.56772041797638,12.8320436167717,18.01432399749756,71.72678089141846,61.49406233787537,-3.5159202432632446,-18.931674890518188,-20.468681342601776,-7.153047099113465,23.319426131248473,52.92471174240112,55.3079991054535,33.26381581306457,28.941113419532776,33.13117873549461,92.0909775161743,43.17397219002247,-13.498506278991698,-28.638523080348968,-25.958270065784454,-12.88809860229492,13.02957070350647,43.58568561553955,50.84360471725464,43.366571311950686,12.637586948871611,26.13617029905319,92.56295444488526,56.7755108833313,-9.760222444534302,-28.323796024322508,-24.526581439971924,-10.122162032127381,24.671565046310427,62.63963011741639,64.59045826911925,59.206169905662534,19.692676897048948,25.526903257369995,69.55275009155274,57.516256675720214,-10.001880402565003,-29.151107897758482,-26.175776863098143,-8.686645970344545,23.349057123661044,63.601191167831416,71.8837648153305
69,-0.013495761714875681,-0.01924842596054074,-0.01771524548530576,-0.01921326559968288,0.01917432881891728,1.2561413645744324,1.7449828386306763,0.4811471104621887,0.5043325901031495,0.21178918778896333,0.07302788347005841,0.019909645617008177,-0.0026338629983365435,-0.012320965565741027,-0.016549101145938012,-0.016103325125295637,0.03205617218045519,1.5665819478034975,1.0713043653964998,0.4210455453395843,0.40139381527900697,0.2531424978375435,0.08557985588908192,0.022828496396541553,0.0008341942355036769,-0.009693397805094683,-0.013253462817519868,-0.012780638884287298,0.07534049795474859,1.479662870168686,1.2440226471424105,0.4650890129804611,0.5001451343297958,0.3214709883928299,0.10105072394013401,0.029417756348848308,-0.002796488888561716,-0.012896467931568591,-0.01689087611157444,-0.017451487623620733,0.06699681797996161,1.687103826403618,1.1781836938858032,0.4411395919322967,0.5032897174358368,0.2812129509449005,0.12295137524604793,0.042647624798119045,0.0027501696906983716,-0.009489987157285185,-0.014710858890321078,-0.014579516544472385,0.08238107559271157,1.6920052403211592,0.8746246993541718,0.4385290235280991,0.4334311926364898,0.26915214538574217,0.08869240432977674,0.025073956027626947,0.00963936038315296,-0.010092937946319547,-0.017308760974556168,-0.01825741872191425,0.16735738825285804,2.3191362261772155,1.1693818044662474,0.4259056019783021,0.5740712463855744,0.42729436524212366,0.1662376570701599,0.06690723184496161,0.008363172672688945,-0.007806378435343489,-0.014287250684574208,-0.012861562659963927,0.19331348994746805,1.9715885162353515,0.7962920647859573,0.36602493464946745,0.6096392130851745,0.4694268053770065,0.21740538671612736,0.07113392744213339,0.009501063004136088,-0.0070562059432268,-0.013237518183886979,-0.013445796673186078,0.14251605914905668,2.1053592944145203,0.7503830248117447,0.34285624921321867,0.4768043974041939,0.4053710240125656,0.1724507476389408,0.051502441354095894,0.021666302569210517,-0.0046169074065983,-0.01340050731785592,-0.01586817050119859,0.3134158904897049,2.849839527606964,0.5068323123455047,0.32062587276101107,0.5912864220142364,0.5466401326656342,0.2893441137671471,0.1302886804938316,0.017729394510388366,-0.01445266476832326,-0.023293005335144657,-0.01785576038993892,0.36570171359926457,3.35613270521164,0.73542387008667,0.2792350097000599,0.565959957242012,0.6105361986160279,0.3055625906586647,0.07258021697401998,0.025887272097170354,-0.016052963826805315,-0.02873378701508041,-0.024218521728180308,0.6911391091346741,3.7303130912780764,0.6525818657875062,0.24678717494010924,0.4708150032162666,0.6512560290098189,0.3510362818837166,0.1511802493035793,0.02619277790188788,-0.012998219556175136,-0.022648031339049305,-0.013609610106795993,0.728515539355576,3.5057625818252567,0.540624657869339,0.29554329469799995,0.5345344644784927,0.8242327746748923,0.3847736674547195,0.12095913913100956,0.011189599242061372,-0.018809168599545907,-0.028357714824378443,-0.016013622656464544,0.9531694734096527,3.255397047996521,0.5993287271261216,0.34776366680860515,0.5604511415958404,0.7491156983375549,0.34851449742913243,0.15787946842610837,0.05484447494149207,-0.009936743453145012,-0.024305167254060463,-0.015044669872149802,1.1996065442264081,3.399886627197265,0.45921644359827046,0.20547594353556634,0.518405082821846,0.762057101726532,0.4912970191240311,0.18324328165501352,0.04514195557683704,-0.009033261183649279,-0.02335469994693992,-0.015323994401842336,1.1022182088717818,3.9379168128967286,0.6083008170127868,0.241583252698183,0.5815253919363023,0.9348966431617736,0.5170586317777633,0.19477413266897203,0.06485554676502943,-0.008854281045496444,-0.02800866186618802,0.001153794974088697,1.8047337806224821,3.317345714569092,0.49038925498723984,0.2970599189400673,0.779780393242836,1.1495799100399018,0.7302790462970734,0.3047270883619785,0.07434342093765736,-0.009391985237598415,-0.030791236571967574,-0.0037004001438617463,2.228613525815308,4.170956468582153,0.5151724380254745,0.21289524644613267,0.7053396522998809,1.1451175653934478,0.6552758185565472,0.26372294276952746,0.06678690418601037,0.009283325336873548,-0.024066893532872176,0.022558801993727704,2.8659843522310258,3.6142902088165285,0.3739965799450874,0.1079411345720291,0.5136467924714089,1.1202140688896178,0.6745903298258782,0.3213237716257572
70,3.1506110429763794,2.659363692998886,4.211510092020035,18.069963932037354,245.73287353515624,415.00307006835936,98.57176513671875,56.72378845214844,66.9416389465332,112.8927230834961,100.45452423095703,28.4318790435791,5.267004839479923,2.155613105893135,4.466633613109589,28.227982482910154,344.83095458984377,353.6927752685547,66.9774299621582,39.7316455078125,63.39802005767822,131.64118164062498,106.46829208374022,30.244518699645994,8.885908136963844,3.6009413060545916,5.605613059997559,25.590475006103514,369.32890991210934,368.17119750976565,69.13693923950194,37.41063056945801,61.906128730773936,127.29768157958983,100.76718826293946,33.45951429367066,11.713168075084685,3.84107766866684,6.700899477899074,31.236484794616693,375.6267602539062,344.3655480957031,63.04121578216552,33.57337655067444,56.61390254974365,143.12381896972653,113.10968521118164,32.05314136505127,8.426932022571565,4.355932705402374,6.614877067506313,31.887359113693236,341.22616394042973,335.4273059082031,55.724566574096684,30.587609968185426,61.413885040283205,135.7051808166504,103.9482650756836,31.35129508972168,10.901014699935914,4.392483246326447,6.256609771251679,39.86323366165161,378.8979760742187,306.7976049804687,50.523082427978515,34.44481136322021,56.053091564178466,134.78938972473145,123.91433425903321,40.35799434661865,9.767084236145019,3.9477310514450084,6.548966932296753,44.565623741149906,368.41834167480476,293.5449444580078,48.381108551025385,37.70920776367187,63.309537963867186,127.24444427490235,118.07688476562501,40.943378028869624,11.200801119804382,5.627606242895126,10.033477296829224,73.19300113677978,413.01934204101565,287.2694689941406,55.92709316253663,35.12400925636292,58.96998853683472,148.44584228515626,142.69170776367187,53.85072891235351,17.239507236480712,8.025581439733505,11.01869919657707,56.14243103027344,419.84297851562496,283.1599325561523,45.04234428405762,31.128468999862672,55.81827102661133,129.09645782470702,128.08797927856443,47.51988258361816,15.846067819595337,7.344875776767731,12.088421306610106,69.27554862976073,463.68794677734377,226.04230682373046,40.35378623962403,27.35935444831848,44.966973609924324,122.78602676391601,121.01977661132813,49.398529891967776,21.302521448135376,14.714569978713987,18.033240559101102,89.29665954589844,449.17940917968747,227.3331387329102,47.34169105529785,36.334233646392825,60.37819190979004,154.14075286865236,152.06367980957032,55.292759323120116,21.165707397460938,12.257785394191743,15.735157213211059,84.33609714508057,431.5902947998046,186.65517898559568,33.34614287376404,29.112439839839936,56.358784523010264,132.4031866455078,161.79565673828125,67.84091941833496,31.68279426574707,16.677803230285644,21.069081687927245,95.90761238098146,464.376802368164,179.7300344848633,31.760095298290253,22.884909138679504,46.227671794891364,130.69106018066407,160.3876055908203,66.10976280212402,41.15508592605591,22.191865062713624,24.956154537200927,103.90633094787597,445.08943237304686,158.64122131347654,29.11369689941406,33.236235561370854,66.41731978416443,141.04495498657224,177.02860443115236,78.27735504150391,33.76881778717041,22.426416063308714,31.999389991760257,126.65608352661134,477.53364929199216,158.77528213500975,26.66660270690918,23.916050403118135,55.16989612579346,136.0836538696289,181.51370971679688,86.78459823608398,39.98515892028808,23.376510734558103,34.422454662323,134.6146011352539,446.28983642578123,142.4213916015625,23.693547880649568,28.65369352340698,60.10771598815919,154.55912292480468,193.59233291625978,89.71245796203614,47.09957494735717,40.32734190940857,48.669880008697504,157.94824981689453,487.99171875,132.18721557617187,27.00693976402283,26.39079346656799,60.55421962738037,144.84258583068848,187.9134915161133,90.5506217956543,59.411049118042,43.65330462217331,49.134886975288396,186.1287094116211,463.56101501464843,132.6013102722168,28.888036985397342,18.989525055885316,49.807787904739385,144.86356536865233,194.43321075439454,115.66683059692382
71,5.393464136123657,5.055527877807617,4.667845129966736,3.551996899023652,0.19839048385620117,0.2268187880516052,1.570212996006012,1.916585373878479,1.9141029357910155,1.0236222863197326,2.3536745369434358,2.0325791120529173,2.577535735964775,4.481493635177612,9.585796766281126,19.728202056288715,3.3957918357849115,1.061128221154213,2.0068154454231264,2.2375936365127567,1.8115429234504703,3.515479880571365,5.569896328449249,2.9299461048841478,3.4658482658863066,4.581213653087616,6.351847598552704,9.827861790657042,2.523109006136656,0.5741353562474252,2.6954707610607147,2.6772062635421756,1.4722560214996339,1.4621380305290224,3.686067704558373,3.5212427383661273,3.2211157250404354,4.515196640491486,8.095353382229806,12.392380232810973,4.4719955956935875,3.2950163865089417,2.155114622116089,2.396948766708374,1.8940592741966245,2.5934414935112002,5.5866560828685765,5.7917633950710306,5.2484431427717215,6.102765759825706,10.257017199993134,9.22569664478302,2.2024920696020125,0.22094467103481286,0.9793645119667053,1.852733902931213,1.659538917541504,3.1043907833099365,9.298049575090408,6.302238230705261,2.6099131190776825,3.5563918876647946,8.145661973953247,9.26947467327118,3.220178578943014,1.160426567196846,1.852913601398468,2.205453085899353,1.656947228908539,1.6917497682571412,6.665478974580765,7.6791369795799245,7.328111008405685,9.519920662641525,14.265883374214173,19.054936044216156,4.548471572399139,0.3662125602364541,2.3372300982475283,1.6444112181663513,1.2253125286102295,3.353412039279937,10.753378044366837,5.947603859454393,4.868306768536568,4.405663728713989,13.072873740196226,14.563222586512566,3.923572261333466,1.2038386112451553,1.9271302568912507,2.4723326206207275,1.7633646631240842,1.8718227875232696,4.062401507496833,6.180100468993187,8.33473102271557,8.499049456119538,15.736320947408677,16.748404502868652,3.0384805655479434,1.7809876580163837,1.3842713534832,1.4857520961761477,1.23582839012146,2.284054782390595,7.236746114492417,5.747240837216377,7.7377309465408315,11.593232049942015,17.58582938194275,20.498279240131378,1.5114066687226297,0.7238814157247544,0.8794709086418152,1.7569778060913084,1.2656758189201356,1.8606068801879883,6.153309910893441,7.999211584329605,11.029873020052909,10.757712906599044,17.04710437297821,20.011953411102297,1.7304450261592865,-0.42967270925641055,2.801244200468063,2.5661018323898315,1.7640456342697146,1.9096329915523527,9.839446165561675,9.027952912785114,7.041563625335693,9.592431039810181,16.352121171951293,12.455024477243423,3.0589941084384913,-0.15008187919855115,1.7777803528308866,1.9286466836929321,1.3403163170814516,1.8756329107284544,7.182041105628014,10.009335354566574,11.37789291739464,10.441561739444733,15.581499272584917,18.58216403007507,2.035261385440826,-1.2641864913702012,1.723496952056885,1.3458251404762267,1.0081569051742556,1.3549867916107179,3.9692216575145722,8.951280031204224,14.248815184831619,16.60178761959076,23.468309192657472,18.60675229549408,1.2256031647324561,-0.6989848792552948,-0.15943138480186464,1.0028030610084533,0.736432068347931,1.1936514544487,10.180872966051101,10.349969573020934,12.534094228744507,15.206730942726136,21.498716373443607,12.325664501786232,1.8482244992256163,-0.9919670534133912,0.15203426122665406,0.9935096693038942,0.92833221077919,2.5929743993282317,8.48637868642807,11.835789682865144,25.460297857522967,23.893240947723385,38.461184129714965,12.88056960582733,-0.0917672961950303,-2.786637416854501,-1.461965081691742,-0.0363999891281128,-0.2808093976974488,0.16917084813117975,5.759551748037339,17.160823382139206,21.377440199851993,19.599641819000247,31.665554466247563,20.031507341861726,0.011647832393646284,-2.696048603057861,0.07509127497673038,-0.10536846280097963,-0.09108514547348025,1.9234572792053224,10.768562126159669,17.23122305035591,29.00099612236023,35.820297164916994,45.68319568634033,22.161973474025725,-1.862953000068665,-6.373748303055764,-4.19748566865921,-2.2482073664665223,-1.4947165250778198,0.8399129343032834,14.273966149687766,24.593615074157714
72,0.0,0.0,0.0,0.0,0.0,0.0,0.0,0.0,0.0,0.0,0.0,0.0,0.0,0.0,0.0,0.0,0.0,0.0,0.0,0.0,0.0,0.0,0.0,0.0,0.0,0.0,0.0,0.0,0.0,0.0,0.0,0.0,0.0,0.0,0.0,0.0,0.0,0.0,0.0,0.0,0.0,0.0,0.0,0.0,0.0,0.0,0.0,0.0,0.0,0.0,0.0,0.0,0.0,0.0,0.0,0.0,0.0,0.0,0.0,0.0,0.0,0.0,0.0,0.0,0.0,0.0,0.0,0.0,0.0,0.0,0.0,0.0,0.0,0.0,0.0,0.0,0.0,0.0,0.0,0.0,0.0,0.0,0.0,0.0,0.0,0.0,0.0,0.0,0.0,0.0,0.0,0.0,0.0,0.0,0.0,0.0,0.0,0.0,0.0,0.0,0.0,0.0,0.0,0.0,0.0,0.0,0.0,0.0,0.0,0.0,0.0,0.0,0.0,0.0,0.0,0.0,0.0,0.0,0.0,0.0,0.0,0.0,0.0,0.0,0.0,0.0,0.0,0.0,0.0,0.0,0.0,0.0,0.0,0.0,0.0,0.0,0.0,0.0,0.0,0.0,0.0,0.0,0.0,0.0,0.0,0.0,0.0,0.0,0.0,0.0,0.0,0.0,0.0,0.0,0.0,0.0,0.0,0.0,0.0,0.0,0.0,0.0,0.0,0.0,0.0,0.0,0.0,0.0,0.0,0.0,0.0,0.0,0.0,0.0,0.0,0.0,0.0,0.0,0.0,0.0,0.0,0.0,0.0,0.0,0.0,0.0,0.0,0.0,0.0,0.0,0.0,0.0,0.0,0.0,0.0,0.0,0.0,0.0,0.0,0.0,0.0,0.0,0.0,0.0,0.0,0.0,0.0,0.0,0.0,0.0,0.0,0.0,0.0,0.0,0.0,0.0
73,0.0,0.0,0.0,0.0,0.0,0.0,0.0,0.0,0.0,0.0,0.0,0.0,0.0,0.0,0.0,0.0,0.0,0.0,0.0,0.0,0.0,0.0,0.0,0.0,0.0,0.0,0.0,0.0,0.0,0.0,0.0,0.0,0.0,0.0,0.0,0.0,0.0,0.0,0.0,0.0,0.0,0.0,0.0,0.0,0.0,0.0,0.0,0.0,0.0,0.0,0.0,0.0,0.0,0.0,0.0,0.0,0.0,0.0,0.0,0.0,0.0,0.0,0.0,0.0,0.0,0.0,0.0,0.0,0.0,0.0,0.0,0.0,0.0,0.0,0.0,0.0,0.0,0.0,0.0,0.0,0.0,0.0,0.0,0.0,0.0,0.0,0.0,0.0,0.0,0.0,0.0,0.0,0.0,0.0,0.0,0.0,0.0,0.0,0.0,0.0,0.0,0.0,0.0,0.0,0.0,0.0,0.0,0.0,0.0,0.0,0.0,0.0,0.0,0.0,0.0,0.0,0.0,0.0,0.0,0.0,0.0,0.0,0.0,0.0,0.0,0.0,0.0,0.0,0.0,0.0,0.0,0.0,0.0,0.0,0.0,0.0,0.0,0.0,0.0,0.0,0.0,0.0,0.0,0.0,0.0,0.0,0.0,0.0,0.0,0.0,0.0,0.0,0.0,0.0,0.0,0.0,0.0,0.0,0.0,0.0,0.0,0.0,0.0,0.0,0.0,0.0,0.0,0.0,0.0,0.0,0.0,0.0,0.0,0.0,0.0,0.0,0.0,0.0,0.0,0.0,0.0,0.0,0.0,0.0,0.0,0.0,0.0,0.0,0.0,0.0,0.0,0.0,0.0,0.0,0.0,0.0,0.0,0.0,0.0,0.0,0.0,0.0,0.0,0.0,0.0,0.0,0.0,0.0,0.0,0.0,0.0,0.0,0.0,0.0,0.0,0.0
74,38.077499580383304,27.964303970336914,56.905846214294435,409.8380401611328,128.27105102539062,37.15985336303711,17.774785232543945,6.311935019493103,10.901255416870118,57.63625030517578,129.63857421875,76.03362731933593,62.996345596313475,39.33908393859863,78.61099990844727,689.541353149414,326.5748715209961,82.3276099395752,40.97683311462402,30.61992015838623,61.285709576606756,132.5813387298584,185.65542251586916,116.03273498535157,51.20621803283691,29.405799303054813,58.02501438140869,421.8308953857422,215.32546447753901,51.30446166992188,25.156976013183595,13.176143178939821,22.932202229499815,68.15154787540436,124.86465827941895,101.45915716171265,52.71234073638916,31.775811901092528,44.33383243560791,504.57984130859376,218.9215754699707,63.845380554199224,37.52686298370362,19.308795557022098,26.55485112190246,83.81567306518556,129.69850090026856,90.91039588928223,68.44444271087647,35.258599777221676,56.620827293396,523.8972056579589,302.94436920166015,69.90169059753418,35.36878467559814,21.45456929206848,40.93218866348266,102.59051368713378,148.00768188476562,153.56923713684083,111.52058645248412,58.19278992652893,126.88304700851441,586.6696398925781,172.67495071411133,49.38059417724609,28.739422378540034,16.54758392572403,22.656631860733032,82.38049175262452,149.12989250183105,161.3731367492676,99.66271915435792,50.82429504394531,81.95729663848877,590.5417315673828,205.75775817871096,54.733088951110844,36.03596948623657,19.733607201576234,25.07289876937866,83.44170268058777,152.6896555328369,165.61982738494874,120.11408233642578,73.48695959091187,156.75588922500611,480.4749816894531,179.55973205566406,52.45598449707031,24.603381147384646,16.1963432264328,20.31134402036667,67.1398222732544,133.64431350708006,134.93971565246582,140.7326107788086,88.61875869750978,150.90317901611328,499.741999206543,219.17906082153323,61.96843830108643,31.55274482727051,18.967372207641603,29.63035215139389,87.9693772125244,151.55100364685057,179.91693801879882,157.93029953002932,110.98413089752198,215.91527885437017,613.6521200561524,236.25275024414063,61.85258445739746,38.63147318840027,22.82572206497192,30.964646434783937,101.27288232803343,202.19887344360353,184.0123387145996,171.37295114517212,106.64152240753174,183.91667320251463,626.6668130493165,184.69817016601561,49.58350730895996,19.98762840270996,11.22047914981842,30.595467171669004,87.8866248512268,175.69229446411134,233.0993144226074,268.6778771972657,166.9874750518799,241.90289825439453,506.20790710449216,161.8474584960937,43.2190380859375,19.00262212753296,8.685587317943574,13.297170495986938,61.25922328948975,159.8561499786377,248.9782565307617,173.7905258178711,126.09201293945311,246.2207188415527,454.1072770690918,146.36102111816405,47.198712997436516,20.49567093849182,12.756872277259827,18.893948311805723,63.25311198234558,150.697264251709,185.53346389770508,257.1663024139404,218.94715538024903,352.1741247367859,552.6792697143555,173.95819366455078,55.0394425201416,26.78206474065781,15.990070550441743,29.433415203094484,87.45623753070831,222.8596263122559,292.1730909729004,352.4066373443603,285.83707290649414,414.88820602417,615.8585931396485,206.74306930541994,59.14103359222412,23.701002316474916,13.95476580619812,25.974059140682222,86.11762711524963,194.6652195739746,263.6281260681152,311.6218143463135,345.35389099121096,500.959552307129,529.5651763916015,171.3795291137695,43.83774520874024,18.358226203918456,6.39453537940979,11.781314339637756,54.66579064846038,171.22291511535644,248.62860260009765,459.69239852905275,319.71852600097657,468.1869708251954,616.5315631103516,196.11832336425783,56.27141555786134,27.7754340839386,17.435245962142943,21.810958857536313,77.02405961990355,220.0125180053711,362.83514404296875,520.8215857696533,439.19822891235356,500.4927810668945,605.9988458251953,211.56582786560057,70.58841552257537,29.041656422615052,10.688705811500549,23.606630210876467,79.44496488571167,215.79459884643558,399.9427107238769
75,1.1980239570140838,0.6179981485009194,0.36758141741156586,6.142380931973458,99.29661102294922,84.28330078125,15.843644523620606,8.653647232055665,17.738592529296874,25.80844497680664,10.433282375335693,3.28191154897213,2.006806555390358,1.2876851534843445,1.424542450904846,14.799756176471709,127.50872896194457,119.29955780029297,16.25936159133911,9.706991338729859,19.866471519470213,31.5871583366394,14.903536195755004,4.669056778550147,2.6015135192871095,1.6342097324132918,1.3467120027542117,15.533327424526215,161.71718559265136,105.4560383605957,17.690703506469724,10.356706047058108,19.253348274230955,33.680107498168944,17.45792476654053,5.846540484428405,3.143340702056885,2.0011209535598757,1.5579146206378938,16.568559658527377,134.21863220214846,100.44052764892578,14.729698257446291,8.99667821407318,18.903936350345614,36.13946245193482,18.314975891113285,5.476659479141235,2.094752731323242,1.3082723212242127,1.0532530391216277,18.10406902194023,134.6457610321045,86.78642660140991,14.9809987449646,7.714443849325181,13.752835404872894,28.40927176952362,15.487762402296067,4.603538981676102,3.142917972803116,2.014062533378601,1.9307164603471754,23.239140009880067,141.26038135528566,115.51005657196046,17.866866407394408,8.123772611618042,20.390524139404295,38.53557762145996,24.98198276519775,7.25135763645172,2.8332983165979386,1.7353531897068024,1.732518790960312,22.266904935836795,208.99944091796874,105.8037208557129,17.367422103881836,10.150731346607209,19.02022039413452,34.33552284240723,23.126320781707765,6.278487201929091,4.661928526163101,2.696604280471802,3.206805057525635,35.16997635841369,207.54985946655273,99.28694580078124,13.376299619674683,8.11573769569397,18.915998001098632,43.12319459915161,36.83667269229889,15.566632261276245,3.563255761861801,1.9316880649328234,1.8354013681411743,29.865728952884677,235.3470162963867,102.04530090332032,13.340313930511474,6.539908015727997,15.759674282073977,37.941763658523556,35.32356408119202,11.703189206123351,4.155158215761185,2.254419572949409,1.6569096696376804,40.66130436778069,185.98082199096683,74.24482986450195,11.711511917114256,5.795580973625183,16.47252018928528,44.372808609008786,46.81968668937684,11.81821244597435,5.138120130896568,2.824987145662308,2.5022618010640145,43.669673957824706,199.79199981689453,72.13460556030273,11.358428983688354,5.750515799522399,13.243222064971922,42.403946266174316,42.68236022949218,15.658041529655454,7.219898047447205,3.5723650455474862,3.5548786568641666,65.25525163173677,247.6371519470215,77.170073928833,12.439682407379152,5.861749687194824,16.53006335258484,46.174529190063474,43.17340854644775,18.306941137313846,9.056154873371124,3.821415197849274,2.8522199237346646,44.84727294921875,213.9070364379883,62.54517150878907,10.030378613471985,4.516427927017212,12.091064949035644,40.40329284667969,47.575408992767336,30.487016878128053,7.14055679321289,3.795287847518921,4.167583324909211,82.5572501707077,201.60224060058596,63.18404983520507,9.969777662754058,6.755840668678284,12.522198863029478,42.222973022460934,53.664505615234376,26.920530405044552,21.244173481464383,8.312438879013062,8.391649979352952,90.03175662994383,284.6317315673829,75.92778327941895,7.33357557296753,1.9566989755630495,8.818892927169799,37.44565682888031,55.957511672973624,38.87253365516663,15.959683098793027,5.622488386631012,7.306678248643875,121.83201293945312,267.0910946655273,63.20972087860107,9.383861947059632,2.0090048801898956,11.445685758590699,46.08829286575318,68.21201774597168,40.39364825248718,12.30376211643219,6.929630467891694,9.34930968761444,134.85785187721254,243.94576873779292,59.786882629394526,8.377334785461425,3.2562444829940795,13.659027162790299,50.35108890533447,69.47040298461914,37.71692573547363,30.863855407238002,14.977329599857331,12.346599022150041,172.96507164001463,301.79412139892577,62.11447227478028,6.59552245616913,2.0357835483551026,10.825310261249543,47.15759615421295,71.12652313232422,57.52176273345948
76,3418.84443359375,4153.60224609375,3203.030712890625,3492.61953125,2687.0546630859376,2499.205908203125,1458.340625,878.588232421875,716.0183563232422,953.9037170410156,1407.793310546875,2233.2109375,3279.9578710937503,3938.0491406250003,4093.366459960938,3686.8741796875,2840.7021630859376,2107.5260205078125,1215.9857226562501,574.5260241699219,475.0618139648438,652.5828186035156,1110.3075170898437,2228.3760351562505,3514.5894433593758,4238.780625,3745.589453125,3745.941708984375,3189.4568359375,2153.7642626953125,1159.0247338867189,654.442041015625,408.37115570068363,541.8874922180175,1121.015731201172,2169.0904833984373,3805.603642578125,4417.118017578125,4326.95451171875,3912.316591796875,3019.1589111328126,2029.3884057617186,1212.6564038085937,558.678445739746,338.6506314086914,431.0112647247314,1001.6528884887696,2117.6770739746094,3293.2017773437497,3612.537626953125,3739.843862304688,3741.9662792968747,2933.2650292968747,2014.9053930664063,1282.2697265625,635.740892944336,399.6837212562561,516.1296166992188,983.2982092285158,2167.117060546875,3319.7675585937495,3786.0661376953126,3622.4450732421874,3301.639372558594,2708.6950976562503,1980.4057983398438,1076.318610839844,632.7895367431641,370.12046241760254,471.7322861480713,996.6858355712891,2350.31130859375,3126.3651660156256,3370.56451171875,3210.4160253906252,3205.3959716796876,2804.836025390625,1960.680009765625,1086.601969604492,448.01156402587884,262.32047122955316,330.6145125579834,796.8819815826416,1973.3528283691408,3233.693012695312,3435.497026367187,3444.30654296875,3564.411572265625,2974.3364453124996,2141.545598144531,1322.9396118164063,617.7407612609863,383.86575019836425,426.1187747192383,1045.3513842773439,2119.3139306640624,3129.3498828125003,3459.2798925781253,3677.6886474609373,3629.7996386718746,2992.432680664063,2066.7500732421877,1135.433984375,523.5945999145508,290.93684906005853,394.6977098846436,932.336742553711,2103.279468994141,2957.1159326171874,3253.139296875,3197.51435546875,3264.45080078125,2668.066328125,1955.6381005859373,1176.5302111816407,542.7601309204102,317.14868190765384,347.64017868041987,943.7978295898436,2176.051140136719,2899.6900781249997,2976.8406542968755,3037.74388671875,2926.3915429687504,2874.838344726562,2099.252631835938,1260.50552734375,579.0878945922852,259.74422454833984,254.3045198822021,788.5834883117676,1837.430671386719,2882.5030273437505,3087.579968261719,2998.30263671875,3153.276889648437,2624.140498046875,1992.2724487304688,1078.486553955078,497.41994415283204,253.70039653778076,298.40216562271115,631.0628127288818,1627.5574645996094,2716.6018103027345,2944.305422363281,2796.6757714843748,2693.0067236328127,2484.7993115234376,2015.6894995117189,1208.5614581298828,463.05663543701166,220.20124389648436,350.5194496917725,833.0726367187501,1952.6519281005862,2861.839411621094,2685.8292626953125,2999.2444555664065,2781.584946289063,2467.4099414062503,1918.1121289062498,1069.4435791015626,416.60056762695314,169.87707092285154,250.9177618789673,774.9569137573243,2001.5019653320312,2741.65260925293,2921.4688952636716,3173.2528857421876,3041.499479980469,2709.224775390625,2130.9896557617185,1099.140868835449,406.1395223617553,258.69264904022214,244.4000991821289,842.6515105438233,1805.318085746765,2712.6201342773434,2855.742185058594,2894.7901171875,2927.3772460937503,2769.7239404296874,2148.675634765625,1010.7130603027344,369.76111740112304,222.61791578292846,198.94310752868654,573.1454160690307,1743.5212255859376,3015.409230957031,2998.1378076171873,3005.328251953125,3241.3524902343747,2831.985556640625,1895.2631591796876,1057.509158935547,342.18759490966795,182.52242248535157,184.64366237640382,694.0789654159546,1888.6463668823242,2440.4955230712894,2779.008935546875,2681.315275878906,2682.190380859375,2626.7272607421874,2007.9050952148439,1025.9989721679688,380.5988150787353,141.71679670333862,128.43935026168825,481.64580459594725,1753.1988600158693
77,0.30152297355234625,0.005703048501163699,0.07935248669236898,0.0021739668212831216,-0.0193629482761025,-0.01487978226505216,0.0898682238534093,0.47422922076657414,3.778857159614563,-0.041772202402353235,-0.028818951174616803,0.22652492709457875,0.335827576527372,0.4108494307845831,0.32441141649149363,0.01288471957668664,-0.01927604068070646,-0.019511935245245644,0.024460080987773837,0.23868231726810335,1.2191698940796778,0.2663151717185974,0.01788350556045771,0.31654217626899483,0.21577285883482542,0.5263505375524982,0.16735906933434308,-0.007026194781064964,-0.022951245401054577,-0.020838493593037077,0.14471506147179752,0.5511050885799341,0.9635484217479826,0.33272134671919046,0.020383929423987875,0.10713953329250217,0.40530467703938483,0.33535903245210646,0.708439496420324,-0.002032058010809092,-0.02662983106449241,-0.024229274056851813,0.037088019745424396,0.36617212837561963,1.5382624767906965,0.40963939711451525,0.04670494453050196,0.17872877107933163,0.319499727813527,0.3970555131137371,0.3097578674554825,0.005285475035198073,-0.01880076549947258,-0.019412655765190676,0.0344748888490722,0.33192351266741754,0.9012197467312216,0.5148922299407424,0.11788367032306268,0.1887891637906432,0.23217422792688014,0.24206411343067885,0.056077999304980045,-0.0031599897053092275,-0.0232839752733707,-0.022901935558766073,0.058412175895646255,0.3551889272779226,1.5701525064557793,0.37447728827595705,0.16327388886362315,0.2805190601758659,0.23685748985037205,0.5448924531787634,0.3837843343429267,0.0029444850474829184,-0.020743233449757058,-0.019133938997983886,0.03718710616929459,0.22064702088478955,0.969888729909435,0.42518130864948034,0.14713961243629453,0.3172028964571655,0.3057166879624128,0.3810445612296462,0.393458271548152,0.0321831843722612,-0.022580628059804382,-0.020646880269050556,0.08696567206643524,0.5876058656070382,1.0247480288706723,0.20907558002509177,0.04462226111209022,0.21308101195842025,0.46407264044508345,1.0343697740510107,0.3872687555849552,-0.009347295210463904,-0.024671733635477675,-0.022834508810192295,0.017101686091627932,0.17457619433291255,1.3189743787841872,0.48281020277179776,-0.0034973030164837564,0.1501150677911937,0.3180885448097251,0.2315613836701959,0.2782063336484134,-0.014643206736072858,-0.022074904963374102,-0.020715359617024608,-0.005875996360555261,0.19784031933173535,0.9663691937178374,0.607626844975166,0.07882381659001113,0.11842975217849014,0.14685673471540212,0.8548724246025087,0.30802900150883944,-0.028955838829278907,-0.029968602340668393,-0.028253636714070985,0.05333109227707613,0.3496336719859391,1.1018242548033594,2.6919406803511086,0.08077877935022118,-0.008609314113855347,0.5960003004781902,0.4858450483018532,0.2971880853059702,0.016542627965100143,-0.02359887062106276,-0.01933939693495627,0.012171437853248803,0.392008064109832,0.6008534184563905,0.7293699982017279,-0.0028195290174335198,0.28983633203897624,0.27075243468862026,0.5249231480574236,0.38052086025476456,-0.004515701737254832,-0.03232610523700709,-0.02705047622323032,0.016568156549474234,0.4951806063205004,1.1321805180236697,1.007613745154813,0.005789194498211157,0.21303640324622392,0.3877318831067532,0.4978049411252141,0.4466910691559315,-0.014371700412593757,-0.022178034507669454,-0.02136270182207222,0.003815399585291766,0.28425407595583235,0.7286808539927006,0.28470309966243806,0.02330094784963877,0.22719215464778247,0.3209978916868567,1.131273659169674,0.4277066546439892,0.04712511837482455,-0.03366904374212022,-0.027575997896492427,0.07283576249377807,0.11382276468153578,0.8310297626443208,2.3769144001975655,0.11893010657280685,0.041213538662996145,0.5787804865231737,0.6691984780016356,0.5672037311340683,0.011453770869411555,-0.02332586462609466,-0.021584225632250265,0.006116760354489105,0.1341174231143668,1.3859694310091437,0.8465623563434928,-0.016087903548032013,0.2918175657466054,0.17371728194877503,0.11294497650116683,0.07901061738724821,-0.008759255139157146,-0.02179000023752447,-0.021337622813880387,0.04180813828948885,0.2530464927945286,1.1253755139932038,0.949061363451183,0.14021314665675164,0.045272294692695156,0.8057409485295647,0.723052602231037,0.24320657036267218,-0.015291426659096,-0.021484369887039008,-0.016708397362381177,-0.0033026828384026723,0.07957417625933884,0.5238844366557897,0.5215434164879844,0.03628094471991063,0.3773658228758723
78,5.41460018157959,4.639460706710816,5.968367290496826,11.572840356826783,62.95931549072266,38.23206634521485,11.857467746734619,44.65783824920654,60.748600006103516,61.48524856567383,25.98575553894043,9.31337947845459,8.14654048472643,5.9492298543453215,7.739975031018257,16.540080826282498,47.96435014724731,57.271596679687505,27.49333381652832,24.204414081573486,53.18102844238281,52.45585144042968,30.129474487304698,14.204516150951386,7.179255828857421,4.304987813234329,5.542056857645512,13.423544943928722,36.4734396314621,61.02601718902588,27.540208587646486,26.58621503829956,55.02420993804932,61.3744751739502,32.267731590271,11.912659425735475,5.536477487087249,5.988797519207001,7.238712583184243,14.740453772544862,42.147338218688965,49.834294662475585,23.615480899810795,30.136661338806153,57.11709316253663,65.98127365112305,31.353089380264283,10.433256274461744,9.174246098995209,5.161568649411202,5.96876701593399,10.767199155688285,47.83613327026367,54.5106311416626,25.125073146820068,23.948581199645997,45.05271362304687,64.387733001709,35.499490947723395,11.32120304107666,7.115269936919214,6.154034851789474,7.264759185314179,15.854828453063968,61.19687377929688,53.34926786422729,16.160537991523743,27.291952514648436,52.766026229858404,56.784518089294444,21.835530071258546,8.616457260847092,8.942766299247742,7.150222160816192,6.405830699205398,11.865519547462464,42.01797051429749,52.711511049270634,23.24610887527466,25.116148748397826,51.8083680343628,61.71144199371338,33.42037185668945,12.472135714888575,4.7196439158916474,5.030972670316696,6.4645572231709965,17.071369829177854,36.39118026256561,56.01690748214721,30.538175029754637,26.637472286224362,59.73267623901368,74.38390884399413,31.497901725769044,11.17696645259857,8.351773414611817,7.124923585802317,5.881083154082298,11.171125363111496,32.517218379974366,44.374327368736274,21.817605209350585,31.694807853698734,50.94504638671875,67.10289764404298,33.96549265384674,9.386413345336914,6.4883420753479,5.753132610321045,6.858701603412629,13.502646565437317,49.78355327606201,52.381483230590824,15.687443838119506,22.91666282653809,41.13643009185792,55.0675594329834,24.61397843360901,12.445258798599241,7.9923121762275695,4.970994822382926,6.556702184677124,13.927762546539308,46.91880334854126,55.7860941028595,14.163551311492919,19.77056140899658,34.08812007904053,62.194771957397464,36.080869388580325,12.141802549362183,5.961849462985993,6.624496484398842,5.949163349866867,15.526551065444945,47.109461803436275,49.94448256492615,16.959648752212523,17.596383914947513,31.597180938720705,49.68344867706298,30.929113430976873,13.284355392456053,6.681646995842456,5.499267141819001,5.2344504785537715,9.247499980032444,43.31764229774475,45.57561719894409,15.026399726867677,20.04079179763794,37.175005235671996,51.43599632263183,29.340558071136474,10.299246035218237,5.5306050086021425,3.1104540002346037,5.141013519763947,10.003489527702332,36.95096363067627,29.058964366912846,12.150829405784608,16.269762487411498,28.575126304626462,57.51031143188476,38.68022691726685,11.804777879714965,8.257503802776338,6.3122467827796935,5.540906539708375,13.260737812519073,48.06268644332886,46.10552659988404,21.833726830482483,19.819665031433104,39.87000442504883,61.848654479980475,33.02913719177246,12.324615488052368,6.283446680307388,4.697272625565529,4.790930731892585,9.838354210853577,37.63442966461182,40.70156091690063,14.199227957725526,16.155182552337646,32.18842643737793,52.38509223937988,44.06173038482665,12.081784839630128,5.7229992526769635,4.412528067827225,5.290038920640946,9.591709333658219,32.850727624893196,38.51441223621369,9.806420600414276,12.458445987701415,26.96222801208496,49.11021483182907,34.184660301208496,9.626035594940186,9.793259946107865,6.504939470291137,4.7260196715593334,13.088297516703605,26.953260354995724,26.174181404113767,10.229676983356475,9.507707328796386,22.09773996353149,44.613388538360596,37.30038791656494,13.913582384586334
79,62.08853988647461,57.848192596435545,51.94917755126953,70.32977142333985,102.3309814453125,94.33668518066406,112.1815071105957,177.00858459472656,135.13901062011718,140.1422378540039,147.22943267822265,99.8434326171875,43.16618831634521,33.1430891919136,31.89958826065064,65.67783714294434,106.86336875915526,105.80248367309571,109.66414108276368,113.67330673217774,113.11165283203124,120.00141281127928,133.30632263183594,113.13347885131836,62.41021617889404,34.08386828899384,30.73424543380737,65.47035453796387,96.35675582885742,122.32905670166015,128.72921203613282,152.7410679626465,127.77119537353515,127.37597076416016,151.59795837402345,111.96167495727539,61.671397933959966,37.59653425216675,29.420110167264937,62.86873069763184,106.77704620361328,112.44002990722656,127.51590866088868,135.43542434692384,111.1967256164551,130.1462872314453,148.36972640991212,93.09593032836914,47.44617979049683,37.3139910697937,29.657640258669858,55.99003837585449,116.9079574584961,111.91273284912108,123.17535034179687,130.9096990966797,117.48342071533202,127.65466720581055,143.43539016723633,100.13777557373047,30.97526471138001,27.814933385848995,28.132086527347564,49.07261943817139,100.11933135986328,111.71263198852539,110.38191299438476,126.22128601074219,107.99995727539063,122.23114440917968,138.21587493896484,85.77975555419923,37.96919294357299,23.778221282958985,19.53589334487915,46.1550020968914,78.01128684997559,96.72171730041504,103.49084564208984,119.5476187133789,105.44720352172851,115.05367965698242,136.4151968383789,100.39555694580079,60.57000955581665,29.588469829559322,28.838294830322262,66.15238277435303,95.50998878479004,117.70443939208982,120.3447653198242,134.2137040710449,145.2439697265625,133.92457977294922,158.96954467773438,107.77379577636718,52.10167394161225,30.656928666830066,39.54677987337112,67.9755878829956,109.8080647277832,107.53899482727051,114.0151139831543,117.77552841186522,122.5338572692871,123.67387298583985,125.94507133483884,97.48066352844239,31.819216670989988,36.9645719909668,27.34445373535156,41.031858863830564,87.3731371307373,106.49398162841797,108.41159790039062,120.39505523681642,109.08244003295897,116.9078987121582,132.83518310546873,77.54113647460937,40.871981458663946,20.588662589788434,23.63485309839249,48.745228071212765,82.00824043273926,94.76113464355468,113.28060729980469,105.57844635009766,105.54919639587403,104.35143142700197,144.04605560302736,90.95620002746583,45.05952651977539,31.452725234031675,28.895196652412416,50.92711051940918,89.71680541992188,93.90987022399904,107.13322647094726,100.58225898742677,99.87846221923829,103.82439346313477,127.42275650024412,87.5427225112915,43.06980268478394,27.056400051116942,18.668284587860107,40.94891208648682,76.81806457519531,83.57261062622072,103.40942108154297,109.77279556274414,101.51846817016602,111.66806182861328,127.4280776977539,101.9082001876831,30.641219749450688,18.055453996658322,21.328867387771602,42.043302059173584,73.98044864654541,92.50430511474609,101.13898635864257,101.35745361328125,82.41473777770997,106.79084014892578,124.47984802246091,86.18873672485353,35.176832571029664,26.395159034729005,22.99905642867088,51.18023941040039,89.11794967651369,106.33804443359375,116.3997491455078,132.51634307861326,117.67504791259766,115.03612045288087,141.2288751220703,98.93205368041993,40.260098328590395,24.177790088653563,30.682018280029297,47.58383499145508,85.57390068054198,106.42799785614014,97.14825180053711,96.01947875976563,107.52302688598634,103.1137245941162,121.8974397277832,96.52666877746583,36.27891975402832,22.519600816965102,23.799413776397706,46.19325907707214,86.14270858764648,90.50222698211671,107.19836380004884,110.52442001342772,99.04384002685546,104.04594055175781,127.69629608154295,81.10816596984863,33.36304052650929,26.579199945926668,18.986291444301607,37.61026763439179,68.73828018188476,83.86290924072266,92.38382003784179,103.2614108276367,112.64648139953613,108.52693771362306,132.97457229614258,90.76983207702635
80,129.06278228759766,91.72471771240234,31.90535192489624,38.004149436950684,86.8059928894043,210.97649536132812,212.68830261230468,221.63929748535156,319.57579650878904,269.08973999023436,168.49368438720703,120.83364562988281,103.22515914916991,41.66329761505127,12.087187960147858,17.310477828979494,74.96748008728028,230.95919448852538,286.95856292724613,265.37906982421873,326.25806640625,336.8823864746094,240.973547668457,143.85361877441406,101.90029724121094,47.974703330993655,16.73355698108673,21.199760398864743,72.32432800292969,267.0066244506836,334.1556695556641,299.001227722168,349.0783428955078,374.3195751953125,257.81745361328126,140.30636642456057,95.29277359008789,51.07869289398194,20.615832362174984,17.697466764450073,65.92095226287842,238.3985908508301,276.0106442260742,272.6661557006836,329.7373345947266,356.10993225097656,228.82810394287108,141.07530143737793,84.85712146759033,44.976123905181886,26.110110397338865,18.20183973193169,95.37097312927246,285.4982318115234,316.8675885009766,257.8389288330078,311.05260864257815,338.2068713378906,251.19482666015625,152.23362213134766,82.05810821533203,41.415553321838374,15.170399422645568,12.812035915851592,68.80600486755371,222.22951873779297,228.03112007141112,211.6248310852051,274.1319692993164,311.09357055664066,221.22667907714845,145.9091459655762,83.38413894653321,35.26062158584595,14.075188701152802,12.342574963569641,48.95028389930725,222.44373268127438,292.1851271057129,241.88655059814454,296.7434033203125,325.4178497314453,222.05419158935547,152.8471649169922,90.34937648773193,47.21260112762451,21.269474425315856,26.717786130905154,64.55068447113037,249.86385513305663,283.36886444091795,257.45701873779296,349.7117959594727,359.0012255859375,256.55048492431644,143.1173843383789,98.82178165435792,38.58392036437988,18.89163213014603,16.517740335464474,59.29990242004394,207.07560867309567,248.68901260375978,223.06720596313477,328.9357397460937,329.3828533935547,231.36776748657226,144.13967544555663,61.572676811218265,34.89441680908204,16.864314007759095,12.798326930999755,78.26451179504394,254.8238963317871,234.41417739868166,197.40278625488284,253.64077606201175,307.75478790283205,204.45122131347657,107.06244705200194,75.54506431579588,30.752888278961183,14.719718068540095,13.739391717910767,39.73378559112549,162.55685760498048,199.28533737182616,192.0642556762695,221.14966033935548,308.539850769043,237.74517211914062,136.59746154785157,82.44546451568604,47.0193325805664,15.270469764471054,17.81888783454895,52.646512336730964,184.9641326904297,231.40505661010744,151.98294342041015,172.0255059814453,276.5845013427734,171.6817071533203,114.19474700927735,70.21220718383789,31.17721691608429,9.777933504581451,8.42569351196289,43.15742929458618,150.1184288787842,162.04990112304685,166.0616111755371,237.4227960205078,312.9621148681641,186.19769012451175,116.22662475585935,56.428234405517586,26.12544403076172,13.473884778022768,12.448655337691308,62.310302371978764,149.58267475128173,187.00799301147458,145.30346252441407,175.31357482910158,287.2792266845703,235.41251281738283,116.56219665527344,66.0561915588379,26.06258915901184,11.258416749238966,13.265775120854377,45.498765840530396,159.3224626159668,209.08317321777344,180.28431030273438,242.81593414306639,282.4952117919922,226.8748629760742,127.35449966430663,54.6393928527832,28.148631458282473,13.388284711837766,7.231816520690918,39.10773984909058,170.98590560913084,157.0611730957031,124.2880150604248,199.88278953552248,221.3240399169922,170.089169921875,97.58283760070802,73.11500381469726,28.844997758865354,9.7153400850296,10.044129638671876,31.688739404678348,119.72389629364014,129.72238201141357,123.24534267425535,164.59496795654294,259.1346926879883,183.07335388183594,101.45263366699218,55.540062837600715,26.581855983734137,10.43112309575081,11.984098234176637,39.58073603630065,90.07733024597168,119.18906867980957,100.1377986907959,142.129864654541,240.33298858642576,217.45970428466794,110.90684585571289
81,10.321113777160644,5.48267674446106,3.9671120643615723,7.332303476333618,58.96386299133301,151.37318267822266,229.42486572265625,268.2068298339844,384.45224609375,226.76300048828125,70.75900726318359,19.658131790161132,13.956059346199037,5.624346252679826,2.9467039132118225,6.133162643909454,49.17362926483154,145.99161224365236,213.10253570556637,248.63567535400392,312.29270019531253,242.37999023437501,76.99331146240235,25.786264514923097,8.746990127563476,5.204358112812042,2.478598740100861,6.954477080106736,42.18147834777832,147.65214599609374,230.82892364501953,266.6492724609375,339.7407952880859,245.0629452514648,81.38428871154784,24.124242610931397,10.261018099784852,3.6455642104148867,2.8373878049850463,6.9029418444633475,42.48717533111572,136.91051467895508,213.01168365478514,257.51539611816406,325.21355529785154,249.20292541503903,81.14497283935548,24.28257953643799,7.159743533134462,4.594145927429199,3.966410033702851,7.199397630691529,62.07933883666992,166.33122680664061,224.6842825317383,257.6998657226562,334.0728509521484,243.51981384277343,83.63606994628906,25.401226387023925,8.549601302146911,3.5407143229246145,1.5700805354118343,3.593307819366455,37.20153709411621,138.85922760009765,190.99645507812502,248.792041015625,295.555151977539,236.96643341064456,74.95502571105958,21.6482830619812,6.994689038991929,4.131856895685196,2.8535315775871277,3.825946202278137,31.857095947265627,140.73334793090822,219.96795074462892,234.1742526245117,311.8791473388672,233.6139367675781,78.12967033386231,26.506453933715818,9.210629720687866,4.920181260108948,2.7237738418579105,6.742825264930725,43.85667083740235,149.64299346923832,202.24867340087889,245.80928833007812,347.9237268066407,248.121083984375,88.67834205627443,22.220448608398435,9.053631267547608,4.552810568809509,2.4322689294815065,5.269430593848228,38.694814682006836,132.87879768371582,197.64746032714842,228.215285949707,322.9623052978515,248.3102822875977,78.8415047454834,23.161304454803467,5.677097237110138,3.1494328832626346,2.6104219388961796,4.536916651725769,44.849627304077146,143.8119817352295,170.7408544921875,205.5594140625,297.8110076904297,237.6841943359375,76.87161018371583,20.25191858291626,6.223479089736939,4.257952313423156,1.8603392791748043,5.0486500310897835,27.887671432495118,108.43614044189454,181.83711029052733,207.9244613647461,281.7284844970703,259.7275549316406,86.07119369506836,23.355112800598143,9.988025689125061,4.494321978092193,2.446790931224823,6.819392149448396,37.74452349185943,125.95781066894533,188.904327545166,174.1394180297852,246.80607818603517,236.62814514160158,75.64396911621094,22.591141109466548,6.8152658498287195,3.104573390483856,2.183412528038025,4.214351716041564,31.015938968658446,114.10253234863282,170.90694396972657,213.6925137329102,284.7568658447266,267.77956054687496,74.64104171752929,21.648847846984864,5.668720738887787,4.044571294784546,2.642324845790863,3.9326412820816046,35.57562302589416,92.59492149353026,174.98191146850587,184.26088073730472,232.11389038085935,232.10977294921872,88.19939449310303,19.34167100906372,5.940377430915833,4.048121159076691,2.4340002584457396,3.702763767242432,29.339669952392576,110.94345291137697,167.1773791503906,193.87434661865234,295.1343231201172,237.71768463134768,81.10099472045898,19.005935955047608,6.8165364730358124,4.115567853450775,2.82810866355896,3.497243995666504,31.017042942047123,120.83493759155274,151.15528106689456,162.40096023559568,255.47192871093748,224.75850189208987,62.60386184692383,17.58493648529053,5.964855542182923,2.384915460348129,1.8407177448272705,3.681937317848205,26.23943592071533,89.7765577697754,140.1605026245117,163.27815521240234,243.65702026367188,237.99506072998048,79.74227668762208,15.788989410400394,6.5425499939918526,4.205794506072998,2.2107199621200566,4.585891544818878,24.932837228775025,71.1279507446289,119.76990859985354,135.19055191040042,216.76655395507814,241.26167343139645,93.1607844543457,17.001933422088623
82,156.4272903442383,213.0010528564453,178.5408477783203,263.14056701660155,201.7140319824219,190.26161193847656,186.19471588134766,199.55302734375,164.19898376464843,219.6324920654297,184.594921875,185.01746520996093,150.80992965698243,180.6945445251465,186.26687591552732,217.9254507446289,223.83058349609374,181.03058746337894,144.04216400146484,127.15389984130859,151.87129821777344,182.89795837402346,185.37977539062499,163.86673370361328,178.95581970214843,185.81488235473634,181.0496925354004,214.2902062988281,209.91515899658202,187.13795562744139,155.005206451416,153.78482421875,159.0108560180664,179.03769104003908,191.84455444335936,178.15539642333982,184.60212020874025,196.6185748291016,168.0908023071289,199.6176202392578,219.70338317871096,184.07922424316408,158.38974655151364,136.6688487243652,142.04983978271486,172.59670135498047,176.3342431640625,160.73943176269532,162.48734558105468,179.22792846679687,178.4703921508789,215.7096923828125,225.5027053833008,177.23898315429688,172.1015774536133,148.255546875,149.44232025146485,182.0002572631836,189.01060180664064,162.89213012695313,146.23908462524415,191.93412277221677,199.70957916259766,192.1914044189453,199.3831805419922,183.10873535156247,151.46738311767575,152.62136840820312,154.8784777832031,194.0594332885742,182.14425842285158,165.53931854248043,147.84367828369142,161.04407653808593,164.3877294921875,181.7215560913086,197.99725799560548,166.95868743896483,134.6771890258789,122.28779296875,145.66115142822264,174.9514456176758,176.64963653564456,178.2302722167969,166.53230392456052,172.53950592041014,171.15873504638674,214.04906280517577,230.3155621337891,196.88970642089845,168.51082794189455,155.2471585083008,170.06809783935546,190.43982910156248,191.13292907714842,181.12638366699218,177.0079006958008,187.08532257080077,195.47942230224612,223.0385675048828,210.72732116699223,181.48924163818361,160.0049850463867,129.0073257446289,144.15456283569338,186.0277005004883,180.4333093261719,169.95479431152344,144.78437171936034,192.47699096679685,186.6005581665039,209.0909881591797,232.71115844726563,182.39931304931642,152.62893035888675,146.31828399658204,142.53356750488283,173.99321685791014,196.9658917236328,158.07102203369138,156.08201660156251,150.83967346191406,161.72499435424805,183.27501251220704,217.3696728515625,190.03442413330077,188.06864746093748,139.74483627319336,142.80352249145508,162.6064810180664,187.68000976562502,176.50813964843752,163.63792404174805,173.47899276733398,181.629075088501,204.9569985961914,201.17245483398438,163.6566259765625,159.58560501098634,130.66163055419923,148.16418426513673,162.5901336669922,188.22712249755858,163.93616180419923,166.11199951171875,156.89165649414062,150.29318298339845,177.0565835571289,195.66469635009764,178.70972137451173,162.1300033569336,133.1293310546875,135.66784561157226,174.7613186645508,193.9119256591797,183.07919006347657,143.39681854248047,147.53883728027344,159.51862655639647,182.40568420410156,198.60957458496097,178.08579818725588,156.0915219116211,131.4329441833496,128.9610406494141,182.77489990234375,188.0792706298828,178.74533447265625,148.39407836914063,157.30394943237306,167.6310250854492,210.7713198852539,230.34615295410157,209.7558734130859,183.8279655456543,161.96693161010742,160.40923248291014,179.05581115722657,181.715751953125,179.1377584838867,150.16610595703125,161.8160873413086,176.51309295654295,215.856774597168,231.38424865722658,210.19702758789063,159.9612911987305,119.83003410339356,155.1804864501953,167.31265899658206,192.1450534057617,178.75325256347656,163.6398098754883,167.95415954589842,155.68816680908202,200.46712005615234,231.93845642089846,186.11383392333985,183.2040246582031,143.19465103149415,143.81015213012694,160.7914259338379,198.16860443115235,179.93187866210937,142.11750648498537,172.94651855468751,160.09268341064453,200.10636520385742,217.27057952880858,209.07961212158202,180.9171911621094,144.78110641479492,152.56913429260254,168.62948455810547,192.47688537597656,181.9296258544922
83,9.888700675964355,23.976913261413575,34.984103775024415,35.453379440307614,26.53043727874756,20.840064239501952,27.10825958251953,7.985580539703369,2.2667945981025697,0.12597275972366334,0.1569591879844665,0.005098138749599433,2.6023580729961395,7.548408579826355,19.516690216064454,37.94722032546997,26.643797845840453,25.21611959457398,24.825429420471192,13.329094610214232,3.9538611245155337,0.3555428288131952,-0.2238238428533077,0.11148896783590319,2.878177041411399,11.031427655220032,21.24735349655151,38.82509292602539,27.138355846405027,17.075527381896972,17.39167947769165,9.953143776655198,4.265545440912247,0.8426837882399558,-0.06147292755544185,0.1610708895325661,3.932792746126652,9.23909219264984,22.64779071807861,34.91817467212677,22.55629653930664,19.526154193878178,18.859157040119175,9.277123248577118,3.535087549686432,0.1271281634271145,-0.05094966165721414,0.22439309775829314,3.4862874768674375,10.36861959218979,21.292094268798827,32.919947681427004,21.40723943710327,17.091138119697572,19.288089442253114,11.140480014681817,3.7091314792633057,0.5401293417811394,-0.14851537965238093,0.22202909268438814,4.514596050232649,11.057164908647538,20.063899307250978,31.859919617176057,17.493994445800784,16.475101304054263,15.85112650871277,7.349281134605407,1.9052956640720364,0.14134838864207272,0.0877778518199921,0.5335578570514917,4.885288875401019,13.021392574310303,24.712638912200923,38.106321105957036,21.88320665359497,17.278110437393188,18.602043597698213,10.676697844266892,2.279573792815208,0.1786590687930584,-0.127486003190279,0.26317049682140353,5.327113414257764,13.945437285900116,21.89825198173523,36.347960796356205,23.102628355026248,16.2623006606102,19.13946578502655,9.06210045337677,2.1661561617255214,-0.03933630023151635,-0.1208698895573616,0.5537050496786833,4.2782445230335,14.102890674471855,21.858516669273378,36.416397169828414,24.1277103638649,15.244799509048462,15.742587165832518,8.721285552978516,2.19090723246336,0.10334801360964774,-0.10871752083301542,0.24734784118831157,4.2381984513998034,11.662421338558195,22.41977487564087,31.46349142074585,21.73073552250862,17.011348023414612,16.933684272766115,8.28890990495682,3.8282110860943797,0.3313338559493423,-0.10550035107880826,0.7343833528459073,3.7262829993665223,15.041552751064302,25.727119636535644,43.31282461166382,28.356429519653325,18.29384011745453,15.364376952648163,9.883059144020079,3.0619621124863627,0.00495973296463491,-0.1586030815541744,0.731823757737875,5.97202477440238,14.571444270610808,27.220241079330446,42.56137809753418,26.804527006149293,17.67696159362793,13.070272340774537,7.126304911524057,2.426305422782898,0.04502314969897272,-0.2062024003267288,0.5468787544965744,7.9960256814956665,18.735536828041077,31.259550476074217,50.82737739562988,22.520658059120176,12.085028679370879,14.691917548179623,6.847479851245881,2.4419296669960024,0.44786414809525016,-0.05855849578976631,0.8618953295052052,6.220942028388381,17.021034817695615,27.060759105682372,41.45372371673584,25.57806252479553,15.425311794281006,14.182218203544618,7.97408749613911,2.131551925539971,0.11263391472399235,0.01906008370220664,0.374039224460721,5.780279611647129,16.459464192390442,31.946283378601073,41.84900634765625,19.021991653442385,13.29615460395813,11.574170894622801,4.316330626606941,1.5111183619499207,-0.029537688791751844,-0.13868029296398163,0.5943942058831453,6.658214372992516,24.91012418270111,32.734416761398315,51.51765624046326,26.2553529214859,11.738852591514586,15.104596583843232,10.694422814846039,3.3309253334999083,0.0060121475160122,-0.19453102491796015,0.4991205067932606,7.264568943381309,15.706282573640348,33.9624157333374,47.75316343307495,18.15932081222534,9.942405962944031,11.83746015369892,5.376234821528196,1.2124626951664688,-0.026490381732583047,-0.14772045925259586,0.5158112592995167,6.192759154438972,19.042475440502166,35.26714412689209,46.75624202251434,23.568679056167603,10.37229600071907,13.773676092624664,6.735042134225369,2.2395847600698473,0.04044514954090119,-0.14711059376597402,0.1480694674700499
84,870.7367919921875,940.1142700195312,594.3746337890625,349.9295349121094,291.2470397949219,325.27763442993165,147.65493893623352,162.3435073852539,138.4124725341797,364.28770751953124,734.3311706542969,748.368701171875,973.896416015625,973.042431640625,822.6009887695312,434.5085559082031,251.30859741210935,226.22516540527346,121.36849098205566,64.283395986557,152.95460609436034,286.74653900146484,461.2864486694336,744.8831726074219,937.7933117675781,938.8632348632813,841.5870788574218,512.3555448913575,337.33474884033205,167.7062900543213,96.93508590698242,79.67100616455079,100.17361577987671,245.92201873779294,380.3341760253906,693.2076751708985,1005.6412084960937,990.5785400390625,712.6044616699219,424.357568359375,243.79785568237304,160.1297279548645,118.78133304595949,52.090241417884826,137.7995672607422,330.58698348999025,461.4548825073242,727.6470983886718,915.9735546874999,978.3813134765624,820.6405639648438,394.93114776611327,251.24551099777221,139.04766046524048,105.06630447387697,32.83710332155228,124.15378402709962,277.15462753295895,401.4059832763672,713.7979968261718,931.4457373046874,843.2762084960938,709.7745739746094,459.8196594238281,201.1419331359863,155.6248254394531,68.48427017211914,33.14083649158478,108.28676119804382,299.76812042236327,430.38732421875,659.8248693847656,987.7645385742187,923.2002380371093,730.8510095214845,401.1941320800781,243.76432441711427,211.35744194030764,89.25386837005615,47.421086049079896,87.37361217498778,213.31080932617186,398.72779571533204,697.2024963378906,888.3945239257813,908.2135266113282,850.88154296875,504.8386599731445,325.44741691589354,223.2391829681397,119.01034030914306,57.08816076278687,130.98338434219357,206.3376699829101,395.80082641601564,662.4303454589843,1012.5049169921874,923.8849340820312,827.5667822265625,520.754906616211,306.89558502197264,195.26586465835572,105.56269409179689,39.52480204582214,81.50153955459595,242.30322967529295,479.80426025390625,759.4552441406249,894.4360693359374,907.0111157226562,747.7764135742187,509.50437133789063,313.98854637145996,180.64528228759764,100.92869178771973,38.88964285850524,99.76139404296876,237.9601300811768,398.100344543457,694.1671545410156,885.9587109375001,851.3881579589845,766.8261083984374,449.0307763671875,278.34681198120114,202.74948638916015,100.70649457931519,39.092876987457274,66.23512893676758,206.37672157287597,400.46101348876954,690.0353802490233,1013.1672644042968,898.0189758300781,852.4221752929689,586.0316241455077,260.81040435791016,215.85427406311032,121.44298355102538,52.09048751831055,102.64377157211304,273.90290130615233,499.9333923339844,813.6246545410156,953.2402905273436,991.9827673339844,807.3166931152343,444.93865173339844,244.3419190979004,236.22726196289062,104.22802106857299,46.21116413116455,68.63905319213868,259.52801771163945,470.0245269393921,850.0702587890624,958.1253942871093,945.5994641113281,792.3192956542969,520.4153775024414,310.84102600097657,239.57668533325196,109.88950080871582,29.56015510559082,77.9530502796173,215.77914558410643,461.3744659423828,772.8027661132812,901.7888513183594,936.1511181640624,819.3785827636718,457.22612365722654,277.93787536621096,228.5953656768799,170.68176853179935,54.65435837864876,94.16286378860474,211.09645446777344,455.84777770996095,803.9750561523438,927.661326904297,983.3801550292968,870.641221923828,498.63961975097664,252.44792053222653,253.98204238891603,143.88654580116273,41.31602250099182,70.58240648269654,188.44129295349123,455.8206967163086,725.2639514160157,996.289871826172,996.6640588378907,933.994578857422,615.3169747924806,375.551076965332,215.66665361881255,98.79699117660522,41.0783332824707,84.19611432075502,209.21561172485355,400.3956303405762,715.0605407714843,1030.2379986572266,1016.3802392578125,836.8021807861329,704.1349069213867,415.7832833862305,359.80059509277345,162.15258731842042,94.68202682495117,118.55915096282959,213.68226997375487,461.5450717163086,829.4653118896485
85,19.396236610412597,33.977653694152835,21.519668579101562,8.09937505722046,2.7999421119689942,1.3422344207763672,0.7718727350234985,0.5241023898124695,0.3486932247877121,0.3784462511539459,1.1847714722156524,7.296856880187988,19.337212285995484,19.67496713638306,12.808425731658938,5.457316164970397,1.9653123784065247,1.0299127447605134,0.6500197386741637,0.4268273448944092,0.44729100644588476,0.4737567281723022,1.8619702053070069,7.10436297416687,24.179631595611575,26.28851736068726,16.70649688720703,5.449515495300292,2.0417123365402223,1.0082818579673767,0.5519631469249726,0.31040328174829485,0.2522185546159744,0.40021240413188935,1.492208589911461,6.090745949745179,19.655344352722167,22.213998298645016,16.113253154754638,5.679213128089905,2.004935085773468,1.049484084248543,0.684577174782753,0.4531310451030731,0.3314983892440796,0.46696986854076383,1.2333672988414766,4.355113010406494,20.904455699920653,23.33094118118286,18.475339298248294,7.096911096572876,2.542554296255112,1.2810521638393404,0.7506897759437561,0.48350630700588226,0.44203378558158873,0.5271968686580658,1.188575495481491,8.136534733772278,20.105688304901122,22.70809440612793,14.538273181915283,5.102358946800232,1.9341924476623535,0.9627475905418397,0.5400340184569359,0.326607882976532,0.2893027013540268,0.3854491287469864,0.8121618515253066,5.406887979507447,19.277315044403075,19.418969841003417,13.53094886779785,5.400470476150512,2.0104288697242736,1.0722826218605042,0.6797726380825042,0.48065013766288756,0.41511894524097437,0.6173770296573637,0.9449040685594081,5.281809568405151,19.070430250167846,20.481410999298095,14.543856458663942,5.891316914558411,2.1032251000404356,1.1235460650920868,0.6661607670783997,0.46670561909675595,0.32615595698356625,0.41192269206047055,1.0927163565158844,5.018922665119171,20.533738021850585,19.245948257446287,14.981926231384278,5.749640173912049,1.9512516856193542,1.099356268644333,0.7208775460720062,0.4863600957393646,0.38530972480773923,0.5584496545791626,1.0908942145109175,6.651551690101624,17.916347980499268,19.66104877471924,15.701329345703124,6.1998156070709225,2.250973787307739,1.1839835119247435,0.7301439410448074,0.49062690943479537,0.4429258862137795,0.6656404232978821,1.6052633297443393,5.834411463737489,18.72826557159424,23.355468788146972,16.594785041809082,5.992991380691528,2.15118221282959,1.1857681775093079,0.7624605226516723,0.5300284242630006,0.5713180726766587,0.5125425690412521,1.1399604946374893,5.17571825504303,18.071661949157715,22.00598030090332,17.214907989501956,6.154303665161132,2.17745454788208,1.088565114736557,0.6361441868543626,0.3883059322834015,0.3664943981170654,0.5639613798260689,0.9174689769744873,5.2618642950057986,19.55137574195862,21.56962169647217,16.07328622817993,5.967471103668212,2.2106217288970944,1.2374442887306216,0.7902941000461579,0.5647636294364929,0.48257322013378146,0.6189643079042434,1.3414314603805542,6.037092068195344,24.583198280334475,24.66186056137085,16.353937969207763,5.770899066925049,2.1712474727630617,1.1366753721237184,0.7080865371227265,0.49935612082481373,0.4428094881772996,0.5510370665788651,1.5444929802417753,5.853567175865174,16.978249559402464,20.740629329681394,15.912244977951048,5.827425949573517,2.1111965560913086,1.2563695096969605,0.8307783049345016,0.5992567789554596,0.5267291212081909,0.741989563703537,1.5543417620658875,3.689412620067597,20.367253227233885,25.64340065002441,16.3738165473938,6.64034507751465,2.4926859140396123,1.3926123774051666,1.0460093867778777,0.7716716367006302,0.5997699484229088,0.9838561123609543,1.3824468851089478,7.101931281089781,21.751273136138916,23.172630100250245,19.94576803207398,6.438107328414917,2.363778305053711,1.2713376784324648,0.8176450914144515,0.5638730275630952,0.504182522892952,0.7486815702915192,1.1947574475407599,5.723293569087982,17.816838645935057,23.175288467407224,22.3078014087677,7.407218985557558,2.656453580856323,1.84207687497139,1.4150665664672852,0.9989560708403588,0.7935221393406391,1.044073886796832,2.1905420804023743,5.782099249362945
86,27.560675048828124,37.68688316345215,47.87306785583496,121.26638488769531,149.9166046142578,86.8654899597168,82.37570991516114,121.72667388916015,118.85000457763672,157.71751098632814,141.82166900634766,70.07063083648681,22.542907843589784,19.546657962799074,39.11664159774781,90.70303268432617,147.58516540527344,107.41199707031251,79.55131958007813,81.13293716430664,102.05665435791016,141.824020690918,143.06786529541017,90.6703897857666,28.99893586158753,21.751293813586237,31.713529644012453,85.8872095489502,129.06330291748046,126.6998957824707,93.56438491821288,112.69286674499513,119.29993957519532,143.8323878479004,151.73934143066407,80.68421348571778,33.200069484710696,25.461654138565063,36.0859977722168,91.20630271911621,133.1336897277832,116.49719051361085,90.76726196289063,96.07625011444092,109.53674774169922,151.20256492614746,160.26482177734374,68.77996887207033,22.110994663238525,18.234605112075805,29.995187120437617,76.77096412658692,148.74631210327146,111.07254028320312,89.24892364501952,97.14395172119141,116.28767974853515,143.51455070495606,154.89308532714844,73.3030603027344,17.241680681705475,17.81936429262161,34.551534137725824,79.33341815948486,144.48748184204103,107.51493820190429,81.01714981079101,98.00127655029297,96.83796966552734,141.97423889160157,130.68001831054687,66.91831893920899,20.96777023553848,15.694896385669708,20.967265377044676,65.05455703735352,112.74293594360351,113.01780731201173,80.42518646240235,89.33342475891114,107.49095367431642,135.8513021850586,147.2870640563965,80.90110382080077,28.37891643047333,16.93003153324127,29.671163082122803,86.28109512329101,127.62391845703125,115.92418354034423,101.75912731170654,98.33031646728514,126.5850730895996,159.3167413330078,158.65041564941407,79.78962135314941,27.938998721837997,18.305399029254914,44.64726702690125,92.85197872161865,143.06989639282227,110.50329650878905,80.62374832153321,92.26267395019532,110.21514991760255,142.5580741882324,131.05914993286132,71.00139694213868,15.606905269622803,21.097907341718674,31.20689920425415,64.7188442993164,121.14677703857424,114.96616836547851,82.35706893920899,81.60003402709961,98.05933174133301,124.92146423339844,133.8592449951172,60.50497425079345,20.03461051762104,11.984531906843184,30.843744306564332,74.10448310852051,109.13228698730468,98.2548550415039,86.06256469726563,81.48136459350586,87.70095165252685,116.50696548461913,147.92798110961914,68.5133380126953,25.71910294294357,18.22593238592148,29.90290496826172,73.4895518875122,120.23406890869141,95.84822509765624,77.45626861572266,72.30264709472655,88.06454093933105,122.03016647338866,131.9839321899414,57.88902648925782,18.61030098438263,15.10101267039776,16.75163131713867,55.64985641479492,101.71201675415038,78.09137908935547,78.66519256591798,77.79883255004883,88.04552787780761,112.75718261718751,130.40463424682616,74.50981895446778,15.074846611022949,9.597638983726501,23.496026002168655,55.51329242706299,102.11168197631837,88.93932518005371,78.16273406982421,76.56669681549073,66.80454280853272,112.73468658447266,125.45384307861327,64.22861206054687,16.52626271009445,14.389783427715304,24.570675168037415,68.09690406799317,122.32375701904297,108.4714810180664,95.89198921203612,95.95634788513183,110.90373626708984,133.02187232971193,153.79681121826172,71.80970756530762,18.525485212802888,15.1482138620317,32.84875566482544,71.72662292480469,123.42864585876467,114.37241455078124,77.5396800994873,62.94493949890138,89.14461860656738,111.95110633850098,113.76150451660158,76.33953079223633,15.814636840820313,12.202790542840958,24.062892422676086,60.97316087722779,112.00237312316895,90.34578033447265,83.16130111694335,90.53664001464844,88.16308223724366,115.0446572113037,131.11910202026365,61.81171734809876,17.054805317521094,17.825726982951164,19.213861722946167,53.36724258422851,91.52144485473632,77.1782162475586,79.47162033081054,80.57024635314941,98.44128097534178,119.08643898010254,133.55711639404296,73.39992931365967
87,8.718763542175292,27.85162811279297,15.290158367156982,5.708786803483963,0.0494514942169193,-2.933899113535881,-2.3353787064552307,-2.2880586624145507,-1.168794345855713,0.332634299993515,6.922891759872437,14.608538150787354,15.903831882476805,17.789028358459472,14.835656433105466,5.53956085190177,-0.8577425804734229,-3.1359389805793763,-3.524307103157043,-3.0430357491970064,-2.166431058347225,1.2587567749619484,6.515662478804589,12.145950275659562,12.714760417938232,15.67680643081665,12.867350215911866,4.256985949277878,-0.02479724563658243,-1.6518104589357971,-1.541348067522049,-1.4903014051914216,-0.9811183663364499,1.0168416889756917,6.514805276691914,10.452482767105101,16.033794651031492,18.29006977081299,15.233212738037107,5.862224149703978,-1.4863777780532836,-2.756915980577469,-2.375299021601677,-2.219162468910217,-1.443474921286106,0.4073931556940078,5.055816757678985,13.861301536560058,16.788640909194946,18.690035548210147,16.143739495277405,7.644174361824989,-0.03477012991905224,-2.3783801949024204,-2.9265292859077454,-3.099410884976387,-2.2311647299863395,0.08612209521234035,5.61226496219635,15.134940195083619,15.568022050857545,23.021164026260376,15.919255547523496,8.226726768016814,-2.1596567571163177,-3.6919704210758204,-3.3620103907585146,-3.110395188778639,-2.147152647078037,0.3032819831371308,5.426151679158211,11.62041036605835,17.839469623565673,14.055676546096802,13.185352709293365,7.307058903574943,-0.16327573657035832,-2.6232299196720126,-2.6956541691347953,-2.397712944373488,-1.6128164157271385,0.5754662759602069,4.894129250049591,14.061443860530854,20.13288701117039,19.886579580307007,16.391603832244872,9.082507740259171,-2.203634031265974,-2.9903647476434707,-3.0271429711580273,-3.0029532319307326,-2.154827883094549,-0.6872949492931365,3.8449331252276897,11.985884857177734,20.030096492767335,17.9909663939476,18.75627290397882,6.434351927228272,-1.3534657043218612,-3.032688354849815,-2.7177201990038156,-3.043916177153587,-2.3277460414171216,-0.17173372834920883,7.004036951363086,10.532812514305116,13.63719166755676,19.7113773727417,16.299875893592834,5.225178464949131,0.045672306790947824,-2.316159878373146,-2.597880126833916,-2.5629158341884617,-1.6086689859628678,0.1100388164818287,5.592883684411645,12.515671854019164,17.133174571990967,18.675847635269164,18.271449584960937,8.683608115911484,-1.9825489577651028,-3.3823610711097722,-3.371818457171321,-2.8604024296998976,-1.7480300158262252,0.6546732898801565,4.063218661248684,12.31147562980652,18.38121499538422,21.08970144748688,22.76658103942871,5.290793260037899,-2.4924413859844208,-2.6876589706540104,-2.8454026943445205,-2.8550254517793654,-1.733808826804161,-0.2455151677504182,4.0877918124198915,10.491646699905395,16.297606678009032,19.510696706771853,17.698209633827208,6.304423407316207,-0.7308090022206306,-2.306282436847687,-2.569137721825391,-2.391875649690628,-1.6563489601016044,0.2642054426670075,5.308731223344803,14.760095539093019,20.36186294555664,20.64632671356201,14.229479207992554,7.980143371820451,-0.5539394567906858,-2.1675444242358206,-2.7902190101146696,-3.0541514015197757,-1.9551459228992463,0.8142255359888078,5.555619378769771,15.622235460281374,17.183810205459597,20.21922351837158,14.907272107601164,5.1654832229018215,-0.21375014662742614,-2.3650249233841896,-2.3905741286277773,-2.520805577039719,-1.7287952962517739,0.37993458926677703,7.0963150587677974,16.982444705963136,27.130030517578128,24.127218894958496,19.85730712890625,10.787447619438172,-1.7120425343513488,-4.514526858329773,-4.473624663501978,-4.516667079925537,-3.2236922526359555,-1.1698498660326004,5.006639285087585,13.648333029747008,15.31130502194166,21.93474857330322,22.480939731597903,8.926892052888869,-0.5907674932479858,-3.3426534610986707,-3.5722830364108082,-3.4218274843692784,-2.544897572249174,-0.43019180595874784,3.073883087038994,13.073412989377976,17.81851485133171,19.287766933441162,17.424170131683347,8.233931029438972,-0.6917471909523011,-2.067275212556124,-2.4110628533363343,-2.3011300936713814,-1.4737712725996972,1.007483018040657,3.658317371308803,14.306095745563507
88,-0.519793352484703,3.4993240535259247,4.1274098515510556,4.532980012893677,11.30949125289917,29.8635196685791,57.66334686279297,46.66390419006348,32.21300048828125,7.768487548828125,0.9886632144451142,-0.36629964113235464,-0.35246061205863954,0.06063301682472226,1.3796886515617373,3.94377344250679,13.886037340164185,42.94068790435791,56.948188934326176,59.34973731994629,38.82753021240234,13.947979145050047,3.0181833255290984,0.16979748964309688,-1.0526796317100526,-0.38924762487411496,1.164313360452652,3.7084989881515504,13.692904231548308,38.5853779220581,50.83709766387939,45.832155303955076,36.97789192199707,15.747332334518429,3.134270253181458,-0.2617926615476609,-0.34450215518474575,0.16084305405616756,0.9351090049743652,3.511856557130814,11.959297561645508,34.950526847839356,57.545526580810545,53.64805999755858,38.98067668914795,12.771316947937013,3.0875075078010554,-0.4398115885257721,-0.44476893872022627,0.22637923479080202,0.9355716741085054,3.335968134403229,10.471139183044434,25.863544998168948,44.30315200805664,43.843541946411136,31.374284820556635,11.683118910789489,1.7626150864362717,-0.010855757594108529,-1.071058702468872,-0.445078752040863,0.7724771590530872,5.200807950496674,12.96125449180603,26.623790817260744,47.79417686462402,48.16847869873047,36.13329170227051,12.290412387847901,1.7467023295164108,-0.7120497703552245,-0.6743176710605623,-0.1851862174272537,0.9866271108388901,2.22211284160614,10.521875059604646,28.5188628578186,44.653839874267575,45.963418579101564,32.67114063262939,11.934207468032836,3.5523052173852916,-0.13727800071239474,-0.6495622658729553,-0.18885868906974795,0.5716208541393281,2.7600365185737608,10.738292827606202,26.91843423843384,48.27299980163574,44.94127182006836,30.43660713195801,8.809592895507812,0.9775658172369003,-0.3862806224822998,-0.852297158241272,-0.03808867931365969,4.271112517118454,3.6660469913482663,10.864008549451828,31.66798270225525,47.492304458618165,42.08054828643799,33.561553153991696,10.947191123962403,1.9099544763565064,-0.4741891539096832,-0.7533859336376191,0.013585130572319004,1.2079673337936403,4.919837043285369,10.156631641387941,23.24831548690796,41.573702316284184,38.30448936462402,30.333930549621584,9.527541751861573,1.4893824285268784,-0.5286355745792388,-0.07578820168972014,-0.18771430134773254,0.6519549006223679,4.200353903770447,11.414960906505584,26.0467377948761,46.623504924774174,44.31089065551758,28.67534969329834,11.543691177368164,2.493840413093567,-0.17307365894317625,-0.31674673199653625,-0.05783482730388641,0.2971944272518158,2.2089639484882353,11.586683931350708,22.53266851425171,35.442853927612305,39.31368495941162,33.09797706604004,13.037482719421387,1.609180591106415,-0.6558516585826873,-0.3357573306560517,-0.28517818570137027,1.4551364064216614,2.275756132602692,8.729488334655763,22.937496814727787,40.00118766784668,44.924029693603515,28.154865951538085,9.524540491104124,1.705997956991196,-0.5167226046323775,-0.3989525663852691,0.3084095412492753,1.1164491468667983,2.6615732860565187,10.469994010925294,19.183941707611083,38.94166664123535,37.38444091796875,24.41795028686524,9.182927408218385,1.5754627987742424,-0.4018251752853394,-0.20152024149894715,0.4582689249515533,1.366457234621048,2.8027721190452577,10.81790542125702,26.063068027496335,39.198345966339105,41.37310581207275,29.401674385070798,9.098607263565064,1.3160528880357742,-0.02597686052322388,0.26536948800086974,-0.008626227974891687,0.9916146856546403,1.931411706805229,8.133687510490416,19.944496479034424,40.15076259613038,37.32291397094727,26.424221382141116,10.848617811203003,2.6140219575166705,0.1011876538395882,-0.16203573524951934,0.32494417965412137,0.9323134410381317,1.8730038535594944,6.1792201089859,16.216658811569214,25.581043586730956,31.12025501251221,23.562020530700682,8.512760496139526,2.1639441859722135,-0.09883337259292604,-0.27827080309391017,0.5015635666251183,1.135943012237549,2.0497134304046627,6.9843451786041255,15.500627565383912,27.696137485504153,32.09324783325195,23.3811808013916,9.057930994033814,1.8607884979248044,-0.37192978501319884
89,0.06927264928817745,0.018462739605456538,0.027532757958397196,-0.0019393013324588595,0.0018140958331059602,0.009536913875490442,0.12590148765593767,0.11558807529509066,0.09158147261478003,0.00011116057867186016,0.0032774605992017002,0.04875922478968276,0.07535100596287517,0.03311690122704018,0.015956455254927244,-0.004588076001382416,-0.001990116091837973,0.0014223937515634882,0.07735510712489482,0.1475019762665033,0.08184594786958767,0.007453280721101681,0.014307893853983806,0.05591566155198957,0.04688159569865088,0.08163967523723838,0.013646765486337222,-0.006358649011235668,-0.001412527264619691,0.004157494696555608,0.06796921154716981,0.2759937980398536,0.18960817225510254,0.02005002236517609,0.008446872852218776,0.041352484780363706,0.12087374245937096,0.05294168258551505,0.04733901340980079,-0.00912809853092766,-0.0057821904536103945,0.0005583481071516547,0.0902408003224991,0.2023329648328945,0.09400069486582649,0.023065892411068448,0.008972320585744435,0.044207294318766764,0.06164319451448132,0.053333238849882,0.008063449484761774,-0.0040275979530997475,-0.003878768604918134,0.0054789655655622365,0.04072614125965625,0.08042646092362697,0.028432025974616394,0.030462723350501597,0.009509154827101126,0.05438674381701273,0.03199093606555831,0.04118088891264046,0.00355626044678498,-0.004117305602412675,-0.0037622455443488525,0.0015167132648639084,0.12188192078843711,0.2848176879994571,0.1283503612829372,0.025078487263526773,0.0233251898968592,0.04934837531764058,0.055105494004674224,0.0885037474799901,0.023389235530048593,-0.009349754645227224,-0.013923349849646886,-0.0011656598933041317,0.07623177528148513,0.16453212590422478,0.038532665073871604,0.010773856865125704,0.016124258999479908,0.03676709213381396,0.04769639314385128,0.07369702928932383,0.03419501360040157,-0.002930730928201216,-0.006140414872934324,-0.0009106721624266599,0.029095819569192792,0.12957846228731795,0.17268288785126057,0.071160201204475,0.007335078297182889,0.03320760833354138,0.04377636015356982,0.1412371649616398,0.04325731465418356,-0.011772992513433545,-0.016747311603103273,-0.012286469288737886,0.09536567195667883,0.17319197962526228,0.059128428525291356,0.053012568341218855,0.01428140205331142,0.01887360939639615,0.05096511384850598,0.034777043795911566,0.023609029828803585,-0.0006301509781042146,-0.00292638165003153,0.0025247674435376877,0.0825658241473138,0.18842574223694097,0.1007241111155599,0.032494276019278893,0.020137190110981435,0.0332027211373133,0.04872135798272207,0.12240209296578537,0.027871565176174028,-0.010428411071770814,-0.008422927028150277,0.001375143296318116,0.07711778592318294,0.2048573077318724,0.19565586633048954,0.2413010404090164,0.02370240211952474,0.023676846622256505,0.14645630997518308,0.08779296802356835,0.046580612021498366,0.0013621588051319325,-0.0027646832964091975,0.002096812727395424,0.08136207204312083,0.14475755468010898,0.10639170759357508,0.12941223872941915,0.009459092099568776,0.03394015873665916,0.08842286421684545,0.06742848295252767,0.020392803689464896,-0.001261894494236904,-0.010534540480148253,-0.0006979914370458724,0.19723049609936422,0.3765890844538808,0.17616239571012554,0.03894765699049456,0.01035362618276846,0.038747469140216664,0.06153195862483698,0.045213449476286735,0.024123394273337897,-0.003720538207126095,-0.003840918022033269,0.003429769055219356,0.10338098220061506,0.19499517418909817,0.10447367901913822,0.011349050005665055,0.010758375347941163,0.051030544079840146,0.035481220288202144,0.13650328472605905,0.011754431263543651,-0.005914758236176572,-0.010045344500467745,-0.002092705941759068,0.07071378539782014,0.13634761767927556,0.05858433995046651,0.0414939418673748,0.01832457489013902,0.014921273647341842,0.09136488326184916,0.12009740064851934,0.05154895178740844,-0.004913700975012039,-0.011937095135799557,-0.0029298712068703244,0.09151219611056145,0.2135031711775809,0.23146520734531806,0.11786581274878698,0.0033372074685757763,0.04232704622671004,0.025627660629106663,0.016543664432829223,0.0020218822313472604,-0.0028982281498611,-0.007653257867787003,-2.78369989271986e-07,0.08175768524873997,0.13670764645561576,0.14542445180006322,0.17555454346584157,0.011902843217831069,0.01717231970338614,0.1554145959904417,0.10514734313357618,0.014170379322022187,-0.007169958468584798,-0.013035042994597424,-0.0035846873762784685,0.08030512457713482,0.2581076577119529,0.10295712577644733,0.031673524202778934,0.005989078147103975,0.1022220451151952
90,120.4162826538086,218.4016906738281,165.321923828125,187.70724792480468,126.21439514160156,49.293154907226565,13.76472339630127,1.0804346904158593,0.7751957714557648,9.129573965072632,12.222542998194694,32.87610931396485,85.66371833801269,181.24598812103272,259.59968147277834,281.11114334106446,146.3510321044922,34.75447952270508,10.55287711262703,1.5017837411165238,1.2402601862698792,2.6823101831227545,1.9316997221112253,20.283320240974426,81.19215568542481,203.516376953125,246.34560791015625,288.40850280761714,154.6799563598633,33.0337144088745,8.748828786611558,0.819259083867073,0.7279218298196792,2.1664124827831985,3.2946119040250776,19.70047170639038,98.32606494903564,245.94618354797362,273.4692761230469,285.9741268920899,138.01426475524903,30.771131477355954,8.88906888961792,0.9188830107450487,0.25941801369190215,0.93405326962471,3.1065068815648558,19.459061121940614,115.84718326568604,204.80647926330568,242.637219543457,264.3728321838379,134.74687545776368,34.412910032272336,12.776553898453713,1.671067015826702,0.16165120631456376,2.1699198548868295,2.4620435278117654,20.683868665695194,103.8938076210022,201.18016357421874,235.7809704589844,235.51629867553712,120.972100982666,41.68864494323729,8.26410111695528,0.8963574950629847,0.3243002478778362,1.0106677257269623,3.0700998613983392,27.251416785717016,114.81672386169434,203.3423091125488,236.3519059753418,258.6722738647461,149.24285018920898,34.42728373527527,7.185385562181473,0.44942718842998153,0.04156843293458225,0.19536360355326907,1.7591776503622534,22.734096417427065,145.7233882522583,217.89207305908204,246.81309570312501,267.00990661621097,148.21895080566406,37.17863554000854,11.304465591907501,0.9814659854769705,-0.007692729532718651,0.6657614581286907,3.152376725971699,22.501725268959998,117.89766548156737,212.13999404907227,255.61369720458987,294.21980255126954,139.5929550933838,34.870229845047,5.991181243658066,0.3597151631116867,0.09663782522082331,0.4169655051827431,1.875576691031456,20.553272943496705,102.39503025054931,183.3973844909668,231.82439025878907,254.32298248291016,140.47054244995115,38.96716529369354,6.6764688696898515,0.34177012909203774,-0.2000756977498531,-0.0811963375657797,2.3962666685134173,27.796940422058107,127.81748611450196,212.80532043457032,218.4569216156006,241.58345443725585,154.28096691131591,41.681877851486206,5.457937068939208,0.2807144239544869,-0.2053911007940769,0.019015197455883016,1.5337241092324256,22.505651772022247,97.21775360107422,189.47665693283082,242.7089599609375,268.15799362182617,148.1776222229004,40.221669330596924,7.845081505030393,0.5653836374357343,-0.23883702654391525,-0.03817738935351369,0.8750530968606473,16.090580986738207,115.51790191650392,202.7967645263672,212.54776916503906,280.5922564697266,142.72420837402345,32.070550988912586,8.082007766664029,0.2198880760371685,-0.13589520841836927,0.4950680983066559,2.7121808540821077,29.460702047348025,127.34269081115721,169.5410583496094,231.41680767059324,236.0341417694092,131.21070373535156,28.220152816772462,5.438255760669708,0.3931131975352764,-0.13153009086847303,0.16241976380348205,2.3073377671837805,27.4238015344739,108.49312519073484,202.2883120727539,251.35126846313477,271.5474154663086,149.40255767822265,28.108065443038935,4.890968949310482,0.006999033391475673,-0.1333765073120594,0.24176444821059703,2.304153650254011,25.620903062820435,136.3528496170044,207.02115451812742,210.51888313293458,272.29357757568357,146.4897108459473,32.52757111549378,4.209898609817028,-0.040651826374232765,-0.25358611714094875,-0.0962494342774153,1.356020968556404,25.100660805702205,129.78004333496094,229.93901901245118,219.78670669555663,280.28779541015626,136.81017456054687,26.070724702477456,2.8825695050507782,-0.19057435214519497,-0.26097625762224197,-0.09102091968059538,0.8931139387935401,22.29616523215547,102.49433481603862,152.7840216064453,235.72045440673827,280.7127151489258,159.21573715209962,31.559282078742978,5.471661006957293,-0.05304529458284376,-0.25334216982126234,-0.12817062109708782,1.2835799208283425,18.430588332116603
91,1.304783084988594,1.62908074259758,3.3300499230623246,6.527928590774534,29.306974411010742,95.37721405029296,125.19120025634766,84.60258407592774,43.04328155517578,12.030814695358277,6.439294105768203,-0.08342106342315674,0.7591361467540263,0.6897631445527076,1.1226023107767105,9.818936912715435,48.22821674346924,119.13621635437013,117.12484115600587,110.7471598815918,65.87267333984376,27.459286603927616,10.49592767715454,3.2514823597669604,-0.3787749671936035,0.5580882780253887,3.357836539298295,6.63531902641058,42.95693715572357,111.77568489074706,102.66234619140623,91.13831924438475,66.65604629516602,30.151000347137447,9.894760109186171,1.83008070230484,1.5758880710601806,1.1259949740767479,0.7734604667034001,7.226171165704727,46.64720165252686,110.62511375427248,117.33786071777345,102.51193389892578,68.26697731018066,24.36376770019531,14.493072189092635,2.1840321150422097,1.292035464644432,0.6940567376650869,0.8903726756572723,5.094811809360982,36.38763357877731,79.28543106079101,108.69433410644531,98.66535278320313,56.93525100708008,26.67899800300598,9.669171823263166,3.402417378909886,-0.2316224727779627,-0.081967859826982,0.5836602240800858,7.3529385009408,38.48775945663452,89.82414695739746,99.12258636474608,92.71109817504882,62.69939071655274,21.27311923980713,6.640372066497802,2.809361048564315,0.10393445581197738,0.4807117460854351,1.9495193747058512,5.103505989015102,34.651143290400505,83.46762075424195,98.72078533172608,87.1311979675293,61.13082153320312,21.035674705505368,11.8546439909935,2.615972148552537,0.3040991330891848,0.2519579491019249,0.8763509735465049,4.983109429255128,30.856130704879767,83.1058740234375,106.28006912231444,91.77965751647949,56.66633155822753,17.36955916404724,6.3570717787742606,2.44730073697865,0.25801601946353914,0.3875931724905967,1.0049668103456495,5.808836724758149,37.38044335126877,90.20204734802245,96.16130615234374,80.24865325927733,66.0059442138672,18.881097774505612,7.686670830249786,1.9068957877159118,-0.016777038648724575,0.06965375974774361,0.6565725167095662,7.45515227869153,29.60109315872192,73.4708609008789,99.46676353454589,82.58061630249024,56.81736991882324,22.251357955932615,5.388349452018738,1.4401192574203014,2.0312700140476228,0.02292380660772324,0.13862753748893736,4.010710656940937,32.37719775199891,84.79819129943846,111.10669204711914,88.85542083740235,44.10050025939942,25.362086372375487,10.57146453022957,2.364395439326763,-0.08303424745798113,-0.020182764194905757,0.2211299251019955,2.0755364806577563,30.19942789077759,69.86990676879881,93.06579544067384,88.32507125854492,62.253196868896474,22.07391134262085,6.017596985697747,1.0158855794370174,0.14862958610057828,0.08729192085564139,0.4155533663928509,3.9612268479540944,24.117845954895017,68.84255096435547,90.04368621826173,85.45646110534669,49.37795402526855,16.398136644363404,6.4526489824056625,1.424279560446739,0.14129916943609713,0.1531917179375887,0.5527236627787351,2.3215129543840884,22.782893974781036,63.16645332336426,97.07386100769045,82.04347999572754,39.272119140625,18.70765891075134,6.6087626779079445,1.6283408036828042,0.46091502100229265,0.12395669601857662,0.5027074656635523,5.302482282519341,31.10402887880802,72.99552566528321,91.46856769561768,86.20076202392579,49.47706069946289,17.032265472412114,5.037807853221894,3.3750963211804623,0.2165690940618515,0.12323512077331544,0.5569580660015345,2.031286215931177,19.261160759814082,60.916799507141114,88.4477668762207,73.96831428527832,46.96622482299805,19.058781690597534,6.431736798584462,2.9560845258831976,0.17024704754352574,0.26315770506858827,0.22122961539775132,1.8075436470285058,18.41943741083145,54.80143463134766,80.13018615722656,75.89202499389648,44.07860721588135,16.61365846633911,6.3182372251153,1.3065845539420844,0.18566200051456688,0.2016117399930954,0.6160503222048284,1.1390823386050761,13.275970950126645,51.18648120880126,75.92942182540894,71.67077430725097,46.299274635314944,14.68286677360535,5.883392629623414,0.33887712061405184
92,268.94708862304685,224.18115692138673,139.62067565917968,238.84652442932128,483.5057708740234,479.5300689697266,512.6378601074218,328.8810607910156,157.41048579216005,45.59312839508056,102.3046215057373,221.37626838684082,269.81994163513184,333.59955688476566,322.114306602478,350.2859693145752,504.0189875793458,601.6366882324219,377.0042669677734,167.869096198082,50.603640130758286,11.209513485431673,23.640822364985944,134.86436325073242,284.02707252502444,339.51827507019044,216.38756776094434,248.81161460876464,490.82080261230476,677.8868127441406,455.14258728027346,216.7880916595459,41.981742930412295,26.309320493340486,63.67350999385119,145.05739509582523,381.9525524902344,307.22439126968385,304.9297503662109,360.0302201843262,571.3074432373047,667.7148095703126,399.3934802246094,221.41656625747683,42.009487552642824,12.484929860830308,22.52892958402634,146.28048873901366,249.07884510040284,241.3911190414429,219.57641235351562,290.16380310058594,553.4078836059571,600.3187835693359,402.44784255981443,229.8178246116638,56.36166930913926,17.634776886701584,37.96591475486755,132.2360725212097,200.85332275390627,194.92055175781246,181.94916191101075,245.34496322631838,441.1100060272217,571.0639031982421,375.0779351806641,167.0402508544922,34.65751032054424,11.737165853977203,38.463519171476364,155.5092092514038,169.72104400634765,162.43340421676638,123.03050273895262,141.80440472602845,407.84130271911624,594.7303295898438,379.74321899414065,166.90385505676272,28.352739492058753,3.425831775069237,25.794408707618715,111.67926639556886,280.98404907226563,235.88347610473633,236.00878700256348,248.2291541671753,452.646501083374,616.1089031982422,394.9778224182129,185.40435440063476,80.54513277173042,20.01956752538681,44.82614064007997,173.85625220656397,254.69869754791262,251.48703313827514,277.54958643913267,303.48064033508297,625.2327329730988,609.6416973876954,346.96858673095704,173.1055809402466,61.89786904335023,21.42467146039009,46.368408603668215,162.3298382973671,170.70674130439758,182.5866414195299,133.39184497833253,228.91577178955077,362.8204804992676,539.8656646728516,342.61791198730464,152.7468479156494,42.53563747406006,10.902712034583093,40.03427187919617,116.44742860794068,169.75461429595947,140.4541547012329,95.82091989517212,128.13662827014923,410.73471874237055,531.0800332641602,374.39894348144526,149.97500278949735,38.544340494871136,18.208754399716856,55.19245643138886,85.93334953308106,155.8860814666748,159.26280075073242,116.84838937759397,143.5278189730644,343.5633112335205,467.1622146606445,289.70836898803714,138.313776011467,40.394183354377745,26.574492437839506,17.658564678430558,93.12547578811646,176.43762724876404,195.2280572605133,127.75848648667336,109.88790787220003,278.2646307373047,480.35484558105475,375.9016510009766,139.3044292449951,40.314358682632445,23.000206809043885,39.05560633599758,131.89355826854705,160.1824964904785,104.3595496559143,198.29979054689406,133.22123233795168,350.0753520774841,515.3992691040039,318.4163232421875,104.82581859588625,10.39791452407837,5.315755353569985,24.819057910442346,93.92663118362427,149.22413890838624,111.20620628356933,148.307196573019,164.52362186431884,403.26787162780766,505.44876342773443,326.8975888061524,150.51150194883348,45.03998191833496,13.680617073178292,48.158133792877194,158.93541362762454,160.3324355983734,138.08255568504333,94.04619752883912,172.98394250869748,297.9440885162354,499.28430938720703,309.2651565551758,131.73490694046018,39.29792974472046,23.48491731971502,48.53752614147961,79.48966362953186,134.72800109863277,107.1477925491333,71.04902910709382,213.59231767654418,438.03671384811395,504.4951831054688,266.2338945007324,76.08915938377382,24.34668385505676,5.373086009621621,32.42684129476548,97.97939837187528,116.78715574264527,109.40748027801514,82.60969454348087,96.90213687419892,306.20393801689147,462.1256695556641,309.53531509399414,127.38676888465882,38.278891528844824,9.899149672985077,22.504134641885756,108.92375449180602
93,16.961767435073853,40.21267261505127,71.2553378045559,295.69049072265625,746.9019287109375,1156.1720825195312,1254.8419189453125,1050.7126586914062,786.6474243164063,671.0217346191406,412.84448699951173,155.3500482559204,22.9108171749115,24.69834028244019,97.27895211219787,334.753544921875,856.7020727539062,1255.5470385742187,1310.2288916015627,916.4431774902345,630.0517962646484,450.5230648803711,362.05889846801756,198.19366819381713,66.547765314579,26.458350000381465,44.64696895122528,317.96797009468077,816.3119775390625,1349.1334619140623,1338.5417431640624,1082.633571777344,654.4321728515625,435.810094909668,353.3035064697266,179.21893424987792,41.33326684951783,36.07765277862549,63.42784389495851,304.90936233520506,817.4785455322266,1267.049609375,1330.1924096679688,976.6394592285156,531.9114093017578,407.97197814941404,330.14851593017585,134.91958354949952,25.733177947998048,26.274392001628875,45.61100582480431,331.466459197998,944.5610345458985,1296.0762573242187,1317.4146435546875,1041.0585803222657,626.2478350830079,401.8614177703857,317.2402126312256,160.8180634498596,4.816105690002441,13.369972829818726,59.89021289825439,264.27049237012864,784.8728747558594,1219.5056213378907,1350.8728173828126,982.8686718749999,536.5945977783202,396.5057349395752,294.2254937744141,116.0460919380188,7.262283058166503,15.769002661705017,38.167118310928345,232.8922392654419,655.6316900634765,1212.116584472656,1318.9358959960937,915.9994384765625,487.9893621826171,302.52110132217405,241.76118564128873,127.96630815505982,28.01358846902847,13.158929204940796,49.209077267646784,258.2672285461426,683.8528338623047,1228.4419763183594,1269.7002270507812,978.5153759765626,625.4733944702148,417.4875651550293,363.30290397644046,147.9337466049194,27.56087411880493,12.956986434459685,91.088251683712,318.19326705932616,828.7183953857423,1268.014356689453,1281.522509765625,973.4048376464846,561.4128027343751,358.6759646511078,269.81761894226076,116.8293268108368,-0.7723462772369386,14.164252874851229,51.634354324340826,234.77510476112366,660.0838928222656,1240.378592529297,1276.1752368164061,896.9606384277344,496.73423759460445,268.37825798034675,225.45828811645507,108.25988162994386,0.9412363719940187,3.190535717010498,50.098631091117866,248.62153638839717,718.0924096679688,1158.628651123047,1266.0327172851562,872.5369763183595,473.9941940307617,277.66859724044804,273.17540771484374,118.35624391555784,9.981388378143311,10.405992031097412,46.77424661666156,209.93616859436034,628.4774108886719,1088.0476947021484,1216.8413330078124,781.3496160888672,438.4085088348389,229.07002489089965,157.65914485931393,75.32373469352721,3.789015054702759,1.4208452725410463,15.902057526111602,152.94038646221162,585.6628126525878,1077.076435546875,1300.9745361328125,781.2292858886719,415.4366366577148,243.011359872818,177.71289221525194,106.00888948440551,2.8399618804454803,-1.398869323730469,44.181386318206776,217.80068531036378,610.7330088806152,1083.5151232910157,1159.4857641601561,777.4465124511719,334.38897918701167,198.11575897216795,168.35367780685425,69.49650088310241,8.220019483566285,14.625885705947876,40.19611465454102,219.64350662231445,690.1478100585939,1173.9170812988282,1232.6905468749999,815.418282470703,460.28348251342777,269.2866710472107,246.44886898040772,108.46959446191786,7.533703556060789,10.981519255638123,43.50969767093659,216.09232444763182,680.4515417480469,1153.9392657470703,1142.5105810546875,736.176039428711,393.6540065765381,183.5058923435211,172.03320455551147,72.30766033172608,0.7931756401062013,3.0639236927032467,49.63653820931911,251.46129416942594,671.4617724609375,1108.491748046875,1223.0188061523436,709.4536389160155,332.9475411987305,135.88876956939697,162.40099092483518,56.77290785789489,-3.049600505828857,12.17504069328308,20.750538330078125,142.3119319677353,546.4057902526855,1026.7679870605468,1225.7275268554688,728.3132666015624,349.5179758453369,144.569680519104,122.79820240020751,59.40164264678955
94,7.266855096817016,20.664988899230956,21.54147653579712,4.953861904144287,-3.646608805656433,-4.606279611587524,0.6679963111877442,5.3714293241500854,5.28740177154541,2.398778581619263,14.820299530029297,5.979350852966308,9.608667033910752,20.584996948242186,14.982687823772432,17.848479443788527,5.155684471130371,-1.4329554700851441,-5.342383098602296,-6.284607162475586,-3.6409996318817144,6.668903594017029,12.305959892272949,8.52725688099861,7.567929271459579,12.271881277561187,18.187592498064042,10.094088101387024,2.7227284461259837,-0.22365420103073133,-3.9011588513851168,-1.101885368824005,0.9142820489406585,6.1284054660797125,11.892681295871736,8.14823603630066,15.140006685256958,9.22414952278137,22.743829050064086,16.426473623514177,6.395978157520295,-2.4607073956727983,-2.9578759002685544,-0.028919658660888768,-0.674960467815399,5.74063313961029,12.814157923460007,7.002540893554688,11.719640731811522,13.313414227962493,14.34455455780029,13.516463176012042,2.5597883915901187,3.231538877487183,0.4099966740608215,1.049602391719818,0.05496924877166798,5.125044469833374,9.253432438373565,12.671397285461426,15.991187680959703,21.827307443618775,24.27501053571701,12.65237040281296,-2.084859337806702,-4.610854934453965,-5.837721011638642,-5.439881303310393,-1.5042805898189544,4.031831126213073,12.901070339679716,12.164849576950072,9.72911752909422,8.381593589782714,21.29411150932312,15.557490680217743,3.4706894928216925,-0.7948175382614135,-0.24829737424850462,-3.20770060300827,-2.546040487289429,12.718704953193665,15.137503890991212,10.297284983396528,13.574161334037779,14.888200130462645,19.890117068290714,16.853799109458926,10.342344111204147,0.6834739935398103,-0.6486656951904296,-2.122966012954712,-3.975552315711975,-1.586379735469818,8.700962092876434,7.433949537277222,14.562403776645658,22.293521959781646,19.357343096733093,14.845121569633482,2.39240439414978,-2.8261097049713135,-3.9743109750747676,-2.16894890666008,-1.0758220458030698,7.985761194229125,5.732576860189438,10.50224071264267,10.93080460548401,29.74567501068115,20.824874925613408,13.677572157382965,0.909986412525177,-4.327752155065537,-2.4999366438388826,-0.347556208372116,-2.4495198154449462,6.798571994304657,8.454300831556319,6.102724640369415,11.664131628274918,19.20876587033272,19.388484303951266,13.903676855564118,2.330367202758789,-3.9607373023033148,-2.8068593931198116,-2.306706165075302,0.9085205435752869,4.934406814575196,8.378896498680115,9.82897767543793,16.63127074599266,13.405227335691453,32.404544721841816,11.033811478614806,-0.2512304192781448,-2.221887397766113,-5.411277177333832,-4.911159471720458,-1.9978957295417785,7.492925424575806,9.332311708927154,9.465302177667619,17.874150896072386,24.256587827205657,18.27652575969696,17.011977624893188,-2.5580823886394497,-2.078019919395447,-4.604179918766022,-3.588093671798706,-1.8601125025749206,6.436844627857208,6.610027129650116,9.40310898542404,14.99423334121704,17.25646855354309,18.089946751594546,23.453102827072144,6.624441618919373,4.761610319018364,1.873115377426148,-3.0186620014905934,-3.4353286898136135,4.880271575450897,5.328754162788391,7.204095637798311,14.69105010986328,19.56980264186859,31.833912241458894,21.937468585968016,7.780556187629699,0.9096688747406005,-3.5141646957397463,-7.348199172019958,-8.733284268379212,-1.67762788772583,8.3643513071537,10.92676609992981,20.817508244514464,20.11274244785309,33.8768884563446,28.92344491481781,3.805630440711975,-1.9804429149627687,-2.4774916553497315,-1.4630941605567935,-0.6233082616329196,4.195483613014221,5.9337282609939574,6.0721017622947695,15.989803502559662,22.11499089241028,31.353755259513854,14.382086293697355,2.1455017828941343,-4.451924512386322,-4.240810393095016,-8.860647611618042,-3.4252710056304934,4.452730069160461,4.022573335170746,15.403869197368621,14.351978667974473,23.144201242923735,26.952663888931273,29.522076520919796,7.105180699825287,1.4823793792724609,-1.9758394742012022,-4.386985521316528,-2.7213894748687744,11.328933646678925,2.7575932645797727,6.659796882271766
95,105.54989318847656,137.32547607421876,125.41635437011719,132.20676956176757,17.78758041858673,1.6845630764961244,0.6331658393144608,0.08455871380865573,0.40631506145000457,9.690726982057095,30.065475082397462,46.94426441192627,59.38901687622071,72.35873870849609,78.59802444458009,76.46219608306885,24.982610654830932,1.5150041946768762,0.1774587898701429,0.014000329710543139,0.4822937916591764,4.123305719681085,9.532965496182443,36.434167022705076,56.252423629760735,89.59257766723633,78.40523689270019,73.63779766082763,19.37848801136017,1.432298509180546,0.20203461714088916,0.016606339719146487,0.5004281162470579,2.1292885545641185,11.264638910889625,22.945815134048463,67.99577453613281,80.46014694213866,80.53919357299804,67.81396392822266,17.76875262320042,1.2536587327718736,0.2252996112033725,0.03266506630927325,0.10137523654848338,3.405815318524838,10.938683584928512,29.671005544662478,72.2267546081543,90.92961822509764,86.66142211914061,59.936291732788085,16.480654249191282,1.361889258697629,0.3553525971248746,0.03243677526712417,0.10664853479713199,2.519769886545837,8.490748063325883,32.189927616119384,74.54794620513917,80.19459335327147,76.18729820251465,57.396973381042486,10.102812957763671,1.278340371027589,0.17048397980630395,0.014033610112965101,0.12567860968410968,2.377006456367672,7.979566920101642,34.03203420162201,94.85068984985351,107.38344116210938,89.90533248901366,79.76121185302733,15.84477828979492,1.2268428711593153,0.2249678111076355,0.033561160042881975,0.0691510750353336,1.7916195832192898,5.824140520095826,32.29854213714599,84.22595183372498,110.47476516723631,89.91421524047851,77.19997085571288,19.13187774181366,1.6455701071769,0.33585707586258645,0.037395061925053596,0.18859512723982333,1.3907115364074707,10.53351097881794,27.585491662025454,75.09396308898927,114.93633766174317,89.3616837310791,59.334776477813726,20.31702539920807,1.595919872522354,0.1836834082007408,0.00035041954368352846,0.2241731113195419,2.5769883600622414,8.720591252557934,29.070608882904054,65.11381393432616,83.9876212310791,79.17532089233399,61.816203956604,14.912856674194336,1.9754066568613051,0.12968661751598115,-0.0031835541129112037,0.09456934407353401,0.26006668999791144,6.284459498897194,26.849411687850953,67.34576263427735,93.70922100067139,96.04504776000977,82.57160751342772,16.67037229657173,1.9326677609980105,0.14940056182444095,-0.0003594421036541409,0.05552746376022696,0.7781245515495538,3.637163596451282,38.38618719220162,86.96423389434815,102.57565956115722,89.2774437713623,82.43754806518555,20.68761053085327,1.35764531314373,0.10390767959877847,-0.017918677255511266,0.08683890100568534,0.5111145009100437,3.9489859372377394,26.511773357391355,85.76444854736329,112.72793472290041,108.3167127227783,80.6403303527832,16.364061450958253,1.2747528329119087,0.2665232509933412,-0.00910382039844988,0.013803939018398517,0.7780708940606565,7.4074786062538625,36.36730375289917,103.24329624176025,113.84934318542483,94.9821469116211,77.81599712371826,17.21497636795044,1.0980904918164014,0.0661376469582319,-0.021274734102189517,0.045500143505632897,1.1274261410906912,8.167486107349395,31.714913021326065,71.19007148742676,106.70476669311525,104.3497200012207,72.96149833679199,14.184369354248044,0.8974387237429617,0.05973091799765826,-0.029741725251078578,0.07069313135929406,0.9175217948481441,5.479319705814123,31.095711755752564,75.75613117218018,117.32541610717774,111.78587356567382,89.59669269561769,17.343948087692258,0.987601347565651,0.10148185200989246,-0.03755381224676963,0.028242675550282,0.39908002343028787,3.6084173475205903,29.80263610839844,95.46475730895995,119.40125045776367,113.4749542236328,85.61076431274414,19.104355165958403,0.9020915202796459,0.02828646756708623,-0.03847503378987311,0.09287443593144419,0.4597916224878281,4.113160537406801,28.59470088541508,82.60010231018067,97.85893608093261,101.57706100463867,87.76537700653076,18.59976092338562,0.9995724332332611,0.04135134492069483,-0.042303705755621174,0.06488021908327937,0.30446614386513826,4.715008455105125,23.00055104851723
96,1.1934076070785522,4.092251944541931,6.971103763580322,5.275272846221924,1.6465031147003173,0.6577650725841522,0.31059965789318084,0.15669431388378144,0.08263673931360241,0.18130323793739075,0.23866772577166556,0.7117010712623596,1.8935368180274963,4.844475650787354,8.369426646232606,6.536641044616699,2.9824004089832306,1.005832590609789,0.46013673529028887,0.16957536228001116,0.0597717625647783,0.17928193997591735,0.28538249827921397,0.4623977921158075,1.8905878293514253,4.685029377937317,7.914378533363342,4.931521291732788,1.9872061908245087,0.8129898646473885,0.4001600967347622,0.15840823758393524,0.11861792875453828,0.2368809278309345,0.30873342797160147,0.5508859610557557,1.3320765125751497,5.205231251716613,5.802452430725098,3.985653984546661,1.49221528172493,0.661246412396431,0.34298535406589503,0.1786324870586395,0.1317882443219423,0.2159025378152728,0.2605070509016514,0.6473724997043611,1.6159744399785996,4.7741783380508425,7.510581436157226,5.1842678666114805,1.8981792873144148,0.8103776743263007,0.4202820928394795,0.21498758448287844,0.11901441284921019,0.14761665754020212,0.2598196781426668,0.4806998152285814,1.6606691342592241,6.280648083686829,8.478423533439635,5.091548562049866,1.799900333881378,0.7453459084033967,0.37771204680204395,0.2002478874661028,0.13161883741617203,0.19665977455675598,0.3517357298359275,0.751657735388726,1.7576847469806673,5.869199624061585,8.393429784774781,4.41760993719101,1.6063269174098966,0.606882827281952,0.2980404835939407,0.1427849885076284,0.12655208393931386,0.16646675132215022,0.27239540085196495,0.7209228956699371,1.5151272737979888,5.487506039142609,7.1052041268348685,6.065176682472229,2.0668100309371944,0.8531632030010222,0.39815603971481317,0.18690299339592453,0.11780094123445446,0.15548964064102616,0.27415449272841214,0.4415688109770417,1.6245375478267667,5.283099970817566,8.569008960723876,5.804679782390594,2.1659768840670584,0.8892970383167267,0.4048665827512741,0.12242890289053321,0.03260165095329283,0.1174798323959112,0.2623594579100609,0.5266377744078635,2.021882654726505,5.907316784858703,8.73981120109558,6.5659009981155405,2.447729306221008,0.9768934470415115,0.44217469561845063,0.15974935217760503,0.07154008537530895,0.14555086807347833,0.41704719662666323,1.0190413858741523,2.566749166473746,6.538451709747315,9.121956410408021,5.17090119600296,1.981801083087921,0.9060142223536969,0.4086481511592865,0.1415344215556979,0.07959555546753105,0.13238186629489063,0.23906345933675763,0.5912334936857223,2.3084191101789475,5.740735699534417,10.802971553504467,10.170949660539629,4.079167997837066,1.3085385793447493,0.5325122158229351,0.12056603148579596,-0.03227567808702588,-0.0140603612549603,0.16828423624858263,0.814802847802639,1.8315155495237554,5.114958778023719,9.28810257911682,6.122644202709198,1.9854982125759126,0.8184229213371873,0.2980239548534155,0.04081620381213723,-0.00664705403149129,0.07906534697860478,0.11416194269899278,0.3235011696815491,1.9745884745568039,5.941114120483398,10.123275921344757,8.253610429763793,2.6664326500892637,1.1411015490442513,0.47772353887557983,0.12838209643959997,-0.0031737473886460227,0.040138911772519346,0.37055637596175073,0.8180955815315245,2.255221221745014,7.543496180064976,12.61233812958002,9.46538895726204,2.7776286372169854,1.2432613974064588,0.49003383219242097,0.1266417748853564,0.0006596437795087617,0.04583296266850085,0.16428487956523893,0.6053609572723508,2.6746743910014628,7.024471664428711,9.758576822280883,7.2734137058258055,3.119041750431061,1.2738124964386224,0.5096275907754898,0.1634309099242091,0.03467097265645862,0.10698438597843052,0.33847810648381704,0.8599929098784924,3.5706996804475786,7.276326394081115,11.577848882675172,7.692595286369324,2.7218060886859896,1.3156913822889327,0.5909107500314713,0.19478702794760464,0.059015707597136494,0.10285005509853362,0.40181385252624746,1.0214279472827912,3.5930888377130032,10.539463452100753,15.346170043945312,10.977964243888854,4.225386538505554,1.8468465512990953,0.7796843281388283,0.21985843785107137,-0.014118533041328202,-0.03717863142490387,0.15720362365245816,0.9262705367431044
97,0.6615331441164016,0.5789692156016827,0.23513597920536994,0.7865328907966612,1.7910857945680618,4.603325307369232,9.114375185966491,7.782688856124878,22.809210205078124,8.390289595723152,1.1005046546459198,1.0204430788755416,2.124341543018818,0.7332447434961796,0.5011678630113601,0.8132583197019994,1.3530988031625746,3.362573454976082,8.010426338911056,10.416778512001038,13.730718852281573,4.538670869469643,1.3017021152377128,1.4037255473434924,0.8970663460344076,0.7892421588301659,0.7276187726855279,0.506257553100586,1.7056279410421848,3.309349446892738,6.977827873229979,9.955586965084075,11.144665178656577,2.3219600376486773,1.2773393435776235,0.9419530128687621,0.8130357932671904,0.2626477905362844,0.5482754205167293,1.555917029380798,2.4603005495667456,3.584243531227112,5.711437916755676,9.154903304576873,13.994544239044192,3.6477681767940524,1.4756518562138081,0.8881503124907612,0.5636380898207426,0.5567757728695869,0.5124331656098365,0.8712123036384583,1.7321833434700966,5.821860714554788,5.735499999523163,6.493203787803649,7.40747735619545,4.117697118520736,1.4864164856821296,0.7110655778646469,1.3285246812552214,0.6041907203942538,0.4331248223781586,0.7545418748259545,2.6112458598613744,3.55181568801403,7.741298222541809,8.726029493808747,11.989448404312133,3.8617897497117526,2.395142512768507,0.8743260912224649,0.5795903201401235,0.3878294314444065,0.46033648803830146,0.9179201896488667,2.146782339215279,4.822762892246247,9.232696027755738,7.8285100293159475,12.923218727111816,4.167014901638031,2.634358321353793,0.8838582786917687,0.6397764853015542,0.7830746123194696,0.457464219070971,1.2134293343126774,2.3488060081005098,3.5654670254886147,6.850974161624907,8.768672609329224,12.648010808229447,4.873534453362226,0.8312275783345104,0.9764544644579292,1.0049302466213703,0.6359538501501083,0.9743887401372193,0.5155216097831726,1.549854406118393,3.2555570645630363,7.400659562349318,6.800115964412688,9.186933817863466,3.084463446587324,1.3042079190164806,0.5697338256612421,0.5659490593895316,0.5809763206914067,0.825011295825243,1.2619317603111266,2.852857818007469,3.869757515192032,6.404928786754608,6.522962551116943,14.1603195810318,3.75159356892109,1.552711681947112,0.8846926636435091,0.5632923126220704,0.4432288600504399,0.2616415126249194,0.7317115768790246,2.2445424096286297,4.0528029271960255,10.269764664173127,8.797784955501557,13.853179883360863,7.945562527105212,1.5857228697091341,1.7950628137588502,0.6776878786087037,0.7968177420645952,0.8706441064178942,1.2076303224265574,2.229285735189915,4.031852139234543,8.626542408466339,9.297193164825439,15.163143458366395,7.5392794084548935,1.0524426717311144,0.8571876505017281,0.7607839132100344,0.289019945114851,0.19921765726059676,0.5644828678667546,2.251735791862011,4.096495633125305,10.88929888010025,12.797632946968077,18.560381150245668,5.677135741822421,1.3633473291993143,0.9894047775119542,0.49835100479423994,0.5112914496660232,0.9460583296418191,0.7062738794833422,2.1923788076639172,3.5431435358524324,7.844681558609008,9.388220748901366,12.979386096000672,4.152110555395484,2.3271289237961175,1.2934907639026643,0.8597562962770464,0.39199531584978103,0.4667143833637237,0.8782296966761349,2.019313580989838,3.5908869463205333,7.180662556886672,6.241736679077149,9.945942907333373,5.719476529061794,0.9898816454410554,0.7886183266341686,0.5608304907381535,0.48129633881151673,0.37538475133478644,0.4638728924095631,1.1087279887497425,6.438344715833663,13.313709658980368,8.224203708171846,12.815399713516234,7.46347226575017,0.8903044234216212,0.8078018136695029,0.5448392520472407,0.617384619191289,0.2598155324161052,0.5928578546643257,1.8002024757862087,4.591535617709161,7.158102728724481,6.652052328586578,13.876092079877854,5.746948697417975,1.9410216047614814,0.7103928451985121,0.8530916220694781,0.7261177176237107,0.29381914146244525,0.7703875230252744,2.221291017979383,3.7536179090291264,7.9638744723796835,8.039435873031616,8.729639084339142,8.02417541027069,1.9958930929005145,0.6863622586429119
98,245.9887866973877,153.25237884521485,242.49575958251953,118.11725730895996,9.4961683511734,6.053522062301636,5.714711475372314,0.9657833397388458,0.8754314303398132,25.8582599401474,131.2937973022461,240.61104583740234,181.42782852172851,122.55548347473143,136.33639938354492,53.98867744445802,13.313748743534088,3.962196891307831,2.8186687445640564,1.3252512466907502,3.1434605726599694,12.635517298281192,64.62681398153305,217.54068122863768,138.04586074829103,120.53458053588868,109.73167587280273,55.87815487146378,9.01046977519989,2.9815128791332244,2.2574915963411333,1.3261044830083848,2.1616062331199646,10.600473149120807,62.75041755497455,149.88299674987792,189.12517318725588,112.24920082092285,118.62058510780335,60.31801834106445,8.811925874352456,2.7631335553526877,2.4068133312463758,0.9655218783020973,1.8396004274487496,17.074239244461058,58.07729597091675,142.84376747131347,191.33611679077148,125.79677848815918,139.88251445770263,37.33927220344544,6.7738709425926205,3.5498552671074863,2.145367203950882,1.101817436516285,3.5554243424534797,11.104359204173088,39.07339701652527,169.02134414672855,191.8706300354004,116.41973493099212,103.83888694763183,31.845828289985654,3.706814539432526,2.7306170833110808,1.7604173597693447,0.5538391339778901,1.4724112111330032,8.152144466489554,49.8467243528366,140.2501812362671,236.22415008544922,165.03284225463867,132.5945574951172,54.527428493499755,5.524353877305985,2.614963198900223,2.357413929104805,1.1529008635878562,1.0856161297857763,5.011173975765705,38.129458274841305,121.9595919418335,178.8169857788086,152.09774017333984,122.36360525131226,65.72591949462891,9.642752794027327,3.1341572561860085,2.026195065975189,0.9222570766508579,2.2398028296232226,6.0744773650169375,55.242757959365846,151.89312501907347,194.632032623291,156.20176753997802,131.06435005187987,36.33237789869309,5.408875715732575,3.739269259572029,1.9533259981870654,0.8176769751310348,0.6981912628561259,10.468366613984108,57.423306879997256,161.55700435638428,211.18472595214843,154.38981117248537,127.93058519363403,55.8785287475586,5.9905594849586485,3.2935024809837343,1.7697738993167877,0.734541699886322,1.2858329883217812,2.9235395562648767,37.71601243019104,122.99158588409423,159.7976304626465,148.7011653137207,142.07849559783935,63.06683937072754,5.982053507566452,3.1734903597831723,1.7323454597592356,0.8782005318999291,0.7985597506165505,5.750473281443119,23.717707133293153,172.34926639556883,216.91546703338622,194.58570266723632,127.06944274902344,62.295966589450835,9.817988782525061,3.3784277176856996,1.3054784601926805,0.356237532645464,1.08995315015316,10.947331139445305,37.87848456382751,106.41116046905518,233.77843181610106,196.7998049926758,206.23823715209966,51.753133525848384,3.751769692450762,2.4344334524869917,1.1798832800984382,0.3386774143576622,0.36178246095776556,3.3175456124544143,38.763580636978155,168.66458786010745,270.271831817627,168.42947608947753,115.42440677642821,46.91703507900239,4.461749954223633,2.642862877249718,1.3525463557243347,0.40587834835052494,0.35831625640392306,8.985410391837359,39.717666664123534,123.0460255050659,207.45314537048338,156.01532976150511,139.8163736343384,48.106484260559085,3.097663904428482,2.018290114402771,1.6487322932481767,0.12072127252817152,0.7264984565973283,5.2527791117131715,42.56736463546753,145.31301704406738,170.37715417861938,151.24255363464357,144.91342956542968,67.04728528022767,6.495101141929626,2.763291059881449,1.7302913737297057,0.8409316530823707,0.5902074994891883,5.198007633984089,32.66709507033229,141.5647620391846,215.0067366027832,164.99933685302736,149.5367442703247,61.78786034584044,14.090631905049085,2.161272166967392,1.0737100225687026,0.3299016207456589,0.8355728656053543,6.375193659961224,34.67084622144699,120.98834789276125,225.15323890686037,173.14267887115477,138.73024766921998,90.6693041229248,9.563071430921557,2.8544539785385132,1.7309850710630417,0.3501993241906166,1.1029075372219086,5.125928677693009,41.76678542017937,149.85428886413575
99,0.08070787061005832,0.15707829892635344,0.30268293265253304,0.6937400591559708,0.004270738828927316,-0.00507624074816704,0.01627804841846224,0.02681013105902818,-0.0013819721993058598,-0.006946432683616841,-0.005131339840590899,0.01631736035924408,0.09708459049696103,0.24760212382301683,0.40226127619389446,0.4689730654563755,0.31491119533777245,-0.0018962097866460643,0.004905766225419942,0.002922305562533453,-0.005068596692290121,-0.007357698080595531,-0.003135174917988448,0.06409004558809103,0.03549338741227983,0.16375749892555175,0.17801633710972967,0.39626587932929397,0.4586301091453061,0.010721715060062748,0.015073655312880869,-0.007427327907644199,-0.0027152842108625484,-0.006108880022074987,-0.0054566028621047405,0.02507742920890451,0.03833467396907507,0.21352812185883518,0.23793978611938654,0.16007758654654022,0.05694541356759146,-0.0017649723403155675,-0.00025824863812885784,-0.0005098858638666317,-0.004795804324094172,-0.006021579422522292,-0.005082118110731196,0.07786083723185581,0.06463903777068483,0.3557722876220942,0.282502034092322,0.8045890624634922,0.1873443157807924,0.05715468902140858,0.03542502668686212,-0.0025379777082707665,-0.006781468694098257,-0.00707478802418333,0.04560664003482092,0.10277713144663722,0.05354353893781081,0.3729265074478462,0.2420882749557495,0.4420912590622902,0.10081460658926518,0.007473983317613638,-0.00211854885332284,-0.0008208815520628996,-0.00783202783204611,-0.007393687269650356,0.0007210570853203802,0.05988100594375283,0.01893571853637695,0.3396417295886204,0.47817803911864754,0.7409938819427044,0.1374840700440109,-0.015749771527480295,-0.005157934203743904,-0.003359540179371809,-0.0077981988806277,-0.008342054663225955,0.06322348635643721,0.09425203301711008,0.061926331068389115,0.22213952562771738,0.4563879139581696,0.5154502189718186,0.4156295729242265,-0.016168826129287432,-0.017958872485905858,-0.00039126892574131033,-0.007439655200578235,-0.008918655943125443,0.016765536493621783,0.058405859763734067,0.09513576431199908,0.32945772964507336,0.7645649254135788,0.9884627718105911,0.7233594569377602,0.18357974563725293,-0.011621716190129494,-0.022318571619689455,-0.013755990192294093,-0.0102303024800494,0.0390391732845456,0.06160927645396443,0.019379310505464688,0.32624544805847105,0.661125345295295,0.9023008017987013,0.47179102798923844,-0.016354946088977133,-0.007211356642656012,0.001670258305966876,-0.008694742645602629,-0.009116001017391635,-0.002907126741483772,0.015033564413897704,0.032368841608986273,0.3386512915929779,0.5517844142019749,0.6385213202983141,0.44834266718477017,0.004619142154697354,-0.018001210074871744,-0.0010782164800911807,-0.009895259514450989,-0.007066640295088247,0.040297150849364735,0.046723793046548986,0.03744984326418489,0.5121100635034963,0.5601239475794136,0.8457768533006309,1.1617358515877279,-0.05046914819627998,-0.023175403107888952,-0.007895080680027564,-0.007974508532788565,-0.00927524343132968,0.011925623761490015,0.1826837920770049,0.20664887198247012,0.30581407845718783,0.32835800213739275,1.0251938834041359,0.40288211934268475,0.0055479280091822345,-0.023739683441817726,0.0059312152024358755,-0.010031864829361397,-0.009724229369312488,0.011350021567195693,0.1945659564214293,0.08566529155010358,0.5425023868307471,0.2764848241209984,0.7650778558850287,1.378690974051133,0.05018655584193767,0.031899710008874545,-0.04899840063415466,-0.008528648661449504,-0.007960550347343042,0.027199510224163552,0.18318339160876349,0.2651043450180441,0.4544397063925863,0.8011949592642488,2.230738132279366,0.15229754577623683,-0.019701191885396825,-5.841815378516066e-05,-0.006237751059234116,-0.005193682941608088,0.013819645191542834,0.45555560953915125,0.7557803938630968,0.35745398988714444,0.8323842271510511,0.8047702759224922,1.5284609050420113,1.4279017580393703,1.101074127345346,0.1794701824663207,0.08394318740814925,-0.04420411519706245,0.0010808793874457798,0.07450076824519786,0.3514325878769159,0.12159679983975366,0.5362712901085616,0.43863759333267804,1.396186946136877,0.9357172160223126,0.46372391024604437,0.020794348339550208,-0.006396282389760003,-0.008919987762346827,-0.010410669445991472,0.08790038722567262,0.09318328257650137,0.25010850935243073,0.7875825794227421,1.140979035049677,1.2803275634162128,1.793025656659156,0.3477842891961337,-0.01586315779015421,0.05701882137916984,-0.02237535584717984,-0.013474739482626272,0.07163122721016409,0.24038013745099301
100,1.3429214358329773,4.439637184143066,8.680264472961426,2.0242968857288357,-1.3314119994640352,-0.20910059809684753,1.480708074569702,3.447406768798829,2.303907632827759,0.5812085390090943,0.593091094493866,2.9026831135153772,2.440723546147346,4.211169246435165,2.990011382102966,1.1511804626882074,0.9053472362086177,1.7468843635916709,3.621177891492843,5.812579560279846,5.128528227806091,3.4912876969575883,2.3562220180034634,2.2831728410720826,1.6566663908958437,2.419326393604279,2.5513931435346606,0.9132371830940246,0.6213779666274786,2.3445577830821276,4.113918655514717,4.635966809988021,4.601036856174469,2.5616489624977112,2.111101641654968,1.883329255580902,4.835928038358689,3.3948870331048973,3.7856632417440417,2.1498750141263008,0.6347900616377593,1.7324203246831893,4.520069661140441,5.782594587802887,5.474960618019105,3.5072026991844174,2.4287304592132566,2.6203473037481304,4.923148324489594,3.6592836546897893,1.671049047112465,1.2262024480104445,1.2368366563320161,1.9025637754797937,4.088432699441911,4.760938034653663,4.204158606529235,2.2544631600379943,2.1785795223712925,4.648882360458374,2.562490703165531,4.293080430030822,3.550626034848392,1.194869297631085,0.17308279767632487,0.9177283746004103,2.6831360363960264,3.5407082068920133,3.8776094007492063,2.597053959369659,2.992454631328583,2.1247116565704345,3.3214070725440976,1.3612316729128362,2.418573791086674,1.520327934473753,1.7241015427373352,1.0606512592732904,3.312116778194904,3.8528970742225654,3.8012077307701118,3.8313406825065615,3.6862785342335704,4.014313496947288,4.300707131624223,3.0227564692497255,3.3164266431331635,2.6071214231848714,1.675492396652698,1.796322368606925,2.7933191221952436,3.9334682250022888,3.820417917668819,2.177218527495861,2.8467480080015957,1.9412935280799863,4.442869402170181,4.947479383945465,7.482920121997594,4.546065206080675,1.9299236993491653,1.5939131546020506,2.0095709800720214,2.427108905315399,3.673340306282043,2.6779763293266297,2.0021064686775207,2.613661930561066,3.4038927042484284,6.348772865533828,3.079863253831863,1.2794503986462948,0.22657706141471862,0.8037325090169907,2.6359824058413506,3.6063959050178527,2.925789886713028,2.123392119705677,2.364769770503044,2.0641798710823056,2.5360166501998895,3.454991099834442,4.595761896371842,1.9694516944885252,0.9193228831887247,1.4727486377954482,4.410605726838112,5.5782308006286625,4.78568464756012,2.949259898662567,1.8912131309509277,2.58354900598526,4.833958984613419,3.285492263138295,6.294358896017075,0.4830590558052063,0.5125695049576462,1.5787095822393895,3.2110322761535643,4.295598509907722,4.905040667057038,2.890337561368942,2.5810247194767,2.191188818216324,4.908976944684983,3.8214961263537406,3.359883930683136,1.374145623743534,0.7275131246447563,1.6916005855798724,2.648984756469726,3.9860404098033912,3.4770160591602326,2.1078859186172485,1.6547546815872196,2.8107912170886995,6.418741480112075,4.404143762588501,2.4703126132488253,2.8519704592227937,1.0819783190637826,2.0807291615009307,4.163075067996979,3.7391260099411006,2.8850943279266352,2.7560736516118047,2.621727557778358,2.106122913360596,2.9003514480590824,3.63852232158184,4.971282961368561,2.431962384879589,1.2422767680883409,1.863584681749344,3.509227774143219,4.294337081611157,3.6429288369417194,2.500941028594971,2.35377964258194,3.227633366584778,6.119284551143646,5.777621273994447,6.913840738534928,3.465084533691406,0.4328971889615058,0.8003548384644091,2.6228748596273364,3.786705236434936,4.175199618339539,3.5451251664385204,3.914644562602043,3.6104766035079954,4.120458472967148,3.7869275569915772,5.0985120177268985,3.0931385010480885,1.3193941015750172,1.9537343859672547,3.3720226681232455,3.525780017375946,2.9679268872737885,2.106432681083679,1.5860061049461365,2.3873391455411914,3.45866444349289,7.250049350261689,6.045551571846008,4.612272794693708,1.3277104473114014,1.5332058331370353,2.8565550846606493,3.431609703302383,2.8433412075042725,2.6482431614398956,1.3400871169567108,3.6481028497219086
101,14.311676597595214,17.635086250305175,21.14091205596924,40.478546142578125,77.73706283569337,104.50790100097656,134.31553344726564,89.00941925048828,68.72526245117187,48.89151153564453,36.43163223266602,12.850061321258545,13.420614862442017,12.112596900463103,17.890235233306882,36.216628990173334,64.99355010986328,94.44454589843751,101.45727645874024,104.97117187500001,78.22395904541015,51.07871353149414,31.561913757324213,18.255403633117673,11.63174098968506,13.23886318206787,24.30637176513672,39.32245895385742,62.02319869995117,94.66837707519531,93.56015411376953,90.6716078186035,79.13408248901366,62.63851173400879,35.20004417419433,20.248670454025266,12.187703199386595,12.562154145240783,15.703100395202636,34.262818107604986,60.21597511291505,87.39698013305664,94.28069305419923,99.37023895263671,69.41796867370606,43.81955986022949,27.394081344604494,15.117057943344117,11.701498947143554,12.435058126449585,17.8031156039238,33.36749652862549,62.02402557373047,89.47323974609375,105.87554702758788,96.6870848083496,78.30028533935547,47.45409049987792,30.41201885223389,16.605033564567567,11.706739740371706,11.476979570388796,14.192579174041748,34.428393135070806,64.79454315185548,78.69380432128905,106.36583801269532,99.73760147094727,75.55727478027345,45.47392311096191,25.508505630493165,15.608623065948484,10.749017775058748,12.369368929862976,20.52420748233795,32.8375930404663,65.36666366577148,85.49789459228515,98.37953155517579,98.78296875000001,78.0848892211914,43.63632781982422,26.817893314361573,17.3665705871582,10.677858519554139,9.241413838863371,15.924523243904114,30.32719501495361,55.376008720397955,90.4727882385254,110.26671386718749,97.52261352539062,70.59142517089845,46.591535797119136,27.422184600830075,18.5303747177124,9.434064588546752,7.88570817232132,15.107212266922,33.051616754531864,55.453174285888664,83.08096923828126,104.68667755126953,93.13795639038085,79.44858032226561,50.14182968139649,29.362082157135013,16.179563660621643,13.350220990180969,12.496546692848204,17.18922992706299,33.750031280517575,57.32977844238282,85.12106689453125,105.0544937133789,91.87413772583007,72.67570648193359,50.41712928771973,30.282278556823734,21.36286135673523,17.05372540473938,10.577040348052979,15.234247303009033,30.715330600738532,59.65029373168945,85.95320640563965,97.4738995361328,97.55630889892578,68.16957237243653,53.00543800354003,31.053813552856447,18.162077641487123,9.992908926010132,11.47824761390686,14.980315475463865,31.365160064697267,63.00609359741211,80.49690979003906,87.05355895996095,94.7524319458008,74.96533294677735,44.9984016418457,21.16328147888184,12.263028995990755,10.283313965797424,9.133527088165284,15.337158222198488,33.070942344665525,59.93127700805665,88.14494644165039,106.60980270385741,105.47193725585937,75.01180374145508,51.092834091186525,32.20663566589355,17.748355503082273,11.735268633365632,9.559500775337218,17.273545718193056,30.254297599792483,63.91791198730469,82.47790733337402,97.70383819580078,98.38046096801759,75.96731826782226,50.775691375732414,31.18840274810791,19.214431343078612,14.727405643463133,10.366404991149903,14.015637583732603,30.442146215438846,56.12905075073242,79.20588897705078,94.54842681884764,103.73724975585938,78.19762619018556,49.41972152709961,25.12758985519409,16.390011825561523,9.73487541437149,8.242229387760162,12.465120010375976,27.42258171081543,55.9345735168457,81.27294052124023,104.4344094848633,92.46293350219727,70.98703369140624,43.49801704406738,26.001205682754517,14.5921901345253,11.104866230487824,9.939024744033814,13.712475700378416,21.80766337394714,44.86727157592774,76.8433445739746,89.1921401977539,93.56952865600586,81.55235137939454,55.57287460327149,29.43256271362305,14.824107441902163,8.089471464157103,6.6850906538963315,13.85679618835449,29.767158203124996,48.143332214355475,69.44036224365234,101.09939208984375,95.3078546142578,75.45829879760743,45.147973175048826,26.5152307510376,12.309398345947265
102,736.2069213867187,781.6253540039063,619.10380859375,484.962744140625,198.24923400878907,78.23701553344726,16.556447410583495,2.224307733774185,5.405302792787552,101.90027837753296,297.1868835449219,464.87932739257815,575.2406884765625,710.0540405273438,695.9863354492188,534.2026208496094,223.4718600463867,45.67146419525146,12.937318913936613,2.376850199699402,9.778470332622529,40.502899743318565,130.07787591934203,358.9908764648438,552.436714477539,743.0700427246095,651.5018298339844,534.7824426269532,231.0874053955078,44.294856796264654,8.35899036169052,1.4469673538208006,4.449615695476532,32.653315179347985,142.09889923095702,325.0403558349609,656.1036584472656,749.8677478027344,743.8562365722656,537.2420654296875,207.01937881469726,40.23716309070588,9.20935207605362,-0.07716369628906258,0.6260384368896483,46.40733742713928,140.54079292297365,323.08515853881835,683.2814453125,725.8431127929687,665.5076208496095,474.8997174072266,195.92038299560548,44.122540073394774,15.534410626888278,2.7472504043579105,4.071462712287902,36.0657589328289,126.54560348510742,371.1183160400391,651.8685473632813,683.6135668945313,625.9603881835938,425.3981387329101,158.71258728027345,48.39899116516112,8.240587725639344,-0.999974298477173,1.783992812037468,28.70668942451477,120.57790642261504,382.571558227539,667.2448736572267,709.6401330566407,572.7854614257811,458.2854626464843,195.8274417114258,43.980999078750614,7.8549671602249145,-1.47779137134552,-0.7040482378005981,15.628215869665146,89.95570314407348,331.8375076293945,685.7398400878907,751.7082568359375,633.8879663085938,526.7288604736328,230.10409790039063,52.10021076202393,15.359361670017242,1.0726713788509368,6.413246502876282,22.025965664386753,120.94187643051148,313.7213356018067,627.9185644531251,745.8510412597656,646.1085644531249,474.7122399902344,199.98150054931642,44.62448060989381,7.873938779830934,-0.176909155845642,2.699981503486634,25.181499906778335,108.55369302749634,345.5355493164062,590.5707104492187,622.9315637207031,579.4653369140625,467.2693518066406,182.77155609130858,41.02391377329826,7.348141410350799,-0.4355307018756866,0.7824158072471618,9.603659859895705,88.55572347640991,312.2694491577148,614.3346948242188,637.1123681640626,581.7542504882813,435.01504669189455,195.01967010498046,50.50629820823669,6.406830909252167,-1.3427494037151337,-0.7072936820983886,12.24057068705559,68.48665157318115,356.65169769287115,641.3134161376953,660.8372216796876,572.0451269531251,506.9936627197265,185.22897399902345,52.12268370628357,8.084939532279968,-0.6032476234436034,0.4965457916259767,17.336978023946283,74.36578338623046,266.9648141479492,641.7273046875,671.4196044921874,599.4747656249999,421.7978839111329,171.40943603515626,41.91923525810241,9.472064232826233,-1.730281569957733,-0.7361156237125398,13.021635516881943,100.21395847320557,384.69554504394534,725.1582983398437,590.0263720703125,536.4293170166015,433.17581054687497,154.009501953125,34.52958652973175,5.660989068746567,-0.9651839065551758,0.13992832064628588,16.35293259382248,95.11625625610351,349.47666671752927,578.2090881347657,627.4205322265625,584.3852587890625,437.49973083496087,174.3473669433594,37.36900568962098,7.000912346839906,-1.3424894201755524,2.081644891500473,12.22884285926819,88.80745796203612,339.20272506713866,611.1400811767578,596.569833984375,545.631304321289,422.21370910644526,176.3689309692383,43.74450129508972,4.509241239428521,-2.132312426567078,-0.4901404577493668,7.9106876844167715,62.40320581793785,294.0612934875488,662.3301660156251,670.7496679687499,560.6179052734375,461.52770324707024,177.06572967529294,31.329535385370257,3.0581157660484317,-1.665629826784134,-0.20613673329353333,9.434117432832718,62.42861059427262,296.37192857027054,569.0196617126464,560.1197973632812,537.443212890625,462.8778839111328,188.29667098999022,41.84843766212464,5.3238517808914185,-1.7743542528152467,1.0319603931903838,6.410864934921264,75.53199196815491,290.9191908073425
103,293.1838317871094,242.25503997802736,280.9334716796875,216.084130859375,183.18881378173828,205.1215377807617,148.0155502319336,194.2912368774414,157.0019500732422,222.18216552734376,275.17226257324216,368.5841552734375,300.246335144043,272.3914447021484,245.336282043457,205.83863311767578,178.44571411132816,217.67227630615236,192.50773437499998,144.7158857727051,174.57871154785158,205.68776733398437,226.42000579833984,322.83788024902344,297.8841479492188,295.3256768798828,256.3755548095703,228.49220642089844,189.81166259765624,185.8602606201172,169.67366760253907,147.920472946167,171.6133839416504,185.19240692138672,216.98964141845704,286.3896533203125,299.08348266601564,303.74719787597655,252.641516418457,192.88602722167965,162.30646575927733,169.93437652587892,213.6516664123535,139.19646057128907,195.51115455627445,216.12619018554688,226.39559143066407,294.29276367187504,321.6801782226562,279.53925079345703,250.09682556152342,201.75454238891604,165.29785934448242,166.61661712646486,193.87260467529296,128.50855087280272,153.0859049987793,193.8094439697266,215.33413208007815,289.3909741210938,293.6669110107422,268.34497253417965,213.05624938964843,212.02231140136718,185.3547538757324,200.4974137878418,162.2374136352539,130.4942939758301,147.3726756286621,218.29856353759766,205.64627899169923,280.0026287841797,317.9283172607422,294.3249560546875,281.85407592773436,226.50907958984376,174.06856552124026,176.74279693603515,163.6413818359375,117.94692169189454,158.59181907653812,218.80023345947265,226.6595886230469,280.57913665771486,295.8703939819336,274.36755615234375,252.09926086425784,214.98915756225588,225.37305053710938,208.41346862792972,207.01311614990237,150.2670381164551,190.1962449645996,193.00901443481445,222.07078063964846,288.80418884277344,302.81542785644535,266.98808502197267,266.0080276489258,215.43280456542965,168.33010620117187,178.02400817871094,216.36731658935545,136.5189395141602,143.65715347290038,190.68524444580075,248.71340759277345,307.3503149414063,334.2631323242188,283.70365356445313,283.52248229980466,238.24584045410157,220.1785021972656,200.48179931640627,183.84485076904298,129.4054164123535,167.55215393066402,215.08245727539065,206.37214385986326,288.76270446777346,288.78279083251954,290.70397216796874,257.96453186035154,249.16862091064453,226.07591644287112,234.2475942993164,206.85774414062502,117.39245101928711,147.68266845703124,201.0806188964844,219.90157745361324,289.53751281738283,296.651979675293,285.46555725097653,278.3343096923828,261.1539389038086,216.25281448364257,211.40682250976565,192.93809326171876,152.07503440856934,151.93611633300782,188.20890258789063,230.44256652832033,298.0299975585937,326.1432144165039,318.3947308349609,287.03000762939456,213.80077575683595,175.26707550048826,216.37685668945315,176.05899032592774,132.65534629821778,126.95326248168945,188.7850186920166,226.97262420654297,299.52155548095703,348.4145245361328,286.3059362792968,273.0582592773438,251.33204681396487,212.55959930419922,223.24106033325197,237.84885375976563,122.07021224975585,140.9130080795288,208.13133346557615,244.08106628417968,296.144091796875,319.9254266357422,288.3603494262696,294.3167071533203,278.5272076416016,235.7558380126953,240.39034774780276,205.3277728271484,137.44479705810548,141.25421337127688,204.0429920196533,225.43048858642578,301.81400634765623,299.2006182861328,294.67900878906255,274.05440002441406,232.99304290771488,224.91518264770508,213.23087738037106,219.23378890991208,127.44336532592774,169.4849083709717,187.43510253906248,222.1543768310547,284.2041244506836,301.9040911865235,298.3337686157227,270.3946673583984,264.0668240356445,231.39146301269534,241.3067813873291,214.6796630859375,157.1227067565918,127.51357490539552,212.49326721191406,216.07915222167972,282.8968902587891,331.5541168212891,281.6359558105468,271.8581817626953,253.8755239868164,254.38029571533207,295.0222235107422,231.13603439331055,204.6243325805664,184.36934013366698,218.00986030578616,239.71053985595705,311.9108557128906
104,2.4489840030670167,4.027135246992112,4.097511601448059,4.2606226921081545,2.725827670097351,1.4798251748085023,6.3943705558776855,26.048721837997437,14.59603180885315,7.166189754009247,4.478479170799256,4.035432291030884,3.692373607158661,3.3402298420667647,3.635705916881561,3.9681286811828613,2.6939646744728085,1.3805136296153069,6.200760006904602,21.13360201835632,12.638605470657348,7.518838424682618,5.614292762875557,3.45552655518055,3.3489845597743986,3.6640161821246147,5.7581717240810395,4.94551316022873,4.201747779846191,2.661279960870743,5.116768789291382,27.23742175102234,19.915185220241547,11.303995085954666,6.766407530307769,4.101538730859756,3.873849804401398,3.3152479159832,3.2550800195336342,3.405889053344727,2.4704254728555677,1.2535125374794007,3.8191683685779574,30.435388579368595,20.93278675556183,11.347371898889541,7.28578670501709,4.9312939620018,3.442348194718361,3.088235583305359,7.325697653293609,3.195993895530701,2.317230648994446,0.9721287524700164,2.0664321088790896,22.181848442554475,18.14459737300873,12.466385698318481,7.252929866313934,4.704101078510284,3.0569530010223387,4.1910295331478125,3.9308592200279238,3.241927561759949,2.2385444152355194,1.6849728232622148,9.861183805465698,35.44470454096794,20.547312996387483,9.967649471461772,6.109159664511681,4.10568852186203,2.141523022651673,1.6958848237991333,1.4159482473134992,1.7506442737579344,1.4895889592170715,0.6072606962919235,5.736502939462662,37.66934861421585,20.361322252750398,9.411033663749695,5.473058545589447,2.8264383172988894,2.872928507626057,2.9315019792318346,4.356883597373963,3.9671083271503447,2.3580625450611117,1.2987736690044405,5.772899320721626,34.482892649173735,26.521488032341004,12.822905263900756,8.157051978111266,5.198300061225892,3.1858548019826416,3.539900570958853,2.3760796093940733,1.5490157830715179,1.0001533329486847,0.5235171747207643,7.6344407725334165,46.38818170070648,23.70629909515381,11.923525896072388,6.542213099002838,3.1564318084716794,3.431447351872921,2.161873153448105,1.7056532400846482,1.2666207903623579,0.8498142927885057,0.46300744235515595,5.897772324085236,29.567718319892883,27.020004615783687,12.943546760082246,6.421377036496997,3.769111467599869,2.8034656906127933,2.052997307181358,1.422230660915375,2.5667187547683716,2.1502358317375183,1.6730990707874298,6.243343069553376,28.991952031999823,22.975188709050418,11.469131382703782,6.426410918235779,4.391304199695587,3.0736260259151464,3.3116986465454104,2.9840059506893155,2.1958637642860412,1.636002676486969,1.4650641870498657,7.124966932535173,36.138508863449104,23.048453950881957,10.778606228828432,6.635399665236473,3.850195204019547,2.5492381075024606,2.1595532131195068,1.9123696339130405,1.3754346323013305,1.1569108891487123,0.5950941109657288,5.246340381205083,32.7644201874733,20.832015655040742,11.5005984044075,6.5149390769004825,4.080999101400375,2.511707746386528,2.109853783361614,2.309004576206207,2.4040815770626063,1.754898828268051,0.9758912122249603,4.944769115447998,22.57743584036827,21.01129649877548,10.615255216360094,5.606242995262146,3.217676786780357,3.896130447387695,2.607174710035324,2.6633261454105375,2.4281530809402465,2.5031461465358733,1.4498957049846648,6.626754825115204,36.36638603687287,30.292821483612062,18.00671082496643,10.640800075531006,6.356036660671234,2.068108485937118,1.4545463812351227,2.076902052462101,1.8717188775539397,1.9251947486400602,1.0762919771671293,7.702357470989227,52.37483116626739,33.11955345153809,16.20147539973259,8.372853412628173,4.037836883068084,2.6884320640563963,1.599538360238075,1.9776170921325682,1.250113641023636,0.8835850632190704,1.0131006002426146,9.811469669342042,51.70918411731719,35.63753981590271,16.89096294403076,8.683443847894669,4.843112407326697,2.3392631417512897,1.9594374519586566,2.5055568242073063,1.8172584760189054,1.4794140231609347,0.781785348057747,10.012109031677246,42.584486751556405,32.842340525388714,19.034017010927197,8.862036490440369,3.9344878983497624
105,14.013144302368165,10.838661003112794,6.41053957939148,3.0596331894397735,2.7517550945281983,0.7158806443214416,0.6987794518470765,0.4649863183498383,0.3826130211353302,1.263339877128601,3.3843323469161986,10.055840492248535,11.776354970335959,11.970521512031556,7.5878776478767405,3.9969164323806767,1.880572988986969,0.835523533821106,0.6825044715404511,0.45673601210117337,0.37113852143287657,1.1168080705404282,6.853730743527413,12.654978102445602,10.559117351472377,10.417077960968017,8.78004786491394,5.128587341308593,1.4618897759914398,0.7643321299552918,0.6828516435623169,0.4858686953783035,0.2854521824419498,2.283181307092309,8.395957517847418,10.667950988411905,10.679666641950607,11.56909201145172,9.090303070545197,4.114069592952729,1.4470593297481538,0.849264281988144,0.661740746498108,0.4572467324137688,0.49725875847041606,2.232872492671013,3.5165023082494735,6.572862437367439,8.83003777742386,15.384946167469025,10.520587139129638,3.662071007788181,2.1074658751487734,0.7012334775924682,0.6684261178970338,0.4347507366538047,0.5190662966668607,2.021017397493124,6.004873195886612,12.518611445426941,3.8041308522224426,6.941633726358414,3.721410410404205,2.530347820520401,1.0825224757194518,0.7424105921387671,0.609496791958809,0.44109489202499386,0.49447144672274596,1.0338318380713463,2.8997499158978464,5.023908400833607,5.604639813899994,4.223576642274856,3.9728214871883396,2.2530396251380442,1.1349275514483452,0.6701273488998414,0.6801538264751434,0.4623993928730489,0.49673219665884966,1.4168856859207153,4.590498946756124,10.110440060496332,11.154379878044129,5.516042364835739,3.703828368186951,3.857155849933624,1.6763606643676758,0.885229742527008,0.7267055070400238,0.5111603915691376,0.6118393499404191,1.983125143945217,4.0433366060256954,9.445508556365967,5.921641592979432,7.3156894254684435,3.8830985569953915,2.656621333360672,1.3052266621589659,0.7977432274818421,0.7506950497627258,0.5620079290866852,0.2740670725703239,0.904740662574768,4.532514574825764,6.034721895903348,5.556893839836121,9.553325757980346,3.185796864032745,1.7226481771469118,0.992746286392212,0.7429910755157471,0.767506639957428,0.5624097764492035,0.3122306191921234,0.7431232063472271,4.0021306076645855,4.794580268859863,12.29713242292404,8.164856464862824,6.3147712588310245,2.8962316286563876,1.5443222165107726,0.7810764122009278,0.7338691854476929,0.5514363384246826,0.3856481778621674,0.8711217445135115,2.1726207879185675,3.4189966571331025,5.300388442277908,5.589890456199646,5.960899956226348,2.08092985033989,1.02985435962677,0.7081030476093293,0.7156681108474731,0.5437703979015349,0.35407853983342646,1.0316962891817094,5.032903431653976,5.5779618132114415,7.332910652160645,7.001240442991256,3.782712185382843,1.7390447521209715,0.9870963954925538,0.7242662930488587,0.7384216928482056,0.573762527704239,0.43735644936561585,2.4762163683772087,3.5676288574934008,5.618983275592327,4.348702622652054,3.8077412366867067,2.662355099916458,2.2711365234851835,1.154050965309143,0.855530219078064,0.7734623742103576,0.5906473028659821,0.38526613712310787,0.8139535075426101,1.1165567663311957,3.8340416175127023,3.9185046052932733,5.497397582530975,4.442297252416611,1.5924094533920288,1.2135739123821259,0.7444812607765198,0.7396350240707397,0.5369657289981842,0.4290503117442131,1.321682821959257,2.0526705729961394,2.830985232591629,2.966920601129532,4.564082559347153,2.927234785556793,2.2461314111948014,1.0555826485157014,0.6859329068660737,0.7397196400165559,0.5416272985935212,0.6136007753014565,0.6906748378276826,1.3589708226919173,3.1234258452057837,4.3700356256961825,3.364195481538773,2.110481674671173,0.9407852745056152,0.7770238208770752,0.7572480916976929,0.7847979617118834,0.5895100498199464,0.46634584128856654,0.6219497099518776,2.28856397151947,2.2558486042171717,2.245483654141426,6.9274966478347775,3.256924075484276,1.2805827963352203,0.6910773718357086,0.7024756360054016,0.7581895923614503,0.564247441291809,0.23270795941352845,0.8112386000156404,1.8857049483060837,2.930748974084854
106,0.13255323395133015,0.08363427296280856,0.06057324446737762,0.052225272357463805,0.03647970631718632,0.027429972589015937,0.09392978884279726,0.48590926006436347,0.12331369146704674,0.4232172191143036,0.8985326245427132,0.29140235744416715,0.12554960943758484,0.08063267633318898,0.07263686828315254,0.07517280928790565,0.0657516191154718,0.059379562134854444,0.12305107943713663,0.1884172587096691,0.10939872950315473,0.14602197408676146,0.17137312123551965,0.13896376334130758,0.11684272311627861,0.06829061662778255,0.06680393004324284,0.0700992299476638,0.09728050336008888,0.0776687831804156,0.26307804093696174,0.39474385172128673,0.21630401391535994,0.10578086249530312,0.12701721895486112,0.11606999684125181,0.10732209622859952,0.07692395918071267,0.06670490436255928,0.07962197437882416,0.06290545426309105,0.0558780830353498,0.15914670601487158,0.8592057080566882,0.3261441162228584,0.17837534390389917,0.20029336705803868,0.2403810084611177,0.18039941571652887,0.08479545816779134,0.07606099091470238,0.07206278510391707,0.06867206744849678,0.05278622515499588,0.16102866135537622,0.7479761625826358,0.3205347490683198,0.20009151998907324,0.27517552152276037,0.19941111475229262,0.10239762443117792,0.06871941030025479,0.057724975943565335,0.05222038410603996,0.05928501419723031,0.060817889161407915,0.25273141730576754,0.4611387319490314,0.2110725204646587,0.1823644171841442,0.25422674342989915,0.13350419901311394,0.1290326922526583,0.08431815370917317,0.07125554129481311,0.06203124499181282,0.07773872181773181,0.07044827636331318,0.2671673488616943,0.9881937692314386,0.36280717922374606,0.2522103686444461,0.23702945288270713,0.18494978388771413,0.1583777679502964,0.11027201816439625,0.08744896158576007,0.08026843126863235,0.07659273289144035,0.08861629582941528,0.258093998208642,1.305682691782713,0.5380822168290615,0.33046165287494655,0.22550560839474204,0.18413737811148165,0.14859448730945585,0.10316334232687945,0.07805419981479642,0.06770406469702717,0.07073647350072856,0.05581364536657927,0.20639914736151693,1.2057768811285494,0.24863735817372795,0.25992568049579856,0.2474535389244556,0.18957507416605945,0.16781918477267027,0.08982023986987767,0.062144763963296976,0.06615487487055358,0.08136618906632062,0.04658982917666432,0.4310348642989993,0.736800802052021,0.5274252772703767,0.4475990706030279,0.4044957757066004,0.26425222074612975,0.14909018479287622,0.10566085713915523,0.06835316073149438,0.05729913914576168,0.0625213989242911,0.044439804553985565,0.16290258025750512,0.721637769266963,0.3417429590132087,0.22460493974387644,0.30940227614715693,0.2754577879980206,0.12218285150825973,0.08715621575713153,0.0787897628359496,0.09909217633306978,0.08809548102319238,0.12348138719797133,0.2542679022252559,1.5818420474231243,0.3549028812348842,0.28503980088047676,0.2619021203368902,0.22407305303495378,0.15931226536631582,0.11631614983081813,0.10612325884401792,0.09807517878711221,0.09995867535471914,0.07908559111878273,0.16534841559827324,0.9284785572066905,0.5684318591281772,0.6743602765351534,0.5697535185515881,0.2467083855718374,0.22993646858260033,0.13569972135126585,0.07454789621755477,0.05446710251271721,0.059634782150387755,0.03022609671577809,0.1085464701801538,0.6641258949041366,0.29584871093742554,0.4108491659164429,0.4582564141601324,0.28095276923850176,0.15124262452125545,0.10568376719951629,0.09574928678572174,0.08971489153802392,0.10066133078187703,0.07055519253015516,0.40333134479820726,1.4079133990406991,0.6677177335321902,0.3823286332935095,0.32471780940890316,0.24131962254643433,0.15175882600247856,0.0875577330216765,0.07251053875312206,0.08742827080190177,0.0911810006201267,0.06879455439746375,0.3116799268126488,2.566773554086685,0.6354014916345477,0.33956983413547276,0.31824343770742414,0.2703642346709966,0.2616531690955162,0.11148890078067777,0.03771840691566465,0.0016391474753617943,-0.02832730039954188,-0.014415920376777669,0.5969369121640921,1.4422815411910415,1.0808438470214605,1.1915041571855545,0.9269723638519644,0.4534755554050206,0.24315921165049073,0.14441174207255242,0.06947677705436942,0.04735099696554244,0.028506336733698835,0.01493390578776595,0.17034213379025456,1.4528215753659608,0.6833493800461292,0.97831187851727,1.3669111464917658,0.5609012749791146
107,0.9100388139486313,0.23827459663152695,0.25160719752311705,1.0082102954387664,1.0340571582317353,0.3752486243844032,0.019395947456359898,-0.07520407512784001,-0.1784915409982204,-0.023813270032405853,4.634096026420593,6.916233688592911,2.7347224563360215,3.6492945122718807,6.477361437678337,9.42418361067772,7.116960550546646,2.6368484729528427,0.0676958787441253,-0.9066494685411455,-1.1370112642645835,-1.0756052815914152,-0.5363857063651085,1.7631676086783412,4.730051739811897,5.856239699125289,6.954766410887241,9.689991635084152,5.595345646739006,1.701073807105422,-0.27834588840603824,-1.154406762123108,-1.3173810520768165,-1.2400412204861642,-0.6321861618757249,1.5945069217681884,5.10449599146843,5.015961047410965,9.428684265613555,17.761635913848878,10.448144138753413,3.543620856404304,0.09855387091636655,-0.8931654697656631,-1.3158663329482079,-1.2701933995634316,0.31726385325193396,5.122478941082955,4.906784788966179,5.874082219302655,8.845592756271362,9.711284729838372,5.158995690345764,1.4790635031461714,-0.8134234018623829,-1.3615544330328704,-1.5455094210803508,-1.4105997700989248,-0.7700313058495522,1.0994692675396798,5.4545894390344625,6.572423868179321,8.748829859495164,18.633677240610126,9.356302808523179,3.310079785585404,-0.4093372333049775,-1.9790949976444245,-2.432786474749446,-2.0741934216022493,0.7013723859190941,1.5451826298236848,2.4418129909038546,6.596356389224529,8.328367851674557,7.254694885909558,3.777197017073631,1.4812447480857371,0.07837703764438629,-0.5804959487915039,-0.9062852513790132,3.9043524529039866,4.176658724695445,3.320200155973435,2.62339687615633,5.58125359416008,14.657667872011661,12.356239368915558,5.975787982344627,1.6550057166814807,-0.7320325618982315,-1.2782676589488982,-1.0540862837433813,-0.9710439133644103,-0.45242329239845286,-0.10708995938301084,2.070024392604828,5.517743337750435,5.944284430742264,5.427021641135216,3.4417441652715204,0.528028388619423,-0.7554992137849331,-0.35229279220104215,-0.058201791644096355,1.1047509446740151,2.106856986880302,2.9756065145134922,5.98617161989212,7.256192211508751,7.7452615916728975,12.88769425392151,5.601859177649021,1.3939270067214964,-0.7016641953587532,-1.2718384659290314,-0.7350368204712868,0.30277898907661444,2.012997636795044,4.9256709289550775,5.62329156935215,7.654028190374374,17.968884023427965,24.938778910636906,12.4152787399292,4.3104520523548135,-0.7381023597717284,-1.8543328082561494,-2.871860105991364,-2.577148750424385,0.601863706111908,3.2361246591806414,5.954216581583023,17.3558678239584,12.901477446556092,10.809219889640806,6.110660150945187,2.432410266399384,-0.37658944070339206,-1.161441676020622,-1.5561599087715148,0.4697418946027755,0.2333970698714257,1.5151664844155313,1.3192386221885684,3.682540789842606,9.943297863304617,13.672759342193604,7.803817933499812,2.533485547006131,-0.4920651656389238,-1.751574344038963,-0.11391115307807911,5.35552157536149,2.6876102411746983,2.1101001250743865,4.107441137433052,7.344976927638055,12.98015212059021,19.19337216496468,11.741111929416656,3.8617160111665725,-0.79301038146019,-1.6390529686212538,-0.6933237864822148,5.466270265579224,4.966953774094582,3.03432627081871,9.235560531616212,12.567434101104737,14.322227996736766,12.038183226585389,9.97069865256548,2.663566564321518,-1.3706900107860567,-1.1565824773907658,-0.7668347311019899,7.053775217533112,6.197230052947998,9.441101462841035,9.310136858224869,29.505404170751575,22.524371054172512,33.57513736844063,19.361097196936605,7.102241312265396,0.34806786477565776,-1.9729231798648836,-0.6666710782051087,9.079135866165162,6.684040762186049,5.135708477497102,6.3627502429485325,3.445007070302964,5.465303192138672,4.954162739515304,2.047959748506546,0.6940910691022874,-1.9793478512763976,-2.2654348301887515,-0.7732434833049773,16.709291406869887,16.494235970973968,7.887891092300414,10.444395327568056,13.565585856437684,16.192554229497908,23.454202830791473,16.21177477836609,7.063381152153016,0.46660594701766955,-2.16398606210947,-1.7632661390304567,4.253232082128524,7.352344106435777,9.620625404715538
108,0.4217349402606487,0.5813114941120148,1.0737389922142029,0.4027141235768795,0.1901697278022766,0.2634167283773422,0.381964910030365,0.28673083186149595,0.13843688070774077,0.11959165893495079,0.11529585868120189,0.16674446165561677,0.3772082438319921,0.6667844125628472,0.7969896797835827,0.5685706326365472,0.3064398351311683,0.2678611886501312,0.3274375116825104,0.24728312194347377,0.16097647219896313,0.21589414640329774,0.42747660368680956,0.3383452758193016,0.5584521326050161,0.975953637510538,1.0284004387259482,0.6816939860582353,0.3322067707777023,0.27759847223758694,0.38285160779953004,0.27382639765739436,0.20792965263128282,0.19704444042406974,0.27032551191747184,0.5057629626244307,0.6604699609428645,1.0310099405050277,1.0540067344903945,0.5852677276730537,0.2700043672323227,0.25325719147920606,0.32878351330757144,0.2736373788118362,0.22285843938589095,0.22516633621416987,0.7015729354694485,0.7933290948718785,0.8874430532753467,1.133256307244301,0.8701509141921997,0.3813037121295929,0.220922290533781,0.3064656120538712,0.3092622858285904,0.2579823619127274,0.15406438857316967,0.2017081970721483,0.4309043819457292,0.6881508250534535,0.4264486406743527,0.7452196568250656,0.7687498921155929,0.57449962079525,0.2974285164475441,0.28916996836662295,0.33121993899345403,0.2717836999893188,0.15072018355131148,0.12327572416514154,0.3754975020885467,0.38248029738664624,0.6829272735118865,0.9550562013685703,0.7215572202205658,0.25886705674231053,0.2201195976138115,0.33165751516819003,0.35696661472320557,0.2885631531476974,0.14753444515168662,0.12707424574531614,0.2936150383390486,0.3113233041763306,0.4727862426638604,0.6872227992862463,0.7928659150004387,0.3831261467933655,0.3246145552396774,0.27781869590282443,0.3278088068962097,0.2628054493665695,0.20818995445966718,0.19052412565797563,0.33536294802557676,0.5846942309290171,0.5561592414975166,0.8774914717674255,0.6516985577344894,0.3406797742843628,0.28661582171916955,0.2801309078931808,0.32739578366279604,0.2785099750757217,0.18005755528807638,0.14237417425028975,0.2838539129495621,0.3472429179120809,0.600177143290639,0.7954694503545762,0.7399119970202447,0.329721822142601,0.3053899118304253,0.25671737074851986,0.32865824103355407,0.27138737559318543,0.17134528607130045,0.1656338364630937,0.34179188892245294,0.593933608084917,0.899937672370579,1.30219851732254,1.186864917576313,0.36125425398349764,0.1927297413349151,0.2790025940537453,0.3223999786376953,0.2615051829814911,0.1443517714738846,0.2595207790657878,0.44803739515133206,0.6063443325459957,0.8858009168505669,1.4856237967312338,1.0502918860316277,0.47844846606254576,0.21776608228683467,0.2703049600124359,0.3363109397888183,0.2728215837478637,0.10946407079696652,0.16809408776462073,0.5482445129007101,0.7527779378741979,0.8598678478598594,1.569416776895523,1.0496011501550675,0.40027388926595453,0.168670120537281,0.2868748193979263,0.33602868556976323,0.258832505941391,0.3216559806466103,0.23990971628576513,0.561321133961901,0.7076886009424924,1.2654322431236504,1.338995177745819,0.9244892504811286,0.36973029866814616,0.15955555617809294,0.29154412448406214,0.322952493429184,0.27115991890430446,0.13379059612751004,0.11554961257614191,0.5324612848460675,0.7251919894665481,0.813566234856844,0.8929133006930352,0.65671256005764,0.3563718090951443,0.22090230733156205,0.2880437952280044,0.3359381854534149,0.29801410436630243,0.2509785759449005,0.12069901250302788,0.26666655007749795,0.7084362074732781,0.6323204317688942,1.1826873145997525,0.740382286310196,0.3143818208575248,0.27291661709547044,0.29367183685302733,0.33863102793693545,0.27200895309448236,0.14462680459022517,0.16565687999129292,0.40491303822025654,0.3993376742303371,0.6487158267945052,0.8901124735176564,0.8262745487689973,0.325658938139677,0.21298611283302304,0.3022884112596512,0.34203517436981196,0.26810372829437257,0.18101131469011303,0.14149880483746527,0.42202218338847164,0.5850387328118086,0.8771254847943784,1.2991504615172744,0.8732751139998436,0.41687236145138734,0.18358017504215235,0.28176421821117403,0.33037718653678894,0.27358744442462923,0.16054088890552518,0.16708818897604938,0.6794235455431045,0.8241875928640365
109,2.363280010223389,3.051353704929352,5.046293044090271,3.696296548843384,1.1901830375194549,0.54463130235672,0.538358187675476,0.5124729335308075,0.5100627958774566,0.7174405038356781,1.6639041423797607,1.9586708068847656,2.403551626205444,3.1002479052543643,3.971562436819076,3.221324934959412,1.6460637319087983,0.5289244413375854,0.6123338270187378,0.6037909483909607,0.8161761796474456,1.9761536982655525,2.4438637828826906,2.3648458981513976,2.8556029844284057,3.793302669525147,4.933063826560973,4.038384613990784,1.7085104262828827,0.6295920252799988,0.7283894741535187,0.6295566833019256,0.8908968973159789,1.7362097835540773,2.6626215040683747,3.2620710730552673,3.1586231923103334,3.5259135246276854,4.595208396911621,3.2945099210739137,1.4056210792064667,0.6416381442546844,0.6220895910263061,0.6485459005832672,0.877765229344368,1.6372504323720931,4.538080019950867,3.555190171003342,3.1150525212287903,4.174574651718141,4.347354788780213,2.811525046825409,1.4499972355365753,0.8019244265556335,0.5721381843090059,0.5991094410419464,0.5357602596282959,2.601057790592313,4.461330921053887,4.441586492061615,2.959899787902832,3.961904234886169,4.905584096908569,3.445978057384491,1.2885844606161119,0.5550064635276794,0.6108469915390015,0.5358594453334808,0.5866499543190002,1.5329061791300773,3.2320707520842555,3.40362407207489,3.2043544673919677,3.983400337696075,4.43693398475647,2.7038767957687377,1.9742841291427617,0.7613316524028778,0.6501398921012878,0.6221292889118194,0.7313766026496887,1.9665451407432557,3.6049543046951293,3.5132146990299224,2.916130509376526,3.9195769500732416,4.620087003707885,2.7242448282241822,1.4561104774475098,0.548409674167633,0.5904746246337891,0.5820579421520233,0.6652953755855561,2.180131938457489,3.660502087473869,3.500001463890076,3.219211139678955,4.416008186340332,3.7686412441730495,2.195272364616394,1.0502937316894532,0.6057793545722963,0.5879706168174744,0.6667548584938049,0.8043827927112579,1.5697189405560494,2.905079350471497,2.835531517267227,2.7655047845840453,3.8031691193580626,4.411814436912537,2.701650969982147,1.1399042415618896,0.5292634606361389,0.5895745825767518,0.5620927298069001,1.238978888988495,2.1160617402195934,4.0902387720346445,3.648968315124512,3.8827842050790786,4.407538462877274,4.768221559524536,3.260420484542847,1.4207938611507416,0.5947809863090516,0.5679067802429199,0.5137601387500762,0.4167680728435516,1.9069534516334532,3.013209210634231,3.369429185390472,3.75994017124176,4.930627648830414,4.3066254186630255,2.633279069662094,1.1026689314842226,0.578052648305893,0.5838768458366393,0.5559423506259918,0.4637033104896545,1.6956425219774247,3.7396254754066467,3.9778473222255704,3.773252215385437,5.196088223457337,4.751973781585693,2.9409511291980746,1.213134218454361,0.6155691564083099,0.5902948963642121,0.5682782781124114,1.022270056605339,1.9611181798577306,5.33848650932312,3.9394246026873594,4.559833211898804,5.330233488082885,4.927508974075318,2.7136934721469883,0.953536025285721,0.6192738544940948,0.5688147926330566,0.5415985405445098,0.8419010508060456,1.9851757359504696,4.187450702190398,3.9568332004547115,3.724052720069885,4.679708511829377,3.9963568329811094,2.2825889861583706,0.9863392233848571,0.5753829681873321,0.7113615465164184,0.6786726832389832,0.9086411023139952,1.294501423239708,2.9892167757451533,4.634224247932434,4.142885407209397,4.798230705261231,4.514595293998719,2.7308751755952834,1.1927834200859069,0.5608655714988708,0.5711583280563355,0.5277189111709595,0.5875614619255065,2.3333246891200545,3.8495213037729266,3.397905876636505,3.5159718108177187,4.469122781753541,4.646863870620727,2.343994071483612,1.0024264299869539,0.5940401935577393,0.5908117198944092,0.5192086291313172,0.5509776121377945,1.4630690610408783,3.670216087400914,4.0978330326080314,4.2510475730896,5.4680285835266105,3.706085002422333,1.9415338325500486,0.6822427713871002,0.5462532556056977,0.58916606426239,0.5072549140453338,0.6962917268276214,2.2467757332324982,5.1425937885046,5.169813270568848
110,0.9211089909076688,0.5271418809890747,2.8784212708473205,0.6896746218204498,0.1405603237450123,-0.029370813071727737,0.044337506592273694,0.0005031436681747325,-0.035537108033895495,-0.009935151040554058,-0.01968620847910644,0.2147974759340286,1.0337286756187676,1.4369484682381153,1.180183739364147,0.9531803525984289,0.3545416657626629,0.030964436084032043,0.03275687828660011,0.037725534141063666,-0.034743493199348455,-0.03956935856491328,0.118175428211689,0.35061447329819206,1.1616216314584018,1.7769330149888993,1.7464910848438742,0.7020853097736837,0.1317696535587311,-0.07483929157257081,-0.011097895503044158,0.0054860737919807225,-0.07466932773590088,-0.07488604173064231,0.10761006243526934,0.8410676704347134,1.7384666554629802,1.492871679365635,1.8821460354328157,1.017496846243739,0.23727108299732208,-0.0853982524573803,-0.030699233114719414,-0.018650959506630926,-0.09048139069229368,-0.03901468127965929,0.46841658692806953,0.9282825105637311,0.934930976536125,1.7169971507787705,1.6443911710381507,0.4284249264001846,0.26297435063868757,-0.01533026099205018,0.013273946344852438,-0.038302553817629835,-0.1220390228554606,-0.08238757515326142,0.3236972949467599,0.6658187542110682,1.3385093213617802,2.823879547193646,1.3832928642630578,0.6820043363422155,-0.07034561276435852,-0.07775871157646179,-0.028334020078182233,-0.043850063234567666,-0.1232422463968396,-0.11631756143644449,0.3385207332670689,0.5252426549047232,0.6461717361211777,0.9040788526833057,1.36067620664835,0.2782540293782949,0.10357236534357069,0.0589759589731693,0.10790174081921575,0.05860032498836516,-0.017299453914165496,0.09448883369565012,0.19101561324670907,0.4196047980338335,1.1546976299956442,1.5609291702508927,1.0530070394277573,0.6737469843029975,0.2049645414948463,0.00825762972235678,0.05087411522865294,0.051766375601291624,-0.04157297594472768,-0.0026392476819455855,0.2986860507540404,0.5994289156794548,0.9111800090968609,1.5371654114127158,0.9422176880389452,0.39923094630241396,0.19166778519749642,0.057754047587513915,0.12119657501578326,0.054494911283254586,-0.03811568051576616,-0.029135944209992902,0.23382313173264263,0.5966517174988984,0.9280573524534702,1.064888707101345,1.0190491974353788,0.2552603247761726,0.09311185285449028,0.06234284937381742,0.09175989031791684,0.04587542548775672,-0.010863638892769822,0.012794264843687394,0.2383017691411078,0.6469060176610947,2.1342268390208483,2.580899269878864,3.248742607831955,1.0269328139722347,-0.07871990397572522,-0.26828573390841487,-0.18919402927160267,-0.20755932316184045,-0.2587919870018959,-0.13758958153426648,0.04467478178441523,0.7388172214291989,2.6617054031789302,3.527867988944054,2.212994758784771,1.0295061363279818,-0.07582730054855345,-0.37499423265457155,-0.29970093354582794,-0.25470763102173805,-0.2998945733159781,-0.25360497981309893,0.5083234325796366,0.8829896961525083,2.0492277805507184,3.3281103964149947,2.1393333005905153,0.6868013711273668,-0.20292243167757987,-0.35160764262080196,-0.29478636018931864,-0.25048109009861946,-0.2850771117955446,-0.2706343017145991,0.06763580521568655,0.7736282719671725,2.19290709733963,2.662144847512245,1.6920349152386192,1.7219899405539039,0.0642438708245754,-0.24277186065912248,-0.2075037880241871,-0.1932252062857151,-0.18929802305996418,-0.1274294842593372,0.2071332533657551,0.5774484185874462,1.684481636285782,2.3521503604203464,1.2723150718212126,0.5584836138784885,-0.08019929587841033,-0.19995106577873228,-0.10510545261204245,-0.09315396755933762,-0.15430291663855317,-0.12232741789892318,0.6275235460698605,1.072312275879085,2.321458709463477,1.7339363890886308,1.7208891904354098,0.9379161012172699,0.0756067893654108,-0.1530855885148048,-0.054142619892954824,-0.05550311669707301,-0.13608351435512306,-0.07469301417469977,0.3224169099330902,0.4725594624504447,1.2985383343696595,1.447411069124937,1.8254363086819647,0.6557962267845869,-0.01675945580005649,-0.09035364791750908,-0.0009249052405357671,-0.018739323318004632,-0.09497469969093798,-0.07729768551886082,0.27229685032740236,0.7331172996759414,2.3188149681687356,3.222195121049881,3.333704629391432,2.3352791208028796,-0.08615747291594746,-0.4255786907672882,-0.4093450240790844,-0.3755961662530899,-0.4149347098171711,-0.29602243438363074,0.2681211934238672,1.3674455174803735
111,0.6174329914152622,0.5001493945717812,0.20388143360614772,0.08019970357418053,0.00825579157099122,0.027266153693199117,0.0308343935757875,0.03167157433927054,0.01590907350182528,0.012462399248033698,0.10737948029127434,0.6981418445706368,0.6218122159689665,0.6056871583312751,0.42311224214732646,0.06065559741109605,0.01170725240721363,0.025256377551704588,0.03264805190265173,0.02968380756676191,0.01693911414593453,0.020650296302046588,0.0626483151968568,0.2888997468212619,0.7025390428025274,0.7881392762437464,0.46659607335925096,0.06928694686619562,0.007989451847970456,0.0257377514801919,0.03301233865320676,0.03192659303545946,0.016982338782399846,0.013924462809227368,0.0461052297847345,0.3257844790816307,0.6828616749495267,0.5601521968375891,0.306389188170433,0.047530119437724304,0.017508638668805303,0.027220690753310878,0.033445324786007355,0.03162564046680923,0.01574546476826066,0.011867669429629999,0.07698271836619822,0.3291356019675732,0.4918266130238771,0.42392521437257524,0.203747690487653,0.04378078665584321,0.018843147326260766,0.029592989087104733,0.035601416677236514,0.03249913945794101,0.017682166025042485,0.016993548180907914,0.08224601307883853,0.22320162959396841,0.6685925602912903,0.970707084685564,0.6103642880916595,0.07015667410567399,0.010850842469371832,0.024366485644131842,0.030674342056736303,0.02985590653493997,0.016616820953786325,0.02617101353593166,0.10897423127666113,0.43840160052292043,0.4460376128554344,0.651965333223343,0.22801732026040553,0.07052627373486751,0.010181176206096971,0.02902535667642946,0.03499433772638436,0.03140127319842573,0.0192785475030541,0.023300070061813997,0.07667383608873929,0.28742208682000636,0.4774604069069028,0.6973191971331835,0.34686057046055796,0.04616773299407208,0.014877199297770816,0.027424408737569995,0.035834250226616814,0.032507897503673985,0.018068504706025078,0.014882058569928589,0.04785791225614953,0.36036507631186393,0.44517604351043694,0.4567155037075281,0.18948198109865183,0.0702894229907542,0.015342147089540912,0.02993427105247971,0.03592438697814937,0.03438210196793075,0.018945357315242238,0.012357636357191889,0.04420711487065996,0.2827593894302845,0.32562005478888756,0.34610360058024525,0.17807734496891495,0.0407803019881248,0.019082991145551172,0.031170574873685786,0.038149284124374336,0.03486997298896308,0.01873537750914687,0.015595086184330243,0.05744513130281117,0.20860499120084564,0.3709260381385684,0.42692977584898467,0.27805045902729036,0.05643000347539778,0.019139532260596694,0.031540772914886425,0.0383726197481155,0.03621359437704082,0.019602392166852903,0.011869229655712792,0.06334267332218582,0.21039738951250914,0.38713253624737265,0.5256258137524128,0.1734347347170114,0.0482989843562245,0.019578959699720094,0.032029970884323064,0.03778888531029221,0.0348634216934442,0.019076437335461334,0.01989024553447957,0.06548406092450018,0.19555228013545273,0.4737972269952297,0.5792275960743428,0.21094833344221114,0.03809804824646557,0.017210313342511604,0.0310884371399879,0.03808263763785358,0.036734004914760546,0.018544557951390695,0.025678406932856845,0.06156671760603781,0.16596837069839235,0.48191060304641714,0.4034324686974287,0.24465781395789232,0.04562245056498791,0.018207219303585542,0.03137277334928508,0.036968627795577004,0.03393193744122976,0.018483976628631306,0.014733290428994178,0.049686735048890075,0.2576996582001448,0.5048830319941043,0.32456221150234343,0.13913251586258407,0.04219771817326541,0.01747274751774962,0.032433244846761175,0.03693876743316647,0.03458279952406879,0.018294697515666456,0.012960099102929187,0.06738915691152211,0.20989065013825892,0.3828744703531265,0.41144609019160266,0.15893757276237006,0.03794353364035483,0.02348023766651746,0.03187929734587665,0.03872570067644115,0.03538033559918398,0.022164413109421677,0.03737666928675021,0.06299327547021671,0.25249149357900025,0.32446009535342457,0.4485683789104223,0.14422835700213904,0.04461138382554051,0.013107413481920908,0.030464473646134093,0.03897670082747931,0.03499322719871993,0.01940251052379604,0.011664534828159916,0.08208953613415357,0.16731158494949336,0.3905658984463662,0.3845713336020708,0.1452910374104976,0.05465614955872293,0.015273984260857066,0.03005848597735162,0.03939621761441227,0.03553320668637748,0.01970082450658079,0.041616113707423165,0.038935160897672134,0.21513786090537904
112,0.0437837282312102,0.01725099892355496,0.28038951084017755,0.04227299680933356,-0.00323711158707736,-0.00235132868983784,-0.00116700230864812,-0.00069158982951196,-0.0019816788029856603,-0.0025253559928387396,-0.0014580171788110999,0.00708063542842864,0.04044555500382554,0.17436715563293542,0.12452584909042344,0.04314663490513336,0.004494782933033988,-0.0013246254739351566,0.000603668022667952,0.00126880423864346,-0.001332369295414504,-0.0007982017783797164,-0.00017610716732634817,0.014232266659673743,0.07879706976571467,0.19641932346625252,0.1508936732978327,0.04268823161954057,0.003308551851660035,-0.0037606027472065684,-0.0014972369931638444,-0.00019442488672212404,-0.0025924563477746766,-0.0018141084496164374,-0.0012594202789068586,0.044396533176768546,0.10577846880973082,0.11066713982727376,0.183721819948405,0.058169432762078935,0.004356818814994808,-0.004807413136586553,-0.0018602522509172641,-0.0015366451162845038,-0.004927524413214963,-0.00556410061399216,-0.0026151045170900045,0.026222541126064702,0.0671963916125969,0.14873230501543727,0.21278533895500001,0.04292928629321976,9.126880904663723e-05,-0.0056268434971571005,-0.0011641278909519518,-0.0008075242186896638,-0.003657280057668648,-0.004360735724912929,-0.002399469342526571,0.020088156863930624,0.06768839732976627,0.2886628841201309,0.11396693618036804,0.040116139238234594,-0.009767415013047853,-0.008220373700605688,-0.013610806812066608,-0.002926682817051212,-0.006429607949685256,-0.006357975351856988,0.0022148033848497914,0.029392551824703315,0.03559957943391052,0.14526568057481198,0.10965349668869746,0.03587225486058739,-0.0025764407264068515,-0.0012371253172750744,0.0013266037311404559,0.001921297933440632,-0.0017273457592818682,-0.002039447815041028,-0.00037126383561826673,0.011513653918209427,0.04397155457991171,0.09036116881179619,0.14391885587014255,0.07015673011774194,0.025920515581383398,-0.0018964594689896506,0.0008356247795745402,0.0008572504017501809,-0.0017018443354754522,-0.002276338471565368,-0.0012172206298919318,0.016942427546018726,0.05391932922415432,0.11112776564434168,0.08734886764432301,0.04073128646588884,0.004737311546923588,-0.00047132846899333605,0.0015914721600711,0.002171247518854184,-0.0006182085332693237,-0.0009250958304619338,0.00113763722353951,0.01027689272270434,0.07573733194905796,0.14521008729701856,0.09633924158988516,0.0399070687755011,0.007973256517434489,-0.0013190839567687358,0.0011391777417156443,0.00221268600318578,-0.0007597492868080509,-0.0015061293196049319,0.0006227835877916637,0.04421980763971531,0.12653842968808018,0.2788835328165441,0.34052146795205773,0.00893024168908595,-0.03043714504485248,-0.02718521240167319,-0.012897536084055913,-0.007267805282026545,-0.009360224872361825,-0.010212000276660502,-0.005760350984701295,0.004927737233988401,0.12807622537016866,0.21081934252753856,0.19495820773765443,0.04844380931695921,-0.010433174823410789,-0.009506553763058034,-0.002188509025145304,-0.0012761778198182602,-0.003978456172626446,-0.006112508432706772,0.00025819543850048415,0.03415871250331745,0.12891732008894902,0.31414456455037004,0.15709930433426048,0.003922009982634328,-0.014985588754061594,-0.0104733933857642,-0.00806937110610305,-0.0070144194108434,-0.008894059803569668,-0.010105492878938057,-0.008860716981143924,0.02162469439346749,0.10522416171152145,0.2892870340263471,0.10238072404987175,0.09057130278262775,-0.01129569276701656,-0.008245667715673356,-0.002406347020296408,4.173802444709601e-05,-0.0026758393313502707,-0.004334206561907172,-0.000542842228992425,0.02742745913739781,0.1398895903151424,0.24642932044807822,0.08722008425742385,0.019107612897641953,-0.005199430687352984,-0.0018162044335622261,7.910394459029332e-05,0.0006585176382213623,-0.0025738020497374004,-0.0036109570012194726,-0.0004242695021969225,0.039261073230127265,0.16839884102577343,0.11803092268994073,0.12993113657459615,0.09376422848028595,-0.0022918121435213596,-0.0036699810915160856,-0.0012018091394566002,-0.00040560859721156786,-0.0033896435122005436,-0.0051048600261856154,0.008207425407082383,0.022918011410256425,0.14612904157664158,0.21315079976804552,0.18140324107720515,0.0435939150804188,-0.006028552690986516,-0.006855428189155655,-0.00472522597294302,-0.0031141969544114597,-0.0051452370523475035,-0.0041163607619819,0.006502513669920542,0.03950933823885862,0.15015386515355203,0.2825837785075419,0.21854822361492549,0.10368776601855642,-0.028070508794626213,-0.01687430140096694,-0.014231394301168643,-0.013713032612577105,-0.014995827591046663,-0.006658239891985418,-0.011981483106283119,0.04156539494776096
113,0.050134215503931025,0.015885856680688377,-0.019387048261705765,-0.05181363485753532,-0.050463581830263116,0.9172650247812271,7.67504472732544,13.343284606933594,3.616478681564331,1.2083033978939057,0.2812511965632438,0.12307107895612715,0.05201624430716034,0.020572643922641833,-0.017712610922753773,-0.051707113832235294,0.04273494109278546,1.0536676666140559,7.5088708066940315,13.817742767333986,5.725616724491119,1.1905936288833618,0.24941008090972897,0.10954391747713085,0.05210211671888824,0.016086594895459667,-0.014056857388932236,-0.047265519332140654,0.04122938279062509,1.1102033886313438,5.630689668655395,14.849444942474367,8.046226329803465,1.4349944257736207,0.2466070473194122,0.11236536204814906,0.04814164467155928,0.013375549912452666,-0.018212491320446084,-0.05704191196709868,0.09373313751071691,0.9400681726634502,6.152245450019837,15.338642292022703,6.567195358276368,1.1698330628871916,0.2377745625376701,0.10960722416639324,0.04931186445057387,0.012370014328043879,-0.018704521143808925,-0.05078930499963458,0.049365749075077486,0.6894178077578544,5.814848418235779,17.853350048065188,7.666246905326844,1.407512375116348,0.27664759159088137,0.11639789253473279,0.05386270388960834,0.01606810188852247,-0.014019180247560109,-0.04572662694379683,0.09030491508543491,1.500808397233486,8.13943035840988,15.124446945190428,7.826969146728516,1.5737296223640442,0.29538138300180433,0.11415472239255901,0.04582457244396206,0.008351153368130308,-0.013929493594914633,-0.054448856115341136,0.06372611857950689,0.8651936285197734,7.318108496665955,17.710654277801513,6.903945899009704,1.553289326429367,0.2799579429626465,0.10867854833602901,0.0473551695235073,0.010000711288303108,-0.021294498264905946,-0.0496456042397767,0.06846878014504909,0.9127869799733161,7.01385793209076,16.560592269897462,7.988150911331178,1.87476402759552,0.2695528599619865,0.10284809008240696,0.0381172981858253,0.0026313288300298097,-0.029825842659920422,-0.059740360751748045,0.06199019499123095,1.0167429498583078,8.632084631919863,19.541679220199587,6.184732141494751,1.5379508101940156,0.3214135420322418,0.10577845424413676,0.04677182727027681,0.010487780342809843,-0.020411803016904713,-0.05867396609857674,0.074488506950438,1.2881145516037944,8.86350995540619,16.250895748138426,8.593427867889405,1.3747052001953126,0.2755457264184952,0.10768063247203823,0.052199812158942184,0.01356525503098962,-0.015995189972454655,-0.041087619215249976,0.10904210643377157,1.2439555683359504,5.686260516643524,15.456844353675843,7.286368865966797,1.3154446589946747,0.3245586943626404,0.12309161394834514,0.05504202123731371,0.01581988572143016,-0.014451538007706367,-0.0459809965966269,0.17825909193605186,1.4130121105164288,7.266761555671691,16.354502353668213,6.116428570747376,2.0211464548110962,0.35521439790725706,0.13031043514609333,0.05279934640973801,0.01347027269657699,-0.012338087961543332,-0.046010326072573625,0.11498218450695279,1.0424792301654817,7.059443435668944,17.977281684875486,8.59908332824707,1.8555168139934537,0.3385192456841469,0.11204257398843762,0.049801878351718135,0.011521775244036664,-0.01969745982089075,-0.05125650268979366,0.09054713973775506,0.8277795097231865,6.336141018867492,15.361628494262698,6.248648233413697,1.1509451949596405,0.3504415002465248,0.12567310303449628,0.05585819758474823,0.01365148482378569,-0.01624689498916266,-0.04029602706432339,0.023329706378281117,0.8644640108942985,7.795942702293397,19.84136618614197,10.037341194152832,2.8020594716072083,0.45504306107759473,0.13759124994277952,0.056119325365871144,0.011664206394925719,-0.015629732650704675,-0.045312668010592416,0.12835838486440482,1.436942390911281,9.715527901649475,25.24198408126831,9.122520561218263,2.019708343744278,0.5134369042515754,0.13803954765200613,0.04578576469793914,-9.743044036442453e-05,-0.028709322363138175,-0.05908090137469111,0.08163112834095955,1.229099194779992,9.442898530960083,19.15520327568054,9.369704637527466,2.322688648700714,0.4866097517311573,0.1281450422108173,0.05633313585072752,0.01184556065825745,-0.02525835324311626,-0.060443098158575556,0.07380457239225506,0.810615151701495,7.557765879631043,18.900600929260257,12.389373531341553,3.634358435869217,0.5451282316446304,0.13078647240996358
114,5.45372314453125,3.994822120666504,2.18090660572052,0.8850996196269989,0.25649087429046624,0.36356182098388673,0.47427499294281006,0.45792112350463865,0.4668821394443512,0.34805318117141726,1.5685940138995647,5.06488676071167,4.615770708322525,4.138204665184022,2.83074851512909,0.830151697397232,0.3121912804245949,0.36623537302017206,0.4766918110847473,0.45211816072463995,0.41171468615531914,0.6010860556364059,1.2070138403773307,2.9409958183765417,5.067677334547042,5.017956045269966,3.312194193005562,0.7569841611385346,0.2950302432477474,0.3712425684928894,0.4809058272838592,0.4598127603530884,0.41016049504280083,0.46449610710144046,1.0881848938763143,3.52518405854702,4.9515247958898545,3.8497291940450666,1.998864322900772,0.6714521932601929,0.30468233048915866,0.3622547173500061,0.48982645869255065,0.47717935085296626,0.4307968032360077,0.5223171770572661,1.1004465398192405,3.1486833846569064,4.485794121623039,3.102230115532875,1.7739813572168353,0.6766160181164741,0.25459902673959733,0.36204430341720584,0.49591310143470757,0.4751969444751739,0.436297619342804,0.46613985836505883,1.226498700976372,2.906018682718277,5.064821412563324,5.694076596498489,3.6029350030422207,1.0504478842020035,0.34719631493091585,0.37456684350967406,0.48305076479911807,0.4517306351661682,0.4157023572921753,0.5420723301172256,1.7018527805805206,3.858856935501098,3.8238184356689446,4.499188375473023,1.8496272569894792,0.8340357840061188,0.254539932012558,0.3506749129295349,0.4939468240737915,0.4706041526794434,0.4370180666446686,0.4897133642435073,1.014509344547987,2.7283589124679564,3.839829535484314,4.676045026183128,2.40021297454834,0.5848216772079468,0.25445526778697963,0.37504230141639716,0.505287264585495,0.4857068645954132,0.4450382053852081,0.44040377378463746,0.8224991887807847,3.354177950024605,3.9493008852004996,3.1614126849174498,1.7213536578416826,0.8186475551128389,0.2962558332085609,0.3733594477176666,0.5056996619701386,0.48689406394958495,0.43980797171592717,0.3852443653345109,1.0821589529514313,3.0816171526908875,3.18611701965332,2.758709124326706,1.7057497477531431,0.5776720291376114,0.23510698348283765,0.39354976534843444,0.5012909340858459,0.48105849742889406,0.44754266142845156,0.43596897661685946,1.106205258667469,2.216184703707695,3.2998700523376465,3.363201804161072,1.893700705766678,0.5940995252132415,0.26970166802406303,0.3812936317920685,0.5196037352085113,0.4976166331768036,0.4426387822628022,0.3676957446336746,0.7692685920000077,2.0419497758150102,2.9815716254711147,3.808521614819765,1.6640854710340498,0.5381985232234001,0.24929848819971084,0.3975810539722443,0.5212960946559907,0.49678641676902774,0.4390511691570282,0.49198024451732636,1.1612388107180596,2.2991802430152894,4.2136452937126165,3.945608179569244,1.8715886759757996,0.5610976231098175,0.25074860692024226,0.3942176055908203,0.5052229404449464,0.4866134691238403,0.4245820105075836,0.3953176027536392,0.9847905001044273,2.639281008243561,3.607825427055359,3.016894731521606,1.8230143278837203,0.4894373416900635,0.21967802137136458,0.38850891947746274,0.5170036542415619,0.5046651339530945,0.44946395397186273,0.4000269377231597,0.9332684859633446,2.3346715030074123,3.9784970009326934,2.5289918553829196,1.1835913240909577,0.5785158747434616,0.2548102194070816,0.395565927028656,0.5234099090099334,0.4976429831981658,0.44588391900062563,0.3337177872657776,0.9389971438050269,2.2322692561149595,3.2239690160751344,3.047133587598801,1.3171297055482865,0.5701698088645936,0.24133023023605343,0.38948075294494633,0.5110097539424896,0.4959633600711822,0.4561586856842041,0.3323414433002472,0.9985449981689453,2.415481766462326,3.179560327529907,3.811743029356003,1.342991088628769,0.450249136686325,0.21185870200395582,0.38223303079605103,0.5143751001358032,0.4897924816608429,0.44701159238815313,0.48200054466724396,1.0549075120687486,2.1383604758977888,3.20991839453578,2.813282108902931,1.418520494699478,0.5373845797777177,0.2101559743285179,0.3927338874340058,0.509899127483368,0.483573739528656,0.455343405008316,0.5221699678897858,0.854760436117649,1.8813001924753188
115,19.28796272277832,17.27647590637207,17.301082420349122,8.296775674819946,3.559056878089905,0.6395811915397644,-0.0468533903360367,-0.2944373220205307,0.1876372933387756,0.9809361100196838,5.0324713587760925,15.716593742370605,16.24489097595215,18.374346914291383,10.152032041549683,3.7462740612030023,1.9591566145420074,0.2661396813392639,-0.07044389724731445,-0.14550775289535522,0.39596771806478503,1.8343532317876818,5.309490003883838,12.953699636459351,15.915521621704102,13.782329721450804,10.710681667327881,5.165000762939454,2.7331364870071413,0.5281838712096214,0.021351048350334165,-0.1263267530500889,0.15777097076177596,1.92025085657835,6.952794210910798,11.359624300003052,16.875710220336913,17.12138635635376,11.900076694488526,4.487268092632293,1.688540241718292,0.3219539022445678,-0.05992467403411865,-0.17092159628868103,0.8304010523855686,2.284787070900202,7.238296597003936,13.457735323905947,16.276633377075193,18.278484363555908,12.021473865509034,4.377322583198547,1.812460058927536,0.642398190498352,0.12173280835151672,-0.05546194106340411,0.45410740628838536,2.7648822399973865,7.465571402311324,13.750871024131774,14.568143997192383,13.795435647964478,8.006029629707337,3.5590838003158565,1.3493052101135254,0.28049003899097447,-0.060416367053985585,-0.13618349015712738,0.30495148897171015,1.8628361445665358,5.766891589164734,13.456399536132812,14.318371343612673,10.566881504058838,6.9197490644454955,3.312088284492493,1.3218897688388824,0.3512011015415192,0.04241318225860594,-0.04489251375198362,0.2813292959332466,1.8151827405393124,5.494005337357521,10.422093305587769,14.458841199874877,10.244217596054076,7.479699907302856,4.283273692131043,1.429730756282806,0.4408874815702438,0.09842357635498045,0.041894610524177534,0.7735507263243199,2.2013876383006576,6.837840539813041,14.680677299499513,15.859508800506593,14.004746918678284,8.446607389450074,3.2060642886161808,1.369503127336502,0.4142225885391236,0.11245826601982115,0.050674028098583214,0.4629703279584646,2.3785314225405454,5.165087723731995,9.690482549667358,11.710515990257264,10.10457851409912,7.288809533119202,3.1556553483009337,1.096890208721161,0.42329104244709015,0.18093671500682829,0.11674075692892075,0.3325868698954582,1.4779682016372682,4.153485587537288,10.572877111434938,12.695620794296264,11.494881610870362,7.594988174438477,4.154482984542847,1.4871916413307191,0.7626843476295472,0.2192545771598816,0.06612872421741485,0.5941184464097023,2.0426150788366795,5.516411559581757,8.583477636575697,14.008067269325258,12.97823781967163,9.837983753681183,2.845226278305054,1.1299353706836701,0.2600698685646057,0.048409303426742566,-0.10208995282649994,0.04085579931735992,1.635329750776291,5.243916099071503,9.67171410560608,13.422331714630127,13.476481981277468,8.44238438606262,2.533538691997528,1.106520447731018,0.41266822755336763,0.1788277733325958,0.047252680659294125,0.18970609173178676,2.3166065856814386,5.258729288578033,12.485747113227845,10.502203774452209,9.485319156646728,5.501915431022644,2.8484229159355166,1.1461034846305846,0.4003508114814759,0.17186050832271574,0.06363201946020125,0.19366839736700056,1.1727167400717735,2.5864325827360153,7.816319184303284,9.950590999126435,8.545592398643494,5.31283162355423,2.336549891233444,1.1330670154094695,0.4026832383871078,0.19270988285541535,0.04852298378944394,0.1804814878106117,1.51660445690155,5.141571166515351,11.600302944183351,9.386679339408875,10.241080083847047,5.616717267036438,2.2676284861564637,1.2882903695106507,0.4007222008705139,0.24061408996582032,0.13607939004898068,0.3138245314359665,1.4292748409509657,4.060367195606231,8.657574512958526,10.311303563117981,9.565073323249816,5.8007146978378294,1.961116168498993,0.8266804862022401,0.4066650629043579,0.10254522383213042,0.00353779613971711,0.40617308586835854,0.9074611339718104,3.881682115793228,5.494667645692825,6.1929742622375485,8.489644231796266,5.694288368225098,2.315864316225052,0.8678614616394043,0.36034765005111696,0.2336693447828293,0.17773491084575652,0.3092805406451225,1.2668416190892458,3.4083505487442016,6.8614218616485605
116,-1.4532960722135613e-05,-1.6545502603548812e-05,-1.7120586198871025e-05,-1.7163082611659773e-05,-7.3109196819132196e-06,-2.248320815851912e-05,0.00034303222091692094,0.011092015736357973,0.04740547746405351,0.018539193088508883,-0.0003737557835847917,-0.00933764607671033,-0.01255737997231333,-0.013783124934670894,-0.013550659665015678,-0.013533659079987473,-0.013457819151590205,-0.010160630878144703,0.00824176387166517,0.15414203676522448,0.17130169074833249,0.06466173101001912,0.011456444389241368,-0.005787966130465058,-0.02115787737619936,-0.02381448853591789,-0.025060486075599298,-0.024386335766394016,-0.024241575847281604,-0.023318787828466137,-0.016372092037818205,0.07304771769197031,0.11764593543513,0.050055400503988476,0.0025431987476986382,-0.015677619252464848,-0.03017378775111861,-0.037304857635754106,-0.04066482299414924,-0.04084616321837526,-0.03976645309769078,-0.021528803049586667,-0.010914152729092127,0.23640231169061732,0.4008184825442731,0.1694856864446774,0.0404839025903493,-0.011781159872189122,-0.026846444454276898,-0.0311409509411896,-0.03146738873590944,-0.03246927229978605,-0.03116220662952397,-0.027931213067640757,-0.024267038917168943,0.13036671046233095,0.18787691265672035,0.06419454284448874,0.005398996475269082,-0.015378068691934418,-0.01965489703792623,-0.024177259894531705,-0.02629617316932123,-0.027324800655769615,-0.02784744176895399,-0.02462654728071354,-0.005385691788105738,0.16676010579321882,0.24216646188338925,0.08812108048427032,0.015237286571718866,-0.011138685767782559,-0.02602578071877356,-0.034699803963303515,-0.043846080750226925,-0.04746261294931168,-0.04952882468700405,-0.04630651287734504,-0.02065342448651787,0.3592348732252139,0.40991404891014105,0.16670637908042404,0.04327606978593392,-0.012309956112876493,-0.03411677821597545,-0.042032999998191316,-0.04475298642239063,-0.04692787333624432,-0.046603237632079936,-0.04197242886701129,-0.012770942092174626,0.2084948974114377,0.2796835192549042,0.12191114112763898,0.03702825690794272,-0.013565821162774194,-0.030275118984573024,-0.033323281306074884,-0.03495374321093546,-0.03526362812059227,-0.035692261033400376,-0.027539326392652552,0.049067799395998035,0.19330078352475538,0.23874003029864982,0.08917243099989716,0.009967170097515916,-0.01978685465757731,-0.03119091886212113,-0.037788030939991536,-0.041004774754401244,-0.04289220667968035,-0.04398796587134707,-0.0422301137365866,-0.029598239724291448,0.2168513387441635,0.24686556710163132,0.11380632214248179,0.015114447590895,-0.01801171177416105,-0.033450638800859404,-0.038784497380256605,-0.04128489702939984,-0.04148817319422956,-0.04156236401060591,-0.04036314060329456,-0.03005584354104936,0.14879049077630044,0.2547512432746589,0.11520875034853817,0.01741135467309505,-0.016840626799967107,-0.030877469897968645,-0.03681697991676623,-0.039550888949888716,-0.040321916682296385,-0.039806341009098065,-0.022917661084793452,-0.005146679534809631,0.1957166524976492,0.29363661773502825,0.11704269703477618,0.015368296052329236,-0.019746983620570945,-0.030500177033245524,-0.03679266631603236,-0.04058452663943167,-0.043404675796627955,-0.04470685645937915,-0.0359440420940518,-0.011246634237468212,0.22717663869261737,0.3054380415193737,0.16406937701627614,0.038427825695835034,-0.011935508158057915,-0.033962816819548554,-0.03909304991364474,-0.04161504775285717,-0.0424774487316608,-0.043131357729434924,-0.042451269552111585,-0.012819627025164624,0.1990675486251712,0.23902384910732505,0.1147339474922046,0.02051686933031304,-0.01692340864799914,-0.028162498377496337,-0.03775681945495303,-0.041325093248742596,-0.04232421884429637,-0.04304561191122044,-0.04199398642173032,-0.03290899865911339,0.23605106187984348,0.40195290192961697,0.22537756741046905,0.06895210443995892,-0.0029809962573926633,-0.020773565843701332,-0.037970717269927214,-0.04423807315877633,-0.04832165286759841,-0.05058088066347406,-0.04875524295843201,-0.008951518427929808,0.3217276292666793,0.41028762340545655,0.2273183564469218,0.11882751549594102,0.02208155097439888,-0.03194799587756275,-0.04189577822864517,-0.046657964412006495,-0.05019865839843983,-0.05198416747203734,-0.05094453043246172,-0.015089689572996539,0.48869897924509137,0.4987430859355664,0.22731653479568195,0.055322988547850394,-0.003966353300202155,-0.031946250051259964,-0.04426710971398275,-0.05014546297490592,-0.052926403284072845,-0.053914468586444816,-0.03832301035523411,-0.011313308477401708,0.3995294027449563,0.40466053802520036,0.23272115170955657,0.0746047239517793,-0.000587492901831864
117,-8.46167287826538,-9.325057411193848,-5.15823905467987,11.732478499412537,32.79400510787964,119.60049819946289,352.9707000732422,441.382421875,214.75921936035155,116.94638938903809,22.12560291290283,-7.617006874084472,-8.20674308538437,-6.914121551513671,-2.90185697555542,18.204613523483278,72.84152359008789,157.85298519134523,335.7261645507812,421.5430029296875,261.2434442138672,117.12971267700195,13.311249895095823,-7.61871691942215,-8.577519397735596,-6.758325221538544,-2.6778549230098725,21.567588040828703,66.77131572723388,163.94602279663084,314.0791983032226,449.73094238281254,325.6704290771484,125.7772988128662,16.295156598091125,-6.417268914580345,-7.245137103796004,-7.169256868362426,-0.4054533600807188,19.499924259185793,70.06977325439455,137.88823326110838,251.20079910278318,439.15803344726567,328.0742922973633,102.82961059570312,15.306749546527863,-6.5537172079086305,-10.085443992614747,-9.466555602550507,-1.144974708557129,32.49695875167847,60.821886806488045,131.3855303955078,302.3791662597656,564.3652368164063,376.00990081787114,148.07624312877655,16.012208838462833,-7.085378999710083,-9.037081670761108,-8.780819091796875,-5.062918031215668,27.127076716423034,83.56377322196961,123.47531120300296,327.3824536132812,469.0041101074218,299.1330276489258,166.7035676574707,36.25396453857421,-2.9496595573425295,-9.6608087348938,-8.764569664001465,-0.2690776658058162,15.366473655700684,56.631714782714845,123.61145248413087,358.6118099975585,503.8418188476562,378.74912139892575,144.77097869873046,31.35367350578308,-9.407595003843307,-8.779966716766356,-8.794504127502442,-5.800601692199707,15.298862504959109,54.619496436119086,127.36910181045532,316.76981140136724,496.6693524169922,367.9864224243164,167.97439544677732,30.033581933975217,-5.7181760120391845,-9.06758059024811,-9.081778926849365,-3.4541191816329957,21.28949800014496,71.75241145610809,135.0165411376953,381.1035754394531,582.5947015380859,316.5411712646484,152.0040620422363,32.262368949651716,-6.480520582199096,-10.067586487531662,-9.916784000396728,-1.4815787267684937,23.846255836486815,86.30775167942048,137.18978729248047,335.81115753173833,497.8118826293945,402.48163665771483,197.73087059021,27.797017307281493,-4.162375392913818,-8.252292737960815,-7.032263259887695,4.744521682262421,33.79595892906189,65.26812828063964,162.25937133789063,328.2877362060547,500.0407635498047,361.88523345947266,167.09120529174805,40.74895323991775,-2.9147500920295717,-8.198368749618531,-7.2456626605987555,1.3037724637985229,33.356001462936405,92.68170030593872,174.30164775848388,331.39133560180665,558.8241290283203,293.38260650634766,167.05439491271972,43.32954647779465,-3.956875169277191,-9.658571004867554,-7.652892372608184,-0.30924839019775396,35.82709622144699,115.1115040397644,138.84452949523927,284.6413781738281,529.3608728027344,396.28190429687504,170.22000053405765,41.46225203514099,-7.405891392230987,-7.4573431921005255,-7.3708040380477895,1.5949616289138795,33.69255824565887,67.18202438354493,113.82367286682128,309.7217620849609,462.3628234863281,302.0867318725586,160.26268722534178,54.83902830004693,-2.3048764944076536,-6.4294879174232475,-4.006620140075683,5.241741046905518,52.27971755266189,73.98239791870117,167.43713527679444,367.0295544433594,615.1378991699219,455.1637670898437,236.17319915771486,43.37235918045044,-1.2355818033218384,-5.877795977592468,-7.284765939712526,1.230535584688187,26.31379842281342,77.36465808868408,154.78446746826174,397.6935626220703,738.3253277587892,419.98606231689456,231.05898651123047,77.48135588169097,-1.9429397928714753,-10.666602578163147,-11.768564429283142,-3.015132722854614,28.067710599899293,72.0145578956604,169.4181817626953,352.51545532226567,657.8839889526366,540.2229724121094,198.09107109069822,99.338173122406,-4.022963705062866,-8.420167531967163,-7.074620223045349,1.2998901176452637,40.748418455123904,112.8725678062439,149.51632740020753,344.147131652832,648.6752520751952,543.7291513061523,288.40297859191895,72.28694537639618,1.4967090129852294
118,1.7753690510988236,0.1929464895278215,0.40872675776481626,0.1273818910121917,0.1666567340493202,0.23538705408573152,0.2479328453540802,0.19296849370002744,0.09251934364438053,0.07587466016411779,0.8604310426861048,1.2838300704956054,2.907088097333909,1.1341612672805785,0.6542279025912285,0.3107851171493531,0.2480706551671028,0.2474949830770492,0.2671798714995385,0.20312691122293466,0.09044544883072372,0.0893889299407601,0.5656322780996561,1.5595888274908067,2.86168741941452,1.3737249618768692,0.7292249347269534,0.23602050714194775,0.1478055664896965,0.18278594881296156,0.2195899552106857,0.18992181003093717,0.0949833622574806,0.05778213545680042,0.7526769176870582,2.5972794687747953,3.998141653984785,1.0523322762548921,1.128254809379578,0.4447080715000629,0.16789005517959593,0.17930818527936934,0.240986867249012,0.2029801714420318,0.08689647361636159,0.19278766352683302,1.616303133368492,4.21754504583776,2.001140108332038,1.2390137141942978,0.8167229115962982,0.21917886458337307,0.30919598400592807,0.20824088543653488,0.23775439858436584,0.2140450659394264,0.1178760841488838,0.07874433971941468,0.7165485096722841,2.380192434042692,3.4265420579910275,2.11978558242321,0.9124228557199239,0.2123757145553827,0.09773143038153646,0.15274594485759732,0.14208548724651332,0.13989874988794324,0.03437127783894537,0.08185444194823502,1.5251848493516444,2.5867733877897265,2.76798894867301,0.9795672756433487,0.6214104789495467,0.14273212537169458,0.16054575383663178,0.2117351883649826,0.23177858561277392,0.20485047549009322,0.12492076829075809,0.1230228709056973,0.5959288575500251,1.342243420779705,2.766393967196345,1.3414526464045047,0.5947739595174789,0.2666547940671444,0.21936749070882797,0.2107205945253372,0.24233519375324247,0.20961142271757124,0.11397513359785076,0.11731535270810126,0.32304123356938363,1.8257198767177762,2.5028368988633156,1.7120615549758078,0.6854270389676094,0.2074995858967304,0.17545222640037533,0.20997002243995663,0.24643513709306714,0.24114661872386928,0.12372573412954804,0.10099148795008657,1.394640793800354,1.3858316260576247,2.1879847672581674,0.9518667374551295,0.7163779793679714,0.11907069005072116,0.1402581116557121,0.19142042845487592,0.2506458896398544,0.24204478144645694,0.12095857486128803,0.13615156590938565,1.4869099096953868,2.958723315056414,3.350340922176838,1.4787188491225245,1.3105625672638417,0.13766481876373288,0.09096900120377537,0.14623835831880566,0.15654177039861678,0.14868617452681063,0.06409795220941303,0.11366101518273349,1.4863036650791766,3.685951018333435,3.336737185120583,2.5060862486064432,0.7964594021439553,0.13358266353607176,0.084246623814106,0.11223528265953062,0.1681136706471443,0.18584107011556625,0.06945711970329282,0.05089520521461961,1.6940088179707526,2.82867872916162,2.291208405196667,2.0192167519032953,1.016810104548931,0.18654333978891371,0.16186512216925616,0.17472599774599074,0.18937351644039152,0.1994153147935867,0.22045744016766547,0.11161453597247599,0.748280782699585,2.089054851979017,4.143108050376176,2.0077251467108725,1.008423540145159,0.5250880531966686,0.18059472933411597,0.1860486853122711,0.21549337357282639,0.22033340871334076,0.12037974923849104,0.16245007507503031,1.0660418349504472,1.9422547043859957,3.665059455931187,1.588519130051136,0.6442399862408636,0.1728346486389637,0.17903888285160066,0.21411134153604508,0.2709625408053398,0.23669804483652115,0.12130306631326675,0.08653965294361111,1.664842595010996,3.5882368315756326,3.500516430437565,1.3893102855980395,0.7025854118168354,0.2987555478513241,0.16220490843057633,0.16711642801761628,0.20848624765872953,0.18792979553341863,0.12814616471529003,0.23413848593831058,1.496784224808216,2.533390796780586,1.8188199423253537,1.0906441271305085,0.854725403636694,0.3074445557594299,0.19373764127492898,0.23416332185268404,0.287750039100647,0.2638527444005012,0.15579808250069616,0.28505817506462333,0.690410220772028,1.5884011581540107,3.7396466753631836,1.887222796827555,1.4438091678917406,0.6187351170182229,0.09803312867879865,0.18849701046943662,0.19002856314182281,0.1959044054150581,0.10560558527708053,0.32293471962213516,2.4378102629631764,4.153634613156319
119,-0.2644095816183835,-0.26869072318077086,-0.11267144307494162,-0.07978888088837266,0.310237792134285,0.02586596757173538,0.09195111691951753,0.43256687223911283,0.1951905071735382,0.2670302540063858,1.9078456848859786,0.942339637875557,-0.052913335151970387,-0.08193217359483243,-0.012362295538187037,0.37358874194324015,0.45779951738193636,0.2435780641436577,0.12278529819101096,0.29136026568710804,0.28279357701539987,0.2162746453844011,-0.01037259973585604,-0.10647770887240766,-0.09903458431363103,-0.08081643484532833,0.045488071050494905,0.4474793949723243,0.2205261315405369,0.13777416862547395,0.3321958310902119,0.6499069301038979,0.5736637887451799,0.43985966894775624,0.14321968026459214,-0.09292361330240961,-0.08524534758180377,-0.2017814600840211,0.04631855349987748,0.8906046050414445,0.42773059638217087,0.2388864479213953,0.27833504736423487,1.667353972941637,1.2466265745460987,0.9179968023300169,0.3422680905088782,-0.04993580028414725,-0.154997940659523,-0.28751867469400166,-0.23685464963316916,-0.11509173750877381,0.14126260548830033,0.21161404084414243,0.3764006050303578,2.8980089315772055,2.589509714385495,1.4072993548959496,0.46775610119104377,-0.01846005201339721,-0.16349818892776963,-0.21108584813773631,-0.21934869632124904,0.1161071752756834,0.3644540476799012,0.44979028947651384,0.5487746737804264,1.826960478276014,1.4035223157703876,0.7391426049545406,0.2647444178164005,-0.039692025706171995,-0.13006296463310715,-0.10389441862702369,0.02021560594439507,0.040228899419307705,0.015696240141987807,0.06706125556956977,0.47681432229466736,1.3190021882206202,1.0004469807446004,0.6960531187802553,0.3963555813021958,0.029701236933469793,0.0043147953227162476,-0.057564804181456576,-0.05535802870988845,-0.02665820017457008,-0.009029550403356557,0.18593746850267057,0.4498481290228665,2.2547815360873935,2.2744037568569184,1.1445569194853307,0.3556747667863965,-0.0846719267591834,-0.19213868129998443,-0.13754680223762988,-0.10205275900661945,0.0305101915029809,-0.003282818496227258,-0.02828236240893603,0.43829494476318365,2.8229399997740985,1.824209887124598,1.205690613053739,0.5612339533865451,0.058818922410719086,-0.16557496087625623,-0.31334560878574846,-0.054423591345548625,0.26878704339265824,0.2315946592390537,0.1999489270150661,0.3059433400817215,1.977888949662447,3.015498112142086,2.375303270220757,1.0664699968695641,0.20401580095291139,-0.12836409471929072,-0.20998222082853313,-0.07348338223993775,0.7361113439872862,0.34551799163222313,0.23315612249076362,0.03214664056897165,1.781643471941352,2.0755738177895546,1.306926670372486,0.5530980357155204,0.12719476632773874,-0.19596688956022262,-0.2946202251315117,-0.1087490298599005,-0.01128352344036101,0.11624937832355497,0.42789403004571797,0.3411935767903924,1.6469306494295597,1.2008517576754092,1.2666693568229674,0.509240934997797,-0.031121303839609028,-0.31468871809542176,-0.338490840792656,-0.16796203114092348,0.1509493067860603,0.20244825348258022,0.17205321907997134,0.0728509046509862,2.127526686787605,3.1508955132961276,1.992070268318057,0.7402924805879593,-0.040573205417022126,-0.07520690292119978,-0.2972884314507246,-0.037827538698911686,0.008322300314903285,0.20518456846475602,0.15131443165242672,0.23732712609693407,1.4354647871851922,2.3846069312095644,2.481511427462101,1.407513009905815,0.307776450291276,-0.20226672768592832,-0.49160130813717845,-0.3054997691512108,0.46364824324846265,0.43948047965765,0.07870006151497363,0.22046354807913304,1.9695151221007108,3.4560377909243107,3.3071419640257957,1.8273232832551003,0.43595936246216294,-0.11296583592891689,0.016576544642448433,0.32675347790122033,1.0437847430072726,0.5624511323124171,0.21192724876105787,0.4396980514004826,2.8600962407886983,3.3063177910447124,2.125218861792237,1.3010794431716204,0.16332466484047473,-0.052235254980623716,-0.5551837443560362,-0.6239002381265163,-0.5668752242624759,-0.31207765862345693,-0.11482340589165685,0.06786052264273168,3.1646114975586537,2.8814807587862012,4.707564354464411,3.43241824939847,0.972660519182682,-0.10217310588806867,-0.28520245462656024,-0.30947631042450663,0.2886464340984821,0.3195881560817361,0.18268410071730615,0.2250012812763452,2.1099756741523743,4.905003630667925,4.758603230714798,2.875346365571022,0.7389600934088231
120,-0.013337122276425379,-0.08344917176291342,0.060011876933276684,0.8400468895211816,0.4838453471660614,0.1744045011699199,0.4618583153001964,0.35749172493815423,0.17518795877695087,0.3958939593285322,1.999559225142002,0.6856892214156687,0.11454062614124269,0.20128079560818152,0.4878328304365277,1.9773853873298504,1.9149534001201391,0.6116913393139839,0.6719857823848725,0.6290806198120118,0.2697151544317603,0.4359362430870533,0.6431481315568089,0.17469414353370666,0.25691592738032343,0.17259361737407744,0.7726183945313096,2.4958847266435624,1.2092842300236224,0.553433889746666,0.6876515946537256,0.7452482520043849,0.660649405233562,0.42760949760675426,0.4760955299437046,0.4564199298946187,0.11253381911665201,0.189214523229748,0.52091414174065,1.0625526373088359,1.610520696416497,0.8504613893851639,0.6963803170993924,0.9658104851841927,0.5801917300932109,0.4127181093394756,0.7665633841045201,0.2516231550951488,0.26912846061866724,0.19240778442472214,0.8919874949753284,2.3233736932277678,1.7104114191234114,0.8105424168519676,0.6950956964492798,1.1222697629034522,0.8403307054191828,0.5268700267188251,0.5605874720960855,0.5435469599440694,0.3359073980897665,0.20137450645677749,0.26877715002745395,1.286342372111976,1.669588319659233,0.6223677881062031,0.6805157506465912,0.694055009484291,0.3386011386662721,0.6810013929754496,1.3006914849206805,1.2506090015545488,0.06243914496153592,0.09211750322952868,1.232184249162674,1.3455058244988323,1.4434390340000391,0.2941738323867321,0.9763335333764553,1.2360908874869347,0.868120302259922,0.49565443247556684,0.8627280855923891,0.2915060032717883,0.11657456206157801,0.17108364713843907,0.3359296630322933,2.0109478414058684,1.874521203711629,0.33491953641176225,0.9640192566066981,1.0426225531101228,0.5019188641756773,0.840079428628087,0.9920515610277654,0.6231762715429068,0.25993290869519114,0.2182862385053886,0.7607911674678325,2.1104034672304985,1.517117634192109,0.7211224467866122,0.7646324075758457,1.4405836191773413,1.210267410589149,0.9115774990245701,1.0766610811650752,0.5173548406362534,0.09967499554157258,0.07069367384538056,0.8347165893670171,1.9409406625293197,1.634189516520128,0.7288794303685426,1.0857697707787157,1.1719062119722365,0.7579692270886154,0.6869659710116685,1.4695756189152598,0.704836037904024,0.666984755480662,0.5574982974631713,1.5372604301385582,2.7128623013198374,1.3698496693372726,0.610616230070591,0.7423340915143489,1.0762588844448326,0.5737619245238601,0.5501353280339389,1.4739646700024607,0.9394460201263428,0.3673802166571841,0.2531762948818505,0.8224775713682174,2.8121839609742167,2.299459862411022,1.1650943818688393,0.8210286518931389,0.8972696518898011,0.7102948478143662,0.5843045739270746,1.6591373810358345,0.9479354953765871,0.1680888990499079,0.3734969792934134,1.1976483240351081,3.7050740748643873,1.6255542121827602,0.7849230089224875,0.6698844645358623,0.8886002138257026,0.5174184964969755,0.7241067627072335,1.3091103786230087,0.26095897242426874,0.2796103753149509,0.23934993550181388,1.1860670636594295,2.767113711982966,2.1451803612709046,0.7221836254000664,0.7769636276364327,1.028769113123417,0.6298195220530033,0.7744965822994707,1.2719991616904736,0.753931789342314,0.7152133635431527,1.6821475084219126,1.3727184751629828,4.333656460046768,2.1485787394642832,1.0619782206788657,0.8418308335077018,1.319956506714225,1.2417981149535626,0.7815946304239333,0.851994963362813,1.7788682869821784,0.9728457314521075,0.6450901435688138,1.6078253254666925,2.9645973207801584,1.8664827486872675,0.8650517741218209,1.508843890056014,2.1637439564615484,1.0110375666618348,0.8457765039801597,1.7327341803908347,1.2555780402570964,1.3046608778089284,0.36761488199234005,0.6826034261286258,2.439645024836063,1.6002832053788005,0.7302107179909945,0.9705508579313754,2.265308612883091,1.7050378467142582,0.8958927100896836,2.468319258242846,1.687639121953398,0.853564386665821,0.48942070130258797,0.7299781794846059,4.092404944300652,3.6184714031219487,1.134980985345319,1.3182021279633045,3.2714017693698403,1.6672244630381468,1.076326384805143,1.3112977321818469,1.3626302337646485
121,7.403619712591171,3.673091268539429,3.7567020893096923,4.113556003570556,3.6379165649414062,3.141345262527466,4.144610500335693,4.081749200820923,2.5955265522003175,1.3137397527694703,3.8939499765634538,7.696352624893189,8.478860671520232,7.302574322223663,6.513101449012757,4.352932376861572,4.581739087104797,2.7595998656749727,3.8584174633026125,3.8690389108657834,2.4019281768798826,1.5478698325157165,2.8070688152313235,3.8923785787820817,8.683038625717163,9.026050591468813,6.8501704740524305,6.185170030593872,3.537468566894531,2.5132947295904158,3.70679518699646,3.6076991987228397,2.215253162384033,1.348857256770134,2.3199074816703797,8.671553954482079,8.057414484620093,7.181639423370361,7.210352187156678,5.2810725140571595,3.6543635511398316,2.6922578120231626,3.8797941732406622,3.8864069843292244,2.459417759180069,3.191738905906677,7.654588693976402,10.937987772226334,7.756195635795592,7.445419340133666,5.815125229358673,2.957486160993576,3.7334084165096284,2.319145220518112,3.527411365509033,3.6414219784736632,2.315000145435333,1.3614917236566542,7.016985594630242,7.465208368301392,10.417440499067306,10.445651769638062,7.125735960006715,3.9422058367729185,2.557296262979507,2.106663542985916,3.3861677122116083,3.3711532735824585,2.133599414825439,1.7049012744426726,4.95088749885559,6.300778248906136,8.609653615951537,5.722072553634644,4.635319890975952,3.2495452189445495,3.108392572402954,2.733865268230438,4.018384552001953,4.000902423858642,2.5936835098266604,2.4812902390956877,4.022541710436344,6.749460446238518,6.065714235305786,8.102666239738465,6.948619124889374,4.662587656974793,3.1832997834682466,2.9409841257333755,4.099641304016113,4.138451128005981,2.6396097016334537,2.1581489396095277,2.0310664033889774,6.190499669238925,7.07514219045639,7.665862271785736,4.558180563449859,3.4791289305686943,3.756462211608887,3.0813610363006587,4.21503221988678,4.124034624099731,2.672177131175995,2.1227421820163728,5.4281677585840225,4.539964869618416,6.0840231442451485,7.326301274299621,5.7174320936203005,3.719609797000885,3.0272592663764955,2.666867389678955,4.029210412502289,4.140450406074524,2.760171458721161,1.9014287996292114,3.9510144385695454,8.678325496315956,9.878660787343978,7.081378028392791,6.331480832099914,4.243203010559082,3.1291860008239754,2.485796167850494,3.8771853590011593,3.9508038401603707,2.6174836611747745,2.226561214923859,6.390260467529297,10.185709108710288,8.463882780075073,9.741253905296327,5.715360007286072,4.227413535118103,3.431860437393189,2.5012980580329893,3.824019360542297,4.096032085418702,2.5060467195510863,2.04532396197319,6.798430937826633,7.171197974085809,7.680804775953293,7.578643312454223,6.799075264930726,4.845540134906769,4.566918587684631,2.5733393836021423,3.823704037666321,3.927845869064331,4.272467010021209,4.064808667302132,6.760179307460784,8.42430272579193,14.959173734188079,8.974336290359497,5.9992903369665145,4.049683417677879,2.9554578185081484,2.2812043190002442,3.58736230134964,3.7065637707710266,2.4133076643943787,3.478600521087646,6.942663587033749,8.451410607099533,12.09295332312584,9.481558274030686,3.7662743473052984,3.460812896192074,3.4116572618484495,2.327667546272278,3.646522673368454,3.6145034980773927,2.7506913304328924,2.0088205885887147,10.348004544973374,12.074743731319904,10.026114183664323,9.226070857048034,5.320260307788849,3.9213573694229127,3.350425019264221,2.7054129135608678,4.13086820602417,4.270706033706665,2.8435316562652586,3.053688582181931,7.857109731435775,9.109086691141128,6.17306146144867,5.0588864541053775,5.007650969028473,4.47494989335537,3.1531513142585754,2.8618733263015743,4.1186066913604735,4.2398074531555165,2.8522310352325433,2.6582278180122376,5.809986239820719,5.2538211044669145,13.885315555036067,9.457933340072632,5.81518354177475,4.310684584379196,2.9337850916385646,2.2347324776649478,3.590216751098633,3.728547143936157,2.371498490571976,4.153063300848007,10.031341426372528,14.401943384408948
122,28.971836185455324,16.047955322265626,58.162424850463864,416.8175842285156,612.2222045898437,248.20960998535156,55.86497783660889,40.09580478668213,68.15477905273437,163.11915817260743,203.69359741210937,135.78686141967773,52.85426607131958,25.133128833770755,94.07577640533448,373.3704067993164,675.7488659667969,318.19641052246095,44.28606002807617,21.0605125617981,39.88519227981567,120.94841300964353,176.92768844604493,139.8162467956543,75.71222816467285,34.0185898399353,64.03514293670655,307.5272424316406,642.0735717773438,267.30051818847653,41.01979213714599,12.139811534881591,56.252251682281496,137.17326721191404,186.5924478149414,154.0121955871582,80.64803146362304,35.976290435791014,85.01457828521728,382.37255676269535,632.9531042480469,241.63208663940432,33.686258745193484,9.708575592041017,38.19209211349487,118.2104621887207,193.53475830078122,155.17498245239258,94.12875396728516,66.34272291183473,125.46264343261718,386.7748138427734,612.2588732910157,291.1848471069336,31.821499519348144,1.786439161300659,32.135570755004885,132.3857327270508,243.9122424316406,206.318271484375,79.3513870716095,56.25577453613281,123.45057373046875,386.27025695800785,592.9920031738282,246.49611633300782,34.706961975097656,10.254368858337402,51.813041076660156,135.03962295532227,219.54133850097656,176.3089749145508,111.45763961791992,72.3497731590271,138.34537841796873,384.1477984619141,586.3718090820313,184.84963256835937,44.526437053680425,14.422243785858154,51.497103233337405,150.71960418701173,232.7537725830078,212.17467529296874,116.00443161010742,73.65298332214357,135.0983100128174,377.7622900390625,581.3808740234375,213.46829925537114,46.35750274658203,14.483413600921631,46.84534679412842,139.16241653442384,241.99152893066406,193.25138092041016,129.85483154296872,96.48267196655272,178.37577056884768,457.5025939941406,562.2696850585937,174.48128982543943,39.66404907226563,17.717168140411378,39.30604242324829,115.09227355957032,214.81592529296876,209.0122506713867,165.7118460083008,112.3880563354492,185.7454705810547,455.3966888427734,569.2272253417968,179.65473571777343,41.050947704315185,8.124772205352782,35.57158876419068,139.30142974853516,249.99926971435542,265.9083071899414,152.76008407592772,109.8101102256775,188.2669295501709,492.90804199218746,524.6092199707032,150.49283115386964,17.338063354492185,3.8450937843322754,36.875236415863036,135.1994995880127,234.0781900024414,233.56154266357422,152.36370948791506,121.52034225463869,216.38078826904297,461.9508001708985,593.6099328613282,164.15844131469726,30.44186937332153,6.290546264648437,34.70120000839233,126.87485183715822,253.31295684814455,260.3158615112305,202.27582397460938,184.6547004699707,264.4532394409179,475.77599121093743,468.9541839599609,106.09596553802491,13.503282985687258,-5.404478664398193,29.009684829711922,116.61886825561524,241.2898068237305,258.5926177978516,191.15472106933595,140.84665786743162,244.36307342529298,451.51541381835943,492.01570007324216,106.92126556396484,18.813973941802978,1.4018835878372198,23.051603450775147,108.24131217956543,206.8418521118164,236.07403076171877,223.0426872253418,176.67697357177735,264.3584869384766,416.54929504394534,441.03975585937496,89.69783317565917,7.939072227478027,-3.8964362907409664,33.33705781936646,136.39052024841308,271.8981787109375,275.3806384277344,237.32024536132812,204.89691131591795,313.9093704223633,480.4714416503906,461.219126586914,101.2921660232544,1.9943393516540524,-13.276950225830078,21.271064224243162,120.60303520202635,268.66410369873046,305.0712701416016,280.0193148803711,242.0200811004639,309.1529473876953,471.0470788574219,439.6684393310546,102.85883522033691,19.0864430809021,-3.5418543243408203,34.34617671966553,143.73004516601563,275.88997406005853,312.4793524169922,238.24288635253907,207.18258850097655,361.83264984130864,478.31506469726565,391.0400738525391,70.9841877746582,14.045892906188964,-3.650446195602418,35.598754768371585,112.48525424957275,235.3781140136719,293.38707519531255
123,131.17549743652344,174.72809143066405,76.98852081298828,41.944901084899904,12.968666553497314,4.610025405883789,2.5467830181121824,2.108638119697571,1.3247212886810302,3.1504190802574157,51.56526944637299,127.53125038146973,123.28224397182467,108.18001625061035,129.6468489074707,41.082395229339596,14.797675533294676,5.605077648162842,2.785068507194519,1.9607601833343509,1.5176596164703369,3.512213759422302,32.157465609312055,105.68114830017089,142.74336074829102,138.01657348632813,87.7663320159912,39.1552405166626,13.952626237869262,5.108249254226685,2.5593945169448853,2.005580449104309,1.352211666107178,2.8605824857950215,33.43017519980669,90.58622927665711,125.76376230239869,146.7333547973633,118.31766906738282,38.204390525817864,10.727536334991456,5.018598251342773,2.484509754180908,2.0535925030708313,1.401759305000305,6.724611381292343,32.14467395856976,93.00185563564301,147.17487701416016,161.2355350112915,108.85705276489259,36.36935304641723,11.116545071601868,4.9450657844543455,2.3914951419830324,1.993142409324646,1.3548976969718933,1.7478766787052156,36.33663583278656,99.40912857055665,83.45296665191651,117.2159429168701,74.89852935791016,31.589325895309447,11.746036310195922,4.002626037597656,2.4824855804443358,2.171216106414795,1.529344868659973,3.508763890266418,20.96623832911253,63.98132361888886,99.83052560806274,135.0695659637451,91.53213565826417,26.87859477996826,8.771400508880616,3.80987322807312,2.5423299980163576,2.3021307706832888,1.4437245988845826,3.6804153150320054,24.60204294085503,72.38176915690303,141.58255279541015,132.78214979171753,97.51474060058592,35.48371806144714,13.523591055870057,4.399550504684448,2.3426197910308835,2.0957460975646973,1.655487756729126,4.084486665725708,38.88152999162674,139.14760032653808,143.88402339935303,136.1978867340088,73.98479207992554,26.54286089897156,9.679672751426697,3.937598285675049,2.280736479759216,2.1087330102920534,1.4803732228279114,2.5128446489572527,31.905756034851077,112.43013093948366,147.7654528808594,148.46776412963868,109.84248306274415,38.09241512298584,7.521530981063843,3.1860001850128175,2.344180388450622,2.104911813735962,1.3790733242034912,2.5672258573770526,22.166241623461246,87.21257194519043,136.70473648071288,156.41760635375977,105.74698429107666,37.76255466461181,8.319037771224975,3.366542677879333,2.3126474189758297,2.0682567262649534,1.7258383488655091,2.927007646560669,18.092135474681857,82.53164901256562,122.55099784851072,140.09581253051755,87.40601024627685,32.46363586425781,8.280162258148192,3.812856855392456,2.3503450012207034,2.305151424407959,1.5376145362854001,3.126031631231308,26.88683502674103,88.50065391540528,162.26528636932372,158.60953510284426,102.70775009155273,26.259472141265867,7.256797990798949,3.35270519733429,2.3046420574188233,2.1346779870986934,1.6661567640304564,2.1140630972385406,21.773454754352564,89.673247590065,164.69353687286375,157.2186129760742,95.51744724273682,31.700036668777464,7.711300420761108,3.172783646583557,2.1901431465148926,2.095320017337799,1.9542410135269161,3.506476596593857,23.43048963546753,114.75810409545898,121.94992820739746,173.8157775878906,95.35365505218506,33.743791522979734,7.5843806028366085,2.58289514541626,2.1706320834159856,2.1217899131774907,2.139615089893341,3.3544798800349236,23.45726276636124,77.22643390655517,173.1389308166504,182.2316859436035,123.71615173339846,31.09190534591675,8.134022302627562,2.6545509767532343,2.4213330268859865,2.2687781786918637,2.0841293716430664,2.6426862967014317,26.009533904790878,93.46877840042114,121.95025224685669,147.19094295501708,93.8533745765686,21.780250449180603,7.74174635887146,2.7833001136779787,2.322940640449524,2.1910073518753053,2.198228693008423,2.779663174152374,16.96915476977825,68.56912697315217,148.86545333862304,156.70004219055176,116.52257762908934,26.515043449401855,5.2522739315032965,2.7244733786582946,2.289707269668579,2.253600378036499,2.9770806694030765,7.39216685295105,31.099235806465153,84.7566445684433
124,1.5252984166145325,0.9837653636932373,0.4947679162025452,1.319987916946411,1.715690267086029,0.834935873746872,0.7694376051425934,1.441882312297821,3.2550301790237426,1.8975879192352294,2.8304171562194824,0.8677739083766938,1.2100745236873627,0.9314625971764325,0.6187409067898988,1.004384443089366,2.5180721670389175,1.625631520152092,1.224674980342388,1.6649377143383028,2.8732461965084077,2.595663857460022,2.7573829889297485,2.1241261494159698,1.1385593020915985,0.7500417402386665,0.4268179801106453,0.7535302582848816,1.634243943504989,1.240636894404888,1.199939597249031,1.658071294426918,2.121524343490601,2.932784662246704,3.204925928115845,1.1746249151229857,1.0384856505692004,0.5444214532524347,0.4315481410175561,1.1797491630725563,2.3665356285870076,1.2618404522538185,1.318301704823971,1.7016334700584412,2.4723876190185545,2.8461573576927184,3.573046203255654,1.3021863508224487,0.8688593196868897,0.4887667810171842,0.5303513117879629,0.9244166174530981,1.952964150905609,1.3666664210706951,0.9261264792084694,1.2610039722919464,2.1583486938476564,3.189061758518219,3.3261128091812133,1.5677068075537683,0.8355516175925732,0.5703293666243553,0.41631976917386054,0.8253122476488353,2.030280405152589,1.123957977015525,0.6977207402139902,1.4209938257932664,2.970953030437231,2.400875911712647,1.8971518576145172,1.241649770140648,1.032012931704521,0.7854297164082527,0.6121870520710945,0.8152970432676374,1.6185691875219348,0.981355593111366,0.9923555739037692,1.4380056974291802,2.1261176788806915,2.9261651635169983,2.888799946159124,1.5588868728280068,1.0097109919786456,0.8870180222392083,0.46475364454090595,0.8466383162885904,2.083725212216377,1.465798243880272,1.1199894666299222,1.4000240239501,2.4145402467250827,2.2874527096748354,2.867541656494141,1.5551596945524215,0.9809044706821443,0.7164206317067146,0.5572248289734125,1.0143293694406748,1.1211277638748287,0.8379275494813919,0.8176484513282777,1.611707942485809,2.457521631717682,2.7331183385849,2.28966932207346,1.2498029601573943,1.07190633431077,0.5402630276139826,0.3082181139942259,0.6844821057468653,1.3338816657662391,0.8237918641418218,0.5743746855854988,1.2090478914976122,2.07276044331491,2.512256463766098,1.4184080150723457,0.9572501935064792,0.8157526391744614,0.7050119213759898,0.5564557201787829,0.9901176580786706,1.5620564314723016,0.773437878638506,0.3580613915622234,0.843837679475546,1.4862509155273438,2.0614871978759766,2.317868681848049,1.4661855694651602,0.8365744209289552,0.5672297383844853,0.31068350326269867,0.7958344015479087,2.118806994482875,0.894264451265335,0.3617758950218558,0.6127854285389185,1.4825503307580947,1.4979482841491698,2.1560710304230453,1.4704597005248068,0.8374666851758956,0.3491941982507705,0.20030693873763078,0.6775689972192048,1.4329124677926302,0.8992438084632157,0.4213333928585053,0.7905682945251465,1.921739122569561,2.0675110721588132,2.7034090733528138,0.9485137674212455,0.7980488523840904,0.3553895004093647,0.5062565544247627,0.8655036645196379,0.989448107164353,0.35797206071205434,0.37046670354902744,0.9315523737668989,1.427153993844986,2.351825217008591,2.338215819001198,1.1918549752235414,0.7794804522395135,0.612860816270113,0.2711263381689787,1.053406504392624,1.5155639132857321,1.3247069773077966,0.796555099338293,1.203845836818218,1.9718231713771819,2.062467291355133,2.702074291110039,1.226134195327759,0.719321108162403,0.6498236022889614,0.3150435365736485,0.7362534737959504,1.4523067913204428,0.9696138896048069,0.3307654112391174,0.6358307719230651,1.114586188197136,1.8254747009277346,2.274831866621971,0.8604656034708024,0.6581248190999032,0.36292884983122353,0.3221993105486035,0.5746015097666531,0.9470822079479694,0.616660538315773,0.24250278454273935,0.5963882533460856,1.07790946662426,1.5885313498973848,2.0220336073637006,1.024823206216097,0.8252086696028709,0.44592809654772286,0.26275584423914544,0.9246313863992691,1.0928480290621518,0.3981746212206781,0.29490915024653075,0.4623152046650648,1.021021739207208,1.7129511689394712,2.347863295972347,1.19169974334538
125,0.274274979531765,0.06553302523680031,0.06426720079034562,0.0003017068258486799,0.019576950371265358,0.028111719153821418,0.3252650793641806,0.5071838217787444,0.3700945910066366,0.0026608674554153998,0.0125865621957928,0.3189265979686752,0.20670370806474234,0.1086633200012147,0.0769176602782681,0.003975698885042204,0.009888750547543143,0.013990731770172668,0.3299283067509532,0.554473474198021,0.26920142675749953,0.0489891397510655,0.08864894556114453,0.2169822281459346,0.1261869750078767,0.17669295852072536,0.0191057081823237,-0.0033288355637341996,0.0019354736804961955,0.017925844332203237,0.3424177138134836,0.8382982469350099,0.3489412874635309,0.056789717921055825,0.04399808131158352,0.15885514139663426,0.2423596200160682,0.07180101878009736,0.14941307712346313,-0.0027633569797035308,0.000552707146853189,0.010541734369471636,0.41825252719223494,0.7320292643085121,0.2885427226871252,0.08884750961093232,0.040240163132548315,0.15995084015885364,0.19028855484211818,0.17818807699019085,0.044969014944508647,0.005375634978990991,0.004097270769998396,0.020441460916772423,0.19420560676604506,0.3762922022677958,0.17293183972593396,0.10101989154936744,0.0327213737159036,0.24761906564934177,0.11200078052002933,0.11218686258420345,0.03138815733138468,0.0012982187129091517,0.007470810874365233,0.01240282763727004,0.44147731250151995,0.58007090870291,0.34169749674387273,0.12010217345552521,0.10767523194663224,0.16399518545717,0.18889701905427497,0.169913962171413,0.12531505831051615,0.004863789407536372,0.004590632165782113,0.02103472677990791,0.3713576169312,0.5188118070736528,0.182020690664649,0.04898965208325532,0.10641568242106585,0.13585876394994553,0.188466658918187,0.12272921801079062,0.08124487404245881,-0.0027301951579284077,0.002485019834712108,0.007870517391711443,0.175541460160166,0.5441138230264186,0.48502376395277674,0.09049435003660619,0.059110589388292265,0.14991664032684637,0.1452723209094256,0.23936924813315272,0.04748343353159724,-0.006768917610170332,0.0012895869929343035,0.010946812285110314,0.31773961972445247,0.5391741273924708,0.22044962632935494,0.178007086913567,0.03551290659699589,0.08712885892251505,0.13289121846668422,0.08868728126864878,0.09755325615406032,0.0006380835128947996,0.008066265950910718,0.025362417520955156,0.3458776811882853,0.526165804117918,0.2769038121961057,0.10256857123109513,0.10069356608903035,0.19017015112563967,0.13662532082758844,0.3658554425975308,0.10331290886737403,0.0017940760217606995,0.006081232223659735,0.012237885580398105,0.4071921812742948,0.6574589998833835,0.5314619010430761,0.3503202900703763,0.05384954136330635,0.07830795114394276,0.30420745185576376,0.108029933583457,0.049748051036149224,-0.007891246469225741,0.0008726437180302888,0.03188526908867058,0.36336915475316345,0.5931939139030874,0.402807593178004,0.2693247699458152,0.029286753381602464,0.1746622878545895,0.2365905070398003,0.22122002749703826,0.07733072909060865,-0.0013031659950502358,0.00028298102319238364,0.03071085741743441,0.7217900170572102,1.1057297206297516,0.33685116143897176,0.09394598459359257,0.06071666435105725,0.16782275399193164,0.1734021479077637,0.12627179122529925,0.12222269357182083,-0.0032770028407685405,0.005812482810579208,0.02584353360114614,0.48899244789034124,0.6100357394292951,0.28745835880283266,0.02128366273595022,0.02289452447323127,0.19881565709307322,0.145931637911126,0.32407221878878767,0.07613545607775446,0.01420646456070242,0.006910587437450865,0.01828928427305069,0.3243068234622478,0.4627046411670744,0.23955726800952104,0.16632498226594175,0.09146597156766803,0.06466743248281998,0.2646150981611572,0.16433314926922318,0.06407218727981669,0.005205205669626583,-0.004552037827670588,0.012627383843064267,0.4636420856043696,0.616945652551949,0.5668476851470768,0.09410036594024859,0.017824355574557568,0.20396738591603936,0.0838706473901402,0.07565317759755998,0.053877176693640616,0.010390628837048997,0.004940587701275908,0.008701570029370444,0.536429396867752,0.5244059300050139,0.38889202252030375,0.26655045476974915,0.05816465479321775,0.08051606542896479,0.2744034815952182,0.1912622517137788,0.02489343043183907,-0.009897675518877807,0.0024046459700912035,0.023860436929389797,0.5175740532577037,0.772776470258832,0.3686621555732562,0.09495021548587827,0.03777951977215707,0.26273482144111765
126,94.30151901245117,185.07219543457032,152.79266967773438,174.04350891113282,86.30030975341796,40.11724166870117,8.554244995117188,3.094954252243042,2.9886966705322267,11.849548435211181,74.11095161437989,101.56601905822754,109.53327499389647,103.41236129760742,138.0631866455078,134.3996989440918,88.88403259277344,46.612206077575685,7.464962520599366,3.0388528728485107,3.935784025192261,12.453435230255128,62.83482521057128,106.75636520385743,163.61487243652346,154.11148483276367,156.66124450683594,159.40540313720703,112.15941116333008,49.77704261779785,8.68484356880188,2.7568287181854245,3.466802642345429,17.397482781410215,67.86459426879883,117.2535450744629,124.49316635131838,130.90457809448242,147.71442230224608,138.05588165283203,71.0179656982422,31.840847969055176,8.212088146209716,3.6486542892456058,4.258757276535034,14.339269847869872,58.914418601989745,98.22393806457521,143.78323524475098,159.4515719604492,183.98389480590822,153.8996499633789,98.4707958984375,40.66378936767578,8.924240961074831,3.26888991355896,4.087816219329834,12.674551095962524,70.55366340637207,116.18503463745117,110.17220062255858,157.52507781982422,160.0659100341797,137.08836975097654,83.72004173278808,30.73133232116699,6.47416379928589,3.0998322820663455,4.536053581237793,14.988103365898132,55.01051380157471,105.98417327880858,133.97595222473143,151.99352966308592,149.31857299804688,137.02963775634765,79.45199554443359,27.68930953979492,7.131973896026611,3.502101678848266,3.6955842852592466,17.736066162586212,72.20965545654298,133.9030992126465,144.89978805541992,153.44220123291015,181.49722747802736,149.61199096679687,75.99481399536134,29.342695007324217,5.922696704864501,2.9023674201965335,5.331832971572876,16.434986648559573,83.0459139251709,162.78826095581056,186.83696868896482,185.48351196289065,177.35682067871093,141.67456298828125,76.377783203125,30.899831237792966,5.600632905960084,3.0725163984298707,3.5064378547668453,13.280731658935547,75.72455627441407,152.25994079589844,173.91746826171874,185.7974285888672,195.79429626464844,154.5845687866211,68.70119812011718,22.98887613296509,5.687255592346192,2.7911620903015137,3.9741669559478767,12.775019106864928,66.25977710723878,156.0471826171875,171.99891998291014,175.82176635742186,188.6262322998047,151.02679077148437,73.15077377319336,23.11552541732788,5.856369419097899,2.714304065704346,3.5646419358253483,13.078793425559997,72.8780177307129,144.72150093078614,158.70141204833982,172.8600663757324,165.00763427734375,135.6744395446777,48.56302379608154,22.215564346313478,5.371444578170776,3.3741844749450687,4.878235507011413,13.822917666435242,87.39475730895995,160.1626985168457,209.8895960998535,206.82989776611325,186.4653988647461,124.4445120239258,48.459251937866206,18.416761093139648,4.700503234863281,2.972768259048462,3.679013028144836,14.706202392578126,75.63959571838379,136.3594960021973,206.26990829467772,198.67400177001954,199.67583740234375,134.66956436157227,57.934204483032225,20.85123977661133,4.192505474090576,3.1060364675521845,4.788629255294799,17.909727725982666,76.52950302124023,177.93559310913088,186.83238235473632,208.04961242675782,187.46668060302736,136.85682998657225,51.28446418762208,15.152239933013917,4.865971050262451,3.2858362579345703,4.226944768428803,13.5035710811615,95.4848291015625,167.50000228881837,202.1666650390625,238.43700561523437,216.15857543945313,148.54450378417968,56.12818794250488,16.229589538574217,4.308568840026855,2.888277583122253,4.209941353797912,15.440743684768677,78.94108470916748,167.96048431396486,223.7689865112305,239.23866180419924,220.9167236328125,135.23113159179687,48.39281791687012,14.155893697738648,4.34239218711853,2.7816845798492436,3.2578229165077213,12.191388144493104,65.81422103881836,152.86444343566893,193.05297363281252,239.7047186279297,231.54765197753903,130.2571781921387,44.35505859375,15.77036350250244,4.321398124694824,2.889179344177246,5.274794545173646,24.24266487836838,114.38678565979004,184.35312744140623
127,248.8161834716797,327.0499755859375,269.1063995361328,327.3466552734375,260.80039978027344,207.7791717529297,106.16496353149414,48.57752647399902,89.08058090209961,261.00712890625,376.9065185546875,286.669140625,319.09200805664057,274.19658264160154,244.39216247558593,251.34138122558596,227.0867803955078,171.58955169677733,80.53888381958008,65.94820594787598,158.5054684448242,253.79025955200194,370.44422546386716,360.0023596191406,347.88158081054684,252.64088989257812,249.46116607666013,266.4247412109375,241.61067077636716,182.34814392089845,82.46422630310057,42.15260501861572,139.24672241210936,289.92930725097654,375.47848937988283,354.4746600341797,338.7533276367187,292.6277624511719,266.8421936035156,304.5089654541016,236.69225341796874,173.03638854980468,73.70372817993163,50.65836188316345,139.64161773681639,285.33353820800784,349.0386169433594,362.4071862792969,328.8916076660156,303.7263171386719,282.8766107177734,267.0098626708985,246.9277301025391,192.8432369995117,77.05642250061035,43.89044716835022,149.13857345581056,308.8095684814453,402.48152038574216,371.16552551269535,331.5122882080078,331.91869812011726,314.09485595703126,289.78886779785154,235.95939392089844,162.06856750488282,66.81030559539795,51.755469236373905,142.52520828247071,287.3101611328125,339.79871032714846,373.5914538574219,340.7078894042969,303.20981872558593,264.80540100097653,311.46398498535154,231.46820739746096,145.02475769042968,57.050485076904295,40.526161079406734,133.84706924438476,304.3108023071289,422.68310424804696,425.08166015625,327.8347314453125,292.6093322753906,308.07129638671876,296.0668432617187,245.00051269531255,148.51755065917968,58.78762783050537,38.33835069656372,120.49421654701231,311.67049499511717,412.79910522460943,386.7038623046875,420.3423046875,356.6488977050782,329.3053366088867,287.96048156738277,222.1486944580078,137.9764743804932,53.51031860351562,34.930318908691405,128.29343063354492,303.5076159667969,427.7836126708984,427.5507958984375,362.23750366210936,291.8964077758789,291.64631774902347,291.72383666992187,213.3154730224609,113.97297119140626,42.784040279388435,44.40677740097046,114.2775005531311,310.04598205566407,427.18396118164065,452.16863525390625,364.46764465332035,295.8333142089844,329.40241760253906,308.6481268310547,214.46931488037112,112.9872334289551,48.06811973571777,43.76512014389038,140.99401679992678,287.50165954589846,436.0681579589844,428.85285522460947,350.83986755371086,331.2014880371094,299.50036804199215,305.01124572753906,193.52763763427737,90.50906436920165,35.90071638584137,28.36778066635132,119.55445251464843,297.69597686767577,427.63873901367185,445.654140625,373.2082824707031,361.0010467529297,320.3508709716797,296.71923950195315,194.29410705566406,99.50964050292968,37.65385341644287,41.44456354141236,134.09466766357423,333.55738433837894,458.27007019042975,401.10230712890626,373.5871325683594,341.56791442871094,352.81126098632814,295.0213385009765,184.1988931274414,83.15056030273436,32.47975345611572,46.9978200340271,142.07087951660156,358.4592449951172,453.36619873046874,446.32468383789063,437.7702917480468,352.7721795654297,328.7698541259766,287.4390966796875,183.81877746582032,82.26057235717772,35.39170854568481,33.92463521957397,123.20229919433594,302.7288116455078,479.99856811523443,502.64629516601565,392.8442492675781,346.13098754882816,340.4582354736328,288.96614135742186,168.3402667236328,90.72388381958008,34.54041896343231,39.16301834106446,118.77725624084474,318.15013366699225,467.7783605957031,462.31302062988277,450.42863098144534,362.7445635986328,357.8438513183594,318.55504699707035,169.62135559082031,76.78483528137207,26.161555309295654,27.787022199630734,120.80278221130372,331.4473504638672,487.98592041015615,485.8253002929688,427.63480712890635,438.05768920898436,381.54316528320317,282.86181640625,159.47791839599608,70.35066284179688,25.279423513412475,32.197977581024176,109.741459274292,326.8817785644531,530.8400146484375,508.77351196289067
128,15.67562394142151,20.623824691772462,25.25117721557617,25.997256469726562,13.931546878814697,1.4949729025363923,0.9165377408266068,1.73047776222229,0.5198173590004445,2.274636387825012,14.316087606176733,21.241335773468016,16.01971350848675,19.03419587135315,41.43861888885498,28.294794502258306,16.019405989646913,4.157101649045944,0.15524345859885214,0.409438244253397,1.4738852262496949,4.230493006706238,10.296935991942883,15.86317214101553,22.365001316070554,25.5937752532959,30.354086570739746,28.20077077865601,14.385904245376585,2.4543536198139186,-0.10716836929321287,0.4197972267866136,0.469839600995183,2.935040272474289,10.66679146975279,13.83347732067108,19.3177312836051,28.164609870910642,34.54924602508545,26.724370727539064,11.213030986785888,2.3843966978788376,0.5306485535949468,0.2789947757124901,1.1279173912107945,3.595221298933029,9.823938086628914,15.478075129389762,20.633709971904757,32.036989269256594,38.28970237731934,29.716623649597164,13.55596349000931,2.2696215927600862,0.0009779402613639965,0.4675247897207737,1.2757345429062845,1.3666872641444205,11.006021404862404,15.58606777906418,13.205359740257261,22.623599557876584,28.342320995330812,21.566415786743164,14.990648255348205,2.4869677689671517,0.3270371988415718,0.5894140525907279,1.7527935460209847,3.447885994315148,7.999226350784302,14.576691150665283,19.053951555490492,30.635068237185475,36.769011440277104,24.050487518310547,11.302409362792968,1.7890748888254167,-0.027956910729408257,1.114579964876175,2.5762570931762454,2.2811966028809545,9.153749887943267,13.725312201976777,22.792161180973054,29.593891296386715,35.04593050003052,29.064749164581297,11.61399736404419,1.7519201916456222,-0.2779471328854561,0.3342578744888306,1.92395509570837,4.791247229725122,12.707487542629243,26.5367090767622,26.087107345163822,35.49504917144775,34.40503574371338,26.62149661064148,10.534686343669893,1.946795727610588,0.03444138258695602,0.2396105170249939,1.0924789613485337,3.730555406808853,11.30618604540825,23.211656160354615,30.053073539733884,39.63728324890137,44.78160995483398,31.56580814361572,10.592334067821502,0.5413838778436184,0.3278961172699928,1.4637736715376375,1.5928077340126037,3.0167661890387536,6.785646543502809,18.18298351287842,29.46160559654236,39.530844814777375,41.31515577316284,26.41212114334106,10.744957234859466,0.627494954764843,-0.06443715423345567,1.0880250072479247,2.069357087612152,4.756268862485885,6.629356252849102,16.779810006618497,24.872524894475937,37.74537637710572,38.181243820190424,27.166867446899413,8.16699219226837,2.251781983971596,0.08506608217954637,2.4611834828555588,3.623447348475456,6.142162158489228,13.565166165828705,20.294419448971748,39.28927778244018,44.902217140197756,46.01305980682373,28.366584434509274,8.222431119382382,0.13218702912330624,-0.23172373652458184,2.4309938764572143,4.5828715407848355,3.260140783786774,6.91832710251212,21.261485170722004,40.65209353446961,45.19303535461425,43.983473815917975,27.882450504302977,9.791050748825073,1.8583287721872328,0.7336319456994533,2.3362221336364746,2.7655764063447714,3.36528461098671,10.841425013542175,26.67789494514465,29.349493560791018,51.993902702331546,47.11234039306641,30.245390872955323,9.708459005355834,-0.36186715334653846,-0.49440852418541903,1.634292834699154,2.199579810202122,4.5743981209397315,11.079239357709884,17.11769241809845,46.40484722137452,55.28074937820435,55.31122949600219,29.88146390914917,12.911689207553863,0.11650328695774079,0.389614161849022,2.63088003769517,5.348898748010397,2.858046751022339,9.930275722891093,23.17941709071398,33.71890073418617,43.03573180675507,43.40127010345459,21.768497104644776,7.238287028074265,-0.21602985918521883,0.6225359040498732,2.531295530498028,4.068988128900528,4.549268177002668,6.610936943888665,20.047347809076307,40.95155927658081,49.271932945251464,54.32009315490723,29.32408020019532,7.534200696051121,0.9056488984823228,0.916268942952156,3.75518481373787,4.734649774879218,9.566389358639718,14.007265605926511,23.141914341449738
129,29.232081389427186,19.94342086315155,24.309358215332033,24.969033885002137,38.994102478027344,35.64057579040527,72.67542762756347,31.427614307403566,56.40462474822998,63.03670388460159,48.85171966552734,44.67409877777099,48.86448305130005,42.44963423728943,29.8854407787323,19.663468091487882,22.224068164825443,30.822518368363383,24.442211997509,14.540272455215453,36.81150894641877,34.15326594173908,26.52032513141632,32.391117956042294,28.22393286168575,40.72868616104126,34.93684858202935,19.88174131721258,28.16359936952591,29.662933883666994,26.150414123535153,18.560254288911818,31.13418201684952,25.23944748878479,25.674003145694734,34.37567810535431,42.87261578559876,34.18713667035103,23.298426144123077,28.413108053207402,42.30274015903472,43.97894502639771,15.586853475570678,16.25546654224396,28.90185824871063,33.4525247001648,26.68115342140198,40.02094992160797,43.62386651039124,44.23090139389038,22.743449368476867,24.39691024065018,30.65847515106201,32.327960526943215,13.894164805412291,9.013897495269775,24.646409144401552,23.218296619653703,20.463866868019103,32.38216782569886,42.14787238121033,37.252444233894344,35.898554697036744,22.996035473346712,41.276377754211424,38.63584242343903,30.617401790618896,13.912272171974184,31.88165410995483,30.977017879486084,32.0336873960495,38.62266048431396,35.8376912021637,34.29361903190613,27.14133806467056,17.607501444816588,45.44449272155761,30.907131929397583,23.624632589817047,9.799187388420105,38.5259620642662,37.51000200033188,33.463628294467924,40.49797794163227,31.718369693756102,40.56916585922241,30.224615945816037,23.72418888092041,32.95646476745606,26.12744499802589,20.60815907716751,18.485850448608396,35.25770930409431,24.702178161740303,19.482037975788113,31.506227521300314,37.792394170761106,38.64484199523926,27.94841902256012,18.053832902908326,18.950184535980224,34.14178892731666,21.52911434173584,10.646843392848968,21.829156465530396,23.950607631206516,23.207538599967954,26.41069037437439,38.191475067138676,43.713450150489805,27.440941500663758,21.8187296628952,42.96203357696534,40.38506658554077,21.326818614006044,7.47477566242218,33.0966039943695,29.012575578689574,28.52295479297638,34.84112916946411,45.83803444862366,35.50024463653565,24.083273663520814,14.00957433104515,29.77011949539185,50.69088698625565,26.506151190996167,12.350820511579514,36.10228735923767,26.369710285663604,29.16741820931434,42.11326912879944,37.12520109176636,63.27780900001527,37.5577149105072,29.74986017227173,30.63326403856277,25.325361580848693,24.05318581044674,14.493521671295166,29.178566174507136,28.69014598622918,24.697108392715457,43.7969332742691,46.40527864456176,36.50078397750854,25.827497286796568,24.908107652664185,38.63940982818603,36.43533274173737,19.8581307721138,19.570529108047488,51.3155400466919,44.01625358581543,30.499730277061463,45.097581939697264,30.99033421516419,49.10707500457763,39.692394275665286,20.63351255595684,42.54692544937134,35.96346244335175,22.368643884658816,14.55495929002762,36.50871809959411,30.42022417068481,37.53189222812652,45.46827692031861,41.853723948001864,39.49819146633148,34.77315639972687,19.4339491546154,36.17858448028564,33.22211905241012,18.26325033783913,12.06309529066086,28.743952488899232,33.484027709960934,23.154035137891768,40.57427371025086,43.76336567878723,40.499982051849365,26.114826874732973,13.928866901397706,33.00777486801148,37.72926028251648,23.550564579963684,10.142247552871703,25.828391008377075,58.44771144866944,14.509927960634233,37.477206158638,39.46387454986572,43.86890388011933,28.968396668434146,23.168806731700897,28.529295556545257,43.04563386917114,12.35455870628357,9.366279039382935,30.632755050659178,27.687338321805004,28.194339632987976,35.54796479225159,47.29531495571136,42.2338781452179,26.44560291290283,17.574755690097806,29.055253744125366,29.474786043167114,22.425470161437993,10.1019326376915,19.47219799518585,32.224220018386845,31.59543095111847,35.7914586353302
130,55.55233955383301,61.48765106201172,42.33026275634766,17.96295554637909,12.385741949081423,64.95966286659241,75.47500305175781,92.95810165405274,98.38211517333984,68.94148063659668,63.04112749099731,111.67983436584473,134.97744647979738,144.37250076293944,134.2161554336548,75.94343349933624,25.984624094963074,53.80728569746018,101.2084061384201,91.67994445800781,133.1070213317871,74.81796745300294,41.45576512813568,84.1027379345894,121.25260112762453,142.55392105102538,108.70736683845521,40.518686101436614,13.63506495475769,58.494490432739255,90.67696741104126,86.71199674606325,90.99838155746458,59.08681106567383,34.409866390228274,66.24314614534379,164.95130004882816,173.43008560180664,120.1247755432129,56.67957365989686,17.63172812461853,45.082219734191895,75.44235244750976,99.1018978881836,76.65583106994629,45.945440979003905,43.153462491035455,101.6019688987732,136.00355480194088,166.0897162437439,110.61768623352052,49.518202419281,15.773434195518496,56.099267845153804,83.07597778320313,81.67233474731445,106.98714171409605,48.3939407157898,32.55879041671753,63.410114464759815,116.55336280822753,164.84907516479493,109.47319656372069,46.843844618797306,25.116381559371952,98.25696519851685,107.56538654327392,90.87803817749024,79.79952751159668,59.853972301483154,42.47775576591492,81.27946575164796,138.36556728363038,162.70421548843382,148.95168540954592,43.8645839881897,21.1387526512146,58.068546719551094,69.4762696170807,75.39519588470459,84.74258235931396,55.34736481189727,45.43517298221588,82.03137756347657,134.43624092102053,160.42936614990236,119.20284435272215,50.02602349281311,12.964468755722043,51.90283491134644,93.87696380615235,81.98943351745605,65.8641663312912,61.33454694747925,43.63911269664764,78.62788418769836,107.95496673583985,164.33533185958862,113.53312160491944,43.163637201786045,15.164407687187197,39.17910302162171,78.9255542755127,85.84733505249025,76.14007022857666,67.69936053752899,52.628044741153715,79.6045414352417,189.48862014770506,212.3785057067871,149.3278755950928,62.98724178314209,16.079172134399418,62.91321499347687,61.66232494354248,76.72160329818726,94.48613037109375,96.65825649261475,70.14198566436768,134.06668264389037,138.1613844680786,189.23840301513673,133.37732276916503,37.85116641998291,13.675343065261842,73.43921702384948,81.52795070648193,86.83819172859191,91.26366941452027,66.85053669929503,47.30209331989288,101.68494720458985,155.23074310302735,175.94266860961912,133.89836106300353,47.95013078689575,8.060521337985993,41.96419645547867,73.6145394206047,61.12367388248443,72.79271870613098,63.321183195114145,51.962295112609866,88.33547575473786,161.58724792480467,183.31111587524413,126.01039909362794,56.87822042465209,15.069406013488768,59.13221253871918,67.97768709182739,93.3507802581787,77.06997822761535,72.41089399337768,41.918241512775424,85.39370345592499,181.73720985412598,226.84630279541017,134.8615295410156,38.96302775859833,20.14097352027893,62.72198710441588,64.19844121932984,65.56492657661438,82.26911457061767,68.4845894241333,52.663425943851465,106.08287563323975,162.72024480819704,195.6070977783203,144.28427925109864,60.289462661743165,17.22057447195053,59.586366987228395,68.52876916885376,67.76633428573608,94.4899364566803,72.47665863037109,57.21610273361207,98.67596179962159,168.7906353759766,183.1362335205078,105.52906293869019,51.168888726234435,7.309409894943238,65.5176537322998,68.93868947982789,71.05874565601349,85.91431358337402,92.23919606208801,68.34374013900756,94.45324407100676,137.24798240661622,165.2650353240967,137.35159635543823,55.761790113449095,9.39946146249771,62.205265119075776,81.33038980484008,65.65063464164734,76.0124112701416,80.43389240264894,59.20613875865936,104.14912139892579,184.54451499938963,169.98237062454226,138.5312996864319,57.42250587463379,16.31237009048462,43.72547731876373,63.499308547973634,43.71444683074951,63.43677330970765,80.51944938182831,65.29259973526001,100.03462223052979
131,-14.337094497680663,-13.941600227355957,-12.1568998336792,71.41297207474709,417.05646362304685,181.33348178863525,15.496295738220216,8.023263359069825,80.38949050903321,116.84376525878906,133.28486328125,10.134061717987061,-13.903087425231934,-13.200455398559573,-10.093151035308837,84.22758647918701,498.1494201660156,205.54450592041016,26.647883253097536,16.425176696777342,58.2712733078003,120.02851673126221,96.77654970169067,5.571543340682983,-15.05569432258606,-14.380975685119628,-9.517688417434693,121.17232898712157,655.1596441650391,242.65033674240112,21.71855769634247,5.98051266670227,68.477663230896,150.71700408935547,132.00979248046875,14.849329543113708,-16.48592519760132,-15.683187274932859,-8.729161686897276,158.58483338356018,713.9423776245118,231.25361358642576,26.075843563079832,1.102265672683716,62.49775157928467,157.46462860107422,118.08822395324708,3.9339375889301302,-16.77207653045654,-15.781801071166992,-5.810358823537827,156.56252372741702,720.9699780273437,212.8697774887085,3.8877431106567393,-5.576289258003235,58.58887380599977,153.90670532226562,132.36230575561524,9.319099979400637,-15.96992338180542,-15.538391494750977,-7.055839467048644,184.14616577148436,663.3402404785156,216.15417404174804,12.946909675598146,-5.300177173614502,60.25664642333984,145.17702056884767,123.90529663085935,14.195117063522337,-16.161719536781312,-15.884594802856446,-1.7400177955627445,278.05081405639646,699.5768005371094,160.09436660766602,21.433786430358886,-3.089850654602052,59.92692840576173,152.53092544555665,136.44026428222656,20.676846551895146,-18.18681339263916,-18.30728572845459,-6.955737557411193,253.6581410872936,708.3864263916016,227.23320037841796,19.70675012588501,-4.927972295284271,58.44379655838013,152.4546169281006,168.2398321533203,36.68134373188019,-14.649255924224855,-16.762350349426267,2.6162656819820405,296.76340713500974,710.8053771972657,140.43483154296877,-7.3292904090881335,-21.646017532348633,38.52713326454163,138.60807250976563,141.16651260375977,32.09321025252342,-9.221876735687255,-11.487633743286132,1.7480721628665925,315.60156761169435,649.5858972167969,149.63631483078,-0.8419267272949214,-19.81620545387268,36.34015781402588,133.79945556640627,152.94805210113526,59.89721999645233,-12.311473770141601,-12.485949144363405,3.268134279251098,314.7077963256836,591.1182519531251,161.60954250335692,9.269005088806152,-15.323620357513429,46.080856924057,151.26832519531249,170.2285794067383,48.629497051239014,0.37208995819091806,-15.333853244781494,8.943579196929932,383.6169401550293,688.427294921875,131.91461681365968,-1.846203155517578,-23.581030044555668,26.49032968521118,118.05339279174802,168.09150466918945,81.77754119157791,7.970932064056397,0.8740021371841437,48.86265596866608,547.872846069336,662.9691076660156,100.95613283157348,-31.96162877202034,-32.2519482421875,20.77361351966858,143.748585357666,216.3018240356445,95.74624972343445,2.2104604291915897,-12.534998083114624,52.71921059370042,500.51838623046876,667.4014001464844,97.13030181884766,-17.648444080352782,-33.72105485916138,21.621429100036618,117.16306344985962,192.84532379150392,96.58475116729737,8.67237337112427,-7.136341038942336,50.016102151870726,533.9117077636719,600.62658203125,108.62509498596191,-13.97036901473999,-28.853409118652344,46.684244327545166,164.26022560119628,254.0288345336914,118.06269142150879,31.39415603160858,32.003431859016416,78.49746344089507,548.0282116699219,654.4539089965822,97.10713497161865,-25.787541389465332,-36.83027923583985,26.806856937408448,144.5021269416809,203.8300993347168,134.6596769618988,31.943885746002195,16.142093114852905,108.12823108673095,605.6803955078125,589.3025152587891,110.10615844726563,-16.42734170913696,-29.592568054199216,19.070705070495602,143.60057340621947,208.3978385925293,130.28422115325927,67.48682872772217,29.24195930480957,121.92844954013825,581.5284802246094,478.0900363159179,60.34909782886505,-26.85635134696961,-35.82037239074707,24.53053418159485,132.3474831581116,244.28606201171874,138.19028232574462
132,1.4527606606483459,1.039557158946991,0.9655305027961731,8.72472562789917,22.374659538269043,29.04661407470703,12.520229911804199,8.364920139312744,9.543797206878661,6.798015546798706,3.3647138118743896,1.7475969314575195,1.4509680891036987,1.0754233920574188,1.1523304748535155,5.592379999160767,24.495646152496338,32.41874496459961,14.706973266601562,8.389239139556885,9.786106281280517,8.59388792037964,4.097981567382812,2.070396773815155,1.424841125011444,1.0753512597084045,1.1689570140838623,6.5638216543197645,26.68337718963623,32.01838363647461,16.695380306243898,11.33924461364746,12.08597043991089,9.310222778320313,4.416177949905395,2.1915767192840576,1.502461905479431,1.1801578712463379,1.974162117242813,12.213076968193054,35.76636734008789,35.38332450866699,16.13402431488037,10.744374055862426,11.779439487457276,10.429150466918946,4.992520885467529,2.297872920036316,1.6356035470962529,1.2624002957344056,1.4373258328437803,8.212877855300903,31.799316558837894,36.34362415313721,19.884415168762207,11.488361415863036,12.52554189682007,11.22336591720581,5.671766843795777,2.536637706756592,1.6075097680091859,1.2202477502822875,2.818340322971344,13.531663274765014,42.5291714477539,37.11300483703614,18.324871826171876,13.447497825622559,15.934677925109863,15.260005283355714,6.602253751754761,2.850801739692688,1.542566373348236,1.1015776419639587,2.109053665995598,15.754028759002688,54.023599815368655,40.87390522003174,21.236073112487794,11.385732173919678,11.797873287200925,12.882821464538575,6.173128700256347,2.535954394340515,1.3382214379310609,0.8398826038837435,1.1274667596817016,9.163469457626343,35.44527954101562,31.23625074386597,21.096732597351075,8.902232780456544,12.466422090530397,13.984867944717408,7.015139446258544,2.9663170289993284,2.3756240808963778,2.03105348944664,5.1607010912895195,21.13023147583008,50.95156867980957,33.444885902404785,13.721104269027709,9.311973085403443,10.884900474548342,12.478698806762695,7.339109802246094,3.8096575069427487,2.3021090531349184,1.667513020038605,2.5444873189926147,15.517558012008669,45.17342578887939,36.44644836425782,18.591889686584473,10.928598318099976,13.647342834472656,16.539346408843993,9.460506629943847,4.770957450866699,2.456270034313202,1.4274128472805023,2.9981788992881775,15.982884902954103,60.302832946777336,36.55186172485351,18.65156562805176,10.328883209228517,13.510721530914306,15.957398977279661,9.432708597183227,4.536755201816559,3.094130074977875,2.656368443965912,3.9548914432525635,21.44008215904236,56.57396255493164,32.894106216430664,16.049385051727292,9.322533359527588,14.323252334594727,19.388880462646483,11.531116390228272,6.182147040367125,3.817677547931671,2.693817578554154,5.6325732755661,21.12332950592041,57.54705642700195,36.35553243637085,19.18526620864868,10.97610671043396,13.823565635681152,19.59714645385742,12.554187088012696,6.2310235309600825,4.112385489940643,4.237273097038269,9.115328240394593,25.77581708908081,68.79843711853027,40.907558860778806,19.11547375679016,10.444445877075193,15.86918502807617,20.857766036987307,14.425369005203247,7.536614723205567,4.74690101146698,3.285286267995834,9.418855905532837,32.402382373809814,91.56859909057617,45.909713745117195,24.32628616333008,11.844587888717651,17.787453107833862,21.905570211410524,14.631517925262452,7.093646931648254,4.6276310491561885,3.5085934376716614,7.122433540821075,27.698993110656737,61.794794387817376,39.009048156738274,18.83083608627319,8.847286376953125,12.726422309875488,17.88308988571167,14.016786422729492,8.440848016738892,7.718234224319458,5.334413509368896,9.4961287856102,30.996059265136715,70.08223011016845,36.8021713256836,21.802793521881103,11.301497716903686,16.642408046722416,22.991394767761232,17.378562107086182,10.676970462799073,9.500613644123078,7.839692716598511,13.99763137102127,45.718138923645014,78.17052131652834,38.230271224975596,18.791197938919066,9.645705738067628,14.620324611663818,24.1399462890625,21.438910846710204,14.894981231689453
133,289.2518707275391,314.28693237304685,344.65582275390625,320.22548522949216,288.5937744140625,256.97723693847655,229.62473754882814,127.84446868896484,173.83173217773438,144.1132827758789,205.22705993652343,296.6708129882812,343.4868246459961,336.9013989257813,425.809970703125,468.8682153320312,379.4063226318359,282.12725036621094,185.05448638916016,142.39600341796876,151.8177827453613,173.4102970123291,207.81274564743043,274.08556983947756,376.08037719726565,449.0364581298829,430.649652709961,419.15791381835936,344.1330822753906,227.25522369384763,173.8951171875,132.7861196899414,120.99757293701173,130.8880288696289,168.5724362182617,281.84891113281253,399.70563598632805,422.4440002441406,501.35694824218746,479.8397863769531,339.42609436035156,273.5095672607422,180.0944985961914,127.29607719421388,136.5299349975586,158.37130943298342,232.10610580444336,351.0691946411133,381.8915191650391,510.82322814941415,468.9965881347656,466.61339172363284,345.63087829589847,256.91112121582034,130.41939453125002,88.6717074584961,112.11749851226804,109.599845161438,165.06815742492674,276.96898406982416,376.42006591796877,461.9969906616211,518.1690280151367,459.5755297851562,369.33056030273434,263.7697424316407,175.17604095458984,127.83236679077149,124.36963775634767,160.60839294433595,269.36583423614496,368.1214657592773,379.1717755126954,455.0641436767579,519.9118109130859,451.23442260742183,367.6080755615234,197.74798355102538,141.41978317260742,98.54905899047851,106.76234523773194,145.3007233428955,217.1951878356934,316.6899438476563,463.5305291748047,508.2342419433593,536.8921813964845,478.0992004394531,295.62172882080074,228.3287841796875,153.73888549804687,118.45540466308594,129.8580364227295,111.02355575561523,182.78614868164064,313.6547366333008,373.0157470703125,508.7447161865234,523.4360443115235,468.9392578125,295.8157360839844,248.27247650146484,143.01449783325194,118.35667404174805,131.75168746948242,119.32393310546874,194.1607780075073,298.8538647460938,507.21799133300783,570.0997912597657,702.6653601074219,536.7886828613282,345.23271850585934,247.4714654541016,180.67791549682616,103.08532066345215,121.96645362854005,178.5117553329468,259.5152751159668,353.7778186035156,395.84837097167974,534.746505126953,556.6811676025391,448.1504180908203,338.1592041015625,241.86933502197266,171.3627816772461,123.37783004760743,142.93348999023436,146.6781254386902,211.4814284324646,352.62628173828125,494.805083618164,594.0415588378906,614.2048022460938,477.9968835449219,317.2220031738281,238.98544311523438,176.4548191833496,106.81836387634277,119.47620975494385,138.85446870803835,247.45216056823733,420.716418762207,524.9097875976562,636.727138671875,657.6039685058593,607.9427600097656,341.56376129150397,238.70071304321291,140.9985092163086,122.26737579345703,127.96979194641112,157.4542790031433,171.2050430488586,353.05300689697265,519.9057513427734,676.2101049804687,656.1313842773437,460.36605285644526,336.44597595214844,259.6450738525391,176.53395217895508,93.20861797332763,129.00921531677244,138.41178466796876,241.07939111709592,376.72437927246096,509.33266174316407,637.5834490966797,643.438169555664,475.1413827514648,332.9598678588867,209.69000915527346,141.4372182273865,100.74360301971436,112.38985065460206,129.8163599777222,216.55385162353514,364.12152709960935,557.6868914794923,674.2013354492188,695.9811181640624,531.8682165527343,387.41862365722653,224.82512817382812,121.53089607238769,85.38270164489745,109.56794921875,136.0789642906189,188.57308475494386,402.12279602050774,506.52226440429683,655.2506970214843,702.4179833984374,534.6756610107421,340.9966384887696,211.30910232543948,123.03696846008302,98.72772621154785,104.1722333908081,108.91946334838867,175.8696767425537,357.45942016601566,518.7428918457032,574.1197412109375,673.0377337646485,559.463271484375,342.5110415649414,210.0507391357422,143.4823179626465,97.32610313415526,104.94934272766113,111.84260765075685,209.50239120483397,367.45866821289064
134,8.736604642868041,5.959664440155029,9.066323566436768,17.298987865447998,16.937231159210206,2.759882915019989,5.059820926189422,11.14222571849823,6.867284440994263,2.300629997253418,2.975382077693939,15.645315788686275,11.530701613426208,15.375758442878723,18.00440182685852,17.716236991882322,18.84610387802124,4.231987669467927,4.469188213348389,8.130522363185882,8.485029467344285,5.982047886252404,9.110533201694489,8.795996888875962,10.731195907592774,12.458991541862488,12.666450490951538,18.93461784362793,20.062090644836424,3.3608492732048036,4.307429625988006,12.514899497032165,10.377277262210846,5.336339246034623,7.058939281105995,8.835769414901733,14.523465773463249,12.15195791721344,19.612928295135497,19.972249546051025,17.21438925743103,4.1685371291637425,5.0929897964000705,8.751049469709397,8.696370593309402,8.249805769920348,8.384495663642884,9.993330519199372,13.468555434942246,16.049583320617675,19.31170510292053,20.335340881347655,15.69619707107544,2.5163848316669464,4.1290652978420255,6.516355516910553,5.711777886152268,5.563654276132583,6.22472918868065,10.837529318332672,8.237261412143708,11.271454877853392,14.007637157440186,16.179128856658934,16.682949810028077,2.784850425720215,6.152958705425262,10.096421862840652,9.501902034282685,8.205895867347717,8.732135465741157,9.897897918224334,14.397005319595337,16.187840192317964,21.377174377441406,20.139930629730223,16.969870967864992,3.8011165785789487,4.51393913269043,8.734347052574158,6.819027457237245,4.493912720084191,5.4312879180908205,7.39867845594883,14.048115348815918,13.965707807540895,17.48347936630249,20.56615577697754,16.49708866119385,1.9104949176311492,2.2545815134048466,7.229552577733993,10.11992079615593,8.435110438466072,7.037609178423881,12.446719744205476,12.23354146540165,21.47287410020828,18.859615881443023,18.475524058341982,14.849003945589066,2.937014673948288,4.896956007480621,8.73478385925293,7.14945853471756,10.373648772835733,6.0085808795690525,9.19322237610817,14.233819658756255,13.077778196334839,24.488214130401612,26.23135021209717,16.215898513793945,2.075448305606842,4.982085914611817,9.943162775039672,8.384278239011765,8.114124128818514,6.721800103187562,9.581444501876831,11.861161580085755,22.834497370719912,24.272652835845946,19.949033117294313,12.358830485343933,1.7431068730354309,4.706881501674652,13.191359189748763,12.284331395626067,15.324186270833014,6.428595161437988,6.849558539241552,20.202065184116364,19.780625944137576,24.518564453125002,25.87168230056763,12.969534125328062,1.9366525912284853,5.170167803764342,10.163990931510927,11.339247035980225,14.61922313928604,7.719231812357902,12.251040105819701,19.60761309027672,23.390752735137937,27.65612247467041,26.77787273406982,13.753630828857421,1.892307914495468,9.365651270151137,20.38231475353241,15.067524347305298,8.677251093387603,5.479883237853646,10.099284847974777,20.50090322613716,25.77782795906067,31.725522232055663,22.3737516784668,11.142304620742797,1.5102689898014068,6.799192686080933,11.101517794132233,8.480471653938293,4.935596742331981,6.632896931171416,13.063520294427871,17.546908802986145,28.04778137207031,29.5235982131958,24.256982040405273,10.476787672042848,1.5383742809295655,4.292589516639709,9.286294499635698,6.2713791757822035,8.534109160900115,8.952219865322112,7.671242448687553,24.274001879692076,24.88899170398712,32.40266044139862,24.594482593536377,9.639029886722565,1.4739632725715637,7.39567835211754,13.424571217298507,15.357333647012712,5.248307546675205,4.3881551551818845,13.782167000770567,15.588495833873747,16.875739060640335,24.23615640640259,20.172346153259276,9.044497585296632,1.4393971812725064,8.93643432855606,10.19009721517563,11.250793616771698,8.9366509360075,7.413133098185062,10.174043281078339,24.76437574148178,27.989836344718935,31.51131526947022,22.427945594787598,8.81901969909668,1.5331208807229997,7.553655622005462,16.246789798736575,10.74324516892433,9.654972026348114,6.991814030408859,12.486696060597897
135,-5.789217567443847,-4.951630592346191,-4.033369255065918,-1.6703595519065857,54.05692329406738,38.13717536926269,41.56260681152344,23.620441341400145,20.097157096862794,13.993777751922607,-1.5028084516525269,-6.661970233917236,-5.749692916870116,-4.7334744834899904,-3.506260557174683,-0.9906341072916988,36.800874238014224,57.38506160736084,46.045309219360355,21.95250095367432,20.067818393707274,18.313706073760986,-1.1902504801750182,-6.256974968910217,-5.2928226852417,-4.441709032058716,-3.4336284327507016,-1.2743047952651976,34.170921878814696,62.095767898559565,55.4358829498291,26.62584424972534,18.404969787597658,15.131119499206543,-0.5776434516906738,-5.259532623291015,-5.190106735229492,-4.437843480110169,-3.541791610717773,-0.24580436587333673,42.21225151062012,58.10843875885009,61.66954818725586,24.511945266723636,20.28915994644165,16.978226261138914,-1.152705817222595,-5.975983099937439,-7.304052047729492,-6.2391977930068965,-4.809762592315674,-0.5806732177734375,66.33579795837402,56.69421470642091,56.772466583251955,25.915491943359378,24.955079116821288,21.713780889511106,1.6121669054031371,-7.479404287338257,-6.164079551696777,-5.389945287704468,-4.23848349571228,1.6388401401042938,51.34718528747559,53.06885383605957,63.70799743652343,28.59404010772705,24.20443529129028,17.157270736694336,2.1000149345397947,-6.027360601425171,-6.474756417274475,-5.560989017486572,-4.1647159242630005,1.7494115287065504,79.12104164123534,53.699461927413935,64.84066955566405,29.77661079406738,19.051127204895018,18.238791809082034,2.029001817703247,-6.42495969772339,-6.226845588684082,-5.40880355834961,-4.133710894584656,-0.2964158034324646,64.14491500854493,67.55654106140136,64.06317932128907,35.563046798706054,25.159655380249024,26.25943836212158,5.608831238746644,-5.899706888198852,-6.944056348800659,-6.2515302610397345,-4.717462005615235,4.496533935070038,69.94084075927734,65.23480354309082,64.46610107421876,36.37856483459473,28.956277122497557,26.347608232498168,6.850426616668702,-5.2108688116073605,-5.391644716262817,-4.814497375488282,-3.77362322807312,3.7889408230781556,64.69255332946777,64.39439460754394,74.56487396240234,37.82483947753906,26.833784294128417,22.13011884689331,8.535774407386779,-4.564294347763061,-6.356988391876221,-5.827123746871948,-4.470385065078736,4.291393581628799,74.48798553466796,75.42381771087646,85.59628494262697,39.80763866424561,26.569036293029786,21.737642784118652,8.626363339424133,-4.605707731246949,-5.99726107597351,-5.844552588462831,-4.579060919284821,4.270561405420303,72.06633123397826,63.69803804397583,96.67972839355468,50.74567714691162,30.841109504699705,30.954691314697264,14.363723926544191,-1.1479509568214414,-6.110565586090088,-5.937903614044188,-4.606843116283417,9.820118104219437,90.2991717529297,77.19803817749023,91.33989227294921,40.70543502807617,30.001149559020995,32.56312023162842,15.199915242195129,-1.0224954032897946,-6.422707920074463,-6.845178632736205,-5.064204950332641,13.776077008247375,90.50177581787109,76.58586265563966,83.8424461364746,46.4164926147461,38.681473655700685,40.471865577697756,20.416149911880495,0.7279601192474365,-5.635366983413697,-6.013394389152528,-5.174011025428771,15.121676590442657,93.69913986206055,96.17150650024413,101.202177734375,48.84679992675782,38.784724121093745,36.51331455230713,22.591612577438358,1.6439479732513427,-3.9888073730468747,-5.159725465774535,-4.253827099800111,17.776628458499907,86.53972946166992,120.39567779541017,99.4628645324707,51.45774501800537,35.11705734252929,34.911403007507325,21.687401113510134,3.618010053634643,-2.033323230743408,-4.794419593811035,-4.041769895553589,24.67749156475067,91.32326637268066,138.11920715332033,106.10188049316407,54.802822532653806,43.01662631988525,40.811968097686766,28.00991530418396,8.370876569747924,1.9025208568572995,-3.286236820220947,-1.8913406991958617,34.26623774528503,89.75801467895508,128.51626049041747,100.28281295776367,62.99937309265137,38.96848609924316,39.681871471405024,28.185650186538698,12.492335538864136
136,67.98796310424805,100.44489517211915,46.06677017211914,35.992201232910155,7.910716962814331,1.6920745447278023,0.11274657249450679,0.0418266754597425,0.38896572440862653,3.4457369089126586,42.12755880355835,59.466553115844725,66.15303062438966,50.2478254699707,50.9647505569458,27.784284143447877,8.546841135025025,2.1262510168552398,0.10582100160419938,0.07297867752611634,0.8567390216886996,4.190650510787964,34.15831250429154,68.20488060951233,93.10753494262694,70.77719429016113,52.95784442901612,29.276499843597414,9.741771879196168,2.9800134319067006,0.18421526890248058,0.0691363866627216,0.40339958950877186,5.734978166148067,34.78882975101471,74.00597976684568,71.56791450500488,65.58642082214355,51.28116134643555,30.872546882629393,8.095504977703095,2.7963638973236082,0.37493388444185255,0.12480065509676926,0.41147702695801847,5.648590824827552,30.075912017822265,59.80456413269043,82.49973426818848,67.73815559387207,55.2519564819336,26.63038562774658,8.22741994857788,2.07361961863935,0.19055154398083687,0.0968341005966067,0.486321965418756,3.8378281348943717,33.36671666145325,74.03439704895018,62.637166786193845,77.97228469848633,51.48434547424316,26.146960887908932,7.876496163606643,1.7339224129915238,0.1232000760361552,0.12081444177776571,0.4545604003965855,5.126335824448615,26.391509828567507,57.08453311920165,63.66147407531738,69.71472434997558,42.115044059753416,23.423654232025147,7.503953478336335,1.413463030308485,0.2998502701893449,0.10574426554143426,0.17603319180198013,5.329054126031697,29.527501673698417,64.59115360260009,80.77771369934081,68.22247131347656,59.08991683959961,29.869429817199705,7.042244606018066,1.8360468581318856,0.10111071281135078,0.0668891496956348,0.7109470975399017,4.52068555265665,41.57798858642578,84.78651138305665,81.46481323242186,68.74925819396972,46.28915916442871,26.491387290954595,7.52383704662323,1.6818161842226984,0.11045643493533128,0.11601608771830793,0.2420009859651327,3.7454183602333075,37.130812835693355,77.80302139282227,80.98375137329101,77.34365692138672,59.121490707397456,27.48737850189209,6.015953710079192,1.2353824170678853,0.20450529191642994,0.12046654161065815,0.596948270574212,4.438740461580456,29.112583026885982,73.64227355957033,74.10142433166504,63.756666336059574,56.19817958831786,31.379856433868405,8.60465117931366,1.43421351544559,0.15887395523488518,0.04577250149101014,0.3236710847355425,3.560418582186103,30.94368333101273,65.9438200521469,70.86319152832031,66.34720623016356,46.759829788208,25.545501928329468,5.984082376956939,2.1793915766477583,0.20591565474867818,0.09712502084672446,0.45696835633367294,3.2983394998311995,36.17845575332642,72.71263927459717,84.07949295043946,70.51252326965331,51.924148368835446,23.485399436950683,4.80555880188942,1.180075071528554,0.10042235933244223,0.06166874069720503,0.5289307211525738,4.225344442278147,31.893307323455815,64.04516264915466,81.08245635986329,73.45205352783204,55.73429000854492,25.57417167663574,6.342958984375,1.1720572914928198,0.1173238050565123,0.08383493412286039,0.723790896423161,6.047561727762223,30.276454772949222,74.287652759552,66.12126533508301,68.74745849609374,47.37254329681396,25.463262271881103,6.23657684803009,0.9705758961662649,0.12281335718929765,0.04614789169281717,0.4242334835045039,2.3610267072916034,34.43908435821533,67.27056541442872,81.11014038085936,79.52238861083985,54.87345687866211,27.0114811706543,6.653063185214997,1.0935347818583252,0.15583802096545693,0.09114326074719425,0.34874485773965713,4.346159310936928,31.03431306838989,71.58220649719237,80.59854881286621,71.41950561523437,53.20596885681152,24.918049182891846,6.36556392788887,1.4331912135332825,0.2775191692262887,0.05824238523840899,0.5012131048366427,3.1466040943562987,24.956091408729556,62.87984281539916,66.89182945251464,70.61403076171875,58.40761615753174,22.30423037528992,4.11419328212738,0.8276010406762362,0.15830791659653182,0.13448344662785525,0.5431229811906815,5.5606628045625985,38.28911172866821,69.21653968811036
137,63.48820266723633,48.549140548706056,53.159267044067384,93.62195434570313,252.89554443359376,271.32574768066405,108.59972229003907,84.5255630493164,139.7923599243164,164.71154327392577,88.63211364746094,84.96207580566406,68.39877204895019,62.37016418457031,63.4197061920166,97.9673356628418,246.40458404541013,270.3925921630859,103.69808776855469,79.88478363037109,133.15573516845706,158.3881896972656,102.87901962280273,72.16849811553955,48.45128463745117,54.189799423217764,62.17021667480469,101.8707810974121,295.53769836425784,273.78133605957026,105.64472961425781,86.35614837646486,136.5066830444336,151.5535452270508,103.6888653564453,71.0901894378662,68.26362129211427,64.57834308624267,65.85195747375488,104.5478288269043,270.8292016601563,251.48777465820314,94.54570755004883,75.59153335571288,120.86190399169921,148.20707077026367,102.83210144042968,84.19934127807616,71.9703296661377,63.44073219299317,72.7562928390503,108.51713958740235,235.3390655517578,231.67240356445313,96.33053573608399,81.3408267211914,120.23779342651366,147.00708770751953,108.47050018310547,83.3590298461914,94.09151626586913,78.79355598449706,83.34591011047362,120.83463394165037,290.14389160156253,252.48337585449218,103.8077947998047,75.84625015258788,137.90902038574217,168.69064910888673,119.13039443969728,96.5001284790039,81.37225288391114,81.07492805480958,89.88749954223633,131.75573059082032,306.0135437011719,231.73135314941405,95.22939025878905,94.79951889038085,146.6400018310547,167.20909530639648,124.01465545654295,93.46830276489257,91.39516983032226,79.78726501464844,79.04295043945312,118.51749237060547,303.0827954101563,211.87768676757815,85.94330307006835,84.94511093139648,148.20300354003908,166.34308288574218,122.29798065185545,92.3755285644531,82.0669757080078,86.14434349060059,86.57799964904787,133.97803466796876,288.4434777832031,218.64199249267577,89.39182052612304,85.91626785278319,145.22559020996093,185.014306640625,132.18213256835938,106.8815286254883,101.29439086914063,98.3796531677246,86.59246688842772,147.098250579834,336.9997534179688,212.8804846191406,87.76961456298827,89.3571792602539,146.84900115966795,196.3896597290039,171.9702590942383,123.3854330444336,114.40928146362303,98.27531372070311,90.51190994262694,144.10469375610353,338.68572814941405,196.02961181640623,83.66681503295897,76.33089416503907,136.7599020385742,199.50813049316406,155.01825439453125,137.806311340332,131.5202944946289,122.62021087646485,124.82699890136719,195.82307586669924,377.14890686035153,197.26120269775387,88.31944732666017,97.4862112426758,158.80161895751954,213.75570373535157,164.76781860351562,149.39725997924805,137.69277709960937,125.64351196289063,121.33430267333983,178.53352294921874,343.0000506591797,169.402275390625,79.10175323486328,88.85722579956055,165.77136962890623,187.34980560302736,156.59106536865238,144.7672024536133,137.2416096496582,129.63697372436525,120.00773483276366,191.03415618896486,367.40297668457026,183.87079193115233,84.5064875793457,95.98532341003417,140.34233627319335,190.16748748779295,170.90281951904296,146.94652969360354,146.52146743774415,134.8316522216797,141.17706634521485,191.08104614257815,360.03038513183594,175.19444366455076,78.97484222412109,88.33170013427734,168.9017530822754,230.54844970703124,183.2780276489258,151.31754699707034,168.75745330810548,159.91771026611326,153.81748977661132,217.25257568359376,356.38882019042967,171.83198791503906,79.99752166748047,102.93716873168947,183.92699859619137,237.20464172363282,207.51248443603518,179.89122924804687,163.32600189208986,157.3272914123535,141.90191589355467,226.9677621459961,408.4874548339844,196.93659057617188,83.3587353515625,99.06848846435548,160.93575958251955,230.17589111328124,203.89603088378908,197.52114868164062,181.4425732421875,156.04313247680665,146.57985115051267,248.17829162597658,359.1738647460937,159.61123931884765,88.2141520690918,99.47432342529297,166.98292846679686,248.0481396484375,210.8952606201172,220.10655639648434
138,2.376117545366287,1.6564470008015633,2.028174525499344,2.1743916034698487,5.04168518781662,3.6093340873718263,7.181507635116577,6.663482046127319,11.006923961639405,3.9134570717811585,1.472431230545044,2.6459615588188172,2.999331464469433,2.4869297367334364,3.200077146291733,3.476631255149841,5.2807066440582275,3.9897854381799696,5.015942540168763,6.193125832080841,7.380215578079223,3.584476825594902,2.19974553078413,2.546922689191997,2.173068718165159,2.927318860292435,3.841519635915757,3.313472423553467,5.565036334991455,3.2647229027748104,4.758613109588623,7.966904344558715,9.120127635896207,3.312824680060148,2.3074904406070713,2.652011867538094,2.665213096141815,2.0744795739650725,3.5780277287960054,4.864852223396301,6.389009485244752,4.228769342899322,3.763124795556068,5.469321355819702,7.896404981613159,5.43654976606369,2.747298891842365,2.562652437090874,2.227248221337795,3.1228586044907574,3.771421600580216,4.5343852138519285,5.210467833280564,3.0777119499444963,3.8480013811588285,4.28811356306076,4.762806079387665,3.938438701033592,1.8086427423357965,2.7118401566147803,3.2358404469490054,2.9142147433757786,4.65665863752365,3.658937356472015,6.170275816917419,3.7777309870719904,5.358285917043686,5.753833458423614,8.01682978630066,4.269254677072167,3.931550979018211,2.4618060958385466,2.5096724466979503,2.360958323478699,4.010139105319977,4.565425786972046,6.427671871185302,3.9884739947319034,4.648558943271636,5.013972172737121,9.698080277442932,4.2108777987957,3.3851051130890846,2.3424384957551956,2.005864143371582,2.9664047768712045,3.4663236057758327,4.326848239898682,5.307454090118408,2.193308238983154,3.4305019879341123,5.260120213627816,7.1637065935134885,5.0936215398833165,3.0474658186733725,2.342957187220454,2.411935092434287,4.039970941245556,5.438217863440513,3.86226909160614,4.183832237720489,3.285662069022655,5.002859451770783,4.696214339733124,5.309436587095261,3.6991692036390305,2.1454333029687405,2.0128547598421576,1.963088859319687,1.8667192250490188,4.263386487960815,3.971724359989166,5.550680050849914,3.085852164030075,3.602069433331489,4.5496454751491555,6.84828991651535,3.660773756206035,2.4422919070720672,2.016012704372406,2.198194719552994,3.2438628911972045,3.8268757259845736,3.676374372243881,4.823731961250305,3.7126876389980317,5.348590341806412,6.709096189737321,8.950046446323395,6.530968083143234,2.2058240718953313,3.101980339884758,3.0968829625844956,4.9436515307426445,5.420379121303559,6.696040818691254,5.1977674007415775,2.8932408618927004,4.573544272184373,6.441939426660538,7.1200273418426505,5.960244545638561,2.079664977937937,2.787610524147749,3.8681864839792253,3.455930307805539,4.552870545387268,5.6564468264579775,5.429284229278565,2.768012334108353,7.54833319425583,10.963070366382599,11.168658938407898,4.874697316139936,1.995408802628517,2.703866477012634,3.0128618371486664,4.096696138679981,6.560933530330658,3.329317014217377,4.644769114255905,2.715426548719406,5.561539585590363,6.50561948776245,6.931464195847511,3.154617884233594,3.491079295873642,3.4136027324199674,2.6284752449393274,3.746295915842056,4.708337974548341,4.931183936595916,5.182078987360001,3.577765048146248,5.168174858093261,5.27212791621685,5.1040354299545285,3.6460132539272307,2.152625667229295,2.077889395058155,3.480936869382858,3.302286877632141,4.473270750045776,3.280205487012863,2.9007932245731354,2.851206042766571,9.226645859479904,7.130878671407698,7.232108638882638,5.789671355187893,1.1472711580991746,2.7141876065731045,2.1950986206531526,2.3287928926944734,2.9591493439674372,3.514242243766785,3.7444008433818823,4.385129607915879,4.560502693653106,5.5685245549678815,7.701674560308456,4.98279344677925,2.7830323696136476,2.115119574069977,3.815700603127479,4.9916663807630535,4.373993844985962,3.753299218416214,4.109433603286743,2.8663731282949447,5.733301131725311,7.1042540752887735,6.603537654876709,4.713686164617539,2.1720787639170887,2.7538879469037054
139,-1.706801748275757,-1.574454927444458,0.0768620252609253,9.65341055393219,19.31109733581543,46.56976432800293,16.85080533027649,8.747294425964355,8.980605678260327,8.743650960922242,6.066997361183167,-1.8194558143615722,-2.005803480148315,-1.9727511239051818,-0.8916705226898193,13.242768094539642,25.524850873947145,42.517224251031884,21.151127643585205,7.877684602737427,6.543081803321837,8.649879713058473,5.863951150774955,-0.7621059322357178,-2.34584698677063,-2.2184956431388856,-1.3945988726615905,20.431500201225283,28.842360038757324,38.66680076599122,23.716829504966736,12.862274315357208,6.6044096553325655,9.122942375987769,4.653399358987808,-1.4218018352985382,-2.3129238724708556,-2.3051993799209596,-0.9963419818878174,17.690212492942813,27.589527435302735,33.27198814868927,22.280744295120236,11.790901119709016,12.8421164560318,10.58242176771164,5.281346549987793,-1.6146024012565612,-1.8069578409194946,-1.786998801231384,-0.7923323577642442,17.491598768234255,30.647453727722166,44.65368543624878,24.97406907081604,11.58666467666626,9.241294529717416,8.885102589130401,4.290077527314424,-1.3284341681003569,-2.7053001999855044,-2.5662303829193114,-0.2619832277297974,18.70577174663544,26.645693130493164,36.25863451004029,23.83129922866821,13.697853760719298,8.829183844327925,10.422981777191163,8.808537088930606,-0.910351345539093,-2.034773199558258,-2.02199072599411,0.4846478635072707,18.042022051811216,23.263254356384277,31.78383466720581,21.5426163482666,12.633638534545899,6.728946318626404,11.138598682880403,6.462180839776993,-0.22442570805549625,-2.744712038040161,-2.855069818496704,0.3290914368629456,21.86980483055115,21.196363916397093,37.46426877975464,18.11623152256012,9.083767960071564,16.58583196878433,15.284781173169614,9.336643974781037,0.2721048635244371,-2.340255546569824,-2.8198036265373227,3.5179964160919184,42.372406029701224,36.29199826717377,29.86344851493836,15.740802071094512,7.036360940933227,9.33448247730732,9.769605903625488,7.751078382730485,-0.16699328780174258,-1.973428312540054,-1.8000046038627624,0.7039453834295273,25.426338723897935,24.362271842956545,39.76718503475189,15.988919439315797,4.91243947982788,7.587789838314056,7.580218309015036,7.656327213048935,1.4931377053260804,-1.9944042015075685,-2.1376246762275697,4.439519439935684,27.890046348571776,25.971173810958863,29.081931576728824,17.00642442703247,6.649591851234436,9.281996307373046,7.37380829334259,8.943344621658325,0.7744094729423523,-1.8474251526594163,-1.7496543014049528,4.5527805852890015,24.071427925825116,26.040176773071288,33.369222328066826,13.440046478509903,4.633885309696197,11.70467155456543,10.841401581168174,11.531928530931472,3.8866639053821563,-0.8548158740997316,-0.529395546913147,10.144960693120955,39.84021159172058,22.274182024002076,30.665384740829467,15.748469300270079,4.3837690103054054,5.097277462482452,9.808160486221315,8.443319054841997,2.23069405913353,0.02214416503906258,-1.5066831755638121,20.86121062755585,36.62797134399414,30.03072002410888,31.442804822921754,12.786736431121827,3.3252093374729155,5.734541679620743,5.54534721493721,8.524990378618241,5.025113708972931,2.0371253556013107,-0.612002816200256,13.236500725150108,34.15076131343842,31.182944068908693,26.236349458694455,15.549036962985994,5.273906072676182,7.087629354000091,11.183161222934723,15.978267389535905,7.598313807249069,1.9745379555225373,-0.1693746441602706,8.578226412534715,37.02556194782257,30.218207836151123,28.009002466201782,8.45133443415165,2.5208870589733126,0.9678135538101197,9.901937987804413,10.937588922977445,6.2802245795726765,1.9772853755950934,1.523957231044769,17.13964260697365,33.25155586719514,22.828658328056335,24.091979808807373,9.354610192775725,1.2884641516208648,1.8496850037574766,7.07117097645998,8.389230009317398,5.347627561092376,4.223866617679596,5.67643463075161,22.7616930437088,28.569726276397706,24.97924293994904,23.59884440422058,12.076865579485894,1.440833256393671,4.259201873540879,8.090216375589371,11.908244047164917,6.137565407902002
140,0.0,0.0,0.0,0.0,0.0,0.0,0.0,0.0,0.0,0.0,0.0,0.0,0.0,0.0,0.0,0.0,0.0,0.0,0.0,0.0,0.0,0.0,0.0,0.0,0.0,0.0,0.0,0.0,0.0,0.0,0.0,0.0,0.0,0.0,0.0,0.0,0.0,0.0,0.0,0.0,0.0,0.0,0.0,0.0,0.0,0.0,0.0,0.0,0.0,0.0,0.0,0.0,0.0,0.0,0.0,0.0,0.0,0.0,0.0,0.0,0.0,0.0,0.0,0.0,0.0,0.0,0.0,0.0,0.0,0.0,0.0,0.0,0.0,0.0,0.0,0.0,0.0,0.0,0.0,0.0,0.0,0.0,0.0,0.0,0.0,0.0,0.0,0.0,0.0,0.0,0.0,0.0,0.0,0.0,0.0,0.0,0.0,0.0,0.0,0.0,0.0,0.0,0.0,0.0,0.0,0.0,0.0,0.0,0.0,0.0,0.0,0.0,0.0,0.0,0.0,0.0,0.0,0.0,0.0,0.0,0.0,0.0,0.0,0.0,0.0,0.0,0.0,0.0,0.0,0.0,0.0,0.0,0.0,0.0,0.0,0.0,0.0,0.0,0.0,0.0,0.0,0.0,0.0,0.0,0.0,0.0,0.0,0.0,0.0,0.0,0.0,0.0,0.0,0.0,0.0,0.0,0.0,0.0,0.0,0.0,0.0,0.0,0.0,0.0,0.0,0.0,0.0,0.0,0.0,0.0,0.0,0.0,0.0,0.0,0.0,0.0,0.0,0.0,0.0,0.0,0.0,0.0,0.0,0.0,0.0,0.0,0.0,0.0,0.0,0.0,0.0,0.0,0.0,0.0,0.0,0.0,0.0,0.0,0.0,0.0,0.0,0.0,0.0,0.0,0.0,0.0,0.0,0.0,0.0,0.0,0.0,0.0,0.0,0.0,0.0,0.0
141,32.56779899597168,23.577314376831055,103.84340324401856,519.6129211425781,405.2480102539063,44.01990604400635,11.832211685180663,-4.483360338211059,18.49573516845703,107.382080078125,218.71932373046874,107.49589004516602,44.23719421386719,21.562912540435793,82.87306062698364,503.6707800292969,461.1970330810547,100.59577266693114,-3.0295523834228515,-11.72662052154541,8.895400533676147,89.96363090515135,170.39225051879882,141.3253504943848,94.72718414306641,62.88835830688477,138.4408967590332,457.4855334472656,478.92180541992184,88.22533618927001,-0.8861120414733895,-10.943278980255126,18.428158664703368,89.9022417831421,165.4086346435547,144.50878616333006,81.89312664031982,45.699936161041265,123.10901718139648,537.8929736328125,453.7216992187499,73.69487144470214,-10.674701023101806,-10.372650556564333,9.313555593490602,101.98865516662599,182.01315063476562,138.41300048828126,96.44106040954591,73.53214376449584,153.7584014892578,572.572431640625,470.9099932861328,76.99563247680665,-15.620256204605104,-22.909304428100587,6.30664155960083,93.58206783294676,193.4091505432129,169.17594455718995,78.84332378387451,63.32567544937134,176.84906349182128,521.0540551757812,369.0163781738282,61.24330076217651,-8.474739074707031,-14.716537284851077,17.72706051826477,106.26218200683593,217.93071685791014,167.83142990112304,126.25278564453124,96.98263856887817,208.21521499633792,601.3740808105468,407.8731536865234,33.28534007072448,-16.20209648132324,-20.69435640335083,3.3382486724853515,111.89312778472899,218.62919952392576,196.62432250976562,153.95582565307618,138.37183870315553,273.68187225341796,627.9498559570313,411.5179852294922,59.0900912475586,-13.392658548355104,-24.346398029327393,1.8398160934448242,85.99915431976319,213.9628778076172,227.22775939941403,145.9774658203125,128.96394527435302,276.6767706298828,630.5395532226562,386.3637670898437,37.805037059783935,-23.661953296661377,-22.028014984130856,10.90768877029419,102.65625675201417,215.69598709106444,229.20873840332033,198.86602294921877,141.28502193450927,298.9929684448242,648.3235229492187,415.43008789062503,45.062499256134025,-8.824517631530764,-28.046565132141108,-3.9710954856872567,88.62851264953613,217.16137977600096,286.33152770996094,172.05176223754881,163.81008438110354,290.8279946899414,634.9907165527344,336.1522900390625,26.45442490577698,-28.961929206848147,-27.930170288085936,5.505615692138672,106.23680091857909,220.20586227416993,243.7989703369141,194.35467391967774,141.9044801712036,325.95353454589844,604.4734338378906,366.0560726928711,35.28816358566284,-19.598543367385865,-30.466598930358884,-9.124396057128905,74.5862684059143,224.34953346252442,303.7455422973633,226.90086456298832,225.2633837890625,452.60628417968746,688.7531701660157,345.78192749023435,21.93597328186035,-33.67322431564331,-39.65319858551025,-9.011171627044678,83.13977893829346,209.66669082641602,253.1684629821778,228.51213562011716,210.14944122314455,441.60387664794916,616.0863562011718,325.18219696044923,21.29624391555786,-34.09982913970947,-39.333211517333986,-15.822628650665283,80.73512174606323,212.9419351959228,267.01126052856443,263.4937438964844,231.93987701416017,392.56169952392577,544.4752075195313,259.1712823486328,6.984002151489259,-36.05890483856201,-39.72364465713501,-11.25531524658203,104.6751326942444,287.3272775268555,324.57520568847656,315.1792852783203,289.29052734375,457.08100830078126,610.0958679199218,288.214692993164,-1.2019926834106447,-44.50360816955566,-47.18221687316895,-22.982990417480465,67.6308540725708,227.00239906311035,378.963923034668,311.6998559570313,332.3262426757812,551.6824517822266,685.8931994628907,303.9640596008301,9.684715518951416,-41.89836149215698,-43.43220901489258,-21.785395879745483,95.01196502685546,215.7238716888428,303.5764723205566,305.5200161743164,263.7989520263672,527.2438995361329,586.6628173828126,245.7829405975342,2.743240127563477,-37.703838958740235,-41.52015354156494,-18.787449378967285,65.9977806663513,254.4842733764648,321.7808369445801
142,100.23799285888671,75.36014938354492,136.62548828125,208.82911071777343,74.46667022705078,20.802809143066405,24.670728349685668,34.65317306518555,38.622941970825195,87.54247665405273,143.13301162719728,149.09764862060547,120.49275344848634,106.48664596557617,198.78698165893553,268.8845602416992,118.36856719970703,52.762995910644534,29.21768636703491,24.285897865295414,31.164113397598264,50.451080894470216,84.81388847351074,113.35241577148437,164.90227432250975,140.25818946838382,195.92467529296877,214.48988037109376,97.91579376220703,47.6795069885254,26.47272159337997,29.738231010437012,23.655564403533937,45.17620016098022,84.75173768997193,148.7849865722656,158.78897033691408,136.50269821166992,185.9057681274414,232.6748114013672,99.86727890014649,43.57760509967804,25.980020356178283,35.386800336837766,29.73369028091431,55.45944309234619,104.7126806640625,145.05784172058105,156.10794952392578,160.63024871826173,218.55995391845704,230.16880584716796,87.25401107788086,48.4192193698883,24.561990723609927,29.280803098678586,27.178922033309938,36.82945037841797,83.88781440734863,139.97624816894532,129.8881042480469,159.3173835372925,201.83998809814452,231.57929931640624,81.99053276062011,42.668879809379575,21.660568623542787,24.724392385482787,23.49520789384842,47.11755581855773,102.54476226806642,156.50698455810544,167.93727218627927,179.5728323364258,223.50696441650393,204.55566345214845,75.54758255004883,29.127575464248658,20.456786036491394,28.320476989746094,27.053959546089175,48.20072055816651,106.8411856842041,161.80695404052733,207.7971102905273,198.51616424560547,239.1942565917969,186.66576965332033,72.27071865081787,34.16542342662812,32.125263385772705,33.90776418685913,33.32103028297424,51.07574886322021,107.84653198242185,178.68525299072266,169.34675369262695,204.37695388793946,253.40392517089845,230.40284851074216,70.65810089111329,39.37492168426513,34.04138610363007,32.007408618927,32.26382514953613,47.4089064693451,97.48942161560058,176.19767166137694,222.2746240234375,232.01138031005857,297.6354315185547,243.8817352294922,82.11486900329591,42.468978490829464,23.647691898345947,24.207938060760497,22.794732513427736,58.317785377502446,108.86900779724121,198.8009558105469,194.73706970214843,208.23813232421875,273.4911169433594,247.95452239990237,89.0081771850586,37.28381156921387,29.40483692169189,32.613564567565916,33.56167324066163,45.276135060787205,96.88602340698242,192.22552490234375,218.32771957397463,220.14408432006834,293.8127954101563,208.37590789794922,76.93819564819336,38.109311475753785,28.960849106311798,26.433428859710695,24.508161058425905,37.32623564243316,107.86191761016846,191.09381439208983,226.12067321777346,259.5980053710938,286.08700256347663,201.147041015625,61.5243983078003,27.194481902122497,25.971167144775386,26.937724838256838,29.261686758995058,46.88546295166016,99.10302291870116,180.466872253418,247.00637969970703,270.0832748413086,276.32965454101566,193.1211343383789,74.0675414466858,29.319550094604487,20.15101065635681,19.73400382041931,24.32767771244049,37.19005056381226,90.24765316009521,157.05248073577883,249.3031832885742,275.7465383911133,281.69535919189457,180.0277917480469,61.2247597694397,32.45687232017517,21.455590844154358,23.90540724754333,23.653501293659208,47.22611198425293,115.49518783569336,183.94200988769532,253.96134094238283,282.8295315551758,298.6918472290039,187.78252059936523,69.8568320465088,34.072731909751894,20.10724663257599,26.766004810333254,27.25117067813873,29.917361488342284,88.15404594421386,190.36948608398438,263.30744567871096,277.77412597656246,297.7208251953125,199.7925897216797,70.69281471252441,24.356009550094605,21.851412067413328,29.000394740104678,27.75006939411163,44.84517527103424,105.4296823120117,187.90858779907228,261.61600860595706,249.31904235839843,322.5078302001953,228.55770721435547,72.3296112060547,34.35176113128662,25.800959906578065,26.774007806777956,29.663935489654545,35.529599828720094,83.15570274353027,204.09844543457032
143,123.94956665039062,263.05962524414065,216.26675872802736,48.91651573181152,47.82160587310791,68.77129936218262,47.23962631225586,66.72255172729493,31.31056728363037,35.37781455516815,50.4365156173706,36.92652006149292,93.39568363189696,103.24033735275268,84.90227950096131,36.84382600784302,28.723463287353518,32.55847984313965,31.050434532165525,29.4687681388855,25.898223819732664,17.948027734756472,28.643285713195798,55.93854114532471,90.01938952445984,157.29077884674072,85.98636722564697,49.56583294868469,40.357169880867005,33.70542863845826,30.306146068573003,29.753427753448484,20.006398410797118,20.245675525665284,35.05234563827515,42.145954113006596,70.10323925018312,96.70815910339356,90.07162567138671,31.398936653137206,36.12956949234008,26.92133270263672,28.25302215576172,28.791772041320804,21.28573061943054,15.128003668785095,22.57051471710205,39.36048108577728,91.29372453689575,150.71007499694824,74.06267629623413,34.93305902481079,35.20620626449585,37.98653949737549,30.168805809021002,29.97708097457886,29.478141326904296,23.636234455108642,34.38277145385742,51.420696334838865,77.42506298065186,140.3097296142578,78.33496440887453,28.24747728347778,43.99391317367554,30.86407176971436,33.74700643539428,34.06683223724365,21.225511426925657,15.861954669952391,18.817544364929198,32.088708133697516,78.6312218093872,119.74085676193238,73.68067203521728,33.802718048095706,33.71490154266357,28.558844032287595,33.171484794616696,29.83838313102722,23.06685718536377,15.552999858856202,38.20544793605804,42.87793668746948,72.77666248321533,112.17624526977538,98.33048104286193,54.28921756744385,39.79959148406982,41.90174394607544,34.71067337036133,28.098670387268065,25.0903081703186,21.15721601724625,30.12189153194428,45.33832573890686,90.23664918899536,123.70142131805422,79.8157485961914,41.71717877388001,35.73367555618286,38.434702682495114,31.466078834533693,34.30726518630981,22.01334098339081,15.43285138607025,20.425218782424928,59.07353153467178,124.77688961029052,143.6668907928467,77.79186992645263,39.7407617855072,24.736652374267578,32.055106735229494,33.46462112426757,28.802726459503173,21.065523092746737,13.340916862487793,30.296219456195832,63.06507036209107,65.94175718307494,107.45939918518066,84.33179754257203,42.77258117675781,33.41199729919433,28.621429405212403,28.09440517425537,24.47239282608032,19.446577901840207,16.956951761245726,27.26692234039307,42.29375748634338,107.55959661483764,118.6524609375,63.40836811065674,36.2072700214386,43.14034648895263,28.713487243652345,27.489661369323734,28.14004774093628,16.486509256362915,10.275872949361801,31.19145711898803,39.78257078170776,97.13637531995772,106.79936073303222,91.96546957969665,41.55661153793335,30.651466884613036,28.682530078887936,23.901638774871824,24.951245803833007,20.898156223297114,15.981973547935487,41.8222424697876,57.71472274780274,103.73668279647828,163.07788747787475,85.2517530822754,33.216493277549745,31.5404228591919,25.298696556091308,25.844197139739993,20.879709491729734,15.894964933395382,14.10568683385849,26.913150997161864,32.63274366378785,79.5449754333496,156.52095138549802,94.35117963790894,34.48870483398438,28.72709238052368,40.85674518585205,22.998782138824463,21.21796390533447,11.825354423522949,15.603724069595335,26.810095438957216,39.09113075256347,92.96301149368286,139.19319892883303,58.08031299591064,33.36572471618653,31.689284477233883,28.596383914947513,21.12240114212036,19.932486400604247,14.512450571060182,9.253726906776429,21.48587288379669,22.842038536071776,86.4657604598999,142.23298986911772,57.30987327575683,28.209953022003173,23.541924438476563,21.145575246810914,17.82970468521118,16.20574586868286,11.10950294494629,6.726767506599427,25.10032073020935,37.031221430897716,86.02429071426391,151.75451465606687,61.631861801147465,28.577741460800173,28.13674334526062,26.909460735321044,28.808602638244633,23.894856109619138,21.367328195571897,14.531956820487974,27.63326530456543,57.715588560104365
144,153.55069007873536,456.0394920349121,152.42015228271484,30.548140788078307,37.8938405752182,44.31790437698364,30.27300090789795,19.34966230392456,6.599454498291015,19.023544216156004,24.982143592834472,38.17685397863388,101.89176937103272,120.17242782592776,97.7997407722473,42.181811046600345,20.454854969978335,16.629821696281432,12.606484827995303,3.581328582763672,1.897475094795227,1.3880362129211428,28.596454172134393,78.95356163978576,100.68016171455383,210.4183563995361,171.0127722358704,48.70262564182281,28.26932327747345,27.558998051881794,7.58485549211502,1.2345455884933472,0.8233003330230714,12.29845108985901,14.85249442577362,45.12901782035827,88.68746404647827,154.59843212604522,115.1715832901001,29.19880401611328,25.900399188995358,17.746103076934816,10.786942195892333,4.302094130516052,4.026515612602234,4.754680142402649,17.72924157857895,43.408691420555115,108.57624284744263,166.69523678302764,82.40178047180174,35.97784735679627,34.02086610794068,32.78249459266662,17.127495670318602,8.760753989219666,9.696843318939209,12.57577895641327,31.520663127303123,66.08999717235565,75.48781351804732,181.47724737167357,164.71921165466307,41.649476408958435,45.85247909545898,23.919760684967038,13.441859207153318,8.561688022613525,6.462292413711549,1.9942056369781493,8.906766377687456,23.94039312839508,66.15083576202393,202.76381631851197,88.03318307876589,42.95023046970367,39.52356262683869,31.903908348083498,23.21064425468445,12.693372006416322,7.501156721115112,3.497656545639038,19.72676856994629,39.13143703222275,108.34870991230011,245.75151332855225,167.47053585052493,62.86733473777772,36.45563795089721,27.405143184661863,23.36254572868347,8.839492359161378,12.682893896102906,9.101503913402556,20.788138141632082,45.27735847711564,120.29925159454345,181.60981304168703,147.03785594940183,42.883568019866935,34.12477960824966,29.423826961517335,14.856664078235628,13.47766998767853,4.761657376289368,5.888632743358613,23.06827389717102,69.85231157302857,136.9936874198914,248.24378693938257,126.4966824388504,41.26636771678925,31.638123769760135,21.12384868621826,12.315490684509276,3.687684087753296,0.28800701141357415,0.6453575229644777,12.120490636825561,72.82737254619599,88.24561053752899,149.95357758522033,113.48078924655913,78.59728363990784,39.17489323616028,23.604205083847045,20.21167013168335,4.98182466506958,2.01205454826355,2.685538234710693,10.369993643760681,24.792456254959106,162.45320122241975,140.90842217445373,101.09583817481993,48.46010765075684,30.29468635559082,23.031801557540895,17.669973282814027,6.108079090118408,1.0135883760452271,2.188282779455185,24.710557112693785,62.20425065159797,120.7985906267166,151.98892631530762,216.03474789619446,35.42692286729813,35.36951879024506,20.33502773761749,13.848079471588136,11.622387294769286,8.240717487335205,8.844991756677626,21.177723288536072,48.71101837635041,110.28425721406936,316.2509679365158,204.10879885554314,50.94140780925751,35.891444225311275,17.91484429359436,11.987725830078123,2.575090250968933,0.7500928163528442,0.7667668795585637,24.67206488132477,26.73228066444397,96.6077538394928,217.5766914367676,227.8707111644745,47.543092870712286,27.95862669467926,35.54661819458008,13.537350111007688,3.902186527252197,-0.9885926818847656,0.5648361349105834,27.49511633038521,55.260548911094666,113.28730351448057,208.96240032196047,128.04085075855252,34.13602903366089,52.20774517774582,21.451271076202396,6.5898861312866215,2.934512758255005,-1.612932024002075,1.2645539379119877,11.862838710546493,35.82764245867729,120.60455510139465,267.44962228775023,116.15130603790283,49.86049851417541,46.39767008304596,19.967997679710386,3.3291327762603755,-0.5540430164337159,-3.638367953300476,-5.064908394813538,7.616570463180541,37.52127270460129,78.87633485794068,235.76948873519896,138.50909127235414,72.77321804523469,77.70031789302826,31.192590985298153,23.87631428718567,5.347196464538574,7.891678924560546,23.352096691131592,24.14930333137512,76.02863660573959
145,636.4402465820312,873.2980346679688,556.4364501953125,83.78616409301758,11.092406916618348,0.71612389087677,-1.1675612449645996,-0.7484835505485534,-1.3665282726287842,8.081587320566177,45.14893217086792,106.36841430664063,372.8884565734863,508.73415710449217,378.28872241973875,61.927532444000235,-0.17767922520637502,1.074709655046463,-0.4803309845924377,-1.5291598212718962,-1.441294403076172,2.273629220724106,28.54351151943207,146.98121704101564,471.6391458129883,671.2607617187499,465.3937374877929,124.86674828529358,15.222501378059388,-0.5590791893005372,-0.864786536693573,-1.7024562573432924,-1.5180099177360535,4.112683795690536,19.690357930660248,145.07860479354858,354.37273422241213,589.1316131591797,436.77454986572263,56.25367319107055,5.059063084125518,-1.3642944383621216,-1.3193743753433227,-1.5533639931678773,-1.077350389957428,1.1263720655441283,16.0766073012352,88.47929341316225,391.9327238464356,650.6357421875,370.2755297851562,41.80123284101486,2.9095069265365603,1.116975326538086,-0.7181107378005982,-1.1831255030632017,-0.8354264724254609,3.793349785208702,38.16758493900299,184.98042739868166,341.0131843566894,618.0820063781739,492.7083035278321,76.35717337608338,14.345755128860475,-0.30296274662017825,0.07263961315155028,-1.4541686153411866,-1.6146915483474733,0.10380113005638139,15.394236201047898,80.40528360366821,361.36666412353514,650.882734375,407.5968188476562,73.89876640319825,6.208713097572327,0.1812957787513735,-0.9761291414499282,-1.4356061136722562,-1.1881873416900635,0.34512946903705605,25.05685555279255,80.19825508117677,396.6678894042969,605.9069464111328,503.7178492355347,87.2642851471901,5.3323664927482595,1.951691732406616,-0.49847070753574385,-1.2197293710708617,-1.0642105150222778,6.011885596513748,34.03433280944824,125.02149644374848,423.04152053833,575.2323895263672,445.66966781616213,68.7583599281311,6.191829593181611,1.4056467521190645,-0.5447943520545959,-1.2557679462432862,-1.1498427772521973,0.9065929120779037,18.671642052307725,153.2679510974884,509.64204574584966,662.2699639892578,458.08526000976565,65.12451362609863,1.1666414666175842,-0.8717031884193421,0.2890692484378815,-1.5793880307674408,-1.3790259987115863,2.676177299022675,24.701454894542696,170.72417148590088,358.7811328125,548.3832611083984,374.2518829441071,86.23622328877448,7.648780159056187,-0.7127615523338318,-0.704949975013733,-1.5425509095191956,-1.6812497556209565,2.597276121377945,23.9035769701004,111.48898910522462,538.0718026733399,513.3110656738281,410.6803102493286,80.13043167591096,3.4313563632965085,0.5586290216445923,-0.8071670389175415,-1.6351745128631592,-1.6773748922348024,0.0013061976432800603,26.01993430376053,146.0146914768219,582.3427248764038,589.4449401855469,522.3465350341797,88.55631025075913,8.967139811515807,0.08934611678123469,-1.2539058279991149,-1.6744689726829527,-1.2066528153419496,4.066844089031219,33.58135640382767,151.523655128479,389.36646537780763,713.7799511718752,496.85218048095703,64.33101516485215,10.257099390029907,-0.37913879394531247,-0.9966615515947342,-1.8456366729736327,-1.5955828505754468,-0.2582872033119202,20.50492601633072,74.6253544664383,416.63129211425775,726.2961511230469,586.2094100952148,76.5143418264389,3.465396120548248,-0.03181790202856063,-1.0465496349334718,-1.7167087566852568,-1.9483564996719358,0.9426294976472853,23.490953496694566,122.93014858245849,434.4658392333984,767.4380053710938,429.286195678711,56.36835818171501,8.839468052387238,0.9015125775337219,-1.5655034089088438,-1.5867025947570799,-1.538194590806961,1.659302617907524,17.936470030546186,80.92611944675446,509.03403259277337,715.1025931549073,333.19592285156244,81.32682564020158,11.625841667652134,-1.6968092238903048,-1.6212696957588197,-1.7979578852653504,-1.9325083494186401,-0.08350784741342059,29.168677701950077,142.1489636993408,405.29817398071293,593.5472987365722,408.5748220825195,69.30038169860839,12.757881297469138,2.572180371284485,-0.8565752696990966,-1.4104250222444534,-1.3289965319633485,3.819920149892569,41.22506179451942,229.14693040847777
146,0.5031517446041107,2.6337132558226584,0.8770984604954719,1.1085097432136535,2.697224831581116,2.952756905555725,7.1373262166976925,8.275603914260865,4.677088922262191,2.620570939779282,0.5398253619670867,0.5169314630329609,1.012604010105133,1.63507299721241,1.2183103668689728,1.0831742103397848,1.6598260766267778,3.282983496189117,3.7660700058937073,3.10729399561882,1.908001728951931,0.641498580724001,0.7674701298773288,0.9092101088166237,0.9441368587315082,1.1814941090345383,2.415308980345726,1.2063258023560048,1.5204507076740263,2.4389519920945166,3.494007294774056,3.3812739752233028,1.6368911474943162,0.9656440862268209,0.716274234354496,0.5450178262591362,1.0492846471071244,2.253060135245323,1.8431245866417885,1.1489277426898479,1.8263491025567056,3.592084896266461,3.339925799965859,3.257642899751663,2.163856228813529,0.7711744999885559,0.9841484485566616,1.0635584676638246,1.136713397204876,1.3757058173418049,0.8399128056317569,1.6118770426511766,2.5053750872612,4.330047990009189,3.562725028991699,4.118974068015814,2.9801968705654143,1.6117795708775517,1.0606709271669388,0.9378816252946856,0.8352301025390625,1.2175918294489383,0.9944162222743035,0.5696799612045288,1.2739718709886074,4.164008814245462,4.9272067356109615,4.560369488000869,2.7625239764153955,0.5301801913976669,0.1720351979136467,0.23324231714010243,0.4115640005469322,1.2619589525461197,1.352822391986847,1.8055398470163346,2.4274039131402967,4.4976834344863885,6.606917747855187,4.699966808557511,2.177000601887703,0.5888825517892837,0.7257978212833405,0.4205026353895664,1.271626924276352,1.2854432582855222,1.5864707186818123,2.0688359728455543,2.181168628931046,3.732793438881636,4.263329820632935,3.490650923252106,3.794786087870598,1.343201378583908,0.9758299911022187,0.6991053009033203,0.39908239230513576,0.9773697632551194,2.371440108418464,1.5276232939958572,2.672162481248379,4.375864431262016,4.977043458819389,5.093519970029592,3.0829465001821514,1.0170854979753494,1.9116057591140272,1.1793744358420373,0.8350712019205092,1.6437116906046867,1.0871287712454796,1.2544527661800384,2.216187744736671,2.6078367576003076,3.82597042247653,3.05832836650312,1.5509746655821801,0.3643066693842411,0.20438493102788927,1.0265844374895097,0.2553952431678772,1.3182774099707602,1.093823615014553,1.7094720600545408,2.197545585632324,3.312359388694167,3.5320683693885804,2.351957135796547,1.421117103099823,0.5571682107448578,0.2848625183105469,0.358384250998497,0.975078080892563,0.8731533581018447,1.1934869670867918,1.952049234062433,2.273047390282154,2.7145552104711532,3.8242937302589417,3.270065737515688,1.0627535861730575,0.3793349111080169,0.45391409114003184,1.1942906862497331,0.5710011333227157,2.0067560678720477,2.65026876360178,1.7519754692912102,2.7959546872973444,3.5249196280539037,4.276812783032656,3.3918535280227657,2.4272775971889495,0.6852318215370179,0.9041188634932041,0.6841366238147021,0.699548656642437,2.215028109848499,2.1363507121801377,1.7905654737353323,2.3675533723831177,2.9953778138756753,3.9869794709235435,2.696659808754921,1.8750126305222512,0.37977851301431653,0.8537023004889489,0.21509445577859881,0.2949812942743301,0.8869437667727471,3.0304750698804854,2.4653374490141866,2.87353429466486,4.177798153609038,3.756150505244732,2.343026222288608,1.105418418943882,0.4137068937718868,0.80243920058012,0.3462818497419357,0.8838693429529666,1.7720047216117383,1.512031486183405,0.8499974453449249,1.7280640533566476,2.6794044670462602,2.902029924094677,2.492299399971962,1.2224955931305883,0.537683287858963,0.509895163476467,0.7218647356331348,1.1699482558667662,1.8791189706325533,2.020399545133114,2.521013104617596,3.339539685100317,3.691150228232145,1.9913588613271713,1.8768806725740432,1.146843453645706,0.11456244140863418,-0.012262401357293123,0.6550142419338225,1.0392306756973269,2.0002734327316287,1.6864483746886259,2.6934211790561675,2.362978539466858,2.794658646583557,4.273982785344124,2.6739849835634226,2.1200886715948584,0.9918913522362709,0.6460496461391448,0.5493524015694857
147,1.1033318936824799,26.993726348876955,4.369046449661255,1.8416974544525146,11.255670773983004,8.414167666435242,37.76389122009277,53.966680908203124,24.264019012451172,2.894600933790207,-0.3894692033529282,4.222309458255768,8.730459489226343,21.159230709075928,12.165714637637139,7.3259289214015,4.893929245471956,21.73885817050934,36.79776958465577,33.15035110473633,18.511103019714355,4.601185497045517,-0.29129344880580904,0.6090282559394836,9.799037820696832,22.90594662964344,12.895170384645462,4.817891866266727,3.5729471957683563,13.622494648098945,34.03743167877197,38.21985313415527,21.467393063902858,3.9991697144508365,0.006185224652290366,3.9433556151390077,9.453405511379241,23.132777869701385,10.931771672964095,6.866419309675694,8.218247830271721,17.248597273826597,31.060989608764647,37.30831768035889,21.087744436264035,7.61019209176302,1.083987195789814,5.111004524230957,21.584433902204037,23.345050463676454,10.961514779329299,6.5274823749065405,9.519247498214245,23.204234743118285,36.09978887081146,32.16389294147491,20.564788470268248,4.501606810092925,-0.12103631734848022,1.7002342408895494,9.261493940949439,16.664886674880982,10.592010515928267,2.9914134615659718,3.708223247528076,15.950647270679474,23.40554740905762,31.11409658908844,16.245435619354247,3.5086583310365684,-0.5514908313751221,2.648443650901318,7.908385647535324,19.967870454192163,13.881965606808663,7.132260057926177,9.078511061072351,21.148696324825288,31.758855385780333,30.13521985054016,14.096085004806516,2.13014065861702,-0.38165046989917756,1.8675161236524584,14.783194000720977,31.851105647087092,19.248844714164733,13.711221665143967,8.009598893821238,17.240268852710724,28.387705593109132,29.109317417144773,14.761968231201172,2.711361029148102,-0.2531653544306755,5.0703596746921535,7.091673384904861,20.17982003450394,20.587277232408525,5.125714552998543,9.83862208366394,18.472890179157254,31.16487244606018,33.889286766052244,20.276353449821475,4.037085302770137,-0.06981087431311608,9.122238963842392,9.451087359786033,19.459929857850074,9.909178049862385,6.55052587389946,4.3022260382771496,13.939004319906235,29.665386097431178,25.15551166534424,13.588360166549682,2.5378451266884805,-0.5567954188585281,4.552008538246154,3.365794712305069,14.568755901455882,8.116478208303452,9.460470451712608,4.719957759380341,10.13908285021782,19.622287392616272,20.779890375137327,11.788469164371492,2.2365007950365543,-0.34943444937467577,1.4079317960143087,7.61659814119339,13.99754954099655,7.229011204242705,5.010781443119049,6.682936990261078,12.049868360757829,21.468660663366315,21.163874101638793,8.461179299354553,2.2822513216733933,0.3470256406068802,3.687917617559433,8.902070978283882,19.467143235206603,19.39883371204138,6.96557480096817,9.152309080660343,16.82683106780052,31.13442297577858,25.69228996276855,14.702272815704344,3.7585904383659368,0.2292227870225906,3.7079376471042638,11.14397202849388,26.659159264564515,17.34011469423771,8.020697026848794,9.211956580877304,12.71681135416031,24.831934876441956,25.403655319213865,13.316217627525328,1.964642494916916,-0.25568243384361267,2.5548333348706365,5.704648833572865,18.830434341430667,5.910083150863647,8.72771989941597,8.336721244752408,27.542921828031535,21.14107403635979,16.724293003082273,8.553535322546958,0.8138088557124137,0.2736681546270848,4.018346630334854,10.764854857921602,24.207987020015718,11.307700781822206,2.2432673239707945,6.794318039417267,11.522564188539983,16.35037783443928,17.87346088409424,10.500725193023682,1.4587297993898392,-0.6230626049637795,1.6488050946593282,11.897288447618484,15.64399982690811,8.606075144410134,5.652940692901611,6.820891827642917,9.95475101262331,16.732512146830558,18.276757416725157,9.829709664583207,1.6916927616298196,-0.17369340062141417,4.3435249072313304,5.660107309222221,16.654708446860315,13.391319102197887,11.56069379210472,4.0579952991008765,9.93402963936329,19.056931220591068,15.618354628086092,8.61358994305134,1.7880833387374877,1.2006218124926091,2.9557555115222933
148,108.92250366210938,106.53338470458985,138.99916076660156,205.36375732421874,129.78715057373046,115.18891906738281,120.67691802978516,57.65281028747559,84.58049621582032,91.34820709228515,98.57172546386718,102.79539947509765,101.7246241760254,106.79596878051757,141.13810333251953,188.52182373046875,132.9693408203125,132.85705932617185,144.1827960205078,78.57134384155273,118.24130615234375,95.10754638671874,119.61770385742189,124.807822265625,114.77625518798827,110.64273025512696,150.41336883544923,188.22343811035157,135.66542755126954,123.38326416015624,128.5876887512207,98.57764129638672,124.52012725830077,110.11987274169921,118.2760598754883,129.09203826904297,110.36595916748047,107.82321105957033,143.83533782958983,203.34131530761718,130.25096191406251,126.56762344360352,119.56248931884765,81.4206549835205,116.48566345214843,103.2378254699707,114.57696365356446,131.7754672241211,115.25654846191405,106.48761611938478,138.80384399414064,195.86760009765626,135.9028564453125,124.31542221069336,154.59000518798828,91.20141220092773,109.41114944458009,105.0153532409668,119.63439178466797,138.65092468261716,106.84738708496093,112.86517135620117,161.8611605834961,213.45551818847653,124.24688308715822,124.39082962036134,152.5711859130859,90.77307655334474,129.33568229675294,106.59473838806153,111.20343017578125,127.34725799560547,126.47072814941407,131.0698648071289,153.46848937988284,188.27948303222655,115.27133178710938,104.77112045288087,135.59193099975587,71.98984642028809,110.65838958740235,91.20298557281494,100.71102462768555,127.12471832275389,119.7999771118164,130.08744750976564,170.8658319091797,192.46988616943358,113.57432678222656,117.10116912841795,116.26149002075196,90.61005836486815,123.8718437194824,92.37805191040039,109.65994842529298,143.46354064941409,125.50060455322264,122.03381866455076,175.3537857055664,184.50934631347656,116.64655944824219,116.24021018981935,145.57512557983398,89.83580963134766,123.3457861328125,116.49429748535155,109.1923324584961,136.57471588134766,132.59159912109376,131.73797790527345,166.55350799560546,181.71033630371093,110.15312667846679,99.58039932250976,120.18721450805666,79.02052856445312,125.40847023010254,104.257958984375,109.57771575927734,138.49527374267578,130.8013473510742,134.66428955078123,163.32942596435547,174.13783508300781,92.44802841186524,124.47673645019532,154.1120245361328,102.44189651489258,126.29803329467772,119.75447036743165,108.58942001342773,141.13134399414062,138.59735748291016,143.64318481445312,166.2592901611328,162.41961669921875,105.26358734130861,87.40797927856445,125.46374694824219,75.50324356079102,109.44533477783202,81.32267875671387,101.26550979614258,142.49930419921873,157.67188232421873,153.76433654785154,179.2511862182617,177.20061523437502,100.97053482055665,103.14031997680664,178.3375853729248,102.78700576782225,133.6751739501953,122.30329666137695,114.61760421752929,144.27553527832032,146.80403686523437,151.46906097412108,171.10902954101562,162.40800537109376,92.22633880615233,131.11244743347166,122.48590026855467,113.64339477539063,110.73086730957031,108.30569892883302,109.1410615539551,136.43998992919919,141.07304321289064,145.20466888427734,168.1135729980469,158.20809204101562,93.65906494140624,118.64163711547852,131.91246170043945,84.53219039916993,140.0080238342285,118.89221942901611,104.67612747192383,153.25677062988282,146.0179571533203,144.9615707397461,161.74947570800782,140.7727261352539,91.0877423095703,106.11513824462891,132.70026214599608,83.32866554260254,120.19911224365235,106.1326449584961,99.39989639282227,133.38101943969727,147.95314453125,152.8565606689453,162.69214416503908,140.4160269165039,78.82695907592775,107.52626876831054,149.484197845459,90.6628190612793,109.97499687194825,113.15876770019531,97.59115127563476,132.03738983154295,150.21185302734375,156.55029174804687,170.4348471069336,146.57800979614257,93.36286697387695,116.8511575317383,149.8599510192871,101.71369468688965,114.75636268615725,86.49727279663087,96.03604202270508,138.5948300170898
149,44.89169006347656,70.87484474182129,60.30275115966797,24.325821113586425,34.58992052078247,70.8141589641571,59.036259460449216,87.31380844116211,33.77627944946289,36.03092827796936,42.68510208129883,33.09766039252281,40.64284830808639,34.18452686309814,22.0245279943943,21.945915635228154,12.571943974494932,26.6567927646637,26.712479476928713,28.442580072879792,24.690524830818173,19.2534077000618,34.08801461219788,52.56939250946044,32.449874305725096,55.635315380096436,30.792615892291064,17.82048693776131,24.887223381996154,23.376175367832182,28.742223261594773,27.085290288925172,19.634377454519274,28.310184826850893,29.4453905069828,24.6412513589859,30.203640551567076,27.01928493857384,19.862120440006255,8.44629060447216,24.042380949258803,19.726211698055266,23.71090158700943,22.485775690078736,18.73488582521677,15.698720574378967,25.531784672737125,35.12152217388153,38.52718502044678,36.04329501271248,16.2623069357872,12.612168692350386,21.372512921094895,28.07491966366768,26.58275318145752,27.322969903945925,32.17965056657791,32.12665512561798,35.83124198913574,28.340862560272218,28.547529017925264,53.07754058837891,29.217240073680877,10.266594747304918,45.52983928173781,36.69976586341858,31.55975190162659,32.53075450301171,19.401764550209045,15.684634997248647,15.446498425006869,21.480886273384094,40.58138193130493,31.537232775688175,19.33316205620766,16.15683674931526,13.970300517082217,22.233041612505914,37.2113678753376,34.37931965887547,27.21392510771751,14.350285083055496,37.022233667373655,39.45310461044312,28.11378291130066,38.79282520055771,18.755253719091417,18.771977672576902,27.332017503380776,27.622365822792055,25.65024256229401,23.908230810165403,27.07186855554581,20.57609028339386,29.17293984413147,36.630098404884336,33.036286430358885,52.423751800060266,30.546090679168696,22.539788722991947,20.9621012622118,31.66290607869625,23.672475214004514,36.516458382606515,27.34225083947182,15.013982817530632,20.057099370956422,37.7211665058136,40.22808247566223,46.18975936889649,33.24318192958832,17.531270102262493,17.403482187986373,26.564673826694484,31.903367881774905,25.736446268558502,18.648514914512635,12.605033087730408,26.006556851565836,50.637075672149656,29.410918107032774,31.27226959168911,24.169649131298065,16.966407705545425,24.107908153533934,22.913163738250734,23.006477863788604,21.666629123687745,19.67940914869309,16.864723571538924,23.333047156333926,24.456558640003202,41.749953174591056,29.18608114719391,27.810878673791883,25.006153049468995,21.434033081531524,22.74898086071014,28.37464080810547,29.268788347244264,14.46575343966484,12.991518154144288,29.304624230861663,32.331125164031974,28.49056701183319,42.15793608903884,22.304685744047166,5.051125460863114,20.3798667794466,26.040446296930316,23.256214491128922,25.83454707324505,26.997493448257444,19.467893077135084,33.332313303947444,43.89962477684021,39.87619486808777,43.60980829000473,27.66367269873619,13.964453732967376,20.838251254558564,20.08063010454178,22.79218783378601,18.253514404296872,16.781632509231564,14.788118876218798,34.98994440078735,21.09730719089508,31.359065704345703,39.45948789596558,28.401010709702966,15.694649701714516,12.788417083621024,36.649381437301635,16.967745050787926,17.438038904666904,10.698823752999306,17.61407091140747,25.784219155311582,32.451071691513064,48.67834247350693,45.50388926506042,19.938603711128234,13.777095409929752,29.25581573486328,21.686390106678008,21.283228871822356,18.890986137390136,12.927657680511476,9.145656082630158,27.294769358634948,28.43470685243607,43.78016816139221,33.15262636184692,27.140772039294244,11.889497703313827,18.79203599214554,18.85709343910217,13.29619108557701,14.270758242607116,8.562714617848396,5.411998876333237,24.11951864242554,27.69763094365597,35.02779618263245,42.60098464012147,15.304781685471534,15.832429631948468,32.361563434898855,24.221638383865358,31.312563354372976,16.91972072124481,21.534623539447786,15.397263214588165,35.74355539232492,42.47968540668488
150,32.17989330291748,26.94059524536133,40.73512268066406,82.35810165405273,126.37288055419921,214.2736785888672,245.13448791503907,229.38753967285157,220.4976013183594,151.43896026611327,78.98269119262696,54.78274345397949,44.451806640624994,37.536929044723514,36.54794219970703,50.00802146911621,91.26938980102538,153.5727062988281,209.95629394531252,201.43391845703124,164.19335998535158,145.33156005859377,76.92436111450196,58.13076469421387,36.98908021926879,26.886150398254394,49.37561897277831,61.88893280029297,94.59902420043946,158.75735565185548,206.46848510742183,209.55418182373046,176.7848306274414,153.1088394165039,82.92263076782226,51.25702301025391,45.05296455383301,47.56044548034668,37.23204662322998,52.67683101654053,100.65572937011719,171.32402069091796,220.29782348632813,229.02277008056635,188.40391052246093,150.07912170410154,71.07178634643554,50.08641296386719,41.7939793395996,32.16388977050781,31.721292114257817,52.54286003112793,100.89947830200194,167.64552642822264,212.07921630859374,215.03556640624998,179.23883544921873,133.50657318115233,66.68888969421387,56.28236587524414,45.30131874084472,28.45463792800903,37.77116132736206,53.404297714233394,96.51936264038086,178.05084197998048,207.3059307861328,200.09536193847657,165.87231964111328,146.74838806152343,70.36804229736329,58.40632621765136,44.22214220046997,34.25088439941406,34.332116012573245,53.1964446258545,108.30693405151366,159.9134359741211,212.7673760986328,208.32451232910157,174.10838775634767,122.37662796020508,58.19151992797852,50.70429168701172,37.85333225250245,31.82559885025024,36.00731510162353,53.19216423034668,101.92356842041015,166.32123626708986,195.63052673339843,205.48837463378905,175.50012298583982,125.78972778320312,73.10409103393553,43.072024765014646,35.26566436767578,26.615722026824947,38.77185878753662,61.947321777343745,102.27452728271484,176.30187591552735,211.8149304199219,203.5049969482422,174.28405853271482,127.90888732910157,64.79620803833008,47.680997657775876,38.45839569091797,29.2065118598938,40.75339023590087,54.842331924438476,94.6081396484375,153.79714294433592,218.2617965698242,201.6987756347656,164.56473083496093,122.48210769653322,68.07127464294435,50.6488501739502,39.51690540313721,38.59539448738098,41.1232958984375,53.90795951843262,103.59908920288085,169.3122128295898,216.0212496948242,204.89962768554688,179.6888589477539,145.65495849609374,69.27192222595214,49.47075759887696,36.77053005218506,31.941843538284296,39.1971277999878,49.545273246765134,95.84361373901366,152.44061645507813,197.28326965332033,213.20734436035156,169.10124084472656,143.82912353515624,61.214157409667976,46.01943954467773,34.47355527877808,32.31631023406983,44.56342418670654,55.57617126464843,97.68103210449217,174.17231292724608,216.06155090332032,207.7156182861328,169.5148388671875,130.2623321533203,65.6236287689209,44.14083438873291,35.09586454391479,28.491494607925414,31.421113395690917,45.606662864685056,86.81245040893555,136.89361068725586,199.8488571166992,219.00118774414062,179.90934020996093,138.96033752441406,60.511229400634775,49.16971206665039,37.3661283493042,33.02379810333252,33.64966079711915,48.984421081542976,87.68644104003906,148.57123413085938,208.5381048583984,204.51404663085935,180.97939056396484,132.4545086669922,67.02561767578125,45.81080043792724,29.550626335144038,29.8976219367981,37.224043388366695,55.09269515991211,90.93032470703126,170.98014266967772,203.52743286132812,205.88819641113278,180.64365173339843,120.9888703918457,61.9574496459961,40.443996047973634,38.566627502441406,25.815924701690676,29.056183605194093,45.36699645996094,93.66358367919922,141.83208404541014,215.3943603515625,227.9555093383789,187.78142578125002,156.92312591552735,62.77629829406739,44.00647022247314,31.00593807220459,34.25261510848999,35.39896125793457,44.56845970153809,74.84968063354492,142.9288491821289,222.2672717285156,233.02614685058592,191.86112396240233,140.56236236572266,54.139251480102544,43.13054405212402
151,2.4667335629463194,1.8120523929595946,5.496973025798797,12.293192958831787,22.226058673858642,25.069642066955566,29.847819137573243,38.26004257202148,36.79782638549805,30.727499198913574,15.833689451217651,6.605408096313477,3.606857808828354,2.4194921737909314,4.545314147472381,9.010792846679688,16.760587511062624,28.108470268249512,36.977119789123535,38.146559982299806,33.55583106994629,23.34804012298584,12.103683156967163,7.767375217676164,3.01515669465065,2.233988225609064,3.117685893774033,7.129865331649779,16.498453750610352,28.538789081573487,38.26950008392335,41.095825119018556,31.712316513061523,21.185465774536134,10.096883788108826,4.65415897488594,2.671743540763855,1.7419143983721734,2.7583585405349735,7.928404445648193,18.089321098327638,29.878935241699217,38.96437408447265,46.38811286926269,37.109119453430175,28.57903594970703,11.457536101341248,5.510361020565033,4.16689655482769,2.444486345648765,3.28319957613945,7.4984992980957035,17.657696704864502,32.023010635375975,40.001885375976556,42.56895027160645,37.79363571166992,19.516629924774172,9.368635544776918,5.4718268203735345,3.381422323659063,2.1891929674148556,2.7063804388046266,7.296640267372131,17.555554256439212,31.44909660339356,40.48496513366699,42.240357589721675,35.044025878906254,24.36918942451477,9.36131149291992,4.214246777445078,2.6526767909526825,2.7765058243274687,3.629964699745178,8.343536773920059,19.854602856636046,26.7653918838501,40.72603065490723,41.46103576660156,32.872872085571295,17.6641117477417,7.9574730634689335,4.413155865967274,2.5027984285354616,2.0749271273612977,4.055222101211547,10.143295984268189,17.689921493530274,26.42431381225586,34.327347869873044,39.0828768157959,31.779868621826175,20.27093969345093,8.11467746257782,4.257373940944672,2.0215970768034457,1.7908495687693358,3.331162320375442,7.499007077217103,14.805829620361328,28.727595291137693,41.48975868225098,45.213360443115235,36.22804885864257,20.773440933227537,6.742090582847595,3.1696128153800966,3.0129211312532425,1.9562372118234634,2.2433433509618044,8.671486241817474,17.888031616210935,30.570570755004884,41.264543266296386,41.5565518951416,30.597103958129885,18.384683818817138,9.156614818572997,5.635836133658886,2.8912320345640183,1.794335091114044,2.5914162230491637,6.055098550319672,18.796658115386965,30.501350250244137,35.991056213378904,40.98494323730469,34.10177661895752,21.618259077072143,8.472004656791688,5.714567964076996,2.1681891766190526,1.8971796774119138,3.6515508553385736,9.189588121175765,18.314520168304444,30.907037849426274,39.429176330566406,45.753977508544914,31.532483749389648,18.90461750984192,6.212909653186799,3.324424775838852,1.9912045931816098,1.7457006192207338,3.5801860463619235,7.674980864524841,17.818285961151126,30.815637702941892,44.498646774292,41.49069671630859,31.384195442199704,22.11126121520996,6.981422927379609,2.756823456287384,2.2258940711617474,1.5325594609975817,2.2347836166620256,7.21212255358696,17.419128074645997,23.75939418792725,35.49430397033691,43.49433395385743,34.52498706817627,19.609483833312986,6.683165836334228,3.4568514013290406,1.692862325012684,1.6811848396062854,2.0869317054748535,7.572396335601807,17.021532478332517,28.766156806945798,40.67518745422363,43.01415306091308,32.06267372131348,18.474372768402098,6.067925295829772,3.2759224265813827,2.793608589172363,2.1831792688369753,2.5357822680473325,7.655571467876435,16.335905318260195,34.774172630310055,44.747899093627936,43.395267791748054,32.915703201293944,15.03946629524231,4.294784147739411,2.6393218576908115,1.818614347279072,1.647801520079374,2.529402309656143,7.780641250610351,18.345014629364012,32.037681083679196,45.15264808654785,47.22434814453125,34.93557151794433,20.491133937835695,5.436667084693909,3.3543999798595907,2.060202345848084,2.173403614759445,2.966865563988686,7.082629783153534,14.326777944564821,31.859677410125734,47.32278827667237,41.4519979095459,33.8219864654541,20.043583602905272,6.4526714515686034,2.9478668957948684
152,-0.6247853517532349,-0.4835414469242096,-0.46369531750679016,-0.25211273580789567,19.218298429250716,150.09109420776366,188.16406860351563,167.01553649902343,96.45132217407226,28.707600402832032,14.300348204374313,1.3112352877855302,-0.5766354668140412,-0.48412288337945936,-0.352147006392479,0.8561615100502967,12.639881824851035,123.49830154418946,186.21212677001955,174.2825256347656,109.48797256469724,38.57559976577759,10.495120750665665,0.3990930034220219,-0.626474575996399,-0.43935480415821077,-0.3406991654634476,0.17401083998382091,9.991450481116772,137.94709606170653,184.6120391845703,192.83295318603516,112.03673431396483,58.956860046386716,10.387267418559642,0.5915615287423133,-0.5881815135478973,-0.4752904087305069,-0.41858206272125253,0.023419863879680612,15.989604048132895,127.44400634765626,198.55633331298827,177.10215972900392,108.82555191040039,41.11051975250244,4.813772905468941,0.09596391558647152,-0.6127318060398103,-0.4567990553379059,-0.4294636994600296,0.2754727376252414,13.458729946613312,147.76475494384766,204.88889587402346,190.3399172973633,105.62072036743163,45.41818271636963,6.651025611087681,-0.02437666431069374,-0.6025443577766418,-0.4985633528232574,-0.45311993598937994,0.30334896028041836,9.120812337100507,130.04141700744628,193.31595611572266,179.38812042236327,111.69224197387696,35.308649387359615,5.955191024243832,-0.1235492581129074,-0.5542592465877533,-0.427318740170449,-0.39375093191862104,-0.10383445262908937,8.244211556315422,107.9147354888916,195.106344909668,172.83520324707033,106.83933731079101,37.145062103271485,9.057953745126724,0.43369906038045886,-0.4903052878379822,-0.4229352051019669,-0.31134299874305726,0.9481631499342621,14.922565555274488,114.96763654708863,195.8121960449219,180.695625,110.75824676513673,49.954473686218265,9.81739336460829,0.7773235204815864,-0.5772903329133987,-0.4719958317279816,-0.4259476137161255,-0.151109939198941,13.266923156492414,155.54094524383544,198.28063995361327,189.27368652343753,111.32895538330078,40.64478381156921,7.779108462333679,-0.16811165034770967,-0.5171574097289703,-0.49619855046272276,-0.42018465816974643,-0.04065500113880262,17.3232002967596,120.2858512878418,181.53968872070314,188.3634490966797,129.8000924682617,43.53637342453003,9.092587537169456,1.1847431871294976,-0.5842590951919556,-0.420952730178833,-0.39268455021083354,0.53232547596097,8.324067730978133,102.8338973236084,193.98247253417966,182.26953735351563,121.7521421813965,53.09384357452393,5.557218735218048,-0.12990336418151854,-0.5548291015625,-0.408487007021904,-0.3891083914041519,0.12039246544241904,15.961217888891696,91.43595268249511,195.42792602539063,188.5756588745117,106.60120460510254,42.957217216491706,4.849632146954537,0.11212208122014997,-0.5298463666439057,-0.4610097432136536,-0.3818815711140633,-0.2629082212224602,12.644586478695274,133.4789416885376,189.49885681152344,195.10438446044924,114.73125991821288,51.22260635375976,9.73944076700136,1.0862629824876786,-0.5582947754859925,-0.4429385018348694,-0.3693495620787144,0.024474066048860554,10.479298826158047,97.06684410095212,193.0594186401367,203.59504150390623,127.38123413085937,43.79579206466675,6.700831713676453,-0.31036257207393647,-0.5549073636531829,-0.41785438776016237,-0.3465170475840569,0.528141382932663,14.290720824301241,117.4426360321045,187.7244905090332,191.71492340087894,139.0476008605957,51.578262672424316,5.652623534202576,-0.13175040513277053,-0.5488374745845794,-0.4271068453788757,-0.3533929920196533,0.9046116745471954,5.044901877008378,108.93141838073731,211.35830322265625,227.2173651123047,135.04061340332032,54.32922677993774,3.545545554161072,-0.43292900145053864,-0.5324200874567031,-0.4415828961133957,-0.39371417213231324,0.1325169293582439,10.156394379734994,125.58420333862304,217.93877166748047,242.14112487792968,138.9021987915039,43.76478225708008,10.55592913582921,0.4466824787855148,-0.5775588643550873,-0.37196756184101104,-0.37048021554946897,0.2896616226434708,9.780159300863742,152.99211607933046,210.87351867675778,197.65730773925782,140.21955444335936,49.96808536529541,6.8326694262027745,-0.3171789385378361
153,2.0303022146224974,1.9837321758270263,2.7527997940778732,27.43521115779877,56.049356079101564,67.17691192626953,65.44322204589844,91.10009307861328,130.9733871459961,84.10399017333984,21.226560974121092,4.13973913192749,1.820102481842041,1.63003258228302,3.621625915169716,9.101869301795961,33.89563823699952,50.3737728881836,57.31832740783691,93.7866781616211,146.4580856323242,84.22053581237792,16.91351240158081,3.6273997163772576,2.168143796920776,2.3014605379104616,1.5053782659769062,6.416347836256027,37.969274578094485,62.51873184204102,61.12331832885742,101.87112823486328,153.63262756347658,107.17632827758788,20.275348052978515,4.392625188827514,1.7921096658706666,1.1767592549324037,3.8656124585866936,11.425441930890084,33.503210592269895,52.337255554199224,62.95405899047853,94.9547769165039,163.21821716308594,95.91903839111328,22.08360662460327,5.219961552619933,3.069063003063202,1.842678391933441,1.9532129365205766,7.032041479349137,31.548386993408208,56.377373695373535,65.20336311340331,96.92550201416016,163.1566915893555,98.47088607788086,15.061205596923827,3.5687689208984374,2.4362526035308836,1.6295142972469328,1.4676779717206956,6.015670490562917,25.094636173248293,56.54193130493163,66.34546684265136,101.23174880981443,147.60720077514648,84.05361923217774,16.161074714660646,3.8450284719467165,2.112632336616516,1.5949974644184113,2.1781929939985276,5.9431831538677224,22.893234195709226,37.8633783531189,55.74796501159668,88.92871459960938,169.3467221069336,87.33955696105957,17.994046058654785,4.167823333740234,3.2405989837646487,2.7840964269638055,4.473118875324727,15.296190853118896,42.10807837486267,57.15078247070312,69.94699615478514,108.72788726806641,153.72650451660155,112.51844917297362,27.820558471679686,6.569762573242187,1.9467235994338992,1.6880862617492673,2.552321380972862,7.802498281598091,38.287094860076905,60.49815090179443,62.21056083679198,102.72938583374022,153.96148605346679,86.48430778503419,15.809073390960695,3.432949371337891,1.8147977018356323,1.474657919406891,5.363254395723343,10.422461822628975,35.87313365936279,48.620544891357426,64.61343826293945,92.43080017089844,176.38172790527344,106.69176879882814,16.105694465637207,3.84870174407959,1.9608978557586667,1.6873170149326324,2.634742082357407,10.765628457665443,22.621642856597898,44.338823795318596,59.266326141357425,92.94982376098633,165.2042141723633,106.08575660705567,19.685956993103026,3.8344055652618407,1.6289846420288085,2.252640398144722,4.349145088195801,7.871832782030106,21.51539708137512,44.103858146667484,71.07743301391602,112.1006123352051,160.5060171508789,97.61788288116455,12.072018918991088,3.1385759830474855,2.057157497406006,1.4814292123913764,2.432172998189926,12.471241846084595,33.10695954322815,47.757523727416995,64.49874065399169,96.24608444213868,160.05792419433592,116.56995666503906,19.683199253082275,4.189007444381714,1.9083611822128297,1.0066082817316055,2.9871414440870283,9.947931603193283,25.813380393981937,45.740829124450684,65.9042179107666,105.73506210327147,178.7429846191406,99.53779220581055,17.190216779708862,3.506130743026733,1.7797280716896058,1.589187276363373,2.2342859929800034,9.265097352266313,26.280873184204104,45.615907783508305,71.2378303527832,101.81369934082032,175.6026289367676,107.02043838500977,12.973875026702881,3.6287878608703616,1.7873629903793335,0.9889801204204559,0.9725277233123778,5.342847714424133,23.051193594932556,55.86831888198852,75.27642410278321,110.90388549804689,189.6727127075195,108.81730323791503,18.160255937576295,3.616420440673828,1.7523381042480466,1.7952911594510077,3.2343912398815156,14.353962900042536,37.644686021804816,63.315999774932855,59.597475662231446,115.9264093017578,174.8007357788086,105.57016685485841,16.045738182067872,3.415946655273437,1.88836528301239,0.9312442818284034,1.5768378567695618,8.461615695357324,37.93272399902343,57.95025617599488,64.91337013244629,111.33310379028322,193.84216339111327,132.99016983032226,18.744320182800294,4.2151593112945545
154,469.1869384765625,591.3896789550781,611.2675231933594,689.4317016601562,798.4791015625,757.6572814941406,726.4031539916992,506.6216407775879,552.7731758117676,685.1629695892334,327.83912963867186,411.4049011230469,638.1246636962891,767.7147534179687,875.3895422363282,930.5871875,706.072645263672,547.6864208984374,536.1024676513672,406.7675717163086,436.87717666625974,389.4946702575683,347.6606079101563,497.6543188476562,656.9849609375,760.9493212890626,928.1533129882813,819.6777038574219,720.0884765625,588.2595327758789,481.4734634399414,458.20237197875974,513.0286832809448,514.910601196289,405.6794097900391,505.5951531982422,649.7424914550782,756.8675390625,836.751037902832,884.1949401855469,734.8877319335937,570.2796313476563,460.9758338165283,444.2657395935059,392.92317440032963,420.24115493774417,455.36893997192385,506.3541540527343,557.0695306396485,689.3606890869139,760.7163537597656,768.760811767578,680.9291809082031,515.470849609375,536.0007141113281,455.52694213867187,515.6416314697266,421.48052978515625,387.24641326904293,465.08277526855466,647.0818957519532,831.4120239257815,938.0500170898438,997.6336547851563,766.9155517578125,571.180559387207,526.4867175292968,509.9994299316406,440.6351715087891,454.45713806152344,374.52148620605465,512.4521057128907,690.1819860839844,838.4238427734375,851.8400732421876,967.0032916259764,767.4749365234375,560.9918798828124,418.53066574096675,450.97285827636716,486.29347343444823,433.49177074432373,371.5138110351562,500.8998614501954,558.5566705322266,629.2452954101562,747.9336584472657,848.6865893554689,779.8967834472656,629.2516378784179,567.6142070388794,473.4127278137206,483.5733186340332,467.0403033256531,390.18725891113274,517.1093670654296,619.9233203125001,800.5545751953125,945.8399279785156,907.9674670410157,747.4871118164062,543.1007617187499,507.13976367950437,508.2848093414306,556.1703680419922,505.8263302612305,425.7951260375977,483.00873352050786,670.7196044921875,813.2954272460937,920.0467065429688,995.7574609375,810.3225146484376,521.7417123413086,518.438531036377,399.7448426818848,426.1307052993774,403.94174936294553,347.7365982055664,510.56353759765625,621.3892907714844,810.6645458984374,832.5152087402345,896.3172326660155,760.5954821777343,566.2770178222656,485.06938552856445,416.35185310363767,399.4411986541748,410.7560838317871,392.0074200439453,519.5565356445312,720.8638500976562,875.5505187988281,1001.9159521484374,1009.08876953125,942.0070678710938,630.0155700683592,497.3489521789551,465.6980546569824,430.0976819610595,475.30467712402344,457.5531234741211,607.6819995117188,656.4066381835938,799.9490136718748,880.1904064941407,933.2798510742189,800.8847204589845,675.5141659545899,520.353850402832,480.32931335449223,464.8447564697266,512.0164486694337,392.9724627685547,537.1243762207031,716.35732421875,850.5612927246093,977.3717602539061,1023.8195959472656,887.7453991699218,555.0932354736328,496.4771360778808,483.0580374145508,434.96119171142584,376.47781745910646,454.3551907348633,607.8823083496094,656.4957244873046,786.8693920898438,887.7528259277344,958.428432006836,773.1676318359375,521.6199291992187,496.0063802337647,381.41580184936527,445.6451808166504,455.7829958343506,359.0452508735656,488.13386901855466,815.1225500488282,968.0909399414064,1015.1317004394532,1078.7176611328125,924.7798754882813,650.8317413330078,569.5815536499024,495.5284870147705,502.2778524780273,507.3127581787109,452.9232452392578,643.0741772460938,689.6445056152344,884.1860394287108,1051.8436779785156,1067.4520385742187,955.6317895507813,594.3347326660156,520.8856882476807,435.697799911499,430.4403100585938,494.6352313613892,443.72971710205076,616.9661016845704,653.6465747070313,799.6483642578125,970.6443811035157,1014.2542260742186,976.3902990722656,664.3027984619141,530.4878734588623,476.89215489387516,541.4473275375366,427.53409593582154,441.94911041259763,638.7643518066407
155,-3.2119584560394285,-2.7054147720336914,-1.0296157360076905,13.494181680679322,133.28897185325621,409.26242980957034,492.6656433105469,587.2368835449219,447.31096801757815,145.77607955932618,52.955927550792694,4.543732929229736,-2.427711135149002,-2.090258553028107,-0.2354839515686033,12.20513210773468,72.86249193191529,338.2478167724609,516.2711657714844,610.5226416015624,500.6368041992188,197.5479835510254,37.519467597007754,0.2773357033729554,-2.228855710029602,-1.1244084405899049,0.5261849689483642,9.924497549533843,74.34789144039155,363.65122375488284,516.0948535156251,598.4894104003907,492.86787597656246,280.17490356445313,50.236624231338496,4.131549060344696,-3.0885991477966313,-2.8792654705047607,-0.27369715690612784,6.301527347564698,81.11122448205947,362.51731567382814,538.775955810547,606.9586047363281,506.00251098632816,234.59229202270507,31.048074932098388,1.2062237024307252,-2.5049574732780457,-2.76384535074234,-1.8343561291694641,5.913646578788758,72.74962306976319,358.7465032958985,553.695751953125,616.5090270996094,471.3594836425782,232.05542510986325,31.107685903310774,-0.11815252542495731,-2.610855350494385,-2.5116818404197696,-0.9738037467002869,7.837900450229645,66.81542734384537,359.15360595703123,541.8199340820313,616.79380859375,456.5940051269531,183.23588058471677,29.631804590225222,0.5746727848052979,-2.1163861012458804,-1.7689478230476379,1.666047592163086,5.657958843708038,51.0312270450592,295.8966052246094,535.6895349121094,582.2643933105468,473.3112060546875,198.70033050537108,39.931068794727324,1.8968372678756715,-1.164908571243286,-1.0806835770606995,-0.33416641950607295,13.41110071659088,89.89060118675232,330.7081494140625,549.2331518554687,617.3535424804687,483.770458984375,250.83381622314454,44.953688480854034,3.738995146751404,-2.931056685447693,-2.4100988769531253,-0.8811900353431703,7.102041134834289,88.08520501613617,408.66585815429687,547.7941186523437,607.8618359375,478.67863403320314,199.08993759155274,31.29078169345856,-0.5570455288887024,-1.9873788857460024,-2.11327404499054,-0.9700923871994019,8.037603256702422,86.9326201057434,361.050475769043,546.5640002441406,610.0479040527343,526.6605151367187,248.9839016723633,33.450406312942505,2.453430006504059,-2.9289064502716067,-2.148799934387207,-0.044535536766052194,12.856751466989518,47.672638497352594,310.13804382324224,539.4050976562501,613.3203955078125,526.8454864501953,233.47699005126952,28.672999906539918,0.2889091420173644,-2.6532638168334968,-2.1688307929039006,-1.3687602090835571,6.73777129650116,64.24144004821777,317.45997192382816,566.56083984375,646.4425256347656,470.46429199218744,214.13490531921389,19.897617983818055,-0.12475804567337043,-2.7032774162292474,-2.478574769496918,-0.10689163446426395,7.439461069107057,71.00870509624481,364.7729870605468,558.703201904297,642.09326171875,502.95189147949213,265.20697219848637,41.367865948677064,1.9761669731140135,-2.7170053243637082,-2.6401818704605104,0.277283992767334,10.544869430065154,72.41406093597412,323.94011260986326,569.7478576660156,661.2301635742188,547.5075622558593,228.29156463623048,27.424254832267764,-0.6365758824348451,-2.4426561546325685,-1.63875506401062,-0.12619548320770263,10.617605533599853,81.58346035003663,367.7025723266601,608.581025390625,639.5394055175781,578.8179821777345,260.6134605407715,29.889464502334597,0.017639787197112965,-2.6063616585731504,-1.801939687728882,-0.025382828712463334,14.998222332000731,59.352585983276356,344.7120440673828,632.9039147949219,690.1353051757812,557.554500732422,249.66583053588866,23.627361154556276,-1.516381402015686,-2.296525478363037,-1.6604842138290408,0.45566791057586675,13.054407428503037,72.83466071605683,363.5160043334961,588.0526025390625,703.0668432617188,589.3628552246093,204.41883567810058,40.31362184047698,0.959693650007248,-2.9856101465225224,-2.649752063751221,0.3313545179367065,12.062370946407318,92.84491186141967,405.3607565307617,632.3290747070312,691.556201171875,573.1300878906251,274.99642471313473,33.856208288669585,-0.5912466740608215
156,144.42828826904298,182.61347045898438,147.23165130615234,91.392333984375,21.708568477630614,20.252124309539795,22.121313047409057,16.01598419547081,27.81558290719986,68.17479114532469,94.88823776245117,117.1625587463379,157.28113342285155,178.28329833984375,136.71742523193362,107.65858840942383,49.12050452232361,25.3378023147583,10.918502259254455,3.7130137205123903,8.68452228665352,27.901983761787413,70.09088306427002,133.680597076416,159.02190063476561,163.9106149291992,143.05715301513675,94.22490447998048,52.47196269989013,23.12286390542984,7.197845814228058,2.040356734991074,4.875770503282547,15.91354782104492,73.62416896820068,129.76660301208494,167.72100952148438,174.91603332519531,134.65357025146483,97.77022399902344,52.48255064964295,24.242915878295896,12.32895838022232,7.645735464096068,9.345504750013351,25.239673941135404,64.79697712898255,124.89086639404297,166.24167541503908,182.26386962890626,138.1694268798828,94.01201217651366,39.92335200786591,24.34934766292572,14.008460338115691,7.2958283787965765,7.644096215963364,27.254271641969684,69.40200859069823,123.84603790283202,159.30443176269532,174.2494204711914,147.12083496093751,91.98133628845214,33.8103484582901,16.53443277359009,6.652191423177719,2.8682506215572356,5.103355474472046,14.182042880058287,59.47125133514405,122.98999519348145,158.7343869018555,174.31644134521486,145.60024307250978,99.81502054214477,64.00303686618805,23.340525426864623,9.934704254865647,4.822367280721664,6.738692635297776,18.783134990930556,52.73502288818359,114.56185188293458,176.04571411132815,185.4762097167969,151.40472442626952,96.3687922668457,54.515288810729984,25.950999474525453,8.02077843785286,3.89549524128437,7.536151803135873,18.32353219985962,65.15497913360596,121.92672317504882,173.03014587402342,195.95018920898437,149.47459106445314,100.41068008422852,60.092770800590515,28.88679023742676,12.099382380247118,6.391874537467956,6.443389376997947,16.112730768918993,57.54143989562989,133.47591926574705,164.69854125976562,188.87849029541016,143.8119192504883,110.26914131164548,64.65185432434082,26.140499067306518,8.428823331594467,3.9292798966169356,6.763210812807083,12.908863036632539,55.48802059173583,104.9336557006836,172.5189468383789,183.73151947021483,137.47734748840335,110.36244995117188,46.218428392410274,14.09824901342392,6.093848004341125,2.9324950563907626,3.529954416751862,12.879580191373828,51.12483757019042,113.51115447998045,175.93626800537112,165.3589762878418,149.54042449951172,93.08747131347657,47.46464817047119,11.685191593170165,3.53226375579834,2.8965151828527453,3.5803290569782256,11.715317829847335,63.37197015762329,133.31169647216797,170.15432373046875,187.55932373046875,145.24441635131836,83.32140617370605,52.86357120037079,14.87870967388153,7.292832831740379,5.559898122549057,10.005831433534622,21.592502708435056,62.58331428527832,134.59967269897464,173.8281332397461,172.27324432373047,135.23697708129882,86.94363677978517,53.36312088012695,11.949769520759583,4.432618362903595,2.5737862086296084,3.2264639472961427,15.72833100795746,48.52925903320313,123.457275390625,184.77177795410157,175.61190826416015,144.85217163085937,105.09410556793212,54.241849250793464,21.5086567401886,8.50306022167206,2.029163430929184,4.200311698913574,19.498664180040358,60.4766102218628,105.13119674682619,189.66310974121092,189.11254028320315,152.96747100830078,113.20213256835936,59.08375566482543,23.070277390480044,9.905249247550964,2.2023214209079742,6.7299709057807915,20.060904400348665,49.98776193618774,119.36661102294923,187.74965942382815,181.7687677001953,153.81025360107418,101.84489639282226,67.9192763566971,25.355183258056638,4.684623992443084,0.8357747602462767,1.6032721436023714,9.167882513999938,49.397280330657956,141.0311167907715,185.65104125976563,194.0662014770508,132.1001725769043,103.67715343475342,73.85029458999634,21.03153812646866,9.76203402042389,4.027290022373199,4.672805188894272,22.772330943346027,71.53885686874389,132.27493881225587
157,1071.16181640625,1197.713232421875,1007.2232788085937,1274.0380004882813,708.6710571289062,385.5946838378906,346.07716674804686,463.6471682071686,512.3198871612549,956.40517578125,1109.520849609375,1254.5458740234376,1215.4981787109377,880.9702941894532,898.3812438964844,989.3785461425781,829.9283386230469,615.0306689453125,459.4676232910157,344.68182678222655,410.86387008666986,627.2703759765625,1037.1200732421873,1354.7218627929688,1109.6209692382813,942.0648046875,854.1618579101563,856.9723339843749,796.4258691406251,563.9187097167968,421.74958999633793,324.5090426635742,390.50201549530027,617.888441772461,950.8452819824219,1196.74033203125,1258.4122607421875,855.0378723144531,798.1295166015624,926.6344836425781,871.7447100830079,612.7924584960937,372.9788735961914,377.4046894192696,479.60105606079105,642.9967346191406,1050.0155798339842,1297.8112939453124,1292.5274938964844,939.7167138671873,873.3244378662109,1029.3152355957031,756.5744262695313,538.615200805664,377.46916664123535,311.3716522789001,373.0967567443848,580.8285559082032,1014.3281665039063,1246.7110034179686,1217.1189038085938,946.9213098144531,814.4967199707031,1049.0473339843752,822.9032910156251,556.475899658203,382.73774597167966,363.47656394958494,435.2551081848145,579.2049942016602,934.6696911621095,1289.1041967773438,1252.7946557617188,852.1968572998046,891.325023803711,1029.0051049804688,927.12177734375,550.1303381347656,323.1589643859863,337.8113480949402,490.90930297851565,578.5174645996093,996.2810363769531,1268.1037524414064,1309.9765478515626,1003.9774353027344,871.1475146484374,925.0277880859376,727.6338409423829,576.8688317871095,379.3855263519287,333.708447265625,497.7359005355835,636.5388568115234,995.4543017578126,1356.4273120117189,1385.6869262695313,906.8098107910157,842.2478466796877,989.0680712890626,857.6793402099609,546.5305474853516,416.71905029296875,439.6226409482956,566.0658353424071,641.9887158203126,913.812392578125,1219.9020751953126,1265.1843432617188,911.9693493652345,742.1334851074218,954.7444360351562,862.9769555664063,553.1134399414062,330.49993392944333,367.8908847999573,528.315502052307,605.8667791748046,1022.3206103515626,1334.5419799804688,1232.7171899414063,985.1387536621094,891.3105419921874,1061.2639086914062,949.2607885742187,578.5158483886719,336.99347843170165,291.06244230270386,322.7711518287659,555.3306159973145,913.5948937988281,1316.4448266601562,1319.4734545898439,940.9876684570312,849.9763488769529,899.8402648925781,928.4702526855468,624.071987915039,306.7189617919922,294.5891342926026,315.8220135498047,522.6885476684571,1019.0477380371094,1433.0348681640623,1281.9901147460937,910.9222813415527,943.3254602050781,964.9782922363281,869.3024670410156,517.3417498779297,346.0289031982422,390.64069987297063,529.4500714874268,679.3371813964843,1040.3284399414063,1423.8672021484376,1366.4865234375,856.0575976562501,832.1907897949219,1078.354735107422,815.9788989257812,492.52129577636714,276.79439712047576,313.4668490791321,290.5988535308838,490.08522735595704,929.1615197753905,1341.759958496094,1313.1107861328126,787.9656860351563,819.2054260253906,936.8361437988282,849.5777587890625,599.4863623046874,357.147859210968,300.8603240966797,465.09757560729975,540.1634970092773,883.076961669922,1354.3503173828126,1353.7047216796877,981.4359069824219,984.6370642089844,999.5509655761718,857.8719396972656,539.6873281860351,371.1891049194336,294.79768520355225,341.19358757019046,512.9686380004883,934.0284374999999,1366.0110986328123,1328.1239306640625,981.7462335205076,1026.427998046875,1020.8076208496093,928.2512316894532,575.802251586914,308.1631159973145,325.7390298652649,313.58042291164395,503.5669422912598,938.7087255859375,1462.5197021484375,1368.6805859375,963.3483569335938,864.4478784179688,1043.8697534179687,865.2211535644532,527.2278253173829,290.60090728759764,300.01889106750485,504.004897055626,566.1513018798828,998.1217724609374,1462.7953125
158,0.18171270191669464,0.3724137291312218,3.1305349111557006,23.789209508895873,57.11455011367798,87.1486141204834,115.07192001342773,113.66219940185547,148.74454803466796,65.31495323181153,15.40622673034668,3.151983857154846,0.36080427080392835,-0.4568622276186943,4.437637077569962,12.247273664176465,49.9957498550415,79.3916370010376,94.4806300354004,143.5579066467285,173.2191299438477,64.41477691650391,14.8166903591156,3.0065761470794676,0.5506225571036338,0.5062827935814858,0.5368917512893676,7.565578431487083,49.77233205795288,96.67766403198242,101.0585708618164,146.56150177001953,175.2394549560547,82.02921516418458,19.945043430328365,4.113497958183289,0.28837058067321775,-0.5972962439060211,1.5079665321111677,8.640081825256349,36.83731166779995,73.52639755249024,113.81885681152343,148.90099700927735,199.0579946899414,88.985142288208,17.425095500946046,4.174289169311523,1.2773091942071915,0.20861964643001557,1.2559706506133081,8.266943981051446,38.93523273944855,76.26578498840333,104.4121485900879,140.70549865722654,178.60486358642578,80.09236717224121,14.222500362396241,2.950107787847519,0.9944111213088036,0.024071215093135877,0.7799948382377626,5.18065056502819,37.247411904335024,84.85646280288697,107.25770599365235,153.86939331054685,159.86383087158202,70.23277923583984,13.889834051132203,3.3751901984214783,0.4639851909875869,0.04111449122428894,0.9792901536822318,5.935815045833587,25.291864919662473,61.572379150390624,97.49837860107422,137.4471466064453,201.03945983886717,72.01275009155273,15.657341957092289,3.4837565994262696,1.4373900124430654,1.5132668310403825,5.010134474635125,18.62869007349014,56.2249552154541,85.98858840942383,114.26675933837892,152.94761505126954,175.29338531494142,88.64879486083984,22.338027420043947,5.21336009979248,0.4175943678617478,-0.019798842668533344,2.55664288520813,10.02645227074623,48.692027583122254,87.19538581848144,99.62158332824706,137.94142364501954,179.412551574707,72.53503479003906,14.791404647827147,2.9016633677482604,0.6272843566536903,0.014130399823188797,4.628978523015976,12.916931675672533,43.29939352750778,73.36023441791534,103.13254760742186,141.11890045166018,200.99706665039062,96.9623818206787,17.233286647796632,3.775028924942017,0.6884828197956084,0.16337584882974626,1.5858045190572738,10.330678537189959,30.2052343159914,69.019171295166,99.56221221923826,135.387713470459,185.4493621826172,80.35990173339844,17.128300189971924,3.021944971084595,0.06475657343864441,0.7210107535123825,3.3431119573116304,10.540819963216782,34.08691152095795,73.52821555733681,125.97160766601561,158.21903900146484,171.14129669189452,79.37914943695068,12.432987957000732,2.692708894014358,0.6151581436395646,-0.2627017578482628,1.2922820341587067,11.615861377716065,40.83466309309006,77.13021286010743,107.7115306854248,145.1439392089844,180.07160430908203,101.74189163208007,17.0166255569458,3.4403320789337157,0.4993616384267806,-0.4978386202454567,3.2725654911994937,12.330629159808158,33.27266537189484,59.840470046997076,106.98575714111328,145.28189819335938,202.85858947753906,79.22375869750977,14.476878623962401,2.9383350932598113,0.4304984343051911,0.1772261688113212,0.7823055481910706,11.825751440525057,32.24942773342132,72.05945114135743,116.61203056335448,140.07679397583007,191.08723541259764,98.25912635803222,14.359312038421631,3.051111663579941,0.4314622700214386,-0.5934405040740967,-0.39287386506795885,6.250427215695381,29.88340963363647,81.1995267868042,117.89129486083985,146.14166381835938,194.46634704589843,85.02713512420654,16.29901212692261,3.0857119226455687,0.5366180950403213,0.11532395809888843,1.7028917577862739,15.903065166473388,45.43853408396244,87.03892807006837,101.73835693359375,147.6627182006836,192.65708007812503,87.7545276260376,15.09231840133667,3.2204416847229007,0.40367297530174256,-0.6967142030596734,-0.3111976534128189,11.210494700670242,48.089070625305176,80.38368755340576,112.56059967041014,147.56527099609374,198.1296859741211,104.5879182434082,16.455084381103514,3.480658159255981
159,1.3969460368156432,1.3680511742830277,6.920362520217895,4.3072268724441525,6.256110453605652,12.105437660217286,38.686534786224364,15.763845920562744,14.642703747749328,1.2968110918998716,1.908122044801712,0.8359264820814133,0.9795383846759795,1.7476358929276468,2.8475188678503036,3.63098668217659,5.640641152858734,11.714565105438233,33.133225154876705,28.114605636596686,14.798277482986453,3.073356931805611,2.4449304890632626,1.2342254167795184,1.8259351677447557,2.354436505138874,4.493366560935974,3.6009681081771854,5.3164552605152124,10.446857995986937,35.06846147537231,26.97698156356812,14.681886205673218,2.8212518090009686,1.9676686100661755,1.1847765094041824,0.7495032417774201,1.4132981833815574,3.8821013684570795,5.329989032745361,7.204284315109253,12.689810009002684,28.39745279312134,26.574677834510805,16.57003053665161,4.05246496528387,1.709731305092573,1.4198811008036138,1.3820540918409825,1.8233264829218387,3.3069530218839644,3.9058104872703554,6.123134078979492,11.982882828712464,32.270588636398315,30.473366527557374,20.293851203918457,2.5564597028493883,1.7675025251507759,1.4274234904348853,1.0018220496922732,2.5544979563355446,6.076408697366714,5.108324642181396,5.9244292140007015,10.191396198272706,31.56486415863037,30.284511098861696,20.792886402606964,2.909583981633186,1.6594107620418073,1.2507625743746758,1.7382767662405967,2.8364242002367974,3.912765572071075,4.01979660987854,4.233712167143822,10.738307223320007,34.40178676605224,33.783630771636965,14.404272503852843,2.9560372541844844,1.8574765869230032,1.5032349154353142,1.9176531119644644,2.7051103752851486,6.191921192407609,5.626048926115035,5.170252246856689,8.957378964424134,28.380991678237915,29.26440288543701,15.815715107917786,3.288242132663727,1.7867025524377822,1.887139020115137,1.5280528005957603,3.324087405204773,5.942542158365249,5.732799949645996,6.069078595638276,9.92726854801178,28.51210592269897,25.503839807510374,18.44692090034485,2.62370156288147,1.5057967489957809,1.032504773736,1.7266377222537994,2.4253688788414003,4.229083299636842,4.888352098464965,5.753977704048157,9.214902505874633,29.753267822265627,31.71249876022339,20.460885729789734,3.501231595277787,2.451462074518204,2.0075628924369813,0.9223240184783936,2.2724449300765994,5.280617492198944,5.722023553848266,6.231097962856293,9.9262375831604,31.17841131210327,24.621856575012206,19.074141561985016,2.925804033279419,1.7314885640144346,1.5432410605996847,2.17523268699646,4.856146008968354,5.647324308156967,4.6249206089973445,5.8438733893632895,8.208954644203187,33.572775039672855,28.390796394348143,15.009403562545776,2.3458425119519233,2.326074203848839,1.716081717610359,2.7270711946487425,4.984915316700936,7.492646636962891,6.202519441246986,5.891393947601318,10.48483316898346,39.9722438621521,30.26408369064331,20.976065554618835,2.9378906232118607,2.1827005961537362,1.5332487684488298,1.106936057060957,2.934692738056183,6.323456158638001,5.456185474395752,5.955028018951415,9.897664580345154,37.626309595108026,30.744748096466065,19.32665490150452,5.342053298652172,2.491970812678337,1.0845319588482378,1.7593431210517885,2.1463942837715146,4.024510824084282,5.812327690124512,6.209570283889771,13.285393457412718,25.215458106994625,32.57665845870972,23.396494612693786,5.975756824016572,1.652354239076376,2.1281218445301056,2.0505249723792076,3.7421401262283327,6.141275148391723,5.767827463150025,5.153610742092132,11.285629625320434,35.877859153747565,29.31390845298767,14.192780227661132,2.9248314246535303,3.1567287368327377,1.9150209029018879,1.9301189826428893,3.4399278223514558,5.6162958192825325,5.127243456840515,6.434022830724716,8.906164641380311,39.58348491668701,29.136651906967167,12.994520783424377,4.258012588396669,1.727671880722046,1.22410821557045,1.8407814124226571,3.6462281465530397,6.135829153060913,6.196613717079162,6.058308267593384,8.543265056610108,39.96045761108398,29.118808765411377,24.874338760375977,5.143422013819217,2.6265680545568464,2.7674117505550386
160,19.16546039581299,24.74024667739868,19.451546382904052,31.331769371032713,29.561003303527833,51.4806432723999,56.30211308002472,32.91330124139786,17.395653957128523,24.38047361969948,9.992111122608184,13.841862300038338,18.550658016204835,22.174479179382324,20.26248600959778,26.539677085876463,34.63521112442017,40.03750644683838,41.34958401679992,21.088240841627123,15.792574807405472,7.338778681457043,6.993832132816314,11.573715162277221,17.745142135620117,18.476239290237427,21.71100971221924,20.67968547821045,26.39090882301331,41.84979078769684,45.227456655502316,28.087671666145326,19.922986845970154,9.913442087471486,9.248981010913848,16.217743525505064,21.68292676925659,18.89041597366333,20.35812262535095,24.899496355056762,36.09383989334107,39.66821525573731,40.25834827184677,25.34138757348061,14.664160071909427,8.451663915514946,12.12595306634903,15.908903694152832,19.81580308675766,19.50446491241455,18.350536041259765,22.57972748756409,26.12993803977966,32.249155883789065,38.97770502090454,21.960462045073506,12.702960263490677,7.9211039578914635,6.980333907604217,12.293731603622437,18.19356294631958,19.510410728454588,19.74160930633545,27.580481548309326,35.44253965377807,34.477718086242675,34.286507558822635,21.372037353515626,13.066136733293533,8.032332431077958,6.211455560326576,12.363758153915407,24.552930545806884,28.903614749908446,26.28743889927864,34.340434846878054,35.07941333770752,37.91313354492188,27.363243201971052,21.601464228630064,15.746311750411987,10.037550859823824,6.897625388503075,15.601555147171021,17.76422483444214,18.13810556411743,19.065520906448363,22.64411973953247,34.2209732246399,42.26099906921387,45.43766563892365,23.43644300699234,15.681808776259425,10.129348259568214,8.04328338980675,12.846486231088637,18.44488121032715,27.772526671886443,18.83079496860504,24.23651617050171,31.942669754028323,38.43482508659363,37.77485498070717,33.867433170676236,26.656140575408934,12.283532050848006,11.659965091943741,15.42507238149643,22.51559416770935,19.605670051574705,18.873297843933106,29.39632121086121,34.4295983505249,39.48807843208313,38.88069690942764,23.43812927365303,14.683967760205269,6.497855697721244,5.430586913228035,12.895155801773072,15.71789384484291,17.887612228393557,17.444657287597657,24.633693351745606,31.0517022895813,32.214865956306454,30.80290028333664,15.534655891656877,8.406302394866945,6.419889473766088,6.993030526638032,11.960869105458261,24.72761173248291,21.849163360595703,23.737490339279173,28.21230381011963,34.510559749603274,38.054694995880126,29.8485211288929,22.48516157746315,12.430590337514877,10.807912071943283,10.762028447389602,18.292565798759462,20.15271336555481,21.109154882431035,21.969886684417723,23.38274435043335,31.100395698547363,40.05423912763596,37.764940276145936,31.298556275367737,18.468496915102005,13.641490170359614,11.986757048964499,15.216498804092407,21.016137619018558,21.0667290019989,22.85190456390381,30.404443511962892,34.43241331100464,33.724783449172975,24.498554251194,19.75719531178474,8.34643006682396,6.403588420450687,8.216571416556835,14.685564527511598,21.058601734638216,19.503882064819337,15.07508297920227,24.33770609378815,25.753464107513423,28.949663095474243,30.002664786577224,13.589606748223307,10.958255315423013,7.7516745769977575,4.53059648513794,11.482680568099022,22.816640129089357,25.00737790107727,21.41287001848221,29.422317209243772,30.32409469604492,35.27803297042847,40.19992516994476,23.03008909463882,13.92576715171337,8.498066914379596,7.858914607763291,15.617403984069824,19.840654563903808,19.577679238319398,19.854288859367372,27.20141901016235,32.81082939147949,28.241656799316406,28.63729660987854,17.938602538108825,11.038533400297164,5.66133918054402,5.722807254195213,13.56564648628235,17.681782398223877,18.7651411819458,19.551330018043515,22.748895473480225,37.633165779113774,34.48015831947326,30.590113346576686,21.452462693452834,14.392123900651933,5.834129278063775,7.366256780847907,16.017229418754578
161,27.627347564697267,10.526979923248291,12.971355628967284,12.38383674621582,27.726472091674804,30.59867706298828,35.80087718963623,32.40251758098602,25.588293492794037,23.450171852111815,12.84043197631836,21.83820343017578,32.593163032531734,35.58006713867187,34.926150188446044,35.5114630317688,31.177616395950317,32.88316356658935,44.5838703584671,40.02191007614135,26.933316898345947,23.224419488906864,18.81778163433075,24.37470054626465,34.85803443908692,34.948657493591305,39.42145336151123,32.493146362304685,33.35471008300782,39.4469154548645,45.756130599975585,37.35294501781463,25.43817986011505,25.9951691198349,18.346857676506044,21.550696449279783,34.011977169513706,37.15492797017098,38.291413724422455,34.93575935363769,30.541343803405766,34.18581247329712,38.3494564986229,35.82586015939712,22.137931365966793,19.420970770716668,18.727375903129577,22.917215185165407,25.425921688079832,30.30965391159058,30.945593948364255,28.259177322387693,28.436095829010014,29.146962375640875,36.38781167030334,36.624544687271126,24.263925495147703,22.076023945808412,15.571963448524476,21.360195713043215,35.83423095703125,45.47075950622558,43.01829330444336,36.878458175659176,30.9808585357666,34.872726097106934,43.52473579406738,42.73547618865967,24.69453998565674,22.11006001472473,19.40781235694885,25.62931324005127,33.11882648468018,39.75774814605713,36.4377154159546,37.644969444274906,32.790087652206424,28.4585927772522,32.30177996873856,31.534350492954257,27.408732280731204,22.629457104206086,18.286228790283207,26.744912109375,26.421269578933714,27.785567188262938,29.835068569183353,29.094644317626955,28.180681772232056,28.966710109710693,38.70396862506867,37.80751719713211,26.647953544035552,22.877370143532755,16.73137356802821,20.390824756622315,26.076453318595885,38.09470323562622,36.35890289068222,34.66897594451904,28.34266820907593,24.372904825210572,33.87994221687317,38.04507865428925,29.132612665891646,24.70674983680248,16.508057994842527,19.817481164932254,30.907480201721192,34.17098161697388,46.10747819900513,39.66906791687012,29.17909183502197,31.335620861053464,35.33705624580383,33.814500362873076,24.050008010864257,21.10668501675129,18.284512664079664,22.53609826087952,33.18312910288572,39.06023941040039,41.414768619537355,34.689385185241704,25.82763641357422,27.9414644241333,32.01568523645401,33.66948248147965,19.593722231388092,17.759474209547044,16.761216230392456,27.410359916687014,34.00853261947632,40.682266311645506,42.39158769607543,38.04629486083984,36.15531143188476,34.30427550435067,35.394273366928104,30.125057673454286,21.28027499079704,21.573036237359045,21.854732071161273,24.979342594146726,33.50349834442139,44.902480125427246,39.17103435516357,38.64018646240234,30.397476749420168,32.04793559074402,40.27129777908325,38.94397818565369,26.48954760313034,21.50958366394043,16.629881701469422,23.978150997161865,37.992886276245116,47.369028358459474,49.453870697021486,40.72495929718017,30.51966693878174,24.788297100067137,38.775185221433645,40.249054737091065,21.14600819826126,15.962443137168885,20.528014163970944,27.93553554534912,36.43978530883789,46.05995515823364,39.69210544586182,36.29391334533691,25.830225305557253,23.711823430061337,35.129935402274135,28.84918068885803,23.472173191308976,20.78740534901619,13.354842886924743,20.437100048065183,37.43878839492798,45.03483209609985,45.28319448471069,40.58029682159423,32.44975904464722,31.41630289554596,49.81170149326324,43.88496658325196,28.120697402060035,24.637542886734007,19.929614982604978,29.336278381347654,31.858948001861574,33.21786972045898,41.62218402862548,37.911747703552244,36.19649522781372,25.654396703243254,33.482221521139145,34.74387131214142,21.34857183456421,20.72650616288185,18.198973217010497,24.398008193969723,33.963822021484376,39.07861401557922,43.1545356464386,34.882973747253416,33.69670505523682,29.568573611974717,38.45208076000214,36.560011970996854,24.62741978764534,20.68040290594101,16.35140137910843,22.34504108428955
162,129.52704544067382,137.8927261352539,154.10628700256348,154.57229385375976,158.4619493484497,116.91328277587891,137.6168128967285,165.29786071777343,147.4606201171875,180.674462890625,206.92381896972657,148.84846038818358,67.39414769172669,36.613454322814945,38.08693049430847,53.948493647575376,83.48509040832519,116.84965942382811,136.2321374511719,172.46049255371094,185.8173501586914,181.75705810546873,215.0002206420899,150.91321456909182,77.46097381591797,46.199266142845154,46.790091857910156,56.66607857704163,91.29883430480956,116.29231994628906,122.74060150146484,165.34071563720704,181.05798767089843,201.09740509033202,190.77292877197266,167.57036285400392,67.23362931489945,16.96223312854767,24.1432208776474,53.80630931854248,81.1078535079956,108.70486007690428,124.9330465698242,165.5780822753906,174.48053283691405,187.06990936279294,215.88382568359376,160.77139343261717,107.57925224304199,39.93531051158905,44.802966494560245,70.40817491054534,85.92992584228516,126.93325363159178,131.344169921875,146.99956512451172,185.3420169067383,195.22333557128906,208.3739241027832,209.46543609619138,80.26946426391602,27.795873994827268,29.179642071723936,40.37372053146362,75.91265151977538,119.53684158325196,152.97241821289063,174.4993878173828,192.440126953125,187.91997756958008,165.29381790161133,163.8214080810547,76.78774538040162,19.876580629348755,23.921759352684024,53.73950704574584,64.41248374938965,99.31826965332031,127.95957565307617,173.90846496582031,191.41044311523436,181.6097540283203,215.86679489135742,179.1236483764648,108.73167339324952,46.906435942649836,43.80568105697632,49.422310247421265,91.09399761199951,124.43892913818358,147.935202331543,183.37863403320313,191.79488983154297,199.39226898193357,238.7637518310547,214.1718064880371,81.92068786621093,29.30145458459854,33.77744222164154,65.93654666900635,111.7109471988678,133.5583337402344,147.78083145141602,180.033515625,185.96078308105467,192.62551971435545,209.06489318847656,159.75958641052247,72.2137670135498,24.092530407905578,16.2617414522171,50.189870090484625,81.46376308917999,124.03518005371093,129.88885284423827,159.16120483398436,198.68523529052734,193.18736358642576,225.1597457885742,166.68112030029297,55.25524478912354,20.420186138153078,16.073692202568054,36.5664454126358,67.31375213623048,116.43537582397462,135.09088165283202,163.13851257324217,191.0955322265625,202.2875775146484,205.40125595092772,180.95980415344235,59.28547887802124,21.67074770450592,26.41990724086761,44.43267614364624,88.04271690368653,103.09375595092772,129.36755584716798,171.7878677368164,184.20171630859375,209.13608673095706,211.86180679321288,165.8592446899414,48.582680320739755,20.953084461688995,29.52664804458618,43.86684627056122,94.62418136596679,111.67919921875,127.8398661804199,156.40923706054687,195.51560974121094,211.26274353027347,221.4085250854492,208.84363845825197,53.63176603317261,13.805790374279022,23.867968568801878,40.515272550582885,67.17911186695099,114.88706665039062,143.38781143188476,183.2532064819336,195.24185760498045,183.89025543212892,198.3322555541992,161.15536743164063,48.99185791015625,11.362189784049988,13.334095091819762,29.49661634922028,63.23675518989563,110.30606101989744,141.97081604003907,160.26321380615235,201.13578842163088,185.02736785888672,203.03719360351562,166.28098205566408,62.25764454841614,15.539722125530243,26.184677720069885,45.61465449333191,72.18630931854247,114.66054580688478,140.71863555908203,190.82765838623044,220.79217590332033,196.82777648925781,205.56506256103518,152.15592575073242,65.33331819534303,13.595058879852294,23.039742209911346,43.78770833969116,81.80948500394821,120.69229030609131,125.72700469970702,166.02892211914065,170.64214233398437,195.71396118164063,217.07531249999997,174.16364562988278,49.96776224136353,11.349991383552553,14.770551366806028,29.44932085514069,73.6290096282959,104.81237915039063,111.44439376831056,161.72217315673828,191.62896057128907,219.67030029296876,182.67954666137695,157.91860427856443
163,132.05400543212892,168.8959701538086,122.84084930419922,77.63021926879883,102.88513793945313,123.17007522583008,182.36707458496093,166.34853820800782,184.4832275390625,201.59217529296876,202.08922119140624,192.3207809448242,111.78252388000487,76.35725715637207,54.45863080799579,43.43345470249653,58.92818704962731,119.71682861328125,175.83147216796877,176.3606430053711,185.37856964111327,171.71502899169923,169.8571206665039,156.9513293838501,142.1605027770996,86.77972972393037,44.333513839244844,29.16085882425308,54.533772697448725,117.74392303466796,172.40279754638672,175.3557760620117,164.38426940917967,183.52781005859373,182.74885513305668,157.12836700439453,114.73326660156249,90.09317142486573,42.55294759750366,33.66747203111648,53.76922018051148,108.44036743164062,192.56958648681643,182.98888092041017,162.04985656738282,168.82499870300293,195.96216583251953,165.18783782958982,144.78343780517577,115.14363586425779,62.39922627449035,43.16719967842103,57.580168800354,115.10837142944335,181.52121017456054,154.6543264770508,169.6326136779785,174.61941787719726,184.84062683105466,161.28221603393553,118.98482269287108,83.82272680282593,45.10382454872131,19.999898211956026,52.19631263732911,132.24889434814452,190.18185699462893,181.51843170166018,172.0792404174805,195.66017639160157,176.98744300842284,151.14388008117675,121.73433717727661,68.58998141288757,42.86262180864811,25.005273385643953,59.264540948867804,125.31358993530276,177.5566891479492,169.32910217285152,183.06973846435548,181.460768737793,186.58606315612792,178.9706918334961,154.4424550628662,86.47165144920349,57.019295265674586,41.02726768493652,63.03465412139892,124.84424957275391,179.09187103271483,182.83600463867188,147.3591390991211,193.6994549560547,215.11424552917478,157.6188326263428,146.77316970825194,111.97503898620604,66.47152550339699,45.15170397281646,60.09459217071533,138.92402435302736,186.7393989562988,157.8467625427246,164.63459899902344,228.1274456787109,204.275439453125,178.74894416809082,123.06901109218597,70.11614496231078,35.53414793014527,22.464435658454896,38.83464839935302,130.1235491943359,191.08087829589846,158.09078826904295,180.21908477783205,174.33982757568361,191.32605133056643,183.25328048706052,126.78622787475585,81.05336694717406,29.329209772348406,33.26161975383759,45.80411859512329,128.52180816650392,177.27603576660152,174.84435089111327,171.75713790893556,199.39607315063478,199.6786360168457,174.1133810424805,123.50011474609376,77.50440067768098,53.95611823081971,27.004276027679442,52.63845143795013,137.47705001831054,179.2007977294922,202.03672363281248,175.89846435546878,162.5826777648926,180.96415435791013,160.884154253006,126.2983154296875,89.49115171432496,51.59696719765664,32.716889524161815,54.55732287883758,137.43176986694337,186.73931457519532,169.54874237060548,169.1514636230469,195.45047393798828,224.79113983154298,179.29845077514648,140.6741452217102,90.45775875091552,56.88958684921265,28.714412943124767,55.98507199287415,125.9222427368164,183.12731842041018,175.03640045166017,181.25831726074216,177.45837142944336,182.3830093383789,180.54760040283205,140.61301124572756,70.39850242614746,44.09954859733581,16.93889962404966,55.995875644683835,127.94377899169922,200.64824371337892,176.92568634033205,165.54073791503907,188.3236849975586,225.08377655029298,164.1908355331421,152.34222164154053,98.28548148155213,51.447214859127996,43.641761099696154,62.05117953896522,137.88150268554688,195.90523101806642,173.33930404663084,200.57162963867188,166.42642585754393,194.8067153930664,188.598818359375,144.06130577087401,80.76448738098144,45.31216961860657,43.59766816616059,69.52697754859923,140.98815383911136,181.15370361328127,172.50742126464843,177.38363006591797,180.42032928466796,182.40154533386232,211.5811102294922,143.0483299064636,98.80006426811218,38.85442430496216,34.49957935810089,71.06481658458709,138.48772521972657,175.01297790527346,162.58707061767578,186.3618753051758,185.3847986602783,199.76948120117186,178.69545036315918
164,36.188256072998044,33.684668350219724,28.670519256591795,21.686717414855956,27.37145233154297,30.688931274414063,34.86317615509033,23.869539153575897,22.80237159729004,17.291484928131105,12.103959274291991,24.67390880584717,33.264879379272465,40.418988723754886,33.89527355194092,33.42997628211975,35.25508872032166,33.01473794937134,42.26335101127624,37.97271087646484,32.19089227676392,28.027251825332645,24.398925185203552,19.378594417572025,36.721190299987796,44.096116867065426,40.65963703155518,26.535843200683594,33.84856369018555,34.084409351348874,44.1198335647583,40.80618812561035,27.818430671691896,27.31134901046753,20.91004858970642,24.792022933959963,30.954065399169917,39.797977142333984,39.9798279953003,28.71399059295654,34.85632804870606,32.50690097808838,38.52482568264007,32.561309804916384,28.198589811325075,22.262366752624512,20.559651985168454,19.190082559585573,34.175157699584965,47.00070526123047,36.07158821105957,33.266672191619875,30.769145469665528,27.591640720367433,36.177423249483105,35.004997968673706,27.788938398361203,26.162149778604505,20.74572228431702,24.423511810302735,42.001998596191406,49.280535812377934,37.65450088500977,33.073912162780765,33.25464569091797,31.69844680786133,45.59982162475586,40.22503398895263,28.482289810180664,25.007112407684325,20.867546424865722,23.225632419586184,33.54868530273437,52.38460289001465,37.24650035858154,30.834020080566404,32.581247577667234,32.99367594718933,34.762815427780154,30.648714043200016,25.309120187759397,22.887494430541995,24.196331138610837,26.126602172851562,34.634624805450436,44.687526321411134,35.50239707946777,27.24683149337768,26.77738677978516,27.881071810722354,38.0484736251831,34.887380050271744,28.511860442161556,27.404213354587558,20.478313463330274,24.65597445964813,26.85220947265625,45.92758560180664,38.4241382598877,29.973230171203614,28.163332624435423,25.72073858737945,35.5728401184082,32.23055454850197,33.627654173374175,26.479653930664064,21.532847499847414,20.104111881256106,32.75302682876587,42.06792999267578,43.637402000427244,35.25310382843018,32.743045539855956,32.41639539241791,37.85038673400879,34.78526132702828,30.127361090183257,23.093165254592897,19.469465181827548,24.299666061401364,33.45622886657715,46.23964736938476,41.72617225646973,29.851087150573733,24.96422882080078,24.315964765548706,37.649250403642654,30.218847677707675,25.073133754730225,21.824329581260685,21.713562030792236,28.820590343475338,32.66168125152588,50.657745590209956,38.91232604980469,30.102419815063474,34.69725986480713,27.32335995674133,28.742171190977096,24.13697715520859,25.05423756599426,28.074163708686832,22.40089855670929,23.05857847213745,30.619661407470705,42.51574913024903,37.834047355651855,36.43218925476074,29.538501892089847,26.749773650169374,39.72534980297088,31.743879449367522,23.35934002876282,22.985204963684083,20.776641912460327,26.02101119041443,37.102553634643556,48.84611701965331,40.779777393341064,28.32828426361084,31.80931040763855,27.027624595761303,37.23157544612884,35.5643776512146,25.293505249023436,18.435981628894805,22.965530815124513,24.562652740478512,35.114279060363764,52.285275268554685,41.38490264892579,28.62941686630249,22.873837484121324,19.282806320190428,31.509391505718234,26.630735177993774,23.66288637876511,23.47513463795185,17.450922803878786,20.64277433395386,33.997543487548825,46.67163726806641,46.96371841430664,30.63256103515625,25.76228287220001,28.79821637630463,40.44177419185638,31.19964975833893,27.456770844459538,25.881731605529787,21.517853965759276,26.343254051208497,38.609157943725585,50.5902006149292,42.38042720794678,33.189269647598266,31.840810832977297,25.088863043785096,31.831247984170915,30.62320197105408,25.4363032245636,25.13777488708496,24.77595067977905,23.484782733917235,36.969987869262695,43.02239936828613,45.15489694595337,28.918636188507083,33.062127896547324,20.598610668182374,31.98568096846342,24.509380913823843,26.886193122565743,24.724797838926314,21.5474382019043,26.520557203292846
165,30.527863216400146,35.45663757324219,49.153241348266604,24.65210304260254,12.732197618484497,13.889565420150756,4.9174910426139835,5.867133569717407,4.142808055877685,9.259399151802063,12.653901529312133,15.68652999997139,22.848013283014296,29.806509742736818,27.490108318328858,17.896192555427554,14.39058985710144,8.519322661161421,4.853386147022247,3.649266300201416,3.622808725833893,3.704515445828438,5.312919687032699,11.531191827058791,24.901912965774535,29.94749767303467,32.07831939697265,26.893362922668455,13.525961859226225,9.593617419004442,5.957570226192474,4.6186408114433295,3.382044460773468,4.888148297667504,7.9824023777246484,15.720787665843966,25.43076545715332,31.868197097778317,33.545725555419914,28.380660381317142,13.459084639549257,7.666090145111083,4.7307481038570405,3.4671738082170487,3.4208183395862575,4.198897429704666,11.532238463163377,18.823295979499818,33.80870849609375,35.960955982208255,34.374808883666994,22.77140083312988,15.027837953567504,7.39169944524765,5.272327294349671,3.2275762253999707,3.9306984877586357,4.79665489912033,9.468961800336839,16.01813038647175,24.508218908309935,24.20119596481323,29.469130916595464,23.21585384368897,13.747469167709351,6.401805381774902,2.7954061496257783,2.825875270962715,3.2629047536849973,3.1941378504037856,7.421654206514359,11.504601691365243,18.466776573657988,29.28369769096375,28.128968811035158,19.44925871372223,12.216982736587525,6.427057815790176,3.373561541438103,3.9212410551309587,3.082314251661301,3.547943233847618,9.534567580223083,12.711750754117967,27.14607347488403,32.17984439849853,36.22946073532104,21.628608684539795,13.521162765026094,8.735020923614503,5.8533722317218775,3.850174530446529,3.8959562116861344,5.3367792725563055,10.057743574380874,14.749122260808946,29.793316354751585,37.405390882492064,33.40864237785339,20.505381460189817,10.539744462966919,8.525277881622312,7.024233676195145,3.918909359574318,2.3930778026580812,4.760724250078201,9.668129205703735,16.116086145639418,24.773163561820986,28.551628189086916,32.810858192443845,22.701284275054935,10.695334722995758,8.21333782553673,4.0142579984664915,3.5930878329277043,3.502214898467064,4.862218316197395,6.278512004017831,16.3960397708416,21.820148088932037,30.55414249420166,28.2648650932312,19.19692410469055,11.487477326989172,6.813696526885032,5.331856507062912,3.0451330852508542,2.860189808011055,4.06792902648449,8.448281797766686,13.315362157821657,26.355869016647336,32.439956951141355,31.830932540893553,21.183954782485962,9.337201515436174,5.505312848687172,4.0517641729116445,2.3510834270715715,3.222072147130966,2.875028564333916,5.983345696926117,10.237891600131988,26.197648944854734,21.01884310722351,30.56179582595825,19.854610538482667,10.034672646522523,5.436705292463302,3.7669061601161955,3.0759751188755033,1.8090217620134355,4.025991944074631,8.396788636445999,14.430549588799476,24.20912311077118,29.71317763328552,32.025837144851685,19.220900111198425,10.122095141410828,6.3838166546821595,5.843281066417694,3.663217869997024,2.938594338297844,4.08286504805088,5.623546912670134,12.520890936851501,21.50100260734558,29.658898429870607,29.223534488677977,22.804833049774167,12.54104726433754,6.858351004123688,4.4712677067518225,2.3893639409542082,2.3242770516872406,3.720771353244781,10.132054423689842,16.23783575296402,23.1279162979126,30.373705883026123,35.82969718933105,25.70292003631592,12.224474952220916,6.178577412962913,4.665400891304016,3.3778101933002476,2.4051357424259185,3.5396643090248103,8.120103312134741,13.798575797080995,31.17481367111206,28.878435001373287,33.88489521026611,26.12742321014404,13.846002864837647,6.344251235723496,4.232669034600258,3.6530559062957764,1.5378294777870178,2.6100865268707274,11.479453426003456,15.99609228014946,29.202349557876584,32.244470834732056,32.94955532073975,23.10468101501465,12.159252500534057,6.508754692077636,3.40809844493866,4.38455509185791,3.112576181292534,3.339725266695023,6.579830715060234,13.580477437973025
166,85.4619529724121,92.01678161621093,114.17534027099609,140.4941192626953,93.89665832519532,102.38657646179199,85.1752682685852,60.21732263565063,53.144914174079894,68.67255609035492,60.798217582702634,78.66567802429199,84.74599044799804,87.57859085083008,103.9218350982666,138.2729426574707,126.00032913208011,93.82193157196045,70.12999565124512,33.44098187565803,22.590155858993533,19.18021384835243,45.33200979232788,87.49910598754882,86.55893341064454,89.26337570190431,111.8819793701172,131.11769546508788,112.8104788208008,108.22134506225586,76.61201021194458,38.62072028100491,23.57218072295189,25.44613007545471,47.071984128952025,73.46011810302734,95.31538345336915,82.14465560913087,108.07795272827147,143.14799560546874,141.1163652038574,117.62169952392578,73.07627798080445,39.1053608417511,24.718935765773058,30.591988201141355,60.31688991546631,85.37085693359376,87.30620622634889,81.65026641845704,99.3058289718628,126.69965255737307,102.54231986999511,99.61739824295043,76.9583010840416,36.90514342784881,17.456282342076303,22.964947975873947,51.77100053787232,82.79754676818848,83.28233428955079,101.49340599060058,103.43343124389648,146.68233367919922,128.09357482910156,85.79253578186035,66.16021205902099,39.92417629122734,24.420523000955583,19.71460838258266,36.711290197372435,79.4724331665039,100.7320001220703,88.95171730041503,119.17084472656249,155.88587463378906,142.9903895568848,101.56952666044235,60.481974670886984,30.979255117177967,26.11111758351326,27.041497732996937,44.38107257843018,81.18099014282227,90.62476272583008,86.89449188232422,107.31133346557617,131.47593383789064,130.06077278137207,102.58326225280761,80.9374264907837,37.66641096532345,29.987224063873292,29.32411438882351,49.25799903869629,87.92908432006837,101.36832931518555,96.85986892700195,99.5893684387207,155.4691809082031,145.87659027099608,90.37825141906738,68.25257377624511,57.503764387965205,49.47666783422231,36.189708866477005,48.2906496334076,78.7123016357422,106.13091186523438,93.53305541992187,102.51875534057618,148.26991424560546,158.13448165893556,103.84776706695557,65.02281619548799,41.334951851367954,27.447037715911865,25.329576482772826,42.301634531021115,75.70116912841796,89.57193328857421,99.31815521240235,114.6833444213867,144.30520690917967,133.34430358886715,89.76951191425323,55.9283394229412,35.34702434539795,17.333435871005058,27.557237333059312,47.45094085693359,92.57198226928712,112.77125427246094,108.82590103149414,116.44125350952147,143.13865234374998,152.93670928955075,109.09034439086915,50.355672435760496,34.2489942073822,18.810463527441023,25.971257385015484,62.10701221466064,98.8437451171875,114.60255737304688,111.34387187957763,129.77492172241213,140.8269500732422,120.35311676025393,101.01813163757325,67.81900723934174,55.113157852888115,40.22986394703388,42.12458689272404,64.58890544891358,98.13643524169922,115.69410629272461,112.46738372802736,125.06562744140624,159.34543533325194,113.40581085205079,85.01472107887268,46.726553936004635,31.64351374149323,16.763090892732144,24.358334659039976,47.72599830627441,100.42194183349609,108.75413299560546,92.03152999877929,95.52997695922852,145.23978736877444,136.33974075317383,96.14868406295776,66.40203390598298,29.90128186106682,23.836398646831515,27.490174690485002,47.98312913894653,82.44260284423828,113.36100753784179,106.46840744018557,119.45601989746095,159.33967742919918,133.12442443847655,112.38642974853515,73.26588943600655,34.823161739110944,17.991868150830268,25.06974253952503,49.829829196929936,94.28579925537107,108.06319770812988,92.93313293457031,120.39963973999022,149.16835678100588,148.70400100708008,80.41372314453125,44.68538416981697,25.32361932694912,15.651766314506531,17.212002831399438,46.55754762649536,94.89661109924316,99.36632476806642,109.60144332885741,128.01240631103514,157.99016906738282,156.03445846557617,74.15195724487305,55.783944542407994,34.54872429132462,30.541997975707055,26.759057399630546,51.58195510864258,96.59963668823241
167,466.15600433349607,505.1532897949219,507.63148498535156,540.001123046875,272.7939971923828,90.84335823059082,52.39664363861084,69.72650060653686,117.40558166503907,318.0563659667969,499.3560729980469,502.53656005859375,501.641494140625,372.0326699829102,462.10072113037114,484.26336425781244,344.6281427001953,181.55046936035154,121.71651209831239,129.76518093109132,187.53225924253465,290.19951356887816,510.36682189941405,575.1012683105469,476.4189880371094,396.0659350585937,378.0429428100586,394.9882189941406,353.74234802246093,136.48571548461913,90.55017845153809,103.06670969963075,152.92151855468748,283.1699100494385,468.07160278320316,511.51640380859374,522.600177307129,306.7465076446534,321.7652114868164,442.7123513793946,399.62420654296875,193.23013473510744,85.58181334495545,91.73952481269836,152.63355148315432,236.9416926151514,438.7721569824219,563.5823583984375,540.2775109863281,411.11324859619145,456.6447100830078,471.37725341796875,297.3880473327637,144.37268112182616,91.10421176910401,106.55268557548523,163.86522471427915,283.2035987091064,488.8604467773437,578.2525109863282,471.26239624023435,381.2849779510498,364.4889928436279,443.7175134277344,326.1746868896484,150.69956844329835,90.12829704284667,98.92893520355224,169.77384078025818,245.4889501047134,394.5447772216797,559.7634436035156,462.209832458496,353.54569236755367,336.2842626953125,416.59167846679685,348.00409545898435,143.6423498535156,70.13238735198975,98.72452237248422,138.09082920074462,217.7322292327881,443.2712573242187,526.6710693359375,546.7023400878907,413.9922491455078,386.98782867431635,411.665443725586,335.69592437744143,181.86765968322757,109.21271047115326,102.91841636657713,178.44869564056395,263.8779499626159,445.23698226928707,623.8078076171874,591.7047338867187,386.88557647705085,330.17183563232425,455.67332763671874,358.868383178711,158.09850268363954,91.58929226398469,131.27665585041046,198.6726597213745,229.7739350128174,438.5056854248047,545.9877435302735,504.9378576660157,343.4260726928711,321.59882080078125,425.7117486572266,329.6233624267578,149.18421438694003,81.33034441947936,79.63639862060548,139.40211117744448,235.18975219726562,402.1638427734375,594.0877893066406,500.9670300292968,299.4373236083985,328.11566986083983,381.44708862304685,340.336491394043,164.8440542602539,78.92192914962769,86.70352319717408,123.32544081687927,196.12977958679198,410.44966186523436,570.7742639160156,484.84083831787103,337.73297821044923,328.7320657348633,350.62652160644535,397.80444519042965,169.45457317352293,78.17015986919404,67.25571803092956,87.67355402946473,217.68911270141604,464.4593475341797,579.7311791992187,485.3943467712403,319.2454014205932,342.5480354309082,413.2118463134765,318.5804205322265,155.41144371032715,84.96035420894623,91.94362369537355,161.18867204666137,253.81045440673824,398.28611999511725,573.6475695800781,431.9410205078125,232.14034255027772,327.1290272140503,431.4032431030274,322.2876867675781,122.92751537322997,53.60853684902192,67.65204574584962,81.09092585563658,181.14830230712892,384.4984429931641,550.3675732421874,436.41506256103514,210.0645254325867,273.82647089004513,362.56628875732423,354.08817687988284,191.8478453063965,94.30394440174103,74.4411355495453,164.61437272757294,239.0795721626282,409.50498046875,563.576953125,498.4743457031251,303.4660468578339,318.0209409713745,385.61314941406243,299.2472854614258,161.45928878784179,85.54099790096284,73.70032371520998,112.77674231529235,176.27432092666623,389.58872589111326,578.5950024414062,531.5018692016602,310.4418818664551,387.3663705444336,422.2969696044922,346.39495986938476,168.67178509950637,74.10259535312653,74.51904144287109,103.74596864700318,184.0635903930664,390.12000823974614,579.5786511230468,505.1719451904297,263.01281501770023,278.10229526519777,388.3360833740234,373.5751806640625,156.06431472778317,64.13785903930663,69.39417886734009,123.22188640594482,185.35208625793456,424.51233367919923,617.5858312988282
168,-0.25721628665924073,0.10982743799686427,0.10409242659807202,0.45359541326761244,0.004640878736972801,2.7984775587916375,3.0746009469032285,5.048587828874588,2.68208487033844,0.484180411696434,-0.470927032828331,-0.43882724195718764,-0.1664002600312233,0.17274386882781984,0.044643231332302094,0.15494843140244483,0.9012380364537238,3.7855381971597675,3.0404628026485443,5.034920089244842,3.893834557831287,-0.010672616958618176,-0.610292326360941,-0.44819982767105104,-0.065953965485096,0.06486082166433332,0.08653358832001684,0.18317446649074556,0.8707081514596939,2.726144829690457,2.8947813469171524,4.51996348105371,2.6619617024064066,-0.22124534010887142,-0.4224015864729881,-0.2022840747237206,-0.09205806612968445,0.030586281716823573,0.058739639073610274,0.20670940577983857,0.817720832079649,3.096584622263909,3.48600472688675,6.127350501418113,3.803472729325295,0.22490443777292973,-0.48810412734746933,-0.41130980402231215,-0.05360097885131835,0.045993794798851,0.11860733211040497,0.18486003577709198,0.8924801145493984,2.830133698880672,2.500420206002891,4.918449911475181,2.5709703078866006,-0.12105963379144669,-0.4575258335471153,-0.2968964269757271,0.006790174692869177,0.10045664876699448,0.10993729978799818,0.2658323402702808,0.7008371027931573,2.2401226253807547,1.8958207213878633,4.235199140906333,2.5677258265018463,-0.11482317328453065,-0.40833000570535666,-0.1985085502266884,-0.01270507127046586,0.04545602440834044,0.11558196917176244,0.22317401334643364,0.8765259124338627,3.051989803761244,3.116763704419136,4.765273035764695,2.6240795075893404,-0.20724617958068844,-0.49471901208162306,-0.22827940016984938,-0.13920573949813841,0.14021593838930127,0.15584911409765478,0.4734541667997837,1.1490366140007973,4.2442712066322565,3.6409009313583374,4.278592381104827,2.9421977102756505,0.22129405289888382,-0.45692364394664764,-0.36343325495719914,-0.03782853990793228,0.011816568076610572,0.14473904877901075,0.12261625081300735,0.6469886092841625,2.9668043333292005,1.746945616900921,4.758491728305817,2.060825199633837,-0.13793783247470856,-0.47182667493820196,-0.18524224072694778,-0.053801611959934235,0.04986166790127753,0.07059922918677329,0.2378484957292676,1.1296324636042119,3.2192598950117826,2.6591487163305283,5.270750555992127,3.562953618168831,0.07953432574868201,-0.47617107748985293,-0.3220586156845093,0.00237313568592071,0.04830165356397628,0.17487191736698143,0.30268586993217467,0.7496299392729998,2.9331563911214467,2.9185688561201095,3.5908515766263007,2.7928021267056464,-0.09507729440927505,-0.528833093047142,-0.20224759399890901,0.03094428181648252,0.17364670068025587,0.07520325437188147,0.2803023585677147,0.9477271523699164,4.1927159635722635,3.3132267242670053,4.10671101808548,2.514152714908123,-0.27240314722061154,-0.547204527258873,-0.2081268006563187,-0.045901804268360144,0.029124355316162094,0.030337833352386927,0.30557634726166727,0.839059437215328,4.744589936137199,3.4777937746047973,5.03487414062023,1.9124632203578948,-0.08247492790222169,-0.5132010632753372,-0.2788538235425949,-0.04259946212172509,0.08237127676606174,0.16883697137236595,0.2742673349380493,0.5681043027341366,3.993293453156948,2.7064856082201003,4.414429037868977,2.9883741560578345,0.0057421204447746675,-0.6030637842416764,-0.3192337098717689,-0.005111009478569048,0.0880363991856575,0.11435230508446692,0.1692668655514717,0.7986786022782325,2.8413853192329404,3.244586897492409,4.719479782581329,2.728249127268791,-0.03447535455226897,-0.5471679574251175,-0.2642495417594909,-0.09974786862730979,0.12138784229755399,0.04234972923994061,0.31541323885321615,1.3699563764035703,3.858117926418781,3.2248291593790057,8.896858570575715,2.316002482175827,0.19111357599496842,-0.5054141241312027,-0.3822154892981052,-0.12942372709512712,0.03079375624656675,0.09229659512639046,0.08881163358688353,1.335078457891941,4.463190122842788,3.4273795682191848,5.28236198425293,3.813059127628803,-0.10534085631370542,-0.6296272578835487,-0.35763748675584794,-0.09617471039295196,0.017657833695411664,0.057612473815679535,0.13355706736445422,0.7215598204731941,4.427115993201733,3.5114012110233306,5.570646677017212,4.243421253561974,0.17918396800756456,-0.5731580424308776,-0.36954318761825566
169,-0.07238301858305926,-0.07364096119999883,-0.07453932091593737,0.003110130876302697,0.26022597663104535,0.7195822690613568,2.966537353396416,5.68683967590332,2.1943394780158996,0.8420008268207312,-0.0762662567198276,-0.08524399250745768,-0.10301498368382452,-0.10446571245789522,-0.10558374047279355,-0.06756191097199915,0.2170476052258164,1.7206203042902053,7.625899076461792,6.739838037490844,2.817164860963822,0.3641853309422731,-0.07313531368970867,-0.09381293222308154,-0.09357931196689602,-0.09550350934267039,-0.0968687009811401,-0.030313989818096132,0.318740138746798,2.4174065858125684,7.552862122058869,8.863782985210419,2.6611814844608306,0.5746563582494855,-0.056824987605214074,-0.09723735615611073,-0.08920863732695576,-0.09316604584455486,-0.09573149174451824,-0.04259310960769651,0.24460058248601851,1.076858533285558,6.50710965037346,6.246384680271148,1.7104754310846328,0.37294534845277666,-0.0324276255816221,-0.07377484232187266,-0.08751413986086841,-0.08918883427977556,-0.09027772039175028,-0.026123034842312313,0.4295104331709444,2.031700127981603,9.026686909198762,5.460218040943145,2.9348629015684127,0.657821678072214,-0.043091235030442446,-0.10266327559947963,-0.11404384255409236,-0.1176037487387657,-0.11984928339719766,-0.03111426962539552,0.3078607370704412,1.522922449707985,5.919901646375656,7.319544057846069,2.3247769117355346,0.35262283086776736,-0.068950657621026,-0.10068180114030834,-0.07944290474057192,-0.08153778791427607,-0.08278994202613825,0.016491980506107236,0.45485546424984935,2.49281642973423,9.83829107284546,5.230055357217788,1.491846905052662,0.6730330936983228,-0.016793897822499244,-0.07088397875428196,-0.07419416487216945,-0.07601467937231061,-0.07730411648750302,0.0470409089140594,0.3104431959986686,1.3209165236353875,7.1162754203379155,5.037720652222633,1.3763284063339234,0.3029219645261764,-0.018721858393400882,-0.060889162570238055,-0.07736761137843128,-0.07956179752945895,-0.08091037437319751,-0.022426540330052362,0.27408091232180587,1.7012532263994213,10.559643058776855,5.802678506374359,2.450657202601433,0.5386143307760357,-0.05296571901068089,-0.08680276572704311,-0.1062423601746559,-0.10811078637838359,-0.10915422156453128,-0.04115925163030622,0.25544200193136934,1.2146965816617012,9.84784793615341,8.111790370345116,1.9865050214529039,0.7118039297126233,-0.04267376709729431,-0.09526057004928586,-0.08114392310380932,-0.08331570029258724,-0.08407077059149737,0.039651962481439124,0.3114432694204151,1.8386145383119583,6.253268398828804,7.937371755614876,2.0977067986130713,0.5487721067294478,0.024624261744320416,-0.0745617569983005,-0.08820197463035581,-0.09180365771055217,-0.09375615864992137,0.031996312923729425,0.22466884691268202,2.4001664289832116,12.125402718782425,7.4236454975605,2.0541801354289055,0.5307705377042293,0.02488656857982279,-0.08450482323765751,-0.16044018313288685,-0.16575562268495556,-0.16629727602005,-0.022623388022184377,0.4147361224889755,2.3420750498771667,12.838261985778809,8.077748721837995,2.1668936075270175,0.801586336158216,-0.043590680323541166,-0.1425681599974632,-0.09408041223883624,-0.0960047627985477,-0.09595991685986514,0.011810222249478109,0.2630982258170843,2.591476576924324,8.39056095123291,5.165378348678351,2.6896409100294116,0.7124973006546498,0.023127294573932873,-0.08652886018157,-0.1497437000274658,-0.15576704755425447,-0.14762265540659422,0.10018275797367097,0.3663939934782684,1.5631625953316688,9.052033463716509,8.113414303064346,2.492844294309616,0.8369845563173295,0.01030196011066437,-0.14552161186933515,-0.10155589386820789,-0.10416689008474345,-0.06608399160206314,0.281718692057766,0.41339015714824195,2.0299855084717278,8.488346424102783,7.293900899887085,3.7784000592678786,0.5936468220129609,0.1106429599225521,-0.10728547737002367,-0.13551816716790194,-0.1428593809902668,-0.14236226245760913,0.24608066353946922,0.28544867787510153,2.8312393790483474,12.814602167606353,4.938975652456284,2.4026822071522473,0.539223008081317,0.07799641825258732,-0.09129426702857013,-0.09471271246671673,-0.10232998132705684,-0.08831076249480245,0.45571653448045246,0.9372938321530817,2.808822146207094,7.092297024726866,6.672757942676545,2.4214129618555313,1.0391712179780008,0.18844598241150382,-0.04651319637894628
170,-0.0741540446877479,-0.07525287419557565,-0.07499748468399042,0.005668851733207719,0.17927916683256626,1.2794972896575927,2.736524796485901,5.204728889465332,2.902818264439702,0.20535524934530258,-0.0406685635447502,-0.06530635654926298,-0.06474017925560469,-0.0675575983524322,-0.06855159804224964,0.02597202677279713,0.2146801050007343,1.2429007655382156,3.8821168160438537,5.2000459355115884,1.1265698817372323,0.18544629991054534,0.002567621879279632,-0.06447904400527474,-0.07065265327692027,-0.08045556969940659,-0.08761402025818821,0.03515900187194347,0.2340767366439104,1.8560243637114766,5.12204592704773,6.552944018840789,2.103876619935036,0.5338650866970419,0.013406945951282992,-0.06998654313385483,-0.08328712776303286,-0.0847907708585262,-0.08324781656265254,0.07499936755746603,0.26872802168130877,2.1464150679111484,4.083935815095901,3.4585826280713077,1.6532071086764337,0.29887277133762835,-0.029626624882221196,-0.07547005534172053,-0.07313212122768158,-0.07597338456660505,-0.07652252398431296,0.06362534314393999,0.1774598276056349,0.9756053844094275,4.484232137203216,5.360568296909332,1.7553095827251675,0.4078739407099784,0.04209534786641597,-0.06454647712409492,-0.08870092444121834,-0.09133492708206171,-0.08800516135990617,0.03558426216244697,0.4558964301273227,1.427743339985609,6.158113150596618,7.285582743287087,3.2256568948924547,0.25049187239259474,0.01562997031956915,-0.08368676312267775,-0.07522017464041707,-0.08102089487016198,-0.07292603403329848,0.12059848498553036,0.5410875557363033,1.665594447553158,4.9252783036232,4.344046876728535,1.5884885627031324,0.5093237808346748,0.042347884438931956,-0.05674021728336807,-0.06602330822497604,-0.07284983031451697,-0.07030702084302899,0.0998371070623398,0.31286639016121626,1.2591969430446626,5.7327033790946,5.907843602895737,1.6513943383097647,0.21752695713192222,0.007938395179808159,-0.06419558160006997,-0.08422674268484112,-0.08352837920188898,-0.07422645151615138,0.06152468778192997,0.2646692594140768,1.553684241771698,6.352916755527258,4.480907870084048,1.3485482436418532,0.2688856422156095,0.007638359181582935,-0.0747752986475825,-0.06874476186931129,-0.07581454593688246,-0.06557341352105137,0.09302346447482705,0.3217311418801546,1.2512836097180844,5.347625523805618,5.943294057846069,1.7386075892299417,0.48986473668366665,0.016362452022731316,-0.05667563095688816,-0.05933258213102814,-0.06788246154785153,-0.027804595753550498,0.21258076263591646,0.5242576342821121,1.730894674062729,4.5520000864565375,6.246150807738305,2.355096765011549,0.4835703438520431,0.06485511105507613,-0.05754196301102634,-0.06723888412117954,-0.07635443463921542,-0.061298673897981604,0.11666742483153938,0.4469187294319272,1.76505189538002,4.85646274805069,5.766961365938187,2.901110156625509,0.3860337030887604,0.1284517206437886,-0.05032549977302549,-0.08628429822623726,-0.1036663134396076,-0.0689538951963186,0.21250378366559747,0.6896171120554209,1.6329342871904373,8.227985262870789,10.60773251414299,2.704987904727459,0.7573550466820598,0.16042432613670826,-0.02760372608900069,-0.08027499198913571,-0.0962257708609104,-0.0848222633451223,0.2155697089061141,0.4369616542756557,1.485817566514015,5.985418104529381,6.608103210628032,2.8695707918703555,1.0825173552334308,0.17988491825759412,-0.042837326601147634,-0.04824762858450409,-0.0775546124577522,0.021785270124673857,0.2629473254084587,0.4970126143470406,1.6552927661687136,6.280082110166549,5.807665528208017,4.311312504410743,1.3208236177638173,0.22090353831648826,0.0003052733838558558,-0.06224625870585439,-0.07424863386899228,0.10174912072718145,0.38666033784393217,0.5663252178952098,1.4893547314405442,6.6617679846286775,9.086614577770233,3.611309273242951,0.6377901773899793,0.24671376414597032,-0.012495424784719916,-0.06964047946035859,-0.07659268714487551,0.025716564655303958,0.3178220504708588,0.4593990755826235,1.4499084164202214,5.894616326093674,6.490679389238357,5.675633274763823,0.5403438898921014,0.17532081976532937,-0.04467991154640911,-0.05389417476952073,-0.06470924116671081,0.03022389784455302,0.47890271212905644,0.6272331403195859,1.7866957715153695,5.848024175167085,6.1251683583855625,2.3173352795839306,1.0401921704411508,0.22759257117286325,0.06942040469497444
171,0.5172808945178986,2.2260651946067815,4.8081560045480725,13.787154793739319,28.147444248199463,43.5576229095459,53.722140884399415,58.61140613555908,66.72076263427735,48.94826469421387,23.602887916564942,3.3922152899205686,0.22785753250122065,0.012759380042552958,0.4353919413685799,5.54044828414917,15.471267861127853,48.3172714805603,55.4564811706543,60.861864433288574,64.6248511505127,46.54961429595947,20.961146478652957,1.967923891246319,0.24624318003654477,0.1928169836103916,0.7490739594399929,3.40602565407753,21.01363245487213,46.00625064849853,53.26814666748047,60.30187805175782,67.46449661254884,58.90288227081298,18.490725243091582,1.9891900476813316,0.1590997689962387,-0.1453657820820808,0.3207954102754593,3.863868898153305,18.444732508659364,47.88558658599853,63.44388900756837,70.49398223876953,66.7203054046631,59.48940628051757,23.461417245864872,2.842461074590683,0.5378749269247055,0.19231796711683274,0.969773656129837,7.782965229153634,20.6014025247097,52.24933826446534,61.945927200317385,51.658860244750976,71.89214149475097,55.06773468017578,13.283653502464295,1.9338342073559764,0.21874188601970673,0.020163691341876983,0.4834438601136208,2.3735810494422913,17.619258318543437,53.40456439971924,76.52886940002442,72.98315223693848,75.77041534423829,51.41562187194825,14.534333548545836,1.3663615453243256,0.16887291401624677,-0.03210135340690612,0.3457006341218948,3.2306263053417204,18.28873248577118,48.666325950622564,67.5745997619629,63.255133666992194,76.84511352539062,46.47382987976074,19.06297585487366,2.1676402884721755,0.5590529403090476,0.5514720481634139,0.994847983121872,5.892443072795868,20.40105218589306,60.43311508178711,67.22397098541259,71.39430309295653,66.83333168029785,57.785941467285156,30.123560085296628,3.5644488853216165,0.9634528493881227,0.20342994451522828,1.7251041739434005,6.16081906735897,22.958852295875552,55.64587434768678,63.957756462097166,65.92152824401856,71.2715446472168,58.81863576889039,19.805269808769225,1.6909091356396675,0.19020714208483697,0.08836551576852798,0.989246773123741,2.9661816614866257,15.458377739191054,47.80456920623779,65.23625595092774,61.79590377807617,74.40470275878906,53.724292068481454,21.950765945911407,2.677906205952167,0.24195131719112392,0.13977862298488616,0.33172934025526046,3.191756608486176,14.827517067193986,47.52121795654296,67.93414978027344,65.19230270385741,77.6348801422119,54.95342666625977,15.329458103179935,2.0149561619758605,0.15578055083751677,0.4653290274739266,0.5287941652536393,4.049389666318893,17.0152613735199,49.17950370788575,64.3921469116211,76.38253173828124,77.14669036865234,49.16083679199218,13.183534812927245,1.360471993535757,0.2394729310274124,-0.06244493335485459,1.2443930423259737,5.5092146268486974,18.569065561294558,52.087195587158206,54.98531299591065,66.37314338684082,71.34492301940918,60.72732418060302,24.03655426979065,2.210346462130546,0.21697197839617727,-0.0631105488538742,0.4551717495918274,3.2810994189977642,15.817922086715697,55.61435722351074,69.07828109741212,67.65366470336915,80.04614143371582,54.68257820129395,24.33884950876236,2.382375438213349,0.33029293239116664,0.07356009423732755,0.5218555283546448,2.454285403192043,13.69072247505188,42.32163585662842,65.31645723342896,70.22200408935547,70.08405624389647,53.45100814819337,17.40682695388794,2.8419276791810986,0.35055711477994916,0.016269055902957928,0.49022458374500283,4.178373858928681,14.977866761684416,51.89790073394776,63.506401596069324,74.77697814941408,79.01277191162109,55.97931251525879,19.656090619564054,2.4748000451922416,0.2926410764455795,0.19720810651779175,0.4029879319667817,4.78912989139557,21.296184053421022,56.532516517639166,62.554877357482916,68.93835861206055,72.35103050231933,56.35202178955078,18.6877094078064,1.9951359611749648,0.5182850688695907,0.11093671619892123,0.23574901282787325,2.942728613615036,16.214375064373016,51.87460878372193,63.1387139892578,66.62086280822754,67.45663528442383,62.19209983825683,16.882912621498107,2.438698541522026
172,2.493849205970764,1.9460538864135741,3.395564875006676,8.47071394920349,22.712070298194885,57.5073917388916,82.9107452392578,52.42765655517578,42.165192222595216,14.937709307670593,3.648665356636047,2.1223228573799133,2.6323853492736813,1.7594486665725708,2.493391016423702,7.691059876382352,24.287620124816897,46.21256832122803,66.56909797668456,76.49820686340331,50.633306884765624,24.944577989578246,7.5836867189407355,2.5470953786373136,3.341670832633972,2.656637659072876,2.8438432884216303,6.476101512014866,23.74045298576355,42.88606254577637,60.2742529296875,79.5943807220459,47.27891681671142,27.664322490692136,13.767461743354797,4.747796931266785,2.2789618444442747,1.6731239390373234,3.180358104109764,6.582610001564026,15.378419957756995,42.9103553390503,72.6524015045166,70.21182914733888,53.08196655273438,24.580347657203674,10.563920025825501,3.8598526644706723,2.996916720867157,2.0628144836425784,1.9006080442667006,5.469552214741707,22.496778826713562,43.648420104980474,60.8175210571289,80.37623336791992,54.500135345458986,21.899287946224213,5.673167507648468,2.372617070674896,3.568255250453949,2.6854110860824583,3.2625787425041204,6.138641044795513,19.40063978791237,40.54950244903564,62.00193168640136,71.51898681640624,47.552107429504396,16.17113967418671,6.61802931547165,3.899669160842896,2.7353396248817448,2.3422295105457307,3.688261069655419,5.149551255404949,13.986778167486193,35.39609020233154,67.77981658935548,73.97969825744629,62.05719638824462,22.3466300201416,8.927842350006102,3.413223607540131,3.8479769301414484,3.9534540820121764,3.601861945688724,11.469497548341753,27.709713914394378,50.95792465209961,74.32257057189943,72.42239074707031,57.391052436828616,23.322415781021117,10.944349846839906,5.002682762145996,1.9087076497077942,1.7442459201812746,2.6190977328270675,5.804144656658172,21.197383556365967,50.26772846221924,67.35156105041503,72.48524291992189,49.36861033916474,18.754054827690126,6.690410597324371,2.650155589580536,3.6472211027145383,2.683313047885895,3.491994695067406,11.546180425584316,21.710632320046425,46.164724369049075,75.67577201843261,65.95713958740234,61.41726718902587,30.829732418060303,7.9537570977211,3.757125160694122,2.3459275507926938,2.001343867778778,2.9663025301694868,8.759692410230636,14.663103544712067,46.557532501220706,72.27002143859863,76.74748107910156,49.75222946166993,17.044489645957945,4.780681002140045,2.2808706617355345,1.9488658833503725,3.257103972434998,2.2633733522891997,5.597473953962326,18.48598824501038,41.47117336273193,72.57604843139647,69.04315017700195,40.67255645751953,24.70843808174133,5.599976580142974,2.0522446632385254,2.3435382246971126,1.7797185087203982,2.076311691105366,6.129048162400723,19.019511823654177,45.641437492370606,63.67715354919433,73.911572265625,47.23810179710388,30.933915681838993,9.469054491519929,3.409577598571777,2.3068838381767276,1.9918058049678802,3.27170728251338,7.335445909500123,18.2738475638628,39.964062023162846,66.29621269226074,85.49658676147462,65.49271129608154,19.903913397789,9.59561443567276,2.359167819023132,1.9862084579467774,1.4948790216445922,2.087319810986519,6.735635491013528,19.703191161155704,41.658991222381594,80.0753936767578,71.49919311523436,77.39673278808594,30.90689754486084,7.2245814323425295,2.7304907584190365,2.079111301898956,1.2067720007896423,1.3181953063607215,5.86306142181158,13.093084859848023,49.63709747314453,75.03171012878417,77.44823345184327,50.068410034179685,22.991246247291564,6.901742813587188,2.039177922010422,2.428446047306061,2.3659129011631013,2.7037754851579665,11.086701316833498,23.641255586147306,53.53594570159912,71.56522087097167,84.97974853515625,55.22320892333984,24.99242914199829,7.337407085895538,2.1976665782928464,1.9639982557296751,1.4332791656255721,2.386354400292039,8.475938853025436,26.017244591712956,48.62365859985352,81.70425430297851,73.74219165802002,50.94271949768066,20.88776035308838,6.4149722123146065,2.7244554901123044
173,0.4130642175674438,1.074988517165184,9.939088320732116,38.850127241015436,96.09563369750977,209.3953598022461,317.92169189453125,323.0992462158203,416.6386657714844,232.42743530273438,72.41234016418457,12.785320830345153,0.47083318829536436,-0.6384891316294671,2.3808593183755873,16.393786028623584,72.22653564453125,174.70425506591795,263.3649630737305,363.6788537597656,389.5479028320313,200.95433387756344,62.25479187965393,5.410332627892494,0.7368258154392242,0.3715042817592621,1.557259774208069,10.538100039958954,79.5602851009369,207.83160308837893,264.7426678466797,366.2993444824219,405.6691870117188,256.35389556884763,65.32099573135375,9.465742876529692,0.15816309630870823,-0.7901223313808441,1.6015689945220946,13.430097517967223,64.04535788536073,181.75387969970706,299.7189385986328,371.8130426025391,419.48875427246094,256.66777328491213,66.00281726837159,12.191730179190637,1.9025331592559815,-0.48006101787090305,1.5336121767759323,18.707046802043912,69.79492819786071,175.81223724365236,282.7872015380859,342.5974438476563,413.7187255859375,249.3835708618164,41.01240420341492,7.27719986140728,1.0122175812721252,-0.7221790066361427,1.5287021052837373,6.714929933547974,57.6955066204071,191.56685630798341,293.9936999511719,371.2097918701172,396.5577447509766,208.06848220825196,40.44591297149658,8.585444971323014,0.3484836995601654,-0.3827829079329968,0.8004005500674248,8.156166771352291,50.3107626914978,152.28793823242188,271.33454956054686,346.8763250732421,443.2366705322265,205.58580078125001,55.84251119613648,6.910652484893798,2.9788306748867037,1.5209475553035736,3.794410957992077,27.92449661374092,96.53537223815917,208.18643692016605,294.68072021484375,390.06669799804683,406.67957763671876,253.52517150878907,94.58124786376953,16.859900932312012,0.565626510977745,-0.27075641512870785,4.785804381370545,17.92945917606354,77.3928956222534,203.63871185302733,279.20487426757813,360.7994079589844,413.1245007324219,232.13051643371577,57.08104766368865,8.575176801681518,1.4478805202245713,-0.39711904168128964,4.231604241728783,16.40202904909849,75.51238709926605,186.644635887146,282.4572497558594,356.0260943603515,451.68236572265624,263.86790496826177,68.30200242042541,9.280683902502059,0.6202615928649903,-0.7064757490158081,2.3754306030273433,15.044735928028823,51.797600611448296,183.01098602294923,274.9551049804688,350.52731079101557,431.20310546875,237.2478565979004,47.22699581623077,6.6753616815805445,-0.39345157831907274,0.4108840017020702,2.5869297159463165,14.110198239684106,56.30353801965714,182.75056999206544,322.1758221435547,396.1390936279297,394.55807006835937,233.40920005798338,38.90843375682831,5.15636680483818,0.6745439445972442,-0.5622276757657527,2.69554187066853,18.724070517718793,72.56919150352478,192.18456329345705,294.9390075683594,366.39476074218754,413.6692462158203,278.9368130493164,72.54459911346436,11.512973945736885,1.1075667262077329,-0.6165184810757636,2.0331052273511885,14.187400035858156,57.63442899465561,160.45910552978518,284.7601647949219,364.0041656494141,466.33973693847656,242.51424423217773,69.56103573799132,10.943156334757806,0.40708238661289214,-0.5373236179351807,1.222167090922594,12.78343788743019,55.47691780090332,177.27559692382812,321.09024017333985,353.02711791992186,409.1397766113281,255.05812332153317,56.04174968719483,8.820600363612176,0.7834105363488197,-0.9211574995517731,0.21773116126656533,11.313624665141106,51.753145049810406,203.37919586181638,296.0715161132813,371.0459985351563,447.45617797851565,239.62334045410157,70.8784199333191,5.905968806445598,0.7678015106916428,0.04700731977820401,1.2501666355133056,20.318130671977997,88.74922025680543,206.31509627342226,279.93483093261716,376.063818359375,418.3004260253906,247.0139105224609,56.807672786712644,8.745777367353439,1.1180149286985395,-0.8177843755483629,0.6475557804107666,13.859361444711686,70.97724420547486,184.78607261657714,300.17899414062504,343.6300750732422,413.80291137695315,287.4745092773437,58.59989538192749,14.188053873777388
174,-0.32893933653831475,-0.4176545262336731,0.38419288992881767,0.7666455328464508,0.8049417622387409,1.7401146173477173,17.701384592056275,8.098030924797058,5.028224754333496,0.7027073681354523,0.5997040957212448,0.19035194627940652,-0.18872928261756897,-0.344746153652668,-0.0305099281668663,1.374944839477539,1.777556553184986,3.1026178669929507,16.031729457378386,16.813347330093382,8.25418137073517,1.5460622560977937,1.1734225207567213,0.4670721268653869,-0.027105672061443303,-0.30912420123815537,0.30741715669631964,0.7883151486515999,2.0029055905342106,2.5629677665233617,21.078347916603086,15.56677318572998,6.807009935379028,1.801992966979742,1.518630958199501,0.677244009077549,-0.20346464663743974,-0.3366250163316727,0.11613101124763489,1.22136244982481,2.294660166501999,2.8527539694309234,17.082218875885008,16.191966381072998,7.536750419139862,1.8602729457616807,0.8915045394003392,0.38755932167172435,-0.11695902630686758,-0.29239780485630035,0.42902459904551504,0.8590853330492972,1.8807661324739455,2.5412539291381835,13.850969991683963,12.598892221450807,7.730719714164735,1.6490202230215076,1.0757954040169717,0.4680139401555062,-0.17107302799820898,-0.3153594556450844,0.2583303102850914,0.9685784769058227,1.7767942148447038,2.485919330120086,12.362849850654602,15.943633732795714,8.243947501182555,1.6961896294355392,1.2425164219737053,0.5414730016887188,0.2818563526123762,-0.007150072231888743,0.4669032391905786,0.9173510462790727,1.5549348109960557,2.605051658153534,16.051504297256468,14.774959621429446,7.24525767326355,1.7637231087684633,1.5609617787599563,1.285348053947091,0.18792539954185486,0.04066873252391814,1.082789949029684,1.910772468149662,2.2137622356414797,2.9767342090606688,18.332734928131106,17.6603364276886,8.655173134803771,1.5155967342853545,0.8967718639969824,0.628611084446311,-0.0657073700428009,0.04050512790679932,0.5921141308546066,0.6720020759105683,2.0877045476436615,3.2158373785018926,14.874799308776854,19.148982853889464,8.375029487609861,1.5526715981960297,0.7701368090510369,0.4497970765829086,0.13716386497020724,-0.002033669948577875,0.6589324089884757,0.36062738507986064,1.3481206341087817,2.3553061389923093,16.652078714370724,21.392101421356205,9.130129334926606,1.2958170375227929,0.7373408550024033,0.43174333170056345,-0.022630616426467902,0.0353298619389534,0.9840984985977412,1.3247845295071603,1.943995891213417,2.8700974750518795,15.86436740875244,13.803784809112548,6.909761743545532,1.5439614355564117,0.930847040116787,0.6112862726300954,0.6239241176843644,1.1475408439338206,1.8611320841312409,1.248284403681755,1.452480345517397,3.5712581348419192,18.974556541442873,18.007571268081666,5.835612189769744,1.509526347219944,1.5873794534802435,1.1700440087914468,0.6657258678972721,0.5527661204338074,1.5796117347478866,1.9319273990392685,1.7347397635504607,3.560844788551331,16.30780644416809,17.445046558380128,8.796775465011597,2.042996173799038,1.3157038217782975,0.7334918242692947,0.14258797496557235,0.5295166793465614,1.2037065878510476,1.3365617462992667,1.732271523177624,2.370123698115349,17.72365718841553,16.84086533546448,10.581010761260986,2.086239311695099,1.2825029620528219,0.5887480905652047,0.7064276868104934,0.6298079120367766,0.6129325729608536,0.865839588344097,1.4679988892376423,2.8137128591537475,13.520807242393493,18.169277935028077,9.252265725135803,2.4989339861273763,1.256844150573015,1.3728513742983341,0.8322231653332709,1.086054589152336,2.18717197149992,2.0823485618829727,1.9061726567149164,3.179744188785553,19.234290561676023,18.07094105243683,8.579078307151795,1.3100784457474948,1.5179281702637675,1.3520953938364983,0.583193246871233,1.1447653980553152,1.8805547903478146,1.3784222209453583,2.1204323470592494,3.5167285001277917,18.37186204910278,17.072377471923826,6.5976150369644175,1.0950608658790588,0.8367204567790031,0.6957288661599159,0.7912015958130361,1.5700666704773902,2.1520116741955277,1.1918072906136512,2.5005673891305924,2.6790336847305296,16.65442975282669,18.29480945587158,11.044281253814699,2.1814927226305008,1.6978157317638398,1.6462943261861802
175,-6.176533352117986e-05,-5.015148853999562e-05,-2.5352816317081305e-05,0.0003608682745834558,0.0008879803266608401,0.00238569903885942,0.00069392219884316,0.00083306535379956,0.0006373544909365322,0.0003469432885139894,-5.656902212649584e-05,-6.195754540385678e-05,-6.525654447614215e-05,-5.8961811309359294e-05,-4.674838377468404e-05,5.6758007474100685e-05,0.0004611829601344231,0.000743387861875772,0.00907582886517043,0.0023917055065976033,0.0015459114920531405,0.0008410183507657799,0.0008542061539901505,-6.672397255897523e-05,-6.350649371597683e-05,-5.810776869196843e-05,-4.767791262821674e-05,3.515944681111554e-05,0.000284440309042052,0.0006568981497548081,0.00149782280321228,0.0019021158671238881,0.00037201346776780906,0.00033122047734278354,4.505983051784942e-05,-6.482007389422505e-05,-6.179323070682585e-05,-5.6032565444184e-05,-4.4232981529148675e-05,0.00011729116789409422,0.00034148452454241604,0.00150605476461346,0.0015498389885760442,0.0007705505136982079,0.0004947723420627531,0.0005045471431003347,5.58798015117558e-05,-6.180168100399897e-05,-6.218193651875482e-05,-5.719170340626078e-05,-5.001720338668747e-05,0.0001181988007632994,0.000639433667529324,0.0016457752173300402,0.002149730006931308,0.0007212501540197578,0.00019390145364920074,0.00011779799840949089,0.0009605847333295774,-6.253074418054893e-05,-6.12169959640596e-05,-5.686502913562208e-05,-4.392841927085556e-05,9.959496888767355e-05,0.000389042657916388,0.001626427047885912,0.0038337058725300757,0.000615596143761596,0.00013419044402324158,0.00014943997979569086,4.448963663887937e-05,-6.249541591387241e-05,-6.446505081839859e-05,-6.0312945608984576e-05,-5.6944979289141886e-05,0.00018418068305435092,0.000611658755806224,0.000597185194492292,0.0018246947857550762,0.0014117422429262164,0.0005799875981892618,0.00038252109094170705,0.001282011396506267,-6.395934178726748e-05,-6.238186208065533e-05,-5.5921096016219615e-05,-4.8337689574964324e-05,0.00013702355445729047,0.000314003879029712,0.000830098501173724,0.00278997271903786,0.0025063224366749163,0.00046675816927743637,0.0001924739503374248,5.103551048249536e-05,-6.322651635855338e-05,-6.273546547163277e-05,-6.0817000776296484e-05,-4.814861567467687e-05,0.0002851415084796643,0.00047134319203901196,0.0015487983403726878,0.0027504484268137683,0.001050181353348265,0.00027634594865954913,0.000426080133020129,0.000430988646103271,-6.283384514972566e-05,-6.160104880109428e-05,-5.524924163182732e-05,1.712418349228151e-05,0.00016724102440091016,0.000401973946136388,0.000691258501028592,0.0008805708051658759,0.0006334889208664599,0.00037362704715631034,0.0004136221832504558,0.00031966481150447017,-6.149283872218803e-05,-6.152259069494903e-05,-5.642706887130089e-05,-4.36410448804736e-05,0.0003146147659754062,0.000652297131018664,0.000859061691444324,0.004696607771329535,0.0025706392334540916,0.0004961284908130894,0.00044824955322835317,0.0001290155393871637,-6.344585999613628e-05,-7.007311651250085e-05,-6.997658754698594e-05,-6.820827227784302e-05,0.0008127862762284816,0.000694547415478112,0.001208367752842564,0.006631261125439725,0.001602183933719016,0.0004886179829827287,0.0008802299156922936,0.0024178368134016403,-6.972158065763991e-05,-6.432480935472995e-05,-6.25547619711142e-05,-5.663728508409349e-05,0.0016960466961245019,0.0007414680838700841,0.001265051750233344,0.001239093865733548,0.001511618516524284,0.0008657809351188716,0.0005532535154634139,0.0015323704268803077,-2.770284772851732e-06,-6.280542904278264e-05,-5.6788724419050136e-05,-2.7781471926857907e-05,0.0005810231328723263,0.00041749840544066404,0.001345942550105928,0.003742442299844651,0.0008297496597514881,0.00023570936085886575,0.00042116594147953294,0.0005061265831863834,-6.212044405401685e-05,-6.0865466657560326e-05,-5.608660710123559e-05,0.0002591059211732686,0.000838683567635574,0.0004528900195145479,0.0014211510564200037,0.001186374503886284,0.000763066262006708,0.00027030950641343673,0.00036448443568044446,0.0006337258422172349,-1.5924906329022237e-05,-6.379142228979432e-05,-5.974889971753028e-05,-3.5716024956114806e-05,0.00045164694009140256,0.000579315237991928,0.0006394054507836239,0.0052578541287220636,0.002471639072755296,0.00045536150711994016,0.0008590691376048001,0.0011470642968560878,-3.920181639841693e-05,-6.50532401050441e-05,-6.500135321402923e-05,-1.4281473777380218e-05,0.0011029334053091226,0.000548886142787476,0.001078958422876856,0.0036282292299437795,0.000851765022671256,0.0002076626054076587,0.000957429040718093,0.0006299922347715945,-5.62803140928736e-05,-6.195359310368077e-05,-5.762052478530677e-05,0.000177963917708711,0.0008237311060656371,0.000765432908665336,0.00079511947813438,0.0012060772243421,0.0007314700889400601,0.00029394760647844236,0.0006478321146596237,0.0009218241151756647,0.0007512550544561133
176,-0.029467116924934044,-0.035357945470605,-0.03472537032794202,0.054975551739335035,0.02041122131049632,0.03034215644001962,0.4624197673052549,0.5255229473114014,0.39040270149707795,0.041632758453488315,-0.0008374058990739203,-0.022775465156882956,-0.03539239831734444,-0.034247870063409167,-0.035296121523715515,0.0914844906213693,0.0784139569289982,0.16536274973303078,0.6155840868875384,0.8019143214821816,0.32309306479990485,0.05685221096500752,0.021293177185580135,-0.03284053757786748,-0.03172149871010328,-0.036777234417386305,-0.031138366721570443,0.05339094976894556,0.10311780031770465,0.13575694378465414,0.5099788448214532,0.6102830818295478,0.2319410697370768,0.09546500338241455,0.07489057596307247,-0.007289862013421933,-0.036097780846175695,-0.040382001092657396,-0.036876455019228115,0.11991354687139391,0.14820026541128756,0.09273164740763604,0.4664529628306628,0.5826540203765034,0.2693674828112126,0.022170676961541163,0.0017826531454920593,-0.036432872915174774,-0.041654608964454345,-0.042552006046753334,-0.03308656560257074,0.03461816900991836,0.10298610178753731,0.17390821196138856,0.4255983015149831,0.4306811570376158,0.19233459862414748,0.06508879685774445,0.008722537439316506,-0.03056314734742042,-0.0324653586465865,-0.03535479813814158,-0.032610547319054564,0.07781431883573531,0.09809696257114409,0.15409375873161477,0.4761491427570582,0.504790218770504,0.2564578744024038,0.058841878361999965,0.07432990754023193,-0.01867788437055421,-0.026304587796330426,-0.03135654793120916,-0.019999100414570398,0.14214242937043306,0.13448284952901302,0.2218931509926915,0.6139340075850488,0.5457657767832279,0.24107359535992146,0.02243488018400967,0.05986967328935862,-0.017141013082582486,-0.04519960978534067,-0.04631746763829138,-0.025739345718175148,0.11436072925105689,0.1414825654774904,0.15687037695199246,0.5616328263282776,0.555959202721715,0.23748118557035922,0.024148108130320884,-0.00024782261345534726,-0.02949457361828532,-0.034652837878093076,-0.03642050967318933,-0.019364115414209657,0.06040072735399006,0.08953923141118136,0.11621330786496398,0.434060654118657,0.6382676151394844,0.17558194641955194,0.08577265378087759,0.019903922826051697,-0.03579648024984633,-0.047910538790747484,-0.04616927292197938,-0.027677654409781073,0.0483568260539323,0.11739686949178577,0.13036603683605788,0.5134900060296059,0.8234770070388914,0.3006740915402769,0.04116009917110205,0.02324364724569023,-0.03260078602470455,-0.03808433186146427,-0.04197325211483981,-0.013140362948179241,0.1359881884232163,0.09365694357082247,0.17752141948789357,0.6854703538119793,0.6716306582465768,0.256920620817691,0.028328733481466768,0.027616946008056403,-0.012297108676284538,-0.02833684395533052,-0.030370048703625762,0.006289751969743515,0.1743075260613114,0.09906626075506207,0.23894400596618653,0.5659648554027081,0.6321066682040691,0.24266747493296856,0.05832191852852701,0.08769764351483898,-0.0021553019457496714,-0.03008327980060126,-0.03313458460383113,0.00521435593254865,0.15125500355381516,0.08911691178567706,0.16988249167799946,0.5096081926929765,0.6250963741913438,0.36078581882407895,0.06945681023178621,0.048504963854793436,0.0032456075074151188,-0.02472149327688381,-0.016275854036211925,-0.002320232158526761,0.09119313865900038,0.07032410850049928,0.1452629310451448,0.6109960277751089,0.620105126015842,0.2643820799770765,0.0483313794573769,0.08001352081075311,0.00746567070484164,-0.01878949187230316,-0.011539802281185967,0.012183266199426734,0.14992140343412758,0.08256170690059664,0.22312605134677138,0.5242189446091652,0.7158663686364889,0.29593409160152073,0.08806034437613561,0.06355193166062237,0.017730754949152473,-0.031192772355861938,-0.029747977536171644,0.08559654174372552,0.2503060292638838,0.12124773301184175,0.16838327648118137,0.5976732802204788,0.943264814838767,0.3923235853970982,0.08596952565480023,0.08219895334914326,0.037544703385792674,0.008462578197941193,0.0027940523740835705,0.0821993876621127,0.13457131929695604,0.06794579474255441,0.15982840337324886,0.6465157539397477,0.5617114037275314,0.17721818458288907,0.03205331185599788,0.05602241632528602,0.03231582342647016,0.003654005667194738,0.026034292686381393,0.07402262644842265,0.20112807855475695,0.17950670233229174,0.24924573447555307,0.5619398206472397,0.6928567537385971,0.45472061447799206,0.12423591620288787,0.13769797608256337,0.07069130843505261
177,10.179081916809082,4.4061730146408085,13.527348136901855,26.67517762184143,50.6644832611084,76.74166641235351,80.8175880432129,93.42572631835938,175.63398132324218,180.19083251953126,94.92341918945313,54.68930625915527,7.409737892150877,2.1837201738357543,2.7580023366212845,10.548072695732117,30.47520213603973,56.40069660186767,65.75057876586914,103.61412261962892,156.98483947753905,163.703260345459,107.6255556869507,23.010234212875368,8.051972432136536,4.036674592494964,3.8234924250841145,7.381521297097206,31.661619033813473,67.06784286499024,69.69389251708984,104.02111907958985,156.5294967651367,172.76800941467283,97.16402240753175,40.61120498657227,7.007455158233642,2.518250192403793,2.126062500476837,6.147533175945282,26.907652082443235,56.94433776855468,80.14231323242187,105.55544876098631,153.71240417480467,186.86373611450193,112.54876121520996,40.23927507400512,12.403210933208467,3.489227350950241,3.137810478210449,11.85951632499695,29.28530057907104,54.85768165588379,77.22524658203125,92.82554931640625,155.4571273803711,181.37131393432617,90.63896961212158,33.60130175590515,9.318124837875366,2.7101377654075622,3.3364107090234754,4.645401918292045,27.599948949813843,55.708781471252436,79.26083587646485,102.79508087158203,145.12980224609373,156.4727616119385,72.29345882415771,38.28671090126038,7.5042223870754245,2.96186989068985,2.697786718010902,5.908659849166869,24.66823481082916,50.4472730255127,75.75176383972169,95.34720275878905,176.2454028320313,141.61775848388672,92.19866363525391,29.71734463691712,13.52554791212082,5.679773881435395,4.2508941078186036,14.701132510900498,39.223358945846556,66.69214820861816,76.8489761352539,105.33315704345702,158.9724786376953,183.16012176513672,140.4887935066223,45.778585906028745,7.628843741416931,3.4845299994945527,5.731315168738365,12.481201993227007,33.26332269668579,62.157632751464845,77.09864295959473,96.23024719238282,147.36013061523437,174.8552626800537,98.24317125320435,38.66580419540405,11.16770586013794,3.3086196938157086,3.262963579297066,8.283142294883728,32.840734214782714,61.39421974182129,76.34596420288085,98.06231826782226,167.8907379150391,188.4995428466797,110.9841748046875,35.15659244537354,8.54299716949463,2.210769965648651,2.812346630096436,8.837008118629456,22.92264796257019,57.97468513488771,75.42734634399415,108.38091003417969,160.52186981201172,168.37706619262696,79.20643447875977,32.81766143798828,5.508527653217316,3.625863854885101,3.210623965263367,9.98381989479065,27.02527209281921,62.92958305358887,81.98695892333984,115.17167510986329,147.58547607421875,172.09558502197265,76.1588327407837,25.12335006713867,7.414956550598144,2.6744444829225538,3.7153700822591786,10.315978425741196,32.99658739089966,62.4306551361084,77.42506561279296,104.70834747314453,153.9805938720703,202.5307197570801,123.67147037506106,46.865904779434196,8.945972179174424,2.3671827733516695,2.8631628358364107,6.655809850692748,26.548099758625035,55.299206085205086,80.02584579467774,109.46360565185546,177.7892611694336,175.29610794067383,112.67962421417238,43.286170139312745,9.363073983192445,3.486700992584229,2.2932646679878235,6.248791484236717,23.63636161804199,56.75939788818359,89.46831192016603,96.163447265625,163.09757812499998,178.7679086303711,117.17382934570314,35.71943008422851,11.821499967575074,2.373517671823502,1.6981611996889114,6.144699757099152,24.68587547302246,61.671552429199224,79.43722152709961,112.13804992675782,165.8482260131836,170.0523452758789,107.59342315673828,28.078304867744446,9.434323620796203,3.3031250333786004,2.473917193412781,9.231270229816436,35.61079827308655,65.50430457115174,72.97739242553712,107.06831665039063,150.87530334472655,170.75212142944335,107.72099006652832,37.72706949234009,9.58873553276062,2.0551812928915023,2.170422662496567,7.593424064517021,30.310872268676757,60.78395866394044,82.32721542358397,99.82002151489257,157.6843380737305,204.13682662963868,94.6832502746582,43.98898170471192
178,-0.00497154335025692,-0.00540449651889498,-0.0056467911228537,0.00503369327634576,0.0747575934976339,0.21741728782653807,0.20798342227935787,0.9623188883066177,0.5305046796798706,0.06008807885809799,0.00130694350227712,-0.0047458364628255,-0.004431428569368978,-0.004710616804659321,-0.004862312218174292,-0.0002670647180639122,0.08371295057237144,0.3253800512850285,0.8123627122119068,1.1115068036317826,0.32796458281576635,0.07439972930587825,0.004666177206672732,-0.0027787344111129372,-0.008902679495513396,-0.009475638819858386,-0.009774861987680157,-0.003333565613720532,0.06723530007526274,0.5102454291656613,1.1182114702463148,1.4082562720775607,0.5408840729296208,0.11001937871333207,0.007128988956101248,-0.008205830692313568,-0.00483295924961562,-0.005163096557371276,-0.005350820650346531,0.008416003705933676,0.06712564516812558,0.27213364541530605,0.783444456756115,0.7830340203642845,0.3733316998183727,0.06568890008609737,0.002785244509577752,-0.00389456177130338,-0.006339771775528737,-0.006825531092472324,-0.007095958711579392,0.007710963934659948,0.06055373616982247,0.3553241806477308,1.379235787987709,1.1343967539072035,0.3190832667797804,0.0870430971588939,0.004790695500560085,-0.005055528320372076,-0.0050698069576173635,-0.005657173334620848,-0.006007049004547256,0.00881084766937419,0.06580209784209724,0.405362196341157,1.446340630352497,1.183413709849119,0.3840542672201991,0.08718009680509563,0.005831621796824031,-0.004388049424160255,-0.005661424091085753,-0.006067393466364541,-0.006271092128008556,0.040675677857361724,0.10269155163317914,0.5597959996759891,1.0479810838773846,0.8559992988407613,0.27093676328659055,0.08617536567151542,0.006542828823439768,-0.004202542086131845,-0.0043156055139842876,-0.00460880117025222,-0.004779933677054892,0.008266403430607144,0.061970365718007035,0.23288798592984677,1.1954125288501383,1.006689722239971,0.219484949670732,0.05350834722630676,0.004832591651938849,-0.003420253661461148,-0.006961457872530399,-0.007559450862463524,-0.007858474068343592,0.00787505858112125,0.06389250611886378,0.3545758253335952,1.3200971676409243,1.3585283252596856,0.38157744403928523,0.1017963854782283,0.0031627075234428154,-0.005486070995684671,-0.005337183382362071,-0.00569940239656712,-0.005897779399529048,0.011829389501363021,0.08591953271999951,0.3170319247804582,1.1006357266008853,0.891273012906313,0.3371276626829058,0.11662722822278734,0.004704872993752373,-0.0038946814951486596,-0.0042735935375094,-0.004920214349403937,-0.005194540172815284,0.029068893655203255,0.05857858803123232,0.25762265488505365,0.7901473197818267,1.1986357013497035,0.3858285591751337,0.07548346163704989,0.018369314637966445,-0.002849206975661184,-0.003149596068542408,-0.003947597309015648,-0.0043356023728847,0.018981483569368702,0.08794931441545484,0.42381526023149496,0.895041212439537,0.9796637775003909,0.29402884557843206,0.11160848760977382,0.03485599133709908,-0.00016228854190557607,-0.0044409972848370284,-0.0050912525691091445,-0.005271859858185008,0.03165167169179765,0.11595255304127927,0.4135620993375778,1.0548136761784552,1.1201408976316451,0.30568702057003977,0.11569798879325385,0.024500364315463204,-0.0030049298610537903,-0.0036193926772102396,-0.004285217316355508,-0.004274803544394636,0.021973156572785216,0.08448860023170705,0.5629192920029162,0.9045386600494384,0.812743628025055,0.2693913368880748,0.09236116258427499,0.027888706247322224,0.0014277190808206996,-0.003655407605692708,-0.004642876040888905,-0.00350415674736721,0.040094719494227285,0.08437546584755178,0.25134604636579744,0.8224505093321204,0.7009748587012291,0.32269724607467654,0.1286768852965906,0.031074231918901164,0.0011282404093072,-0.00474345809780056,-0.00513297453057016,-0.002681848667561968,0.033738612555898675,0.14047565482556817,0.2539958085119724,0.8743665971606969,0.9689847126603126,0.33932406907901164,0.10130244472995395,0.02627523506642317,-0.0021332693099975282,-0.004096586480736683,-0.00448574179783458,-0.002894556634128056,0.030688982922583784,0.12479772228747599,0.2609817990660667,0.6177008134126662,0.7518397906422616,0.3190817332267761,0.0818254484562203,0.02390562413260338,0.001179622784256924,-0.0011315779085270803,-0.004228414412355004,-0.001700645701494048,0.07279466796666381,0.1420336280763149,0.40399848440662023,0.9115580682456494,0.8078113806247712,0.38346801336854697,0.11667425545747387,0.03557657109107819,0.00930819574277848
179,0.8403216421604156,0.8217673182487488,2.0352457046508787,1.0372580766677857,0.23363843411207194,0.1031614169478416,0.08674463331699367,0.0984921038150787,0.06456980407238003,0.03029955625534054,0.0380740020424127,0.1889131415635347,0.5273728839587422,1.139729899764061,1.7536478477716446,1.0185294625163077,0.24492759257555008,0.035223554670810654,0.028575139343738527,0.05702982991933819,0.06121608331799503,0.03863234259188171,0.09303143866360183,0.286920386403799,0.6000664967298508,1.1412927055358886,1.7108768236637115,0.9149695634841919,0.17830741733312605,0.04015902459621427,0.06676018632948395,0.09254069358110421,0.06672389492392534,0.033736376613378485,0.11939536653459068,0.36949122227728365,0.5806181554496288,0.973910441994667,1.983430025577545,1.109667863547802,0.21403117738664146,-0.012203703224659,0.04770798712968825,0.08915693119168276,0.06595538973808285,0.05465200558304782,0.1685940015688538,0.36853868979960686,0.7085372023284435,1.245328874066472,1.9130016085505488,0.8931754246354103,0.1863184222206473,0.060407179258763766,0.07136691585183139,0.09570169150829311,0.06629524663090701,0.04141253225505348,0.0992763139493763,0.32668886201456193,0.717448940128088,1.4223954465985298,2.3080098164081573,1.1198062345385553,0.13482314564287662,-0.10707093030214314,-0.05629051335155966,0.08627829775214194,0.06612077072262758,0.036427722051739664,0.24579525191336865,0.4051363481953739,0.8423990148305893,1.3627630102634427,1.8425183027982712,0.7883551436662675,0.21862158209085464,0.020522985979914622,0.010622592717409094,0.0657644003629684,0.061599272042512844,0.03184623412787909,0.08368576437234874,0.33608972277492283,0.7236074209213257,1.2894404342770578,1.7554626297950744,0.7995868396759034,0.1414802779257297,0.08560085825622078,0.08676754057407374,0.10085610449314111,0.06981783747673029,0.03389221847057338,0.05972239214926953,0.3346238600462675,0.9930513376742602,1.4558525642752647,1.3464411455392837,0.5289969301223755,0.15720998704433436,0.06554233998060224,0.058688452765345546,0.08726151838898655,0.06369315057992932,0.02972024284303183,0.15601491723209615,0.34316742688417434,0.9332663165032864,1.2252350452542307,1.5494724513590337,0.6383451222628355,0.08427044682204722,0.01252912744879719,0.028912698924541437,0.06837819367647166,0.06317301988601678,0.03348016507923597,0.20780319731682537,0.5785115726664662,1.1436628480255604,1.8619953575730324,2.9075707089900975,0.8696465867757798,0.05094525486230848,-0.09662710696458819,-0.04540481597185138,0.02964602142572399,0.054731002040207345,0.039631704688072165,0.1471667200326919,0.3555987226217985,1.2195925280451774,2.2826180234551425,2.1471837455034257,1.384753658771515,0.15207244031131265,-0.1035336434841156,-0.026227072924375573,0.09183678328990932,0.06514085918664926,0.0499225121363997,0.16145570486783975,0.5201448725536466,0.9633954459428787,2.0209027525782584,2.2644711661338808,0.7758529974520206,0.05512393951416015,-0.09882484056055547,0.017947486340999564,0.08362105071544643,0.06631871536374088,0.03260840974748129,0.09117007100023325,0.711759727615863,1.2997960326075553,1.9381877321004868,1.9310958194732664,1.0827062913775445,0.16924847051501274,-0.03155200764536859,-0.03869078025221827,0.025320072770118673,0.028491487354040106,0.011365135535597749,0.13504442520439622,0.5388493235129863,1.1567206870019435,1.6443337905406952,1.670908167362213,0.6415965281426906,0.012845664843916877,-0.05876547798514371,0.0432342585176229,0.09138561874628064,0.0673921880125999,0.028150973059236962,0.15714803146198392,0.7259749093651771,1.0775983291864395,1.7762752449512482,2.4185044223070142,0.9259628640115259,0.08768999375402926,-0.022999968752265017,0.000996721833944275,0.05548271775245661,0.054110713005065855,0.030837342292070347,0.13122574757784602,0.41633087627589704,1.0278522551059723,1.7088927075266838,1.908080248832703,0.712043636739254,0.052434841170907,-0.011889229267835652,0.013805272430181464,0.08018483996391293,0.06446150645613666,0.036522422283887815,0.2369844634272158,0.5220576412882656,1.5136720472574237,2.588456138074398,2.6926245933026074,1.1445623418688775,0.07640053264796734,-0.11118562091141941,-0.08781333357095722,-0.014245141744613688,-0.008331299424171493,-0.02742474164813763,0.1569595978036523,0.84957116343081
180,-0.0993644397705793,-0.186011790856719,-0.05364968776702876,3.6772672861814497,10.179769413173199,11.175526809692382,12.108917999267579,12.293173503875732,16.099280548095702,6.856732606887817,10.67908202111721,2.5205325469374658,-0.22939929783344265,0.015431566238403315,-0.14319742947816846,0.658265901580453,4.717928656861186,12.532492600679397,11.020710983276368,13.377290239334105,12.453059577941895,6.252872471809387,5.104662882089615,1.2418403439968824,-0.13524971753358841,-0.2792718267440796,-0.04500372558832166,0.026641260460019123,4.234151217490434,10.269608163833619,11.624977116584777,11.916857223510743,12.96782720565796,8.788816368579864,4.063836460113526,1.0500367197394371,-0.2926451918482781,-0.29089677989482876,-0.1904683873057365,0.7359406156837941,4.61461395740509,10.319346389770509,10.969627394676209,13.639372062683105,15.538903551101683,9.437017369270325,6.404854699969292,1.1638740769028664,-0.060001648068428025,-0.2723615244030952,-0.17355143189430233,0.1358366221189499,4.10636620953679,12.409258060455324,10.532799081802366,11.716465692520142,17.296843357086182,8.01333426475525,3.930111320465804,1.0830643916130067,-0.12206097066402435,-0.21978842884302136,-0.11442627511918542,0.040018958747386965,3.8042189806327222,12.961052436828613,11.787799625396728,12.792405300140382,14.715384287834166,7.041565070152283,3.1285602463781834,0.948501397371292,-0.06652355864644048,-0.27441900938749314,-0.2285550159215927,0.17841905385255813,2.9781396443769337,10.138618645668029,12.13926872253418,13.80883614063263,14.537478675842285,8.000140566825866,3.735231357216835,1.3266751562058927,0.10013159245252612,-0.1363954284787178,-0.03657111346721647,0.36387069482356316,4.663746198639274,9.804269895553588,11.944606447219849,13.562260780334475,15.289701251983644,8.497269830703734,5.655096614509821,1.877167989909649,-0.1934980583190918,-0.2666944655776024,-0.21510784983634945,0.1286393509805203,5.5781660079956055,10.883784580230714,9.74969946861267,13.188028013706207,14.638963222503662,9.1043881547451,5.261832420825959,1.2022852900624277,-0.18369254842400545,-0.22373005509376523,-0.23788644701242445,-0.1435873898863792,4.368936576247216,12.312128820419314,12.001820011138914,13.55013174057007,16.380161495208743,7.79194147899747,6.99959431409836,1.890568296909332,-0.29337013959884645,-0.23450707554817196,-0.17101192235946652,0.1259421429038048,2.7121234464645387,13.62146589756012,12.131552472114562,12.777300281524658,15.95181995391846,9.949656085968016,4.06200005479157,0.2913435229659081,-0.31965925395488737,-0.27196980655193326,-0.2268488317728042,-0.07916195198893546,3.1299634774029257,10.445231188833713,10.603933296203612,15.693007297515868,16.5300177192688,8.99618898153305,2.724794780611991,0.6559062941372394,-0.26776622235774994,-0.20036104649305342,-0.12701995879411693,0.2586672307550908,4.659856854081154,10.940601401329042,10.07310874938965,12.071042170524597,17.039117755889894,8.57880708694458,5.523041420578957,1.5600541293621064,-0.26916924938559533,-0.26541307121515273,-0.19440267026424407,0.4304850268363952,2.1392971704900265,11.131894083172085,10.777889328002928,13.931617593765258,19.38256519317627,8.85496025800705,5.140810302495956,0.1992375389486551,-0.22463911443948742,-0.22023101568222042,-0.16686737492680545,-0.013946090564131713,3.619515673778951,9.682357549667358,11.859496121406554,13.572036013603213,14.953374813795088,8.286224694252015,6.6016167233884335,1.105594286620617,-0.2456193798780441,-0.2682305842638016,-0.22435673117637633,-0.08800189256668087,3.4560357801616193,8.728419885635375,11.391875276565552,16.83756071090698,22.61449764251709,8.519520525932311,5.6313152384758,0.34208009496331215,-0.1950709271430969,-0.25670605182647704,-0.15782104551792142,0.3659273865818977,3.5690142595767975,11.631033272743226,11.168876247406004,14.316161131858825,16.66355979919434,8.98182017803192,4.1450568464398385,0.9562779080867768,-0.2867697378993034,-0.29809297591447825,-0.23652585655450817,-0.12463926710188385,5.2367164574563505,10.407733227014543,10.914504182338714,16.049990825653076,16.026918487548826,14.551317157745363,4.530425446033478,1.0919387811422347
181,0.0,0.0,0.0,0.0,0.0,0.0,0.0,0.0,0.0,0.0,0.0,0.0,0.0,0.0,0.0,0.0,0.0,0.0,0.0,0.0,0.0,0.0,0.0,0.0,0.0,0.0,0.0,0.0,0.0,0.0,0.0,0.0,0.0,0.0,0.0,0.0,0.0,0.0,0.0,0.0,0.0,0.0,0.0,0.0,0.0,0.0,0.0,0.0,0.0,0.0,0.0,0.0,0.0,0.0,0.0,0.0,0.0,0.0,0.0,0.0,0.0,0.0,0.0,0.0,0.0,0.0,0.0,0.0,0.0,0.0,0.0,0.0,0.0,0.0,0.0,0.0,0.0,0.0,0.0,0.0,0.0,0.0,0.0,0.0,0.0,0.0,0.0,0.0,0.0,0.0,0.0,0.0,0.0,0.0,0.0,0.0,0.0,0.0,0.0,0.0,0.0,0.0,0.0,0.0,0.0,0.0,0.0,0.0,0.0,0.0,0.0,0.0,0.0,0.0,0.0,0.0,0.0,0.0,0.0,0.0,0.0,0.0,0.0,0.0,0.0,0.0,0.0,0.0,0.0,0.0,0.0,0.0,0.0,0.0,0.0,0.0,0.0,0.0,0.0,0.0,0.0,0.0,0.0,0.0,0.0,0.0,0.0,0.0,0.0,0.0,0.0,0.0,0.0,0.0,0.0,0.0,0.0,0.0,0.0,0.0,0.0,0.0,0.0,0.0,0.0,0.0,0.0,0.0,0.0,0.0,0.0,0.0,0.0,0.0,0.0,0.0,0.0,0.0,0.0,0.0,0.0,0.0,0.0,0.0,0.0,0.0,0.0,0.0,0.0,0.0,0.0,0.0,0.0,0.0,0.0,0.0,0.0,0.0,0.0,0.0,0.0,0.0,0.0,0.0,0.0,0.0,0.0,0.0,0.0,0.0,0.0,0.0,0.0,0.0,0.0,0.0
182,0.21786904335021973,0.057185733318328824,0.30312627181410795,2.462115027010441,11.300750184059144,37.8961088180542,56.77250442504883,48.68044738769531,40.71067352294922,14.475216817855834,4.013628304004669,1.1698243856430053,0.2685567250847817,0.2046455970406532,0.5431861527264118,4.816392443180083,15.532680866420268,39.30040981292724,52.548844757080076,54.80580398559571,42.51622314453125,21.366601395606995,4.158222308158875,0.8726744866371154,0.3026336985826492,0.23252400770783424,1.3244674937427043,3.4961513918638234,13.529065618515014,48.714453489780425,59.89750617980958,51.70653999328613,42.582482147216794,28.033609638214113,4.133151967525483,1.2306615722179415,0.2924250161647796,0.3671646520495414,0.4051390771567821,2.4150704443454742,10.405835501849651,37.82132781982422,64.43122177124022,61.24692153930664,45.04142982482911,20.953362774848937,2.9822187030315397,1.212302537560463,0.27620886504650116,0.13728550590574737,0.24848083004355428,2.531511549949646,16.04434562563896,55.302835655212405,61.82144577026368,55.74202758789063,40.9549369430542,23.888356399536132,3.1352902722358706,0.5855468833446502,0.31187471389770505,0.10777072474360463,0.2214673639833927,3.289374932199716,11.068606542348864,46.432839531898495,68.0763207244873,57.974927062988286,45.19070777893066,19.487815074920654,3.90589417219162,0.714261884689331,0.3131021553277969,0.3663633753359318,0.6974584856629373,2.583014017045498,13.205462796092032,35.76536722302437,54.175173416137696,54.62653587341308,41.130936241149904,18.069009695053104,6.313351805210113,0.9296191811561585,0.364786314368248,0.3400990901887416,0.7923917050659657,4.900512431263924,14.961077908575538,40.40810206413269,55.14320832252503,57.09402488708497,43.06092460632324,24.902867679595946,3.871161118745804,1.3682689440250395,0.26751290947198864,0.14186673939228056,0.16867933347821237,3.2974677446484564,17.043943765461442,54.678049163818365,61.53480659484863,60.77613014221191,46.31692741394043,22.217705149650573,3.175336023569107,0.645429630279541,0.3150552615523338,0.19223688334226602,0.27880627930164337,4.478555242419243,14.434393182992935,47.21312757015228,57.6303182220459,57.8910447692871,51.477284088134766,22.900659580230712,3.060593957901001,1.4143014693260194,0.2228299891948699,0.278420045375824,0.43853190541267395,4.4200402161479,15.417910141050816,40.474617137908936,64.02776611328126,54.77683319091797,47.645758895874025,23.95298849105835,3.606806650161743,0.5335703063011169,0.2561089479923248,0.1806733492016792,0.4174243971705437,1.7724230754375458,13.52253350585699,33.74397583007813,57.67185478210449,53.24797927856446,42.71416061401367,20.173936285972594,2.888577661514282,0.7113001561164857,0.2578979170322418,0.32216349810361855,0.3179444761574268,0.9996134051680565,9.585466633141042,49.9220657157898,58.70223739624024,56.94983657836914,45.037356758117674,24.555456900596617,4.000688139200211,0.9605260992050171,0.2503574815392494,0.1636775043606758,1.1129760080575943,2.655616599917412,14.242707691192626,31.730308203697206,45.82151794433594,56.002864990234364,49.257542343139654,20.376042127609253,4.659012407064438,0.5704911673069001,0.2781540529429912,0.25645770370960236,1.6018997487425803,6.873166557252406,17.788710737228392,43.95494229793549,58.521653332710265,56.17750648498535,54.44509635925293,24.881211013793948,2.8384430611133573,0.6735449594259262,0.2662882325053215,0.27679058670997614,0.4192983475327492,4.130427326261996,11.419257667064667,38.18057206392288,57.72224945068359,67.18663604736328,53.16837295532226,30.245475025177,3.15262845993042,0.7222156834602356,0.2541743764281273,0.14134574890136714,0.7781863741576671,2.78051035284996,9.28852912068367,48.27805201768875,70.19771953582763,72.63988449096681,55.486454772949216,25.253944911956786,3.1883365905284875,0.8622349661588669,0.20627146601676935,0.18802419483661648,0.35427981019020083,4.626416914463043,10.64022424608469,55.469679293632495,71.43793319702148,65.93745124816894,53.65217329025269,24.49835524082184,3.028773798942566,0.49152639329433434
183,0.24610530883073803,0.26366948485374453,0.5324472844600677,0.12122016996145242,0.015613618865609118,0.01791238076984878,0.01756395492702718,0.0201265405863523,0.01350280717015262,0.006813022866845079,0.0348359621595591,0.21414308482781047,0.2669640485662967,0.4846487179771066,0.46785032469779253,0.20943325430154797,0.027979330960661113,0.01721233207732434,0.017917081974446726,0.020474731251597357,0.013197516202926588,0.006372707150876468,0.02605974369216706,0.09878943948075172,0.26998933257535096,0.48564776465296744,0.48916210599243637,0.1426473363488912,0.04793541006743903,0.017425612024962855,0.01771293237805361,0.020300463363528205,0.013474327214062156,0.005416983412578664,0.018767471681348936,0.13379866106901314,0.2681434863992035,0.40067994255572553,0.5315400384366512,0.21315954253077501,0.04626558018848296,0.017148508504033037,0.018623654246330206,0.020411943420767735,0.013739893995225388,0.0074913732055574165,0.04955029474571344,0.18549558265134689,0.32997802097350354,0.42477528300136325,0.5644781327992677,0.11445272617042061,0.022016789205372294,0.01814386211335655,0.017939638718962612,0.020618021264672243,0.01333234347403044,0.006185042988508885,0.025637124888598865,0.14022331140004093,0.3123117973841727,0.4840943087637424,0.4096414686739445,0.18124953206628558,0.02810018119402225,0.017543889768421604,0.01852015599608417,0.0207053061574697,0.013334574699401802,0.006636426206678101,0.11043179595842953,0.1732441139989532,0.3025191180035472,0.42104368031024936,0.4189199155569076,0.09053492136299605,0.022698156144469926,0.016984378769993737,0.01843320779502387,0.021181494891643476,0.013807188533246464,0.005782137867063232,0.025479697589762457,0.13415953615680334,0.28999373773112885,0.3139831548556685,0.3820060087740421,0.13470037948340172,0.047849878948181816,0.01733349241316313,0.018961534239351697,0.02124878011643882,0.01424452871084209,0.005626690685749007,0.014068351667374319,0.12316829004324967,0.30330594526603816,0.3953396026045084,0.2794353600591421,0.06568974059075114,0.02318038050085301,0.017646984308957996,0.018423232808709094,0.020996276587247804,0.014088271111249873,0.005949884513393,0.034023922290652944,0.1089100204175338,0.37705809254199263,0.44727091316133744,0.3638913004472851,0.09428941419348116,0.027430107202380854,0.018108668141066975,0.018515774458646737,0.021353543028235396,0.014140219688415476,0.006022600159048976,0.04007264222484077,0.19597187483683223,0.47317786071449514,0.5292034652084112,0.5647274927794933,0.14853238239884375,0.016588652692735142,0.01766613710671657,0.01833158612251277,0.02118321806192393,0.013881432786583848,0.006597279831767032,0.05110705756582314,0.11507319513242686,0.4805962703935801,0.6076457403413952,0.473627615571022,0.2243759441003203,0.03596439613029355,0.018310665562748855,0.018827408179640716,0.02084626324474806,0.014279605783522085,0.008346513379365147,0.08205865015275773,0.24640852503478525,0.34439769595861436,0.5822450840845704,0.4547877873852849,0.11302638296037908,0.024356850888580032,0.018705084696412043,0.018150880187749813,0.021399692744016596,0.014494201280176599,0.005963141229003616,0.01493733926210549,0.16851763210259377,0.40810753777623177,0.5928868529200553,0.36674868933856486,0.23997740594670178,0.023023148626089035,0.018091166913509323,0.018629788085818232,0.02166316531598564,0.0144801509752869,0.005490478873252816,0.040116242552176065,0.17433623023331163,0.4331442185863853,0.5364085303433239,0.3477518232166767,0.1583717506751418,0.022625415753573123,0.01793202288448805,0.01890912465751165,0.021547198370099017,0.014508795700967267,0.00621812270022924,0.029221355104818887,0.2133251267857849,0.42279079932719466,0.4489080038294196,0.3406689594313502,0.14677470657974478,0.03113184733316298,0.01784820038825268,0.019050019383430435,0.021556915640830936,0.014631289802491626,0.0069442796986549735,0.07624803503043946,0.11395169491879638,0.4393851896375418,0.5059927506372333,0.3794891443103552,0.14570301067084068,0.02155342193320389,0.01820312242954965,0.018577586635947177,0.022041274756193108,0.014205071553587866,0.006384364329278419,0.0782571703009307,0.2486337204277515,0.4125813176855445,0.6474182814732193,0.45457627687603236,0.2990901855379343,0.0236713302507996,0.018783812746405552,0.018973277285695027,0.02210470043122764,0.014573507383465727,0.006455632718279908,0.0571139954263344,0.27652275928296144
184,0.2291749395430088,0.1165857957676053,1.352947796136141,0.25816830396652224,0.10018999204039573,-0.02394659146666528,-0.08795981891453267,-0.06884197592735293,-0.08133010864257813,-0.10881333760917186,-0.1045097569003701,-0.09558036997914317,0.382847007997334,1.060884404061362,0.6332460244745016,0.2046708106435835,-0.024940483868122094,-0.09623226542025805,-0.08342785727232696,-0.052999649718403805,-0.07095040634274483,-0.06283347934484482,-0.032271947693079714,0.07562502372544258,0.6506215137708933,1.1166612777113916,1.1515411433950065,0.4157385548017919,0.041030402760952725,-0.15943690914660694,-0.14951182715594769,-0.101818673312664,-0.16263737320899962,-0.16544070303440095,-0.09384707245975733,0.1321978873293847,0.5006132952030748,0.886076953187585,1.2289082300662995,0.5206338075548411,0.05330881716683509,-0.04898651849478484,-0.033974864855408626,-0.01348798491060734,-0.0958346173912287,-0.12130310773849488,-0.15582030465826394,-0.014003988383337865,0.6472909635677934,1.070935869589448,1.3388356678932904,0.6454281416907905,0.18934357969090343,0.00977971576154231,0.024093581885099392,-0.045777359753847134,-0.11752163410186767,-0.15203480966389177,-0.15032456677174194,-0.05633762736804785,0.45011553565040235,2.095137922689319,1.3306211690604688,0.6830476333200931,0.1024333717301488,-0.02714156594127416,0.05449730657041076,-0.1490451197326183,-0.23584993049502373,-0.2518175463378429,-0.17634942252188923,-0.006213728711009036,0.2045515441801399,0.39471791058778766,0.6911248901672661,0.11354296606034042,-0.0693358747474849,-0.0928226703032851,-0.03690663721412421,0.037346281930804234,-0.009675513356924076,-0.04617157556116582,-0.025005352869629842,-0.025937569607049203,0.37262345936149355,0.6699987607635557,0.4054936209134758,0.4574285618215799,0.07276989404112102,-0.06872832600027322,-0.07043735515326259,0.044651842638850206,-0.003599195070564749,-0.05353467002511024,-0.09278936888091266,-0.040467648683115844,0.310309536177665,0.7949229763820768,0.8708549513667823,0.56195933599025,0.11997335886582731,-0.07434884950518608,-0.1385437964648008,0.004150113910436631,-0.02881280615925791,-0.04636338643729686,-0.08432797831483185,-0.07880299968644977,0.2445697816833854,0.4370771824382246,0.5329083525016903,0.3598426138982177,0.03659588607028127,-0.06885893676429987,0.05360455222427846,0.01708562597632407,-0.05237715341150763,-0.11224626764655114,-0.14062521307729184,0.24551455315202478,0.8341357589140534,1.355806172452867,2.315325454026461,0.7289607284590601,0.02499679915606978,-0.14336094751954076,-0.17180087119340895,-0.13110156469047068,-0.18825794488191608,-0.22447464771568773,-0.13288734792731702,0.11975304993800817,0.6869614603184164,2.044882991686463,1.658662049807608,0.6937433025613428,0.13433706825599073,0.06440667152404786,0.06802398189902306,0.13414072334766386,-0.03782868824899197,-0.11770445033907888,-0.17111378949135542,-0.12601469241082666,0.34296260476112367,1.4025284127146007,1.1966971901059151,0.2823686525225639,-0.07879284873604772,-0.22804239675402643,-0.17019376806914804,-0.012415540069341641,-0.05076868139207362,-0.12885572776198387,-0.19752268017269672,0.11935704758390789,0.5352133387792855,1.4483924933336676,1.077412815541029,0.7993632934242487,0.2084615749679506,0.006487540602684029,-0.03791951131075622,-0.07245797291398048,-0.1404621096327901,-0.18849578481167556,-0.21050997084006667,-0.05422737579792737,0.39501564219594,1.0299671195447444,0.7891831311583519,0.43735435346141455,0.08456041257828475,-0.07988845203071829,-0.08117834467440842,0.008150265812873838,-0.009144889488816232,-0.05133002541959285,-0.040899150744080535,0.07009963281452658,1.3582410607486963,0.9545354326069354,1.1053223584592342,0.4750935398042202,0.022439522556960596,-0.1580045657604933,-0.13011560656130314,-0.13121905967593192,-0.0916304787993431,-0.07872083969414237,0.031028020307421668,-0.003399258237332109,0.4969569383002817,1.173821427244693,1.1278767687641085,0.2708911394514143,-0.03277517737820744,-0.14749366814270615,-0.11984344389289618,0.002234626039862636,-0.02352259673178196,-0.07072158485651016,0.129992509149015,0.043607582757249484,0.7862920244317502,1.6141632823087277,1.9592014868743717,1.2703146435506643,0.24571098555810744,-0.03770097989588976,-0.003487784788012538,-0.06278821468353273,-0.16588687147945164,-0.18741805955767632,-0.1257033127360046,0.058330017961561675
185,45.954019165039064,36.65948486328125,52.176065063476564,131.93755416870118,326.4834350585937,587.1079895019532,1178.1127197265625,1015.9215576171875,599.1700561523437,220.68546600341796,70.53760528564453,37.78559837341309,38.09674125671387,62.654204711914055,63.953517227172846,174.9677691650391,308.2539825439453,631.9735736083984,1133.5345788574218,1084.4840698242188,764.8678637695314,251.84267364501952,55.02561096191406,35.168362121582035,39.053566970825194,43.583263702392586,66.00037796020509,170.07904205322265,349.46769775390624,542.4700073242187,1225.4228344726562,1090.9975732421876,778.8465856933593,267.2487393188477,62.476767578125,37.70795623779297,40.30748809814453,45.26587677001953,60.322284545898434,127.38153350830078,263.99101470947267,602.4062329101563,1309.52392578125,1158.5907104492187,818.3110009765626,279.8832025146484,52.156520996093754,33.92683464050293,35.134616394042965,36.10163627624512,53.3980686187744,130.42296310424803,319.3982925415039,638.7714709472657,1258.3661230468751,1204.1793359375001,817.6025494384767,251.48916137695315,56.538107833862306,30.735819625854493,38.53061943054199,48.76992965698242,60.33594039916992,142.79018020629883,300.7687333679199,634.6312957763672,1229.2962512207032,1146.4984301757813,862.1570678710938,248.98697784423825,54.33529342651367,42.939724884033204,47.04723556518555,55.16253517150879,74.40884475708006,126.24857559204102,256.9004730224609,536.503310546875,1010.4172558593749,1119.7841796875,757.8393322753907,240.7845687866211,56.48169960021973,37.861965866088866,38.94434013366699,46.07839904785156,60.9462451171875,167.17547882080078,330.74532562255865,496.1472534179687,1130.5221728515626,1154.4093591308595,803.4679357910156,284.66282196044915,52.45322357177734,32.22290016174316,33.36118209838867,40.07851699829102,59.68340545654297,146.03438934326172,333.31974029541016,695.8707598876953,1132.3900048828123,1183.8848364257813,894.3114245605469,224.59036682128908,51.490719451904305,32.58315841674805,38.62526481628418,43.689071884155275,54.02935089111328,185.02800201416017,385.6386172485351,594.5309454345703,1277.0455407714846,1204.8928466796874,840.1927294921876,270.49044525146485,52.36432540893556,35.743839797973635,37.336450881958015,42.29867874145508,63.72262878417969,168.68075653076173,308.71655685424804,668.5374072265626,1277.091437988281,1172.67798828125,885.8312341308595,289.9680603027344,68.30412986755371,34.05547157287598,40.03897415161133,54.7719147491455,56.68834579467773,137.83773132324217,245.35263000488285,727.552229309082,1124.6115869140624,1238.32029296875,814.9785546875,286.32093811035156,52.94106384277344,34.25118797302245,42.58382568359375,46.82102180480957,61.10988311767578,131.86139892578126,281.5368455505371,672.711475830078,1171.4028735351562,1170.402421875,704.3794909667969,254.47746002197263,57.903587570190425,35.80372428894043,33.820219383239746,37.319844779968264,65.51204360961914,158.54815795898438,362.5607623291015,739.0372277832031,1177.4209326171874,1164.0969409179688,928.8590234375,273.8392083740235,48.10899909973144,33.21020984649658,37.27834831237793,50.75683090209961,76.96383850097655,196.12427375793456,351.582412109375,647.1744805908204,1275.7359423828125,1213.0172338867187,899.0662341308595,311.11700134277345,51.089072189331056,34.03140838623047,31.99961029052734,43.39594612121582,65.92169174194336,160.43212219238282,327.70470336914065,694.0253320312501,1440.8005541992188,1268.87724609375,943.161689453125,343.91822387695316,55.240186004638666,32.239796295166016,40.188765869140624,45.48142196655274,61.23141967773438,156.04474517822263,329.64428787231446,733.3339630126953,1397.1095629882811,1393.69673828125,927.4057873535155,300.5353179931641,52.90960960388183,33.18588768005371,31.210999832153323,40.950395011901854,66.31254432678223,177.9495529174805,351.5498474121094,843.8204394531251,1555.8489978027344,1515.2650781250002,1010.6705468749999,390.53045974731447,60.03822563171387,29.906257324218746
186,25.314438247680663,24.141062927246093,23.45289001464844,34.906362533569336,54.52873077392578,126.37661209106446,783.5402587890625,473.5252380371094,597.6086791992187,217.7741683959961,126.10010108947753,68.34495906829834,15.875597038269044,22.02990589141846,24.48266975402832,32.55446617126465,76.89430225372314,310.01406112670895,641.1187786865235,588.8107250976562,476.5945620727539,232.77221328735354,170.81289566040041,40.55735656738282,18.748842811584474,18.37436393737793,22.592422790527344,29.139081497192386,82.7978971862793,164.01748001098636,641.2198547363281,595.812006225586,466.0476159667969,248.98325012207033,102.56821655273436,39.76358467102051,19.382546539306638,22.56275054931641,23.378163909912107,34.04850982666015,46.03892448425293,225.85170379638672,706.0463015747071,653.0573052978516,481.95792114257813,298.3884927368164,107.29826263427734,43.17011829376221,20.66392723083496,18.217903060913084,21.76524452209473,28.428353958129883,98.82772613525391,266.4318392181396,667.0648376464844,664.0057531738281,488.2605157470704,248.7247528076172,106.03726921081542,56.25298372268677,16.26932928085327,18.50259220123291,19.992360191345213,25.35037559509278,62.57681953430176,284.89453277587893,703.980458984375,662.6405541992187,576.495234375,282.8733645629883,94.68781339645386,29.461383666992184,20.72947147369385,21.70712085723877,24.64846488952637,28.3870157623291,52.332204055786136,157.50372146606443,533.6740063476562,662.9023425292969,567.3467150878906,292.17753448486326,144.54647697448732,50.24883972167969,18.120525741577147,20.4207808303833,25.177905731201175,37.12083766937256,57.213793334960926,205.54411453247067,615.479061279297,673.3330969238281,483.6536468505859,278.3260069274902,132.81242950439452,42.406557655334474,16.377008037567137,18.905863265991208,22.872791595458985,41.73812892913819,64.52366241455078,215.5321611022949,597.6506201171876,680.319462890625,652.6206835937501,245.0261938476562,110.01952610015869,38.668807125091554,23.014091720581057,22.447433433532716,22.371814346313478,36.80806953430176,102.88824211120604,240.99003799438478,564.8976300048829,661.8685552978516,665.9790161132812,300.8934100341797,155.93567176818846,51.355203247070314,21.349302291870117,18.096350479125977,23.039852867126463,36.71646156311035,77.91135543823242,274.3837049102783,709.7497009277344,639.2642797851562,574.3904272460937,300.91477676391605,111.22404140472413,52.58946987152099,18.52874282836914,20.251529731750487,23.260509834289547,37.255298309326164,70.67809173583984,287.6271951293946,563.3798962402344,702.1077746582032,591.1433193969726,303.8789524841309,111.53575134277341,29.906097068786625,19.869817237854004,22.1453959274292,25.152361373901368,30.144220657348633,81.7186321258545,269.39038185119625,602.567875366211,647.6491809082031,522.3580560302735,337.4025292205811,143.23722856521607,35.67797966003418,19.84991714477539,20.204322929382325,24.268282852172852,30.665760803222657,72.77746231079102,201.02411193847655,619.5959313964843,649.8181597900391,588.4195361328125,258.7522113037109,112.49209754943847,27.06425804138184,20.35794261932373,23.32564571380615,29.742261123657226,40.070017395019526,92.14137161254884,346.99184776306146,491.9920742797852,595.2904693603516,590.3608697509766,373.03534423828125,115.44558996200563,43.08748979568482,19.589282302856446,22.300031852722167,28.915457992553712,29.705401611328124,73.5733625793457,243.94933013916017,646.235947265625,841.8448669433595,686.1223217773437,332.50774749755857,141.9188389968872,40.08777397155762,19.071106796264647,22.020958862304685,25.41275588989258,32.373615188598635,83.78356422424315,328.46081535339357,731.6517962646485,805.9110876464845,680.5644958496093,402.17082916259767,121.84769367218016,42.50953525543213,20.51523151397705,19.6469327545166,22.593961029052736,34.06950592041015,75.28961051940918,291.5346547698975,726.7708435058593,700.0511126708985,726.4010717773438,526.1777508544922,152.03675487518308,38.684341545104985
187,2.7485153675079346,2.43903292119503,5.181909084320068,9.984423065185547,10.179145050048827,67.33720569610595,383.7440979003906,226.2183609008789,177.3963424682617,36.342624282836915,20.120892333984376,5.1897670984268185,1.1585978060960769,7.260993647575378,5.284441537857056,8.575282554626465,15.859881305694577,125.81339283943177,401.13007537841804,292.11754516601565,160.38609481811525,38.95759155273437,19.690276594161986,1.2999551510810854,0.08431103885173796,2.134451188445091,5.208895416259765,7.888038768768311,16.971359329223635,90.21988784790038,446.48401611328126,364.9371704101562,167.3512370300293,55.35723436355592,16.82749304175377,1.2208305782079696,1.331106573343277,2.9467067182064057,5.066165103912353,8.957986736297608,11.551125431060791,123.8876508140564,423.71913726806645,387.2977996826172,164.8036757659912,36.61129357337952,13.671843630075454,0.9133988714218141,0.4098279151320458,1.775606704950333,5.4916171169281,8.81563913345337,21.067112140655517,153.51545555114745,425.4842614746094,332.2651834106445,193.87349342346192,49.32725036621094,17.663371700048447,2.1914567232131956,0.11385218992829323,2.526305274963379,4.859686422348022,7.473205337524414,12.567918167114257,130.09308429718016,401.00208496093745,377.29646606445306,199.50242080688477,55.520442304611194,10.786865260004998,2.1752861803770065,1.6467313453555108,3.526837508678436,5.587305917739868,7.913365306854248,13.860777683258055,91.48744567871094,398.48628692626954,368.88706481933593,196.79698215484618,55.21292434692383,16.902409079074857,2.1126414212584494,0.34246817499399185,1.9874451744556425,5.256813020706177,9.29403444290161,11.266797504425048,99.11601699829103,451.2786196899415,388.64361022949214,202.41198684692384,48.94138665914536,19.628096268773078,1.8047310781478885,0.3011662535369396,2.0741606545448303,5.224127635955812,8.480927352905272,11.945597248077394,90.92112869262695,381.88542907714844,372.527825012207,255.33163291931152,55.10476657867432,13.515373311042785,1.9035019284486772,1.3617509290575982,2.5622164040803908,5.088850135803223,8.82314277648926,17.6146032333374,120.63221794128417,364.3290829467773,363.6233248901367,263.10443069458006,66.9300929069519,24.420752412974835,1.2458791863918304,2.589580038655549,1.6274408948421477,4.972830715179444,8.698199653625489,14.862147750854493,143.15410118103028,463.22710479736327,335.11732971191407,220.88143020629883,79.27117828369141,19.35803825497627,2.1631979060173037,0.5804669606685638,2.9644020670652393,5.03113203048706,9.31591579437256,15.937127170562743,145.7230975151062,388.47825866699225,437.9856463623047,231.73391204833985,71.37322772979736,17.823257008790968,1.4350152069330213,0.8216312217712401,2.1338396567106246,5.3136622428894045,8.472384719848632,15.713100280761719,143.02278930664062,367.2449780273438,347.69238525390625,177.51822525024414,68.0379114151001,23.215209525823592,1.3687339997291565,0.42448286965489385,2.423817490339279,5.8281902313232425,8.97393632888794,16.691553554534913,132.4480286216736,405.2225103759765,400.9029965209961,226.50850570678713,51.11252653121949,16.216090137958524,1.7202156037092209,0.6826603627204895,3.123135290145874,5.77437572479248,7.963778896331786,12.906542606353758,159.46107795715332,340.28850433349606,347.04504394531256,199.54673789978028,86.44508361816406,18.142097177505494,2.1416461676359178,0.046905999183654776,2.3133767000585794,5.730127935409547,8.519748725891112,16.847733783721925,114.6175963973999,415.58898254394535,470.41427490234383,290.41302307128905,89.21283752441407,24.66755789786577,0.7487205964326858,0.925719400793314,3.3819818609952934,5.070913763046265,9.568002624511719,14.940186710357665,158.61700401306152,461.8254583740234,461.1976635742188,267.0361610412598,95.47076911926271,15.747661061286925,2.9916914129257206,3.5693565821647644,2.0146497476100924,5.317042713165283,9.275265331268312,17.06089012145996,136.43617280960083,442.93080413818353,410.2759930419922,323.8482503509522,131.96972446441652,24.62908606529236,1.0601124243438245
188,32.12733821868896,18.4265079498291,34.72784996032715,21.891917419433593,14.599292373657226,29.623428726196288,85.16879577636719,72.03690338134766,42.972134017944335,16.941611289978027,10.026786041259765,12.207906532287598,16.76752883911133,31.16291286468506,26.60794422149658,20.392338485717772,18.97065986633301,28.329530715942383,79.6734780883789,110.47431182861328,54.170479125976556,20.379684104919434,10.628812732696534,11.233540153503418,14.216178379058837,27.492867012023925,27.947521057128903,22.27671741485596,16.278963813781736,23.43058387756348,111.57860885620119,101.78542098999023,51.684524230957024,20.51603885650635,11.282987174987792,12.341240921020509,16.87839267730713,21.01894760131836,33.8959683227539,28.722803688049318,17.13609886169434,27.435431060791018,81.37361907958983,98.1234504699707,48.96283561706544,16.87911251068115,11.44765781402588,12.065745315551757,16.95215656280518,25.48455299377441,34.70298736572265,24.164617652893064,16.35217784881592,28.32624050140381,86.37447860717774,108.56944992065431,65.4591244506836,19.54142021179199,11.949979152679443,12.482098197937011,19.801705322265626,30.737376861572265,27.17804832458496,27.968657608032224,20.35981166839599,31.26599296569824,102.63722221374512,105.32054931640623,58.13353103637695,19.24752899169922,12.059141292572022,14.109819469451903,19.11300121307373,22.11182014465332,28.501137123107913,20.856886253356933,15.267848701477053,27.86251159667969,82.25348274230956,112.48215911865233,42.09820663452149,17.214581336975094,10.601682815551758,11.711969261169434,17.083323364257815,21.032503356933596,24.946734962463378,20.91110385894775,15.528664741516115,27.116172790527344,75.09236404418945,114.80814453125,58.03852264404297,18.449071884155273,10.91216320037842,11.864657459259032,14.96045841217041,21.780931892395017,28.609680099487303,20.23049457550049,14.40482021331787,25.933699645996093,90.42599060058595,147.69876098632812,60.82987358093262,20.07728427886963,10.889537811279297,11.686500740051269,16.259047660827637,21.169348068237305,25.471761093139648,22.98618522644043,16.556596031188967,26.8539315032959,76.08441162109374,107.69338508605958,57.05182006835937,19.996904830932618,11.671104202270508,13.376197967529297,17.19772327423096,22.53233367919922,27.564144096374513,24.31116512298584,19.295182380676273,32.99073425292969,96.5887173461914,103.60518768310547,49.60031837463379,17.721166687011717,12.984707374572755,13.252486820220946,20.6842301940918,38.30889595031738,29.08866641998291,25.838925094604498,15.546840629577636,45.630217742919925,72.5659844970703,139.03863143920898,58.42384223937988,21.685893173217774,12.277739086151122,15.45488384246826,19.605639839172365,31.384880905151363,31.235145835876466,22.27258575439453,14.870098152160642,27.996174011230472,86.41675361633301,106.98056068420411,59.77363021850586,24.077311782836915,12.352360115051269,16.028371391296385,15.68818016052246,23.22951210021973,23.622794723510744,22.312821540832523,13.634405822753905,35.40056015014648,102.37580352783205,120.99436447143555,66.2752661895752,22.263055534362795,11.637034606933593,12.983888854980467,19.353330993652342,26.807091865539554,31.953141899108886,22.129260177612306,15.950512771606444,34.90913860321045,96.69340805053712,139.17095069885255,57.551287155151364,21.927222633361815,11.369320697784422,13.956350803375244,17.485339393615725,26.775858955383303,32.26137481689453,22.71525890350342,15.815380554199217,29.24767177581787,90.91944686889649,131.9398405456543,73.64760818481446,21.584526290893553,11.61785322189331,11.613437271118164,20.259312744140622,28.746255760192874,30.45982437133789,20.379385070800783,17.073271980285647,32.80669975280762,78.04896766662598,140.83137619018555,74.23601318359374,23.041257286071776,12.37110496520996,12.492548942565918,19.996556358337404,27.482383460998534,29.538918495178223,22.168013648986815,15.452148094177247,28.950540351867676,106.48579635620118,118.0759225463867,58.41002929687501,23.36377914428711,14.880917663574218,14.960584602355956
189,0.08196151219308372,0.16704370975494381,0.2967601172626019,0.8313520148396492,4.734325969219208,10.677660179138183,12.842926597595214,10.524121284484863,9.631173157691956,3.4732547998428345,1.0368697099387645,0.34681338667869566,0.0733407004922628,0.17252291947603224,0.2712939951568842,1.8297015243023633,4.278819825276733,9.89728765487671,12.818299198150635,13.571871414184567,10.36349160194397,5.958518884181976,0.9017211636900901,0.11565148368477818,0.06256148740649219,0.1991412058472633,0.7734262933582068,1.8152623016387224,4.083631039261817,10.993812742233278,13.111069850921632,11.184728965759277,9.796174449920654,7.296636757850647,0.7044847711920739,0.14546035706996913,0.05614178888499732,0.18581923544406884,0.28509747207164765,1.2490946429595353,3.5491191688179975,11.287394046783447,13.122660465240477,13.436394596099854,9.66154857635498,5.556377385854721,0.6025133088231086,0.19647109404206273,0.07633674927055831,0.11566143020987507,0.263828844204545,1.4109736251831055,3.549106611609459,11.33533487558365,13.344141216278075,10.739922676086426,8.963800187110902,5.756836628913879,0.5297602860629558,0.0672664420306682,0.08151063114404672,0.11332411170005793,0.37728598050773143,1.1405561204999686,2.9387839638441795,10.735034886226057,15.623228225708008,13.175275688171388,9.274577155113219,3.7359431850910183,0.6419974353909491,0.0924750384688377,0.06436964675784106,0.28314182072877886,0.783816449046135,1.0104589290916919,2.9883888898789883,9.966572415828704,11.639023094177245,12.931961498260497,8.565246725082398,3.876818689107895,0.6794387970119715,0.08757986962795253,0.07874524071812625,0.22884152486920356,0.32232564605772496,1.9395889043807983,3.9639898580312734,10.089929139614105,13.734355096817017,12.676041183471678,10.273049201965332,6.940830991268157,0.5967190745472907,0.1270780426263809,0.051386246308684304,0.11537668287754055,0.2544160820543766,1.3610987012460827,3.8453199812024836,11.95455451965332,14.735057725906369,12.628360919952392,10.298757390975952,4.667591023147106,0.42747611619532105,0.07540135882794853,0.08496236078441141,0.1878191116452217,0.2939747998863459,1.795004614144564,4.66248654641211,11.962632765769959,15.662361545562742,12.88659372329712,9.498598909378051,6.17699388295412,0.3695641353726387,0.1436878345161676,0.059037769436836196,0.28630748689174645,0.424128301218152,1.7637167102843523,3.4876737255230545,10.51628264427185,15.273056163787842,11.529013385772705,9.696467018127441,5.347773275375366,0.7340113956481218,0.11196400769054886,0.06634267717599865,0.14191524505615233,0.2542279232293367,1.247656900063157,3.387604138478637,11.372162380218505,13.261103992462157,11.078063678741454,8.58823115825653,4.631948790550232,0.4745645533502102,0.08812866859138006,0.05644055679440495,0.17566869959235187,0.37003986850380893,1.3964556008577347,3.5380066625773905,13.709865679740906,15.68890811920166,13.051073436737061,10.491356492042542,5.287115755677222,0.6071923588216305,0.10747718058526509,0.05620137020945546,0.1375614150613546,0.8351649945229292,2.1648477110639215,4.642454330548643,11.258045563697815,16.345123949050905,12.865545406341553,11.938498325347902,4.893479655981064,0.933093242123723,0.07115079224109645,0.11155250512063501,0.20484012983739372,0.6451483355462552,2.5354774080961944,3.855633754730225,12.661844930648803,19.256216220855713,15.63728320121765,12.823061408996583,6.264430589675903,0.3482591409981251,0.12847721800208087,0.12030742138624188,0.28383282169699664,0.5156227412819862,2.3969842755049466,4.873411391973496,10.89781138420105,16.512465534210204,13.143601722717287,12.313969812393188,6.201392669677735,0.3724695009738207,0.12719897918403145,0.08869615495204922,0.218398493155837,0.5190209641307593,1.8765964494645595,3.0766021224856375,12.030742354393006,16.68038215637207,12.862843570709227,11.273642826080321,4.645836505889893,0.4443534208834171,0.15688262134790418,0.048327276632189706,0.10220187045633788,0.2828919230401516,2.2196516120433807,4.503016462922097,16.03148118019104,21.738754158020022,18.55482353210449,11.811468234062195,6.907178072482348,0.4680756913870573,0.07922393195331093
190,1.1979299415543209e-06,-2.5987794060711165e-06,5.108102027405539e-05,-2.9472917515235353e-05,9.979503283830127e-06,3.367351624488628e-05,1.1956546813962632e-05,4.1089915612246843e-07,-3.373988874955103e-06,-4.065019311383367e-06,-3.319131426593458e-06,0.00017904816752434223,0.007289080600766618,-0.005514874316127131,-0.0033709766445099354,0.00012505940608377385,-9.558865573808215e-05,0.00014695827252694395,-0.0001524207331479441,-4.923216743577541e-06,-9.98531670347802e-06,-6.170450916727077e-06,1.3703867313801156e-05,0.0017230949847862587,-0.0043425011611930185,0.008604086084190773,-0.007910683234493935,5.2052767168789564e-05,-4.788525855474237e-05,0.0027912273903638193,-0.0026884909965247026,-4.3847754411671536e-05,-1.9407205656987953e-05,8.18175098993373e-05,-6.43015241121235e-05,0.009629100284856227,-0.0007941441287312202,-0.004182863432184268,0.003648223215254238,-0.0048068433591236465,-3.616264385754906e-05,-8.951257093488889e-06,3.0210865405988675e-05,-4.39089202018283e-05,-2.349274300314204e-05,-1.8101468538274664e-05,-1.623760150017592e-07,0.0015187249461899837,0.02058327917923762,0.0011639784402043974,-0.018043618865557394,-0.002568516767820475,0.002309721038430447,-0.002434988050398481,-1.4618414358545415e-05,-1.5899917549404563e-05,-1.5475981963675164e-05,-1.1538634407060044e-05,0.00020926888418276385,0.00023109373642554487,0.005418263733499478,0.006782690531381372,-0.010950180464595291,-0.00021489999631739594,-7.834329935575303e-05,3.9941748159431295e-05,-1.3458451503538525e-05,-1.7076211928495248e-05,-2.0494864955365508e-05,3.683756929148885e-05,0.0001800662768891861,-0.00011349893381975727,0.001983693675726946,-0.0018798993134214465,0.0006440167942355379,-0.0007345575550813514,7.232180161906663e-05,-2.065132582402229e-05,-4.330218172512007e-05,5.939398915016429e-06,-2.3894723269952263e-05,-5.286449638219893e-06,9.288752195402177e-05,-8.225391940441725e-05,0.005137095929885618,-0.003526618127075386,-0.003667785922693835,0.0009411715640032928,-0.0008741692044132712,1.4127162007752817e-05,-5.7913431692916914e-05,-1.409684746306539e-05,-1.831559324898535e-05,5.040509246326768e-06,2.988236127962001e-05,0.0022225011121594133,0.002239112791576179,-0.00010398237205663536,-0.0021625817319636596,2.6868349718253225e-05,-2.0414771966270172e-05,2.439131565779203e-05,-2.6919481151141645e-05,-1.8006719142247183e-05,-7.92653924008846e-06,2.1452952294961516e-05,2.0753692472225018e-05,0.00014718982418685268,-0.010571679680358558,-0.006254534353146829,-0.00015216053313650454,-0.0003189821732894403,0.00022331868683522302,-0.0003378304793773126,-9.16892361487773e-06,-8.779755822486016e-06,-7.904105092389614e-06,4.165707648098567e-05,1.7021395834143026e-05,0.017788669285798732,0.0008569655772032461,0.006504909564800971,0.011703456612071936,-0.00562853474202147,-0.008372452299909556,-0.0034576916274670633,0.0002772734506419332,-0.0003072764441768373,-2.4430738947170867e-05,-1.652557285353294e-05,-9.3850066235754e-06,2.0136287240714075e-05,0.02329252535107621,-0.002498735189596174,-0.01368894225672988,-0.0054771964682774395,-0.001613487525426078,2.0403148940859287e-05,-0.00026353437449528835,-2.2793337536765133e-05,2.5157118753114936e-05,-6.226224695637548e-05,-1.1767095168124797e-05,0.0012982744117016301,-0.0016984730330955253,0.017784477597069217,0.023030097882466974,-0.00758986941112994,-0.009227691646422048,-0.00905967865531266,-0.00979454002430591,-0.008127582561802803,-1.825942682742495e-05,-1.6748776514392188e-05,0.00030828388743270324,0.022300922759897042,-0.008681086293934697,0.03930597930597203,-0.009366298158347578,-0.028559787743870624,-0.0007154503958412327,-0.0003969743028019219,-7.099277436338216e-05,-1.122376847731952e-05,-4.0924100500200586e-05,-2.2522118725871283e-05,-1.2311549617436413e-05,2.004191270145283e-05,-0.0021675037111097595,0.02261762074202806,-0.01114570429153396,-0.01059059794179347,0.0010386666432913134,-0.0010485223150021672,0.00016203201307461596,-0.00017377679385617556,-2.0330113686666702e-05,-5.069733549591202e-06,0.012304522854547022,-0.007666498637810265,0.0754584291911874,-0.01248505427307293,-0.015674015443317438,-0.01824879993573518,-0.01671789031556955,-0.006852175096196336,-0.0023212565541291426,-6.620605253146006e-06,-7.512068441427017e-06,0.0016399831518390316,-0.00011498789789811677,-0.0014884528614584223,-0.005564486890473298,-0.0001564971648292625,-0.00023440179079301605,0.00010784491887987748,0.00018967803053897254,0.0019182223612472207,-0.0020980350915527925,-2.8913602845074918e-05,5.289523333829257e-06,1.2331571474518586e-06,0.01709342801422679,-0.009937349687966158,0.01278596425457463,-0.005967310788637406,0.0075834911867477236,-0.009077652863988992,-0.004895934890877233,0.012641658388317873,-0.012369858797412118,-3.3988772368042035e-05,1.3291426771508143e-05,-1.9140862211205972e-05,-1.0714442328157492e-06,0.00023538153447815862
191,-0.17674384117126465,0.536416244506836,2.41006520986557,3.2181043207645414,2.145154285430908,14.217234635353089,83.73356742858887,43.80372333526611,27.4049934387207,9.83852014541626,4.379819750785828,2.7046797275543213,3.314087915420532,9.230897959470749,7.563971934318542,6.506555573940278,6.029304721355439,16.176415791511534,70.8926233291626,86.50955242156982,52.32603004455566,13.169526405334471,5.400959768295289,2.834854946136475,2.804577100276947,3.994207677841186,6.046546293497085,6.522942228317261,5.233519167900085,9.9611940908432,129.54326694488526,109.3529866027832,49.71617816925048,17.338784437179566,4.9469532918930055,1.8318235731124877,3.4218958425521855,4.519554190635681,6.675828993320465,7.079229259490967,5.457650437355042,19.993468532562257,84.26219345092775,99.78415466308593,58.79309112548829,12.433813772201537,3.892377693653107,1.9231927132606508,1.4692064499855042,3.1186736536026,5.164937057495116,5.510788059234619,5.2438454437255855,24.902617013454435,110.69635688781739,100.17804161071777,105.22532470703125,19.44153224945068,4.054777903556824,1.1826286268234252,1.1614591908454897,3.520114243030548,4.813934860229493,4.6867907619476314,6.767002609968185,40.925617253780366,125.70903434753419,110.2597621154785,76.47621955871583,14.08950387954712,2.955725145339966,0.35856995582580564,2.007737227678299,4.94712840795517,6.13932235956192,5.720842398405075,4.786213071346284,19.984650163650514,88.63391704559324,107.37978393554688,70.11063011169433,19.206791439056396,5.390549001693725,1.5989704132080078,2.411162315607071,3.8958751976490023,6.208139364719391,6.45446725845337,5.2301877593994135,15.374583396911621,97.62554378509522,94.12476032257081,76.84687938690186,19.547703380584718,4.332197091579437,1.828345572948456,1.5712532258033753,2.894482288360596,5.236373028755188,6.1382053542137145,4.3602870345115665,10.455105772018433,76.9373243713379,151.36801025390625,117.27076316833498,17.29328414916992,2.3709721922874456,0.30783277630805966,2.396504421234131,3.7687682056427,5.717473816871643,5.981057107448578,8.674535431861878,17.065762557983398,74.53601985931397,96.45937801361084,84.88930313110352,21.320856494903563,4.523057367801666,2.4339825582504275,1.3120175266265872,2.46132794380188,3.9122820138931274,4.889903308153153,4.931166377067566,39.6316276550293,117.52710975646974,114.51546485900879,106.30688003540038,25.501874752044678,5.9410268235206605,0.6663026380538941,1.4996322774887085,5.348827233314514,5.357837381362915,5.307977616786957,3.7932539176940923,36.400921764373784,83.83405366420746,187.58639961242676,81.42656654357911,23.042262676954273,7.589975724220276,1.8292401838302612,1.749331271648407,2.8697879314422607,5.030269618034363,4.828062884807586,3.129647228717804,20.45600441932678,108.5748318862915,95.94452388763428,83.14940155029296,31.504543819427493,8.389476814270019,2.2062602186203004,0.05622725248336791,0.9267538499832151,2.9585696554183967,3.833796997070312,4.525379523038863,40.549659395217894,133.4314708328247,144.86798667907715,113.79779635429381,22.520589768886563,3.8038278245925903,0.15827820301055914,-0.2777920150756835,1.1979864835739136,3.785502605438233,2.925403590202331,1.4611121940612795,33.8292938041687,104.02470390319824,159.71294494628904,98.03705299377441,30.88905512809753,7.068017344474792,-0.263283383846283,-0.39243752956390376,1.2253071212768556,3.5990794944763183,3.6972568607330323,2.466020760536194,19.871939907073973,91.1172666168213,151.25971527099608,146.85088268280032,45.541267490386964,7.020139899253846,-0.30290858983993524,-0.30233640670776346,1.063448827266693,2.21509964466095,2.3616837215423585,1.9211813640594486,23.101841161251066,103.47268368601799,152.23099769592287,153.34509559631346,44.45905550003052,7.579940416812898,0.8835202312469483,0.8972720479965209,3.0801923346519473,6.2548864388465875,5.671778707504272,8.616453442573548,27.6243151140213,83.15836257934572,128.2902777481079,117.99876464843751,36.956816329956055,14.041119923591612,2.399086754322052
192,22.743658915162086,13.94206565618515,11.069279527664184,16.119150698184967,5.671480107307434,-0.9760359644889831,0.7188336014747619,2.3504775166511536,4.306137681007385,13.669094729423524,29.95935277938843,26.15218738913536,5.719409757256508,2.948862754702568,1.7263159012794496,6.240239099264145,5.751355779767037,4.402340012788772,2.538016200661659,1.8236447849869726,4.5017372834682465,25.111336421966552,44.51548414230347,25.960602402687073,16.85615817308426,2.643298396468162,1.279267688989639,4.523973988890647,6.024939775466919,3.492098482251167,1.1473204237222672,0.7101623296737671,3.4655872893333437,18.514428465366365,34.16753150939942,32.207444385588175,11.908800169229508,4.202675416469574,1.7345292942970993,8.50336786031723,6.511166138648987,2.8901360791921613,1.3784238785505294,1.5251246893405914,6.7955230319499975,17.84605029821396,30.381633911132816,25.97264264583588,17.91700110554695,3.0719945138692855,1.4885327768325805,4.9733319383859635,4.942649952769279,4.784080515801906,2.9204191517829896,2.386373537778854,6.5676858043670645,23.147778663635258,41.66748435020447,34.72949494838714,11.791768599748611,0.16506714642047887,0.4491126823425294,3.942531314790249,4.189087316989898,3.923823984563351,2.704708884060383,2.2011633294820787,7.851828728914262,22.023601123690604,30.915115013122556,22.69730410575867,8.749351274967193,0.9197356462478641,-0.566667182445526,3.4850193333625796,8.132469865679742,2.1388220533728597,1.9066564577817917,3.0269171029329303,7.685982679128647,14.003399453163146,35.044611835479735,35.21094269752503,11.894701927304267,4.386296629905701,2.3408869373798376,4.276617279052735,4.230200177431106,2.3473101866245267,2.110079350471497,3.205613784790039,7.826479368805886,26.37468121260405,43.47410586357117,33.788075590133666,9.379856335520746,3.502542957663536,0.3598522448539735,6.484297529459001,5.303369390368461,2.3253731074929234,2.0806119692325593,1.8290806517004967,6.780479091405868,16.90071002483368,34.419964318275454,32.53461715936661,15.652162679433824,5.4218241667747495,1.9146838402748105,3.3379022562503815,4.85043717443943,5.054929625988007,1.404477057158947,2.1049748426675796,7.488875266313552,22.29508781015873,40.370116024017335,27.92689625740051,14.319897823333742,0.9735573935508727,-0.3808582574129104,4.815962141156197,5.6107406067848205,2.8121721345186232,2.242154455780983,3.6976487571001053,9.768079700469972,32.46424748420715,46.61992718219757,34.628294780254365,10.871380634307862,-0.5445944657921792,-0.8980368661880493,5.09895291864872,7.8596949195861825,5.025713354945182,2.2780600619316105,2.5733005344867705,11.079982982873917,24.544003257751466,44.92513647079468,29.987677879333496,11.901667162179947,3.355364439487457,1.5373882800340652,3.5892771291732792,5.516754869222641,3.054979372024536,1.694440891742706,4.083228723406791,6.509478896856308,20.07336539030075,39.41141012966632,40.13508472204209,12.16951877117157,0.6905573093891144,0.6443330235779285,3.0506562262773507,3.997605943679809,2.509773738980293,2.5974727511405944,4.022285994589329,9.398339627981187,26.579879171848297,44.84044370651245,17.8969943100214,8.801437264084814,0.8841402542591098,-0.7162309598922729,3.4750693482160573,4.385466097593308,4.9780798077583315,2.735122067332268,2.799117751717567,11.404207735061645,27.644924983978267,51.577678489685056,43.23273646593094,8.357052374184132,-0.29380539536476136,0.6027295351028441,3.1748198467493056,4.879844986796379,2.0993428450822824,2.8564983025193214,2.742418234348297,9.442947977781296,24.271600604057316,40.65163375854492,37.458830313682554,10.134873731136322,0.9136121535301207,0.4836383736133575,5.7141122412681575,4.423900601863862,3.5574890327453614,1.675522550344467,2.9002520936727527,7.477890607565643,29.842786588668822,43.69646842956543,31.501437497138976,7.292205679416656,-0.6854661279916764,-0.7037504851818085,5.49052257180214,4.8662806892395025,1.9712886607646944,2.9756869435310365,3.4940578824281694,13.750105332732204,27.41537612438202,47.64509108543396,33.24087638854981
193,0.0,0.0,0.0,0.0,0.0,0.0,0.0,0.0,0.0,0.0,0.0,0.0,0.0,0.0,0.0,0.0,0.0,0.0,0.0,0.0,0.0,0.0,0.0,0.0,0.0,0.0,0.0,0.0,0.0,0.0,0.0,0.0,0.0,0.0,0.0,0.0,0.0,0.0,0.0,0.0,0.0,0.0,0.0,0.0,0.0,0.0,0.0,0.0,0.0,0.0,0.0,0.0,0.0,0.0,0.0,0.0,0.0,0.0,0.0,0.0,0.0,0.0,0.0,0.0,0.0,0.0,0.0,0.0,0.0,0.0,0.0,0.0,0.0,0.0,0.0,0.0,0.0,0.0,0.0,0.0,0.0,0.0,0.0,0.0,0.0,0.0,0.0,0.0,0.0,0.0,0.0,0.0,0.0,0.0,0.0,0.0,0.0,0.0,0.0,0.0,0.0,0.0,0.0,0.0,0.0,0.0,0.0,0.0,0.0,0.0,0.0,0.0,0.0,0.0,0.0,0.0,0.0,0.0,0.0,0.0,0.0,0.0,0.0,0.0,0.0,0.0,0.0,0.0,0.0,0.0,0.0,0.0,0.0,0.0,0.0,0.0,0.0,0.0,0.0,0.0,0.0,0.0,0.0,0.0,0.0,0.0,0.0,0.0,0.0,0.0,0.0,0.0,0.0,0.0,0.0,0.0,0.0,0.0,0.0,0.0,0.0,0.0,0.0,0.0,0.0,0.0,0.0,0.0,0.0,0.0,0.0,0.0,0.0,0.0,0.0,0.0,0.0,0.0,0.0,0.0,0.0,0.0,0.0,0.0,0.0,0.0,0.0,0.0,0.0,0.0,0.0,0.0,0.0,0.0,0.0,0.0,0.0,0.0,0.0,0.0,0.0,0.0,0.0,0.0,0.0,0.0,0.0,0.0,0.0,0.0,0.0,0.0,0.0,0.0,0.0,0.0
194,16.651866340637206,23.347528743743897,14.534288024902343,5.6844206869602205,1.3448071837425233,0.1688152179121971,0.5232731968164444,0.11677395626902576,0.2295078456401825,1.8768677547574044,7.410286283493042,17.439136505126953,13.479702200889587,15.173175430297851,10.363940467834473,2.9463931238651275,1.1560327276214957,0.6242614686163142,0.49314728777855626,0.2922444314882159,0.9717420669272544,3.846088702045381,8.618756998777389,17.55414484024048,15.517496051788333,16.214629964828493,10.806821098327637,3.6531230530142786,1.1666750222444533,0.4695257053431122,0.33207971088588234,0.2680923978798091,1.1085715031623842,5.005645877243952,8.664186198711397,14.382577991485595,13.443252363204957,15.425065641403197,13.822496500015259,5.213584203720093,2.0895927404612302,0.43433442868292327,0.1510726643633097,0.25351699338294564,0.7979830114543438,2.941332074999809,9.104926447868348,14.817523300647736,16.401611642837526,13.993363304138182,9.009095797538759,3.6546638560295106,1.2644672860577704,0.32702098540961744,0.2998066686745733,0.24873862355947493,0.8634122954122722,4.117123862057925,8.717081544399262,14.680050420761109,10.601338882446289,11.127038826942444,6.474008107185364,2.819232278615236,1.1237759613990783,0.899729831814766,0.4622432117164134,0.2812740912288427,0.9008594599366189,2.140190994907171,6.1245405459404,12.843928266465664,13.664834356307983,10.524751996994018,8.643936977386474,3.049684314727783,0.8830980388447642,0.5564334129542112,0.5011833131313324,0.31948162779211997,1.3479708652198314,3.050962215065956,8.825477674007415,15.285754432678223,15.968185482025145,12.647306499481202,9.028460139036179,4.497835985720157,1.6648762780427933,0.6948630283214152,0.26423764668405053,0.31637991465628146,0.8468700816482306,2.782717107534409,8.265384275913238,13.370439453124998,13.590952513217925,11.430052309036254,8.138004705905914,3.39002483189106,0.9510955240204929,0.35567159446887675,0.3507785277068615,0.3061960548814386,0.5722724894993008,2.4444135871529578,7.663235992193222,14.333360757827759,10.376330878734588,7.830133263766766,5.627946145534516,2.618497779071331,0.5486457512900234,0.3729422223567963,0.4064220254868268,0.2704534492641687,0.39338388286530973,2.35492057800293,7.443692536354064,11.3504816031456,12.018814849853516,12.758390583992005,8.308805636167525,2.743032231926918,0.8416959459707141,0.6959548895340413,0.4051371143758297,0.26741956546902657,0.8592452748864888,1.8567159831523892,6.216574333310127,10.197585810422897,10.527508940696716,10.188564548492431,7.31145953297615,2.0419497883319857,0.4827635525725781,0.668591140806675,0.6232693821191788,0.37343279182910916,0.4319643039628864,1.9780762323201633,5.942397649288178,10.276249044835566,14.587022008895875,15.181276078224181,10.259559154510498,2.3806376355886463,0.6115975905954839,0.3677380135655403,0.2936199283599853,0.20112464820966122,0.6156703907996416,2.40244737893343,6.705142379999161,15.867238426208496,7.2194314432144155,7.108565766811371,6.040071525573731,1.9863064467906952,0.4989032905548811,0.4614788357913494,0.41180812984704973,0.2847446548938751,0.4372627307288348,1.7350441078841687,3.6372725498676295,8.627785205841064,9.098345966339112,8.476874778270721,5.5524205476045605,2.002039192914963,0.9055376374721528,0.47114454776048664,0.6177419399470091,0.34421798532828685,0.39813857521861784,2.373100368976593,5.3574340832233425,10.133865914940834,10.619560503959656,8.698107829093933,6.50960525393486,1.1225775657594204,1.039717797767371,0.5096701316535472,0.4883336685225367,0.3334472310729325,0.3646235416829586,2.823949744403362,5.196725007593632,11.208799347877502,8.988196109533309,10.614140896797178,5.700439833402633,1.140657220929861,0.5711931078508496,0.6550085142627358,0.43065932214260105,0.31683511393144725,0.7777885595709085,1.7070708552002904,6.5600311407446865,7.628954645395278,7.959977271556855,7.186258960776032,5.2160144138336175,1.9388932061195372,0.46158992689102896,0.4600477257370949,0.5063555806875228,0.36578817844390865,0.4979572881758213,2.267714991867542,5.061636546850204,8.303064072132111
195,0.3724181681871414,0.020846514403820036,-0.11152397077530622,-0.015477889776229836,0.06107019446790216,-0.05886934325098987,-0.0728603526949882,-0.07570349574089046,-0.013113585859537102,0.04001399390399454,0.11267725862562653,0.20264066755771637,0.33432066064327953,0.2610148646682501,0.22617340877652176,0.034732218403369194,-0.04321774316951629,-0.05730147035792467,-0.07480265732854599,-0.0775439804133202,-0.058423886090749846,0.046918813280062754,0.27156750693451615,0.508403387926519,0.6437981310486793,0.3467482486367226,0.04790088862180712,0.05592858098447323,-0.0668693714961409,-0.07783330559730525,-0.08734489709138867,-0.08112590432167048,-0.045577642042189816,0.14193911694921552,0.3643600228335708,0.5300006736069917,0.5763134207203985,0.22659315465018154,0.16716613605618477,-0.018019444718956928,-0.03553309093229469,-0.0699101466685533,-0.0814077171683311,-0.08327511221170422,-0.0619936046004295,0.04538567274808885,0.2031079676747322,0.5463735051453114,0.6301168514788151,0.4099828201532364,0.14730243541300297,-0.07083837889134884,-0.04753431228920814,-0.06871573835611339,-0.07830688595771786,-0.08070581585168835,-0.0420975830778479,0.09696285888552666,0.3222642824053764,0.631708118468523,0.33055597797967495,0.3475358444126323,0.037649102807045,-0.03907156164292243,-0.011450048442929956,-0.05799051951616998,-0.0757871706783771,-0.07819235950708385,-0.07340483546257015,-0.0052172722108662,0.08280165199190377,0.2160576822981238,0.35775132302194834,0.09588891766965389,0.05557870879769326,-0.0345345641300082,-0.021584431910887332,-0.06195052925497289,-0.07736293286085125,-0.0784527219831943,-0.040423926408402595,0.09095532590756193,0.17251911473460493,0.47741131875663995,0.4927325092256069,0.3059337416291237,0.06821061804890635,-0.010109560983255491,-0.03302924733608958,-0.05176512159872797,-0.07682226508855815,-0.07891255706548687,-0.062295290157198854,0.10468497403897345,0.2097815507510677,0.5092308137193322,0.38884505664929747,0.1784751324355602,-0.0067355883866548425,-0.012087875543802478,-0.03300205070525405,-0.06568694219924505,-0.07607814712682734,-0.07074714347836557,-0.05616037477389907,0.05935450191609563,0.21106727164238687,0.462334610261023,0.42631452878005804,0.35995561748743055,-0.031094146519899342,-0.03187178824096916,-0.03364407673478123,-0.06368200249969955,-0.07469622075557705,-0.07611726403236385,-0.06380515091121193,-0.002855444420129024,0.1414750670455396,0.22248926635831592,0.5950381406024099,0.3107326917350292,0.17728917703032493,-0.007585356272757041,-0.017687250748276685,-0.062474281340837434,-0.07514318555593485,-0.07720039039850231,-0.0591114358603954,0.037552236802876005,0.09777914298698305,0.33083590168505905,0.2897451427206397,0.1745400492846966,0.09232537485659123,-0.03512209540233015,-0.017311655650846636,-0.057055649235844566,-0.07284267708659169,-0.07686476856470102,-0.05856100562959906,-0.002009789682924748,0.2083729907684028,0.3327271096780896,0.5430329475551844,0.28913098558783534,0.007639489769935634,-0.02690417237579821,-0.03772690499201413,-0.057507776021957356,-0.07173705920024072,-0.07417513142674577,-0.04887740207595923,0.06369411770254374,0.17568749926198507,0.44707326238509265,0.4742359568178653,0.14770052924752236,0.017907211631536513,-0.015012951521202893,-0.03624837443232535,-0.05810995008796449,-0.07490810662508007,-0.07698595792055127,-0.056129443496465634,-0.002168180365115394,0.08718211393803357,0.2321043165400624,0.30625929899513726,0.20831024199724196,-0.008168164715170834,-0.0527061282098293,-0.019193682074546786,-0.059825484901666594,-0.07305246424861248,-0.0738068128924351,-0.05924812356592154,0.009453234063548744,0.1687870889902115,0.37605316257453525,0.3912548302859068,0.2549697384424508,0.04134174391627313,-0.023446385683491812,-0.02252259907545521,-0.06511003762483591,-0.0722112199524417,-0.07378707855823446,-0.046660150540992595,0.025446990355849252,0.10975542787462474,0.3458411313127726,0.256938338521868,0.14326650492846965,0.0009736521542072412,-0.008650719262659538,-0.030423387438058825,-0.06058784881606695,-0.06883034379221495,-0.07098531364928926,-0.05811666421592232,0.030744093265384437,0.15242409266531465,0.2536830224469304,0.25191941393539313,0.1938108419068158,-0.03683327353559434,-0.035569368326105154,-0.02446665398776529,-0.05379114750772711,-0.0687105037783476,-0.06802693440520668,-0.05269154432229696,0.021527508639846933,0.09390797719359396,0.3055098880454898
196,15.083322143554687,29.34515380859375,9.267452287673951,8.667566108703614,76.59373397827149,389.32269287109375,909.0713134765625,603.9946166992188,129.61409454345704,68.64653511047364,28.298194122314452,15.233771896362304,9.977310047149658,13.698022689819336,9.749414262771605,20.275559082031247,64.2724723815918,343.43279541015625,951.8249438476563,513.816513671875,140.7265614318848,76.02160255432128,34.09285182952881,21.885646934509275,18.89830430984497,16.592318334579467,10.485995292663574,16.628094310760495,69.76440780639648,381.7312121582031,1087.2144897460937,606.38990234375,168.42656173706052,69.51998886108399,41.23010192871094,26.056486358642577,20.641775913238526,26.435249919891362,17.924194450378415,19.32457487106323,84.48485229492188,420.8194641113281,1193.1915673828123,559.6250769042969,165.51723205566407,69.32335052490234,31.78484603881836,22.20960174560547,19.18320098876953,23.181708908081056,10.745077896118165,18.891377677917482,79.48276802062989,453.5499322509765,1407.4868115234376,733.7396716308592,168.58763946533205,74.23161781311036,42.00593147277832,22.782981910705566,13.073064002990723,14.624220561981204,9.527219018936156,15.57385831832886,85.08435615539551,449.5341094970703,1490.44814453125,829.0266564941405,210.9745770263672,75.39129791259765,34.04666496276855,20.582298507690428,17.395443058013917,17.28791295051575,11.594952564239502,17.75829496383667,86.8543849182129,521.9983679199219,1566.1464453125002,941.9564562988282,195.5511071777344,77.1691845703125,49.371990814208985,26.299773254394534,23.95903717041016,18.442537479400634,12.777171020507812,27.741049518585204,110.20703170776366,507.45044921874995,1529.783310546875,1083.0243762207033,217.28924621582033,98.83231170654298,45.36103500366211,29.34518726348877,20.840006618499757,20.92650239944458,16.066325216293333,21.49073207855225,103.96993530273437,518.8225341796875,1758.977512207031,1083.672354736328,219.0871936035156,101.19968765258788,48.68552116394043,36.538215675354,24.601198902130125,22.0236395072937,11.383010425567628,21.258150482177733,103.92621047973634,601.2412109375001,1839.9727612304687,1187.5807006835937,251.87606018066407,110.38376037597655,50.25422607421875,35.94890239715576,25.168438606262207,19.635644054412843,13.771220703125,23.51044075012207,104.35509292602539,611.0073840332032,1801.1587548828124,1347.37982421875,284.4528829956055,108.51764305114746,59.60998771667481,29.883510284423828,27.133894844055174,20.834703941345214,17.887890853881835,27.768464927673342,157.05644027709963,743.9554919433593,2065.3913623046874,1689.1257885742186,284.6320736694336,148.03152389526366,67.69746208190918,34.981450119018554,36.63875904083252,34.96589567184448,16.83638088226318,31.60896402359009,161.96805389404295,711.7615942382812,2274.2158251953124,1748.588515625,312.47559509277346,148.2391470336914,72.63284194946289,61.297054977417,43.42884775161743,33.22340906143189,22.54164047241211,31.148282661437985,148.39605895996095,798.5629284667968,2412.56330078125,1941.8045483398437,340.1196722412109,147.1792057800293,58.62208541870118,40.495956878662106,44.76936599731445,35.67610054016114,20.057961559295656,34.31740606307984,172.30430068969727,906.5324291992187,2731.108525390625,2064.8740576171876,440.38019531249995,163.70558959960937,77.63320968627929,49.93342056274413,57.74121524810791,37.32852108001709,23.706681480407717,43.46015029907227,209.4931510925293,908.478465576172,2829.6970947265627,2328.418083496094,507.63183776855476,197.0244093322754,113.81642379760743,83.68748043060302,54.289554061889646,47.86490386962891,32.89135810852051,45.0153111076355,227.26873580932616,981.7056274414062,3122.3803955078124,2549.8927294921878,514.5741430664062,213.32840164184572,98.20846450805664,66.30325134277344,60.18535144805909,46.258628883361816,42.8680862236023,56.38308570861817,231.268145904541,967.8291906738281,3074.443876953125,2897.601142578125,596.3479211425781,200.95207275390626,97.10082916259766,76.03650451660157
197,7.98436541557312,9.588290596008301,9.83551344871521,7.523329019546509,4.786370372772216,1.2340645909309387,0.5249312102794648,0.9718290507793427,0.6840372085571289,3.060027425736189,7.377684599906206,9.880790281295777,10.655111894607545,12.281787843704226,14.779415473937988,10.050946493148803,3.757499227523804,1.3241367006301883,0.6506198853254318,0.594811605811119,0.5189042758941651,2.6101675045490267,6.084992009401321,8.87189815044403,10.450586795806885,13.119480648040772,16.28391799926758,10.175154304504394,4.221398477554321,1.6740285742282865,0.7274927222728731,0.44391661792993553,0.7696679842472076,2.124597109556198,4.43817797422409,8.30086009979248,9.89110929489136,14.760310897827148,14.813212356567382,9.346825828552246,3.985328898429871,1.438849401473999,0.5870866161584853,0.7326586073637008,1.0011106574535371,2.7949753291904926,4.6196539807319645,10.065797138214112,10.272739849090575,13.03952579498291,14.663475036621094,10.136433811187745,4.093992376327515,1.3103833544254304,0.7171971285343169,0.4078921991586686,0.7460708996653557,1.8226788693666456,4.612626866102219,7.279702816009521,10.016835360527038,12.953754529953002,16.278070182800292,9.78605122566223,4.54449868440628,1.797009667158127,0.5049762886762619,0.37634756386280055,1.102561360001564,3.004717206954956,6.316621766090394,9.741868429183961,10.877386569976807,13.933083038330079,16.92783809661865,9.703942031860352,3.4161612701416013,1.4361631453037262,0.6434313678741456,0.419904403090477,0.540513850748539,1.8730135509371757,4.844103984832763,8.007954120635986,10.648981819152834,14.061770973205565,16.08506938934326,9.389423666000365,3.591788129806518,1.43418732047081,0.5228842318058013,0.36826157569885254,0.7340430921316147,2.3326539000868793,3.788716115951538,8.333100566864013,10.816837615966797,12.614971656799318,15.500947113037109,9.063114795684815,3.4444706416130066,1.2213633155822756,0.6598814678192138,0.35418343782424927,0.4844038161635399,1.4897177691757677,3.881961263418197,6.923718252182008,8.113240170478822,11.805623884201049,12.218915214538574,7.173367347717284,2.241130599975586,1.0813604682683944,0.522558262348175,0.24990723490715022,0.5587406736612321,1.2299688647687437,3.1087320864200594,6.550730001926422,9.913551349639892,14.274334735870363,15.357451782226562,8.188657169342042,3.256073184013367,1.1837355566024779,0.5157496833801269,0.31276734113693233,0.5836968564987183,1.8908673802018168,3.5774905705451965,6.179900588989257,8.249797306060792,11.97054582595825,12.929996490478516,7.47783233642578,2.3200684857368468,0.991618584394455,0.42145880579948425,0.42232994616031644,0.36019716039299965,1.2099348080903292,3.902103683948517,6.106710472106934,10.701756076812746,14.885558109283448,14.791765842437744,8.103475942611695,2.5434513688087463,0.8593865144252778,0.3923229461908341,0.2667262589931488,0.37686077564954756,2.0235202807188033,4.027459568977356,9.339015722274782,9.948042736053468,12.6993257522583,15.809229011535644,8.737774000167846,2.4683990144729617,0.8940470838546754,0.36312277138233184,0.3460005398094654,0.5801785677671433,1.6295342618227007,4.4632679247856135,8.640973138809203,10.275262851715087,13.151611671447753,13.81673496246338,7.667384510040283,2.921183466911316,1.1902984738349915,0.6234476107358933,0.24425662934780118,0.4048279222846031,0.9033435320854186,3.114626526236534,7.219544897079468,9.990368843078613,12.139415702819823,13.762268524169922,5.913497591018677,1.5977726435661317,0.7543047058582306,0.3532779687643052,0.267584558725357,0.2688833320140838,1.3687239679694176,3.8980240368843075,7.180008707046508,10.907866706848145,15.859987659454347,14.390518417358397,6.572388162612915,2.0490952205657953,0.6385151934623718,0.3503360760211945,0.2615283700823784,0.34250152021646496,1.2425666186213493,3.595544033944607,8.230884552001953,10.408202962875365,14.2924698638916,13.817151165008545,6.1031795644760125,1.7767883825302124,0.6749231100082398,0.39563491702079767,0.24480197966098785,0.3940866461396217,1.2307392160594464,4.360381025969983,7.762392927408217
198,0.009878618325456,0.007782417532871419,0.00914037564652968,0.3986912965774536,0.6622173130512238,0.26561133563518524,0.08766939043998714,0.02454495206475252,0.0075644589029252,0.01680046152323478,0.0505866071674972,0.026956022856757002,0.009913701411642205,0.011517568199633335,0.06724148339057134,0.5002731162309647,0.510956601202488,0.14775261655449862,0.07082409769296642,0.034254659079015204,0.012840910544618922,0.06209447692148382,0.08663972217589613,0.026273185051977593,0.00403243543999446,0.0029335849189646565,0.030412939110656186,0.4440449239313603,0.3992241734266281,0.20670733928680418,0.07531690377742048,0.021680027320980972,0.01215498121455307,0.03248412728775288,0.033410255116759754,0.013542511756531844,0.008458086807295281,0.005157952922781943,0.04347933358607402,0.6145271763205528,0.49997641324996944,0.20849219240248199,0.0736162051558494,0.06099763644859191,0.01970156059600408,0.05830679640639569,0.07688306880183512,0.03674624323728489,0.010676665762221052,0.009914199184604473,0.03991305354484207,0.6895695886015892,0.5211531913280487,0.18564696591347452,0.07882448634132738,0.03104848952963944,0.008047601310536223,0.037465695864520934,0.08595682915765789,0.016915262979455246,0.010652159880555656,0.01130444080976298,0.039305122571240594,0.6178094509243965,0.5607098838686944,0.23805452730506657,0.08241067331284281,0.04176186343654986,0.011759203635156121,0.05072288084775205,0.0759893561340868,0.029443642972037155,0.014240373111679172,0.009560010927671057,0.06722229500766838,0.5000410026311874,0.5237482953071594,0.2762474988400936,0.11288044366985554,0.03973666962236161,0.008464025408029516,0.03996417800895866,0.09292966766282912,0.02517805358394975,0.013886201501954885,0.021614851516242158,0.07934046365004174,0.53301254093647,0.43574375897645945,0.15643611477687952,0.05303816955536601,0.03554258219897742,0.012563750436529469,0.0682636494748294,0.057421226301230435,0.021012546145357136,0.015398461935692432,0.015485928177658875,0.16291900636395434,0.6371301579475402,0.43057566270232195,0.1938442031294107,0.08248025622218842,0.017249211519956547,0.008179401149973215,0.037522087946999766,0.055583122745156255,0.026214357893913926,0.010803811651348912,0.013755105958334712,0.11329841200622463,0.47885676041245456,0.2543195431679487,0.13419933417811986,0.040005315225571346,0.01023105164989824,0.007931616986170365,0.02637621288420628,0.036971587213920375,0.021338376433122853,0.015819539932817806,0.02217176626785654,0.1367645466374233,0.5851924148201942,0.4009759339690208,0.17810465998947617,0.08388890862464901,0.015586517173796837,0.006082159844227076,0.04219658357556904,0.07605329054873433,0.033219830379821305,0.016624975470040174,0.03313861809445366,0.13399702290538693,0.4266570660471916,0.3072903057932853,0.15782352462410926,0.0652093586698174,0.02664811814203853,0.008702963916584792,0.029803340495564,0.06574562612920994,0.032504553208127576,0.026135481715900764,0.03789193423115644,0.14915409732144325,0.5228936299681664,0.3765608508884907,0.19588003654032943,0.06477320710197086,0.014419706091284701,0.007733507724478795,0.06717759762890632,0.06312443288043137,0.053620499498210794,0.028745909084864203,0.04946036169108989,0.2254861404863186,0.7491015535593032,0.35143570512533195,0.15873889848589892,0.043973203841596795,0.013972124103456704,0.011218473459593913,0.052856585895642585,0.08956162155605848,0.05529357618652281,0.019137652264907906,0.050866256939170816,0.19617052080575373,0.4869835463166237,0.4217354717850685,0.18173795443028207,0.06934966295957559,0.02183394003659481,0.01114093246869738,0.023896783699747126,0.04646295655518765,0.032348265228792986,0.040147927030338856,0.07184186284139282,0.25559451526030896,0.42871991872787485,0.3058038840442896,0.12931717704981563,0.034676005784422106,0.012914656139910172,0.007147330874577121,0.043146405959268976,0.08545533666387196,0.06559584049507972,0.036987521122209696,0.0938147859164746,0.31656183721963316,0.7109228643774987,0.41611990898847584,0.1413595255091786,0.03710934452712531,0.010679440144449423,0.005693055372685147,0.028104122839868025,0.08274469790514553,0.06037204600870605,0.05637220181524749,0.12275958740152415,0.34734509881585834,0.47621121615171436,0.3176212713122368,0.15899098530411718,0.032196357157081315,0.013305526562035045,0.007872082530520805,0.073279488151893,0.17780993323773142,0.12034385284641753
199,40.6721248626709,27.430121612548827,36.04901523590088,28.68999900817871,18.049436473846434,19.20836172103882,15.221397113800048,6.33871021270752,11.03382568359375,15.269674444198609,35.007320404052734,42.54560251235962,40.17155364990234,35.149915351867676,42.51432785034179,29.428709411621092,18.145196762084957,17.64659628868103,15.379528756141662,12.742766003608704,14.318741545677184,19.015905895233153,26.945609359741205,37.038264236450196,33.157002143859856,37.036473522186284,41.25340435028075,30.654748611450195,18.32428947448731,17.743619756698607,14.20518364906311,11.120435175895693,13.93209794998169,15.536232709884644,23.485541419982912,32.81089645385742,31.94692991256714,35.5973176574707,44.235790481567385,39.20513698577881,23.090730628967286,14.763901882171632,10.861927132606505,10.139875094890595,10.632999804019928,15.463612031936643,22.466531896591185,29.18031551361084,35.88295600891113,39.20479866027832,44.717269821166994,34.43897087097168,19.89840414047241,15.710842475891113,11.74676624774933,10.296889171600343,9.14198603630066,15.711160879135132,21.921178073883056,31.282663974761967,38.386233749389646,37.93582565307618,41.503031158447264,29.255151786804202,18.772208499908448,16.437437610626223,12.317250843048097,10.120803344249726,9.022767803668975,11.925760514140128,21.16469503879547,30.339451694488524,34.98051101684571,38.08428192138672,41.74420593261719,29.05823974609375,18.452446861267088,14.80282257080078,10.778136386871337,8.347469573020934,11.617008475065232,14.358715195655824,21.87103691101074,32.45674751281738,37.10636642456055,39.94188083648682,43.152653465270994,33.30423530578613,19.94809497833252,17.504252166748046,10.567097768783569,10.07613423347473,12.073030390739442,16.659708232879638,25.788650360107425,35.32833026885986,38.168159866333006,42.03150588989257,46.260029296875004,35.628089675903325,19.259061756134034,16.389134683609008,10.876016983985902,9.50987248659134,6.952860426902771,12.714120308086276,26.004989519119267,32.91003650665283,38.369742736816406,37.21552471160889,44.17028022766113,29.12451774597168,19.163909244537354,12.069974613189697,10.711938505172728,7.811682505607605,7.849181866049767,10.31908199250698,21.187023010253903,35.65897716522217,37.288001213073734,40.00325431823731,39.71098518371582,28.020747089385985,15.986954746246337,11.736256771087648,6.205172729492188,5.164850060939789,5.3986898303031925,10.490742566585542,18.405996870994567,29.341039371490474,36.57762699127197,42.10370086669922,43.63523899078369,33.60248008728027,18.1304447555542,11.376530799865723,7.5432901954650875,6.28676164150238,6.461942071914673,9.228852885961533,18.316089773178103,31.12666234970093,37.65741184234619,39.52434158325195,44.814419479370116,30.11432441711426,13.60957244873047,8.964468851089478,7.118319702148438,6.5311035990715025,7.579988808631898,8.81618997335434,20.05670078277588,30.93043891906738,34.52501445770263,37.868986206054686,40.971478347778316,29.448172340393068,17.43942880630493,14.38773446083069,8.51480742931366,5.927084136009216,5.472014403939246,7.4849418693780905,15.209691309928894,30.836246643066403,37.70898448944092,46.03656837463379,47.80215660095215,35.90012565612793,17.05863387107849,8.163637080192567,5.077903256416321,5.438453034162521,6.842942703813316,9.59739373803139,16.29702836632729,26.046705732345583,42.61184867858887,41.59091293334961,43.15520812988281,27.531890411376953,16.266886692047116,9.625388154983522,6.682837495803833,5.288595563173294,4.799407188147306,9.382719067335128,18.173432250022888,30.82227245330811,38.870986328125,44.569083099365244,46.56492225646973,28.808083324432367,13.479431314468382,11.223435811996461,5.082503788471222,3.9552046215534213,5.193011820316316,7.515307274758816,16.532398290634156,29.62117805480957,35.12507495880127,40.399386405944824,42.16022735595703,34.67404697418213,17.057498092651365,8.648875951766968,5.393775005340577,4.397240146398544,4.857078973650933,9.353670194931327,17.783834867477417,30.025772209167478
200,50.974388885498044,38.4296257019043,26.29234733581543,20.767161178588868,4.372641468048096,-1.7853251814842224,2.657071328163147,0.7711451530456543,4.425776648521423,28.39448289871216,50.31242065429687,50.877647399902344,62.515545768737795,46.61956588745117,39.09507221221924,24.930817642211913,8.660900645256044,4.1937701964378356,4.448850362300872,2.198515845537186,11.503552634716035,29.706928968429565,45.42548046112061,51.584434204101555,50.60810298919678,45.99901802062989,36.976440811157225,24.45654502868652,10.238114035129545,3.9965480017662047,3.1146101331710816,3.012491943836212,8.920064916610718,24.199289264678953,43.24052612304688,46.74482147216797,47.151554870605466,46.77749141693115,39.79847026824952,26.634680252075192,9.293230209350586,3.313771872520447,-0.07341855287551877,2.0686149501800535,8.611655399799346,22.380966038703917,41.95493754386902,49.84238548278809,49.372318267822266,42.70925735473632,41.86786170959473,25.72004169464111,11.30201417326927,3.1878720855712888,1.5290519070625304,1.3809769284725193,7.305889387130738,25.443093146085737,40.041570854187015,51.67326179504395,61.1094026184082,49.312883377075195,45.762685546875005,29.37956569671631,10.834694852828978,3.041207432746887,4.134735718965531,2.3441914105415345,5.142610301971436,21.84745055317879,44.85946681976318,54.74095062255859,58.51626388549805,57.40452713012695,47.790870666503906,28.308038749694827,10.510975530147553,4.900240457057953,0.846038556098938,0.9225253283977505,6.95245878815651,26.081530236005783,43.72376625061035,51.967864456176756,55.683031463623045,48.31198085784912,43.799528732299805,26.30782512664795,8.981393747329712,2.1283900880813595,1.0435335075855257,0.3057851505279543,7.083264111280442,24.027027750015257,41.521277313232424,46.22515289306641,53.93067485809327,52.07812683105469,48.50166542053223,31.021171607971194,10.825790295600891,2.148694121837616,-1.2300769233703615,-0.7100647008419039,6.45665809392929,24.81086619019508,46.430999479293824,51.04437858581543,62.86810104370117,49.29537544250488,45.81962829589844,29.186245441436768,11.783487545251848,2.1180492913722992,-0.472198703289032,1.3058341377973557,5.813242731094361,23.961433429718017,41.74283168792725,53.1919059753418,62.6189549255371,52.52147972106934,41.35306053161621,24.41740242004395,9.330686650276183,0.7281197905540466,-1.5315387415885926,-2.2641011953353885,1.0051077884435655,20.068659677505494,48.96587257385254,62.08690246582031,69.84659408569335,55.71979965209962,44.58253898620605,30.590089473724362,9.503626980781556,1.723286703824997,-1.1288558340072632,-0.7574295210838315,3.275492286682129,21.673000910282134,44.13505981445313,63.124525413513176,56.2738087463379,47.83087547302246,44.254226760864256,30.168754158020022,10.300313906669619,1.1596467256546021,-1.8482490539550782,-2.7257369017601016,1.5082599794864655,11.788366475105287,37.588459815979,51.16317714691162,68.66803298950194,56.970557403564456,49.900192413330075,33.93578971862793,15.068769726753235,3.369338059425354,-0.95013500392437,0.4474844145774841,5.1034791374206545,18.034807415008544,49.55259811401366,65.76507598876952,64.64260089874269,58.8338729095459,52.98840305328368,34.90446193695068,11.580424236059189,2.332734637260437,-0.7196409058570862,-2.0758116245269775,1.676815152168274,17.65167912483215,38.909861412048336,49.560066528320306,60.7968862915039,59.687624053955076,50.85847053527832,33.1511264038086,9.883314757347108,2.049771842956543,-2.031242594718933,-2.3480808925628662,3.273384084701538,17.20859210014343,42.77667526245118,54.49508972167969,72.04741806030273,58.407456893920894,52.68336318969726,35.68456687927246,11.899097189903259,0.9329066133499143,-1.1339421796798708,-1.941556885242462,3.2730582118034364,22.02018246650696,48.51482482910156,67.71136260986327,77.99073394775391,67.21334381103516,51.39307853698731,32.70095275878906,10.927175750732422,1.5717206835746764,-1.7200773096084596,-2.7450685441493987,1.9938905191421508,18.71869188308716,45.27471025466919,61.55051578521729
201,52.003191757202146,36.82797994613647,12.207756996154785,4.574943822622299,5.898477983474732,1.6059743881225585,0.031129121407866465,0.22481289803981777,0.7919373966753482,12.098207545280456,46.283056640625,54.65222015380859,43.06549286842346,39.73816308021545,16.59157645583153,12.100643756985665,3.0476740324497227,0.668459142819047,0.01929359167814255,0.11292892247438431,0.4027358844876289,3.3784736323356626,19.76116231262684,38.66510454177857,35.38888041496277,26.904450702667237,22.257522301673887,14.687099827528002,3.3895640225708483,0.325583011880517,-0.09989979684352875,0.04960758894681932,0.7956658449396492,7.32323011074215,19.760288460254667,41.08709991455079,38.95530507087707,30.975872297286987,20.12350196838379,10.017047421336175,3.0287082182616,0.5469698388129471,-0.030965572968125337,0.1094758326560259,0.6671372444927692,6.7607029837369925,13.869706357717513,30.30737250328064,41.94815328598022,41.48322021484375,32.277577590942386,10.889024282693864,2.0120131324231623,-0.07304768532514573,-0.12040173292160035,0.02672750048339368,0.3266644512861967,5.935807980597019,16.936728897690777,30.83030875205994,21.87522409915924,24.300932736396796,12.192617450356483,4.804820502996445,2.4987086549401285,0.6158502050116658,0.2970094167068601,0.3303363024443388,0.3603626964241266,2.7437543487548828,7.965505542755127,17.664442648887636,28.46266050338745,19.737669847011567,15.31758954524994,8.53408937215805,1.949285243153572,0.3315268117189407,0.2338576507568359,0.33824495173990726,0.8341168668866157,4.6187299359589815,16.37850503757596,30.451703815460206,39.07214845657349,28.293907117843627,11.600224645137786,6.84863700479269,2.6423448127508165,0.37098290387541055,0.13854679837822917,0.21586055450141428,0.34809757202863695,3.934938131570816,15.134737553596494,27.736163320541387,30.15760976791382,27.8640234375,12.722681605517867,7.922835612893105,2.214812459945679,0.307664210870862,0.18438106745481492,0.26583969965577126,0.4093384832143784,2.171900936923921,11.92433875285089,28.512380771636963,29.174323911666868,36.60905016422272,16.4808106097579,5.018823338001967,1.6980048217624426,0.4060417542606592,0.24617135308682916,0.2837385609000921,0.4831121471524239,2.042787332236767,11.098077055215835,26.320538535118107,49.60675499916076,41.23822984695435,15.064773619174957,4.347618899345397,1.1878957825899126,0.4474256443977356,0.14936505377292636,0.22019423794001342,0.2637221290171146,2.73976526401937,6.55504235610366,25.53092228472233,30.65700723171234,23.948180418014527,12.028240144997834,6.92462579548359,2.3371751499176026,0.6426170837879182,0.2994810205698013,0.336506130695343,0.3071584190428257,2.000807437449694,8.514373762607574,16.8713102388382,36.14854566574097,33.80747797012329,17.445032671689987,6.431243981122971,1.2771184185892344,0.12044476121664045,0.24136277019977573,0.29272780478000643,0.6540172371268272,4.448885366991162,11.911209206581116,26.712623596191406,28.867515754699706,24.116574275493623,9.919445130825043,4.194151152372361,2.0422679555416106,0.37651694238185884,0.3124390456825495,0.35568399630486963,0.6472280773520469,2.5784044250100853,5.065579197853803,15.658531656265257,25.491865299344063,32.376817550659176,15.299567326307297,5.644957167468965,1.2362915247678756,0.6061439049243926,0.33506008826196193,0.36569063156843185,0.5845695614814759,1.7775858536362648,5.293398159742355,12.17103199005127,20.861725596785544,24.69486876487732,11.452495414018632,4.726787961721421,0.905630364716053,0.3712903523445129,0.32837216190993784,0.36213854990899563,0.321288142055273,2.1446979169547555,8.255675013661385,18.77672945141792,26.97597464248538,18.783456480503084,8.836136380732059,2.29378262758255,0.6048136238753796,0.3837287020683289,0.41475894212722775,0.42658119738101963,0.4036793747544289,1.8606984320282933,7.142126194536685,19.11890691265464,17.563460268974303,26.409542217254636,9.863320377469062,5.109203068912029,1.6846873945742846,0.3299503302574158,0.3990195399522781,0.43523204684257505,0.3220873269438743,1.266372956112027,5.381421839892864,14.581559078693392
202,28.495755767822267,23.850886154174805,23.671628570556642,18.050519371032713,13.546298170089722,12.698576545715332,5.771614491939545,1.7051994800567627,5.3457824230194095,16.75908851623535,35.51217422485352,35.977956771850586,35.43234916687012,33.26464736938477,25.80843780517578,15.66013509750366,12.849080429077148,6.995833077430726,3.424593231678009,3.6839832091331486,6.954460341930388,12.561683375835418,21.833576679229736,27.76451675415039,30.939475803375245,29.55595417022705,26.099740295410157,20.587579116821292,13.633496055603027,7.4517688560485835,4.151383731365204,1.8373211884498595,4.213198047876358,11.209165625572204,20.16671084403992,30.628442039489745,28.17982894897461,28.21529930114746,26.231067810058597,21.836741542816164,14.100106582641605,6.35535768032074,3.227913825511932,2.936072655916214,3.723257014155388,10.946858558654785,20.489620361328125,25.411375045776367,29.59256397247314,29.211870346069333,27.658181381225585,21.169540042877195,11.233835330009459,6.55857301235199,2.5316484689712526,2.5782728111743927,5.5311457490921025,14.36208043396473,22.233742847442628,25.488920803070066,30.433167266845704,27.967912597656255,22.75958703994751,14.94177864074707,12.685406484603883,6.478088307380676,2.413772325515747,1.8938225817680359,3.9398663347959513,10.875327221155167,19.177362670898436,23.274144515991207,25.759112472534177,25.860738563537602,22.22199359893799,17.083279676437378,10.686229619979859,4.813370103836059,2.1351105904579164,2.0648716223239902,4.855274195671082,13.057881450653076,19.23274103164673,26.868169136047367,27.673407936096197,29.303916530609133,22.80166347503662,17.4882532119751,10.716654596328734,4.887339630126954,2.6105434799194334,1.8355409216880798,5.172487602233886,11.203603010177611,21.140435957908633,24.865695037841796,29.51538829803467,29.872447662353515,27.537263641357423,19.71731855392456,10.629374456405639,4.830456448793411,2.632881113290787,1.5568668842315674,2.827999515533447,10.58631549835205,20.287158279418946,26.022376747131354,29.43959354400635,29.74978832244873,26.29739646911621,15.62168918609619,13.02714108467102,4.91895854473114,2.8579582071304324,2.358580293655396,3.575963883399963,10.896022620201112,21.015133113861083,25.996649513244627,31.727404136657718,28.566316299438473,21.963787212371827,12.118895969390868,8.169771893024445,4.4663652896881105,1.9390687561035158,1.1537156593799591,2.9051469177007676,10.717877058982847,17.40843825340271,25.581322002410893,28.670065269470218,28.622223815917966,21.61909673690796,20.579271850585933,12.157311801910401,4.0960181617736815,2.2038088524341584,1.4361891520023344,2.5696077823638914,8.705646243095398,18.510165972709657,24.161208209991454,28.506333808898926,28.937966518402096,25.591697502136228,18.168549156188966,8.843383016586305,3.0564587759971618,2.1396289443969727,1.2279454499483107,2.5592609500885013,8.523611741065979,20.115467472076414,24.64681735992432,27.228409481048583,27.4874059677124,20.441431655883786,15.98138105392456,11.397681007385254,4.747030260562896,2.4729986572265625,1.291716935634613,2.8956382763385773,5.3418968420103194,13.816875467300415,24.35127685546875,29.433104953765866,33.86372142791748,28.258678817749022,19.68741991996765,8.591334352493286,3.68542799949646,1.6876294255256652,1.591010352373123,3.0253756189346315,10.492925122380257,17.88703454494476,22.345277519226077,30.246772041320803,27.66034896850586,25.12966289520264,15.27696057319641,6.953051824569703,2.67089339017868,1.9846030795574188,1.0890688747167587,2.126098173558712,8.555182495117187,18.43645690917969,23.002144927978513,28.316317863464356,27.884171600341794,22.648896942138673,14.709150772094725,6.405723731517791,3.355074537992477,1.0985371971130369,0.824546526670456,1.6923544678092004,7.2837331366539,14.876766347885132,21.700638370513918,26.295238723754885,27.941240768432614,20.067888298034667,18.19216510772705,8.635672702789307,3.0151657891273502,1.125432666540146,0.8552248644828795,2.148851981163025,6.918133979141713,14.618586382865905,21.398968429565432
203,369.0566833496094,331.7040649414063,256.7945190429688,190.28065795898436,81.38500518798828,63.52127799987793,38.17973308563232,7.108850002288818,16.204104900360107,95.35403671264649,286.85633239746096,403.50647888183596,454.9367077636718,387.0676013183594,305.7249688720703,188.18420043945312,100.76057205200195,55.67816187858582,28.068768167495726,19.14666171073914,44.44380715847016,101.68262489318847,217.3654357910156,353.3401135253906,374.7642883300781,367.1685247802734,304.2630895996093,214.84509857177733,110.75809951782226,60.88342079162597,27.80714293718338,10.09288790345192,22.08046751022339,73.61638345718384,169.16566787719725,313.74283325195313,345.3210302734375,359.023901977539,310.14022338867187,228.06747619628905,118.147657623291,45.54739879608154,15.583193557262419,13.701427073478698,22.58440660119057,68.37976861000061,166.6882231903076,288.298274230957,381.2422479248047,343.0260583496094,296.3122351074219,212.6979977416992,105.5164513397217,58.16903415679932,19.642573599815368,17.731051797866822,29.6245081615448,105.61972774505617,177.0007568359375,300.7819982910156,418.9799938964844,361.9508306884765,294.9241632080078,181.64765899658204,90.63387519836427,40.80383355140687,15.338756250143053,10.2201126909256,28.855371580123897,70.42490251541139,187.72833740234375,309.1231869506836,394.3163018798828,370.9277734375,303.76577331542967,194.98195388793943,86.79302688598632,38.12259727239608,12.08755473136902,7.290222015380858,22.522874548435208,67.30883110046388,167.79710906982422,325.2114895629883,382.5228369140625,376.09297058105466,301.20287628173827,200.23038208007816,97.84586875915528,38.09944224357606,17.34472030162811,8.686864342689514,24.61822854042053,73.67967252731323,180.19730224609373,294.5591184997558,400.89098754882815,393.6933642578125,346.54253051757814,225.56232574462888,104.132387008667,45.476819047927854,17.315106329917906,6.178973600864412,11.405066702365875,66.47872570037842,184.47894287109375,296.0131353759765,393.2279541015625,369.3637316894531,331.67078918457025,191.08498657226565,100.23071201324464,35.31710275173187,15.381639231443405,10.789968423843384,14.968457667827607,63.447618112564086,177.4555618286133,317.40311676025397,413.50941223144537,383.4202386474609,290.1498956298828,166.02794372558597,75.54145294189455,25.77777222633362,2.602663373947143,-1.6597681999206544,8.90152104258537,61.571454772949224,166.28163909912107,315.5163610839844,417.5481604003906,395.64090698242194,319.0549353027344,226.4646539306641,102.74658576965332,32.78852151870727,10.89466037273407,2.269623508453369,5.659982709884643,58.36638106226921,145.36715373992917,301.4735723876953,394.40153228759766,350.0249987792969,320.6181884765625,224.90835052490235,95.2455751800537,25.53737044811249,9.830578833818436,1.7282668495178222,7.942250857353211,51.7627723121643,165.5826107788086,298.80840393066404,400.40143432617185,388.35496826171874,302.22161987304685,205.2611477661133,109.4980034637451,40.031341063976285,12.077371685504913,8.80777395248413,15.97480191707611,39.47691291332245,145.31452407836915,309.95174682617187,401.3758209228516,423.81464416503906,369.71321533203127,227.20223999023438,87.89543485164643,24.537595796585084,6.19834048986435,5.951559308767318,10.655695080757141,61.71655469894408,157.78689193725586,267.085489654541,411.38359252929683,400.02935546875,335.8811968994141,202.4056378173828,72.89701080322266,19.59247575044632,5.253293566703796,-3.8419902467727667,3.979727928638458,48.22461362838745,159.45044258117676,281.0272491455079,429.41877960205085,397.6326196289063,337.3883282470703,204.36629928588866,72.33193481445313,26.914001321792604,3.9335148024559023,-1.442083644866943,10.592426028251648,54.70899509429931,158.56226272583007,316.8320611572266,428.1656628417968,400.68776428222657,310.6974578857422,217.0077667236328,91.04906089782716,26.782936382293702,3.602241652011871,-3.4979124331474303,2.758948801755905,39.9632298374176,144.5425811767578,292.9111598205567
204,208.29978942871094,163.32630767822266,135.12048950195313,102.51414489746094,38.426398849487306,15.858258152008057,11.33078899383545,18.685610628128053,41.810133361816405,105.99175643920898,133.62972106933594,168.25181274414064,200.56537170410155,157.62961364746093,148.88450927734374,99.15549690246583,49.61527570724488,22.946510972976686,12.393867688179016,14.894512226581572,37.44908535003662,80.36049270629883,135.8543408203125,173.6811065673828,193.7107385253906,174.78811889648438,152.2411633300781,99.79758407592774,48.68743743896484,23.74444401741028,11.374484639167786,16.359142510890962,35.011312637329105,80.0988109588623,136.2894937133789,167.42806213378907,171.07745666503905,161.03699279785155,138.1314678955078,100.04295532226563,47.39866008758545,23.546493740081786,11.37070813536644,20.14637116253376,37.07651512145996,86.88267181396483,155.44544525146483,174.0298159790039,181.01160736083983,136.47196868896486,130.18081192016604,93.63434692382812,49.84113788604736,26.793718724846837,13.45056156516075,16.994498205184936,35.81760753631592,80.8423208618164,133.7298599243164,163.42004974365233,198.77845184326173,166.1479800415039,151.6028237915039,104.49535827636718,48.23983032226563,19.214759846925737,10.094624104499816,13.105135490894316,31.043336441516875,89.03300125122071,151.524267578125,181.6386602783203,189.97982849121095,168.89321670532226,146.3015788269043,99.10100158691407,49.95160457611083,25.150804443359373,8.102672868967057,14.68108772277832,34.04140112876892,87.04084842681884,130.3180696105957,167.85788269042968,197.0964822387695,169.45643676757814,145.27871063232422,85.80262435913087,42.98615894317627,19.766858892440794,9.424430299401282,12.750540931224824,35.488298351764676,77.29966392517089,132.81573608398438,169.66008026123046,189.97301712036133,179.04541564941405,147.17872863769531,101.53521835327147,47.53154457092285,21.319811697006223,7.2378456556797035,9.93350611396134,32.723525962829584,80.72183219909668,149.59802215576173,166.91585235595704,198.10739868164063,180.32147857666016,152.91251037597655,99.22948974609376,49.6153821182251,17.607009499073026,6.739774515628815,12.066891902685168,31.81895815849304,82.88094577789306,160.5659606933594,190.0691473388672,211.19541931152344,179.8301565551758,143.57100341796877,83.13608673095703,41.226998577117925,14.869553225040438,4.736142196059227,8.628148649334907,24.568790459632872,75.69722557067871,146.57452423095702,182.8982376098633,237.22212310791014,192.63953704833983,147.73840881347658,105.98231887817383,49.31238769531251,20.19195210456848,5.245595445632935,7.581510455608369,23.300442810058595,81.64731986999512,139.6208526611328,197.34865966796875,201.39700866699218,159.78449951171874,139.93368560791015,102.35917816162109,51.090414657592774,18.095545330047607,2.487203740477562,8.250025976896286,24.164859924316403,71.216655960083,146.85212631225585,169.00057037353517,209.7213705444336,185.73682983398436,154.6033871459961,96.831609954834,50.55110218048095,18.90339541912079,5.85339015096426,9.874339447021486,23.12214252233505,76.44753280639648,166.90547088623046,193.23175537109375,206.13819824218749,201.6741830444336,173.5341729736328,110.58973556518553,51.546596965789796,20.49394805163145,7.690845415592193,7.89151520729065,22.035135700702664,74.48604537963868,138.12591735839842,162.97742553710935,210.8347180175781,199.03070922851566,167.7971258544922,110.78392303466796,43.80745464324951,17.197479319572448,3.8755017513036725,3.9982359373569496,20.249874920845034,69.98342441558837,147.1138945007324,169.41410125732423,232.93202453613281,179.9108120727539,170.32937744140625,109.11580001831055,49.595477905273434,16.352305274009705,4.746136374473572,9.958607096672058,25.791551747322085,73.89336509704589,150.53014587402345,208.94934478759765,240.42243103027346,203.95656494140627,163.3074084472656,101.27682693481445,42.455906810760496,19.35655668258667,5.119502966403961,6.906062985062599,23.477313809394836,75.87909950256349,151.49861221313478,193.87134552001953
205,11.82973518371582,-4.570594692230225,0.8695518493652343,90.53950407505036,83.85765838623047,-18.688091468811034,-33.952111053466794,-31.7837776184082,-11.819683063030244,36.219738733768466,62.91819405555725,17.700301933288575,1.9854040193557736,-3.3551521778106688,4.958106203079224,96.17449625492095,132.5823543548584,12.485706477165222,-23.94135511636734,-24.045288791656496,-11.24483926296234,20.199024181365967,56.70524416923523,25.995959281921387,13.677037200927733,-5.95316499710083,11.746134200096131,109.48731882095335,124.23219482421875,3.184125361442567,-25.903010349273682,-22.477563199996947,-1.3093452835083004,42.0612764453888,87.07999935150147,48.55488531112671,7.44828462600708,-8.13602797985077,-3.752457449436187,89.91814879894257,121.13023830413817,2.8513578748703003,-26.22158591508865,-27.823996009826658,-13.194913415908815,21.242066642045977,68.88641616821289,48.91971071839332,10.547081823349,-8.091141176223754,0.34473051071166977,67.52637810707093,99.44432579040526,3.819624625444412,-24.657762527465824,-26.421838626861575,-9.36810741186142,18.655160453319553,53.9812043762207,65.53053489685058,38.7213577079773,9.370963950157165,37.831842160224916,122.20608502626419,101.77413597106934,-8.020730438232423,-33.43694282531738,-30.016444034576416,-13.98926396369934,21.24112142562866,64.7745822620392,80.19894595742224,30.40275454282761,2.0518864727020265,11.114747531414032,97.1631739807129,65.21779376029968,-8.074851658344269,-28.88578562259674,-22.266424219608304,-8.41725775718689,23.58222675561905,50.240339765548704,48.26582802772522,32.5255760383606,21.14887741804123,26.011015214920043,79.49011041641236,68.66761775493622,-4.538417201042176,-26.717235374450684,-25.949464416503908,-12.161536960601806,27.42146153450012,71.09692371368409,62.80760777950286,51.79125334978104,27.582466335296637,26.132537631988527,90.30228988647461,62.47144626617431,-14.85315945148468,-34.56656211853027,-34.854133605957024,-20.516747908592226,7.504696989059449,55.98788276910782,69.23141874313355,54.65600400924683,27.407979583740236,42.01895230054855,97.95256057739257,68.7696883392334,-11.873625421524048,-30.62361128807068,-29.776235008239745,-14.321611375808715,16.55444640159607,71.60101518630981,65.71478229522705,88.26388454437256,30.29683441162109,41.11867431640625,100.50474212646485,59.121318340301514,-16.811830348968506,-36.07232551574707,-36.798542747497564,-23.266609905958173,20.66133945941925,89.82021396636964,130.46097057700155,89.38722875595093,47.172736711502075,46.10314860343933,119.63320442199708,53.635472602844246,-18.29278497695923,-37.02703491210938,-32.18894515991211,-20.738205003738404,17.091940970420836,77.57261867523194,115.98419958114626,70.71959061384203,45.62182637691498,43.69737991809845,101.86555206298829,44.10292191982269,-20.871102256774904,-39.37753700256347,-35.818346099853514,-24.1092102432251,1.9784121751785282,55.054179368019106,91.47512468457224,83.88939801692963,62.89074635148047,72.59384643554688,132.3876025867462,61.964875888824466,-16.462313265800475,-35.35272113084793,-32.365584735870364,-20.300832018852233,13.35624942779541,85.4433047580719,109.91447988510131,116.82183124542237,73.2749087691307,74.22137538313865,105.27792572021485,38.69218115806579,-22.408717551231383,-32.405576362609864,-34.104226841926575,-23.33913670539856,19.428627672195432,91.01847792625426,134.76296028137207,119.8316898536682,121.81599239349366,97.27631872177123,122.49936218261719,36.93564912319183,-26.815554008483883,-44.72553302764892,-41.84309265136719,-29.311341495513922,5.94590633392334,82.71056608200074,124.5304460144043,132.45674839019776,73.48532230377198,94.63429577827453,125.70710090637208,46.41175234794616,-28.748392963409422,-42.4349040222168,-36.433936309814456,-22.84060434341431,23.296208558082576,103.91568885803221,143.3343793106079,167.19805941581726,100.44151020050049,86.90507339477537,107.25763557434081,46.97583536148071,-24.472554366588593,-44.32873565673829,-38.41364402770996,-22.920035471916197,14.060620329380034,93.75638545989992,158.63506912231443
206,12.040579795837402,11.668244314193725,15.974304962158204,13.86091480255127,15.645866203308106,9.694501876831055,3.441972029209137,3.03413987159729,6.670265865325928,11.083213424682617,11.789374113082886,12.270897936820983,10.535291466712952,13.153914203643799,10.87562720298767,13.663044128417969,14.007113533020021,9.24300090789795,6.144076676368714,4.739529416561126,8.93617299079895,14.488461818695068,12.848930292129518,11.590662651062013,11.835948065519332,12.396886596679687,12.066933083534241,11.78648633003235,12.428409080505372,9.010667276382446,5.204591131210327,4.378584141731262,9.231894903182983,12.446446571350098,12.818206005096433,12.411271505355836,13.663588228225706,13.191166572570802,11.607980246543885,12.094086408615112,14.110593299865723,9.936633358001709,5.678135824203492,4.298587546348571,9.644304704666137,14.752518310546872,14.827964420318603,13.629880151748656,13.5463315820694,14.368235301971435,11.427436084747313,12.513774433135985,13.231091136932372,7.161127414703368,4.044534788131714,3.634351444244385,8.958699312210083,14.764673519134522,15.923508911132814,14.144448909759522,15.734942131042482,16.06116304397583,14.203803176879882,14.495215663909914,13.970334186553956,8.61247899055481,4.539569950103759,3.843603510856629,8.709272146224976,14.143168764114382,14.861451930999754,13.658581485748291,15.053539772033693,13.933323974609374,12.936420068740844,14.835850372314457,15.770570449829103,8.671849994659425,4.266705713272096,3.9464955949783325,9.445720787048339,14.255027770996094,14.150004310607908,13.626237525939942,16.801109771728516,15.76805278778076,14.735283126831055,14.640619945526122,12.020805377960205,6.140103511810303,5.1237557506561275,4.477430741786956,9.127319598197937,14.488802299499515,16.00217529296875,16.39563247680664,16.521713199615483,15.27453598022461,14.499548702239991,14.39324851989746,12.02674903869629,7.150813999176025,4.4123917579650875,4.356261782646179,10.207692737579347,16.088866539001465,16.82868440628052,16.11672769546509,14.667264404296876,15.658622055053712,13.909180479049684,13.841735935211181,10.995929355621339,6.6627888679504395,3.9389538407325744,3.9939192211627956,9.218407201766968,14.123857326507567,15.35434968948364,13.47670901298523,15.215795040130615,15.457068347930909,15.563604230880737,15.542017507553101,11.052416038513183,7.909245152473448,4.852618811130524,4.067730389237403,8.873196382522583,14.641916580200194,16.84826484680176,15.641879768371581,16.020542488098144,18.489458236694336,15.135309371948242,13.08066801071167,10.872210655212402,6.143557147979736,3.3638408553600314,2.968036031723022,9.585858297348022,15.330108451843262,16.59431632995605,15.949050407409668,17.648874378204347,17.61613697052002,14.986050186157229,13.647331352233886,10.978319664001466,5.632356343269349,3.4590948700904844,2.8431309509277343,8.487897758483886,15.133702888488767,16.002441291809085,16.32904682159424,16.033671684265137,15.957429084777834,14.851831855773924,13.536397914886475,11.447107639312744,6.428294839859009,3.323592756986618,3.3944720482826236,10.16058895111084,16.781492652893064,17.067084140777588,16.24917369842529,17.98253080368042,16.735957031250003,14.6465643119812,12.651579761505129,11.268382835388184,6.3911290454864496,3.1755989706516266,3.9107498955726627,10.402206897735596,14.850266361236573,18.552472038269045,20.134567794799803,18.26335861206055,17.731499748229982,16.21930522918701,13.838781795501708,11.424934768676758,6.228577737808227,4.454867213368416,4.771136572360993,10.897714939117431,18.07280418395996,17.484643898010255,17.853537006378172,18.821944580078124,18.09687791824341,16.757635192871096,15.09640130996704,10.714058399200441,6.6008777523040765,3.5278352880477906,3.509693594574929,10.026504650115967,16.792393531799316,17.55569929122925,18.215256156921388,17.969756202697752,16.920231323242184,16.47652591705322,12.673662433624267,9.81488208770752,6.278033316135406,5.063950220644474,5.0644664955139165,11.796895418167114,18.22712228775024,20.023109092712403,20.14012626647949
207,118.44799346923828,98.06753540039062,80.47712783813476,51.40104522705078,28.102729988098144,14.897492790222168,12.522170543670654,14.64135056734085,23.727549362182618,61.061021423339845,86.27552871704101,106.20144653320312,114.85211761474609,89.68434829711914,75.75241279602051,51.20954761505127,30.043378486633305,18.206197514533997,10.206250052452088,11.209396555423737,20.271431274414063,46.41205718040466,81.36239669799804,97.95747589111328,106.61539291381834,98.57757080078125,80.67872467041016,54.41715713500977,27.591731414794925,18.509994373321536,9.76730992987752,12.406982507705688,19.81310307264328,46.46703868865966,87.61888778686523,104.52036254882812,102.26025985717772,94.8726791381836,73.9720278930664,52.62548591613769,28.272171020507812,19.312335681915286,10.732825588583946,12.263479473590852,21.483197965621947,49.467032985687254,94.79862579345703,100.80709838867188,104.96535888671875,79.0855305480957,69.20419685363768,50.28392280578613,29.699775581359866,17.796290912628173,10.512739989235998,11.449227504730224,19.359376201629637,45.05461097717285,83.0319815826416,93.6309049987793,111.19180953979492,95.4106394958496,78.5105027770996,55.78479354858398,30.854329643249514,14.757831130027771,10.291886923909189,10.22767955183983,17.595976498126984,51.731881389617925,91.94711318969726,105.22820617675782,105.73823989868166,90.22747985839844,74.67552032470704,49.925614013671876,30.085922756195068,18.28047747850418,9.367231855392458,10.837679554224014,16.921131865978243,48.846065330505375,81.07361686706543,100.96024810791015,113.87478622436522,94.89214706420898,79.0127507019043,49.12453681945801,28.02736864089966,15.901709669828415,8.784011902958156,9.02331376954913,18.056158964633944,43.25905548095703,84.36052871704102,104.73031478881835,112.7387823486328,107.23014770507811,77.2331607055664,51.86539825439453,29.89220726013184,17.366663188934325,8.340839862376452,8.207720756530763,18.719018075466156,45.68304992675782,92.29174301147461,98.03512863159179,113.87182296752931,98.03378173828125,76.92247665405273,52.346380653381345,31.477762050628666,15.3080548286438,8.01153567671776,8.49626846000552,16.492714651823043,48.08776838302612,101.07501449584962,108.0187614440918,115.87731246948242,101.65013290405274,82.18978881835938,48.64726020812988,28.204652376174927,13.327807680368423,8.288303324729204,7.306925517618656,16.195892329216,47.067045497894284,89.73182327270509,102.81877471923829,139.21982788085938,109.80227325439452,74.72173248291016,57.45923828125001,28.26015413284302,13.963946628570557,5.532279303520919,5.85422179788351,12.983959534168244,44.568343334198005,89.62225151062013,117.2967691040039,113.53241729736328,86.2746125793457,74.73789093017578,60.35118576049804,32.786281204223634,16.158651542663574,5.931681361198426,6.753541407585144,11.810943533182144,40.941414546966556,92.17045791625976,101.9487661743164,124.51412750244143,108.00628662109375,82.39151107788086,50.65038406372071,29.837068290710448,14.421249647140503,5.57169856518507,6.514363847970962,11.92285753250122,40.77033784866333,103.73115447998048,114.19777709960938,123.5629768371582,114.87835479736327,90.91759323120115,55.841765594482425,28.520578384399414,15.8847580216825,9.319761977195741,8.314334600567816,11.34279163941741,38.23713363647461,84.65396675109864,98.23490417480468,121.51900115966797,112.34660385131835,90.1284310913086,59.40032981872558,26.499779357910153,15.160433373451236,6.108154057860375,4.410927316099405,10.143607766628266,34.814858798980715,84.09032676696776,98.55733489990234,127.66455017089842,99.52910156249999,89.3592852783203,55.08046356201171,29.53436265945435,15.151219561100007,7.574401979446411,10.042071290016175,14.537486829757691,39.86482252120972,88.63379348754881,122.55607452392579,139.69638854980468,113.80101928710937,86.29636871337891,53.41067413330079,27.46611167907715,15.452860641479493,7.90290689110756,7.198249904811382,11.711631119251251,41.09294655799865,92.34974822998046,115.31797958374023
208,20.785217094421387,20.615698432922365,8.610838830471039,2.7307715453207493,0.7489258617162704,-0.04778730720281602,0.06389907002449036,0.2006627537310123,0.35891884863376616,0.5212443180382251,7.124519792199135,19.7931188583374,15.899388584494591,17.493280181884764,11.26339602947235,2.787363479137421,0.7704328858852387,0.030239576995372785,0.057995629459619516,0.21073504090309142,0.2522869978845119,1.6386732781305908,5.500022894442081,14.705842468738556,18.195317993164064,16.89760248184204,10.524717817306518,2.8314259292185304,0.7995897921919822,0.154486892670393,0.07598313197493552,0.1947962775826454,0.45433144487440585,1.6829514476656915,5.031802163124085,14.510257577896118,13.65519322872162,16.512991939485072,9.543253746032715,3.525564761161804,1.1196685270220041,0.12619597643613817,0.09233018472790715,0.25988187491893766,0.2936284175515175,1.561515350565314,4.092445108890534,13.122098617553712,17.431996748447418,13.880619859695434,6.573358923196793,2.7975418615341185,1.128934688568115,0.06353589415550231,0.11314951866865156,0.21958191782236094,0.2906754730641842,1.528826478421688,4.851470005065202,12.773086304664613,14.206941871643068,13.998968917131421,8.902113146781922,2.7833246397972102,0.846297278702259,0.2218008397519588,0.12273422062397002,0.2592005386948585,0.4309690359979868,1.5261751514673234,5.935467196106911,15.318696441650392,14.564248695373536,13.835479545593262,9.104020861983297,2.865095182210207,0.7410885514318943,0.095672617405653,0.15421234562993047,0.2806676834821701,0.2245640815794468,0.8565946749597787,3.9584877139329913,11.450118684768677,16.017008180618284,15.565975494384768,8.07169786453247,2.9771503295004367,0.9224806551635265,0.28938206210732464,0.1035623739659786,0.26682501852512364,0.296443375647068,1.1455212841928006,3.621144960783422,11.562739176750185,16.727848861217502,12.286663455963135,7.2463804769515985,3.188136656284332,1.300366084575653,0.09360914468765258,0.13980177059769627,0.28692507863044736,0.24102776244282714,0.6825728048384189,5.121902427077293,13.055334828495978,12.09670115351677,8.745954229831696,5.013101437985897,2.046264353394508,0.3972974880784751,0.28636519849300385,0.20629232183098795,0.33354838907718654,0.3040806007385254,0.8915015538036822,3.676817849203944,10.32858007669449,11.480888485908508,12.412264249399303,7.8441605949401865,2.092591883838177,0.8035171465575696,0.2308343195915222,0.2115556645393371,0.348400074839592,0.4321512141823768,0.7302198580279946,3.190774077922106,7.277508879303932,9.328793005943298,11.781249043941497,6.144419814348221,1.8289977809786795,0.32363654546439646,0.1640957091003656,0.2561505353450775,0.37098524808883665,0.23848720788955685,1.0704980386048555,3.5371820694208145,7.989301617741584,14.324002237319945,12.84870397567749,8.293580923080444,2.606249789595604,0.5155423814058304,0.3022366782277823,0.165458810031414,0.2917339265346527,0.20451262101531026,1.3761724597960712,4.350889829639345,14.438232536315919,9.321675291061402,8.684522314071655,5.7509895393252375,1.8507707017660138,0.3879898826777935,0.14398775912821293,0.22904713481664657,0.37144353151321413,0.2903591625392437,0.7576678801327944,3.193349912464619,8.80642031908035,9.693113040924072,8.637578451633454,5.411817173957824,2.0333352270722385,0.9602062898874282,0.3143852233886718,0.3195800209045411,0.37069697976112365,0.20966567456722257,0.5540167057141662,2.360884181708098,7.637105669379234,9.359747982025146,8.326027989387512,5.951436970829963,1.3900171495974063,0.37624801039695743,0.15818243607878682,0.26655903011560433,0.39473072409629817,0.2754855173826217,0.9245512467622758,2.8198394131660462,8.98791402697563,10.289405295848846,15.21199468612671,6.290354962348937,1.108696017116308,0.3167131242156029,0.08878956407308577,0.23833459436893462,0.36567523241043093,0.31828609868884084,0.9669739179685711,3.7411596703901893,8.405568294525146,9.23545529127121,8.806549910604954,3.697222355604172,1.944298903346062,0.33600497543811797,0.22740553103387354,0.30961529374122615,0.4114734709262848,0.34192108720541003,0.7760198297724128,3.4636906173825266,8.385015362016857
209,11.361543655395508,16.2779598236084,10.127337646484374,3.613458055257797,1.6453104957938194,0.2946663394570351,0.18468626141548153,0.11682475060224529,0.4770079419016837,1.166919830441475,2.5727988719940185,6.349822044372559,8.86845980167389,11.383471593856811,5.440181168317795,1.909741350710392,1.041114443540573,0.4125792694091797,0.21316659152507783,0.16017880409955976,0.6421199710667134,1.710741418898106,4.70058491230011,10.559305200576782,10.750050446987151,8.733954491615297,6.799362533688544,2.743166047334671,1.1159325265884399,0.29977285116910934,0.21678334116935724,0.18570927321910857,0.34313576519489286,1.7002344727516174,5.86421983718872,8.913108916282654,10.616318321228027,12.623232736587525,9.48911563873291,3.7717235893011094,1.1664557415246963,0.32621449798345564,0.19164830088615417,0.1688505798578262,0.7033449923992157,2.3378951227664944,6.477887401580811,9.922352316379548,11.901533546447755,13.742847762107848,9.724973740577697,2.9127470576763153,0.68831387758255,0.24534302502870556,0.19095606923103328,0.15407086282968518,0.5826680612564086,2.306840230002999,6.383514268398285,10.28355306148529,7.439238114356995,8.017373280525208,4.092968339323997,1.8443966111540795,1.11629310965538,0.34081551790237424,0.2499244049191475,0.22042531490325926,0.6994325745105744,2.0564900676161053,4.652859609127044,8.196022809147836,9.197172784805298,7.628936238288878,5.8446041744947435,2.399534929990769,0.6540074831247329,0.24171057105064392,0.2354491603374481,0.2109717610478401,0.5474855431914329,2.320935339033604,6.511714036464691,11.189437936544419,11.515796670913696,6.958797893524169,4.795602073669434,2.6164896941185,1.0282533130049705,0.29677965164184567,0.2392251884937286,0.1904510635137558,0.5819254702329635,2.308188956826925,6.5841282370686525,10.245796093940735,9.768801546096801,9.160028853416444,5.541257867217064,2.216079055666923,0.678081886768341,0.24374635934829708,0.23677914261817928,0.23261509090662003,0.48762763828039174,2.554421565681696,6.121076351851225,9.04308054447174,7.785394129753112,6.891931709349156,5.200152547359467,2.0678207334876064,0.6186678037047386,0.3161450183391571,0.24019110798835755,0.19494729578495024,0.3443768088519573,1.5283205308020116,5.267857821881771,8.831934623718261,9.410028221011164,9.47343918442726,5.469630427360535,1.7340557086467743,0.5471419686079025,0.2949246245622635,0.24426324963569637,0.2176995766162872,0.5433209107816219,1.8074441998451944,4.369587059020995,5.695263424515724,9.243290800452233,8.086918230056762,7.939069741964341,2.0024799361824988,0.6898865193128586,0.22448309510946274,0.22946957528591155,0.1895477646589279,0.49511560156941414,1.9827278389036653,4.920088970661164,6.351451345682145,10.057397904396058,9.801908478736877,6.853438334465027,1.6238040673732754,0.5786885851621628,0.2342702826857567,0.3072648763656616,0.19758919119834895,0.47922407075762746,1.9367186635732652,5.804873340725899,9.138355767726898,7.724514089822769,6.6043009793758385,3.439936637878419,1.6928021055459976,0.6476247289776802,0.27092290878295894,0.25662024974822994,0.20995905697345735,0.5368449091911316,1.6850326789170507,2.8735887341201307,6.159829927831888,6.581633641719819,6.447835179567337,4.237932554706932,1.7515705060958866,0.47940124392509453,0.271308154463768,0.2666092473268509,0.21611932575702664,0.269693566262722,2.069252197742462,4.515059652626514,8.206275219917298,6.722353447675705,6.881593970656394,3.6123929086327555,1.3938919487595558,0.8752427560091018,0.2602444642782211,0.2684734600782394,0.21506824493408203,0.4839585509896279,1.7288384065777063,3.691549613662064,8.346047664284708,5.362289153337479,5.5935283422470095,2.823587606549263,0.7667433390021323,0.5498433867096901,0.2787384441494941,0.27852478981018064,0.22892400145530695,0.2869117355346679,1.1022510132566095,3.410365983583033,3.777117694616318,4.495733900666236,5.570956444740295,4.212922216057777,1.7735315948724746,0.5595760390162468,0.2819038718938828,0.2878738754987717,0.2511769616603851,0.44852215200662615,1.165125872194767,3.0590075039863587,4.145130275487899
210,1.300004594027996,1.1922528147697449,1.2226505279541016,1.0203069686889648,0.4585141122341156,0.311601322889328,0.3615443825721741,0.23020798191428185,0.12390346303582186,0.08445059508085247,0.5720614984631538,1.1877369642257691,1.8280000305175783,1.8413345378637314,1.9325907468795775,1.3632428097724916,0.7133530962467194,0.45681033432483675,0.36394397556781766,0.2614143189787864,0.17494646117091178,0.26724927857518194,0.5126975095272065,1.1266799902915954,1.4283883249759675,1.7252669250965116,1.830260272026062,1.232158703804016,0.6727241563796996,0.47813416659832,0.34681312769651407,0.22684640437364578,0.13124762237071988,0.14331196829676626,0.33561984054744237,0.8398874828219414,1.1777573609352112,1.617361181974411,1.803924720287323,1.4418148517608642,0.8054014134407044,0.49550465703010566,0.24953443139791492,0.1730836029350757,0.14489589169621464,0.15557367533445357,0.33362347543239596,0.7641670474410057,1.5172961992025376,1.7230723261833192,1.8452491557598116,1.3050655245780944,0.6969393688440323,0.46542009890079494,0.3497194802761078,0.20829098671674723,0.17219199873507018,0.24884171992540355,0.4475721332430839,0.9885560715198517,1.7345449090003968,1.9595337772369388,2.1651018905639647,1.6400509595870971,0.8079584336280823,0.39304169535636896,0.23955375552177424,0.1747095267474651,0.18231635019183154,0.17559284225106236,0.4462135027348995,0.9389358240365981,1.7631620001792907,2.1628496980667116,2.377186002731323,1.7112740802764894,0.92839337348938,0.67543039560318,0.40907869637012484,0.24491698443889617,0.22312261313199996,0.22252339288592332,0.5239543789625167,1.123631866276264,1.71502275288105,2.0353687345981597,2.1045710361003875,1.5679714393615722,0.8353255927562714,0.4561976128816605,0.2873554900288582,0.19917920395731925,0.21819963201880452,0.30299991995096204,0.5535632881522179,1.12049319088459,1.551655882894993,2.0330890321731565,2.3438722610473635,1.6661475515365602,0.8422946763038635,0.43408777773380275,0.23365926623344419,0.15726641848683354,0.11737171515822406,0.18472855627536774,0.4172407136857509,0.8189330349862576,1.6754677057266236,2.01161372423172,2.1480932164192197,1.4179983615875245,0.6799488246440888,0.3787703692913055,0.2964097324013709,0.1671526952087879,0.15483609616756436,0.19193717278540134,0.41135655730962756,1.1101719853281975,1.8096777856349946,2.122932300567627,2.1794909191131593,1.5609247159957886,0.7734296858310701,0.39604139387607573,0.19272121489048,0.10848622262477872,0.1056199254095554,0.1465414862334728,0.4154609374701976,1.088544731736183,1.861019879579544,2.165462386608124,2.2133328032493593,1.5222203445434572,0.6899153780937195,0.4041484475135803,0.26280089020729064,0.16901841610670088,0.13460227102041245,0.14794849202036855,0.3769431503117084,0.9753595152497292,1.5549029421806335,1.824917356967926,2.170090346336365,1.596648280620575,0.8003601276874542,0.4204353404045105,0.2685184881091118,0.16110514312982557,0.11725810706615444,0.1413864527642727,0.34175567761063574,0.9244737920165063,1.5535999476909637,2.04078497171402,2.2525120115280153,1.625732252597809,0.9694876337051392,0.5675969916582109,0.3409303063154221,0.20025960400700565,0.1277039167284965,0.1250526802241802,0.35404753968119623,1.0233591568470002,1.6755346423387525,2.1759065532684323,2.556489921808242,1.8485766506195067,0.8186790943145752,0.41770041882991793,0.269712678194046,0.1810782045125961,0.09443149730563159,0.1548025460541248,0.3301534473896026,0.7791692957282067,1.562258015871048,2.0256026577949524,2.3829286718368534,1.62833589553833,0.7858980977535248,0.44148058772087095,0.24227195948362348,0.16625095590949054,0.11682313114404677,0.1241836805641651,0.30780928790569306,0.8633002553880216,1.9103218400478361,2.5871828007698054,2.7091708827018737,1.8546251487731933,0.8278185153007508,0.41678869962692267,0.22453053534030915,0.11790489792823786,0.12450174868106838,0.19945006191730494,0.4540767040848732,1.1972550512850284,1.8597565722465519,2.429258470535278,2.510001707077026,1.7092890834808347,0.8279682970046996,0.42650259733200074,0.23529381126165388,0.12196410775184625,0.07856728523969646,0.10519459694623942,0.33492394387722013,0.9445985091477633
211,30.488058853149415,28.8582332611084,30.61905469894409,20.277925205230712,22.75356605052948,20.69651222229004,6.588392639160157,1.3926057815551758,13.240056538581848,28.86305570602417,41.113769912719725,34.64289588928223,28.647304344177247,29.19393455505371,25.52067949295044,21.371241016387938,16.60584116458893,11.34074917793274,5.064226260185242,3.9373410677909852,8.474677705764773,13.112545635700226,26.04580324649811,34.04509162902832,29.335590476989744,29.226853065490722,26.602201004028323,23.102339935302734,16.1726589012146,10.338586826324462,4.588049311637879,2.62619881272316,6.073478902578354,14.701185111999513,31.1141996383667,34.19974735260009,29.86861902236938,33.1460160446167,33.5168634223938,26.83946388244629,15.60889581680298,9.46087495326996,3.8116905498504643,3.4389157962799075,7.198866988867522,14.299316892623901,29.24201902389526,27.031035900115967,29.081660881042485,33.849794960021974,37.90033657073974,25.44937994003296,13.311626844406126,9.185744028091431,4.5785411357879635,2.834486887454987,6.492660245895385,20.54964298248291,32.63961406707763,35.240608911514286,21.202482061386107,24.07903438568115,17.30681433200836,15.908143448829652,16.19094440460205,9.854419498443603,3.8477049875259404,3.667246844768524,6.055078532695769,14.506241852641105,20.103883233070373,26.349717209339143,25.139161682128904,21.67376682281494,20.298397283554078,18.851225590705873,13.40868945121765,7.431867680549622,4.078270101547242,2.8970626449584964,8.23983467578888,21.272808670997616,32.38316915988922,33.222973918914796,31.47043109893799,25.078886585235598,19.83059680938721,19.05680890083313,13.433175477981568,8.90499080657959,4.227665286064148,2.7751747488975527,8.068441870212556,18.21218203544617,31.11230600357056,31.613847332000727,25.097379207611084,28.060672216415405,23.365909309387206,22.16156060218811,12.563783407211304,7.108359155654907,3.6148705959320067,2.9460387587547303,4.803852180838584,13.914622907638549,26.452821722030638,28.490608119964598,26.900405645370483,28.552024478912358,25.804636058807375,17.246692299842834,12.683332481384278,6.489664468765258,2.9386583757400513,2.6004054641723635,6.257798119187354,14.125608946681021,30.942453508377078,34.32035039901733,36.16187446594238,31.91833311080932,22.140086174011227,16.59388734817505,11.509783401489258,7.898873763084413,3.689434127807617,2.034665684700012,4.180388729572296,14.055931594520809,21.01009472548962,30.647018857002262,30.949030847549437,27.503763313293454,25.379451255798337,21.611149024963378,13.90165732383728,6.074848709106445,3.0358973455429075,2.115598902702332,3.1008588731288906,8.181165344715119,22.08977245092392,26.753617153167728,30.596620044708253,31.435205154418945,29.02566856384277,16.949882860183713,9.570371475219726,5.213167300224304,3.1248991894721985,2.482828919887543,6.13206975877285,13.150604394748806,28.674808526039122,30.658028860092163,25.28597668647766,25.390890445709225,18.88470061302185,13.022516126632691,8.613474140167238,5.779867444038392,2.7936065578460694,1.717938280105591,4.109088182449341,11.362772504091263,15.403914496898654,26.338334794044492,26.496939737796783,31.331145029067994,25.276024804115295,22.02817016482353,10.43184549331665,4.700997543334961,2.2250383377075194,1.990424587726593,3.517675518989563,10.776824685186147,20.863403463363646,25.960642595291137,22.940553555488584,28.825816521644594,25.319515218734743,17.941713190078737,10.695394639968871,4.790348167419434,3.230652258396149,2.5408800530433657,3.1590709853172303,9.67936154335737,19.846223506927494,26.175634956359865,20.324221622943877,21.615096430778504,17.160046358108524,12.93269024848938,6.813235449790956,5.513489742279053,2.183862190246582,1.9760155344009398,2.0916374933719637,6.644832345247269,17.806706871986385,17.6722943097353,21.32545428276062,26.25361825942993,23.10049745082855,19.016058943271638,10.04420159816742,4.4907990121841435,1.9477557516098023,2.013226053714752,2.949252634048462,9.01521762907505,17.533831095695497,22.598660063743587
212,58.21314315795898,29.003880310058594,53.57450656890869,84.64158706665039,123.20207214355469,56.491172790527344,19.564470601081847,23.107734870910644,63.89232711791992,110.33746948242188,82.24195022583008,50.83388843536377,55.68418299674988,35.482105073928835,48.817990999221806,77.43530258178711,129.69154541015624,89.38116348266604,27.653254489898682,20.117299950122835,51.2206615447998,89.33108505249024,87.82224411010743,56.07925117492675,53.74793525695801,37.909487342834474,52.427762336730964,73.98768569946289,123.86518768310548,83.45435165405273,24.12947020530701,25.73943147659302,63.6630530166626,91.12128723144531,92.7461979675293,62.773589553833006,58.135652256011966,38.52363496780396,38.30481691360474,70.31724182128906,123.18630157470702,76.3957650756836,21.8634281539917,25.393802540302275,60.39973999023438,92.00476181030272,93.5635482788086,72.81491653442382,48.72411497116089,33.808913002014165,42.03215737342835,70.00449020385743,120.97651580810546,72.8699584197998,21.5206374502182,19.462848601341246,51.65732608795166,82.59975311279297,89.97014739990234,76.34426582336425,76.00162956237793,52.830983543395995,72.79727962493897,84.22260803222657,124.89849670410156,66.17352787017822,16.793092024326324,19.580592765808106,53.25530555725097,93.86080490112305,100.56256439208985,93.05501205444335,65.99799964904786,60.20497512817383,61.51346862792968,83.85367233276367,126.70163970947264,58.98036636352539,20.288794298172,21.525973749160766,54.52423568725585,91.72672241210937,84.44402023315429,73.07391921997069,66.27630701065064,60.55941604614259,62.15013641357422,65.15479217529297,119.70536926269531,56.68049385070801,15.121915884017943,17.3389843082428,50.28603300094604,89.90615402221681,102.40813964843751,78.97955047607422,74.69686916351318,58.05954073905944,56.608804550170895,71.60968307495118,105.42203216552734,44.45451679229736,12.168440265655518,14.900673313140867,61.20822910308838,85.62059814453126,98.04457153320311,86.00687957763672,77.68556453704834,57.50720209121704,59.28472610473632,77.49825195312499,108.64229309082032,55.05104896545411,16.08601728916168,16.83483326911926,51.067436752319324,97.63896423339843,104.47068450927733,79.07092231750488,74.96800130844116,58.89914682388305,64.77940528869628,85.28567657470703,120.42001800537109,41.12277717590332,17.959444713592525,20.524854528903962,51.93171405792236,98.15697113037109,112.30279113769532,113.31716674804686,88.27301223754884,73.34416297912598,61.926016921997075,85.66803344726561,110.68455863952636,43.702044296264646,13.356253242492675,17.936479592323302,50.511112976074216,99.11420043945313,108.08176544189453,101.2027912902832,74.153296585083,62.65562400817871,60.601667098999016,82.3051885986328,99.59921859741209,33.60790428161621,5.375005884170532,15.51484980583191,52.090662689208976,92.27440826416016,99.7571726989746,88.70940231323243,89.83139068603516,70.3482834625244,72.9410735321045,83.25160247802735,104.26928833007814,37.25836553573608,11.900334796905518,16.28445126771927,46.06748428344726,103.12688476562501,119.37048751831055,100.90832458496094,102.92033248901369,78.30367996215821,79.23399642944335,83.56718658447267,97.93625732421876,40.341682529449464,13.130564785003662,12.070321798324585,46.09621692657471,94.21027587890624,119.6123779296875,118.26682037353517,103.57364250183105,100.83286430358888,85.06111511230469,111.01722991943359,90.81412628173828,30.027786960601805,7.592377319335938,8.804208784103393,47.95803108215332,89.3099429321289,118.23686859130858,109.34868713378907,102.98770423889161,82.56070175170899,87.71605567932129,107.36414794921875,100.49692810058593,27.290889663696287,9.960647735595703,15.051033773422242,49.066044387817385,102.4943293762207,119.5933447265625,121.18012985229493,118.12185653686522,87.39720329284667,83.98054031372071,88.14380889892577,88.60899002075196,29.077839803695678,8.306366603374482,13.607031736373903,49.03713272094727,104.08387634277344,131.89878356933593,124.58359588623048
213,1.3724282503128051,1.1729762196540832,0.7979288935661316,0.5940100014209747,-0.1574205435812473,-0.49304518699645994,-0.48887224197387696,-0.363690060377121,-0.012336092069745055,0.6976662576198578,1.297236692905426,1.1483056783676147,1.2708295434713364,0.9711317193508149,0.8667174875736237,0.31919102013111117,-0.1255852663516998,-0.37526607587933536,-0.3979165729880333,-0.2951363341952674,-0.010405138283967968,0.3928630492836237,1.0625720208883285,1.161103069782257,1.2416161489486697,1.0506433963775634,0.8135761189460753,0.19356736060231922,-0.20789546251296995,-0.3789753493666649,-0.4031752905249596,-0.3042030668258667,0.026987953409552578,0.485864393338561,1.016772803068161,1.0393202227354048,1.2799914801120758,0.949878399372101,0.7613706815242767,0.2897389336302877,-0.18191209271550177,-0.3546784800291062,-0.39368320144712926,-0.2954073503613472,-0.010716648511588567,0.5653882330656053,1.184648804664612,1.1211196720600127,1.0477520954608917,0.8793904423713684,0.7286042147874832,0.3164627510681749,-0.11080191690474746,-0.36016771852970125,-0.34903329372406,-0.27273453999310726,0.028203343302011484,0.49271782450377943,0.853934129551053,1.1002598977088929,1.4125712752342223,1.0705276203155516,1.1046009665727616,0.45724363088607783,-0.141064413562417,-0.4044912022352219,-0.424500078111887,-0.29335228458046914,0.007864579558372498,0.5393030743300915,1.26755432844162,1.2950342535972594,1.194187116622925,1.1165692925453186,0.8358394479751586,0.2944264579925221,-0.14944683050736782,-0.3862692713737488,-0.44041799843311313,-0.34128228604793553,-0.039281532019376744,0.5097621323540806,0.8288217265903949,1.0145863890647888,1.1855444562435151,1.1337412035465242,0.8902307152748108,0.20659938130527733,-0.25661557570099836,-0.3867671370506287,-0.4188809660077095,-0.3297105819731951,0.021528109461069096,0.5724960654973984,0.9635348188877106,1.048421071767807,1.1909297394752503,1.1657564228773118,0.8170210838317871,0.29223520413041115,-0.2106148141622543,-0.346695025190711,-0.3884775274246931,-0.31812452614307407,0.058814875110983836,0.4958910762518644,1.0409559893608094,1.076059550642967,1.0874128818511963,0.9880152571201325,0.8774651002883912,0.3238793515041471,-0.1919992120563984,-0.3589090977609158,-0.42954863250255587,-0.271348731815815,0.03236236501485108,0.6365988476574421,1.0512747812271117,1.1346477204561234,1.152886904478073,1.0368525135517122,0.7570653513073922,0.25009911162545906,-0.16189727084711192,-0.37673828229308126,-0.34942346334457397,-0.21644092161208395,0.045517512927763175,0.6356552578508854,1.2792601490020752,1.4139302396774291,1.4312458515167237,1.1123743414878846,0.754409686923027,0.28815419122576713,-0.19900322422385214,-0.3912257212400436,-0.3977911102771759,-0.26820800663903355,-0.044245120912091804,0.5427619653195143,1.0037084019184113,1.1853755056858062,1.0589433085918425,0.8648527026176452,0.7641736364364624,0.3074587421072647,-0.15647439621388912,-0.316666112691164,-0.4243312340974808,-0.26002458281815055,0.023336156941950306,0.4633204070478678,1.0754998469352723,1.1033123463392258,1.3373330092430114,1.1178779458999635,0.9366961461305617,0.3572162191569805,-0.13237628718838096,-0.3179710143059492,-0.40457511037588123,-0.27491170972585677,-0.07434766598045825,0.6885344929993151,1.3544571399688718,1.3649263119697568,1.3226661741733552,1.1365367650985716,0.9126332187652588,0.27234269820153717,-0.17718281308189035,-0.3656869858503342,-0.3742893024347723,-0.2875771713256836,-0.06772301915683783,0.5943337878584862,1.2001314663887026,1.288853693008423,1.3302914130687715,1.344400510787964,0.9318677507340908,0.38716255163773894,-0.1633419006201438,-0.3569624309241772,-0.40539466559886933,-0.3166945075988769,0.012784798964858051,0.5707312846928835,1.2262730169296263,1.1767905819416047,1.4323866081237793,1.213593785762787,0.9726883852481842,0.4151662899553775,-0.0677525996416807,-0.3213041985780001,-0.3818432301282883,-0.2724380874633789,0.09780548930168154,0.7371990288048982,1.1656185102462768,1.44046239733696,1.522411289215088,1.2264675462245942,0.8618273985385894,0.300884997304529,-0.1403220089524984,-0.2769792987406253,-0.35541411429643627,-0.2826978990994394,0.04726623058319092,0.7095861302316189,1.3368774271011354,1.368281264305115
214,66.65983657836914,32.803865909576416,37.00288352966309,98.98717956542968,166.38668098449708,0.4959834098815925,-24.401883125305176,-23.416850662231447,-3.5380128741264345,45.95154666900635,84.179296875,43.571717262268066,57.13266736984254,32.2524275302887,44.962982406616206,115.7239792251587,187.95223693847657,25.83860132217408,-10.832532823085785,-12.220090637207033,3.7696983957290655,38.35395612239837,77.2303980064392,57.07140380859376,52.4009740614891,35.3966415977478,45.31143930435181,116.66917686462402,162.00392013549805,18.415219297409056,-11.49842664718628,-11.13540031671524,9.793760652542113,39.74228988647461,81.71582337379456,65.30174375534058,54.09593105316162,42.14720606803894,41.60000946044922,117.35580932617188,173.0195625305176,22.17628722667694,-13.054210758209228,-13.414949674606323,10.00512041568756,42.110774388313295,88.03497493743896,76.97839771270752,49.53221046447754,27.1476934504509,45.04380408525467,113.99113151550293,162.5753382873535,10.155319304466246,-17.805517768859865,-19.826932296752926,1.3926661300659173,41.84004760742187,70.85089614868164,77.27892658233642,83.13485427856445,61.7945478630066,75.4557975769043,141.78704696655274,169.23666873931884,9.358355865478517,-16.059428958892823,-10.885836584568024,-2.133012156486511,38.81843265533447,88.96182189941408,100.16302368164062,69.95210220336915,65.50199754714966,66.7840582382679,136.80796417236328,155.29199462890625,16.45843322992325,-10.967783050537111,0.031224746704101847,13.09229124069214,48.93668791770936,78.2590379333496,75.58275955200195,76.12777731895446,66.62314754486084,58.944667148590085,104.24064469099044,130.08846809387208,5.99647099494934,-15.973672256469726,-16.59024136543274,0.726626834869385,36.38514102697373,76.99446702480316,73.60760890483856,80.25769386053085,80.93874354362488,73.96019126892091,131.40985122680664,129.0758254337311,1.5783396720886227,-19.897779698371888,-22.298784980773924,-1.821154699325561,25.684379765987398,85.52923879623414,90.63903660774233,105.98749801635742,72.41420122146606,72.8809819793701,150.46132446289064,156.3918313217163,6.300691180229187,-21.612532482147216,-19.250244221687318,1.9919632053375242,44.963375835418695,103.45387939453124,103.2412161254883,118.75010952949523,79.26802525281906,69.47191459655762,143.02213829040528,121.3250602722168,-8.538419399261475,-24.81116144657135,-22.30886300086975,-4.986950817108154,42.78024961471557,103.65583305358886,143.34741806030274,126.72265029907226,90.41002681732178,84.09025657653807,159.5306643676758,108.64547580718995,-7.003978304862978,-24.861889705657962,-17.5860560798645,-0.8228078556060794,39.471475982666014,97.57566040039062,122.90242845535279,103.55736901283265,84.9170040512085,85.16050094604493,139.28080993652344,93.40325080871581,-7.1623246383667,-29.95757829666138,-25.48182731449604,-9.535438346862794,18.022488875389097,87.90022770881653,105.39238742828368,124.81019325256348,111.40425498962402,100.33616577148439,175.0270948791504,142.81105950355527,-0.14176721572875978,-22.81460454940796,-19.269379169940947,-4.564501314163207,29.629852604866027,110.84005935668947,142.5737000274658,148.94995201110837,132.81599716186525,119.01072837829591,162.59637954711914,87.22118767738343,-15.239800405502319,-30.95153030395508,-31.356161651611323,-17.52628263473511,31.41360538482666,106.5724849319458,129.76393905639648,149.915966796875,160.31767837524413,125.90170875549316,189.11047256469726,82.9039650630951,-11.491143946647645,-32.462593660354614,-30.797229957580566,-15.37612338066101,17.463506531715396,106.38891822814942,146.1923371887207,170.42085693359377,133.03120590209963,129.0466304016113,179.86194091796875,93.61519641876222,-18.690992348194122,-31.354889907836913,-24.6525834274292,-1.1941887235641482,47.74021758079529,138.6763694000244,182.78501098632813,192.08203216552735,151.87202178955076,122.42766357421874,150.3739566040039,84.96802517890929,-19.149256687164307,-35.45470796585083,-30.188261413574214,-11.291859512329102,33.73574085950851,116.79575899600982,169.8883618736267
215,27.80930805206299,35.33415470123291,23.23270263671875,10.757983922958374,8.133271753787994,2.7910752445459366,0.5077472925186157,0.10531607791781425,3.2147611916065215,14.96291446685791,19.659396362304687,26.289247131347658,24.182898120880132,25.998901844024658,17.790996742248534,7.4905309009552,3.3129533362388615,1.4283976629376411,0.5071798167377711,0.42036213940009476,1.6907264498248697,7.432497904598714,17.03290637254715,28.470267791748046,28.469123611450197,24.829239540100097,18.194657135009766,8.386241135597228,3.621220976114273,1.2945415207743642,0.34804994642734527,0.3666211271286011,1.4042796272039415,8.138927237987518,19.63997866630554,26.95745557785034,25.58254203796387,30.151885261535647,26.550106811523438,12.664474449157714,4.474398184716701,1.0758984753489496,0.3234111750125885,0.280713036134839,2.2485055808722976,9.874437943696975,18.16646936416626,22.37894473075867,27.53767463684082,33.16774501800537,25.05965126037598,11.264749832153319,3.217925300598145,0.7591951525211333,0.3055802665650844,0.1983892460167408,1.5102104127407074,9.708217611312866,18.09867817878723,25.201172523498535,18.313384647369382,20.115390453338623,11.563415012359618,6.739962630271913,4.425967340171337,1.3644976300001144,0.5914069473743438,0.5778819092363119,1.9765207973122596,8.399727339744569,13.49665934085846,20.356815326213837,23.508587188720703,19.1261971282959,14.701349220275882,7.451718757152557,2.863096270561218,0.6721872153878212,0.4609301355481148,0.38949147954583163,1.9244269605726003,11.629067022800445,22.388409394025803,29.031789646148678,26.557095050811768,20.42272702217102,14.291511077880859,8.913715167045593,3.1767879742383958,1.1545110495388509,0.4580315586924553,0.24327049508690832,1.959799056351185,10.716138972043993,19.4752967441082,25.24625551223755,22.220391387939454,25.234366798400877,16.331511621475222,8.319748816490174,2.9838764399290083,0.7603957015275956,0.4265633779764175,0.3217376488447189,1.0405618196725848,8.154009198546408,15.652512638270855,21.998027267456056,20.228635396957394,18.785267658233643,14.707083044052126,6.948593277931214,2.1290514850616455,0.5099105009436607,0.3748282533884048,0.3032190062105655,1.3279790467023849,7.437774871587753,18.371505665779114,22.39483224868774,28.25152184486389,25.545063428878784,14.602897334098817,6.133229246139527,2.299502503871918,0.9305700504779816,0.33984199024736883,0.24822623759508128,0.851343822479248,7.522400156259538,12.827135994434357,20.035278120040893,21.24170654296875,19.41990605354309,16.840200209617613,6.66780592918396,2.4480004227161407,0.6408114802837371,0.32669293880462646,0.22334752500057223,0.8359880325198175,4.592186514735222,12.885073566436768,15.27453437805176,25.04909072875976,27.1884065914154,19.247982025146488,5.9622358798980715,1.7140630745887755,0.4738470429182053,0.40347173139452935,0.2928124290704727,1.8956925697624687,6.279636241197586,17.753544659614565,24.527303490638737,18.611590776443478,17.713846368789675,10.688016114234923,4.661414165496827,1.4159503650665282,0.5680466827750206,0.3685236567258835,0.19024836719036103,1.1470828571915628,8.15985157266259,8.748332178592682,16.87471986293793,17.505169982910154,19.716937553882598,13.869219950437548,7.474010114669801,1.8924849301576614,0.569247704744339,0.3199683928489685,0.25265141457319257,0.8292631772160529,7.528516771793366,11.613760590553284,17.17334599494934,18.804110503196718,18.606661734580992,13.22295802593231,5.301442754268646,2.0541339880228042,0.5324387541413308,0.35592300415039063,0.22991014823317527,0.7491197244822979,7.7281201089546085,12.294196350574495,21.173194003105163,14.39657014966011,14.653983922004702,8.808273134231568,3.222337834835053,1.4068758964538575,0.7832089877128601,0.3085204619169235,0.2590919606387615,0.5386217443645,4.3031889865547415,10.118185261785985,11.248472409248354,12.912619915008545,16.327308220863344,11.729362106323242,6.576691415309907,1.67458869099617,0.4967025956511497,0.32386491119861605,0.2816587519645691,0.8042801530659197,4.8473396556079384,8.87414291381836,12.929321618080138
216,3.1196930766105653,3.080303692817688,4.792408084869384,9.44112844467163,4.985911083221436,0.841545021533966,0.14223085343837732,0.09290342181921003,0.04438822939991949,0.24014889299869538,2.4052378833293915,4.332097458839416,3.022041794247925,3.947875180244446,6.732665309906006,10.022447471618651,4.685052988529205,0.49434277802705767,0.14214053928852077,0.08587068960070605,0.03520064912736413,0.6376006896421312,2.6197723658382897,2.8906480681896207,2.9126829898357394,4.114369056224823,6.862329964637757,10.171390209197998,4.132226054668426,0.6631204003095628,0.13686318814754483,0.09237406551837916,0.05513115376234051,0.526676908992231,1.6535420328378678,2.956949956715107,2.684753695726395,3.6966070312261587,6.176813364028931,9.152618331909181,3.6949199533462527,0.5925066703557967,0.13141933277249335,0.0894035387039184,0.0547960966825485,0.7984374360367654,1.8086241036653519,3.6813157564401626,3.3698331278562548,3.948850975036622,6.375703916549682,9.563698673248291,4.110678315162659,0.5480443209409713,0.1317624375224113,0.08803886190056798,0.0319862941280007,0.38108419667929405,2.454929643571377,2.518304017484188,2.76471399307251,4.385146381855011,7.492676315307618,10.788650856018066,4.429301559925079,0.6867937079072,0.14694440811872478,0.09060814306139942,0.030177727490663504,0.6298334835842251,2.815788450166583,3.776404416561127,2.596624217033386,3.7339337491989135,6.459472169876099,9.121489396095274,3.634589389562607,0.6285387161374091,0.15370903670787806,0.08640870898962015,0.03740809760987755,0.6023518321942538,2.1818789115548136,3.0196609020233156,2.5498979841917757,4.440573469400405,6.767389087677003,8.311777496337891,3.370945043563843,0.4328563877940178,0.11815418601036068,0.08429520502686494,0.03940590683370823,0.762074145451188,1.6634972492977975,2.7818917790055275,3.4239659941196434,3.8194499874114998,7.594731392860413,8.109941768646241,3.077768460512161,0.49993420124053956,0.13567673265933985,0.09229413434863087,0.047225579768419235,0.41366046883165836,1.8248254773020745,3.2309776282310487,2.266584979891777,3.5450830965489146,6.226191031932831,6.535083608627319,2.0627724957466125,0.3950902056694031,0.12009012699127193,0.09548285916447635,0.0768997540324926,0.39011028393171726,1.4980982419475912,2.543673170208931,2.7237285828590396,4.521595969200133,7.075365972518921,7.249666204452515,3.269348258972168,0.5257694502174854,0.14508790820837017,0.10733824253082272,0.05248660393059249,0.32695836544036866,1.6896570520848038,2.0695333739742634,2.6050678712129596,4.249070558398962,6.615331771373749,6.2722194957733155,2.1301259768009184,0.40560215473175043,0.13471657276153565,0.11129279017448421,0.0516878635063767,0.34497029062360524,1.8521478868275882,2.6061949986219406,3.0804757417738435,4.973201837539673,7.7783323192596425,6.7130993938446055,2.764115844964981,0.4752096790075303,0.12604393810033793,0.09519367963075634,0.048608968108892404,0.6837304671108723,1.9010918760299684,3.5928940892219545,3.1320707190036776,4.47441465139389,7.277756638526915,7.174209051132202,2.198181912004948,0.3664529013633728,0.12112253844738004,0.10246705353260036,0.09495924122631545,0.5671798554994166,2.180999291241169,3.4624013733863834,2.9121175456047057,4.578488845825196,5.601144151687622,5.320848169326783,2.8061423361301427,0.5288838633894921,0.18193011701107023,0.11121611922979353,0.08447086326777932,0.2708637086022645,1.3033406883850696,2.312713728249073,3.5557469046115875,4.450683484077453,6.142458624839782,4.997304873466492,2.1695831859111783,0.40511210680007936,0.12919031381607052,0.11204441159963603,0.056550660878419826,0.38161346316337585,2.193723775446415,3.2362034559249877,2.9571919894218444,5.6627086067199714,6.682917170524599,5.898093433380128,2.228155038356781,0.364216186106205,0.12577864617109297,0.10505238354206084,0.056893606856465294,0.37609459143131974,1.8219820034503935,2.8340594023466115,3.0832447654008863,5.035168329626321,6.399610877037048,4.274509024620056,1.6335760462284088,0.33456423163414,0.1234768974781036,0.11134903848171229,0.07671799905598158,0.684732592664659,2.4012193301320073,3.2739189559966326
