,2015-01-31,2015-02-28,2015-03-31,2015-04-30,2015-05-31,2015-06-30,2015-07-31,2015-08-31,2015-09-30,2015-10-31,2015-11-30,2015-12-31,2020-01-31,2020-02-29,2020-03-31,2020-04-30,2020-05-31,2020-06-30,2020-07-31,2020-08-31,2020-09-30,2020-10-31,2020-11-30,2020-12-31,2025-01-31,2025-02-28,2025-03-31,2025-04-30,2025-05-31,2025-06-30,2025-07-31,2025-08-31,2025-09-30,2025-10-31,2025-11-30,2025-12-31,2030-01-31,2030-02-28,2030-03-31,2030-04-30,2030-05-31,2030-06-30,2030-07-31,2030-08-31,2030-09-30,2030-10-31,2030-11-30,2030-12-31,2035-01-31,2035-02-28,2035-03-31,2035-04-30,2035-05-31,2035-06-30,2035-07-31,2035-08-31,2035-09-30,2035-10-31,2035-11-30,2035-12-31,2040-01-31,2040-02-29,2040-03-31,2040-04-30,2040-05-31,2040-06-30,2040-07-31,2040-08-31,2040-09-30,2040-10-31,2040-11-30,2040-12-31,2045-01-31,2045-02-28,2045-03-31,2045-04-30,2045-05-31,2045-06-30,2045-07-31,2045-08-31,2045-09-30,2045-10-31,2045-11-30,2045-12-31,2050-01-31,2050-02-28,2050-03-31,2050-04-30,2050-05-31,2050-06-30,2050-07-31,2050-08-31,2050-09-30,2050-10-31,2050-11-30,2050-12-31,2055-01-31,2055-02-28,2055-03-31,2055-04-30,2055-05-31,2055-06-30,2055-07-31,2055-08-31,2055-09-30,2055-10-31,2055-11-30,2055-12-31,2060-01-31,2060-02-29,2060-03-31,2060-04-30,2060-05-31,2060-06-30,2060-07-31,2060-08-31,2060-09-30,2060-10-31,2060-11-30,2060-12-31,2065-01-31,2065-02-28,2065-03-31,2065-04-30,2065-05-31,2065-06-30,2065-07-31,2065-08-31,2065-09-30,2065-10-31,2065-11-30,2065-12-31,2070-01-31,2070-02-28,2070-03-31,2070-04-30,2070-05-31,2070-06-30,2070-07-31,2070-08-31,2070-09-30,2070-10-31,2070-11-30,2070-12-31,2075-01-31,2075-02-28,2075-03-31,2075-04-30,2075-05-31,2075-06-30,2075-07-31,2075-08-31,2075-09-30,2075-10-31,2075-11-30,2075-12-31,2080-01-31,2080-02-29,2080-03-31,2080-04-30,2080-05-31,2080-06-30,2080-07-31,2080-08-31,2080-09-30,2080-10-31,2080-11-30,2080-12-31,2085-01-31,2085-02-28,2085-03-31,2085-04-30,2085-05-31,2085-06-30,2085-07-31,2085-08-31,2085-09-30,2085-10-31,2085-11-30,2085-12-31,2090-01-31,2090-02-28,2090-03-31,2090-04-30,2090-05-31,2090-06-30,2090-07-31,2090-08-31,2090-09-30,2090-10-31,2090-11-30,2090-12-31,2095-01-31,2095-02-28,2095-03-31,2095-04-30,2095-05-31,2095-06-30,2095-07-31,2095-08-31,2095-09-30,2095-10-31,2095-11-30,2095-12-31,2100-01-31,2100-02-28,2100-03-31,2100-04-30,2100-05-31,2100-06-30,2100-07-31,2100-08-31,2100-09-30,2100-10-31,2100-11-30,2100-12-31
0,180.69310302734374,252.6676025390625,245.065869140625,192.0322006225586,57.27963066101074,7.499891275167466,-1.7930545806884766,-2.980965733528137,-1.5870587468147277,12.8318927526474,33.13936138153076,106.59969635009766,234.19080749511718,266.2461822509766,291.7593878173828,171.90883239746094,37.6565382194519,3.433804750442505,-1.490940227508545,-3.016667937040329,-2.1756405842304227,2.350254423618317,36.04672955513,116.3859666442871,229.06615615844726,287.3503985595703,273.7274942016602,151.49875183105468,44.1222353386879,5.246097435951233,-0.6600435495376585,-2.0893991196155546,-2.745337209701538,5.7962390178442,36.34705028533936,106.33901069641112,206.77373123168945,274.42174072265624,261.65656982421876,176.93000366210939,53.20096247673034,5.4926275181770325,-0.29961897134780874,-2.562304201126099,-2.8324850583076477,2.36626678109169,20.967571811676027,87.87259616851806,200.40089889526365,276.3071862792969,299.34426025390627,169.4930508422852,43.22878826141358,7.391487340927124,-1.069377975463867,-2.4322650432586674,-2.566274845600128,5.403746563196182,31.253015744686127,101.14786987304686,193.2605223083496,262.4420574951172,250.74810150146487,184.13934631347658,46.25504993438721,5.800081008672715,-1.32034463763237,-2.367582437992096,-2.749005661010742,4.742393999099731,27.588988571166993,89.52395523071289,206.0932569885254,302.6808782958984,281.8134976196289,175.69718502044677,50.1323593711853,4.912190953493118,-0.6473706459999085,-2.4501794171333318,-2.4454263305664066,2.4046295648813247,21.335508813858034,103.9467108345032,212.49352401733398,298.9565518188477,267.3509191894531,170.11576110839843,61.205351161956784,5.093026728630067,-0.3165503776073456,-2.233316235542297,-2.405896496772766,2.786125709414482,31.068947820663453,98.36837898254394,207.29851043701174,281.40332946777346,275.4767639160156,185.9719123840332,40.051334381103516,6.93763796210289,-0.612960833311081,-2.8264653348922733,-2.94079665184021,3.15440037727356,31.27883056640625,120.70596725463868,215.5892034912109,287.56982482910155,278.9901837158203,205.23299301147463,56.09460291862488,7.858767778873444,-0.20485954642295826,-2.0284286713600155,-2.3211194396018984,2.6007731437683104,34.151888765096665,98.86840858459473,211.8044177246094,287.1797473144531,238.10236267089846,188.161710357666,45.655550422668455,5.590073580741882,-0.0673847806453706,-2.0558828115463257,-2.639995549917221,1.870750070810318,25.123639297485354,85.50651741027833,213.3856594848633,270.6498321533203,267.69237854003904,162.96531295776367,48.778670120239255,6.88536540746689,-1.000205288529396,-2.2589999890327457,-2.6941331601142884,3.1869118142127992,37.896204657554634,106.09551803588867,203.4662728881836,288.2049353027344,305.7413374328613,159.90428115844728,45.319844770431516,6.966579556465149,-1.2636560463905333,-2.265377726554871,-2.8455149400234223,2.8618801689147952,24.655580301284793,83.41352996826171,199.84031646728516,266.5750900268555,251.9207978820801,161.1620903015137,45.48964984416962,7.1456485891342165,-1.1574412536621095,-2.4996839165687557,-1.044878375530243,7.409005246162414,46.50186344146728,119.31253814697266,177.02958221435546,332.59050079345707,323.9411553955078,179.16816650390626,46.78942222595215,7.040710692405701,-0.682783808708191,-2.1916823554039,-1.85453361093998,5.6789308309555055,31.50796402931213,87.66569046020508,234.98395690917968,270.9276300048828,277.8552960205078,188.12211654663082,44.93932870864869,3.5016355741024023,-1.8367130935192109,-3.0067820286750795,-2.5063708543777468,3.9806364083290107,32.27670872211456,109.73961959838869,230.12399780273435,289.6796020507812,271.3979327392578,149.30003379821778,44.21365982055664,4.729450805187225,-1.0825557494163511,-2.2831980830430987,-2.180039940476418,2.805501832962036,40.451983737945554,113.25453186035156,210.81169921875,295.9711297607422,252.30570327758787,143.8317782592773,43.67557999610901,2.967041807174683,-1.3702262234687805,-2.634179651737213,-2.6188085031509396,1.9505650138854982,22.384445711970333,106.33298957824707
1,48.17862434387207,43.38949031829834,39.92102918624878,15.193394660949707,5.096060883998872,1.1684020400047301,0.37961444854736326,-0.4025536060333252,-0.7495263338088989,-0.5477370500564576,8.357003140449525,35.32736663818359,62.01312358856201,68.58453928947449,57.191869193315505,20.68014931797981,3.3636911493539805,0.76788713991642,0.9374924360960722,-0.49720275372266765,-0.19335420846939086,-0.0163888022303581,10.411764492988587,36.87482876777649,57.84248289585114,72.47193851470948,50.8768546962738,15.851754691153767,4.013590139970184,1.8154593729972839,0.98460702419281,-0.5111434197425843,-0.7325580084323884,0.05950232625007631,11.06470590889454,40.16132025718689,72.96915786743163,90.25245643138885,58.812063226699834,18.04868212223053,7.012264968752862,2.522278497219085,1.3767564249038697,-0.524249504506588,-0.713984836935997,0.3338796818256379,7.743760877847672,51.05306807696819,81.88245449066162,106.17963209152222,56.1462248134613,17.097377073764797,4.68154257453978,3.3576420676708225,0.3913631036877632,-0.7102028852701187,-1.0879857242107391,-0.4095529142022133,5.658533895015717,40.077270328998566,74.58199644088745,81.77170760154723,40.05374031066894,21.29740424156189,5.797118603289127,1.2341357357800007,0.30332784533500673,-0.6817779023945332,-0.8842175912857055,-0.18164561420679096,4.906639310121537,34.13621800899506,79.81454852342605,77.2847186756134,44.01961879730224,13.5759009128809,3.4393001395463947,2.4554833263158797,2.0683704286813738,-0.0710224372148514,-0.8715541434288024,0.3943701058626175,8.235167788863183,36.78788913726807,60.696486358642574,75.45385195732116,74.86251630783082,22.657053954601288,8.50718379020691,2.442112089395523,0.4810983163118362,-0.6640648856759072,-0.8502098321914673,-0.3197667574882507,5.777927064895629,36.29453732609749,103.22131460189819,78.97225093841553,63.303440465927125,21.130281536579133,5.609962533712387,1.5284618020057679,0.7990717142820358,-0.5499019044637679,-0.814908517599106,0.31849254965782176,6.603263827562332,41.42187204360962,94.58735118865967,119.03160964965821,76.52908738136291,29.574734032154083,6.106951086521148,1.403120321780443,0.9203967151045799,-0.1533978760242462,-0.22976088881492615,0.5283867478370666,6.4981142520904545,39.390876340866086,70.75612960457802,88.58730422973632,44.85257312774658,17.110963476896284,4.935412797927856,2.6329852295666933,0.9213053080439568,-0.7703040000796317,-0.884206539094448,-0.6551873660087585,8.343000234961512,45.55135222554207,72.06558458328247,66.36807880401611,66.95729814052582,20.273975241184235,8.134878960251807,1.4336392170190813,0.34798590183258055,-0.5070949080586433,0.20210976660251606,0.17511013120412827,7.27786657691002,32.13406756401062,62.466239824295045,90.03063026428222,55.26374857902526,12.214542143344879,3.1748264476656916,0.5040447610616684,0.2804541051387788,-0.7602672272920609,-0.754978997707367,-0.1971010267734528,5.30395171701908,28.369820557832718,42.90419687747955,53.956657652854915,49.785023083537816,15.103976941108703,2.9109238587319854,2.26540551841259,1.4941375052928927,-0.6209454974532128,-0.04543674111366266,1.1382692885398864,8.94046059370041,31.133493833541866,74.04892417907715,110.95003144979475,52.17079948306084,27.914627034664154,3.4951623952388764,1.236066074073315,0.666160460114479,-0.5098957586288451,-0.5997543299198151,0.6009313896298408,4.6189370906353,26.334325389862062,68.62139762878418,64.85078401565552,50.13417001962661,18.66053918123245,3.5887602677941315,0.938406646847725,0.7054253271222114,-0.13875340193510052,-0.8366656458377839,1.2243364089727402,9.544449500441551,34.594078607559204,79.76109425544739,81.70972146034241,50.35845008850097,13.992069586887956,3.684814625084401,1.272268754541874,0.33812694787979125,-0.7139487284421921,-0.6786205014586448,0.597718253135681,7.610349733829499,39.33642538547516,85.05244552612304,85.75111454010009,64.32732859611511,16.74655501127243,5.361152863502502,0.5986026471853256,0.6311956110596657,-0.21134510040283203,-0.27074818611145024,0.22492034435272218,6.921608659178018,35.739202746152884
2,-1.9596692085266114,-2.195796775817871,-2.0403170824050902,-2.1803915023803713,-2.230485033988953,-2.111605286598206,4.174117767810822,21.284950065612794,48.24137229919434,38.31996841430664,14.560361957550048,1.56948481798172,-3.102654275894165,-3.3887748932838435,-3.4271397864818574,-3.8875626468658444,-4.011955804824829,-3.1771921625733377,2.7570135682821273,20.409724404215815,31.62175256013871,26.67686626434326,7.396061673164368,-1.0848919373750685,-3.0976654529571532,-3.04628134727478,-3.2337542152404786,-3.603723536729812,-3.646761841773987,-3.242264800071716,1.1820944881439208,15.689437098503111,23.36613440513611,14.77451284378767,2.79987845659256,-1.6628000450134277,-3.0055007791519164,-3.302116403579712,-2.7879819631576543,-2.885145659446716,-3.338963527679444,-3.230483765602112,3.43301634401083,22.530676617622376,23.288603777885434,18.979857393652203,5.544763650298118,-1.1791089296340942,-2.5252307224273682,-2.950499968528747,-2.7584572410583497,-3.2125772380828854,-3.263650097846985,-2.983103313446045,0.876037228703499,11.981921241879462,23.767517197132108,14.138954043388367,6.521260786652564,-0.02937241315841672,-2.4944497966766357,-3.109483985900879,-3.0781254148483272,-3.2048928260803224,-3.324666528701782,-3.04551411151886,0.7613623332977296,21.910337566137315,33.5259927380085,19.505188150405885,6.511789485216141,-0.21651741027832036,-2.4710960721969606,-3.273664565086365,-3.462894158363342,-3.2047114038467415,-3.4706198310852043,-3.418491487503052,5.480862558484077,30.85844783782959,32.5371948671341,26.054911675453184,10.234496781826019,0.4807313346862793,-3.5354372024536134,-4.3050795888900755,-4.742352032661438,-4.9729368686676025,-4.887339596748352,-4.608138647079468,0.5751912599802015,29.647090711593627,36.5933902835846,31.057255418300628,8.557744783759116,-0.893750958442688,-3.458841824531555,-3.9419220638275148,-4.180762275457381,-4.412997150421143,-4.496013569831848,-4.1091469240188605,0.3678661513328553,16.64555671095848,27.207605781555174,15.663632522821427,4.712442483901977,-1.5846176052093504,-2.2175203919410706,-2.8306508159637453,-3.020266561508179,-2.8156748437881474,-3.043983497619629,-2.9501596128940584,0.4333290380239486,22.952994413375855,26.28744147062302,12.90827116727829,2.197356083095074,-1.3774775862693787,-2.0266933250427246,-2.416469831466675,-2.5918529415130616,-2.727726125717163,-2.755348432064056,-2.450924980640411,0.046811814308166624,10.280557634830476,18.14994493961334,12.395087342262268,2.167599070072174,-1.4942699074745178,-1.7520275044441225,-1.4825722789764404,-1.8951328992843628,-2.2011488270759583,-2.280465929508209,-1.7287620344758037,1.8068459805846213,8.310908725261687,16.05514949202537,11.271777607202528,3.2572013080120086,-0.6183989906311036,-2.1436374187469482,-2.269061563014984,-2.2566125228628513,-2.387591016292572,-2.3786268615722657,-1.374744563102722,-0.028754320144653334,12.05460093319416,17.363247451782225,8.60300551891327,1.6070059445500378,-1.407129018306732,-2.795194721221924,-2.8699938225746155,-2.555535945892334,-2.5044634985923766,-2.821610236167907,-2.5554256081581115,1.3424619472026826,21.724837750196457,29.921373906135564,16.552624292373658,3.9211125981807706,-1.5843583011627198,-2.3941195917129514,-2.478927791118622,-2.5255401945114135,-2.7038866376876833,-2.786836285591125,-2.4104685306549074,2.979694060087204,14.434401829242706,21.529120121002197,10.07294702410698,1.3534350043535233,-1.6601456427574157,-2.571412184238434,-2.856986029148102,-2.900750813484192,-3.0742784643173215,-3.063127546310425,-2.3596251678466795,3.533605848550797,18.36398539185524,22.492929686307907,15.290837597846984,4.348983108997345,-1.1566809284687043,-2.6192184925079345,-2.9936906480789185,-3.143090453147888,-3.156531753540039,-3.0957719707489013,-2.630837663412094,0.15476017594337466,17.53244502723217,23.710946335792546,10.797985591292383,1.5972835755348207,-1.8009877896308901,-2.4359581899642944,-2.7638284277915957,-2.8229692411422733,-2.989618949890137,-2.9152137708663943,-2.5774417877197267,2.1787727379798887,19.73888549089432,23.005245046615602,11.58065315246582,2.249425352811813,-1.3481296277046204
3,-0.7089609444141388,-1.1563642263412475,-1.0940952539443969,-1.1297379791736604,-1.1555944561958313,-1.1313999772071839,0.1738261342048645,7.629935383796692,46.404323196411134,27.21622791290283,10.635848569869996,2.303998041152954,-0.7620868489146232,-1.556521760225296,-1.8226158010959626,-2.0596177589893343,-2.1433203840255737,-2.1240164804458614,-0.5360593712329864,3.194892511665821,13.361041669249534,10.300957388877867,3.2925930804014207,0.16065680742263794,-0.717622180581093,-1.0099998533725738,-1.1470397007465363,-1.3354526323080065,-1.4039322555065157,-1.3815646052360537,-0.49394763112068185,5.354507874846459,10.680204313993453,5.254722756743432,1.4808144092559814,-0.06410888582468031,-0.6222236788272857,-1.24024347782135,-0.8626864230632781,-0.9113542640209197,-1.3291336667537688,-1.4215562665462493,-0.6683582043647766,7.186403603255748,12.297983613014221,8.944443705081941,3.442950569689274,0.6103847444057464,-0.6559630274772644,-1.1980697315931321,-1.3953507208824159,-1.5269356286525726,-1.576197109222412,-1.5366418147087095,-1.1652080151438713,3.8457278084754947,10.16517204761505,7.110359489917755,2.7899079215526585,0.37909352362155907,-0.4834348890185356,-1.0684514552354814,-0.9968404215574264,-1.2786758983135225,-1.4551712942123411,-1.3369884192943575,-0.7511786872148514,4.286701791286468,15.619304770231247,11.22239919692278,4.7518460994958875,0.9187991978228093,-0.27802995890378956,-1.011280539035797,-1.3024340271949768,-1.3602593761682509,-1.594825767874718,-1.6802002930641176,-0.6927206686139107,5.478561024963856,12.508668234348296,11.07758614599705,5.992994167208671,1.5464359402656556,-0.8862454664707183,-1.60842622756958,-2.0498780035972595,-2.3008130311965944,-2.36769513130188,-2.35229076385498,-0.7013047671318053,7.662734819650649,21.919535665512083,16.544739544391632,5.402188812494278,0.37113956928253167,-1.306873791217804,-1.7079207396507265,-1.7668070363998414,-1.901137204170227,-1.9379254794120786,-1.9216142177581788,-1.3753080224990843,2.671628640890122,11.167951188087464,9.087771027088165,3.153518256545067,0.13118905395269395,-0.17853682368993762,-0.8907940077781678,-1.038057725429535,-0.828283447623253,-1.1215010583400729,-1.2060590893030168,-0.23531077504158016,6.325089401602744,11.585923568010333,9.470984503924848,3.5842093157768247,0.8191892337799072,-0.010323133468627965,-0.7906054154038429,-1.0588997197151184,-1.2223073083162308,-1.3732853889465333,-1.3772680103778838,-0.971051519960165,3.236447421610355,8.99154078722,8.087226187586785,2.9856841510534284,0.40567973047494893,-0.1615533125400543,-0.3502581530809402,-0.6741617986559867,-0.9934333005547524,-1.1618780853599309,-1.2029352384805678,-0.7843355563282967,1.8109498505294321,9.74807607382536,8.278006339073182,3.200024300515652,0.7128214257955551,-0.4254473873972893,-0.8462418562173843,-0.9677773475646972,-1.1940400195121765,-1.2778868556022644,-1.2126375865936279,-0.6437545323371887,3.568898375630379,10.319387491047383,6.337212017774582,2.07281635761261,0.2711846888065338,-0.33009494185447696,-0.7804234230518341,-0.9509852814674378,-0.9301837092638017,-1.2986138808727263,-1.419564094543457,-0.9415440204739569,3.097387049794197,14.727658145576715,9.822779479026796,3.410874601602554,0.35138507038354877,-0.584317802786827,-0.9742422142624856,-1.043639212846756,-1.079927351474762,-1.1909926462173461,-1.1183773964643478,-0.5915309357643127,4.440260330438614,11.787095280885698,6.816912149190903,2.4318311195075517,0.32301575705409047,-0.46431524574756616,-0.9520937001705171,-1.266590867638588,-1.5194820672273637,-1.6202872568368913,-1.5633232295513155,-0.8113232880830765,3.3169383847713476,12.188150262534618,11.501158058643341,4.141080536842346,0.9190626811981201,-0.5369666528701782,-0.9664205852150918,-1.2698181760311127,-1.4094007122516632,-1.4920012426376341,-1.4150095319747922,-1.0568296375870703,3.6936651709675785,12.874492001831532,8.543521776795387,3.21711164355278,0.3425222814083099,-0.21076566934585567,-0.6850170588493347,-0.9021399402618409,-1.3704660916328428,-1.5785322976112366,-1.5472039937973023,-0.6504176887869835,5.08895382732153,17.201411538124084,12.174360822439194,5.122479125410318,1.1613326072692869
4,-0.23063485473394393,-0.3277309775352478,-0.277569954097271,-0.05651781260967258,0.6050218701362609,0.16066124588251113,3.70501549243927,16.306482672691345,4.328328561782837,1.598148810863495,2.6400530099868775,0.9352921918034551,0.31917749710381027,-0.11748484402894972,0.17728200718760487,1.925156526118517,2.437938243150711,0.8871352511644364,4.025831559598446,8.078133969306945,2.8312828165292743,2.7619875809550285,2.9681903028488157,0.8855815422534942,0.06763512298464776,-0.01057570219039915,0.2067711713910103,1.840067121386528,2.8590781939029695,0.6905891804397106,2.4678041452169417,6.7969476819038395,1.877959096431732,1.4959360772371293,1.2897128027677536,0.39687043741345407,0.041728823184967054,-0.1651518413424492,0.13808908581733706,2.2292511838674547,2.763773019164801,0.8892246699333191,3.1287211945652964,6.747498906850815,2.573780137300491,1.7362121468782425,0.8298501108586789,0.40498899400234223,0.2757108406722546,0.0750827179849148,0.39003383755683907,2.5549107748270035,3.431580348014831,0.7373510611057281,3.31144594669342,8.300328166484832,2.076665944457054,1.65192041605711,2.0603464061021803,0.9482651385478675,0.11103998363018035,-0.18481346294283868,0.025253147408366185,1.7151577207446098,2.701445038318634,0.2669791780970991,3.1603852039575577,11.358550181388855,3.0153956019878385,1.567049874663353,1.8894516032934192,1.1227645319700241,0.2619328333437443,-0.11517266213893891,0.1467957952618599,1.2816846913099291,3.437637209892273,0.7891138835251331,4.885590236186981,7.222118800878524,1.8512828257679943,1.3602861702442168,1.6099271407723428,0.6600063550472259,0.249355101287365,-0.04257051676511765,0.12077815540134909,1.5106315046548842,1.9788255172967912,0.5069192554056644,5.076046513319016,9.496787196993827,3.3089643362164494,1.95436370909214,2.545426094532013,1.1318878844380378,0.1836171531677246,0.0999096640944481,0.14479298055171969,2.0028968513011933,2.884673174023628,0.7209410306811334,3.827186512053012,6.661773223876954,2.466811477541923,2.1241874045133593,1.7526367901265623,0.6188468056917191,0.009100753515958803,-0.30739636659622194,0.15257625073194503,1.560740094780922,3.9992773631215095,1.1370893074572088,2.805175580382347,7.088623676300048,2.051179386079311,2.202831855863333,1.9285881769657134,0.4959935408830643,0.47639210999012,0.002422200292348864,0.3077793399989605,1.3439155115559698,2.7078153842687605,0.44355728670954697,3.5379612732678654,10.215907921791077,2.552263970375061,1.3101973417401314,2.3595520010590554,1.0627175392210484,0.36419854998588563,0.2579756572842598,0.5911677592992782,1.8982937735319134,2.9120531801879403,0.8190187987685205,1.9430151605606079,7.580348036289214,4.154454544782639,1.7256258150935175,2.598615919947625,1.3553672963380812,0.08779463216662406,-0.09406319342553617,0.08002765625715255,0.8102300572395326,2.474136340022087,0.17945636838674545,3.656746582388878,9.84104730129242,2.0808908879756927,3.050355662703514,3.6253989826142785,1.2018617424368858,0.1722024191915989,0.12849729448556899,0.023059142529964455,2.165519986748696,3.33793600410223,0.5463906386494637,3.1614990153908726,7.419240769147874,1.9214766880869867,1.475703939795494,1.7886742490530012,0.9331525383889675,0.5096788865327835,-0.06312701404094695,-0.009668174907565153,1.7554509007930754,4.325070801377296,0.8462592792510986,4.099279044270515,8.770044021606447,3.072109871506691,1.4489339196681974,3.2010472029447556,2.355513099916279,0.9424017807841303,-0.20913186132907868,0.584756840467453,3.627968120574951,4.275254014134407,0.5991218024492264,4.090125403404236,9.986800060272216,1.6473724436759951,1.995629812479019,1.9388581585884097,0.38821148611605166,0.018704708591103562,-0.34897355139255526,-0.15986279606819148,3.9880161413550375,4.4525032806396485,0.6367249904572965,2.2195977783203125,7.050729131698608,1.4162904095649718,1.7484324160218236,3.152817198485136,0.8330428326129914,0.17774539172649387,-0.22612271606922146,-0.020099914669990525,1.5068461900949477,2.821260574758053,0.7448293119668961,3.733932250440121,6.272189823389054,1.544720859527588,2.8572250129282475,4.005104287192225,1.183108616769314
5,170.76441650390626,135.36185302734376,95.16344375610352,-1.7553215503692627,-12.089003562927246,-10.105847358703613,-7.774363327026367,-6.186775588989258,-4.861881613731384,-3.1932158946990965,6.536129665374756,9.681255841255188,66.23369280338287,107.4831678390503,85.23843130111695,19.611988983154298,-9.016212923526764,-7.715206151008606,-6.206656708717347,-4.992329940795898,-3.981792573928833,-3.0542816805839537,0.9894544446468352,13.283588929176329,48.0576030921936,82.13146385192871,89.34255486488343,10.79505264878273,-7.196433750391006,-5.949526205062865,-4.623785161972046,-3.5965983295440673,-2.9031462359428404,-1.8815428793430329,2.533944786787033,15.214218289852141,52.94928787231445,81.27623863220215,72.59405895233154,25.563024911880493,-6.240766530632973,-5.363186664581299,-4.219034683704377,-3.217742235660553,-2.565698525905609,-1.8563541698455812,1.7277790486812592,16.449586515426635,50.610140635967255,81.55431716918946,84.77988925933838,40.52249349117279,-4.667487080097198,-5.822923035621644,-4.786923310756683,-3.8846168351173405,-3.072130923271179,-2.0642595982551573,1.5645182049274442,15.041076755523681,82.83878963470458,110.55520950317384,80.60647918701171,25.269537279605863,-5.840191049575806,-7.373206839561462,-5.679908843040466,-4.537901082038879,-3.572651481628418,-2.6851223063468934,1.3993651700019836,23.797862273454662,48.02404674530029,78.89844730377197,76.3714213514328,15.962302323579788,-5.905742155313492,-5.525809141397476,-4.598607258796691,-3.6396854019165032,-2.9215452051162716,-2.1479450339078903,1.1126495218276975,16.735296273231505,68.05100758552551,83.81332401275634,103.95967020034789,26.62409262895584,-9.11531249523163,-8.04465057849884,-6.455748457908631,-4.982507741451263,-3.9527867865562434,-2.8661606693267823,0.9251332116127016,15.632656540870666,59.94994281768798,103.94886390686034,68.04421314239502,18.348447155952453,-7.682679759860039,-6.44989979505539,-4.859066815376282,-3.545017275810241,-2.7730988240242005,-1.8545945984125136,2.0147164487838745,24.052164578437804,48.01630626678467,68.61538803100586,78.4252155303955,12.468562381267548,-5.100264863967896,-4.522065329551697,-3.5062077403068543,-2.9013363838195803,-2.4114915871620175,-1.8916423153877258,2.11001317024231,24.069499092102053,68.46185337066649,113.9705156326294,76.52322041988373,13.997739138007162,-10.664758446216585,-8.98573682308197,-6.9846972203254705,-5.366237227916718,-4.153541858196258,-3.0184277999401092,0.8673821866512299,20.09338775634766,61.41408972263336,76.08893304347991,54.68899632692337,20.782206941843036,-3.70634843826294,-4.899160881042481,-4.599751055240631,-3.8265544366836552,-2.8738157939910893,-2.011036363840103,2.2382066649198533,20.989940593242647,60.12512092590332,91.98497735977173,94.6273684310913,31.128705487251285,-8.417611587047578,-9.388981056213378,-8.417264294624328,-7.134914574623108,-5.295140495300293,-3.5833753418922427,1.5458584260940555,15.483123402595519,56.23979093551636,67.3385923576355,72.99666658401489,22.46782263636589,-4.297100934237242,-4.657710072994233,-3.8125305557250977,-2.934650869369507,-2.2490329146385193,-1.5732773840427399,0.9823657637834549,17.556815886497496,66.43121810913085,111.80520904541018,80.12634571075439,34.574076640605924,-6.207043546438218,-5.470696187019348,-4.508137528896332,-3.5724410724639895,-2.8786820220947265,-2.0013465523719787,1.7338582658767698,21.250538177490235,66.86814777374266,107.69184656143189,95.38253425598143,42.54351325988769,-11.03675579547882,-10.510485062599184,-8.622344808578491,-6.671425085067749,-5.133366751670837,-3.509704349040985,2.7648560881614683,22.63962837219238,81.96697239875795,69.21129726409912,71.64930534362793,16.429657604694366,-5.023124210834503,-4.614256381988525,-4.073411555290223,-3.566768894195557,-3.0430098319053647,-2.2203438901901245,5.681711148023605,22.718313336372372,65.5186354637146,85.6653868484497,75.26419369697571,13.595094868540764,-5.1967440438270565,-4.4882001066207895,-3.70690381526947,-3.0482137894630434,-2.6132951021194457,-1.8446406668424604,1.0807524251937868,16.401311202049257
6,-10.556630945205688,-5.181161880493164,9.189471340179443,21.88172330856323,35.1375171661377,132.6049362182617,245.16669921875,371.7301818847656,354.3798522949219,266.9994873046875,75.79186534881592,-5.941267585754394,-9.236196827888488,-0.9797692680358885,19.340184741020202,46.20034276008606,104.4436590576172,225.75355224609376,258.26257141113285,322.96010192871097,344.34524902343753,207.024912109375,70.85082527160645,-1.4311865568161004,-7.253523292541504,4.9393183755874634,14.938124129772188,51.050808334350585,97.82121292114259,260.16497436523434,288.840869140625,364.1201550292969,332.5066253662109,200.72675170898438,85.73039688110353,7.808219892978668,-12.023670139312745,-5.873317651748657,7.917908425331116,27.869247779846187,86.41636646270751,215.72780700683592,276.5070742797851,370.66618286132814,381.2859936523437,260.4266802978516,77.56758497714996,-2.029709763526917,-7.712191247940064,5.034180221557617,13.647652513980864,37.71285002350807,80.5762338256836,187.90484161376952,249.13440002441408,332.31739013671876,326.71910644531255,219.5019223022461,63.056627731323246,-3.4728865957260133,-10.079474353790284,-2.0418045043945314,14.910935213565827,32.49292560577393,82.36289555072786,231.27748413085936,281.59968811035156,361.6236041259766,380.9098168945313,243.08046386718746,95.89620712280274,-1.812591052055359,-11.192982263565062,-4.226271550655365,13.339975574016572,36.74072395324707,88.46682570457457,226.2142558288574,248.92428039550776,373.18043334960936,382.16941467285153,254.34164825439453,108.44784317016601,-1.397258486747742,-12.189724073410035,-3.626953811645508,11.275565700531006,37.87158641815186,81.89148239135741,233.8686318969727,288.5126962280273,344.4706298828125,395.0396295166016,246.71693359374999,98.12528150558472,3.5670093536376952,-11.582076058387756,-0.20866908073425314,7.865090320110322,30.159885463714595,61.60258089065552,213.91308532714842,278.36604248046876,352.7270825195313,345.92759399414064,256.47719116210936,95.50848002672197,-4.207588558197021,-10.535336170196533,-3.0894823586940765,13.640684386491776,41.14612125396728,119.36405708789826,268.3425347900391,273.06437011718754,374.0045867919922,363.0708142089844,227.22408905029297,63.815519371032714,-2.4563706588745116,-11.337192268371584,-0.3590314531326294,13.871096270084383,38.720296707153324,104.98561523437499,287.7175521850586,274.3186761474609,362.65955749511716,343.5357208251953,238.88175048828126,66.18645411491394,-7.978121613264085,-8.818104600906372,10.497453644275662,18.779473161697386,33.611514816284185,71.42577868461608,213.48723251342773,260.80322113037107,351.4107824707031,365.0037158203125,224.8592120361328,91.45149700164794,1.0238482832908633,-11.293742084503174,-1.5655854988098146,11.992787940502165,28.83609696626663,67.28945541381835,190.23388725280762,253.73555755615234,353.0984356689453,368.4846252441406,246.17340698242188,84.30426886558534,0.7886730766296388,-8.208342881202698,5.291483206748962,17.798215839862824,38.24237468719482,85.33884712219239,218.51946929931643,269.5000756835937,355.4405883789062,331.70061950683595,214.70427185058597,74.31560596466065,-3.10654482126236,-9.569989814758301,-3.7413163328170773,10.452445685863495,29.234665203094483,62.85455268859863,221.00274932861325,268.67322265625,364.3535400390625,358.7384350585938,258.01581390380863,69.66689605712892,3.483559489250183,-10.586806888580321,-2.3666466331481937,13.444327242374419,43.81867374420166,106.9483768081665,250.86538574218747,275.31635925292966,366.2879211425781,388.35337402343754,241.1818737792969,62.4898353433609,-1.8993353652954101,-10.148654098510743,-3.4740438270568843,11.033734986782074,46.034368128776556,100.16649269104005,245.84657989501952,287.4846990966797,335.81477294921876,363.5607562255859,220.61197174072268,73.39484367370605,-4.8907043790817255,-11.111812000274659,-3.3627236080169682,9.536698336601257,31.568046026229855,85.51673311233522,219.96583404541016,288.0514624023437,377.0455920410156,392.33006774902344,238.60785491943358,87.85609504699707,-0.37583084225654595
7,-0.7768927335739135,0.4027043223381043,7.999315547943115,20.0961332321167,40.76021270751953,44.56982650756836,82.21322021484374,84.95846099853516,92.17507934570312,75.25744247436523,21.845167112350463,-0.9038352876901626,-1.2251697468757627,0.8564542271196842,6.135037942826747,14.589300746917726,32.974151115417484,56.80625389099121,82.75109939575195,67.11000938415528,89.55748182296753,60.46151748657227,16.556457653045655,-1.1467138731479645,-0.9496391367912291,0.35622694298625,3.8565724408626556,14.83021773338318,35.07909612178803,60.75034652709961,86.39386962890624,71.2487232208252,77.62843032836915,66.44620147705078,17.63733353793621,-1.03472594499588,-1.233327658176422,-0.3281986689567566,1.2440569791197778,11.227378063201904,36.68046579360962,60.91988815307617,91.45208618164062,78.18001403808594,85.4514013671875,74.04527626037597,16.702200412750244,-0.8062042552232741,-1.1312402188777924,0.8582718938589096,3.060126345157623,14.107001819610597,38.650980052948,53.51583740234374,88.39189529418945,75.3887100982666,88.64988220214843,70.36822616577149,17.893631553649904,-1.2920534443855287,-1.0801291155815123,0.21312009692192077,4.87092936038971,18.45973864555359,38.64294040679931,55.37156974792481,89.40124328613283,73.14521240234374,91.88353240966796,74.53510848999024,21.394223172664645,-0.6995552468299866,-1.1323234462738039,-0.060851722955703756,4.667598682641983,13.716524374485015,29.832214603424074,56.15227157592774,83.44434524536133,67.75225463867187,96.34630813598633,71.77190040588378,23.992755241394043,-1.0972390043735505,-1.2506680715084078,0.023290632963180548,4.44041622698307,14.31307571411133,33.24248193740844,59.31808898925781,91.1042286682129,66.90703483581544,100.95412353515626,72.92939636230469,17.077508594989776,-0.7893108874559401,-1.1196264910697937,0.4077952584624291,3.142022409439087,12.725288231372833,30.632739620208746,54.622523193359385,89.49672134399414,71.56826744079589,84.06608932495116,67.75022247314453,20.530059485435487,-0.9668261814117433,-1.060507161617279,-0.16489984631538393,3.150652422904968,11.517939443588256,38.040555973052975,57.769893341064446,77.76794738769532,77.04700546264648,90.13324295043944,61.72057243347168,17.924548672437666,-0.6493662405014038,-0.7915465062856674,0.2747972741723061,4.408505962044001,17.927964310646058,35.93093179702758,64.94146087646484,82.71975845336914,71.30409713745117,89.41971206665039,72.61209518432618,12.961355638504028,-1.3803464615345002,-0.8103141522407531,2.255826921463013,3.559216159582138,15.716815834045411,34.143276596069335,67.12882827758789,90.49386901855469,75.39059326171875,81.57421920776366,73.9437632751465,21.753966865539553,-1.3221165227890015,-1.238542821407318,-0.05016435146331788,3.3644487616419787,15.626673612594605,35.609466323852544,57.17708919525146,86.96808670043944,69.35200241088867,89.55514450073242,69.77014846801758,15.657729406356811,-0.23838964551687242,-0.8181615138053896,0.22377078190445904,4.3960154050588605,15.989834833145142,33.51003002166748,51.36325841903687,81.37281463623046,74.78437759399415,93.90919174194335,72.26949722290038,17.70765504360199,-0.7848858624696732,-1.1524539488554002,-0.1814525681734085,3.5777076894044875,15.140493775010109,30.600267314910894,59.61216384887696,82.82914764404296,77.8483039855957,89.64345108032225,77.12216873168946,21.824489002227786,-0.561399507522583,-1.1703382205963133,0.016362219452857985,4.183216777890921,12.360909700393677,36.64880634307862,58.202153472900385,84.68520614624023,77.01484569549561,101.99433959960938,68.27233367919922,17.16615883708,-0.7140073490142822,-1.0920120656490326,0.12223599657416342,2.808416000008583,14.977039667367936,35.12165126800537,54.02804458618165,88.45176773071289,70.1043963623047,83.54243797302246,68.43251708984376,15.932741277217866,-1.587321870326996,-1.227679989337921,0.15595268398523332,2.524350035786629,17.371891927719116,33.39478151321411,56.378021240234375,100.85248733520508,85.34760162353516,101.69016204833984,66.50359436035157,15.731350874900818,-1.2940765810012818
8,176.10860137939454,180.3516357421875,206.1800506591797,97.74085998535156,14.751868152618409,-0.007014825940132141,-0.7363017082214356,-1.0724361062049865,0.29846779108047483,19.282817459106447,85.38342742919922,151.52209396362304,138.49477272033693,136.15275939941404,193.48686767578127,112.5853448486328,10.906976437568664,-0.01040441393852234,-0.7311771768331528,-0.9678542637825011,1.397821502685547,13.68491225361824,59.19762258529662,101.47173725128172,121.65506971359255,121.81453804016114,157.5393260192871,95.29500015258789,11.286850209236146,-0.08011317282915112,-0.7296298718452453,-0.9173353219032288,0.48569768160581583,18.816987503170967,70.55262912750244,112.52106246948242,123.57813095092774,107.15224639892578,178.2408531188965,140.26283683776856,11.023355371952055,-0.09279741026461122,-0.6143007570505142,-0.9354750692844389,0.6391801524162292,14.504885079860689,67.22931594848633,122.65931121826172,156.5246043395996,139.84206092834472,177.23682403564453,137.49572784423827,13.61855026125908,-0.1622177106142044,-0.7273376521468162,-0.9476380395889283,0.19113428980112074,12.362627977728845,61.96638008117676,120.25308830261228,176.712024230957,148.65396469116212,188.55705642700198,127.42448448181153,17.548950459957123,-0.4977107486128808,-0.7470218676328658,-1.045365690588951,1.1823969942331316,16.96229284763336,82.02643884658814,136.2903783607483,131.4702346801758,139.90041244506835,182.9659133911133,115.46321891784669,9.975936195999385,-0.1462926983833313,-0.6675031542778015,-0.9510455334186554,-0.1579929840564728,13.816981534957886,62.97284307479858,140.0699446105957,162.02948883056644,135.38253814697265,175.6789483642578,113.80875915527345,6.841932095885278,-0.029571711421012892,-0.6809739655256273,-0.9895905888080598,-0.28918304890394214,9.372116661071777,61.81287441253662,129.27224662780765,153.42078987121582,154.039786529541,185.55896026611327,109.91003742218018,7.528031009435655,-0.13397293001413346,-0.7357242757081985,-0.9751461362838747,0.07895057141780852,10.130333363413811,77.37724700927735,144.95027603149413,146.06952972412108,132.39464797973633,177.91892517089846,136.992469291687,11.976946234703064,-0.2538714361190796,-0.7367059752345086,-0.9985328149795532,0.23186996638774873,10.032091691493989,61.53323435783386,141.88319618225097,142.7422798919678,120.93127418518065,176.11884399414063,114.34673225402832,7.091349686384201,-0.09540515065193178,-0.6789631575345993,-0.8861269730329514,-0.16383091807365416,10.483487613201142,61.664350938797,130.99339336395263,139.83157321929932,117.14432952880858,157.3573504638672,118.02229202270507,13.945019774436952,-0.2767703384160996,-0.6890846705436706,-0.9469341564178466,0.12461797982454306,7.059071612358093,61.89143421441317,130.55742908477782,160.13257846832275,107.42529304504394,166.92895538330077,101.6780125427246,12.243631773591042,-0.04480738461017608,-0.7636904779076576,-1.013473695218563,0.3459023880958557,16.08127380490303,78.32047252655028,162.05067169189454,145.50841720581053,137.3059439086914,192.52291931152345,128.38054454803466,11.805531812906263,-0.20947821021080015,-0.7710657060146332,-1.0368753027915953,-0.12571146368980407,13.33273622274399,51.79493545532226,123.35997451782228,188.88133964538574,140.93336517333984,204.9937289428711,137.68231155395506,8.737179729938507,-0.2563812425732613,-0.8083249488472939,-1.0727121651172637,0.5502742382884026,13.56086079597473,65.11075431823731,146.07200897216796,151.86468812942502,137.52542602539066,168.47423583984374,127.80491226196291,8.639944180250167,-0.08846122592687608,-0.7343734121322631,-1.0106106626987459,-0.18945386737585065,12.842853832244874,74.88555656194687,127.34733253479006,150.68269538879395,134.50789543151856,191.94774383544922,104.991484375,7.570371335148811,-0.07513361215591431,-0.714034881591797,-0.9640014743804931,0.08916708171367645,10.46279521405697,69.4804507446289,142.68037048339843,150.79648468017575,124.54922744750976,206.30063201904295,97.83134201049805,10.471296570301055,-0.10802406609058379,-0.6813044928014278,-0.9398161303997039,0.5625682276487352,15.217762192487715,66.98827121257781,137.4885047149658
9,1468.2913940429687,1264.2871826171875,1067.2521118164063,1079.789990234375,921.4763671875,639.9814392089844,627.4245178222657,930.396337890625,1306.0586303710938,1767.4477905273438,2067.5501220703127,1840.7101440429688,1318.6659448242185,1169.6525244140626,1288.2396716308594,1346.2745776367187,1047.5053930664064,681.2418218994142,557.8398590087891,854.1951574707031,1085.9438165283202,1496.8668408203125,1841.1955566406255,1626.1916064453123,1273.2769458007813,1114.628406982422,1252.7114575195312,1157.236240234375,911.0252502441408,642.2031451416015,618.7019186401368,883.5091418457032,1121.77814453125,1596.221555175781,1684.312236328125,1644.7150097656254,1271.7550805664064,989.2222399902342,1218.940391845703,1451.0782128906249,905.8222973632813,568.0837615966797,637.0118682861328,907.4024169921875,1119.6344482421875,1556.81615234375,1795.3234521484374,1616.7042456054687,1487.518684082031,1181.428292236328,1276.9968200683593,1432.4209875488282,975.9840209960937,618.4192993164063,638.2055749511719,890.7900268554688,1140.9589306640623,1594.5090234375002,2002.8164990234375,1697.1536303710939,1598.746447753906,1267.5710058593747,1185.5975952148438,1377.1533325195312,1138.6494482421874,658.3041812133789,606.9306893920898,970.7633184814453,1235.3709252929686,1773.835595703125,2007.9994531250002,1927.7407080078124,1385.4037011718751,1192.4960083007813,1282.7543603515626,1305.0975659179687,1015.9347680664063,519.3815740966796,552.3287902832031,874.0178149414063,1086.9587902832031,1499.1950170898438,1868.0234765624998,1909.72810546875,1490.201301269531,1273.9220019531251,1320.5348706054688,1464.3116308593749,904.8762390136719,576.3132861328124,627.1767199707032,890.6706640625,1244.4268627929687,1584.2827905273439,1905.7218994140626,1810.6929956054687,1440.966572265625,1295.348681640625,1263.4739953613282,1341.9287939453125,834.5978186035156,531.2376257324219,586.513916015625,872.0444946289062,1129.1066650390626,1671.4580126953126,1813.948779296875,1734.5896948242184,1389.3691333007814,1153.4647045898437,1127.827022705078,1579.9093896484374,936.8158813476563,632.8860742187501,569.3517614746095,965.8770043945312,1202.8778771972657,1566.842312011719,1834.2492041015623,1880.2956494140624,1351.0715258789062,1162.1350024414064,1306.4862060546875,1407.161416015625,888.7336242675781,634.9909909057617,561.5044873046876,893.5937951660155,1114.9010485839844,1458.3240502929686,1563.1341430664063,1764.9447900390624,1413.069931640625,1296.0041162109376,1253.990234375,1360.8787231445312,939.9890222167967,552.7978387451172,534.2972473144531,804.1294458007812,1132.2641137695314,1552.7201733398438,2004.9581787109375,1937.3849609375,1542.3005029296874,1028.5646960449217,1263.7349291992186,1281.5040533447268,911.8562084960937,514.8637426757812,597.3850997924804,883.4866503906251,1146.0895446777345,1555.0892041015625,1756.7355566406252,1869.9667285156252,1391.1708813476562,1222.0331530761719,1261.2952758789063,1328.1150463867186,940.1427490234375,611.540149230957,677.5881469726562,930.4473815917969,1285.9036889648437,1575.192421875,1672.8810156250001,1867.2449365234374,1452.64310546875,1129.9844775390625,1357.3729077148441,1371.9818286132813,893.8830798339844,538.0922747802734,494.6604895019532,834.6499780273438,1100.7951892089845,1561.0451611328124,1794.6628344726564,1746.4039575195316,1553.8998706054688,1404.2653405761719,1362.771611328125,1391.0506420898437,851.3151562500001,549.7351794433595,518.2317883300782,827.3646618652343,1143.9551647949218,1504.5244091796874,1900.83173828125,1781.6146826171876,1383.282858886719,1110.8719799804687,1227.7166088867186,1332.9559375,871.9605334472656,584.0503552246093,536.7016082763672,778.7702325439452,1092.514578857422,1406.1589990234374,1900.5083935546875,1810.7090576171875,1359.5731860351564,1071.2450439453125,1356.4662829589845,1303.109489746094,921.4235522460938,687.6511749267579,544.4705548095703,831.2794787597657,1079.2108068847656,1588.3082666015628,1778.7190795898437,1813.1306982421877
10,473.8625793457031,327.0690612792969,416.77124366760256,621.8891723632812,693.4435913085938,392.4546630859375,243.28003540039063,300.83396301269534,436.5155029296875,921.3873291015625,1055.7759765625,547.3562438964843,287.32829444885255,341.6527438354492,506.90655761718756,646.5245373535157,693.7730651855468,394.86909912109377,281.97332275390625,287.8460971069336,511.99097106933596,928.6909448242188,968.1799670410157,515.9626959228515,289.56430267333985,303.88746002197263,479.84700988769526,636.504200439453,633.4008715820313,367.4545568847656,281.1207015991211,310.12086120605466,512.8920190429687,1016.3435693359376,967.9961938476561,555.3614587402344,291.043641204834,265.3921531677246,455.6827508544922,603.8084930419922,698.6532604980468,329.9254119873047,288.3126245117188,315.21635864257803,514.6797607421875,1003.6269750976562,965.7413403320312,552.285919189453,362.23007995605474,370.955114440918,533.9421981811523,643.052490234375,604.6035119628906,357.6900634765625,288.10137329101565,298.67531555175776,501.25829895019535,986.7012915039062,1029.6241064453125,545.2404266357422,358.78293670654296,371.89497039794924,553.0233152008057,630.4159106445313,648.7581713867187,347.6553735351563,283.62466308593747,319.9610040283203,527.0344909667969,1013.4927416992189,1070.0680224609375,544.5347961425782,316.08993957519533,331.31639556884767,541.2888769531249,609.5068865966797,625.5080151367188,298.71243530273443,270.0650982666016,286.49427429199216,511.96076782226555,1036.6742578125,1034.2826440429687,631.3364709472655,327.48151901245114,363.7917670440674,484.4267962646485,654.2133801269531,629.1112725830078,343.76589843749997,276.855199584961,314.7470764160156,551.1329272460938,1028.0120898437501,1042.6756738281251,612.0438464355469,329.2605090332031,358.571483001709,575.4706115722656,658.2543322753907,564.8597796630859,320.3349111938477,290.0609210205078,324.8984033203125,497.0224877929688,963.3570898437499,1070.5870385742187,551.8145404052733,341.2379852294922,316.142884979248,455.6951531982422,654.338455810547,637.412744140625,331.9647546386719,273.37596679687505,326.95099456787113,543.2085827636718,1009.8554467773438,1052.3612548828125,589.6765643310547,310.4901136779785,337.87866760253905,574.0607110595704,627.0867578125001,626.9541259765625,339.6120764160156,267.13425598144534,291.49658630371096,486.02415771484374,1000.7944799804687,982.0168188476562,523.3259106445313,316.44684661865233,292.88475425720213,487.57986938476563,636.611782836914,617.1225354003907,354.8510467529297,283.9139923095703,331.0856762695313,511.44109375,1002.4669970703126,1061.1083276367187,592.4632641601563,343.817096862793,339.23826171875,443.74784790039064,571.2617004394531,613.28259765625,346.2857952880859,276.8559887695313,314.05757202148436,528.2756335449219,999.2185668945312,965.2838403320313,602.2403198242188,331.02765411376953,335.20541015625,570.3008862304688,676.6520361328124,624.7254864501954,330.46693176269537,265.4703466796875,305.2662780761719,514.5454418945312,996.1037231445313,959.0476000976563,607.7528076171875,355.63818191528327,330.52744384765623,506.56690460205084,606.6288891601563,542.7115649414063,323.23039001464844,248.28628784179688,319.33269958496095,508.15695983886724,1022.7218066406251,1063.3040087890624,550.4778448486328,378.39628784179683,351.52318572998047,543.1348815917969,654.9076452636718,654.7578076171876,347.7951312255859,285.3118609619141,296.21849060058594,556.3146252441406,1015.2839697265626,1043.1357202148438,546.4416613769531,278.07273956298826,290.04064529418946,437.0213647460938,663.2215551757813,623.4476220703125,353.436716003418,303.39758117675785,321.83803283691407,535.3617590332032,993.3406713867187,1001.6182373046875,502.3685412597656,287.9610227203369,308.2177629089356,555.8771557617187,641.4473419189453,647.6193688964843,376.34676635742187,291.69507751464846,308.9916262817383,527.6073657226563,946.6451452636718,1022.5283569335937,521.3154107666016
11,-13.026762390136719,-13.499435424804688,-12.855123901367188,-9.588154983520507,15.85722074508667,44.16131172180176,225.87882537841796,654.0444030761719,538.5009887695312,167.5076675415039,0.8323186874389649,-9.147227573394776,-12.91533670425415,-14.091376266479491,-13.844238357543944,-10.00981001853943,11.832971123456954,72.36039558410644,246.8896011352539,531.6603881835938,341.1004605102539,79.34498746871948,-2.378086290359497,-9.974663009643553,-10.417720317840574,-11.606578025817871,-11.541226482391357,-8.290412611961365,15.229087772369386,65.32155782222748,210.95517852783206,471.96959228515624,286.41204040527344,60.240063171386716,-2.32076865196228,-7.791319522857667,-11.586525583267212,-12.734869861602782,-12.61816007614136,-8.453074629306794,15.804303073883057,67.1160329246521,240.17897369384764,517.5345758056641,276.72122467041015,75.11413610458375,1.1345927572250365,-8.099522285461425,-11.616658744812012,-13.159447135925294,-13.241181812286376,-10.091056513786317,16.5383033657074,51.52869699478149,235.4007015991211,552.1350225830078,289.1028009033204,78.12876266479492,0.4952974796295166,-8.644815692901611,-9.701778984069824,-11.261526489257813,-11.504277973175048,-7.097018527984619,16.831354522705077,36.10639766693116,218.179375,594.4011596679687,356.37644958496094,74.7583422088623,0.6861258888244631,-7.2034355163574215,-12.83548994064331,-14.180995864868162,-13.921283569335936,-11.040666193962098,5.989197192192077,56.640401477813725,277.7080192565918,562.7445428466797,314.96618286132815,82.54274793624877,-0.452929472923279,-9.293911685943604,-13.390375671386717,-15.10648687362671,-15.152019538879395,-10.922806415557861,4.674717755317689,52.56449813842774,257.5600573730469,657.1350372314453,369.82998321533205,73.92859764099121,-1.4593649768829347,-9.991677045822144,-12.84971450805664,-14.28529706954956,-14.243024291992189,-11.758551692962646,6.300998554229737,49.81654527664185,247.83596725463866,562.171820678711,341.75590118408206,91.66359081268311,0.2245492076873779,-9.406662654876708,-10.552379302978514,-12.448737583160401,-12.581992321014404,-9.593998756408691,10.65389856338501,52.711004123687744,238.79271453857422,544.8317425537109,305.7039208984375,84.81560905456543,2.1943768167495725,-6.6252885437011715,-11.553582801818846,-12.989209480285643,-13.088661079406739,-9.274487009048462,10.985585861206053,60.73205451965332,205.17310729980468,546.1254864501954,308.3812666320801,61.94936401367187,-1.991628608703613,-8.972908668518068,-9.97812047958374,-11.059342079162597,-11.411324405670166,-7.23128589630127,7.101237487792969,65.41964828491211,201.033505859375,470.81406677246093,287.12803741455076,55.45856861114502,1.1699955511093139,-6.970993213653564,-10.780004863739013,-12.107628898620607,-12.241134014129639,-8.950053286552428,9.614161796569825,46.18214286804199,223.45998153686523,540.7036499023437,317.87120376586915,69.96436000823974,-0.821341400146484,-8.388874607086183,-13.453985519409178,-14.900380249023437,-14.694337043762209,-11.017284374237061,8.048513927459718,43.04490880966186,210.69035995483395,569.6089617919922,351.8562127685547,62.12896434783935,-2.775130157470703,-9.949194736480711,-10.034685611724854,-11.561708297729492,-11.734412555694579,-8.381461582183837,5.7798517274856565,42.551026601791385,210.8995944213867,504.5148999023437,317.4981439208985,76.93072824478149,2.993988304138184,-6.9731709766387935,-12.36169054031372,-13.613200378417968,-13.434036979675293,-9.956156766414642,11.440355606079104,62.58268646240234,217.7898587036133,618.5509197998047,316.01353454589844,79.92826625823974,-1.3167823410034178,-9.053525524139404,-11.30294776916504,-12.58131118774414,-12.402604351043701,-9.376313657760619,10.89147536277771,32.746203842163084,213.32306381225584,499.9740185546874,298.8328042602539,59.82140470504761,-0.6534991359710691,-8.197032623291017,-12.130813694000244,-13.487812881469727,-13.486449851989747,-10.495345706939696,8.844124431610108,49.27734979629516,251.70785705566408,651.275015258789,295.75339385986325,71.34566848754882,-1.8691983628273008,-9.259532918930054
12,16.11150989532471,9.639320278167725,6.9955644607543945,1.8847929954528808,0.26370519772171974,-0.06989183351397513,0.02953308261930942,0.060611488297581714,0.12663142681121825,0.9943659424781799,12.345878887176514,18.734869289398194,26.468200969696046,20.17646397590637,10.155386171340943,2.011071218252182,0.4806677723675966,-0.02421530451625583,-0.1512757769599557,-0.045264052376151075,0.3805317827872932,2.1518050552904606,8.807238748073578,15.217757911682128,22.02405921936035,18.270420157909395,9.981176553964614,2.580829265266657,0.6306750440597535,0.49965736463665966,0.20041543900966646,0.14193642744328824,0.2663406868651509,2.594351044930518,8.204577674865721,15.609041945934298,22.513859310150146,19.3886411857605,11.861190581321717,3.178019913397729,0.6676429328322411,9.995513129978372e-05,-0.04768529456108804,-0.15312796579673887,0.28140133831650016,1.4996138399094345,7.865955989360809,24.026174011230466,24.443903808593753,24.115257217884064,6.886075560450554,4.071114229187369,1.1802176443487407,0.14349191062152386,-0.16442110859788955,-0.17048972993157802,0.13042930290102955,1.4547576152160762,7.5426519435644135,15.570929622650146,22.692448368072508,17.371240458488465,12.390036015510558,6.2956232601404185,0.9414410194754602,-0.02335956860333682,-0.1367384811886586,-0.016249939482659088,0.17022893723100424,1.470955629348755,7.678512210249901,14.675249989032745,23.570068855285644,15.973863455057145,11.10828183054924,2.912717413306236,1.1286105810524893,0.4701404240727425,0.4523981801420451,-0.07082607302814722,0.44412279196083543,2.07909666210413,5.590908513069153,14.053144192695617,17.59444807291031,17.571744215488433,21.462529203891755,4.092013890594243,1.4657014738582075,0.19015894003212455,-0.075390433780849,-0.19243915785104035,0.030135177318006766,1.052283594161272,6.856793441772462,18.374851055145264,27.26115029335022,13.769090797901153,11.47554289340973,3.692006837278605,0.638105354756117,-0.04548326075077056,-0.12532135572284459,-0.12368970964103938,0.09258971102535725,1.8107539397478103,6.65495991230011,13.505630983114244,25.71162269592285,28.67788157939911,14.790914206504823,4.30111524567008,0.34145796895027164,-0.18730870112776757,-0.09215062797069551,-0.07742674417793749,0.15537014923989773,2.4129716860502963,7.231311848163605,13.498400535583496,27.611913909912108,24.328025856018066,12.119766921997071,3.1403057599067687,0.5882486011087894,-0.07736219145357612,-0.2525482987612485,-0.2218092216551304,0.08469005815684796,1.6137428870424628,7.713199591636657,19.967756309509276,21.36697163581848,18.5372558927536,14.189362297058105,3.8843991822004313,4.089613010287285,-0.03627214889973403,-0.29280401825904845,-0.29169129572808744,0.72098060679622,1.4887986592948437,7.874039795398713,15.82099123477936,26.781089036464685,15.0958757686615,11.126058959960938,4.296038312613964,0.2979515804396942,-0.20119482632726426,-0.22356229115277526,-0.23746763788163663,0.19153618352487684,1.607228049635887,7.499287470579148,14.989200897216795,19.01131579399109,20.855063490867614,13.654918570518493,4.843663236796855,0.6107465534005314,0.45062299216166135,-0.06952532438561321,-0.10033609810518099,0.5181948573887347,1.6670762025564911,6.630786998271942,11.888994698524476,23.23567664146423,24.83162184238434,6.63167614132166,2.779809442926198,0.09436335967853662,-0.025896008010022353,-0.11187293110415338,-0.06971135690808294,0.2389572094753385,2.982777127176523,9.029046230316162,15.527525005340575,24.98877755641937,17.73279878139496,7.407587957382202,2.49344883846119,0.8428666879981759,-0.07892068408429623,-0.034552295468747614,0.035918913022615,0.11911818642169239,2.278620790010318,8.42431064128876,18.371067428588866,24.029990158081056,20.70576145887375,10.505099442005157,1.9530246644467113,1.4917565170628948,0.0587649051100016,-0.12533931033685802,-0.05282022569328544,0.45811735369265083,1.4937561440467835,7.115556980371475,15.165096769332886,28.59571660995483,21.380743312835694,9.04902642250061,2.9246658623218535,0.5676720394939184,0.002284169644117365,-0.09998806819319724,0.03846065145917238,0.27184407081454987,1.7377662056684493,6.462317481040955,14.398359394073486
13,364.7302490234375,430.8261016845703,223.4847412109375,152.0303955078125,73.4211555480957,105.83304138183594,128.8287124633789,59.51620750427246,29.310254287719726,23.664908027648927,60.96019439697265,272.8907241821289,411.2598553466796,392.6100909423828,309.6863891601563,111.656162109375,79.86021064758302,69.92013458251954,90.90144042968751,51.167674407958984,20.984104627370833,16.556591796875,58.30650199890137,191.61291313171387,416.09274230957027,454.7827368164062,271.3284887695312,132.81915847778322,80.30769989013672,71.12660686492919,88.48606941223144,63.03656044960021,25.74488001346588,17.431054800748825,53.1053803062439,178.0411033630371,443.7923614501953,486.71132690429687,296.56900299072265,147.7865447998047,115.86822006225584,74.4266603088379,103.04002235412597,77.2615769958496,38.464799070358275,19.26095548301935,47.15224666595459,162.63354499816893,358.17045776367183,449.3938836669922,364.8766845703125,134.96485481262206,94.35741453170776,71.42547336578369,86.93176635742188,69.52533632278441,28.99734951496124,27.22082448482513,60.4786515045166,197.54224517822266,381.11926696777346,436.7796820068359,238.15586853027344,153.55401382446286,90.89456504821779,72.85643428802491,97.43293754577635,82.19108055114745,34.71300239205361,17.58037253379822,47.278516044616694,182.31864486694334,394.31895812988284,417.99757690429686,237.1098278808594,125.1902459716797,81.98847373962403,72.35110929489136,98.34642723083496,73.06371566772461,33.018444609642025,21.686925945281985,57.297945823669444,181.8314018249512,425.311142578125,439.94739746093745,244.37327423095704,134.31114826202392,78.49921264648438,72.28174201965332,93.85815368652344,71.53200401306154,26.94591720581055,21.926471104621886,60.78962017059325,173.35158882141113,353.23031433105473,404.4983331298828,288.4478955078125,167.25198406219482,108.56909149169921,82.73156448364257,92.12078506469726,58.152565155029286,24.382074451446535,11.207937746047975,41.05710420370102,177.42364295959473,393.08435302734375,456.79923828125004,316.9697399902344,119.88028701782225,91.09399623870851,72.6813263320923,104.41851867675783,66.01744270324707,28.243292407989504,17.783830161094667,52.66471180915833,195.3666635131836,385.7956945800781,434.6133898925781,341.15366699218754,131.30041107177735,87.76691520690918,81.32766716003417,81.63731750488282,62.46021427154542,26.814769010543824,18.188460553884504,40.88529557466507,147.30772243499754,346.91833923339846,432.90925720214847,284.77357971191407,146.50544158935548,90.10664031982421,80.75013263702392,91.83992256164552,81.2232592010498,25.785111232995984,14.437354335784914,41.15866552352905,133.88332572937014,380.40153747558594,476.60576782226565,295.9714956665039,145.55427902221678,92.33623207092285,79.96942237854005,109.00729362487793,70.93705230712892,32.185919237136844,17.134658055305483,30.94119247436523,195.70338531494139,389.7312438964844,437.9654852294922,270.93550384521484,143.18604637145998,98.31405403137208,66.48519351959229,89.58127479553222,83.60513751983642,32.05151183128358,21.246038155555723,63.4507381439209,201.66197158813478,389.1549896240234,460.72975585937513,262.2211538696289,149.77425086975097,99.78963485717773,67.98829574584961,95.0582403564453,63.40471282958985,23.799170579910275,10.594329187870027,42.200986232757565,170.49016006469728,300.80752563476557,469.5335665893555,303.46783752441405,146.54489265441893,65.63739440917968,74.85935333251953,89.9247646331787,71.79298431396485,32.107994680404666,17.071612486839296,57.751119232177736,184.13143646240235,369.42197265625,422.4448168945313,254.72110412597658,147.3476914024353,77.3103490447998,69.50847915649415,87.78605819702149,59.256956596374515,25.05382086753845,14.998717545866967,68.7603725528717,178.38893249511722,383.9657440185547,409.66392578125,267.95017639160153,140.8202269744873,115.27440647125243,89.68226264953613,107.84642547607423,77.7685143661499,29.64123818397522,19.049311730861664,48.869856233596806,153.88924980163577
14,0.8352421441115438,0.6367306026630103,0.4218366712331772,0.1444880118593574,0.09127528239041569,0.05723759252578024,0.00710023269057278,-0.01296231849119062,-0.022959335707128,-0.02863519736565646,-0.02858373965136706,0.0009442280512303002,0.17875410514592657,0.37786936383228753,0.1704791135713458,0.03300520185381175,-0.016113179884850948,-0.014910517083480918,-0.016147573166526815,-0.016928439424373172,-0.013630980509333257,-0.015373329314752437,-0.00880133583210406,0.030987821626476935,0.2949692425985995,0.37655223838984964,0.1229013147065416,0.015717163927620285,0.000947060654871186,-0.0010620499425567482,-0.004047446601289232,-0.007295227620052136,-0.009475513647193972,-0.00558155244041696,0.0011509916410432396,0.0393404811178334,0.26685247144894675,0.44173275262117395,0.17900126311928033,0.018445627223700294,-0.01594606319791634,-0.012846888478379651,-0.014380932440981228,-0.016062617842107975,-0.016701527165714616,-0.015943408529274138,-0.011596425510942917,0.048212757767178135,0.1453884708881378,0.2788598710671067,0.28632333818823097,0.1984059690561844,0.05585271204006861,0.022772432846832096,0.009692540147116254,0.0012390781793510637,-0.004662669918034204,-0.005063405566033888,0.0055605756920704295,0.021071130546042687,0.25552158119156954,0.4375407822430133,0.34635337278479705,0.12029577357694507,-0.022464506507822057,-0.023482310929102784,-0.024501118914486118,-0.0275788687507156,-0.030002077685930956,-0.030663930132286576,-0.015493362499400976,0.058615302746184164,0.21737150923348958,0.342431899216026,0.31273865452967586,0.12087845769478008,0.02457465007901195,0.0029616796411574163,-0.0038282186910509677,-0.010837389975786163,-0.012799041941761924,-0.013815556671470353,-0.00593842797214162,0.048492905558960075,0.22885912605212066,0.34680643055588006,0.3687542323861271,0.18638715794775634,0.030586341735906925,-0.001651131119579051,-0.013774922750890234,-0.02087157850619401,-0.02260738648998082,-0.019270941950380777,-0.01161063488572836,0.033956023755017654,0.2894007889181375,0.4897388529777526,0.19220943935215473,0.0013725773303303866,-0.01134341189288533,-0.007925547248887561,-0.0076530703641037295,-0.010620192381902569,-0.014204618259827806,-0.013565234234956713,0.00581013232644182,0.008630287196720016,0.2844138839864172,0.3853343337960541,0.2466190621629357,0.07437735188927036,0.016209695512079653,0.002602351453970216,-0.002878449111012709,-0.006464251899160417,-0.008822103251004566,-0.009249890985665806,-0.0047121276240795675,0.0429945250955643,0.45500934593379494,0.5286922089755535,0.3272170091466978,0.030576962046325224,-0.00454757419181986,-0.019054665882140366,-0.024215551940724226,-0.028932812521234124,-0.034049959536641805,-0.03467480853141749,-0.024906115005142018,0.029818195989355423,0.15303637040313328,0.2509224928473123,0.11859729258809235,0.02432555049890652,-0.009030036968179006,-0.008748335768468632,-0.009905970105901319,-0.012731976803333933,-0.012371445199823899,-0.012875496277119933,0.0018399414175292138,0.04832788327650634,0.25941165804862976,0.35063244359567763,0.351001562688034,0.12827281884849073,0.008145743443164996,-0.0069079400878399285,-0.008935897292103579,-0.011246281513012907,-0.01218804351054126,-0.012267120889155155,-0.0005331228621071073,0.04080810602754355,0.14670436898246403,0.3195402346551418,0.2369094234627846,0.08476048646494747,-0.008110641211969763,-0.0067810606764396476,-0.005410287899430816,-0.006300287178019032,-0.005840564516838611,-0.006351632408332045,0.0003062705130105486,0.052449200018309036,0.18888061835663392,0.4256058640952688,0.1339733175560832,0.08411853397265076,-0.0034651840210426386,-0.009835273483768076,-0.013808250572765201,-0.016664503472275063,-0.019271390680223655,-0.019334623799659258,-0.0033529278845526077,0.031608803966664704,0.26528866605833173,0.371219362616539,0.30304234206676484,0.04918733809376136,-0.007701044809073179,0.0014820314012467986,0.00012546555139125552,-0.005115348743274783,-0.007003820126410552,-0.007305915186298065,0.0021936225292301967,0.04653772595105691,0.22840242790058252,0.26824486352503296,0.1839031049236655,0.03969274198403581,0.0140395652409643,0.003446869887411609,-0.002460642415098835,-0.010040317806415228,-0.014497562840115243,-0.01583601583959529,0.013996951049193743,0.03306270219851285,0.1946498237736523,0.3852032817527652,0.20508594952058043,0.023388350937748326,-0.0035703877080231735,0.001496678115800057,0.0018984122993424759,0.0014086045592557913,-0.0003825496614444757,-0.0033570561508531487,-0.0015581442543771006,0.04156882679788394
15,-4.595298099517822,-4.809370374679565,-1.496004581451416,12.639514136314393,36.31843032836914,62.5798095703125,147.60669403076173,366.1146667480469,335.79575500488284,144.52490844726563,6.307589864730835,-5.347186279296875,-7.221659488677979,-6.205215663909913,-3.4638288402557373,6.100720419883727,37.31621841430664,85.88177032470703,165.62282135009767,293.98760681152345,283.78187316894525,81.09159713745117,1.9379547739028928,-6.496568393707276,-4.964653749465942,-5.06243327140808,-3.0690119934082034,8.442464022636413,41.12865924835205,83.41281913757325,157.4049102783203,260.48072021484376,218.07660156250003,75.27124916076659,4.774296388626099,-3.794348592758179,-5.7659609031677235,-6.109443073272706,-4.538177771568298,4.246458144187928,43.18716245651245,86.06237472534178,171.45587646484375,313.2843817138672,225.1353338623047,84.95532501220703,5.612603628635407,-4.547425966262818,-5.212192888259888,-4.876699266433716,-3.4406059336662294,5.350500686168671,37.041996536254885,73.45955551147462,156.57018096923827,289.18617858886716,208.14544738769533,81.59144607543945,6.227672743797301,-3.854239273071289,-4.689167432785034,-4.813135356903077,-2.4027629041671754,8.79572783231735,42.7306547164917,65.59831848144532,155.02557281494143,286.1560467529297,253.03326171875,83.1405841064453,7.552925522327423,-3.6922813796997067,-6.261008892059326,-6.286213283538818,-3.793774261474609,4.8016000604629525,28.538679389953614,75.35939834594726,201.60807189941409,320.6863949584961,247.49028961181642,91.34103801727295,6.7466232919693,-5.663433599472046,-7.1322403907775875,-7.182842350006103,-5.065155472755432,4.7167959308624265,30.508606586456295,74.61946365356445,165.87789337158202,347.8120788574219,276.93877563476565,85.48610473632813,2.5682353353500367,-5.84350579738617,-5.641769933700562,-5.889427909851074,-3.396803617477417,4.387477421760559,28.68345914840698,73.1485806274414,163.1020037841797,298.16647766113283,238.33373413085937,95.28910957336426,7.324722578525543,-4.27059620141983,-5.016809034347534,-5.317795639038086,-3.3425931692123414,4.1105922102928165,37.70410155296325,72.19919372558594,155.49973022460938,288.36035339355465,227.2609878540039,86.2201042175293,7.173028624057769,-3.7235648036003113,-5.443931407928466,-5.611089563369751,-3.8205262112617495,6.4198434877395645,32.50261044502258,86.45844009399414,151.65723236083986,298.83320800781246,235.2691082763672,76.23303657531737,1.443019950389862,-4.453700275421142,-4.399589414596558,-4.475417408943176,-3.787897644042969,7.015128738880158,35.26740398406982,85.83214248657228,145.47260101318358,265.13373596191406,224.5890899658203,75.11967842102051,6.402402260303498,-3.2802614068984988,-4.414347496032714,-4.751407089233398,-3.694999675750732,5.050865898132325,35.01966484069824,73.36295639038087,151.04973419189452,276.9464428710938,241.16006927490236,76.91784385681153,5.821605756282805,-3.2060148048400876,-5.7336783123016355,-5.649188823699951,-3.996506543159485,6.894821887016296,35.07420879364014,70.083546333313,142.705027923584,299.0718188476563,251.33993255615232,69.97551071166991,3.013248686790466,-5.057126874923705,-4.574090099334716,-4.949963788986206,-3.0736715865135187,5.813601336479186,26.82959314823151,70.6577200317383,149.6850674438477,281.0900659179688,235.74505920410155,86.98148048400878,7.691509397029877,-3.180685114860535,-4.974733781814575,-4.952162218093872,-2.7405264616012572,5.25796933054924,36.087651290893554,83.42546768188477,154.57812225341797,304.2129278564454,239.53627502441404,85.92969032287597,4.262140049934387,-3.913708448410034,-5.056227254867554,-5.1721013641357425,-3.483900651931763,6.10716680765152,36.036110916137694,64.37403160095215,156.25758239746094,281.66339599609375,239.87278198242188,69.01785293579101,4.65334988117218,-3.8818404388427736,-4.923178939819336,-5.158699035644531,-3.771907606124878,6.230185110569001,34.0887784576416,72.55759262084962,163.79461837768557,328.81221435546877,226.31841461181642,78.86919372558594,2.8697232425212857,-3.9795674896240243
16,17.84289655685425,12.329365730285645,36.95168190002441,69.14527206420898,112.66378631591797,195.80438232421875,334.08653869628904,532.8704711914063,419.6046890258789,211.34082641601563,158.05500411987305,42.075025939941405,25.32856649398804,23.654847259521485,69.56398483276368,141.89011260986328,171.662967376709,210.40944641113282,330.38773376464843,429.00287109374995,283.7788906860352,137.43731704711914,97.79204906463625,49.41623706817627,31.079773960113528,28.992423439025877,61.31752527236938,93.78656063079833,169.78518920898438,177.17269256591797,314.3042645263672,440.4168212890625,260.414609375,129.21008850097655,68.87812311172486,34.08088758468629,27.472445793151856,28.155274467468264,63.90820430755615,127.51336341857909,160.5014630126953,241.87090545654297,345.9676007080078,418.47717407226554,266.12641784667966,160.03795799255371,67.1342433166504,35.23062747955322,32.296463375091555,32.14676399230957,62.78435866355896,139.37748741149903,140.21505950927735,186.99928955078127,320.4237646484375,433.30981933593756,277.17016174316404,158.87232978820802,109.37311248779297,41.910085697174075,28.312320194244386,20.423314123153688,54.19413074493408,123.53240921020509,148.83465408325193,132.48734634399415,342.6564666748047,464.40737365722663,289.54757415771485,146.2409147644043,91.53886726379395,53.52255798339844,29.887913858890535,29.44018696784973,66.24529193878175,118.06745269775392,188.1789709472656,175.82314910888672,368.3991107177734,427.28117309570314,273.2348889160156,136.68040466308594,74.24694190979004,50.32726789474487,31.29354106903076,28.936985092163088,69.57681846618652,157.1195690917969,156.59153366088867,189.05319229125976,386.4412957763672,453.4868115234375,309.03225952148443,139.27905059814452,106.26968276977539,45.938364830017086,36.016702251434324,27.306406183242803,61.89325389862061,124.0676936340332,159.7137794494629,194.47814117431642,395.8587933349609,475.89022949218753,295.4884301757812,143.50323867797852,79.6434465789795,50.46152931213379,30.216537227630614,31.405699329376215,61.891772804260256,152.9487469482422,177.67798431396483,209.46254165649412,317.7110534667969,462.0715014648437,273.93273284912107,153.87021621704102,86.53405967712402,47.228238105773926,34.759218225479124,31.919608612060546,61.05764015197754,130.2333517456055,165.91208404541015,191.4340693664551,336.6161083984375,460.3572021484375,305.2723974609375,128.46334747314455,96.84285186767579,58.75526607513427,33.51844913482667,44.680739707946785,79.76985767364502,128.30332260131837,167.43897857666016,194.68750122070313,297.9713473510742,434.1711730957031,271.90330291748046,120.8643698120117,99.3439395904541,65.92313026428222,44.95706443786621,28.759083671569822,65.25072490692139,113.2786403274536,153.67661315917968,170.36171630859377,343.7354406738281,444.25155761718753,288.67173645019534,134.6067572784424,103.25135757446287,47.6626764011383,30.1543896484375,32.906069822311395,56.42516302108764,116.44258331298829,155.41479583740232,193.54812438964845,349.3148931884765,476.73740112304694,291.7013104248047,135.42348754882812,88.29781688690186,54.446925506591796,48.35394118785858,33.572506179809565,77.99886566162108,128.3369681930542,181.27536560058593,167.43964294433593,324.7703887939453,459.60535583496096,285.4318325805664,128.58093521118164,75.0245664215088,47.55037731170654,34.65778148651123,35.79857528686523,81.72783363342286,136.84837692260743,153.76813354492188,192.43053436279294,349.153558959961,426.8027056884765,304.2680435180664,174.03683029174803,98.42230941772462,46.349066829681405,34.12380791664123,33.52522098064423,69.87723064422607,152.3682275390625,150.7105059814453,145.70552734375002,346.35713439941406,435.05494445800787,290.3762686157227,152.19695709228517,108.29510345458985,64.78673240661621,35.383232545852664,31.172894783020023,74.16744583129883,123.29628402709962,136.20837280273437,210.56730621337888,385.54729431152344,430.5465716552734,275.1437924194336,166.43578643798827,92.10697158813477,54.236196670532216
17,8.829684448242187,7.44278495311737,3.808449447154999,1.5946632027626038,0.7811310887336731,0.15589210167527198,0.020126796886324905,0.06814072383567688,0.2624324436299503,1.2415167033672332,9.713678926229477,7.11456298828125,8.535765209197999,12.561578941345214,7.222275309562683,1.4191345296800135,0.376865199059248,0.45679858893156056,-0.055973926372826076,0.19196713890880343,0.3324715266190469,2.7565769374370577,4.677658183574676,10.031821527481078,10.259086947441102,12.372585332393646,10.086614933013916,2.368275708556175,-0.11609401665627958,-0.25729533091187473,-0.3299719206057489,0.1909865930955857,0.2809963945485651,3.3188678002357483,5.957005349397659,8.415519652366637,10.867805438041687,10.12052210688591,6.815201181173324,2.5988820779323576,0.4419768331944942,0.2345248116925358,0.02299356883857403,0.21757078051567075,0.416436926163733,2.1860266381502154,5.966729388237,9.207880659103392,7.985732450485228,9.885631351470948,5.292746939063072,2.6085441583395004,0.46394526310265044,0.07650111402384938,0.09064650677144527,0.17762016476131975,0.535284658735618,2.2772790552675723,4.658115112781525,7.684421951770783,11.004619793891909,10.5172678565979,8.58090401172638,4.813865540623665,0.7653898778557778,-0.12280363503843546,-0.16666178550571203,0.27860266787931326,0.5455618532747031,2.407712720632553,4.611977620124817,11.189470014572143,9.985741157531738,8.390431854724884,8.014265078306199,2.6936484649777412,0.8832603756710888,0.34743822207674385,0.08431589753832668,0.23624078541994092,0.8233541337586938,2.4073371013998983,4.429223991632462,10.142003383636474,9.76305308818817,12.209255528450011,11.499251117706297,8.156779085993767,0.25348514311015613,-1.3572305289283393,-1.3314544583112,-1.1333961893152444,-0.9002871402725579,0.6386491781473159,6.0457274317741385,10.446772582530976,9.54859504699707,14.050041251182558,7.024141887426376,1.9854160480946301,-0.3095020004920662,0.03190761458128689,-0.06773095257580279,0.17670321132987737,0.33743681260384617,2.5467800759896635,5.677906496524811,7.314182472229004,9.734649019241333,10.65437979698181,4.851317405700684,2.5827701246738437,0.16729449570178984,0.01807217832654715,0.08785876356065274,0.13529294001869857,0.5424234553426504,1.980150597989559,7.339381756782532,7.621554344892502,11.22487575531006,11.85506004333496,7.037692691087723,1.956410933099687,0.19682851515710353,0.09058616284281017,-0.05606060713529585,0.2147511959820986,0.473697209469974,2.6666806449741123,6.106939930915832,8.879774298667908,12.82721525669098,9.270574188232422,7.744356534481049,2.942191977500916,0.8894292449951171,-0.39125485241413116,-0.3108944942057133,0.10006042046472427,0.5245552961714566,1.9774711650609968,5.864088065624237,8.554542903900145,11.785606174468995,8.514391713142395,7.050761642456055,2.6822354244440794,0.3205252190679312,0.07837992454878986,-0.0088370532914996,0.17512820098549126,0.6959830279182642,3.6295479410886764,5.06360779762268,10.540622129440308,9.753918080329894,7.801684107780457,8.349008247852325,3.383259566128254,0.7932065606489778,-0.035261060521006596,-0.12306209221482275,0.17844200503081084,0.4834634589776397,2.334870572090149,4.740998896360397,8.018732795715334,7.934073219299316,9.960776057243347,5.807529947757721,2.5425541615486145,0.30596298307180403,0.012323734778910878,0.04692102551460268,0.38816560932435096,0.44626742217689747,3.26522217810154,6.68192880153656,7.310120527744293,10.05007306098938,10.405197262763977,7.457909150123596,2.846961892694235,0.4015383566543459,-0.17884224202483895,-0.003744036704301808,0.4925139726698399,0.2360182015970349,2.1490625894069675,4.866200530529023,7.18660670042038,9.3053470993042,12.486754326820375,7.030075051784516,1.9191002815961837,0.606438476741314,0.2694233646988869,-0.03495461380109192,0.1620284322835505,0.6589564960449934,2.476806512847543,6.28519895195961,7.90459047317505,8.18908917427063,9.097996973991394,7.993979777991771,2.7843143042922023,0.21689403429627419,0.1789711866993457,0.05708690069615842,0.28185281259939077,0.3632015733420849,2.8295401698350906,4.996451151967049,8.606598920822144
18,16.52909345626831,19.20081353187561,30.062539672851564,45.28661632537842,39.18178291320801,46.09762535095215,61.938384246826175,92.00858268737792,63.122826766967776,50.00797691345215,35.39646530151367,21.06396942138672,27.0158412361145,23.873801345825193,44.586281499862665,72.27806961059571,50.2827787399292,30.81315662384033,61.83051330566407,73.3675609588623,38.78647443771363,29.687169828414916,26.815724511146545,24.275745134353638,26.13602747917175,25.90065732955933,45.22259994506836,47.318001403808594,62.94915748596192,25.884409065246587,53.38020530700684,75.42451538085938,40.288035850524906,29.82314165115356,15.305285668969153,17.29707642555237,22.55589560508728,24.128558688163757,42.307965421676634,70.88205245971679,48.58674028396607,38.1366191482544,56.398231506347656,70.221556930542,42.26899765014649,33.125077629089354,13.159899559020996,13.874521856307984,26.578272418975825,29.32037059783936,54.58223134994506,76.03329982757569,43.60442802429199,27.830439891815182,53.01222709655762,80.39912910461426,42.97899635314941,29.751589727401733,25.198373088836668,18.046400904655457,24.613092193603517,23.46374979019165,39.051055917739866,66.26884925842285,48.91444007873535,23.20632716178894,56.535581893920906,79.78978378295898,44.80830604553223,35.34186832427979,20.181106834411622,21.365431289672852,26.907357349395756,28.117047271728513,47.43684470176696,65.20959236145019,66.9176445388794,30.483337020874025,59.11733749389648,68.61801162719726,39.976802291870115,27.676405925750732,15.89389426290989,22.29340432167053,27.73256046295166,28.98284797668457,48.76556026458739,77.89618370056152,53.44099838256837,29.48429950714111,72.22900177001952,71.42121520996093,43.55964393615723,28.00371950149536,24.50444821357727,18.626640996932984,32.551835784912114,29.896587562561034,44.476159477233885,71.189884223938,56.15586568832397,31.606403751373296,59.90467071533203,78.93067108154295,44.28701423645019,33.483119721412656,16.40028312206268,23.506082611083986,27.416475830078127,29.60955108642578,42.526251487731926,85.72474067687989,56.64908798217774,36.15615692138672,64.17755718231201,78.58929061889648,46.474331798553465,33.901848030090335,18.926464233398438,19.54609472036362,27.616787967681887,28.936837615966795,44.1433988571167,63.785136337280264,56.442780570983885,28.941226863861083,59.16587207794189,84.66002685546876,45.4274257659912,27.802327966690065,23.37630274772644,23.30744623184204,29.115186100006106,32.90036792755127,57.448463401794434,69.64397893905638,60.70906055450439,30.136947953701018,48.41074914932251,71.94725296020508,39.66475395202637,28.118154468536375,30.461556859016422,27.83876211166382,34.788294067382814,28.358514747619626,46.776786136627194,57.18733396530151,57.2582258605957,33.608291015625,58.15017608642578,76.68970230102539,40.16840259552002,31.73734329223633,28.74621298551559,19.69959544181824,26.716751804351805,37.02662447929383,33.44202911376952,66.50592903137206,54.52729232788086,34.44594951629639,62.61183158874512,82.2540188598633,48.21655788421631,27.62782413482666,23.683415016531946,24.478491363525393,39.56246181488037,33.996918220520016,58.251904067993166,66.56654712677002,64.03652099609374,28.172992858886722,54.58241458892822,74.15129402160645,46.03541286468506,27.746350402832036,19.746857786178587,18.95693904876709,29.236297340393065,30.811926918029787,63.16514896392823,74.05049606323242,51.6089709854126,31.2578123664856,54.88905532836914,67.40175170898439,46.02930522918702,38.421722908020016,25.192078285217285,17.635875854492184,26.068800334930415,32.493559169769284,48.10304876327514,77.85388736724853,58.67231098175049,30.613040466308593,64.81107727050781,72.86537773132324,44.71935009002685,32.97196802139282,27.15740343093872,28.65430671691895,25.68619281768799,28.23829809188843,51.186891345977784,67.21999786376952,48.868623180389406,36.297439918518066,60.96050315856934,74.0364225769043,43.69329025268555,38.633326330184936,25.390419031381608,21.95431179046631
19,-0.9512734293937684,-1.230527114868164,-1.363806414604187,-1.4304191589355468,-1.326985228061676,-0.0016570478677749856,7.629558086395264,32.05611038208008,46.79342460632324,13.919119548797607,2.255509078502655,-0.29590088725090025,-1.6316387474536895,-1.8052489089965822,-1.84748774766922,-1.856519522666931,-1.5916638016700744,0.5862540519237519,8.595094554424287,22.251107301712036,30.44078073501587,7.415137143731118,0.44348787486553193,-1.1493172863125802,-1.2944769859313965,-1.3818334877490999,-1.464822974205017,-1.5277067565917968,-1.276295894384384,0.2827424190938473,7.967261562347413,20.354875183105467,17.683631687164304,3.804439840316772,0.3106376434862614,-0.7758845204114914,-1.4849738156795502,-1.5514025235176085,-1.5384452533721924,-1.5278348588943482,-1.3334419107437132,0.35035182356834416,11.113319157361985,33.50165462493896,21.76932725906372,5.56510949254036,0.10846746325492851,-1.188806713670492,-1.1917976862192154,-1.4259167170524596,-1.502398865222931,-1.5449669170379638,-1.4291257673501967,-0.11900052845478055,4.259096367359161,18.54047170639038,18.470894889831545,5.16689874380827,1.0608575722575186,-0.39267816066741945,-1.0837526988983153,-1.2826788997650147,-1.397944519519806,-1.433879179954529,-1.2202084207534791,0.44374999672174453,6.428133945465087,22.892161426544185,25.584389572143557,5.843500430583953,1.199113395214081,-0.47769858241081237,-1.3320993328094481,-1.4592638444900512,-1.5173474502563475,-1.5356215143203737,-1.3100396895408628,-0.2579106491804123,9.344716148376465,25.90633867263794,25.233817787170413,7.031467967629434,1.0377796554565428,-0.8293152725696563,-2.0074943017959592,-2.1286396169662476,-2.111650803089142,-2.078693461418152,-1.649495711326599,-0.27922982051968576,7.847584936618804,33.48529264450073,34.247157135009765,7.967138273715973,0.2432976412773133,-1.5159855830669402,-1.5122041201591494,-1.6839449548721312,-1.7555681419372557,-1.7946683120727542,-1.5414218187332154,-0.2675401145219803,4.77082041323185,24.880008850097653,24.742359466552735,6.890973587036133,0.8085984042286875,-0.8233355191349985,-1.0997123336791992,-1.3404644346237182,-1.4564460611343384,-1.4974124336242676,-1.225805597305298,0.4501577836275101,7.238790254592895,23.0648210144043,19.670110111236575,6.406377553939819,1.1551395463943481,-0.39298652827739716,-1.0227908653020858,-1.2054368299245835,-1.2944689548015595,-1.3981072485446933,-1.222488316297531,0.2680003666877747,6.789430050849914,22.93256309509277,20.52062385559082,5.305922938585281,0.7220038753747939,-0.5136215710639954,-0.8715861177444457,-0.9441705644130709,-1.1015821075439454,-1.2198863267898559,-1.0908687579631806,-0.10563540235161781,5.6892293000221255,16.415124530792234,19.166537761688232,4.956862753629684,0.8610692244768142,-0.41346420466899875,-0.9163312503695489,-1.0979452645778656,-1.1907872056961062,-1.2849045485258102,-1.169630936384201,-0.0595949667692184,5.3324658393859865,21.695816812515258,21.536128273010256,4.917229293584823,1.1097920268774033,-0.3324946969747543,-1.3170984214544295,-1.3927964019775392,-1.4381016635894774,-1.472555574178696,-1.3015204870700836,0.09440747439861301,6.134464131593704,22.1379040145874,28.28388945102692,7.818938670158387,0.583031933605671,-0.9118806490302086,-1.1774195432662964,-1.2864034366607666,-1.368511345386505,-1.4068369054794312,-1.2396274948120118,0.8079285216331481,6.6154624509811395,23.338487434387208,20.089903144836423,4.134963562488556,0.44107243597507473,-0.6952545124292374,-1.188901626765728,-1.4302045893669129,-1.5491864728927613,-1.5865964245796205,-1.3190226864814758,0.5427796339988709,10.03845738887787,24.362166423797607,26.00140933036804,7.00539528131485,0.8770418158173561,-0.6351715046167373,-1.300666882991791,-1.5118382167816162,-1.6340049648284911,-1.670807013511658,-1.448715057373047,0.12918498188257221,6.659906759262084,22.413903427124023,21.50509328842163,4.409190290272236,0.5645211899280548,-0.7179416194558144,-1.4518968844413755,-1.6063125181198121,-1.5879149520397187,-1.59659836769104,-1.3333090788125994,0.5733253553509712,7.77451578617096,27.836474227905274,25.893282279968258,6.435348147153855,0.6216473388671875,-0.9332979786396025
20,0.19096872806549073,-3.162238356471062,1.7186894178390506,33.985315036773684,37.8957218170166,13.080572962760925,21.761832618713377,33.589115905761716,26.82950668334961,43.49978790283203,65.64632301330566,15.300704050064088,5.684878484010698,1.1562865293025972,25.470742988586426,95.63871136665344,60.342169742584225,13.923152954578402,18.706718578338624,20.61572267413139,12.141057286262512,45.19914962768554,63.00986302375793,31.572435973286627,4.8778801071643825,3.656903338432312,16.539658342003825,72.14030452728271,75.49498516082764,14.859009046554565,14.33682145118713,20.99010684967041,13.237650151401757,39.89367521286011,42.51521321296692,15.322137327194213,5.786700742840766,0.4869865304231643,20.863177570104604,85.67725216388702,60.20302568435669,18.122713232040407,14.82229444503784,18.8399028301239,12.503182897567749,32.92479586601257,35.18654169082642,14.428035495877268,8.680170310735702,7.867994314432144,33.34975155413151,121.74803192138673,69.52432294368744,16.731187491416932,17.100928020477294,25.87856203079224,10.736786584854126,41.43741330146789,81.47833990097045,24.926144332885745,6.660492519140243,2.875156009197235,16.981940031051636,85.46140463352204,61.57514471054077,13.802818634510038,15.158737525939944,21.199097661972047,12.427519701719286,42.484335861206056,71.04092617034912,27.192083458900452,8.276178976297379,3.0147854733467105,35.091722904443735,74.65230328798295,79.06653476715087,15.564618883132933,16.855948429107666,17.58447082042694,12.253158292174339,39.17730442523956,59.768370113372804,30.683751134872438,7.510916469097137,2.2949464344978336,15.415282757282256,97.56265063285828,72.06465487599374,15.1453671169281,23.265496330261225,20.436072583198545,12.177023758888245,33.73638130187988,71.61322263956069,27.673925864696503,11.493581490516664,10.74833553791046,24.258385080099107,92.7575306892395,73.47965377807617,15.604374113082883,14.598622846603394,23.342568874359134,11.81761450767517,46.81477905035019,65.42417123794556,25.731849800348282,13.780275292396544,6.032144074440002,21.790034855604173,118.55838973999023,81.21508815765381,22.544801692962643,21.012471389770507,26.941199712753296,16.198884263038632,37.42396821975708,59.16817304253577,19.701678767204285,8.78512260198593,5.6728388369083405,22.205560849905012,95.9593300151825,71.08717636108398,16.52177016198635,18.13620796203613,25.483284568786623,10.830998616218569,36.5337970161438,63.782347640991205,29.20753659725189,7.8569289416074755,9.410923039913177,30.12033305168152,108.73804175376893,84.33620086669922,19.16253529906273,12.583570199012758,15.879695987701416,11.182379806041718,48.605622267723085,72.18337063193322,33.650568294525144,13.127933003902436,4.5570135158300396,27.244259155392644,70.48001469612123,78.26934084892272,16.167631916999817,15.15582043647766,20.51700264930725,8.664785305857658,52.98329878091812,95.72844787597657,35.0145752286911,8.465428740978242,17.47978013813496,19.10132537961006,110.15992061138154,76.405719871521,16.334176621437074,16.27268521308899,23.108655519485474,14.345008363723755,39.92321853637695,73.54474065780639,31.066572618484496,22.124991866350175,6.589352283775807,25.86287660717964,96.28377932548521,84.61653488159179,19.652331371307373,16.297020964622497,18.621181898117065,15.130296528339386,43.68174907684327,79.12485461235046,49.84923925042152,34.16715515136719,8.397327995300293,45.36710735797882,113.81412128448487,82.73305812835693,18.273862657546996,15.360106329917906,17.540461540222168,13.392370903491974,43.30025888442993,67.61984577178956,23.66489266991615,5.385317001342774,4.3406472539901735,20.106958570480348,117.08200563490391,86.94772701263427,18.08724321246147,18.888582687377927,20.734111900329587,12.947912485599517,48.71498118400574,90.6512048393488,27.732033262252806,8.118966820240022,3.1414198136329654,38.58215860366821,101.69921416282654,65.06517921447754,16.800873703956604,16.362576646804808,20.731959705352786,14.632186198234558,52.652332534790034,68.59779707193374,20.990656530857088
21,31.284423446655275,24.729531288146973,15.165574741363525,7.1413250923156735,2.418087196350098,2.1612558498978616,1.264342737197876,1.3626397490501403,2.257415437698364,5.633194398880005,22.88045597076416,32.88131599426269,32.58780426025391,37.14486125946044,21.510553035736084,7.176233887672424,3.6114108979701998,2.5052795398235324,1.3447681556642057,2.6154308757185936,3.96658238351345,12.463574419021606,17.241510124206545,31.151091346740724,35.62015336990356,33.01422853469849,24.28435888290405,10.434537620544434,3.3843968677520757,2.843599709868431,2.447920286655426,2.9492956337332723,4.3849965101480475,11.347683515548706,23.19283012390137,30.672876358032227,32.22935791015625,34.282969093322755,22.401322250366213,9.977470951080324,3.638599011898041,2.6844758099317554,2.2459849286079407,2.6924995565414434,4.4952200984954835,8.536317949295043,21.103235111236575,35.228579921722414,36.728003616333005,35.029249877929686,15.593505935668947,11.36441601753235,4.639165787696838,2.8455172508955,2.0536740374565126,2.0896571049094197,3.5031280958652493,9.976126804351807,18.7155673456192,27.906787300109862,34.23992805480957,35.83661457061768,24.02674057006836,13.177884159088133,4.388238078951835,2.0922439828515054,2.0023733478784562,2.955705406665802,5.0437040042877195,11.091902847290038,19.64186248779297,32.44470781326294,34.292587070465096,27.88731195449829,25.187149162292485,10.048983669281006,4.083486385345458,2.8696410608291627,3.420430042743683,3.188663830161095,4.849092333316802,10.254946868419648,19.084335765838624,30.100149269104,31.244792518615718,35.77052612304688,31.64062210083008,12.052090487480163,5.631100898981095,2.5938938534259797,2.305997425019741,1.870084914267063,3.013338100910187,7.499746417999267,21.40322608947754,31.692451648712158,33.14146675109863,34.49531364440918,23.190826377868653,11.522917671203611,3.7738193011283867,2.4833935618400576,1.9349249210953716,2.3140774530172346,4.139732140898704,10.806498055458068,20.075171375274657,25.00034044265747,37.22436813354492,41.71793174743652,22.64529258728027,11.357341418266296,3.1117908293008805,2.348685693442822,2.5223390913009647,2.2595203551650047,3.8607197979092596,7.763906049728393,21.98190969467163,27.228096389770506,33.11705909729004,36.38943866729736,23.778811845779423,10.611683328151702,3.5828429627418514,1.6094855868816378,1.4379209250211715,2.856093888878822,4.498244093060494,11.15281488776207,20.820087833404543,28.83807430267334,34.30729969024659,33.14657899856567,23.882819900512693,8.628605437278747,7.045188105106353,2.0441603212058546,2.830058929920196,2.8347846603393556,6.496001400649547,8.75990613937378,18.826573295593263,27.287415180206303,38.83202072143554,29.928755588531494,21.66766895294189,10.212029478549958,2.690421803146601,1.9871527495980263,1.8961819590628148,2.40811841070652,3.1741634303331376,11.570927175283432,21.511172714233396,28.70788997650147,31.657967300415038,33.29184049606324,27.445245971679686,11.690164785385132,4.732461906075477,2.5097788724303247,1.5937592589855192,2.0780185174942014,5.495106170773506,8.855453617572785,15.649139580726626,24.221362285614013,30.287090339660647,38.07640022277832,18.52630692481995,9.320538153648377,3.6288946056365967,2.498069356679916,2.6905600143224,2.661301089823246,3.4163318651914594,11.061249618530272,20.005513648986817,26.112791328430177,34.421737403869635,30.959046363830566,15.809428596496582,6.694101018905639,2.5808767089247704,1.3498895934224129,3.201004636138678,4.127027813196182,3.310694193840027,10.531840381622313,19.166746196746825,26.923116188049317,32.94130409240722,39.08379991531372,25.09566577911377,9.341267433166504,3.8914968347549435,3.1138121873140334,1.6246692085266112,2.4189610558748242,4.95065507531166,10.835723088383673,20.00971842765808,26.26800456047058,37.84043502807618,29.97658744812012,21.85961727142334,10.47070909500122,3.51145157456398,1.8849341914057731,1.9444523334503174,2.901885498166084,4.236794328689575,10.725275340080263,19.887430248260497,27.32688018798828
22,0.005441600829362841,0.026752449385821782,0.0086418671533465,0.019642069097608315,0.12456831913441417,0.9921315312385559,1.3024431705474853,2.93034827709198,1.2676475584506988,0.2015553917735815,-0.053899084217846414,-0.04048131275922062,0.018511864058673343,0.03394012246280905,0.0368121767416596,0.0577987083047628,0.4679530595615506,1.3933423617482183,1.5981329214572906,1.515594701170921,0.8613269466161728,0.11410405151545996,-0.025962102273479115,-0.0014880368486047172,0.02870893403887744,0.032634846009314024,0.03056286798790093,0.2223692675400525,0.3270317305624485,0.7381812680512667,1.49285150103271,1.607768853008747,0.6191584937274456,0.07963060684502123,0.020405560443177796,0.004796936865895952,0.05315854407846925,0.03869828829541798,0.03242520475760098,0.07591984767466779,0.3471130625810474,0.880532107949257,1.946818907558918,1.3977347558736801,0.6465090487897396,0.03222286040894684,-0.008502985332161197,0.0024648510664701155,0.03037674669176337,0.038858936131000485,0.026013338901102502,0.10594355240464208,0.2864029516652226,0.7976696385070682,1.4237193042784928,1.389210039190948,0.5988237423822284,0.11855627696961162,0.02578111903741954,0.01787854734808203,0.023315953649580435,0.022273411378264392,0.04778686473146075,0.12716498854570088,0.2618199905566871,0.9755019314587114,1.5695531733799726,1.6390455117076637,0.8336496832966805,0.1574930007010698,0.021874743439257112,0.007935204468667472,0.03611930236220355,0.028589184693992086,0.06264829272404308,0.08372262040153142,0.268108122125268,0.6470582368969918,1.1705675303936003,1.2816737651824952,0.7550320899486541,0.14064402423799033,0.04708002077415582,0.030116974702104872,0.031324342153966386,0.030116152772679882,0.023442500322125803,0.09062410484068092,0.3528308752086013,0.9984170565754177,1.621323166489601,0.9362314555048943,0.6028041042014955,0.09789720494300123,0.033772846478968846,0.023319036904722413,0.02239265557378526,0.024601487219333598,0.037549258731305546,0.10708787451963868,0.2273219507746398,0.7756806863844394,1.4546910271421074,1.7763227114081381,0.6174174323678017,0.11069603227078913,-0.013690537475049544,0.002537674857303475,0.062386241890490024,0.04824798252433534,0.022648248150944666,0.1661978679243475,0.3724035706184804,1.0806205566227436,1.3559612672030927,1.1515764516592024,0.5581005351245403,0.08455881096422671,0.01845288633368906,0.029291317462921095,0.005449517760425763,0.024374122843146283,0.059726457009091925,0.1250501764193177,0.3533514640061185,1.1320292235910894,2.1129759535193444,2.560510030388832,0.950592474937439,0.1375705077499151,-0.06467942189425233,-0.05784394366666675,0.012019823826849435,0.04815449506044382,0.0456750711239874,0.08988897820934649,0.2576481879875064,0.741873559616506,1.6824716907739639,1.3155144715309144,0.6045699113607406,0.10197210431098933,0.007240319296251958,0.02373317871242757,0.03325877595692869,0.022987495139241164,0.03572199195623392,0.16768916707951573,0.3558363060746342,0.8379530107975006,1.3947213926911355,1.2780398243665694,0.5011461257934571,0.10269663423299787,0.0331581857660785,0.023262567389756402,0.021658406034111944,0.0228862693160772,0.020418257750570722,0.11294446950778363,0.24076824728399515,1.0775623028352856,2.4252657043933867,1.2052884995937345,0.6987172250449657,0.08467928018420932,0.009686352033168057,0.02273591788485641,0.03168564189225431,0.02445361442863937,0.022634910233318754,0.10208649313542986,0.40267434209585184,1.3158474293816833,1.331356555223465,1.3945301461219788,0.47560279674828054,0.11020422330126163,0.04560473205987361,0.017718138843774756,0.021681880429387054,0.027816068604588472,0.07005436744540926,0.13052113083191214,0.29152518128976224,0.7931154082715512,1.1231782674789428,1.163993869125843,0.7554784140735864,0.10767014667391776,0.010849575158208584,0.015007237568497634,0.028894186317920657,0.02813835605978962,0.02882091544568533,0.10607827214058488,0.33113200712017715,1.0703237256407738,1.2175675776600836,1.359349289536476,0.6992031717300415,0.12952520988881586,0.01614760916680094,0.010080139832571118,0.01713776271790262,0.047788408324122386,0.022342992853373243,0.0775657483004033,0.3076020342670381,0.6961705452017487,1.203386689759791,1.332472727894783,0.8540636528097092,0.15315047392621634,-0.02039270889945332,-0.0018504869844764731
23,-0.7863770544528961,-0.6534254670143127,0.5515942811965943,3.112123086303473,2.6323712706565856,5.495569896697998,22.01536293029785,59.661810302734374,60.26969413757324,22.560664439201354,-0.8798388123512269,-1.3858157753944398,-1.156609523296356,-0.7458489918708802,-0.20569992542266843,1.2238429342210293,5.209139842987061,10.885698813199998,22.248874740600588,47.4734716796875,43.56484745025635,6.627988030910492,-0.8810731130838395,-1.2517583084106447,-0.9096269905567169,-0.7018814748525619,-0.2938008803129196,1.9906116682291028,5.996997180581093,10.850310292243957,23.588862934112548,41.837333602905275,30.42942970275879,3.8472426736354826,-0.3368689538538456,-0.9461704385280608,-0.9432868671417236,-0.8452412712574006,-0.19169282406568527,0.9259839229285717,3.9073584806919093,9.280073013305664,23.958711967468265,52.77502998352052,32.62453163146973,6.92280498623848,-0.34960324682295324,-0.9570786798000335,-0.9062775993347169,-0.7109208847582341,-0.45905755400657655,0.9541152197122574,3.6916333705186846,8.246230866909027,19.292563514709475,45.85400955200195,27.48989018440247,5.774490897655487,-0.2907360580563545,-0.896006782054901,-0.8656564807891846,-0.6764153108000756,0.07864333778619766,1.4484906098246575,3.973099085092545,7.742585268020631,18.877761669158936,45.67768074035645,36.64285526275635,6.992899386882781,-0.10268729627132415,-0.8861839342117308,-0.8922238206863403,-0.7865958786010742,-0.2023585224151611,0.9542298609018325,3.104859943985939,7.311777639389038,29.786498699188236,47.46568138122558,33.818803482055664,8.28249034166336,0.145009687691927,-0.9757258927822112,-1.0329199516773222,-0.8724630916118622,-0.42892849326133725,0.6952035593986512,3.405887796580791,8.60675787448883,22.835360412597655,60.503225250244135,39.80826782226562,6.425111386179924,-0.6801772111654282,-1.11219553232193,-1.008599934577942,-0.7767745074629784,-0.33716132730245585,0.922738682627678,2.4931790369749067,7.9226405954360954,19.630225543975833,49.78455490112305,32.56456394195557,7.796646994352341,-0.3732944741845131,-1.0227952015399933,-0.8361155128479003,-0.7490827560424804,-0.28889470115303995,0.9976946686208248,4.225373674035072,8.894877356290817,20.004103202819824,42.27328628540039,27.870553550720217,6.7368128448724764,-0.3554067702591419,-0.8485486197471619,-0.8823475241661072,-0.7127452129125595,-0.24547615408897397,0.9528674456477164,3.8657360422611236,10.827777752876282,20.749443969726563,49.07082511901855,30.066424674987793,5.104395028352737,-0.5718869015574456,-0.91492844581604,-0.7737305074930191,-0.26943163216114047,-0.028221351504325875,1.2292863541841508,3.4718741077184676,10.46501413345337,18.999794883728025,42.42492683410645,33.682081069946285,4.917276973128319,-0.35733146190643317,-0.8520263206958771,-0.8700946903228759,-0.7656919717788696,-0.37499899372458456,0.9555615292489528,3.1823723334074017,8.46926034450531,19.372185668945313,43.042403564453124,33.43312564849853,4.706515808701515,-0.31131492435932157,-0.7904785597324372,-0.8742337226867676,-0.5946415078639984,-0.29232240200042725,0.9234897474944592,3.5431029555201534,8.136209001541138,18.460933876037597,43.23090179443359,35.3836928677559,4.941914036273957,-0.49398569554090505,-0.9177929270267488,-0.7405332219600679,-0.694491195678711,-0.19591929808259012,0.7735864453017711,2.4404114097356793,8.594876842498781,19.26158931732178,40.26445384979248,32.32410953521728,5.702461409568786,-0.20589157596230506,-0.6979834592342377,-0.8403879153728484,-0.6789956748485566,-0.14039609886705876,0.9218538014590741,3.539077495336533,8.484578762054444,20.396333408355712,47.16044914245606,30.737739410400387,7.71356765255332,-0.4421386072039605,-0.8720890510082245,-0.7895580053329467,-0.703804344534874,-0.34763496279716494,1.059102487191558,4.516650885343552,7.3902819728851314,20.476522750854492,42.79609268188477,30.411999416351318,3.968133415877819,-0.38328052401542656,-0.8487335848808287,-0.8628972363471986,-0.7258134639263153,-0.3627037824690341,1.1055648498237134,4.622770042419433,9.53272400856018,22.353802604675288,51.67519500732423,31.226275215148924,5.501178871393203,-0.44383926883339886,-0.8749784171581269
24,612.3507995605469,656.4344848632812,419.68201599121096,70.26745986938477,-8.977396202087402,-12.010445022583008,-11.499249744415284,-10.978383445739746,-9.78912582397461,-8.001965284347534,44.61807632446289,213.66588134765624,504.0713946533203,595.0302032470703,481.3195855712891,95.96366138458252,-12.579834899902343,-10.832257881164551,-10.103437728881834,-9.562226600646971,-8.460175857543945,-5.516344585418702,44.34725762844086,252.82111114501953,450.4211309814453,578.9766448974609,391.81686996459956,48.0063930606842,-9.513117303848267,-9.96692545890808,-9.543800048828126,-8.946152267456053,-7.963842849731445,-4.805730805397034,40.96269049167633,215.199033203125,491.7506762695313,677.3295434570313,417.590433807373,126.40139756202697,-8.967345314025879,-10.776097297668455,-10.007586302757264,-9.773451938629151,-8.644378566741944,-6.038751721382141,34.29964730501175,265.28032012939457,454.58557495117185,546.158389892578,456.283960571289,98.07375399589537,-10.786448163986204,-10.411015872955321,-10.189404730796813,-9.41309446334839,-8.470285625457763,-5.325381379127503,25.0240007686615,218.26474166870116,537.1667810058593,557.842766418457,316.8428308105469,98.81311932563781,-10.934726963043213,-9.849226608276368,-9.352384395599366,-8.554636268615722,-7.439242935180664,-4.305825743675232,24.02942949295044,231.54536865234377,452.41412658691405,567.46556640625,422.4281503295898,92.53835209369659,-10.593983001708985,-9.222679271697999,-9.017726306915282,-8.338240776062012,-7.669495792388917,-4.374668140411377,33.28088791370392,217.42782653808595,530.3469320678712,551.4520716857911,462.9308294677734,91.53741009712219,-9.81310806274414,-10.218286361694336,-9.84816725730896,-9.205778388977052,-8.257684001922607,-5.25616729259491,30.765438754558566,235.03066574096678,483.95265991210937,557.34841796875,360.2248831176758,86.88143376350402,-10.87052099227905,-9.550208463668822,-8.88668480873108,-8.645137910842896,-7.7487129211425785,-4.74996917963028,24.821405618190763,222.9610824584961,444.6842767333984,531.3417602539063,386.7204621887207,100.4321877193451,-7.306169090270996,-8.707698364257812,-8.291261348724365,-7.678219385147095,-6.725708179473877,-3.930835652351379,30.16334671974182,217.7081851196289,558.5564443969727,614.1535180664061,302.6773831176758,68.58695522308349,-11.4807794380188,-10.17298854827881,-9.666316013336182,-9.218811378479005,-8.42445634841919,-6.080094723701477,26.942165231704713,208.08071479797363,510.10280334472657,607.6691442871094,367.08278991699217,67.71645694732666,-9.632782640457155,-9.763346157073974,-9.39126007080078,-8.693664779663086,-7.6313710594177255,-4.679124724864961,34.298775844573974,219.6451898956299,458.10598510742193,545.6756726074219,419.27745315551755,89.70046590805053,-8.507221326828002,-11.2313423538208,-10.427743511199953,-9.791628303527832,-8.749340801239013,-5.135748414993286,23.094736065864563,204.21525211334227,434.78657653808597,494.92569000244146,356.00264221191406,82.13652201652528,-9.728935146331787,-8.046789178848266,-7.819391345977783,-7.25839828491211,-6.159137592315674,-3.468689098358154,34.229179286956786,228.21438720703128,503.5282385253906,687.5669824218751,419.3363012695313,145.98027324676514,-13.812131290435792,-10.90347017288208,-10.083465347290039,-9.542105007171632,-8.210401191711426,-4.04638165473938,26.4621819114685,213.67258789062498,497.78617675781254,527.8238928222656,408.26872512817386,107.10233176231384,-11.951436681747435,-11.054889206886292,-10.407754383087159,-9.701759967803955,-8.556414108276368,-5.045015487670898,33.026246519088744,257.41694732666014,561.463941040039,508.1674127197266,416.5072221374511,72.56258656501771,-10.40734335899353,-10.110452365875243,-9.636608333587645,-8.999390716552734,-8.095021438598632,-4.841769531369209,53.440331873893726,276.50743148803707,530.7515631103515,622.455546875,363.1868675994873,69.68716257095336,-11.595660572052003,-10.788063259124755,-9.86577350616455,-9.076278190612793,-7.856508579254151,-4.227340624332428,25.87224376678467,225.46161499023438
25,-2.050277662277222,-2.0393492221832275,-1.9157581567764281,1.9489799737930298,4.996091055870056,14.693748378753662,53.69785060882568,38.54436817169189,29.65019760131836,11.283193111419678,1.8835476398468018,-2.350833868980408,-2.425035734176636,-2.4448214483261106,-2.307945547103882,0.0662155383825302,4.779292447566986,17.039136238098145,61.099512634277346,50.70752685546875,22.49569454193115,11.652119638919832,2.804611201584339,-1.5899165523052217,-2.5172941684722905,-2.5412477588653566,-2.3647378492355347,0.03829867660999302,6.962226915359497,21.203369827270514,59.583591079711915,68.63529567718506,25.211673717498776,11.813865180015565,3.041620268821716,-1.8017943942546844,-2.896231546401977,-2.9182103109359736,-2.7440071058273316,0.6248460584878921,6.809505443572998,24.653135509490966,75.63686317443849,63.15292930603027,33.29298849105835,16.09196927279234,4.750041681528091,-1.9018685150146486,-2.552168235778809,-2.6255309534072877,-2.5464149379730223,1.0666780112683774,6.251510462760925,21.941169414520264,58.13022834777833,53.838038177490226,23.36448003768921,12.00004472732544,4.1159884643554685,-1.4879954728484153,-2.5001930236816405,-2.4454983282089233,-2.2956873631477355,0.6118485239148139,8.006728127598763,14.721937465667725,59.37146549224853,54.76696899414062,28.701952209472655,12.966714346408844,3.3885667833685873,-1.738283886909485,-2.5181596803665167,-2.529864659309387,-2.35037478685379,0.5639292716979982,5.404811661243439,23.84077487945557,72.70943756103514,49.56010070800781,27.201744804382326,13.755970578193665,3.758960986733437,-1.6502053171396256,-2.836408684253693,-2.9371570515632626,-2.7743499493598938,0.2791395950317383,5.32744679927826,29.444288034439086,72.99903701782226,70.33695289611816,25.444857025146483,11.284474229812622,2.9130273634195327,-1.795940741300583,-2.3557247543334965,-2.380495686531067,-2.2540969896316527,0.8965788376331328,6.8007811957597735,24.151936321258543,71.04442638397218,68.43170440673829,21.58634002685547,9.623042650222777,2.8278450548648832,-1.7163794136047361,-2.9294653844833376,-3.0455510091781615,-2.8866445827484126,1.3727621129155159,6.606258838176728,26.91928310394287,77.17251159667968,69.63785354614257,41.85330452919006,16.840148668289185,5.792843132913113,-1.6259093213081361,-3.08868278503418,-3.240662932395935,-3.0783901834487915,0.6566086745262145,7.424940708875655,26.782874784469605,74.09090461730958,60.307451477050776,33.19612082481384,14.491328008174895,4.743250159621239,-1.6539268732070922,-2.6328901982307436,-2.5996939849853513,-2.384373152256012,1.9095408712327484,5.604091348648072,22.72066682815552,66.96673107147217,61.063316459655766,28.936571292877197,11.924013956785203,3.674969032406807,-1.8652612483501436,-2.8623764514923096,-2.8861860799789425,-2.711691269874573,0.689718001484871,7.644447088837623,24.977010583877565,69.03744743347168,67.47637863159179,29.982715225219728,13.94188733816147,3.6223844504356384,-1.9205671155452726,-2.9753692817687987,-3.119226360321045,-3.015350227355957,0.9788710701465606,5.907766890525818,21.15244950294495,63.72984626770019,75.17048027038575,39.933985252380374,21.008234720230103,6.6751441526412965,-1.2827861815690995,-2.9113962268829345,-2.9766200304031374,-2.771291809082031,0.7221705102920533,8.334302654266358,20.007708740234374,64.53828216552735,61.85325187683105,35.745014641284946,18.268509218692778,6.226817356944084,-1.561845656633377,-2.8965798711776736,-2.91381441116333,-2.7327616071701053,0.9775539427995682,6.330144592523575,21.860173625946047,70.23918327331543,70.59227626800536,38.64537837982178,17.73754413843155,5.935172634124756,-1.592340568602085,-3.3179801607131965,-3.4449244785308837,-3.3043315029144287,0.44417184025049206,6.247488701939583,22.17371968269348,85.72973663330079,84.55315437316895,39.34040616989135,15.380155873298648,4.158793485462665,-2.2300742095708848,-2.6435769319534304,-2.7913547277450563,-2.633960561752319,0.6451567101478577,5.2964172935485845,23.35600954055786,65.91793190002441,66.11102493286133,34.08482372283935,14.950592451095583,4.6057596126198765,-1.4691567653417585
26,23.523442649841307,38.581801414489746,70.73694686889648,55.074588775634766,34.8521614074707,82.56399536132812,109.16911468505859,89.12313690185547,55.358528518676756,40.82365798950195,24.66435432434082,11.571164226531982,22.314936599731443,40.90132507324219,64.80393489837647,61.53962913513184,55.1999186706543,91.61384353637695,88.8906842803955,81.16349975585936,60.93692728042602,23.153056116104132,18.641058959960937,18.666054878234867,20.991668262481692,36.27901401519775,53.10361640930175,47.062317237854,59.77516044616699,88.10714607238769,91.29324737548829,81.40959411621094,56.838000316619876,22.82370418548584,19.3816064453125,15.656395025253298,18.784021892547607,38.57410362243652,65.58530109405517,58.123661804199216,57.40571884155274,89.93746261596681,97.35627700805665,91.23258178710937,57.05073261260986,32.21136877059937,22.69042904853821,16.605016269683837,20.817588863372805,32.16922069549561,57.51637222290039,62.40409759521484,64.36418174743653,72.85417083740235,96.54985374450683,85.15888122558593,60.15542507171631,18.440415210723877,14.612102794647218,14.01093780517578,23.564719276428225,36.0849084854126,61.09979112625122,59.79100341796875,62.77775085449218,75.2147499847412,103.05151321411134,88.18556198120118,61.23749904632568,27.493080215454103,21.065423107147218,20.088909072875975,27.459584159851072,40.260358085632326,62.7614835357666,58.44288887023926,58.097420883178714,75.1475602722168,101.8646910095215,93.31809295654298,56.907640314102174,18.797114543914795,19.09494183540344,20.22159560203552,21.69937242507935,38.53712474822998,58.99546764373779,54.99976768493652,50.125847244262694,73.4876555633545,93.40189949035644,93.65186908721924,55.14160457611084,25.8461825466156,16.019319372177122,13.581657571792604,25.884380960464476,41.45349172592163,56.868966522216795,63.32380512237548,64.17820999145508,93.93378547668456,93.587759475708,85.1435001373291,59.189035644531245,28.017952823638915,18.829523277282718,20.080066871643062,20.947095184326173,41.0688646697998,69.75542541503907,57.6755394744873,55.082828598022466,72.3975814819336,122.41082565307617,98.71451972961424,70.71829689025878,38.811403236389154,28.64543659210205,22.626050920486453,27.822622509002684,41.42308498382569,54.36835304260254,55.03123931884765,51.313453445434575,84.79445129394531,106.14948196411133,99.13584739685058,65.19542232513427,22.96636775970459,24.10904130935669,24.030938920974734,31.52491623878479,38.83206611633301,63.7360154724121,72.993673248291,57.41065048217774,77.50823371887206,86.51324996948242,78.40314880371093,51.36849117279053,15.772370605468751,14.152316637039187,16.069966926574708,27.171625499725344,48.92086288452148,60.65821350097657,60.535433883667,61.56686515808106,79.76769577026367,103.0734915161133,101.08554290771482,64.15168937683104,26.602731971740724,25.57377320289612,21.89626664161682,22.1524995803833,40.31802104949951,68.18919494628906,59.01574409484863,63.29179290771484,83.85053390502931,91.72517601013183,92.58014831542968,75.68510772705079,28.542289028167726,19.834350414276123,18.618960494995115,24.29127332687378,40.975202293395995,62.04306495666505,59.69785255432129,60.24516799926757,73.86322372436524,95.38527481079102,79.85284584045411,62.01534839630126,34.48561717987061,21.440342931747434,19.72911880493164,22.747168273925784,39.453118247985834,67.29800857543945,76.85493057250977,68.69524665832519,89.00856872558593,99.70397979736327,81.27944816589356,67.89591987609865,31.453691024780273,25.191406831741332,20.100935201644894,26.611974048614503,48.40029907226562,57.681570053100586,64.70798759460449,58.43044311523438,80.06118469238281,96.7228547668457,89.36589202880859,60.03321559906006,27.830490188598635,23.02884033203125,23.86550003051758,28.456228675842283,42.65144996643066,57.83167549133301,63.75958389282228,62.80688972473145,98.6524089050293,99.70444107055664,83.68958839416504,59.349041137695316,31.08090944290161,23.574248847961428,22.880275745391845
27,0.3246567606925964,0.2587693750858307,0.23910763263702392,0.3915498971939087,1.1206642866134644,1.9668980360031127,2.830156421661377,2.935792016983032,2.3908995628356933,1.5821332216262818,0.8714175462722779,0.5319630861282348,0.3442216730117798,0.27335188269615174,0.24750054478645325,0.32505190491676333,0.9186145317554475,2.1823864698410036,2.590534210205078,3.0358506536483763,2.6914781808853148,1.427187159061432,0.7237085556983949,0.46278814077377317,0.3445883935689926,0.27489173889160157,0.2590040177106857,0.3508242124319076,0.9619289457798004,2.0031879091262814,2.6038264656066894,2.784701943397522,2.702826714515686,1.427559986114502,0.7434443056583404,0.4667858386039733,0.3292564481496811,0.260651039481163,0.23626892089843748,0.2984198689460754,0.735170532464981,1.7850799322128297,2.4522345781326296,3.0162887239456175,2.730212407112122,1.5404831457138062,0.7641001534461976,0.4686407399177551,0.3438083690404892,0.2726221263408661,0.2388682126998901,0.34083265542984004,0.9262891912460327,2.0796076607704164,2.7683835792541505,3.036314330101013,2.8845403146743775,1.5146123147010804,0.7601954030990601,0.4797814810276032,0.3435966169834137,0.2719503325223922,0.2507626241445541,0.33431835830211637,0.9495159840583801,1.8357266521453854,2.3639137840270994,3.1768745613098144,2.748518977165222,1.5390258216857908,0.7612287974357604,0.4800098693370819,0.34363409399986267,0.27153189420700075,0.2546181946992874,0.34557336807250977,0.9290323996543884,2.014426672458648,2.5268037271499635,3.039484090805053,2.7596050930023197,1.5373074197769163,0.77231107711792,0.4790841197967529,0.34951118111610413,0.2750647974014282,0.24733848869800562,0.381326904296875,0.9345043146610259,1.7387406826019287,2.3069172358512877,3.1339304590225217,2.6802026224136357,1.5388207006454468,0.773844621181488,0.4813586437702179,0.34680032968521124,0.27369429409503937,0.25908022522926333,0.37966556012630465,0.974709186553955,2.120857782363892,2.500432085990906,2.974194855690002,2.8792761993408207,1.6214764595031739,0.8113221287727356,0.49677478075027465,0.3393600594997405,0.26917188584804536,0.24654672145843506,0.34455331206321715,1.0925296592712403,1.8703027987480163,2.372877283096314,2.933639574050903,2.6980899906158444,1.4213870310783387,0.7453414368629454,0.4705756497383118,0.36054513216018674,0.28408239960670467,0.260532106757164,0.360101266503334,0.9023073959350587,1.9378247094154357,2.6506860399246213,3.3480617713928225,3.189057927131653,1.677107491493225,0.8218244004249573,0.5072434329986572,0.3475008165836334,0.27448551833629603,0.2558192706108093,0.420443617105484,1.0736443495750427,2.003234281539917,2.4015939426422124,2.9960556101799005,2.7256145811080934,1.5652394342422487,0.7991829359531403,0.49003163218498236,0.3545536482334136,0.27996978342533113,0.25579873740673065,0.39082129955291744,1.1678782510757446,2.0793244218826294,2.8823440408706666,3.1651985502243045,3.2751807308197014,1.7057175731658938,0.8219263410568237,0.5099433898925781,0.3580407953262329,0.2827603483200073,0.26329305827617644,0.38287787258625033,1.0229243159294128,1.916562750339508,2.552171041965484,3.3022868967056276,2.826715183258057,1.5902340507507324,0.7827043163776397,0.4877511441707611,0.34177345514297486,0.27035292446613307,0.2534327906370163,0.3808665162324905,0.8930967581272125,1.8897755098342894,2.6290061712265014,3.0670620441436767,2.579378051757813,1.5112316465377809,0.7621180069446563,0.47755996823310853,0.3530416941642761,0.2783681112527847,0.2672767955064773,0.35860360085964205,0.9424728894233704,1.95920973777771,2.4951509189605714,2.987577645778656,2.945850653648377,1.675006914138794,0.8185373663902282,0.5003734457492828,0.3646921586990356,0.2874478209018707,0.26276015758514404,0.3430481630563736,1.0381709742546081,2.1995256137847896,2.8478253698348994,3.342969408035278,2.997036037445068,1.6514916086196898,0.8760405898094177,0.5340944123268129,0.36524818539619447,0.2868578827381134,0.26841862976551056,0.3869788444042206,0.9265829622745514,1.8001395964622495,2.362494950294495,3.149319152832031,2.8747046852111815,1.578787250518799,0.7954027533531189,0.4967549514770508
28,-0.06085291951894758,-0.09961873888969416,-0.03004872500896456,0.3442077606916428,0.7232762634754181,1.5714421272277832,3.1504027962684633,1.2299439787864686,1.389434114098549,0.5763246804475785,0.40963877849280833,0.6049015019088984,0.016261027157306696,-0.05001445159316061,-0.002066152580082392,0.46145104639232154,0.9165552812814713,1.6422817850112914,5.4789909911155705,4.581127526760101,1.3746220739185808,0.48904158197343345,0.2448900502920151,0.08817495681345461,-0.09501684464514253,-0.13053133271634576,-0.07935652576386924,0.373835436552763,1.0324161064624786,2.3642193531990054,3.294699728488922,4.719552811384202,2.175279690623283,0.5844222384132445,0.17309800771996378,0.01599621485918762,0.03512460567057134,-0.03734180886298415,0.006292045172303906,0.5982390274107455,1.1432280898094178,1.9570692825317384,4.908357548713684,4.961119184494018,1.3456333518028258,0.668135240972042,0.39474830940365796,0.17469212420284747,0.000803511962294591,-0.05653624504804609,0.02415718853473664,0.5027285807579757,1.3481933867931368,2.391317547559738,3.9918044734001157,6.063626618385316,1.0301272144913676,0.7035533927381039,0.371685758009553,0.19716836774721744,-0.035520954672247175,-0.10520400747656819,-0.013639020994305607,0.3987559866905213,0.784500259757042,1.8441076493263246,3.836976001262665,4.879129633903503,1.6694409888982775,0.7114406043291093,0.29588445987552403,0.1001158207654953,-0.06563666615635155,-0.10951890114694829,-0.01711960956454276,0.5207713907957077,1.4000742721557617,2.4627230715751645,3.6239242029190057,2.7177793455123895,1.9199451798200606,0.8219017999619245,0.3624698134511709,0.06168406158685685,-0.02691369257867334,-0.07189736625179646,0.04138796508312228,0.4238882933557034,1.0182530665397642,1.7927224040031433,3.098321363925934,3.8790265154838566,1.7990563929080963,0.6816663892567159,0.2477483423054218,0.13418509539216758,0.003302125502377749,-0.0829568550363183,0.037786809131503105,0.6186822964251042,1.4540373742580415,1.9654846239089963,4.853047622442245,5.589240347146988,1.836769416332245,1.1094353206455707,0.6781380067765712,0.32350447461009024,-0.04541002497076986,-0.11187322758138177,-0.04986644702032206,0.30097341910004616,0.789269918203354,1.7875525361299516,5.490282599925995,5.0859556794166565,2.0081945800781247,0.4923228535056114,0.21547586336731914,0.037243467122316375,-0.07732912231236695,-0.1326695033162832,-0.022040192261338205,0.3707949435710908,0.9666461610794068,2.437225825786591,6.293103172779083,5.460833582878112,2.6927560344338417,0.5557252655923366,0.2782860507071018,0.07861609242856502,-0.01750812970101832,-0.09084406822919842,-0.005076752752065659,0.4245454270765185,1.3781546545028687,2.459205228090286,5.242951464653015,4.922515540122986,1.6770108114182949,0.667528425604105,0.4385252081602813,0.1782559834420681,0.03197063002735377,-0.03465179361402987,0.04207350410521029,0.5783442664146423,1.1970480728149415,2.7176195311546327,4.228053941726684,4.102617771625519,1.7284292644262316,0.46716838091611856,0.34827041983604434,0.21107826739549637,-0.03970993824303147,-0.09613728813827035,-0.03974975574761627,0.40586490690708155,0.8231809520721436,1.8839812016487123,2.768158464431763,3.927791550159454,1.8487374767661098,0.7073887431621552,0.3368800435960293,0.10538881570100786,-0.06384891524910924,-0.11323309332132336,-0.015037058442831019,0.6546096418052911,0.981568951010704,2.307921706438065,7.147063159942627,6.166566677093506,2.769775657653809,0.8356952793896198,0.39932394862174986,0.14070529919117689,0.0027582503855228674,-0.09535049617290492,-0.007120765224099146,0.5522135280072689,1.0952292597293853,2.7491927123069764,5.371968674659729,4.838832943439483,2.3355298268795015,0.901881496310234,0.3728760626725852,0.18302688755095006,-0.10305075168609616,-0.1422206033021211,-0.03965747419744729,0.26755420550704,0.7854526501893997,1.7630499577522276,4.831215999126435,6.581950564384461,2.045326735973358,0.6933398261014372,0.12653850138187409,-0.05646578218787908,-0.08464953307062387,-0.11222334593534469,-0.05408078946173189,0.47419466096907853,0.940750932097435,2.5527887022495266,4.206848528385162,5.651120505332946,2.008053112030029,1.1616300997510554,0.38056018004193903,0.14017043344676497
29,-0.14089224934577943,-0.33499057292938234,-0.36088413894176485,-0.048431283235549905,1.0069590747356414,1.62183735370636,1.1790193259716033,2.3740564823150634,4.061466628313065,3.4065512657165526,2.849862092733383,-0.19025747478008265,-0.24159567758440975,-0.23385088704526424,-0.23551898673176766,-0.1473376376181841,0.3791255441308022,0.6876662823557854,1.5448223009705544,1.8117430265247823,3.451169717311859,2.7532287082076072,0.7089663931727409,-0.05690030440688133,-0.2615518537163734,-0.21984998092055325,-0.22350688204169272,-0.14884673155844214,0.19692257527261972,0.6761145868897438,1.0665945971012116,1.7932027876377106,3.9875952005386353,4.610294048339129,1.5121435356140138,-0.05366410598158836,-0.23652328297495845,-0.20829747885465624,-0.12598599448800085,-0.16136961702257396,0.4338734808564187,0.9332343678176404,1.1989851376414298,2.3971969544887544,4.672930923104286,4.0449587500095365,0.7470010799169541,0.07549711436033249,-0.22496507972478863,-0.161163515150547,-0.19736985795199868,-0.13959750723093747,0.3756961804628372,1.9848103171586993,1.5807311227917673,1.6093184289336206,3.5932377374172213,2.51884426355362,0.8268800586462021,-0.06451588809490202,-0.23690029844641686,-0.19256256461143495,-0.23391806468367576,-0.07281358614563943,0.4418888509273529,1.2502651357650758,1.9902564337849618,2.230837090611458,3.9632702863216394,3.506061664968729,0.4755890187621118,-0.13811816096305846,-0.17986541852355004,-0.07297388613224025,-0.18965272985398768,-0.05019316440448165,0.3685653814673424,1.0574817407131194,1.2711886420845986,3.061802031993866,3.816123692989349,2.603488942980767,0.541298300921917,-0.050156949013471584,-0.18228115648031235,-0.18458962842822074,-0.22954841569066048,-0.03171602100133895,0.3261042967438698,1.1351467888057232,0.9176261243224143,2.2210905820131304,5.154686741828918,4.171569659411906,0.41309419691562654,-0.1788526678085327,-0.16617510035634037,-0.11225848138332364,-0.17457450598478316,-0.14166856095194819,0.2927841135859489,1.248235386312008,1.2345501965284347,2.2882746276259422,4.832257692813873,2.216271952688694,0.22368175536394125,0.03198951691389084,-0.25851130053400995,-0.1831534594297409,-0.19317043125629424,-0.08772399872541427,0.772195943146944,1.2945102924108505,1.2958025151491166,2.272149438261986,6.084700350761414,4.201367048025131,0.497212278842926,-0.016816954612731944,-0.20721962213516232,-0.18891032636165617,-0.21871028445661067,0.05655486688017845,0.6832091265916824,1.2072808581590653,1.4101318648457528,2.325481476187706,4.724340574741364,4.477176642417907,0.766120747923851,0.11579399019479752,-0.22372657932341103,-0.19939474672079083,-0.1676091990619898,-0.14516752637922764,0.20638206541538243,1.2955715900659561,2.432179619669914,2.107866404056549,4.107107083797454,2.434833593070507,0.558781948685646,0.02975527539849282,-0.2336913004517555,-0.16513148844242095,-0.15004379719495775,-0.00550129733048379,0.676191195845604,1.877383953332901,1.881174617782235,2.2060067436099056,3.6962981772422787,4.0641500958800325,0.9904073584079741,-0.18626218199729916,-0.2193182311952114,-0.19067874312400818,-0.13738438569009304,-0.07663703717291354,0.4002962145209312,1.3894002613425254,1.3538360643386842,2.6320440053939818,5.243031406402588,2.873033383488655,0.6334515549242498,-0.018409332633018485,-0.21429686844348908,-0.30407381683588025,-0.33784936264157295,-0.15253957755863665,0.6925943607091903,1.8097633376717568,2.8259747865796085,2.25393052816391,4.823302429914474,4.138008736371994,1.2541974148154258,-0.14146233022212984,-0.2911469390243292,-0.22746762841939927,-0.2631320684403181,-0.17703642845153805,0.3274969542026519,1.0231890481710435,1.593924873173237,3.267528214454651,4.588685296177864,4.34223488509655,1.2582321988046168,-0.21644937679171564,-0.287382411211729,-0.2571644827350974,-0.2460416677780449,-0.12737269822508096,0.37825265020132065,0.9885660372674465,1.3813235402107238,2.4548382273316385,5.339388887882232,4.523286474347114,1.230879010409117,0.0679499137401581,-0.17621742859482764,-0.14836636167019604,-0.18399387665092948,-0.16709144063293935,0.3983336335420608,0.9028124456852676,1.0654547169804574,2.7723541483283043,3.807914418578148,3.1460190802812575,0.5380821653082967,-0.04293504349887369
30,4.587129926681518,10.315042734146118,25.429994964599608,29.20343761444092,53.58180236816406,59.042597961425784,36.9017635345459,33.636650466918944,23.112517738342284,9.608964824676514,5.1790727257728575,2.3838444709777833,5.691403243541719,9.770478789806365,18.49046646118164,31.440536613464353,55.97403774261475,71.81476959228516,53.57533264160156,42.768621902465824,28.249697608947752,10.085250005722045,6.3863172352314,3.03030835211277,4.872807207107544,12.54748107433319,16.954142436981204,31.17907963752747,49.77495189666748,78.39277206420898,57.043392868042,58.688315811157224,26.65821353912354,14.203929603099823,8.04450670838356,3.3301588010787966,4.363744702935218,11.893063611984253,24.030267219543454,33.47972923278809,44.9911965560913,81.44310287475585,59.441415023803714,45.19484489440917,26.655942459106445,11.07603397846222,6.143480260372162,2.7654393216967583,6.393236982822418,10.49335283279419,20.588887224197386,35.26327047348022,51.29317039489746,73.39806900024413,58.553059082031254,43.539965515136714,25.246490926742556,8.430316111445427,5.0251340627670285,3.3499379056692127,6.858498191833496,10.559724426269533,18.10882019519806,29.837904624938965,54.916611900329585,70.4445182800293,59.88103607177735,49.057398757934564,26.082420444488527,16.574655718803406,4.964402363300323,3.5692236340045924,7.758902548253536,11.205816621780397,20.039042835235595,34.03958070755005,52.85225311279297,77.27219223022462,54.9715884399414,51.90521957397461,24.34662052154541,8.01155267715454,5.441099272370338,3.7239496159553527,6.202264388948679,10.932819343209266,19.45276499271393,30.71609447479248,54.31165687561035,72.04676109313964,60.03713272094727,47.24025787353516,31.66351634979248,8.888624114990234,3.9381226190924634,2.5821178585290907,5.989910620450973,11.220158345699309,21.133961830139164,35.07547164916993,53.10635238647461,76.89065185546875,60.29355339050293,44.638020019531254,26.045472078323364,8.396984362602234,3.9010657358169554,3.3777686953544617,5.690500698089599,14.152883844375612,21.628007087707523,32.399718284606934,62.75380088806153,82.71747940063476,63.502075576782225,51.88144943237305,37.472218351364134,14.74369882106781,7.200774312019348,4.144297405481338,7.505338778495788,13.149913893938066,18.265562543869017,38.00190299987793,50.59994029998779,86.25599349975585,59.71335403442383,57.163459815979,36.04551288604737,13.056398086547853,8.013048059940338,5.516925103515386,6.698668372631073,12.086601238250733,25.55270071029663,41.84495216369629,51.35525917053222,90.70682647705078,62.052066040039065,51.597419815063475,23.681582126617435,7.01859214067459,4.450320073366166,4.045446277856827,5.741847358345986,15.8406376850605,23.157270524501804,37.364248008728026,57.80555404663086,80.51408782958984,64.5787435913086,46.8232836151123,23.948918533325195,11.428572006821634,7.097411466538905,3.417586940526962,5.29140137910843,15.469150962829591,26.291353168487547,38.58715114593505,55.992383117675786,83.47826843261718,55.7005502319336,50.15898620605469,35.914604644775395,10.745007271766662,5.74145956993103,3.194495555162429,7.71713683128357,11.737951889038087,22.156437797546385,37.04956951141357,59.92530853271485,82.79570022583007,61.782798385620104,52.881902084350585,30.43915107727051,17.78447500228882,6.9911972475051885,3.1848347383737563,6.957144292593003,11.446490325927735,21.348990001678466,35.513453254699705,60.9098932647705,88.29285079956054,62.65790367126465,49.01246955871582,29.0078329372406,9.939805932044981,10.271069911718367,3.7134439456462855,7.093263510465621,16.434818830490112,25.18202651977539,34.622829093933106,67.08954475402832,75.64170089721681,55.93274520874023,49.08453842163086,28.67260046005249,12.355219678878786,6.589593800306321,4.4894169872999194,5.519584455490112,12.275354399681092,17.51369483947754,32.788008270263674,61.04946731567384,93.20981079101563,55.26523529052734,49.056765441894534,25.472080020904542,8.353665189743042,5.710293037891388,4.231065300703049
31,-0.5949898570775985,-0.5884643435478211,-0.11355484127998357,0.144679307937622,2.0263258129358293,6.158462071418763,26.46249885559082,29.765111351013182,21.483255672454835,20.090616321563722,2.2088441789150237,-0.5851206839084625,-0.4089777845144272,-0.34098785638809204,0.10080677330493926,0.5254474943876266,2.8901331686973575,7.010067901611329,20.720415840148924,24.233088607788087,16.669388728141783,7.49291263461113,2.8656363451480864,0.606058538556099,-0.20956648886203766,-0.04876782178878787,0.6788629782199861,0.5905476260185242,3.8972383761405944,7.4117743837833405,15.359221134185791,18.8832253742218,26.607472839355474,15.852712786197662,4.240228583216668,0.7212322509288789,-0.16590479940176012,0.023362632691860192,0.6068364596366882,0.8414595955610278,5.724684805870057,7.594189367294311,16.921639261245726,20.229444217681884,14.756153740882874,14.533382630348205,4.072065311074256,0.6232366669178009,-0.3003948152065277,0.02724643558263779,0.7767013382911683,1.262148340344429,5.439913694858551,7.744860076904297,17.759683189392085,18.977706422805788,18.764950199127195,8.121324774622916,2.656462311446666,0.3452428638935089,0.09727422058582307,0.21725301921367643,0.8821613514423371,1.0341291642189026,3.3084944605827333,5.920641994476318,16.330405626297,22.091298789978026,19.80110529899597,14.201335095167162,5.648263119459152,1.6942998988926412,-0.037987635731697084,-0.022434564828872683,0.45034288585186,1.212426136136055,4.38013808131218,5.759714312553406,16.91880283355713,22.506643290519715,18.55366276741028,10.02466515302658,3.477280489504337,0.8596754837036134,-0.03360759377479554,0.23913622260093687,0.714644427895546,1.4072775053977966,3.6647418570518497,5.8971538066864015,14.896387081146239,22.207533912658693,20.32664826631546,15.677595660686492,4.353913379311562,1.2830880403518676,-0.21945834904909134,-0.006652584671974193,0.5238284146785736,1.2206312108039856,3.6212445688247676,7.024517345428467,14.58270791053772,21.25726043701172,22.57472485542298,13.633533483743667,3.511446229368448,0.5960788419842721,0.1939111524820328,0.06835817992687226,0.48271649479866036,0.6757509869337082,4.187811772823333,7.695528621673583,22.950899753570557,22.520570335388182,28.55063671112061,19.623112082481384,5.729950167536735,1.5056345760822296,-0.40308056712150575,0.07751426100730895,1.0692348223924637,1.2038935148715972,4.949938988685608,8.539616575241089,20.371029090881347,22.97058324813843,18.899183244705203,13.92001957178116,4.265439771413803,0.9826848542690279,-0.16142206162214282,0.11214089632034303,1.0445418858528137,1.213668999671936,5.388685817718506,7.505082864761353,17.839747133255006,17.038545694351196,15.279757704734802,8.17706298828125,3.068760743737221,0.5586730730533599,0.16524124950170518,0.4405948880314826,0.8445793724060058,1.6220884054899216,4.24125305891037,7.697994775772095,18.77739755630493,21.782421436309814,21.90835548877716,13.937687755823134,5.184886367917061,1.5575065326690674,0.18550351887941358,0.11218671083450316,0.6048693153262138,1.0313419425487518,4.624292494058609,6.849057745933533,15.337359790802003,17.850088825225832,19.09546962738037,11.373734664916991,4.223380547761917,1.5504361897706986,-0.270090509057045,0.020200428366661083,0.9936623752117157,2.3567635011672974,5.220486642122268,6.231311283111573,18.133177490234374,31.16183301925659,18.998713111877443,11.52778695702553,4.651957181692124,1.3306641060113908,-0.028762336969375614,0.23980241000652316,0.8131912359595299,1.6432618978619575,4.258706374168396,6.631837167739869,19.57964895248413,18.651403884887696,18.523026434183123,12.07863084077835,3.441171399354934,0.7244326460361481,-0.2248764631152153,0.049632764756679534,0.9278561994433403,1.5152336269617082,3.7276315641403195,7.556701769828797,17.13257869720459,22.382938346862794,16.641699419021606,11.430956282615663,4.232050795555114,1.0058922263979913,0.38331908166408535,0.14832370787858962,0.6044418627023697,1.0181955182552338,4.131016628742218,8.003218717575075,18.684193458557125,20.86970109939575,17.745330867767333,12.687933744788172,4.368503583669662,1.3527732676267625
32,0.0,0.0,0.0,0.0,0.0,0.0,0.0,0.0,0.0,0.0,0.0,0.0,0.0,0.0,0.0,0.0,0.0,0.0,0.0,0.0,0.0,0.0,0.0,0.0,0.0,0.0,0.0,0.0,0.0,0.0,0.0,0.0,0.0,0.0,0.0,0.0,0.0,0.0,0.0,0.0,0.0,0.0,0.0,0.0,0.0,0.0,0.0,0.0,0.0,0.0,0.0,0.0,0.0,0.0,0.0,0.0,0.0,0.0,0.0,0.0,0.0,0.0,0.0,0.0,0.0,0.0,0.0,0.0,0.0,0.0,0.0,0.0,0.0,0.0,0.0,0.0,0.0,0.0,0.0,0.0,0.0,0.0,0.0,0.0,0.0,0.0,0.0,0.0,0.0,0.0,0.0,0.0,0.0,0.0,0.0,0.0,0.0,0.0,0.0,0.0,0.0,0.0,0.0,0.0,0.0,0.0,0.0,0.0,0.0,0.0,0.0,0.0,0.0,0.0,0.0,0.0,0.0,0.0,0.0,0.0,0.0,0.0,0.0,0.0,0.0,0.0,0.0,0.0,0.0,0.0,0.0,0.0,0.0,0.0,0.0,0.0,0.0,0.0,0.0,0.0,0.0,0.0,0.0,0.0,0.0,0.0,0.0,0.0,0.0,0.0,0.0,0.0,0.0,0.0,0.0,0.0,0.0,0.0,0.0,0.0,0.0,0.0,0.0,0.0,0.0,0.0,0.0,0.0,0.0,0.0,0.0,0.0,0.0,0.0,0.0,0.0,0.0,0.0,0.0,0.0,0.0,0.0,0.0,0.0,0.0,0.0,0.0,0.0,0.0,0.0,0.0,0.0,0.0,0.0,0.0,0.0,0.0,0.0,0.0,0.0,0.0,0.0,0.0,0.0,0.0,0.0,0.0,0.0,0.0,0.0,0.0,0.0,0.0,0.0,0.0,0.0
33,0.04578574746847146,0.13752273470163345,0.11335743516683575,0.28493971526622774,2.621746915578842,5.527562189102173,10.074656677246093,10.211562156677246,5.512996006011963,3.0017615795135497,0.7293932497501373,0.1251612834632396,0.06880609855055804,0.06947500929236407,0.10605981282889838,0.17483380526304243,0.5215500885248184,2.664900599718094,9.346216497421265,9.476208162307739,5.795195641517639,3.011191900372505,1.0427716259658335,0.21926162607967853,0.05150758258998389,0.09568484060466287,0.12533674187958235,0.21378036826848984,0.7931108956038952,3.6624089288711543,9.647722721099854,10.005979957580568,6.30012565612793,3.5443115377426144,0.8278822460025548,0.199147922322154,0.061956223770976024,0.061747165545821145,0.11576650515198703,0.16760776519775386,0.5184400933980942,2.839354455471039,9.278771686553956,9.75488380432129,6.003608584403992,3.034331923723221,0.8874082571268083,0.18095117099583147,0.08925811596214767,0.0731445741653442,0.09833988174796102,0.165390348136425,0.5106971478462219,3.7095709109306334,10.405263061523438,9.331391754150392,5.303863267898559,2.942048785686493,0.7281091457605362,0.1840671614557504,0.08978726148605343,0.07247849501669404,0.13568099610507484,0.2582487870380282,0.6187381376326084,4.024967391490936,10.210916538238525,9.83603691101074,6.273598136901856,3.575180376768112,1.1373133808374405,0.24227613776922227,0.09112580375745886,0.06276682995259758,0.13957446366548537,0.23412021741271016,0.6090814778208732,3.3795060670375827,11.145450706481935,10.167591705322266,6.000899658203125,3.4449032711982723,1.1918459433317186,0.1968654330819845,0.07258303642272945,0.06118851266801352,0.15886710003018373,0.22100810110569,0.6445214000344277,4.309110939502716,10.386812095642089,9.576067790985107,6.511640157699584,3.0336061930656433,0.7998968863487244,0.18222319390624758,0.10587767899036404,0.07483115069568153,0.14850450530648227,0.16091490425169463,0.816346135288477,3.412841062545776,10.260429229736328,10.15562894821167,5.6504303836822505,3.0699311685562134,0.7895026767253877,0.2295958399772644,0.07151690922677513,0.09324071966111656,0.1310487121343612,0.19216226257383823,0.7828704723715783,4.264225240945817,10.143980979919434,10.044852924346923,6.371352071762085,3.289854593276978,1.2185579580068588,0.3502565491199493,0.10179880604147906,0.08649705871939656,0.12545014441013333,0.16708042755722996,0.5447267718613147,3.1071448242664337,10.218723621368408,10.390422191619873,6.253408265113831,3.7110962057113652,1.217427394390106,0.24763854715973138,0.06670945994555946,0.08218289345502848,0.12030860215425487,0.19956418968737122,0.7259954833984376,3.169161443710327,9.773366832733155,9.563699131011964,6.1542429256439215,2.929105353355408,0.9414011745154858,0.18525350827723738,0.08741391330957407,0.08113790489733215,0.14760331191122528,0.23198391843587157,1.0827540743350983,4.660288739204407,11.729016056060791,9.935887546539306,5.733891134262085,3.360422043800354,1.3806531006097793,0.2790716954320669,0.11995232112705703,0.1451521265506744,0.15037374973297116,0.16746717058122154,0.4512088188529014,3.193748877048492,10.627516803741456,9.588832473754882,6.927264337539673,3.691928505897522,0.9470637498795987,0.20763615589588874,0.08846554473042484,0.07505687162280078,0.11846971914172169,0.2188354295492172,0.8522070620954038,3.1280155897140505,10.15144723892212,10.39267963409424,6.319639129638672,3.6528241300582884,2.1270044380426407,0.2794996342808008,0.07847124621272082,0.08061404228210445,0.11859081014990805,0.16042826876044272,0.5201711886376142,3.5022502714395523,9.960924234390259,10.154744110107421,6.541695852279662,3.057388117313385,0.8412296670675279,0.1807513120025396,0.059974930863827415,0.08232789061963555,0.132186327278614,0.2681059564650058,0.980436310172081,3.595126676559448,10.675995445251464,9.884582557678224,6.447702713012696,3.297656273841858,1.1225439639389516,0.3530142303556204,0.07531626984477038,0.08177821584045883,0.1446131935715675,0.2417448954284191,0.8262589460611343,3.664402985572815,10.266579189300538,10.112115287780762,5.5687875652313235,3.738012157678604,1.156668067872524,0.2250787951424718
34,-0.028611439652740923,-0.027084802463650637,0.049008949892595396,0.35814410373568534,0.48312140703201295,0.6107453048229218,0.620430463552475,0.2538211017847061,0.061728986911475645,0.1072167512029409,0.19647375866770747,0.03888242188841108,-0.026755379381356727,-0.0242768975847866,0.01312182741588912,0.32433785997331144,0.6103706532716752,0.47043821871280667,0.4356076395511628,0.3879871529340744,0.1936379509419203,0.1441762599069625,0.12325812473893163,-0.008651585690677149,-0.02306898883311074,-0.02269569248077456,0.027047297998797133,0.3393297367542982,0.45950840324163433,0.5344040161371232,0.4792897719144821,0.22847793847322465,0.11130680497735734,0.15478532092645764,0.1161729618348181,-0.0123128811549395,-0.01936669677379537,-0.028465088498778608,0.018967573791742316,0.3724050381779671,0.7365405154228211,0.6966864097118377,0.5399312835931778,0.2885826998949051,0.12388280550017952,0.16436008639633648,0.23740517843514683,0.02419699789490551,-0.030378483636304694,-0.03138970360276285,0.022637327525299025,0.41300969168543816,0.54841461956501,0.6521240383386612,0.5442223924398422,0.3393792390823364,0.18590293783694506,0.25148070106282827,0.15912209277972575,0.008773592954967175,-0.029927457645535428,-0.03264201708370816,0.046634991727769345,0.42211596354842185,0.5270518106222152,0.5056968748569488,0.5697409957647324,0.23859631747007368,0.09016181424260136,0.1307602277770638,0.20329870679415762,-0.001447541778907168,-0.0357333071250468,-0.03105742159415964,0.04185481683816759,0.4401744951307774,0.48477538168430334,0.46406756997108456,0.4764990311861038,0.23448522120714185,0.17358270017430183,0.19982892672764135,0.2192812318401411,0.00973843880929053,-0.030146298788022212,-0.029135960447601934,0.07658126722089943,0.47117555022239693,0.631292354464531,0.4989371633529663,0.5168043696880341,0.3514228838682174,0.15431121269240972,0.19790180355310438,0.19718796446919437,0.02546376756392421,-0.035187100460752796,-0.035547459784429476,0.03382896130904553,0.30558344885706895,0.7239925888180733,0.57484876871109,0.5598227578401567,0.3668213650584221,0.19992636639624833,0.3045482605881989,0.2098162134364247,0.006530945631675425,-0.03167013970203692,-0.031214686795137774,0.0940648538991809,0.44694686848670245,0.38056707501411435,0.4214637875556946,0.5489915406703949,0.30864073485136034,0.18884137451648708,0.15120225643739102,0.1489209494553506,0.0018348111817613373,-0.043905432103201705,-0.03363121461123224,0.04881889078300445,0.5138816499710083,0.4223013067245483,0.6302776330709456,0.4971249228715896,0.3666341179609298,0.1298089784244075,0.19473064282909033,0.22231800690293307,0.0011780128476675754,-0.03208461151341903,-0.03263363235630091,0.1006754898652434,0.5438643634319306,0.5580787447094918,0.7270600533485413,0.6708799713850022,0.38419072806835175,0.1536668363213539,0.13775743540376423,0.19703919162042433,0.017095830198377383,-0.03640631181653585,-0.039102073012036234,0.05133293691091238,0.43878976404666903,0.5945815938711168,0.5559048956632614,0.5627904373407364,0.3842735797166824,0.14177190734073516,0.22583330783993003,0.3443772129528225,0.02291642514057459,-0.03242190575809214,-0.030002448605373468,0.0658213634509593,0.5036449491977691,0.5351531964540481,0.6266656279563904,0.44378703117370605,0.36337623357772825,0.24421966079622504,0.21412386123090982,0.24477574817137787,0.014646568478783584,-0.036767429071478494,-0.03781720528728324,0.0655385920777917,0.363119771182537,0.5886588937044144,0.5165799283981323,0.5057033908367157,0.35631727248430256,0.15522939832881094,0.24219446873292322,0.269062533788383,0.028050512052141163,-0.028672597610857296,-0.03263116104761134,0.0762707664282061,0.39840933144092555,0.47760228306055075,0.5842573815584183,0.608377035856247,0.30558130502700803,0.15248955570161343,0.23107856335118412,0.1678980010561645,0.03743703278712928,-0.02481569086201484,-0.02459750804118809,0.033885238794609876,0.44685131385922433,0.5075168138742446,0.39590153217315666,0.5484687775373459,0.3194505259394646,0.1622722966969013,0.17821712218225,0.12665458256378767,0.007044142321683459,-0.021830114811891652,-0.02211889071972107,0.014115397487767014,0.3781111490726471,0.44319493383169173,0.6453150326013565,0.5645776760578156,0.3111279013752937,0.12763242335990072,0.18196135448291895,0.2502319805603474,0.023105579102411865
35,0.12205634266138073,0.424112593382597,0.3308483615517616,1.100894595682621,10.121183633804321,11.39275529384613,19.393576240539552,21.613444519042968,13.392608261108398,5.189762544631958,0.9121552735567093,0.48348361253738403,0.25974423035979266,0.14584632366895672,0.2039897660911083,0.6427212311327458,1.436781581044197,6.230881226062775,16.64230124473572,21.56940391540527,13.51921962738037,5.805643348693848,2.417914987951517,0.6061996722221374,0.21573059827089308,0.26301581457257267,0.42108125194907187,0.6723112016916275,2.089791321456432,6.616501727104186,17.147723846435547,21.562273635864262,13.988357210159302,7.652708547115326,1.8637483549118041,0.6571882246434688,0.1912096099555492,0.1192220218479633,0.19873659566044805,0.4947839255630971,2.330198518037796,6.138673232793808,17.021002864837648,21.836179351806642,14.160042257308959,5.803644471168518,1.474599499106407,0.4678296577930451,0.3776501686871051,0.1928240418434143,0.21608370050787923,0.46688998669385906,1.736580323576927,7.920723884105682,18.80943130493164,20.219581794738765,11.994299201965331,5.186473971009255,1.3123654603958128,0.5633552692830562,0.3907040591537953,0.16008017688989637,0.2733912768959999,0.5948509384691716,2.1438910925388335,8.891146566867828,19.151009216308594,23.120248565673826,15.346963291168212,8.005802419185638,2.4008835768699646,0.7519636255502702,0.4059172375500202,0.1529022546112537,0.42055893585085863,0.9865980841219424,2.347630984485149,7.507513556480409,22.348441123962402,23.2360689163208,14.003783693313599,6.156407499313355,1.8624889343976974,0.6455538991093637,0.3342071910202503,0.11834738522768018,0.3307511612772941,0.5691948702931404,2.213870189785957,8.284246196746826,17.551008682250977,21.47193389892578,16.883560009002686,6.169288573265075,1.6747543847560884,0.5505251531302928,0.479481403529644,0.2046754385530948,0.5090949814021587,0.6608339503407479,2.9276464927196506,7.763053584098816,20.282445373535158,23.83375644683838,13.333900642395019,5.591978957653046,1.274161652326584,0.6731182938814163,0.20739504843950268,0.23289109498262403,0.30038971662521363,0.8864943332225085,3.0395839238166813,9.221129350662231,18.52618804931641,22.4262251663208,16.3264262008667,6.682551975250244,2.538971905708313,1.110408410280943,0.47613189905881886,0.27482073441147803,0.5029639710485936,0.6101678156852722,2.219922735244036,7.114818477630616,19.566278381347654,23.646891403198243,15.638476791381837,6.894855995178221,2.754374085664749,0.8685963259637355,0.2647584226727486,0.20582427293062205,0.3183848631381988,0.38084327459335326,2.2745798444747924,7.109959354400635,18.964539642333982,21.19642753601074,14.107174358367919,5.165546483993531,1.466509922146797,0.6632297165691854,0.3532842162251472,0.22863467246294017,0.5649156947433948,0.839229017496109,4.191921780705452,9.320113391876221,20.63553840637207,22.595392112731933,12.302170906066895,6.560301632881163,2.6855338007211684,0.7732242211699486,0.44098575621843333,0.2874779739975929,0.3594332109391689,0.687460410296917,1.835647802054882,7.16040735244751,20.935927391052246,21.106684684753418,17.291830978393556,6.707811603546142,2.2020145368576047,0.6784754163026809,0.3815643811225891,0.21990761756896973,0.21515489682555194,0.7220186032354832,2.4137222231924538,6.395165452957154,19.30995746612549,24.189599113464357,16.037982296943664,8.486336009502413,3.664722058176994,0.6423780199885368,0.29613141506910323,0.18954021096229548,0.22407554775476451,0.36830383867025374,1.5810576570034027,6.939990835189819,18.336136779785154,23.334430847167972,16.07613498687744,5.351782517433167,1.8245109605789185,0.8192678895592689,0.21863239318132396,0.33611231446266177,0.3018338240683079,1.0952357059717177,3.3633519035577777,7.7181823992729175,21.411416893005374,22.404761810302734,15.773557491302489,6.451727752685547,1.8387299859523771,0.7382676252722741,0.3049765357375145,0.29017005741596225,0.5702556300163268,0.9989787638187408,3.423318995833397,7.824245209693909,18.642874202728272,22.358154525756838,13.038859148025512,7.138100376129151,2.377037765681743,0.7292777805030346
36,-0.5973022222518921,-0.597605037689209,-0.07966276668012141,1.9861517138779163,4.126389861106873,5.541174459457397,31.966687965393067,22.34564323425293,9.313241481781006,2.829257956147194,1.062757608294487,-0.5039435356855393,-0.6593866474926473,-0.6205606532096863,-0.3107181995362044,0.6098698930442333,2.0635876822471624,7.016651301383971,26.37248037338257,20.70682046890259,5.677247066497803,3.144928210377693,0.9589019459486007,-0.3082610725611448,-0.8018118137121201,-0.6867876593768598,-0.2217343022301793,1.0515979200601577,2.3078540492057806,9.226639308929443,22.410822525024418,23.14608196258545,8.433843684196471,2.5247159328311684,0.35881157822906967,-0.4694569434225559,-0.7841637301445007,-0.7321188980340958,-0.3410160486400127,1.4167690225318075,3.3351045274734497,10.872822351455689,26.803875808715823,25.200620098114015,6.998090744018555,3.315952435731888,0.859506687372923,-0.4344096451997757,-0.6687421115487814,-0.6479460885375738,-0.22654146328568464,1.5013591711968184,3.2529749083518986,7.496188535690308,20.2806111240387,21.330305948257443,6.622738254070282,2.4220319133996964,0.628453657478094,-0.3638441693782807,-0.6688482695072889,-0.5949496964365244,-0.10831462770700455,0.46630082711577414,2.0557429790496826,6.315702075958252,21.520292186737063,26.386355743408206,10.364804830551147,2.987558513879776,0.9093218719959258,-0.40967780619859695,-0.742978417277336,-0.6956293734908104,-0.2565555833652615,0.8580974740535021,3.4220045256614684,8.065634069442748,24.674894981384277,24.035386638641356,7.352870783805846,3.725817158818245,1.4761432278156283,-0.1496383398771286,-0.6825827571749687,-0.5618992304801941,-0.18636968821287153,0.5216569788753986,2.2027406787872317,8.535324487686157,29.755596942901605,26.735585365295414,5.475656799077987,1.527863076925278,0.23673444338142877,-0.3771293415129185,-0.6624176424741746,-0.5668670861423016,-0.11706785537302496,0.7810409072041512,3.281087779998779,7.014725170135497,23.93892578125,24.795111522674556,5.305269605517387,1.2471504999697207,0.1309954073280096,-0.3478448364138603,-0.8032186709344387,-0.6712164381146432,-0.1776440255343914,0.8349296590685846,2.73540367603302,9.937387723922729,34.78402103424072,23.517133436203,8.517485175132752,2.3626953434944147,0.20743194937705992,-0.6778367295861244,-0.8085685282945633,-0.7061089938879013,-0.11153376497328282,1.2481848359107972,2.998893597126007,8.085118370056152,25.994501876831055,31.92869411468506,8.947188234329223,2.366026953458786,0.9211040247976781,-0.428104559481144,-0.5933585080504418,-0.6035097733139991,-0.12811719842255115,0.9629894518852234,3.9702580547332764,9.100690813064578,28.17485359191894,17.918184537887573,6.381421790122986,2.875188178792596,1.0598722356557846,-0.18920824736356737,-0.741612184792757,-0.6248009105026722,-0.1708608964085579,0.8275988200306891,2.7848765611648556,8.29934299468994,32.89719760894775,23.969945125579834,7.642362487316132,3.00808018386364,0.5751784659922123,-0.46957821570336816,-0.7381244218349456,-0.7037455820292233,-0.22640937194228172,0.7906005531549454,2.301382616758347,7.392587490081787,23.789576425552365,27.226935920715334,10.798838558197023,3.0897821187973027,0.9274384477734566,-0.22315775156021117,-0.9688089334964752,-0.9153695946931839,-0.34138047441840175,1.277772821635008,2.869121797978878,7.768267765045167,33.92517379760742,27.5071723651886,8.609879757165908,4.355382415056228,0.8684526005387305,-0.36763682782649987,-0.7873824843764304,-0.733580488190055,-0.1637876557558775,0.8290258954465388,3.9588226568698888,11.587990646362305,24.71860076904297,23.038859882354735,9.188041400909423,3.0513857614994047,0.8094079023599624,-0.3372330366075039,-0.7267972832545638,-0.6159859612584114,-0.03553736492991446,1.1223311730474232,3.0986423587799075,8.616835899353026,30.045560188293457,22.90555938720703,8.454970297813414,2.530448198020458,0.40212298311293126,-0.4675564832985401,-0.6708672773838043,-0.6260335326194764,-0.17318978220224382,1.8141202500462534,2.4264128947257992,10.606832256317139,26.945399265289307,27.84490894317627,8.723320360183717,2.948476927876473,0.6726338544487953,-0.4543861044198275
37,-0.01305223293602462,-0.012340299226343599,-0.01129368599504228,0.025039418041706042,0.04245170950889584,0.07773096486926076,0.07957006171345707,0.0242310874164104,-0.00016904373187570003,0.026861163368448605,0.0385113385040313,-0.014466129802167379,-0.01575001571327444,-0.015249907523393577,-0.013522466327995026,0.06933369288919489,0.09783608026802534,0.051818131357431386,0.10065761059522624,0.03617819137871261,0.005578337139449978,0.03134048338513823,0.064462274890393,-0.01811008648946876,-0.017965545915067143,-0.01716752365231509,-0.016132559701800296,0.06262488027568902,0.07096154779195782,0.053260120749473526,0.05540079765021797,0.06325755730271335,0.014306165617890648,0.018435132410377277,0.04496242895722389,-0.01769716709852213,-0.016650968156754924,-0.01583355963230127,-0.014566322620958038,0.046430889312177856,0.06045106522738928,0.05564900740981099,0.09422891736030574,0.036534822136163644,0.013670202661305647,0.02382575580384581,0.06770717365434394,-0.007256994303315843,-0.020280786566436247,-0.018709569424390737,-0.01495379535481329,0.0643117115250788,0.07300117209553712,0.04758204579353328,0.049134983569383575,0.04829561337828632,0.021351495115086404,0.04111289906315507,0.02247463513165713,-0.01515654752030964,-0.017737182043492745,-0.017522228099405714,-0.016249083355069117,0.06265684889163817,0.06521226860582822,0.052636687010526616,0.10248362645506856,0.04416758283972736,0.0051202773256227106,0.032327771615237,0.0832261156104505,-0.013564801923930603,-0.020556980594992592,-0.01973916381597515,-0.018304797485470724,0.032385414356831406,0.041704872697591745,0.05111706510186191,0.08491698265075681,0.03189127974212166,0.014720656448043861,0.03693844785680996,0.09249953083693982,-0.02042885441333052,-0.017621404863893946,-0.017910962440073442,-0.012699067592620808,0.1767330252798274,0.11161299765110014,0.04577749282121655,0.03315258279442783,0.022834749445319148,-0.024037935435771964,-0.010799992857500915,0.15708579897880554,-0.003773075547069267,-0.015666508786380245,-0.015582977198064276,-0.01414848260581488,0.03969133494421836,0.055913876146078054,0.07269254773855205,0.06891183272004123,0.12320627853274342,0.014709963698405737,0.02984008653089403,0.04817222749814391,-0.01084017034620043,-0.017856576964259095,-0.0173585462942719,-0.014929474350064944,0.06566472239792345,0.06603682480752464,0.04516011148691173,0.08604878395795819,0.04907135426998134,0.013664385536685591,0.016795333141926678,0.0785816939268261,-0.019299398660659748,-0.021667893826961476,-0.02220760814845556,-0.02185522120445962,0.06579773918725547,0.07446343369781967,0.0651805834472179,0.08299388363957401,0.04835612729191776,0.028312978120520676,0.048126410408876816,0.10029988348484035,-0.01809003017842765,-0.016949691735207988,-0.021621098443865738,-0.019207597691565714,0.17553034691372882,0.040999837368726685,0.03104714483022687,0.1317253011465072,0.041672305092215506,-0.003794975751079629,0.0054924082662910125,0.16682761296629905,0.007664164737798315,-0.019992505013942674,-0.02486225388944143,-0.02452599879354233,0.0956973474565893,0.09015220224857326,0.03823954567313191,0.04807324394583699,0.06512521937489506,0.008008563066832692,0.027999884318560358,0.1140281741786748,0.03143979351967578,-0.0198098967969417,-0.021157375425100287,-0.017988431949634072,0.13614385712891813,0.05789201969280835,0.04037635430693624,0.09439573898911471,0.03417479075491424,0.0018523672409355633,0.009508265887852743,0.07523885914124548,-0.01560512946918601,-0.021714871153235383,-0.02081101458519691,-0.01938458833843465,0.03732355980202554,0.06567922286689276,0.05142572909593578,0.14253953054547305,0.13573642320930954,0.011534054309595353,0.052528049191460015,0.10163929851725695,0.006667637899518061,-0.020117374695837447,-0.02016983166337008,-0.0007683162391185279,0.0342363709537312,0.05465182799845929,0.05874604955315584,0.16628636449575418,0.10178778842091558,0.03106781381648031,0.03300452330382538,0.0674091677740216,-0.019158228905871467,-0.01980007473379368,-0.019242806173860972,-0.016807784903794476,0.10564008866436773,0.08206740491092201,0.07320105925202366,0.05724534541368481,0.059558675289154005,0.013712458438239974,-0.0016668546199798445,0.05616167077794672,-0.013717244430445091,-0.01412985164672131,-0.013656817711889696,-0.013259417936205812,0.04523006533505391,0.047643177136778785,0.07178301304578776,0.09475866183638568,0.042650636285543386,0.009511950516607592,0.014246130867395559,0.03468626359011977,-0.01129846028983589
38,0.0,0.0,0.0,0.0,0.0,0.0,0.0,0.0,0.0,0.0,0.0,0.0,0.0,0.0,0.0,0.0,0.0,0.0,0.0,0.0,0.0,0.0,0.0,0.0,0.0,0.0,0.0,0.0,0.0,0.0,0.0,0.0,0.0,0.0,0.0,0.0,0.0,0.0,0.0,0.0,0.0,0.0,0.0,0.0,0.0,0.0,0.0,0.0,0.0,0.0,0.0,0.0,0.0,0.0,0.0,0.0,0.0,0.0,0.0,0.0,0.0,0.0,0.0,0.0,0.0,0.0,0.0,0.0,0.0,0.0,0.0,0.0,0.0,0.0,0.0,0.0,0.0,0.0,0.0,0.0,0.0,0.0,0.0,0.0,0.0,0.0,0.0,0.0,0.0,0.0,0.0,0.0,0.0,0.0,0.0,0.0,0.0,0.0,0.0,0.0,0.0,0.0,0.0,0.0,0.0,0.0,0.0,0.0,0.0,0.0,0.0,0.0,0.0,0.0,0.0,0.0,0.0,0.0,0.0,0.0,0.0,0.0,0.0,0.0,0.0,0.0,0.0,0.0,0.0,0.0,0.0,0.0,0.0,0.0,0.0,0.0,0.0,0.0,0.0,0.0,0.0,0.0,0.0,0.0,0.0,0.0,0.0,0.0,0.0,0.0,0.0,0.0,0.0,0.0,0.0,0.0,0.0,0.0,0.0,0.0,0.0,0.0,0.0,0.0,0.0,0.0,0.0,0.0,0.0,0.0,0.0,0.0,0.0,0.0,0.0,0.0,0.0,0.0,0.0,0.0,0.0,0.0,0.0,0.0,0.0,0.0,0.0,0.0,0.0,0.0,0.0,0.0,0.0,0.0,0.0,0.0,0.0,0.0,0.0,0.0,0.0,0.0,0.0,0.0,0.0,0.0,0.0,0.0,0.0,0.0,0.0,0.0,0.0,0.0,0.0,0.0
39,0.02844840539619322,0.018689481820911118,0.01435248954221604,0.10064648874104017,0.2313875019550323,0.17244143933057782,0.36998184621334074,0.6694802701473236,0.5565489292144775,0.5243252217769623,0.250024401396513,0.07781072538346048,0.02445164063945408,0.016360805463045792,0.013907424947246866,0.09593696149066086,0.15442019820213312,0.22232669204473493,0.48145855039358143,0.6531328001618386,0.33001678809523577,0.19216161161661144,0.14408684767782684,0.05040184065699573,0.03296219606418159,0.02180060920305547,0.01640904120169576,0.09462774113286283,0.1698988778889179,0.3348591071367264,0.7137416207790375,0.6219006878137588,0.37494499236345286,0.27119213595986363,0.14778585717082018,0.05753620862960811,0.03196009989827866,0.020729279648512546,0.01648589978925879,0.12383961409330366,0.18190137237310405,0.29898192137479784,0.6292603921890259,0.7373833924531936,0.5699329632520675,0.3294402229785919,0.2292212181538343,0.07635593920946118,0.026537816002964926,0.01710808014497156,0.012618744177743743,0.10303135212510821,0.1499827872216701,0.3572683206200599,0.8303214767575264,0.6922894629836083,0.3069215002655983,0.18508572578430174,0.13584319725632663,0.048292457275092564,0.028895946899428916,0.01867434410378333,0.020521397101692818,0.0998044242057949,0.16942301467061038,0.3094158786535263,0.6415014481544495,0.8068273028731345,0.6300806254148483,0.3487475717067718,0.2220356624573469,0.07760763157159087,0.043219738807529176,0.0266086733527481,0.021235287236049723,0.13786452622152862,0.21822720959782602,0.29165638267993926,0.6108284485340119,0.6236523312330247,0.5704944384098053,0.4071141131222248,0.2662254899740219,0.10250017587095497,0.037110965349711436,0.023292655819095624,0.01687415519263591,0.10896855279803272,0.17072129309177397,0.34485438585281375,0.6360123434662819,0.8692194420099257,0.4807204070687293,0.2124993685632944,0.17291098982095715,0.07252618497237559,0.02152732711285348,0.014542452767491299,0.01127643908374006,0.09392375878989692,0.12563979275524612,0.19588922157883643,0.5656978613138198,0.7152230358123779,0.3698513363301754,0.14590188644826407,0.0951794648170471,0.041390173975378225,0.032437345441430766,0.021172757558524564,0.02001682840287681,0.10198750093579287,0.1837447042763233,0.28958532780408863,0.91912156522274,0.9052398720383643,0.8161676715314389,0.36114938512444494,0.22764988392591473,0.08588201146572823,0.03619041004218156,0.021972824279218865,0.01700339384376997,0.11325503341853616,0.22439008027315138,0.3725682017207146,0.6898038986325263,1.1494234082102774,0.6917821237444878,0.2711295154690742,0.19690527450293302,0.07474425682798025,0.028998272996395773,0.018025895263999656,0.02738751414231951,0.1697920003160834,0.2672950922697782,0.4474088275432587,0.7749151825904846,0.5962900307774543,0.40173544839024544,0.21150671362876894,0.15077613696455952,0.06188778456300492,0.030180789697915274,0.019127701781690078,0.014471961008384774,0.10074882218614216,0.15591303661465644,0.27989846497774123,0.6663213056325912,0.7439560747146605,0.5297376966476441,0.2633904159069061,0.1673652448505163,0.06328973177820439,0.041220422796905,0.025667557222768617,0.02069482864812011,0.1396652344614267,0.17755737014114853,0.37208576083183287,0.6842351675033569,1.0983282673358918,0.7377880656719208,0.371320067346096,0.2553655031323433,0.10784043580293652,0.034842325132340146,0.0212529140990227,0.02061343470588322,0.13614824935793873,0.22235370218753808,0.26227861940860747,0.6611189463734626,0.6582626050710678,0.403489764034748,0.2429500402510166,0.21343069478869436,0.08513391140848395,0.03429317606613035,0.021571199446916524,0.01691021428443486,0.08437219690531488,0.21590934231877318,0.34385569304227825,0.5338171815872192,0.6769464576244355,0.5725612106919289,0.45388084650039673,0.24390371784567835,0.07877810347825284,0.027927502412348936,0.018288452867418478,0.015730893090367265,0.11984485603868958,0.14745292752981182,0.2456290480494499,0.6382102477550506,1.2741440391540528,0.6863280701637269,0.30257889032363894,0.17789685197174548,0.0638986477255821,0.038394192308187435,0.02381543355062599,0.017455296488478735,0.12402082841843362,0.21384385257959365,0.39956845730543133,0.8395869085192681,0.8260670375823974,0.5494798961281776,0.28224115833640095,0.2257299046963453,0.08649609394371505
40,0.019264584034681304,0.0416307136416435,0.12281604707241056,0.08022883590310811,0.4846245348453522,0.8744424700736999,1.1207653284072876,0.9235344767570496,0.4026880025863647,0.14488783255219453,0.08590155392885201,0.05462775044143198,0.03853303729556499,0.0484565772116184,0.12164758600294587,0.12150854356586929,0.5330771088600159,1.1265428376197815,1.4356586456298828,1.334626343250275,0.6483656775951386,0.29196351662278175,0.19264862254261966,0.1108746080100536,0.009548158869147292,0.009610697031021099,0.10184496942907569,0.07412324545904989,0.5305424809455872,1.1899093651771544,1.4362390351295473,1.2399620175361634,0.6588833749294281,0.40807067170739175,0.23950628638267513,0.10467226944863794,-0.04736837834119799,-0.05289237108081579,0.06708127126097678,0.10167353086173532,0.6863048729300499,1.3902464342117309,1.6459311246871948,1.5334366893768312,0.9977892665565014,0.4632702454924583,0.22107511490583417,0.06553630322217939,-0.12327888555824754,-0.15266806669533253,-0.0018483795970678507,0.006949546337127671,0.48134221166372304,1.5239222514629363,2.8597089886665343,2.663415865898132,1.5153770887851716,0.6797594605386257,0.26788007490336896,0.04047518059611317,-0.17837029643356803,-0.23153177112340928,-0.028544563949108138,-0.006463361978530871,0.3706399877369404,1.334920552968979,1.9664698696136476,1.8717087483406067,1.1671788790822029,0.8420394433289765,0.4780400695651769,0.1481992068141699,-0.20502392614260315,-0.28337839629501105,-0.054187381342053406,0.19452332872897388,0.7143911132216454,1.9375523734092712,2.438875303268433,2.068402292728424,1.401947954893112,0.8466637423634531,0.3405860940366984,0.021545395590364936,-0.18270913891494273,-0.21127544172108173,-0.028633323237299925,0.08147425457835197,0.6975745862722397,1.6164874768257143,2.0569891309738155,1.8190745115280151,0.9451406930387021,0.4466916544735432,0.19951027177274228,0.023827915377914916,-0.0931679205223918,-0.1066605669260025,0.021215009950101376,0.06909614045172928,0.6383349943161012,1.309978985786438,1.8553379487991333,1.9646181368827818,1.1249850106239319,0.622274965494871,0.3166132771968841,0.10698408950120211,-0.11221536830067633,-0.15704286351799962,0.007321957945823662,0.3209179244935513,0.6639543747901917,1.3623244762420652,1.8542357993125915,1.5739637112617495,0.9495387613773344,0.4605198515951633,0.21601795963943005,0.026558991372585307,-0.123060578815639,-0.1426466159522533,-0.0028970946371555282,0.047046565636992464,0.529222446680069,1.5868343997001648,1.8964305543899538,1.4341730761528015,0.7995526838302613,0.5167915985733271,0.25822320166975266,0.08183546513319016,-0.2780614085495472,-0.36086360991001126,-0.14452361695468427,-0.13127034045755864,0.8765228913724423,2.6911539959907533,3.3667723464965817,3.0242073434591292,1.8549705031514165,0.9204859478771686,0.3173370625823736,-0.05673832431435584,-0.2611828093230724,-0.2711210145428776,-0.091368315666914,-0.06916125923395156,0.36900361642241475,1.2139116549491884,1.9311756944656373,1.7519648611545562,0.8377580547332764,0.31286794304847715,0.15062468610703944,-0.02179569169878958,-0.10548474265262484,-0.12540942722931506,0.021884699538350077,0.08122203592211005,0.595360180437565,1.4945237588882447,1.769005024433136,1.4292548322677612,0.9014123778045177,0.7245054093003274,0.389372692219913,0.12471014402806761,-0.06910284839570521,-0.09337279692292214,0.07160721894353628,0.13534730698913333,0.5355840296298265,1.2271840953826905,2.098591639995575,2.12738728761673,1.6458034968376158,1.092861888408661,0.5377972519397736,0.17363386474549766,-0.1810476096346974,-0.20998754888772964,-0.05504198061302303,0.00614195749163629,0.5011147287487984,1.2917873764038086,1.9699821949005127,1.712430100440979,0.953762417435646,0.4653388901799917,0.18167122058570384,-0.0054651282541453945,-0.2660311830043793,-0.3079315882921219,-0.11735668621957303,-0.0398214928805828,0.560521784722805,1.7793325459957123,2.304160817861557,2.3008598744869238,1.516477302759886,0.9656566680967809,0.4807485489547253,0.09370744630694389,-0.12726753240451216,-0.20351642005145548,-0.04073545105755329,0.04526910051703455,0.4883332994580269,1.529629513025284,2.3054773283004764,2.443557119369507,1.3867569774389268,0.6930190066248179,0.3205344863981009,0.07066179260611534
41,68.29357833862305,97.03602905273438,177.5185890197754,190.7406036376953,159.18186645507814,279.6742462158203,269.47003173828125,210.16131591796875,164.60523834228516,134.35384216308594,80.24634094238282,36.28777923583984,71.66666786193848,111.14610969543455,166.91812942504885,201.2140725708008,218.47233947753907,291.2487936401367,294.81491821289063,239.00931060791018,193.86182525634763,113.70565338134766,95.47953460693358,68.07057720184326,67.65994842529297,105.41991737365724,150.6897036743164,165.08994537353516,249.60968200683592,258.69132537841796,287.1147439575195,239.4874282836914,137.75500999450682,121.55214332580564,85.35125553131104,54.598724975585945,57.288527450561524,109.181441116333,168.89892379760744,191.0035220336914,234.70942947387698,277.9404357910156,295.15455627441406,210.81741333007807,176.46786041259764,129.88301483154297,96.75765647888184,55.649633636474604,72.19406814575196,100.03714431762695,152.62115325927732,196.88029830932618,254.84274810791015,236.59226959228516,292.09662170410155,247.75250579833983,182.04563621520998,79.17195930480958,73.53565788269043,53.959617691040044,72.05571510314941,108.91119850158691,178.9576045227051,191.17099517822265,231.0644125366211,229.00272033691402,318.74563842773443,236.9959820556641,157.42821334838865,125.01266105651855,90.97090850830078,66.78845993041992,87.54689552307129,130.25307098388672,191.60820983886717,196.4547866821289,227.1493017578125,235.40430999755858,303.0942163085938,245.6071014404297,140.0705213928223,88.52258811950682,88.48553077697753,64.3632413482666,69.17636749267578,113.9212268066406,163.27528030395507,189.61653244018552,225.61373229980472,244.41246948242187,307.85218231201173,241.19595153808595,166.63076942443848,112.59404113769531,73.01697441101074,53.31993576049805,73.04079811096192,117.14181671142578,167.0780191040039,237.63155181884767,269.45189575195315,289.32227416992185,298.1112878417969,208.24626678466797,157.10416946411132,122.76488731384276,74.31425422668455,60.85793685913086,74.76922027587891,137.47176193237306,187.4175964355469,218.93060089111327,220.43673706054688,240.51814514160156,358.02660156250005,236.0047494506836,186.78503005981446,142.3538328552246,113.74119819641112,74.59299812316894,88.45630199432372,121.9624674987793,173.1528845214844,210.05539184570313,222.028244934082,261.4529052734375,367.71044921875,280.22509643554685,190.52899780273438,112.70332969665529,103.60453552246092,79.36085830688478,86.31096206665038,113.85828353881837,189.9625848388672,229.4310998535156,221.74078704833988,257.69841125488284,313.1443139648437,231.91111099243162,160.05870346069338,88.63729721069338,69.65445804595947,55.72258178710938,86.49656875610351,139.92262664794924,182.64237304687498,217.7884828186035,236.53703338623046,294.3964584350586,365.89379821777345,249.84084838867184,163.21317153930664,117.67715194702149,102.30275115966796,74.74308547973632,74.926662979126,129.7625761413574,196.7248455810547,200.26585449218751,258.90452575683594,292.28215667724606,290.7091067504883,248.44231994628908,219.9220185852051,127.77574905395508,90.51258323669433,66.08249671936036,77.19637825012208,123.73755416870117,198.34748596191406,213.1682711791992,235.28808959960935,247.1448205566406,279.01966094970703,268.3400057983398,180.0955126953125,167.4076231384277,88.79136329650879,67.16857101440431,75.05812797546388,125.47612915039062,196.63439605712892,261.8802783203125,267.1756457519531,287.0409790039063,333.95191986083984,206.89088714599612,179.04908081054685,121.26537452697752,105.43314529418944,68.68131668090821,72.9823595428467,128.53538375854492,174.45765533447266,215.73426849365237,235.94306427001956,258.15176635742193,307.92396301269525,230.22533142089847,152.66183532714842,110.27440673828126,88.26571189880372,72.70970222473144,90.71316795349121,136.84516510009766,182.6991310119629,229.11368194580078,245.50816864013672,335.30833312988284,332.0255850219727,243.44189025878904,176.80433700561525,131.8127737426758,94.00059852600097,81.15671600341797
42,-5.886158132553101,-4.859734201431275,-3.1102179437875748,-0.468157434463501,4.530249452590942,5.963747596740722,68.42106838226319,42.526576614379884,21.748923683166502,19.666134214401247,0.8664772987365723,-4.124410009384155,-3.59512301325798,-2.1161878323554992,-0.5945772063732148,-0.03498941540718081,2.1487928652763366,6.581190780997277,34.726607160568236,57.40608637809753,21.95894082307816,4.393250159621239,-0.960507338643074,-2.8739136773347855,-2.7874191045761108,-1.3135967636108399,0.2408841991424561,0.7595444893836975,2.961517643928528,8.480031871795655,29.680815048217777,34.78189260482788,23.86795509815216,8.694390825033189,-0.17463685959577555,-2.7282323074340824,-2.746947961449623,-1.3671371358633042,0.22069623589515688,0.7939975208044052,5.680319113731384,12.111990261077882,32.725828876495356,45.303467178344725,15.336595566272734,9.463861526250842,1.5892156052589417,-2.362931140065193,-2.6649974822998046,-0.8941776633262635,0.7444855034351348,1.2330781808495521,6.153294355869294,10.377428579330445,28.96695329666137,40.246545028686526,17.53933415770531,5.882602545022964,-0.9638577646017076,-2.682136995196342,-1.7775625300407412,-0.6810925966501236,0.5149306318163871,1.1597779929637908,4.5084382963180545,9.183504781723022,26.47417224884033,43.16155656814575,23.800708030462268,7.298051968216896,0.9512459015846252,-1.7474255847930908,-2.307657552212477,-1.3120626014471053,8.022785185968218e-07,0.5460646492242812,3.9092581272125244,8.516994802951812,33.155040435791015,58.9195740890503,22.573958270549774,8.596387033462525,1.7977537012100222,-0.7727228510379792,-2.396759386062622,-0.766175176501274,0.1634049326181412,0.33099344253540036,2.7828100335597994,7.166468143463135,32.480865993499755,50.39503940582275,18.07564087152481,7.835809968560935,-0.21443771481513982,-2.0661366492509843,-2.3852618190646173,-1.309678291082382,-0.31666024208068844,0.29446613967418667,3.38345067024231,8.529707202911377,23.46801800727844,48.99779691696167,17.13521795809269,6.1800019383430485,-0.5305899620056151,-2.0242728710174562,-3.0797207653522487,-2.08299864590168,-0.5447090606391429,0.4073956328630448,5.243049547672273,9.40849199295044,49.72448640823364,52.3493542098999,26.85337152481079,11.171789619922638,0.9688713145256044,-2.743306588530541,-3.5175843119621275,-1.311792213320732,0.26182460546493525,0.9081150168180466,4.575579040050506,11.354122009277344,38.915184326171875,55.61340026855468,18.50364703655243,5.8781687974929815,0.44406613141298285,-2.2748325204849245,-2.1675623726844786,-0.6309744262695312,0.6462994337081909,0.8537997925281523,5.808467516899109,10.537361164093017,39.170123462677005,30.739838848114015,10.804477026462553,4.048373060524463,0.47837516307830813,-1.6857495948672299,-2.306252870559692,-0.3305706059932708,0.8698556333780288,1.3594007003307342,4.278097505569457,9.542728748321533,39.5246728515625,47.27669258117676,23.36905935764313,6.606915774941444,-0.28189582794904705,-2.672165914773941,-2.627309386730194,-1.438718490898609,-0.03847730755805969,0.24255749702453616,4.436985337734222,8.018537454605102,37.918942794799804,49.5571999835968,24.817380599975586,10.027253482937812,0.27185897350311283,-2.188656117618084,-3.8384037023782724,-2.009984573125839,-0.3062381768226623,1.70902016043663,4.772792978286743,7.3069002723693846,43.14412515640259,62.51290267944337,21.278743562698363,5.129100441932678,-0.5616298913955688,-2.5738720852136607,-2.335617547929287,-0.8994698953628539,0.4831323337554932,0.9122553116083145,5.858656668663025,14.080390968322755,37.694992237091064,33.15315881729126,14.683351826667785,7.661423506736756,-0.3699134469032288,-2.4096463537216186,-3.0618721759319305,-0.6783004313707351,0.8016761291027068,1.4483872547745704,5.172903804779053,12.259856214523314,38.63054023742676,41.118672933578495,15.348568536639212,6.032394043207168,-0.45634236454963684,-2.5110966217517854,-2.230019910633564,-1.2063992971181867,0.22793093562126154,0.8492779564857484,3.5720379447937014,11.662505502700807,35.691081314086915,57.40019042015075,22.75803606033325,6.941680954694748,-0.3338150064647197,-2.73993515253067
43,16.53372097015381,13.699146175384522,15.240494537353516,17.38912124633789,6.247183513641358,1.2739539623260498,1.7952746152877808,0.7729540586471557,3.795484655350447,3.7572750091552733,15.164437079429627,19.340682983398438,16.539906845092773,19.41968408584595,23.809742546081544,17.755738916397096,6.87781385421753,2.9625498723983763,1.2739386069774628,1.0836659935116768,3.097286454439163,8.613759145736696,14.897400970458985,18.046071128845217,18.224999113082884,21.98863960266113,20.838552589416505,14.130991802215576,6.867207059860229,3.1995931196212766,1.1217295330762864,1.1023392140865327,2.350110367834568,6.841570854187012,17.98245513916016,24.532440223693847,19.082075319290162,21.91425495147705,21.703750839233397,16.54988037109375,8.142001552581785,4.197425847053528,1.4819514274597168,0.979772128164768,1.6430549830198289,7.777332313060759,15.905454835891726,21.340268878936765,20.323049182891843,22.666474456787107,24.94441371917724,17.9581121635437,8.05867473602295,3.444166548252106,2.1651406449079516,1.1166356402635575,3.043166555166244,6.572769295275211,17.009902811050416,22.587975006103516,19.58525333404541,18.383909339904783,25.436677703857423,21.000104026794432,10.249184489250183,3.730644198060036,1.5678905057907104,1.5844181764125824,3.2565131491422656,6.908381141722202,12.206167678833008,19.47958291530609,17.391364021301268,20.86440553665161,23.613368244171145,17.49299827575684,6.871617963314057,3.1119227206707003,0.9653372478485107,0.650558698475361,2.536522870957852,8.957155333757402,16.94681401729584,21.398519401550296,20.374935493469238,20.650772151947024,21.884836616516115,14.292598514556886,6.967582802772523,3.7766354990005495,2.4686388128995898,0.8975017756223679,3.9745009866356846,6.9756020301580435,18.575776907205583,22.40063374042511,14.706994857788086,19.87395464897156,22.06918111801147,16.087329273223876,5.99684051990509,3.17682963848114,1.4156793689727782,0.8072466692328455,2.5505271400511265,10.294986844062805,18.314275722503663,21.724356288909913,17.493804225921632,20.29711364746094,23.560885276794433,21.41277540206909,7.648514022827148,4.410892959833145,1.8980895602703096,1.2406847271323205,2.985067878961563,6.970318338274955,13.809860348701477,21.705835151672368,17.635055046081543,21.267777042388914,21.214471521377565,14.189548835754394,7.065617299079896,3.46561753809452,1.9487885773181914,0.662262699007988,3.1021506142616273,7.325961441993712,14.314607095718383,18.258407678604122,17.76155513763428,21.735805206298828,19.64265483856201,15.437984619140627,6.862877826690673,4.518118174076081,1.4589618158340454,1.1173954486846924,3.1786278140544892,6.424953730106353,14.668551549911502,18.442807083129882,16.944123935699462,21.229332294464115,20.580591373443603,14.596052589416502,8.122219219207762,3.984364817142487,1.13940022110939,0.8649642069637775,2.7902598986774683,7.285263913869858,14.485152349472049,19.104741230010987,16.78070074081421,18.061063003540042,19.77685745239258,17.223283653259276,7.160770635604858,2.484423835277558,1.1841277009248732,1.3147449259459971,3.0992444279789924,7.991170468330384,16.24936069011688,18.073711261749267,17.20112091064453,19.80953708648682,20.031168708801268,13.92190499305725,4.773027060031891,2.916272585391998,1.4685467380285262,0.47713780224323266,2.654561063870788,7.371086103916168,16.338300352096557,20.897702560424808,22.04633590698242,22.1303938293457,22.700237560272218,15.88921528816223,7.729641361236572,4.04042488336563,1.6236509633064269,0.6501625674962997,2.3747842580080034,7.9214527320861805,15.920963478088378,25.551970386505126,19.666623725891114,20.778601150512696,22.539802150726317,15.159226474761965,6.400906844139099,3.6959270811080933,1.8330075860023498,1.1527137377858163,3.059827598631382,7.4319657039642335,18.262630653381343,23.688983802795413,18.155629472732546,23.099683456420898,22.027447547912598,15.917608070373536,9.131253986358644,3.2778072690963747,2.16576841711998,0.9403613209724426,2.6555388221144676,8.113809773921966,15.837304658889769,20.459783105850217
44,74.40186309814453,77.88362884521484,96.63850250244141,88.10948333740234,31.952167129516603,7.455100870132446,19.512507170438766,6.873004114627838,18.17703987956047,10.916628623008728,33.16455783843994,55.06979751586914,82.85739273071289,101.41679180145263,137.12497283935548,112.2832698059082,47.83294446945191,27.415113143920895,15.659482232332229,7.487261675596239,12.956928172111512,27.049726035594936,47.424893684387214,78.21922828674317,98.13300109863282,119.6418394470215,136.01197341918947,104.80844436645509,47.750879821777346,29.204256997108462,12.443903281688689,7.689560815691948,9.682525352835658,23.2474808716774,52.04577571868897,95.26860260009767,104.46755378723144,126.82921188354491,137.99176895141602,122.60187408447264,64.93661685943604,40.7946024274826,21.877720965147017,16.785287892818452,11.383166239261628,30.653901152610775,57.86812397956849,90.17295501708983,105.71085319519042,127.7951279449463,161.2704602050781,115.87525207519532,57.15429374694825,35.49905253171921,21.975893971920012,12.009826954603195,13.392587532997132,19.44580874443054,50.830700569152825,87.69271701812744,93.71559982299804,101.57929321289063,137.1329313659668,116.69377761840819,54.52788082122803,27.823699207305907,16.297968047857285,9.539128153324127,9.097300202846528,21.084484531879422,37.15465598583221,72.77335341453553,78.30396476745607,98.57526947021483,124.973350982666,103.38440872192382,45.16231521606445,33.397645502090455,14.293045959472655,5.48387404203415,8.193012022972106,28.951436799764632,59.887992115020744,88.75517051696777,101.1673178100586,122.13898635864257,132.7156230163574,93.49237159729003,46.069261741638186,24.177872313261034,19.750984549522403,10.827715077400208,16.672428376674652,25.874002411365506,57.37945883750915,89.68283229827883,92.69415607452393,113.04223556518555,125.42586532592773,101.83345939636231,42.07234703063965,30.75021730422974,18.974508442878722,6.584664775133132,6.515357127189636,25.61807244896889,57.344244422912595,88.72787307739257,102.60584457397461,116.01927368164063,136.39089019775392,129.73970306396487,54.9997998046875,36.08830753326416,21.954485130310054,8.832919467687606,13.770800349712374,26.190750637054446,50.24413185596465,88.0891661453247,92.08199516296386,122.8548455810547,142.31580001831054,103.6208595275879,50.26079330444336,32.22331282377243,17.05570632696152,5.601335552930832,12.504832623004912,29.966567292213437,49.05585250854492,81.17188217163087,85.53190223693846,128.52764503479005,138.95515426635743,103.29257598876953,46.37937114715576,30.858931789398195,19.518416967391964,6.713863788843154,7.414654342532158,16.984486632347107,43.21795280456543,73.65077304840088,92.7931086730957,107.872554397583,122.48617477416992,98.7473292541504,49.02946475982666,29.772720794677735,15.535513355135915,7.219286633729934,15.584702098965645,19.103707543611527,45.821212463378906,80.07442062377929,101.60109466552736,117.65690277099611,137.19200469970704,120.7598949432373,63.470031585693356,28.82454649090767,12.505480370521546,14.829879200458526,22.379599126577382,32.20010364532471,59.67593951702118,86.61976875305176,107.93962860107422,125.16944152832029,133.935841217041,98.73713500976562,43.68083229064941,28.456754841804504,11.849586973190307,2.320384315252304,6.325733251571656,15.920076971054078,47.882536840438846,80.29431915283205,96.58204528808594,116.27553619384767,142.44184524536132,117.72285957336426,56.584999084472656,32.353419094085694,16.698403618335725,10.818433156013487,8.335659877061843,27.47286280989647,56.95058946609497,100.00383457183838,108.33862731933593,112.33968994140625,136.22881027221678,111.34627983093262,47.26914615631104,29.261645846366882,18.849110474586485,11.205221071243287,13.487267203330992,25.91028650343418,59.12833131790162,96.87692710876465,86.64554702758788,128.5380509185791,144.53998764038087,109.31305618286133,61.44657897949219,36.66666883468628,22.14476324915886,13.38688871741295,11.280358674526214,21.982751309275624,43.464245300292966,76.96457599639893
45,17.59203510284424,25.621309089660645,26.523594856262207,13.483088970184326,2.939760160446167,0.8730672031641007,1.0657630622386933,1.5804823696613313,3.14304545968771,3.285616010427475,7.340577602386475,9.3602765083313,14.716583366394042,15.000549201965333,19.814802436828614,13.573654613494872,5.036670765876769,2.475905060172081,2.4860798382759093,2.023323194682598,1.6841788840293883,3.6834727409481998,7.359559495449065,14.044825382232668,17.19804440021515,18.47629647254944,22.008590698242188,13.66511148452759,5.141458554267883,2.311981466859579,2.1007909420132638,1.8361367675662037,2.3522259417176246,3.590007981061936,7.193607401102781,13.31498441696167,17.599518966674804,19.82419545173645,22.34404888153076,15.760174083709718,5.567088074684143,3.1273772385716443,2.257082006931305,2.3988369259238245,2.2393528616428378,3.7911637821048494,7.571672134399414,13.737685012817384,13.32057319164276,15.271196603775024,20.143704376220704,12.239530601501468,5.146920433044434,3.714669941663742,3.587995069772005,2.595412789657712,1.808072096258402,2.642580166459083,7.660342059135436,12.35234803676605,14.659162197113039,15.895391278266905,24.49627174377441,15.428896369934083,4.973145089149476,2.529211458265782,1.9442025229334832,1.5378401228785514,1.5901691007614134,3.0395041038095956,6.740561076402665,13.215808281898498,12.818916873931887,15.977600259780885,20.43202697753906,14.544034996032716,4.511727604866028,2.508251668289304,2.2523942297697066,1.320494348406792,1.309896568879485,2.8549127069115636,8.200439866781235,11.102762842178343,13.67299394607544,18.16622806549072,20.841285018920896,11.561907997131348,4.577458930015563,1.8197282145917417,1.089967532902956,1.6881065838038922,2.194470186829567,2.5626565331220625,6.119025853872299,11.28750479698181,18.2034254360199,19.32323694229126,21.370404205322266,14.427733364105226,4.709193186759949,2.439172154814005,1.7498754256963729,2.2232510943710806,1.4432175508141518,2.920389872789383,8.461106729507446,14.022864971160889,20.21106813430786,19.93675842285156,21.497118186950686,14.74510498046875,4.723291616439819,2.92832073867321,2.642891562618315,1.4777769012004138,1.8097642862051724,3.3072785472869874,8.257554739713669,14.109202156066894,16.484400153160095,17.98694742202759,25.526845893859864,14.874923763275145,6.213398807048797,3.4282054901123047,2.7303191477060316,1.4887094658613205,1.6615744285285472,4.005420446991921,7.844367929548025,13.332656650543214,14.663715581893921,16.71359351873398,20.903350219726565,12.753631668090822,5.126042032241822,2.8640840148925784,3.1006345531344417,1.7177198028564455,1.230300650000572,2.220329675078392,6.579531166553497,12.732183151245119,14.803591432571412,16.18865286827087,21.16634466171265,14.54111066818237,5.641913060843945,2.1885323894023894,1.5779189857840537,1.792118039727211,1.7182057160139084,2.54308337032795,6.0212550932168964,10.83794017791748,18.212472009658814,17.915468864440918,24.722286796569826,16.79639297485351,7.15887466430664,4.2652888369560245,3.01920943826437,2.9684899866580965,3.1564880077354607,3.772709887027741,6.349298593997956,13.942139286994934,17.291594085693358,20.244255046844483,21.605854644775388,13.023652667999269,5.468364868164063,4.304622661471367,2.744621696174145,1.9051031167805192,1.5291328053176403,2.53165165245533,7.653341457843782,12.417804985046386,14.651768960952756,17.44563207626343,22.025121116638182,15.537083683013915,6.798244948387146,3.7947262418270116,2.8742208917438985,3.545007885694504,2.065222553610802,4.245793456286192,10.466157918572426,15.269611196517943,18.206595706939698,18.46255646705627,26.12417984008789,15.256352405548094,5.300860881805421,2.4183128970861434,2.3543589627742767,2.45303520411253,1.9430937876552346,3.1039732512831684,7.379841791689397,13.613682432174684,13.551763801574705,17.223407478332522,23.30148536682129,15.662084445953369,6.481789517402649,4.113345745801926,3.0513116595149037,2.3466860824823383,2.1571729731559754,3.1019796192646027,6.8498518896102905,11.741825370788574
46,140.18961029052736,173.4440948486328,197.52266540527344,129.41532135009766,44.401414489746095,19.188933181762696,23.277204704284667,20.92091646194458,28.4878089427948,41.144549179077146,84.49759368896484,116.10113067626953,162.5185949707031,163.87665328979492,173.8556872558594,132.68249633789063,51.507547073364265,28.161255607604982,27.902397035360337,20.739711626768113,28.0947873878479,48.871955102682115,82.65939445495606,133.35425262451173,181.22152206420895,175.41470321655274,183.4039321899414,135.69553497314456,61.904656829833996,27.03397319793701,19.657156682014467,24.537725801467893,31.602053899765018,51.860598182678224,93.81745864868165,132.69513969421388,193.30208709716794,191.6020181274414,188.58780029296875,151.58888763427734,60.92911811828613,31.291900768280026,27.650143551826478,27.158154640197758,33.15454858779907,61.355158395767205,103.34082641601563,154.78262329101565,123.43022384643555,129.63796691894532,160.01559074401857,131.71733551025392,56.909070739746085,30.91479810714722,23.869766646623606,24.712007788419722,33.092798706591125,52.78724769592286,103.31589923858641,129.44773376464843,159.83745971679687,154.111487197876,171.54196411132813,138.64720916748047,50.08847496032715,26.092640533447263,24.841646080017092,17.983517171144484,22.236498858928677,39.172654647827144,78.32441123962403,136.86596855163575,133.2931510925293,139.7206160736084,147.08989852905273,118.76148788452149,47.00600463867187,26.01726813316346,24.409160499572753,16.015486351251603,20.398279566764835,45.11018430709839,92.39687377929687,124.56205734252929,136.76201873779297,173.55428787231446,176.34384422302247,110.11123611450196,50.89550815582275,23.4246577835083,14.524373645782472,14.877468416690826,24.901722607612605,39.60159530639648,66.4190753173828,119.92625778198241,190.90804824829098,208.43123107910156,207.19424102783205,148.0765396118164,52.769243087768565,32.96798778533935,30.764071555137633,24.304121726751326,21.997092730998993,42.28559487342835,95.0791053390503,145.24349700927738,187.59926635742187,187.89993347167967,188.0890802001953,149.50999450683594,53.028582916259765,24.674492988586426,19.452354304790493,16.979693179130553,22.119223358631135,40.951614675521846,91.07159088134766,146.2875067138672,175.35109161376954,164.07608337402343,195.71425506591794,141.6033805847168,55.75283515930175,29.148943738937373,28.220956220626828,18.946431097388267,29.675956320762634,58.17069858551025,96.00365257263184,148.92659225463868,168.395701751709,166.65445236206057,169.93423049926758,120.27049804687499,48.844873199462896,26.70428840637207,24.070428953170776,17.777882572412487,21.298403618335723,34.10892956018448,79.0086878967285,131.987137298584,152.31282180786133,162.27038841247557,186.02226196289064,136.52936935424805,56.30248237609864,23.247275270223618,18.95748217701912,19.0841226708889,28.71386315345764,45.400464513897894,86.44546827554703,137.55483543395997,188.47101898193358,189.12473937988278,208.33583618164062,160.34945983886718,67.21010925292968,39.78008536338806,25.794447536468503,23.814919323921206,33.59197254657745,44.77815454244613,87.09530876159667,148.0929721069336,190.14877990722658,187.5621418762207,197.6928753662109,139.5234718322754,58.99371543884278,37.33169565200806,26.188986396789552,20.22865698218346,27.27959005475044,51.183504368066785,92.52378564834595,141.9749249267578,162.65861968994142,185.18842590332034,201.14079742431642,146.9876023864746,60.79245727539062,27.589774646759032,25.708015421628954,24.772492027282716,27.109969787597656,50.846863746643066,104.6615325164795,146.2561616516113,159.68026611328125,147.84796699523926,179.59722534179687,134.2002264404297,57.117573776245116,28.473080883026125,25.986555781364437,25.699949088096616,29.32531696677208,46.198381485939024,83.31929168701171,137.19130966186523,165.61045852661132,164.73978576660156,185.2052923583984,156.26849578857423,71.43784523010254,34.414517173767095,29.498661286830902,26.112631008625034,33.132017347812656,53.08689416885377,84.22828086853028,145.83694137573244
47,1.757075160741806,2.021233284473419,3.177004313468933,1.700151789188385,0.606652295589447,0.9358745813369751,1.1363067626953125,1.387333369255066,0.4995757699012756,-0.15195195674896242,0.23703120946884154,0.2383394211530685,1.329047559648752,2.5505886018276214,3.8823709368705748,2.3447754436731336,0.9021039307117462,0.8049020993709564,1.092208877801895,1.3246505486965179,0.5430443298816681,-0.0952114650607109,0.3608794164657593,1.326948843151331,2.2753645348548894,3.110936903953552,5.4632840871810915,2.308245930671692,0.42930320590734483,0.7462468230724335,0.9579135680198669,1.1096170783042907,0.3564548230171204,-0.21465984530746934,0.14294683337211608,0.9512892177700996,2.315599531829357,2.4857617831230163,4.619323010444641,2.379880051612854,1.078348422944546,1.0014614087343217,1.1200054371356964,1.2742120897769929,0.4523436945676803,-0.053149796724319444,0.34502617686986925,1.1392939470708372,3.0203591543436046,4.917604546546936,6.536953930854797,5.349526965618134,1.7797929897904397,0.19085565805435173,0.054925870895385656,0.36312045574188223,-0.24494124174118043,-0.5638225296139716,0.21399350658059113,1.595898007452488,3.3926259195804596,4.364925642609596,6.382942996025085,3.2995587074756623,0.7604474738240242,0.29922112822532654,0.5941005551815033,0.9031058520078659,0.16167529672384262,-0.36499960899353023,0.8202220427989959,1.9335100877285005,2.6395541711896655,4.504920330047607,6.092174389362336,3.4661750602722163,0.8925845292210578,0.43226612985134133,0.6791379940509796,0.9128671568632125,0.22475760877132417,-0.2757775273919105,0.5314534166455269,2.1657451254129407,3.6360920673608783,5.18262652516365,6.164657130241395,4.826520966291428,0.7143195700645446,-0.32470892131328577,0.02498736262321475,0.3589576828479767,-0.2581726545095444,-0.6458949951827526,0.2701122930645943,1.4494554540514948,2.582526115179062,4.994745330810547,7.297533044815063,4.937881753444671,0.602527566254139,0.054627826809883026,0.25307759761810295,0.6904881829023362,0.12141875505447386,-0.40255256816744805,0.1250770029425621,1.4784929168224337,2.456673261523247,4.212716042995453,4.714773321151734,2.3897956550121306,0.37863437294960023,0.38347735166549685,0.7766047573089601,1.0943543243408203,0.32645316302776334,-0.08334519274532795,0.2160274860262871,1.4541726514697078,2.1838939405977724,2.7570180082321167,4.172217969894409,3.331769860982895,1.2345648789405823,0.9386401355266571,1.111519671678543,1.2479839372634889,0.44647981703281403,-0.16270876020193098,0.3366087144613266,1.1122045908868312,5.7906384897232055,6.238366286754608,9.133008074760436,3.0452720642089846,-0.44488849282264714,-0.6934906417131425,-0.15164801985025408,0.169163943529129,-0.30889083176851273,-0.6323544643819332,0.6487633604928852,2.862348132133484,2.5880703487992287,4.3062608790397645,4.477289733886718,3.1083177089691163,0.7656844258308411,0.5978971213102341,0.9222964298725129,1.0999690878391266,0.3008781751990318,-0.2088561973720789,0.11115491628646852,0.8412227384746075,1.9891292202472683,4.482164156883956,5.481639313697815,4.452118309736251,1.0243290197849273,0.3098204708099365,0.5671874117851257,0.7966428983211516,0.13777444511651993,-0.40768625795841223,0.7133939564228058,1.8252536092698572,1.7458708062767982,2.2143028208613393,4.035277910232543,2.8405192708969116,0.9109001237154006,0.7815934324264526,1.0807201397418975,1.2900967162847519,0.46260659098625184,-0.11481513559818265,0.29053109407424926,1.2145019018650056,4.263147670328617,6.7837345528602615,7.930424983501434,4.8556725120544435,1.0460925590991974,-0.22203481078147896,-0.19354836821556093,0.1684363961219788,-0.3390757313370704,-0.700073319375515,0.4684960156679153,2.0508324259519575,1.438673477768898,2.4345295017957684,5.129311475753784,3.010843734741211,1.2432888484001159,0.659200142621994,0.9473767244815827,1.1488687443733216,0.37126583606004715,-0.1601667359471321,-0.06731365993618964,0.6869456347823142,2.033374410867691,3.1466492515802384,4.380512948036194,3.352359232902527,0.7969806942343712,0.7188380002975464,0.9422576355934144,1.144745714664459,0.40656046092510223,-0.23200610816478723,0.6717084200680257,1.8508960787951945
48,-0.01122586727142343,-0.8219196796417236,-1.1310058951377868,6.087135112285614,36.13401412963867,15.091664505004882,22.359258270263673,50.953078746795654,44.161796474456786,36.21692810058594,21.608723592758178,3.3105567932128905,0.37107220888137815,-0.7217506742477416,-1.1009995937347412,5.445740888118744,46.67480182647705,25.96139415740967,26.48459042549133,50.12948450088502,45.35139743804931,39.41216232299804,23.469558362960818,4.678785302639008,0.11197928071022031,-0.9220788931846619,-1.1966367924213408,4.914699288010597,51.9065246963501,25.304591493606566,30.861948766708373,63.09889852523804,45.04855823516846,40.05182996749878,23.69879858016968,4.464815799295902,0.7128042244911194,-0.7035562229156495,-1.1741955411434173,6.146271420717239,52.74782039642334,28.941926250457765,33.46689022064209,69.61480672836304,68.71279272079468,50.48447378158569,30.662269234657288,5.65479919731617,0.39088564783334734,-0.8873535871505738,-1.2802559852600097,7.958034796714782,50.5282571029663,31.588487434387208,32.56083581924439,46.722592086792,46.264843244552615,49.17649145126343,34.09749897003174,6.324843122959137,0.7889285498857499,-0.6497814977169037,-1.078852183818817,11.654656696319579,68.48193359375,28.67591670036316,31.235090885162357,56.31925867080688,54.26038944244384,50.51402669906616,31.164690628051755,5.757418336868286,0.0557113456726074,-0.9521597754955293,-1.2316035342216494,7.522719852924347,49.7110722732544,21.7574254322052,25.972058382034298,42.08345470428467,37.147160053253174,38.554031448364256,22.35740797996521,3.973679546117782,0.43606673181056976,-0.8171018683910368,-1.146729418039322,9.47179965019226,57.46012172698975,25.72509006500244,32.646932568550106,59.41370082855225,50.145653169155125,41.63027154922486,26.00291178703308,5.314405653476714,0.4263086640834809,-0.7629903316497804,-1.121452431678772,9.207563402652742,57.394505615234365,30.479104194641117,28.4617894744873,59.04743663787842,52.955363273620605,43.93749252319336,33.85091564178467,6.8854815602302555,0.8722782498598101,-0.7028337872028351,-1.192503615617752,9.982931187152861,60.34706047058106,34.274604368209836,42.31770852088928,68.10936088562012,65.5079962348938,48.925215301513674,31.963857669830315,6.263529766201973,0.49036690652370457,-1.01970343708992,-1.4969577729701997,9.993010643124581,58.03447444915771,28.37703971862793,31.29453300476074,43.60451133728027,45.67343204498291,44.13508102416992,30.1323392868042,5.6826948928833,0.2353370416164398,-1.030221531391144,-1.3039142203330993,15.976285307407377,69.03096801757813,23.954506282806392,32.76263282775879,54.42512149095536,51.14889560699463,44.06509099960327,29.82330937385559,6.246235334277154,0.5919051516056062,-0.8920215606689453,-1.340952912569046,10.326652052402498,58.81499324798584,28.520126075744628,35.68079298019409,63.41601097106934,55.42830783843995,51.050779919624325,32.1609996008873,6.264129445552826,0.7685065352916718,-0.8620811092853546,-1.3896908891201019,9.536026756763459,55.522982482910166,24.904732875823974,42.97653074264527,83.33451591491699,74.34659187316895,63.29152889251709,38.849892196655276,7.9942288494110105,0.967340977191925,-0.6766631102561951,-1.1626835596561433,10.632779922485351,69.10864395141601,28.880319652557368,28.419767684936527,58.993081703186036,61.512472238540646,61.92356067657471,39.1981735610962,8.087580251693726,0.6575561368465423,-0.9047511994838715,-1.2770467591285706,9.764862966537475,59.82825073242187,23.386729822158813,30.18637909889221,60.45772930145264,68.10643566131591,64.81616394042969,40.15364505767822,7.3567970025539395,0.2909456658363342,-1.1125582647323609,-1.4715357723832132,8.674455537796021,62.73244972229004,28.810287895202634,43.44427999019623,74.58589190483093,64.65472248077393,48.34420822143555,27.26699782371521,4.960821771025657,0.4439568722248077,-0.9980139160156248,-1.3419923615455627,8.636524560451509,51.292502784729,19.056250381469727,27.18668074607849,57.21817607879639,59.18452220916748,50.503771934509274,30.65241680145264,5.874810206890105
49,-0.11074789017438884,-0.09364685565233226,-0.08275604993104932,-0.07246748656034466,-0.0397709738463163,5.329544973373413,5.043956017494201,0.7479267001152039,1.0231450617313385,0.45182069540023806,0.0529123071581125,-0.021769587043672777,-0.06707221418619154,-0.07561371429590505,-0.06626120794564481,-0.05352622278034682,0.03279233440756803,6.300561094284058,3.9064362573623663,0.9951644307374954,1.0035240530967713,0.3407515767216682,0.059838699810206855,-0.040328286197036475,-0.07483977533876891,-0.08316242802888152,-0.07660440806299444,-0.06575749650597569,-0.007132194191217395,6.692370386123658,4.092233748435975,0.9535119235515594,0.996570367217064,0.30185151796787973,0.04285009409300982,-0.05861195177771148,-0.05348726982250805,-0.06738180276006454,-0.0710244112834334,-0.06129621341824528,0.05904006725177171,7.745253384113312,2.9715514957904814,1.1337770628929138,1.1285817074775697,0.38724690794944766,0.09226555060595272,-0.024279574453830697,-0.06140981342177835,-0.07855251255445178,-0.07935735151171679,-0.07201054848730559,0.08037275392562152,7.114363987445832,4.039411721229553,0.8073587609082461,1.31510929107666,0.5152336129546166,0.11270211799070236,-0.014876597668044255,-0.05080054413527248,-0.08404472290072587,-0.08209744401276109,-0.07725485347211355,0.03406687255948783,7.447250862121581,4.3998616027832025,0.9486712288856506,1.208836475610733,0.5412056294083595,0.17271406842395662,0.015457013794221,-0.04963453944772478,-0.08702127292752262,-0.08610731832683083,-0.07544304657727476,0.17620685087516902,9.424175920486451,2.8989410638809203,0.9977864241600036,1.3629764366149903,0.8264137543737886,0.21447517678141592,0.04372082162648442,-0.0325773827731609,-0.07353146322071549,-0.06702490273863074,-0.049713828191161116,0.07688174016773701,9.1033132648468,3.8322184896469116,1.022253234386444,1.1442120116949082,0.46296545356512075,0.19017441108822825,0.09789438638836148,-0.028646869063377357,-0.06030073064379392,-0.0750662153959274,-0.07540887519717213,0.43652699464466427,8.905143365859985,2.658651770353317,0.8246959972009063,1.1584384632110596,0.7470466983318329,0.20906333959195758,0.07702963819261643,-0.00909017667174336,-0.0663529849797487,-0.08486725567840037,-0.07943823184818025,0.22169318929314613,10.288761157989502,2.435517890453338,0.9315867972373963,1.4792094135284424,0.7113384985923767,0.21558462461456657,0.0814492974570021,-0.023782358989119484,-0.07181927880272268,-0.08123171288520094,-0.07019576810300346,0.25522592924535276,9.648778686523437,2.760178171396255,1.0250602713227273,1.136755392551422,0.6715423984453082,0.2654077539406717,0.10727527799550444,-0.016735608503222435,-0.06371536325663325,-0.07304580654948947,-0.0712978836148977,0.2349895212054253,9.756586365699768,2.78264580130577,0.9774187391996383,1.364890332221985,0.7779231953620911,0.16440491903573276,0.09146937992423775,-0.0009343501180410111,-0.06172260753810403,-0.08266772031784053,-0.08264570467174048,0.2622863881662488,10.041904182434084,3.178855780363083,0.993647700548172,1.143838463127613,0.6272949409484864,0.28674755841493604,0.1883845975622535,-0.003966553434729542,-0.06005136499181386,-0.08335645485669371,-0.06765774706378573,0.19669423228129748,8.876777687072755,2.8177865409851073,1.0163808584213256,1.4529050946235658,0.7242907694354652,0.27334896592423313,0.16774420151486996,-0.02138825818896291,-0.06589807182550429,-0.07073493108153339,-0.04598262473940844,0.3995161476731301,9.573591575622558,3.5128689599037175,0.9307116979360579,1.512980889081955,0.9154069030284882,0.3023857888765633,0.15746811840683225,-0.018839111328124956,-0.058929584324359865,-0.05002868665382264,-0.04610744237899776,0.28743573307991027,10.037635345458984,3.2911031222343445,0.8026088613271714,1.565248703956604,0.7615310311317444,0.2842544120829552,0.1545716603845358,-0.025829185917973486,-0.06862192071974274,-0.07336527150124307,-0.07408551260828969,0.23471819154918191,9.393210792541504,3.3524549460411066,1.10193245947361,1.3181085193157194,0.7020834489166736,0.3252073533460497,0.14017265036702156,-0.0033727288991212507,-0.045650970630813345,-0.05826063249260184,-0.06527388028800485,0.25429615478962664,8.408535652160644,3.0759452605247497,1.0614706075191498,1.3513904964923857,0.5798763983696699,0.28679807647131383,0.15513100977987054
50,14.37832589149475,5.35839467048645,2.184043312072754,128.46597094535826,394.503125,176.69554748535157,34.51515922546387,22.650270462036133,50.06447525024414,106.39970054626465,190.64175109863282,68.17203979492187,16.10762188434601,5.716723203659058,7.228999873399735,219.95213645935058,577.2687994384765,197.13888977050777,28.458952732086185,5.530982160568238,30.57816828727722,103.18148475646971,155.35101875305176,100.65972232818604,28.585240945816043,8.872083632349966,10.462282748222352,269.818461227417,630.1201818847655,229.17165573120118,35.309184780120844,2.2902311420440666,24.183976402282717,103.86061532974243,169.8535535430908,101.08201601028443,34.8940934753418,8.45191499710083,9.109043927192689,261.66664207458496,516.4621627807617,183.85444564819335,23.502076721191408,3.9980038499832156,26.16359944343567,86.64672710418702,150.95313055038451,94.48436397552491,15.932977380752561,4.66451517701149,6.306765685081483,241.2063923692703,552.868617553711,171.75207885742188,23.07651599884033,0.9870787239074706,20.54489828109741,86.4080231332779,140.31975027084349,75.87937204360962,24.97216412067413,6.993449927568436,5.587640509605408,208.84447111129757,479.0588995361328,156.27491928100585,20.94683910369873,3.1201120758056637,23.85815085411072,86.7102858352661,126.71261627197266,78.62051338195802,29.41587495803833,11.071177513599395,13.113863816261292,224.68405991554263,526.3592581176757,195.1347102355957,35.334300365447994,6.396276617050171,17.838995962142945,77.09916786193847,120.45262866973876,83.44222994804383,27.02811192512512,12.433755540847777,38.08811080217361,342.8766736936569,505.1735485839843,155.2731571960449,22.9661092376709,0.7230361938476564,19.04809020996094,84.07911422729492,155.99398521423342,112.40405369758605,45.36644432067872,17.089301710128787,12.965474457740786,263.1827586460114,495.1012365722657,175.9698161315918,25.793348655700687,1.3545946216583253,21.90645579576492,89.04697441101074,171.74665939331052,106.14807437896727,44.04137972354889,14.668273062705993,14.87349944591522,363.4419444274902,464.97050659179683,154.30699432373046,23.44714842796326,3.770135335922241,24.781813540458682,96.23885810852052,210.54558395385743,169.41744741439817,35.50692273139954,10.209872951507569,26.036893730163577,366.4715437316894,551.7161828613282,158.7121229553223,26.05412721633911,2.3295648670196534,28.324245004653932,103.52381938934327,152.90373359680174,88.24118041038513,37.923558001518245,12.805907015800475,22.6105657684803,321.080809173584,482.143598022461,146.54024307250975,20.16217767715454,1.2084001255035404,17.27910620689392,86.91349000930788,170.92878143310546,110.59270935058593,46.82320483207703,14.571277604103091,23.822361789941787,307.2356993103027,480.51062835693364,125.30274978637695,11.151885766983032,-6.28761531829834,15.780569019317628,90.8464370727539,160.5336546134949,119.92870649337769,44.11076704978943,16.27749648094177,14.332485995292663,242.61622594356535,596.4489532470703,168.536531829834,36.51407751083374,14.82620674610138,41.723985557556155,137.63930280685423,177.7963849258423,85.04057060241699,41.220456571578985,14.313665306568145,11.958567562103273,302.6221356201172,538.3618286132812,155.02279525756836,14.167630310058595,-0.8804672670364375,25.08734848499298,98.95034633636473,159.07840393066408,103.7330919265747,24.783675494194032,9.267730240821837,29.869574282169346,420.12711227416986,480.5396395874024,123.64151046752932,11.895018730163574,-7.082465953826905,7.328950958251953,59.92581043243408,138.3821363258362,90.03904600143433,41.05572870254516,13.701453610658646,20.659673589468003,266.99636505126955,468.1765957641602,171.39820686340332,23.445937862396242,1.5629341030120845,23.202970201969144,97.1651915359497,185.1100909423828,109.12684492111207,41.50456057548523,11.706760404109954,6.413404147624971,230.87904320240017,444.55817993164067,158.89598907470702,21.302486724853516,1.9372991943359381,19.21869682312012,74.07776832580568,113.2261101436615,86.97899822235108
51,32.862431335449216,44.59159965515137,61.38683090209961,36.46248350143433,10.202347373962402,3.8947659969329833,0.8651822865009308,0.32938599586486816,-0.03567749857902527,2.537744915485382,17.15189086198807,28.16683158874512,28.739300174713133,26.690849819183352,35.705004196166996,23.18694435119629,8.211139450073242,5.421910099983216,2.23542749196291,0.3525045013427735,-0.034743506908416745,1.678700457215309,7.8148082041740405,20.364833745956425,29.684745330810546,32.690046806335445,39.38109115600586,26.283251190185545,9.948769664764406,6.1574961280822755,1.8388892984390257,0.12061534941196443,1.1681554210186005,3.423105871081353,7.217573350071906,21.61046009063721,38.14618995666504,45.9461890411377,41.826775360107426,29.715115242004394,12.368936977386477,5.633129978179932,2.4513403409719468,0.045210593640804306,-0.4864233350753784,2.390770962238312,11.323753033876418,24.63642692565918,29.795077610015863,33.50864322662353,42.49065536499023,23.54255224227905,11.937563419342041,7.588726620674133,1.6306239771842956,0.9042508478462696,-0.3251025068759919,2.1801035314798356,9.84174449443817,22.713426971435545,36.444610061645506,34.59498226165771,41.272196273803715,25.670685348510737,11.505699939727783,6.975129752159118,2.072478574812412,0.8545853233337404,1.7163343745470048,2.8939219498634343,8.956899464130402,26.38640634536743,32.90500858306885,34.58219985961914,40.225116119384765,29.07599987030029,11.511301002502442,6.265151979923248,2.002324458360672,0.3547109681367874,0.8065781259536744,5.242670321464539,13.46113471508026,28.265733890533447,31.119215431213377,33.22528007507324,40.08100440979004,29.43353511810303,13.08621530532837,6.355922985076904,1.8830311232805255,-0.02444365471601486,-0.3638253965973854,2.14949515402317,14.231266684532164,26.113467063903805,37.147585487365724,44.024939346313474,44.1356069946289,27.301121292114253,11.375170669555663,7.22506856918335,1.4365765476226806,0.5164620369672775,0.3724024122953415,2.3405623579025265,17.099544672966005,32.44870028495789,31.874371795654298,40.31347995758057,41.97422767639161,22.943787078857422,8.521814212799072,4.610138244628906,1.173264769166708,-0.07973785877227782,0.6142242449522018,2.3838256967067717,9.66973271012306,17.71417791366577,34.537315120697016,40.17752922058105,39.37795066833496,21.26384943008423,8.639987173080446,7.495810316801071,4.260944165587425,0.4285953789949417,1.615439877510071,3.1939364328980444,9.463127786517145,22.539596786499025,27.788758087158204,37.3485782623291,42.07529487609863,27.560370445251465,12.350756855010985,8.434095907211304,2.9092766219377513,1.177321081161499,1.5748922765254973,2.9074232655763623,9.441140984296798,19.687204360961918,29.830906944274904,32.902359886169435,37.46351356506348,22.745165519714355,10.360870275497437,6.559221715927123,3.965776923298835,1.4985477769374849,1.2580191251635553,3.32197405576706,13.073488130569459,24.18196183204651,36.211479034423824,37.83147438049316,45.825871887207036,24.91774383544922,10.385421867370606,4.9235481262207035,1.3647680854797364,0.6210897183418275,0.5266430890560151,5.681735414266585,14.52602285385132,26.98470571041107,29.461491622924804,36.147787475585936,36.85801940917968,25.83667530059814,9.74450270652771,6.1655098342895505,1.4510714417695998,0.5356505495309829,0.6529869708418846,3.763811593055725,11.455573602914809,21.739224882125853,31.69106498718262,35.498403549194336,39.739479064941406,24.55632877349854,11.637981281280517,6.851218538284303,2.925826381444931,1.1050124460458757,1.2267558163404464,4.43074480175972,12.932064785361291,31.442989311218263,30.969103240966795,34.64393379211426,35.390681991577154,22.389098949432373,7.977765002250672,5.419193611145019,1.755898285061121,0.6198969405889512,1.4079486697912216,4.110868949890137,14.05820613980293,27.241606836318972,33.58992828369141,45.19611087799072,45.030949401855466,28.675868682861328,12.163179054260254,9.068269162178039,3.0067621764540675,2.1548422425985336,1.2983733865618705,4.62844317317009,16.691402019262313,22.67872226715088
52,7.187821292877198,7.367334270477295,7.302706384658814,3.240996766090393,1.0952409625053405,0.25069233775138855,-0.043789675831794696,-0.037063997983932485,2.7088438630104066,5.4650763988494875,6.124182105064392,5.600012397766113,6.704829092025757,5.740387406349183,5.732579851150513,3.136591873466968,1.5951869443058968,1.395027015507221,1.240241299048066,1.0354812011122703,2.0250390795990825,2.9553175321221348,4.339121221005916,5.948235139846803,7.380250892639159,6.216195416450501,5.7600517749786375,3.6143370437622067,1.6440197819471358,1.7042738884687423,1.0170541045069694,1.2748911958932876,2.181088315099478,3.922680236101151,4.654349348545074,5.599691772460938,7.5159405422210686,7.750359706878664,5.840621376037597,3.819471650123596,2.0755879056453708,1.5196550588309763,1.5021756375581028,1.1782463811337949,1.5019203443825246,3.4540520322322847,4.95570800513029,5.807045612335205,6.326675181388855,7.293467693328857,6.749353361129761,3.360936055183411,1.806412281766534,1.3901054596155882,1.0453993572480977,1.303860088288784,2.153126887828112,3.7512156683206554,4.884341207742691,6.057509136199952,6.520445051193238,7.301268043518066,6.1373682212829594,3.2924466705322266,1.7312756320834162,2.079254225119948,1.314961491972208,1.3215386173129082,2.401410174667835,2.9139738452434543,5.502682948112487,6.4902316761016845,7.036914730072022,7.24426609992981,5.515548934936524,3.261175496578217,1.5785497105121613,1.3798167309910059,1.2207552273571491,1.2837042874097826,1.7458365080505611,4.331729208230972,5.639839124679566,6.0856724691391,7.623632621765137,6.28750509262085,5.860727272033691,3.8565297603607176,1.826809514760971,1.3940568846464156,1.0769999852403997,1.0939762637019157,1.9765605264902113,3.489973377762363,7.420134687423706,5.87837474822998,6.594233675003052,7.068101439476012,5.836948699951172,3.1284784936904906,1.673271876871586,1.1661309451609851,1.6402903833985327,1.2661256664991378,2.0644179593026637,3.6204826849699017,5.805989456176758,7.077412042617797,6.812229061126709,7.513195152282715,5.807476406097412,2.9210487842559814,1.2405999267101286,1.2743866100907328,0.936996572315693,0.2158305701613426,1.5525859701633453,2.844472242444754,4.128302584290505,4.350178871154785,7.381180973052979,7.060087242126466,4.953372259140015,3.328958797454834,1.5931187833845615,1.4101636755466465,1.6286629297584294,0.9081600837409496,1.9293009307980538,3.7828399920463562,4.8524900799989705,5.526755747795105,6.919772996902466,7.558763971328736,5.859676933288575,3.697477037906647,2.220486303567886,2.56699898481369,2.518756484389305,2.0781098164618017,2.103510355949402,4.0102298450469975,4.711922521591186,6.001260795593262,6.846140041351317,6.911227569580079,5.591846313476562,3.133118999004364,1.5304344967007637,1.0635221646726132,1.8548387476056813,0.905823132097721,1.5661961874365806,2.966097147464752,4.843988974094391,5.353732781410217,6.892584629058838,6.691326069831848,6.424684953689575,2.8338165354728697,1.3571060760319233,1.262317555844784,1.1210003880411386,1.1316124217584729,1.4009453544020651,3.9688063690066335,5.897666422128678,6.493992352485657,5.875029392242432,6.7030077648162845,5.1101768207550045,3.4334671068191525,1.4659790182113648,1.168623162508011,1.1982878172397615,1.0143484374880791,1.5021577411890028,3.072157384157181,5.419076349735259,6.28643084526062,6.302529268264771,7.713458108901977,5.448541383743286,3.225605006217956,1.9628677546977997,1.7027583418786523,1.0800708222389221,1.402018023133278,3.1604992800951,4.16423388004303,5.882694392204285,7.345099792480468,7.2198968029022215,6.821369771957397,5.313999309539795,3.295845108032226,1.8947237041592597,1.7184801119565964,1.0854342238605021,0.9825982862710954,1.9382381435483693,3.7273502844572066,4.5756108808517455,6.260647373199464,7.289162511825562,6.832254285812378,6.11891137123108,3.508700318336487,1.3502574975416064,1.5954776147007945,1.7469038624316453,1.6164705853909254,1.7246964386105534,3.3936282855272295,6.522604851722717,4.9300503611564634
53,0.0,0.0,0.0,0.0,0.0,0.0,0.0,0.0,0.0,0.0,0.0,0.0,0.0,0.0,0.0,0.0,0.0,0.0,0.0,0.0,0.0,0.0,0.0,0.0,0.0,0.0,0.0,0.0,0.0,0.0,0.0,0.0,0.0,0.0,0.0,0.0,0.0,0.0,0.0,0.0,0.0,0.0,0.0,0.0,0.0,0.0,0.0,0.0,0.0,0.0,0.0,0.0,0.0,0.0,0.0,0.0,0.0,0.0,0.0,0.0,0.0,0.0,0.0,0.0,0.0,0.0,0.0,0.0,0.0,0.0,0.0,0.0,0.0,0.0,0.0,0.0,0.0,0.0,0.0,0.0,0.0,0.0,0.0,0.0,0.0,0.0,0.0,0.0,0.0,0.0,0.0,0.0,0.0,0.0,0.0,0.0,0.0,0.0,0.0,0.0,0.0,0.0,0.0,0.0,0.0,0.0,0.0,0.0,0.0,0.0,0.0,0.0,0.0,0.0,0.0,0.0,0.0,0.0,0.0,0.0,0.0,0.0,0.0,0.0,0.0,0.0,0.0,0.0,0.0,0.0,0.0,0.0,0.0,0.0,0.0,0.0,0.0,0.0,0.0,0.0,0.0,0.0,0.0,0.0,0.0,0.0,0.0,0.0,0.0,0.0,0.0,0.0,0.0,0.0,0.0,0.0,0.0,0.0,0.0,0.0,0.0,0.0,0.0,0.0,0.0,0.0,0.0,0.0,0.0,0.0,0.0,0.0,0.0,0.0,0.0,0.0,0.0,0.0,0.0,0.0,0.0,0.0,0.0,0.0,0.0,0.0,0.0,0.0,0.0,0.0,0.0,0.0,0.0,0.0,0.0,0.0,0.0,0.0,0.0,0.0,0.0,0.0,0.0,0.0,0.0,0.0,0.0,0.0,0.0,0.0,0.0,0.0,0.0,0.0,0.0,0.0
54,5.761494874954224,6.66079740524292,11.75733699798584,12.609461784362793,8.306598949432374,3.508826565742493,1.6668586015701294,0.6125321865081788,3.5873355865478516,4.217314422130585,7.081046450138092,4.248552918434143,3.919063627719879,4.619136648178101,9.006885509490967,7.912211017608643,7.720260605812072,4.051110463142395,2.4038856172561642,1.208916319012642,1.378057131767273,2.412696647047997,3.8562915384769445,4.771827688217162,5.045289974212647,6.401488733291626,9.17736228942871,9.879689321517946,7.910559511184692,6.558795542716981,2.466507830619812,1.5348139993846417,1.6027471554279327,3.4756710553169254,4.713126459121704,5.116017153263092,5.699294247627258,7.964432020187378,11.668027563095091,11.00145592689514,10.235229415893553,6.241783351898192,2.5755460047721863,1.1505854964256286,1.3732275676727295,4.0682284080982205,5.326658089160919,5.564866142272949,5.054123029708863,6.827145767211914,11.226778373718261,10.50858865737915,9.280629034042358,6.92882761478424,2.794990873336792,1.179085677266121,1.3155856385827065,3.254479460269213,5.809241273403169,5.534301471710205,6.061622738838196,7.212766342163086,11.696352291107178,11.588171224594117,10.602755155563354,8.088183507919311,2.8580600690841673,1.4449242386221886,1.6486819131672383,3.911508093476295,7.359839550256728,6.905283441543579,6.088670024871827,7.394899282455445,12.693712005615234,12.089102458953857,8.296044583320617,6.483003492355347,2.5383624899387365,1.3126753675937652,2.160939259827137,4.069851694107056,5.792154128551483,6.117034382820129,6.713746204376221,8.943124256134034,14.358822650909426,13.317724227905273,9.090454788208008,6.325083842277527,2.115185543820262,0.8086631837487221,1.0896811376512052,2.729526354074478,6.458502227067948,6.3910645008087155,5.725336174964905,8.354816656112671,13.559957733154297,12.225110626220703,9.238632898330689,6.322786340713501,2.734024300575256,1.4281056976318358,1.7049528309702873,3.2504620987176893,6.146254649162293,6.195171051025391,4.569397594928741,7.156987972259522,10.102867069244386,9.168389234542847,8.02265256881714,6.0256446790695195,2.928519033193588,1.1925485233962536,1.9044555826485159,2.976437189877033,4.7947394053637975,4.168816410303116,5.5450487709045415,8.104217805862428,11.05427020072937,10.123759536743163,7.737638473510742,5.833192086219787,4.317569506168366,1.6059616127610206,1.3980818432569504,3.7772851940244436,6.519408085942269,5.700823454856873,6.217135148048401,9.057650685310364,13.261080350875853,11.341917867660523,10.867502732276915,8.96785189151764,5.653367139995099,2.634242923259735,1.9463066717982294,3.7733866047859195,4.900776762962342,5.816725707054138,5.024950985908508,6.2864400672912595,10.471349773406981,9.042033243179322,7.924404888153077,4.668506832122803,2.3416691231727595,1.6021782183647155,1.5911511570215224,3.930590740442276,4.9490399277210235,5.696147985458373,6.1702274274826046,6.966174364089966,13.540470714569091,10.54881378173828,7.508040390014649,4.488192167282104,2.1857871347665787,1.5263570192363116,1.1344920924305917,3.4521490967273714,7.250007890462875,6.80208202123642,5.8862617444992065,8.255069904327392,12.300275611877442,12.02090344429016,8.039154977798463,6.379444971084595,2.6062941932678223,2.160030950009823,1.9088785243034363,3.080640623569488,5.379662985801697,5.653955020904541,7.758488211631774,9.290066347122192,14.458792381286623,11.941534318923951,9.6881462430954,6.95428053855896,2.4431422483921055,1.6850222778879107,2.1278792281448835,5.048597598075867,7.402695487737657,7.624052960872649,5.471002318859101,7.775390963554382,12.293813076019287,11.69976993560791,8.659091525077821,6.037518148422242,1.8952798247337341,0.7293065601587295,1.1686105102300643,2.8092794036865234,4.295793550014496,6.019220781326293,5.762166051864623,8.338947839736939,12.977669620513916,11.84884750366211,9.213306226730346,7.351047677993774,2.8284736490249633,2.0869497859477995,1.4438302558660507,4.143372018933296,7.381813530921936,5.515135879516603
55,5.260283327102661,4.188532972335816,8.667973041534424,11.874520635604858,5.0775144577026365,2.292594289779663,2.8176140069961546,2.9213712334632875,2.729042965173721,2.683390036225319,4.688170909881592,5.2333073854446415,5.297684698104858,6.18038104057312,10.74572165489197,11.068591823577881,4.658842334747314,3.7391301155090333,3.6085112971067423,2.720777901411057,2.790768488943577,3.6948912000656122,4.885817756652832,6.586976757049561,6.431547164916992,7.795296096801758,10.932206792831419,11.50352695465088,5.460626182556152,4.221369094848633,2.813894461989403,2.273169450163841,2.111879873201251,3.5549411450326445,5.609345276355743,6.855236935615539,7.540581483840943,9.291464366912843,11.797126436233523,13.02245409011841,6.841237316131592,4.63200227022171,3.8503136157989504,3.5790430259704586,2.941792425662279,5.053935005217791,6.510983874797821,7.895182828903198,5.152293618917465,6.132878892421722,12.321657333374024,11.07143461227417,6.420794525146485,5.1628253817558285,3.6687806069850923,2.696740185022354,2.6753628699481484,3.4550162775814526,5.9389688140153885,6.834210529327393,5.318060553073883,5.555084748268127,10.231002197265624,12.777997951507569,5.578267712593079,4.270626256465912,3.177857183218003,2.385186960697174,1.9971220779418946,2.634617859721184,3.745754745006561,6.007526603937149,4.958424315452575,5.376875414848326,9.39849370956421,12.442649688720703,5.414852223396301,4.870172002315521,3.1379080533981325,1.7974886605143545,1.90331840634346,3.5614858335256576,6.469197032451629,7.325633196830749,6.069152154922485,8.694462666511535,11.625090351104735,10.046754570007325,5.3153262710571285,3.0761931467056276,2.956996265649796,2.4909357398748395,2.0546378284692763,2.5719758629798886,4.853913230895996,6.8060997772216805,6.473818459510802,7.2071982097625735,11.001901416778564,11.620437688827515,4.507699346542358,5.160241725444794,3.4866209119558333,1.942952561378479,1.487559499144554,3.1820152910053734,6.13002358853817,7.582829337120056,7.405905618667601,7.716370983123779,11.72528917312622,12.1316717338562,5.744467830657959,5.237493968009948,3.538940637111664,2.386901284456253,2.2477309255301954,3.3286341165006155,5.413193202018737,7.113782114982605,7.149940695762635,7.977200961112976,12.281178274154662,11.646618766784666,5.1742310714721675,5.010967707633972,4.455341000556946,2.3072977697849275,2.6876856648921965,3.7680600053071975,5.19505152463913,7.065492992401123,5.325329604148865,7.925300204753876,11.772479991912842,9.724152336120605,5.066052231788635,3.7675614595413207,3.1939144849777223,1.5681014847755432,1.216808357834816,2.175030826926231,4.152122578620911,5.797095427513122,5.488080019950867,6.398338811397553,10.51052942276001,10.350694932937623,4.419135727882385,4.105293846130371,3.611859683990479,2.1220070469379424,2.3285451871156693,2.325487250685692,4.251576812267304,6.801011991500855,6.846902303695678,8.058165092468261,12.340251197814942,12.422157516479492,6.5907640409469606,4.668847357034683,3.2897928416728974,3.1292725968360897,3.74817284822464,4.349663515388966,5.36878089427948,6.993574266433716,7.459896802902222,7.8949075889587395,11.915927085876465,10.234888782501221,5.508912363052369,4.829890482425689,2.604159010052681,1.3878815802931783,1.224535227417946,2.0617639631032945,4.732478528022766,6.678800351619721,6.469475643038749,8.167695031166078,13.41838933467865,11.665722665786744,5.757293639183044,4.125698466300964,3.122043561935425,2.5674087214469905,2.107926290333271,4.235124052762986,6.49925419330597,8.502060127258302,6.132051076889039,6.387570028305054,11.348084506988526,11.86500226020813,5.118044109344483,4.574623246192933,3.9439635795354846,2.904902871251106,2.798167290836573,3.3424932828545573,5.281263319551945,7.333523313999176,6.583634176254273,8.83851393699646,11.693185739517212,11.499260902404783,6.972859902381897,5.555430476665498,4.124899096488953,3.603258837461472,3.138809138536453,3.1954052731394773,5.35429265499115,7.85620018005371
56,32.65334854125977,30.74921283721924,56.75892238616943,83.52132663726806,27.047731781005858,6.7250079154968265,3.86759033203125,1.4597210466861723,5.22430739402771,8.411271452903748,28.674541473388672,50.01934661865234,58.43404487609863,62.03031721115112,97.68856773376464,91.37929870605468,24.10184968948364,12.776952111721037,20.31232415139675,14.616714339256287,10.95450025498867,20.42418690919876,34.69375377893448,52.52552555084229,76.72193868637085,87.69740169525146,111.6178800201416,112.24766078948974,35.8553925704956,13.421840132474898,12.31212607383728,5.062678256034851,11.562390079498291,26.43409875869751,45.06516290903091,64.47364282608032,83.07314163208007,82.58722633361818,113.21545005798339,112.11422973632811,43.26819897651673,23.324539444446565,24.542737793922424,15.48544678211212,15.969971502423288,35.427569135427476,64.45821830749512,85.3987147140503,47.00262683868409,50.49051940917969,104.12119802474976,119.90702671051027,41.7949852848053,20.009952049255368,9.911810677051545,5.957994248867034,7.29567744255066,19.577821481227875,49.52149370670319,60.406660070419306,58.61642610549926,50.79643123626709,80.7857703781128,92.85406997680664,34.7711008644104,20.915804822444915,16.079226565361022,9.922178015708923,10.721652381718158,14.567418718338013,28.422647390365604,54.069428548812866,55.102134246826175,42.480447692871095,83.30977325439453,106.35853851318359,36.803479995727535,13.207172145843506,15.853090417385104,10.11475163817406,12.26028458952904,26.016972455978397,55.92630912780762,75.64628700256347,62.00277065277099,71.27095882415772,90.14920829772949,80.2217618560791,30.647976303100585,16.163946642875672,17.113258416056635,8.901659281253815,5.2726595556736,14.286726546883585,33.637109737396244,61.27457649230958,77.09225425720214,79.70605867385865,124.19668769836423,129.38288024902346,37.55961303710937,19.242140444517137,16.591229202747343,10.831364009082318,5.296388120055199,13.278083720207215,38.8410576915741,67.05260963439943,82.16307884216309,81.6084782409668,130.1682582092285,105.7034799194336,32.823271064758295,14.957085676193236,9.202475663423538,6.330639220476151,8.452024612426758,20.86244229078293,45.734381875991815,70.40773892402649,68.20680753707886,73.45259383201599,108.20733371734619,93.61008964538573,32.406526451110835,18.12683660268784,23.41775741875172,9.937247672080995,15.656573437452318,30.40276777088642,51.719385690689094,81.86072311401367,74.36175567626954,76.42451248168945,102.51798805236815,94.11605377197266,35.39545837402344,10.782626485824583,10.376192588806152,4.439499589204788,2.814543353319168,11.725917887687682,34.79668977737426,58.596613998413076,61.07668609619141,69.31346866607666,108.06053886413574,80.94979301452636,28.214207057952883,15.109005464315413,15.912417578697202,7.692463030815124,9.757101900577545,16.83307677984238,36.21199630022049,64.82309343338014,84.3234236907959,92.86791717529297,104.74039764404297,102.71769393920897,43.35796915054321,27.04949554443359,19.61821455657482,13.385934219360351,17.287996348142624,30.721113958358764,51.14538311004638,72.72036430358887,100.27403299331665,88.05117294311523,123.59796409606933,112.66725563049314,43.116391601562505,19.13095970034599,12.080362555980681,5.973786306381226,7.023780760765075,17.12155462741852,48.77738765239716,77.53097621917723,75.08051795959473,79.39632122039795,126.41311576843262,111.1875872039795,35.328452568054196,15.523611345291139,12.448683307170867,8.178564059734343,12.231425504386426,25.24329092502594,53.365854263305664,80.04335762023926,64.16279251098632,62.44521511077882,98.87608591079712,98.29971160888672,30.581072826385498,20.6898726606369,22.97205757379532,9.72182050704956,7.55982262134552,18.79482389807701,46.68145347833634,66.25062587738037,87.10875038146973,84.94979373931885,115.25008079528808,115.93122726440428,42.01291790008545,19.623615021705625,26.109413933753967,14.611291378736496,16.321250371932983,22.637961024045946,40.88021785259247,70.74919982910157
57,11.125192642211914,11.518085289001466,20.798190784454345,21.383993911743165,10.630165576934814,5.458589839935303,5.952068400382996,5.013191103935242,5.427108860015869,4.568210077285767,9.557027435302734,12.726125144958496,13.955474128723145,16.1350514793396,24.775097560882568,21.057908687591553,10.056243219375611,9.040509490966796,10.616891803741455,6.942901864051819,6.173836758136749,7.044958612918853,8.535707788467407,12.63301115989685,17.67301278114319,22.533618087768552,28.89966079711914,25.001040935516357,13.13195071220398,10.443961362838746,7.965337672233581,5.000906505584717,5.892419542074203,7.1451279115676885,10.577170951366424,16.05313708305359,20.056591148376462,27.742580032348634,32.47466781616211,28.509398040771487,16.786640300750733,11.588065299987793,10.330113983154297,8.670970516204834,7.596233317852021,9.872130794525145,13.796038637161255,17.627090492248534,14.411580085754395,17.631072034835814,31.423838329315185,23.717893257141114,13.772886810302733,11.587715549468994,7.400896453857422,5.256015210151673,5.188557542562486,5.39359251856804,9.548729648590086,11.950570411682127,14.098998394012451,13.83733057975769,21.985403900146487,20.308920135498045,11.708825836181642,10.4762792301178,7.268313312530518,4.471785411834717,3.967847709655762,4.7059228682518,6.373725624084472,11.085236911773682,14.487508525848389,15.496580562591552,22.872403144836422,23.43379991531372,12.185657186508179,11.58761176109314,8.76881749153137,4.771569209098816,6.0786208152771,8.193851130008698,14.681017942428591,18.446819686889647,19.11771966934204,24.87942451477051,30.967843055725098,23.6354065322876,13.442546710968017,8.83661602973938,9.993607726097107,5.36157274723053,4.2312634825706485,4.564609518051148,9.458334293365478,14.47869613647461,16.929212226867676,21.98767566680908,30.38483383178711,25.113151397705078,11.902388362884519,13.396322088241579,9.486426758766175,5.222831764221192,3.595457012653351,5.963215103149413,11.404920201301573,15.527713375091555,19.21507369995117,24.508969135284424,31.847142524719242,26.7445512008667,13.94220239639282,13.92847164154053,8.368876752853392,4.588449573516845,4.905844905376435,5.516642625331878,9.842868387699125,15.096814823150634,19.071303358078,24.96098288536072,29.41448211669922,24.00376138687134,12.404564514160157,12.137444801330567,13.534513335227967,5.506180123090744,8.097509846687316,7.782066872119903,10.845507202148436,16.691102108955384,14.9040020942688,22.10139970779419,28.07748710632324,21.681553802490235,11.8974786567688,8.927206392288209,7.749337530136108,3.4124075889587404,3.102173801660538,4.50584353685379,7.2872530412673955,11.468357095718384,13.471932373046878,16.279630107879637,24.934910449981686,19.427275886535647,10.465931339263918,10.185003719329831,9.4989599943161,4.776438336372375,5.391407432556152,5.232811148166657,8.878445038795473,13.491069679260255,19.160555877685546,23.7092431640625,30.94571193695068,26.627229385375976,16.403273544311524,12.780347309112548,9.732661752700807,7.976781430244446,8.956741020679473,10.40631493330002,13.403910284042357,16.178238525390622,18.870692481994627,22.778402748107908,27.093268432617187,22.182440757751465,13.926106357574463,10.90042260169983,6.574016280174256,3.2357195758819577,3.3091114091873175,4.3205656242370605,9.845521926879883,14.792594566345212,18.934530241489412,24.053692779541016,32.959441328048705,26.413460063934327,13.430176897048948,9.528100471496582,7.3275594329833975,5.74121663570404,6.636890089511871,8.945833914279937,12.669684691429138,19.619621925354004,14.284219818115236,17.96082907676697,24.95198371887207,24.0921075630188,11.409367876052858,10.926553936004638,9.098306379318238,5.075412917137146,5.304878933429718,6.140389196872711,10.486441831588746,12.889944219589234,18.90027187347412,25.853094873428347,33.111235866546636,26.712225303649905,15.833018779754639,15.288634128570555,12.152506632804869,9.844714374542235,8.461358380317687,7.247779464721679,11.264756405353546,16.657487211227416
58,27.840872764587402,24.318926525115966,61.820557308197024,156.01674308776856,25.855634689331055,13.165867900848388,7.212437438964844,6.631579637527466,15.47655611038208,26.65133628845215,50.760562133789065,73.2714225769043,35.891505041122436,30.669450836181642,56.335577354431145,88.62055915832521,25.5610638999939,18.573343591690065,13.790835156440735,8.049489259719849,9.849906902313233,18.78735547065735,26.77366886138916,37.82780685424804,42.996330146789546,38.328353538513184,67.90186016082764,86.7516905593872,27.684693374633788,18.956009826660157,14.23163164138794,8.07473045349121,12.446506385803222,24.64849626541138,32.794993610382086,47.37895263671875,50.85691547393799,46.127360305786134,78.06356536865235,84.73342376708985,35.43519660949707,21.05942295074463,16.104054832458495,11.332541007995607,16.392369108200075,27.44960952758789,47.93399196624756,57.828120079040524,33.2599573135376,31.69646478652954,77.50128379821777,85.21515476226807,32.233596534729,20.892956504821775,11.808848180770875,8.179997453689577,7.967138509750365,19.670607213974,37.88558662414551,40.26157669067383,46.524542312622074,35.9010837173462,69.40443313598632,85.8419981765747,27.76788656234741,18.363586139678954,15.490583724975584,10.198544664382934,12.22041877746582,19.583946084976198,31.142237539291376,48.83373161315919,40.565017738342284,28.152672920227054,56.94216053009033,70.30141746520995,28.214147262573242,17.715871868133544,12.789698944091798,8.672375202178955,13.60254553794861,25.860547218322758,43.24375240325927,50.68645240783692,35.804887714385984,39.03417877197266,67.15353929519654,74.97704067230225,28.357348365783697,16.701024208068848,12.748202867507935,8.557051830291748,7.160202221870422,16.15978850841522,34.709321107864376,52.32219230651856,45.88849992752075,44.43110450744629,94.37180248260499,106.08311012268067,33.85701202392578,21.67760063171387,13.83812656402588,8.961142292022705,10.383232936859132,16.786171264648438,40.044064865112304,52.831538181304936,44.77791461944581,38.48543512344361,88.63159675598145,63.21850860595703,24.80014617919922,16.554779090881347,12.643364677429199,9.874198455810546,12.035822515487672,19.451038980484007,32.664375,42.47017601013183,42.343204460144044,45.95428100585938,72.57506805419922,74.15330909729003,27.08764270782471,19.524883136749267,17.99686571121216,8.600225448608397,14.110293588638305,23.210399188995364,34.21517538070678,55.59829402923583,42.45646682739258,51.1637999343872,90.5938091659546,86.49907173156738,35.48755195617676,19.152835254669192,14.236346549987791,10.223040132522582,13.82993350982666,19.334709024429323,40.28719388961791,46.444692611694336,51.89870985031128,54.003094329833985,96.01030410766603,73.96757041931153,29.31554624557495,20.059776611328125,15.855793781280516,10.394162502288818,14.19859169960022,22.769013366699216,45.45391816139222,60.31030469894408,55.082570075988755,56.23571983337403,82.57001243591307,74.58174339294433,29.376761589050297,17.96323081970215,12.913689651489259,8.677810564041136,10.084816608428955,23.61904804229736,39.11281465530395,49.41295734405518,65.0616766357422,50.47081073760986,84.56346992492675,78.15141006469726,34.507013931274415,21.899680271148682,17.06358871459961,10.660713453292846,12.248948440551757,21.674116706848146,39.49306562423706,57.436818923950206,55.115843772888184,47.185472812652584,90.35995414733887,87.99242416381836,34.672828636169434,20.67327030181885,15.113858871459962,11.04811309814453,15.205045166015626,24.316205167770384,44.21244068145752,59.8512686920166,35.019141120910646,29.625301046371458,63.443976898193355,76.40484230041504,24.89766630172729,18.881747703552247,12.926533012390138,8.64318998336792,9.39219973564148,16.83039845466614,37.31387847900391,47.699182243347174,55.72168287277221,46.560071868896486,80.70846607208252,76.04336616516113,31.5776420211792,19.804947357177735,15.423248138427732,12.062410640716553,19.352242527008055,27.147807350158693,46.17920125961304,61.331482143402106
59,0.0,0.0,0.0,0.0,0.0,0.0,0.0,0.0,0.0,0.0,0.0,0.0,0.0,0.0,0.0,0.0,0.0,0.0,0.0,0.0,0.0,0.0,0.0,0.0,0.0,0.0,0.0,0.0,0.0,0.0,0.0,0.0,0.0,0.0,0.0,0.0,0.0,0.0,0.0,0.0,0.0,0.0,0.0,0.0,0.0,0.0,0.0,0.0,0.0,0.0,0.0,0.0,0.0,0.0,0.0,0.0,0.0,0.0,0.0,0.0,0.0,0.0,0.0,0.0,0.0,0.0,0.0,0.0,0.0,0.0,0.0,0.0,0.0,0.0,0.0,0.0,0.0,0.0,0.0,0.0,0.0,0.0,0.0,0.0,0.0,0.0,0.0,0.0,0.0,0.0,0.0,0.0,0.0,0.0,0.0,0.0,0.0,0.0,0.0,0.0,0.0,0.0,0.0,0.0,0.0,0.0,0.0,0.0,0.0,0.0,0.0,0.0,0.0,0.0,0.0,0.0,0.0,0.0,0.0,0.0,0.0,0.0,0.0,0.0,0.0,0.0,0.0,0.0,0.0,0.0,0.0,0.0,0.0,0.0,0.0,0.0,0.0,0.0,0.0,0.0,0.0,0.0,0.0,0.0,0.0,0.0,0.0,0.0,0.0,0.0,0.0,0.0,0.0,0.0,0.0,0.0,0.0,0.0,0.0,0.0,0.0,0.0,0.0,0.0,0.0,0.0,0.0,0.0,0.0,0.0,0.0,0.0,0.0,0.0,0.0,0.0,0.0,0.0,0.0,0.0,0.0,0.0,0.0,0.0,0.0,0.0,0.0,0.0,0.0,0.0,0.0,0.0,0.0,0.0,0.0,0.0,0.0,0.0,0.0,0.0,0.0,0.0,0.0,0.0,0.0,0.0,0.0,0.0,0.0,0.0,0.0,0.0,0.0,0.0,0.0,0.0
60,-0.012102746870368681,-0.012257246114313539,-0.01204222058877344,-0.0103098856285214,0.00476882425136862,0.02896327972412104,0.12709329063072797,0.05092774443328376,0.025354527030140118,0.00611196868121618,-0.00782630760222668,-0.009055076725780941,-0.013602828383445693,-0.013612057222053355,-0.0135955578181892,-0.013630916951224158,0.008292893173638733,0.03728853607084599,0.1786055563064292,0.18398606609553098,0.042646037191152536,0.022657969435676915,-0.014660545866936398,-0.015839296486228654,-0.015113398861139962,-0.015056151626631565,-0.015187715319916553,-0.014473552219569632,0.01947053285082801,0.02432132501155134,0.07615912868641313,0.12891562310978766,0.06310679650167,0.024253011411055906,-0.010242023104801726,-0.013155535776168051,-0.015246921032667119,-0.015465272814035369,-0.015603146124631118,-0.015021796245127861,0.02582194482558403,0.04284136082977054,0.08033566835336384,0.1448644253518432,0.05536030328366902,0.02622399259358642,-0.006889328041579532,-0.015023443996906244,-0.012665789760649155,-0.012640030104666897,-0.012447290960699266,-0.01161112073808904,0.016171416835859383,0.03283362471731375,0.0898092798632569,0.08937428396660832,0.057834371204953605,0.024445771086029678,-0.012223889720626116,-0.01464178292080755,-0.012268477026373101,-0.012396287294104653,-0.012265721075236746,-0.011608818899840076,0.012953159613534784,0.015402962201042073,0.054781602458097,0.09966752931009976,0.047367850956506995,0.01775499004637821,-0.008298932071775159,-0.00990494629368182,-0.010949883833527504,-0.010880987178534212,-0.010745528470724776,-0.010047875512391276,0.015272234210278828,0.030366848828271002,0.11793762879446143,0.08040375490207222,0.04698278543772173,0.014525713860057275,-0.007303989115171096,-0.011813940294086884,-0.012622303683310692,-0.01268128970637912,-0.0126252500340342,-0.012464846353977868,0.015239435054827454,0.021196220482233886,0.0664082729327492,0.07628649083897468,0.08188268759637136,0.02358846519142387,-0.010537792248651348,-0.012967424876987885,-0.01984896779991681,-0.01741266514174634,-0.01791504818946117,-0.013913503233343316,0.008257119823247169,0.032933378648012844,0.1845912229432724,0.19089614758733658,0.04738442051224407,0.006675004092976447,-0.016276926151476752,-0.019947041384875717,-0.021026789541356204,-0.019584132600575642,-0.018941160575486678,-0.01670614387840028,0.012774658373091347,0.016088734185323104,0.07701301767490801,0.18280648055020718,0.07808633203618223,0.013123656242387347,-0.017487378316000064,-0.021984110102057402,-0.014481399497017208,-0.014631425235420414,-0.014723331732675371,-0.01233389397151764,0.016756203067488963,0.04885079836938527,0.19874229920562353,0.1345692520216107,0.08849840485490856,0.013717346175108119,-0.0135832188185304,-0.020519962534308385,-0.02382557169534261,-0.024052868285216345,-0.023152665868401496,-0.018056501239770983,0.013431752501055567,0.028455026720184812,0.13233143296092745,0.14000277347862716,0.08641153197735543,0.0251506129838526,-0.01696580437710504,-0.02106500975787634,-0.021098332908004478,-0.021125687789171888,-0.02084523731842632,-0.01932839270681137,0.02033990006428209,0.07275286470539864,0.10755945423617955,0.21689734033774583,0.04336086503230033,0.0195060730166733,-0.017598140854388426,-0.018945616558194118,-0.017651323042809926,-0.017575854156166255,-0.016781546138226935,-0.01592041402123864,0.009773483064491297,0.0199927083449438,0.10461860722396521,0.2039511480554938,0.055221832534298264,0.020731632504612175,-0.014803461767733051,-0.017525811400264456,-0.01676628828980023,-0.016395597122609573,-0.014982563182711555,-0.013648842540569561,0.01598554821219294,0.024119744994677575,0.118343841265887,0.13934863694012162,0.057370693404227444,0.027764459168538425,-0.012149260845035283,-0.016744713317602834,-0.021505584008991677,-0.021881436244584565,-0.020103501859120975,-0.01750157936010504,0.009638376971706726,0.021337355310097294,0.1341757526621222,0.21400482165627177,0.07132843337953086,0.022164333164691914,-0.02000699730589981,-0.02199367758817966,-0.013350238725542977,-0.013511938694864462,-0.0134887407533824,-0.010487632714211895,0.008525262790499236,0.019284893453586815,0.03727317120879886,0.12689366457052526,0.059135090941563204,0.015673821927048245,-0.00819884091615673,-0.012489327378570976,-0.013066257368773185,-0.013210546560585457,-0.012757516410201735,-0.012266286915400954,0.01799546227324752,0.033931687488220584,0.1446539689181372,0.10272240611724551,0.06137161138351073,0.023455247404053782,-0.01114401369122784,-0.013574514538049648
61,0.0,0.0,0.0,0.0,0.0,0.0,0.0,0.0,0.0,0.0,0.0,0.0,0.0,0.0,0.0,0.0,0.0,0.0,0.0,0.0,0.0,0.0,0.0,0.0,0.0,0.0,0.0,0.0,0.0,0.0,0.0,0.0,0.0,0.0,0.0,0.0,0.0,0.0,0.0,0.0,0.0,0.0,0.0,0.0,0.0,0.0,0.0,0.0,0.0,0.0,0.0,0.0,0.0,0.0,0.0,0.0,0.0,0.0,0.0,0.0,0.0,0.0,0.0,0.0,0.0,0.0,0.0,0.0,0.0,0.0,0.0,0.0,0.0,0.0,0.0,0.0,0.0,0.0,0.0,0.0,0.0,0.0,0.0,0.0,0.0,0.0,0.0,0.0,0.0,0.0,0.0,0.0,0.0,0.0,0.0,0.0,0.0,0.0,0.0,0.0,0.0,0.0,0.0,0.0,0.0,0.0,0.0,0.0,0.0,0.0,0.0,0.0,0.0,0.0,0.0,0.0,0.0,0.0,0.0,0.0,0.0,0.0,0.0,0.0,0.0,0.0,0.0,0.0,0.0,0.0,0.0,0.0,0.0,0.0,0.0,0.0,0.0,0.0,0.0,0.0,0.0,0.0,0.0,0.0,0.0,0.0,0.0,0.0,0.0,0.0,0.0,0.0,0.0,0.0,0.0,0.0,0.0,0.0,0.0,0.0,0.0,0.0,0.0,0.0,0.0,0.0,0.0,0.0,0.0,0.0,0.0,0.0,0.0,0.0,0.0,0.0,0.0,0.0,0.0,0.0,0.0,0.0,0.0,0.0,0.0,0.0,0.0,0.0,0.0,0.0,0.0,0.0,0.0,0.0,0.0,0.0,0.0,0.0,0.0,0.0,0.0,0.0,0.0,0.0,0.0,0.0,0.0,0.0,0.0,0.0,0.0,0.0,0.0,0.0,0.0,0.0
62,-0.2693031787872314,-2.084616470336914,-2.371828445792198,-0.8770967692136764,230.9147918701172,214.4437286376953,60.540758514404295,41.955308532714845,57.28333206176758,95.29015808105468,48.43507461547851,8.146969604492188,0.6154916155338287,-1.511399781703949,-1.9050877106189728,6.044334038496018,236.87895629882814,252.97323181152342,45.31798553466797,28.263138303756715,70.25805692672729,114.40535133361816,52.40918777465821,9.540682408809662,0.045880092978477546,-1.8523616063594819,-1.8442060500383377,13.097280373573303,260.1080673980713,323.51929656982423,50.729325218200685,25.65204839706421,49.66023803710938,91.47702847957612,46.08471853256225,7.925012835860253,0.5876957541704179,-1.552464232444763,-1.2586478847265243,5.72394542992115,222.15260742187496,281.758579711914,51.443483934402465,24.46259473800659,60.68978161811829,107.48136163711547,61.64838338851929,11.650538077354431,1.2162036085128785,-1.3018778133392335,-1.773619748353958,11.559953929185866,247.44478759765624,236.76592803955077,46.182897033691404,29.30857525348663,58.884197053909304,117.41381677627564,76.66804957389832,15.713295714855196,2.9828200268745424,-0.7444068527221679,-1.4816148054599763,14.868253268003462,221.70710708618162,234.52885009765623,37.70342341423035,20.639801597595216,55.35933919906616,103.06115127563478,70.44530849456787,24.50216164588928,3.572119817733765,0.06824144005775452,-0.5041387242078781,14.66098357796669,239.80181915283202,244.19252395629883,46.20290967941285,23.273489818572994,53.38868227005005,119.51975685119628,87.94069921970367,17.584969234466552,1.6528990149497986,-1.0382209622859955,-0.3861864864826203,21.71310259103775,313.0003851318359,259.7690740966797,49.12349213600159,25.798721470832824,60.44820671081543,120.67669708251954,81.19175720214844,13.994182658195495,2.8152318066358566,-0.7726762723922729,-1.2022585994005204,8.39525504499674,230.17342765808107,241.39538879394527,34.957224396467204,21.526864233016962,46.56223405361175,107.32286365509033,80.01076627731322,22.375570201873778,1.7788485223054884,-1.2008978760242464,-0.9426520693302154,22.7529614970088,293.04183761596676,216.1371417236328,33.619180095195766,11.195939759612083,45.724547672271726,99.62859260559082,69.88927005767823,24.378500533103942,3.453259065151214,-0.7272979271411896,-0.8475028988718984,19.10433790743351,253.9010592651367,187.9274607849121,33.02003635168076,14.982892628908157,50.15669710636139,102.05733421325684,66.4166431236267,13.618162841796877,1.5309268975257875,-1.0518200996518137,-0.26257905244827273,14.049555457532406,276.4646983337402,231.55904113769535,41.33126841783523,20.78204299449921,47.042568101882935,107.54876743316652,81.42694371223449,14.8966585624218,1.7093930435180664,-0.894675155878067,-0.41696321666240677,18.554548641443255,317.76143157958984,212.05569396972655,33.2460659122467,15.191279058456422,39.178088324069975,90.78889591217042,60.60080160140991,12.553418912887574,1.6932881301641465,-1.1318975460529326,-0.7838778150081633,15.002937020659445,288.37150695800784,249.66079772949215,36.244180030822754,18.231791915297507,44.47626600265503,117.95329948425294,84.40570499420167,21.949416222572328,1.3958438348770144,-1.6838220733404161,-1.8141766357421876,34.356040816307065,288.73000976562497,225.1084582519531,42.01365745544433,17.851964144706724,38.3516955947876,88.18891494750976,63.91398403167725,12.744894449710845,1.4061924898624423,-1.4070692515373229,-1.1185305574536322,33.489423853755,304.13567810058595,195.7846383666992,36.47529631137848,20.14427710533142,48.52802484512329,99.47562881469727,70.73987854003906,15.126395125389099,4.688259016275405,-0.12718119233846664,-0.648768727183342,14.517942481338977,254.12379455566406,220.63795684814454,39.62570565223693,19.681061487197876,57.30162731170655,114.82997131347653,86.00351024866104,29.924141163825986,2.1165797340869905,-1.0395948749780652,-1.0759113240242004,6.854347071647643,229.93751480102537,241.18596618652344,40.7786080789566,16.377015422582627,51.9626145362854,102.71734828948975,66.9540623474121,13.762497680187227
63,0.6669477343559265,-0.02599260434508322,4.0035038650035855,6.171503782272339,1.4242083787918092,1.3468477621674537,0.40733217149972917,0.01760479062795641,-0.12661512568593025,1.2071271166205406,3.6004777207970617,3.725764201581478,0.13600425124168397,-0.15648920744657518,2.5684273639321327,4.587818362116813,2.8346085965633394,1.1732024210691452,0.7399223405122757,0.5652652889490127,0.1477814184129238,0.5479190595448017,1.9064094443619255,0.6891691204160451,0.40318635225296023,0.542355515062809,3.021177297905087,5.310528512001038,2.046560496836901,1.2293439492583276,0.6521750143170356,0.17755442425608636,0.10336174927651882,1.163869218081236,2.1938772910833357,1.1015322329103945,0.9908609938621522,0.4123116791248321,3.5691964405775067,5.909920765161514,2.9185135653614998,1.1900281465053557,0.8281170544028283,0.49877136453986165,0.06689664125442504,0.7507835273444653,3.127277856618166,2.5151683454215528,1.0854385422170163,0.5087000368535518,3.8596435332298284,6.115202096700669,2.9538849592208862,2.115491966307163,0.742650489360094,0.5798563785851002,-0.04299933202564713,1.2220652897655966,2.6576337610185146,1.7012293839454653,0.9644660721719266,0.9894577533006668,4.549392260611057,6.5590425983071325,2.086270964741707,0.43068584769964213,0.9485206632316112,0.2673228259384632,-0.2100414848327637,1.7338168506324294,5.3223613649606705,3.1316065078973767,0.8144071527570486,0.7373513354361056,3.12448642462492,4.901774178147316,1.7812325477600097,0.6024764788150787,1.2117097237706185,-0.021934488117694845,-0.14919126480817793,1.4935490271449088,4.463322100192309,2.7451509138941765,0.9104480245709418,0.6565437495708466,5.361605957746507,6.868472595214842,4.0802582341432565,0.7975555998086928,1.3206837500631807,0.37933919042348857,-0.15122826963663102,1.3580615408718584,4.064335422217846,2.657633025944233,0.611583000123501,0.6426599672436714,4.163288369178772,5.797162532806396,3.6892516928911205,1.945693520307541,0.8762271395325663,0.6327131766080857,0.1058879391849041,1.6383909279108047,3.8914015138149267,2.039741832911968,0.9388277012109756,0.5872597858309746,3.222495022565126,4.883103484660387,2.257417414784432,0.531513886153698,0.6207169342041017,0.19406507328152653,-0.07625372275710104,0.7037625974416734,2.4930750423669816,1.3443042027950287,0.9147975438833237,1.2595111820101736,4.424079452157021,7.017635343670845,1.955641810297966,1.7888675601780413,0.9319413794577122,0.4234937757253647,0.04273937553167342,1.4139841520786285,3.836645421162248,1.7860334010422227,0.8566860550642014,0.5654568189382554,6.483035967946051,7.4342021465301515,2.3472711151838306,1.556174514889717,2.094701478481293,0.8632411614060402,-0.13619682237505912,1.0934343779087068,4.009534259438515,2.7281621229648594,0.9692923400551081,1.1616026645898816,5.715635034143925,6.2890538978576656,2.9696330419182777,1.1689351704716684,0.8624811780452728,0.627259507328272,-0.2448874408006668,1.2475008590519427,4.870517971217632,2.8855416783690453,0.5725769120454788,0.8818072978407144,5.01512405231595,6.21244537293911,2.083575127124786,1.1438597488403321,0.24749634072184562,0.4772656644880772,0.07753885477781297,0.672451418787241,4.162926227003336,2.120241784006357,0.7110641404986382,0.4284584747254848,3.011426975429058,4.899581104516983,2.1022943812608714,0.5698742851614953,0.5788873744010926,0.534447793662548,0.09545512318611145,1.8718682470917702,4.3040921747684475,2.418586377799511,1.2273979496955871,1.1909218169748783,5.684979761838912,6.117586050033569,2.044677094221115,1.0249576245248317,2.7352987203001975,0.4161258575320244,-0.0019386589527130127,1.8060910853743555,3.472145177423954,2.9313507053256034,0.6330297413468361,0.37520281672477723,3.3117523401975633,6.028328927755355,2.3348767633736136,0.6589822314679623,0.8230646020174028,0.2505417686700821,-0.019308973252773275,0.6850267060101032,2.0935275398939845,1.5930396506190299,0.34735599815845486,0.31709403127431873,2.966275248527527,5.509893267154693,1.884481670856476,1.3093750026822089,1.210628389120102,0.24694027632474896,0.17815449841320516,1.126800765171647,3.3837872546911236,2.470239061117172
64,0.5320289641618728,0.4177505403757095,0.35040920972824097,0.5318126618862152,20.54532608985901,9.686165380477906,2.7791841506958006,2.1385047912597654,4.855051159858704,6.0883973956108095,1.5303174257278442,0.7401472449302673,0.4038589894771575,0.31225585699081415,0.25824455887079234,0.28928931996226315,15.578251276016235,10.94856098175049,2.824672248363495,2.961023375988007,5.655211260318756,4.930493838787079,1.1346167784929275,0.5407831010222436,0.4118026447296142,0.32034792423248293,0.26738299906253815,0.4678193742036819,28.529518418312072,13.989168233871458,3.1390106105804443,2.7309960651397707,5.515203642845154,5.349004440307617,1.3403639709949493,0.6115465253591538,0.5706097188591956,0.4316246771812439,0.36206719592213626,0.5206008744239806,24.21832226753235,14.74587779045105,3.4716668725013733,3.1634170138835906,7.832768337726593,8.419521896839143,2.194676327705383,0.9349618935585022,0.6423557049036026,0.4894309300184251,0.39791697919368746,0.5284678214788436,22.64102780342102,14.840263414382935,4.718754410743713,4.304523117542267,9.185094966888428,8.510345840454102,2.371207411289215,1.0213295173645018,0.6049903613328934,0.4663366845250129,0.392103742659092,1.4976201258599757,28.213298072814943,15.53051236152649,4.252534351348877,4.492817401885986,6.5901280927658075,7.40943528652191,1.9227488183975219,0.8455462634563446,0.5542784950137138,0.4206846639513969,0.34874547034502024,1.1051130378246306,27.298381023406982,12.082061734199524,3.1056342291831975,2.438598909378052,5.3348544883728035,6.609345746040343,2.03791214466095,0.7877346801757812,0.494211831688881,0.37257265858352173,0.30744341246783735,0.9672736969590188,26.991694793701175,12.529098014831543,4.1356566667556764,3.1670521998405454,7.639454264640809,7.02127504825592,2.0339683365821837,0.8041884207725525,0.5144758996367456,0.377202845364809,0.3009284884482622,0.6637349499017,27.408481111526488,12.837056159973145,2.9391013407707214,2.7986140775680544,7.820972590446473,8.509902462959289,2.4345273208618163,0.8714286494255067,0.6023778539896012,0.4562015300989152,0.38382384791970253,2.014055017828942,41.90939185142517,15.053158740997315,4.425797306299209,3.4007682323455812,6.439293794631958,6.905149364471436,2.1173573285341263,0.8718646678328513,0.6461503282189369,0.4785886390507221,0.3900803777575493,1.4042831736803056,32.50655822753906,13.177970113754274,4.291834499835967,2.804646793603897,7.042473216056824,8.556809072494506,3.100583810806274,1.067928352355957,0.4781136989593506,0.3607409265637398,0.29946908161044117,1.6903908053040504,38.192847442626956,12.381711587905881,3.035871758460998,3.4026038026809693,6.599303555488587,7.373936128616333,2.1714419579505924,0.7581313627958298,0.5343804472684861,0.3943605214357376,0.3199343439936638,1.285789952278137,33.79832546234131,12.828815002441406,3.95227468252182,4.351041868925095,7.983714938163757,9.21970178604126,2.6760948204994204,0.9474569857120514,0.5437488141655922,0.4049459370970726,0.3247502020001411,0.6511957940459252,26.467496757507327,12.425966205596925,3.890133244991303,3.0959182834625247,7.580236554145813,8.130840282440186,2.5666242504119876,0.8188188913464547,0.49786531269550316,0.37361322790384294,0.30660488367080685,1.4441562385857103,35.03678501605987,11.43332058906555,3.228486493825913,3.568342218399048,7.480535526275635,8.491520023345947,2.459579529762268,0.948942663669586,0.6365964722633362,0.46632438465952875,0.38563995361328124,1.067657517194748,29.686031875610354,12.814111461639405,3.0903565192222597,2.9685457026958466,7.360631175041199,7.743301634788513,2.8820665204524993,0.8976345884799958,0.5577068290114402,0.40735677182674407,0.33413578778505326,1.1423175933957102,26.068421096801757,10.612628226280211,2.808251514434814,2.5932005083560945,6.658555781841278,7.1259829783439645,2.602216755151749,0.8566621786355972,0.5761681354045868,0.432004851102829,0.35831163823604584,0.5562295553088188,34.020173225402836,15.248562679290771,3.9979518437385564,2.888239060640335,6.627041087150575,7.643304929733276,3.119790223836899,1.015303318500519
65,-6.626641869544983,-8.459424781799317,-7.951930236816406,92.5381851196289,293.6095138549805,115.4588607788086,25.996378707885743,16.51595010757446,34.201504135131835,96.02546691894531,124.40163040161133,32.96865758895874,1.6362693405151365,-4.600554285049439,-4.711882367134095,99.78265907287599,391.51471191406256,161.60710800170898,37.58881832122803,15.080420799255373,44.53707759857177,107.30080612182617,91.67483245849608,27.104286446571354,-1.7923844051361086,-8.07887365579605,-5.6252109241485595,234.12952434539793,535.395354309082,226.8768963623047,46.26641456604004,17.49367063522339,43.4930087518692,119.6144567489624,124.13348106384278,24.61952848434448,-3.048484077453613,-8.88707230091095,-7.6419661474227905,179.9182996749878,435.2578436279297,194.39879920959473,37.126299419403075,12.404270248413086,38.96570099353791,93.22417419433593,95.73417030334471,21.368432216644287,0.34707343578338623,-7.066040792465209,-4.665567617416382,176.18128803253177,419.59023345947264,186.88699447631836,43.340382928848264,17.673649044036868,44.74240312576294,126.91225616455078,138.90065551757812,30.550327100753783,1.926597304344177,-5.62557101726532,-6.404658737182618,120.29620871543884,320.2971725463867,164.66420242309567,21.57029239654541,8.628102860450744,30.040198211669924,90.99651561737062,92.17469030380248,36.63585635900497,0.7857743406295778,-6.116749348640442,-3.5665808391571048,180.44560626983642,404.36488464355466,180.579167098999,25.361108512878417,4.493506622314453,22.40219938278198,80.9372501564026,101.42716693878174,23.272988204956054,1.6217804002761842,-5.0230727696418755,-3.762723517417908,235.82300491333007,427.218254699707,148.79929504394528,25.36239999771118,0.9796824645996096,24.869345302581785,106.5144396972656,112.83377006530762,29.926928796768188,1.3673617362976076,-6.5077310466766365,-6.7391313123703,123.46866920471192,411.6692541503906,170.39656505584716,30.032897834777827,5.864493465423584,22.342027745246888,96.27641181945802,120.77249588012697,40.950590543746955,4.124232664108277,-3.9492324113845827,-3.8942959022521975,192.07768276214597,365.4197073364258,128.93482131958007,20.268756570816045,4.781540803909302,22.355085525512695,82.69506507873535,103.16660957336425,40.40783737182617,5.151999883651735,-3.438756914138794,-1.5218433189392087,203.99719703674316,330.4547677612305,119.8782829284668,16.52650533676147,6.371629352569581,32.70339047670364,98.55010219573975,105.13284551620484,24.403009967803953,1.9214773654937745,-5.521879394054412,-0.8349060463905331,278.6714033317566,412.2636679077148,133.53168388366697,16.836515808105467,3.7778228473663327,35.34085671424866,108.844561920166,130.8810326385498,31.625688495635984,3.319700946807861,-4.914595363140106,5.092788643240927,205.02547916412354,393.9903977966308,131.21629386901856,20.445014934539795,-1.312115430831909,28.37865212440491,116.40625411987303,132.7630135345459,37.1230141544342,2.136713681221008,-7.726018004417419,-2.565259275436401,259.97334663391115,477.02868804931643,152.8410202026367,25.626994838714598,10.312724056243898,22.52854572296142,100.34626487731934,131.83513198852538,45.40596893310548,3.286273474693298,-5.674740924835205,-3.4035647964477542,224.3239861106873,427.36177734374996,159.32902549743653,17.203567104339598,0.003675231933594247,20.83734286308289,94.25436172485352,114.11547777175903,38.855109167099,0.5212748908996584,-6.9400665569305415,-2.3027340412139887,193.22589801788328,341.2946917724609,104.62497810363769,16.434074754714967,8.62105391740799,24.260142440795896,88.46182888031007,106.98554840087888,28.656338636875148,7.782398328781127,-2.2016107702255248,1.685504221916199,189.6037886953354,299.9951550292969,137.97420494079591,26.672149987220763,4.266882524490356,24.454858069419863,82.81883716583252,100.39544929504393,58.3115155506134,2.0167731094360355,-4.722010540962219,-4.6595431280136115,106.60902234077454,287.4104035949707,118.20695709228514,13.03188243865967,1.5372558116912838,17.605661458969116,63.6729916381836,68.30061169624328,17.070289659500123
66,21.63137264251709,22.980016040802003,25.365988731384277,30.113040924072266,11.732813549041747,2.2409897804260255,2.32235848903656,1.9875451803207398,5.2259931564331055,8.421846044063567,20.251797819137572,28.27560338973999,35.380702824592596,29.59010286569595,39.661240243911735,47.19443759918213,13.34340991973877,4.266544225215911,4.759412026107311,4.272105965614318,6.267841365337373,13.156535177230836,23.625306627750398,31.357920684814452,40.68690036773682,37.57537609100342,41.82252161026001,48.9720654296875,18.277970361709595,4.987705035209656,2.863806092739105,3.9978930020332344,8.373708283901214,15.984734153747558,28.772612645626065,37.1832451248169,49.58339942932129,36.41212368011475,46.48810559272766,59.94336898803711,19.35963686943054,5.769155900478363,5.179944645166397,4.7107945561408995,7.0280000603199,18.6077929019928,34.820273075103756,49.68323425292969,26.75233338356018,20.06646306037903,31.110144133567808,50.0511982345581,19.78890870094299,6.878459041714668,3.8575795251131053,4.053882350325584,7.002744414806367,16.472470515370368,35.69831771850586,38.53856013894081,28.307051963806153,23.66905044555664,34.60986511230469,55.626930618286124,16.00522018432617,6.5141904336214065,4.317069356441498,3.2936374831199644,5.843674007058143,9.153557895421983,20.455927295684813,32.59485147476197,32.03562290191651,25.952311941981314,40.773805556297305,48.13200413703918,15.192274980545042,3.8053072994947437,4.086797044873238,2.7511302953958507,5.490079167485237,13.207491883039475,28.78758065700531,39.00404649734497,35.80158668518066,43.321125199794764,46.103564300537116,36.35714557647705,11.469003114700318,3.8968475970625875,3.1440244460105897,2.430182470083236,3.645263521671295,10.579262409210205,19.70958423614502,33.09408395051956,49.032208948135384,42.62544878959656,51.92519992828369,62.10874176025392,15.334938306808473,5.6667704737186435,5.778348109722138,5.006519483327866,4.045667345523834,11.642708077132701,28.913006114959718,43.69587392807007,42.51164012908936,37.33084695816039,51.20065475463868,51.28066345214844,14.414906492233277,3.455105981826782,1.85492241024971,2.5704803547263144,5.247292255759239,12.837872209548951,28.28079442024231,41.12638492584229,37.28569339752197,28.01084358215332,45.14018209457397,46.7704141998291,15.810953629016876,6.291931256055832,7.036882027685641,4.87276976108551,7.946728809177875,19.502666250467303,32.76407884597778,43.77312423706054,47.213316459655765,35.59458142280579,38.043884973526,42.27528266906738,12.264260436296462,3.4470202952623366,3.6456612560153006,1.7583840847015382,3.0148279631137846,8.366789225935936,21.750452947616576,37.010073585510256,34.848766288757325,34.55090775489807,42.949324226379396,46.38822235107422,14.252618203163149,3.553741856217384,3.1374794840812683,3.7426476621627804,6.779534226059914,12.184737130403521,23.00451292514801,38.57425763964653,53.23054203033447,46.40481309890747,50.36480842590332,46.64183120727539,15.765096378326415,7.986740594506263,4.903420324325562,5.359844555854798,8.508912465572356,13.297862980365755,28.73146056175232,41.02919864654541,57.72233661651611,46.004292011260986,54.984147262573245,52.69414077758789,17.000070130825044,6.048567940592766,3.639899523854256,2.9028518545627593,6.232852653265001,15.565776414871214,29.28555313110352,46.895620994567864,41.23874700546265,42.36563589096069,51.2611658000946,47.58496410369873,14.432265115976332,3.365554708838463,3.3770047068595885,3.5032516312599187,5.248418323397637,13.301132047176361,30.96582441329956,41.99107204437256,37.45395601272583,30.679679245948797,39.266744747161866,44.67699462890625,14.409772990942002,7.689590772390365,6.095784358382224,4.871663679778576,8.479872957468034,15.348451735079289,26.990074200630186,39.232016201019285,45.987784633636466,34.82081882476807,40.977760353088385,64.9467088317871,23.60030933856964,6.917377964258193,6.090719299316406,4.22423147559166,6.993128507435321,16.142440993785858,26.75773795127869,39.61490524291992
67,0.22175601869821548,0.08348537683486937,0.020950657129287696,1.0718751542270184,9.281973528862,3.376447582244873,2.586773896217346,3.586104416847229,3.940263867378235,4.98818998336792,3.9017098426818846,1.187732744216919,0.31615108489990235,0.14689964167773722,0.14437949569895864,1.0458741594105958,10.258254256248474,5.689466652870178,2.309930429458618,3.409820614457131,3.2710005557537074,3.895304756760597,3.4085596239566804,1.028863460421562,0.3367105560749769,0.1513719471544027,0.1434867011755705,0.927724842056632,12.03483052253723,6.078851294517516,2.76231204032898,3.3305600142478946,3.1461913968622683,4.557215464115143,3.5886010551452636,0.9678383773565293,0.3940375943481922,0.18550610944628715,0.13569957640022037,1.2055505204200743,11.476372866630555,6.626916717290878,2.716238317489624,3.991158685684204,5.164857421517373,4.945327157974243,4.13797418832779,1.218088429570198,0.3656102266907692,0.16280805259943007,0.10412340443581339,1.5282905764877797,11.45405520439148,5.897171387672424,3.1445857667922974,3.564957931041718,3.4253400933742526,4.9455308341979975,4.381766612529755,1.189315758049488,0.3724567240476608,0.16297161526978016,0.1867787580192089,1.6168580093979839,14.232606801986694,6.551166505813599,3.3214697551727292,4.483407463431358,4.454642639607192,5.430365328788757,4.250451326370238,1.1328295063972473,0.3775480131804943,0.15445962026715274,0.1133585850894451,1.3351876309514048,10.615920178890226,3.7225318145751958,1.9368879985809326,2.8065095245838165,3.497029633522034,4.444757428169251,3.4943040668964387,1.2016341829299928,0.3728412514925003,0.1650905662775039,0.14081547891721127,1.7762077510356904,13.148236634731294,5.164550728797913,2.8854628968238836,3.926545891761779,3.2872351551055905,3.885525071620941,3.5464380025863647,1.1366435420513155,0.3386150538921356,0.14892473474144935,0.10165991716086864,1.6023121167719363,12.211118078231811,3.7593947005271913,2.3188116803765295,3.644103519618511,4.119438046216965,4.260766915082931,4.284028925895691,1.0969253158569336,0.33591171830892563,0.14352537877857685,0.15849697962403297,1.5867790377140045,12.505254435539246,4.6940486717224115,3.020919035673141,3.804436540603638,4.709233419299126,4.041511009931564,3.841203157901764,1.1280697908997535,0.3998144143819809,0.16749281227588653,0.1564686824381351,2.0536733460426335,13.616998987197878,5.6146319246292125,2.458469195626676,3.939610261619091,3.2760535991191864,3.7903859686851504,3.6508945369720465,1.132718666791916,0.40663571052253245,0.16703513305634257,0.34745962753891935,2.6141912353038785,16.367949419021606,4.81746562242508,2.888526315689087,2.78588007748127,3.0454490029811856,3.8214930951595307,3.697148879766464,1.4839918106794356,0.3474118786305189,0.147124037630856,0.1301232239603996,1.757959290742874,12.106598625183107,4.373152098655701,2.492947338819504,4.181272450983525,4.401058816313744,4.741991231441498,3.836002696752548,1.1759022426605223,0.4518062090873719,0.20112730577588075,0.18751512750983237,1.9080412173271182,11.876466159820556,4.533132643699646,2.5332220125198366,4.911163863837719,5.61378662377596,5.558488721400499,4.537030819058419,1.5352392347157,0.4732919612526894,0.20569944933056825,0.29167520012706516,2.2094453716278073,15.4379714012146,6.214314241409302,2.620173410177231,3.000715692043304,3.750480818748474,5.241083130836487,5.033941426277162,1.579765659570694,0.4009247779846191,0.18606600567698478,0.21969408120959993,1.64810271024704,13.661674633026124,4.532933135032654,2.226406799554825,3.326585757732391,4.212333818078041,6.6588892745971675,5.297794404029846,1.3771290254592896,0.3818179856985807,0.17124704189598555,0.1713947433978319,1.8219315958023075,14.680198373794557,5.7615123367309575,2.7043682008981706,5.476591775417328,3.9486889451742173,4.315966137647629,3.3007766914367678,1.0652700698375703,0.42793816059827805,0.19806170314550398,0.2119350518286228,1.720679671317339,10.434946105480194,4.222425940036774,2.2814734230935576,3.845408225357532,4.494465664625168,4.833794159889221,4.432792930603028,1.3609751456975938
68,-15.5321870803833,-14.47641487121582,-11.973870658874512,38.29869718551636,116.48887710571289,43.44547576904297,-2.83960108757019,-6.078267383575439,9.039339637756347,38.80213851928711,40.8561351776123,-0.437937545776367,-14.183361968994143,-14.00635974884033,-10.715767116546633,34.04869532585144,146.61754470825196,28.601408929824828,-11.437786626815795,-13.61197395324707,-2.615065774917603,23.7704192006588,30.93777276277542,6.143247013092041,-10.589634470939638,-14.024292068481447,-11.306904101371765,27.748091786056754,154.1598666381836,31.375688323974607,-16.082239515185357,-18.107419548034667,-4.3784481716156005,27.80626006364822,37.933660173416136,9.739048070907591,-10.835219736099242,-13.63154977798462,-11.19545789718628,34.06980404853821,141.9385021209717,18.72892847061157,-14.40933578491211,-17.31709309577942,-2.7105321741104125,22.99289361476898,33.861574468612666,8.120304885208606,-12.783738927841188,-13.67268901824951,-10.279233441352845,33.43014680147171,144.07206115722656,17.030892481431366,-18.0127497959137,-17.724728393554688,-4.80306693315506,25.1760666513443,29.16764359951019,0.9815091133117677,-8.406025027036668,-12.280869903564453,-9.721479892730715,35.28335123002529,141.7777848815918,20.4812858235836,-11.169331846237183,-17.193500394821164,0.6859776160120964,28.378384146690372,33.54988058567047,9.112980241775514,-6.836343035697936,-11.173999347686767,-7.400436334609987,44.391569600105285,109.758543548584,17.960144901275633,-13.44829637527466,-17.261180391311647,-9.518493683338166,13.492889194488527,25.758546867370605,12.009329504966738,-9.815541133880615,-11.047430229187011,-5.804105911254882,42.50859775722027,125.46132774353028,14.870075221061706,-14.03117708206177,-16.89686213493347,-2.966198239326477,22.703915313482284,31.96488245010376,9.518373821973801,-3.7791051244735714,-10.975717368125917,-9.65583028793335,59.209669034481045,106.15495849609374,10.276148838996889,-16.323678016662598,-16.689590641260146,-1.6850773411989208,23.52650786689017,34.88809684753418,10.508364245295525,-6.9908770751953115,-13.421844091415405,-11.310686120986938,44.381790485382076,119.7019376373291,19.583082313537595,-17.045540256500242,-14.967934576272967,-3.460431809425354,26.13718061685562,53.522154735326765,23.268933112323285,-9.119309895038604,-13.36985357284546,-9.83833710193634,52.68073532402515,133.85345397949217,16.806818580627443,-12.858216861486435,-14.325990285873411,0.6125862097740168,22.804560737609858,30.50244176387787,6.762410583496094,-6.9953743577003475,-14.407223758697508,-10.186228399276734,50.42618489988148,133.7109170341492,16.33567768573761,-13.593403653502463,-11.179395624399184,6.905030088424684,40.89044563055039,57.538671875,22.526280586719515,-4.769532661437988,-13.97263331413269,-9.341428756713867,53.32074419021607,119.19195411682128,10.775499682426453,-12.785609588623046,-14.179412944316862,-1.4001328444480898,27.219386634826662,38.429685728549956,16.424234450161457,-4.7517993354797365,-12.370092911720276,-9.997483520507812,37.49869399547577,150.94271697998047,22.79723587989807,-10.693641386032104,-14.92034478187561,2.500762028694153,33.64080080032348,33.76906795501709,7.468325204849242,-3.9634709644317625,-13.023062999248504,-9.9268314743042,37.03540817260742,135.73397094726562,10.525343465805054,-17.36937955379486,-14.922409944534303,1.9340714454650878,35.25345414638519,37.55941598176956,14.683079631924631,-8.95731201171875,-12.376271991729737,-4.083519191741943,64.75926415443419,107.5606074142456,9.238004348278045,-17.855031971931457,-16.336408538818358,-2.609033396244049,22.665974192619323,41.5747549533844,10.84436327457428,-6.108663988113404,-10.520606842041015,-6.856335678100587,33.87691373109817,104.52926998138427,13.317657022476197,-16.813216848373415,-13.907025775909426,-3.4633350181579585,20.166748478412625,34.71373453140259,12.436582744419574,1.3672025108337404,-11.00274342060089,-10.816819629669189,31.234098520278927,113.75543197631836,16.54410451412201,-13.608689160346984,-13.888766050338745,0.07947929263114908,25.867809330224993,27.56154239833355,10.726786020994187
69,-0.013495761714875681,-0.0192484841449186,-0.01771528506651518,-0.018080311687663157,0.059682619618251956,1.5151686310768127,1.1432672977447509,0.4011318251490593,0.5058919280767441,0.272550992667675,0.08410228118300432,0.0220486611127853,-0.0022478502430021683,-0.01316303434781727,-0.0170933766639791,-0.016640089992433747,0.06447727944701911,1.2260451269149781,1.3404346251487733,0.3503961193561554,0.4460908824205398,0.2236099150776863,0.08076637730002398,0.023845901042222933,0.002689642217010252,-0.0068858666694722875,-0.010815348903415692,-0.01184295992192344,0.041353903746930876,1.542065988779068,0.903238183259964,0.36316065430641176,0.457719253897667,0.245867201089859,0.08747481286525723,0.02631190840154881,0.001771796606481068,-0.009400806222110952,-0.01259813181124625,-0.013778938362374867,0.039812929295003414,1.7904885673522948,0.8742804807424545,0.331122105717659,0.48503500819206236,0.2775967299938202,0.09239390522241589,0.026360758729279,-0.000561203751713028,-0.012163379825651622,-0.015567777436226563,-0.01595642546424637,0.05992664188146592,1.6894396746158602,1.0117589259147644,0.3626638835668564,0.47456843346357347,0.3509217098355293,0.11688822850584982,0.03563964091241356,0.00577937345951796,-0.008403461482375824,-0.014587691562483041,-0.013042130139656322,0.10376699266955258,1.6425945267081261,0.8540611255168915,0.3302467626333237,0.4977873772382736,0.3172919663786888,0.12807163469493385,0.039354131519794416,0.0069230327382683535,-0.007301486618816809,-0.013240393064916107,-0.014133791667409194,0.13842549300752577,2.1712123954296114,0.7428369545936585,0.3761601930856705,0.5333571195602418,0.3873959660530091,0.12010407313704488,0.03487516093999144,-0.0019786199927329965,-0.014413813054561566,-0.01983545269817109,-0.018338499283418016,0.15713858682662246,2.132926380634308,0.799668561220169,0.3776422274112701,0.5508384370803833,0.3237487506866455,0.10823000535368914,0.029848642125725706,-0.009028709381818763,-0.020367292314767787,-0.025086780674755525,-0.016225693337619272,0.15778221929445863,2.1440957498550413,0.8586455357074737,0.34285846978425977,0.5050739699602127,0.3212362387776374,0.10408040285110469,0.023199378587305523,0.006530756168067456,-0.01097096813842651,-0.018398693474009596,-0.015218567196279734,0.3014499702421017,2.490657112598419,0.7347742998600006,0.3033129107952118,0.4706320986151695,0.3600157822668552,0.14635713979601858,0.05204437240958211,-0.0031234017759561574,-0.014483699006959772,-0.01785048344172534,-0.01742126415483651,0.25156259548850357,2.1937186461687093,0.7951231455802916,0.3593641996383667,0.416969478726387,0.35500405997037887,0.16119528807699676,0.044515462294220896,0.004415655992925159,-0.0115155365131795,-0.016666040234267675,-0.01674906685948367,0.10089570691809058,2.2154482221603393,0.6278429931402206,0.32407929509878153,0.47754872739315035,0.37528636425733564,0.1503578059375286,0.06360669434070584,0.0033291153982281524,-0.010444613602012372,-0.014069409442599823,-0.014262136183679072,0.1940367490053177,2.175305358171463,0.7454355537891388,0.33224942833185195,0.4721888709068298,0.34822644919157025,0.13350010663270945,0.03671661783009764,0.008797376975417137,-0.008159677758812881,-0.013705746550112924,-0.01423643838847052,0.13256198571063577,2.1620432817935944,0.8151286667585372,0.37184584796428677,0.4733782428503037,0.3597297172248363,0.1678790310025215,0.05990671738982197,-0.000603698305785648,-0.01605948496609922,-0.020673193729016895,-0.017967804763466075,0.3446694593504071,2.5138482570648195,0.8309393841028214,0.28760625064373013,0.5145003885030747,0.44432153731584545,0.15930266439914703,0.046921533644199334,0.0043139072135090755,-0.010789875015616384,-0.01647676152875644,-0.013583515316713573,0.14722306723706421,2.348340401649475,0.8711504298448564,0.2912172466516495,0.4713328552246094,0.3955060631036758,0.2030314208567142,0.08724015317857262,-0.00031280767172574416,-0.01995340317487713,-0.025306542298058,-0.02310384187847371,0.13411063247825952,2.3801238799095157,0.858432388305664,0.3397998967766762,0.466424215734005,0.35758683711290357,0.19113073140382764,0.05871443975716826,-0.0021549215540290125,-0.01688510649837552,-0.02202139348257331,-0.018645248196553398,0.1506692528654821,2.330515316724777,0.9022590869665145,0.3492803195118904,0.4555708268284798,0.3723770174384117,0.14478090226650236,0.040326816067099536
70,3.151846671104431,1.1137147665023803,3.6897852659225463,25.47616844177246,281.0366607666016,461.7990478515625,91.04643936157227,30.20301592350006,61.17569580078125,112.9283660888672,95.8537986755371,23.784185028076173,5.862035012245178,1.9739332985877993,4.6863861703872685,24.28957607269287,293.87048461914065,403.92477233886723,76.43334732055663,40.55034595489502,64.13323768615723,121.27845916748046,94.14806686401367,27.279713363647467,7.78796278476715,3.744126452207565,5.727785401344299,29.785100078582765,327.638515625,367.79899902343743,68.98122360229492,33.5980041885376,59.26592849731446,121.37428512573243,103.58835388183596,32.22702819824219,6.250191925764084,1.8053651820123195,5.0948231053352355,24.51377342224121,315.28966430664065,405.60253112792964,75.8995615386963,40.32763648986817,67.44657722473146,136.30457901000977,106.75950942993163,29.183975677490235,7.905703616142273,3.220215857625008,5.809999861717224,37.881694049835204,363.2337976074218,378.94750549316404,70.27488708496094,34.98155944824218,53.75642253875732,129.60567779541014,112.84899154663086,39.56012145996094,9.842416534423828,4.892574282884597,7.3024767863750455,39.75337375640869,366.8895190429688,372.4432434082031,68.46373916625977,37.2313486289978,55.6111893081665,121.67726684570312,113.99482192993165,34.08839881896973,10.261036033630372,5.243501640558243,9.78278864622116,43.29939651489258,396.1909136962891,344.69508209228513,61.88736293792724,32.7369837474823,58.182109413146975,121.92749755859377,115.9213298034668,44.49377258300781,10.8539808177948,4.116787476539612,7.497759408950806,39.57393737792969,390.95703063964845,313.3393399047851,56.90382225036622,34.350520591735844,61.61137374877929,137.87945022583008,115.10798233032226,41.11110462188721,9.682573134899139,3.2618162822723393,5.162923913002015,43.89169853210449,371.18432495117196,300.80706390380857,53.863507156372066,32.43663529396057,53.717921524047846,122.85833129882812,119.38980987548828,39.262592239379885,9.960740866661073,4.793703430294991,8.330451517105104,44.36608320236205,402.3395678710937,307.594621887207,53.34474456787109,34.90904638290406,59.82558905601502,138.27399719238284,117.23238037109374,35.330636749267576,8.197647227048874,4.407872422933578,7.647454407215117,50.73818222045899,415.26612915039067,295.7494302368164,50.40908382415772,33.588630928993226,60.30429481506347,130.56339294433593,109.87129684448242,37.57599765777588,10.968083040714266,4.510496660470962,7.819572565555572,49.58464843750001,423.4150714111329,290.30980804443357,50.75194656372071,23.500421073436733,47.84475357055665,116.60333480834962,127.80587219238282,46.377200241088865,9.66414047241211,3.7376305508613585,7.519984204769135,44.829952163696284,403.3035418701173,308.79076110839844,56.72346706390381,34.839887847900386,58.91093418121337,131.44840759277344,123.44696075439451,37.46497428894043,9.190627331733703,3.865453827381134,6.6982486009597775,45.65289752960205,390.63200988769535,301.8932147216797,57.76700202941895,42.00580169677734,61.790446052551275,137.96815277099608,129.27756958007814,40.53071640014649,14.941875944137573,7.842729572057725,11.440499500781296,50.7237773513794,426.01551025390626,290.4556634521485,51.80536148071288,35.63455439090729,57.673382415771485,134.81836990356447,133.8719204711914,47.67854072570801,12.02218876361847,4.310371668338776,6.660599384307861,39.47238065719604,391.2352105712891,287.5847225952149,46.278248672485354,35.689695806503295,56.2662808227539,129.14969467163087,123.41813781738281,41.312769393920895,12.588458890914918,5.087554519176483,8.354779806137085,42.499986190795894,424.1396759033203,323.05552642822266,53.476952362060544,28.7887158203125,48.10305408477783,125.78647903442383,126.46965545654298,42.528161697387695,8.324154715538025,4.409322210848332,8.208077424764634,42.037753601074215,345.8896057128906,356.05270111083985,56.0869919204712,36.61982831954956,69.29761665344238,133.89319702148438,117.09881530761717,35.642162971496575
71,6.539947271347046,5.570533508062363,6.225595378875733,6.476694059371948,0.9248245239257813,-0.09396063685417175,0.9866468191146851,1.7512865900993346,1.3223906993865966,2.072090983390808,2.3559141397476195,2.7987058758735657,2.6095237058401106,2.500518788099289,5.481373944282533,10.164073692560198,3.618887930810451,1.207836048603058,1.8437821173667905,2.321732892990112,2.0282444429397586,1.3571748995780943,3.5922493380308156,2.7363525921106335,4.397055420279503,7.092081835269927,8.284121379852294,12.983071371912956,1.6216134536266327,1.442305338680744,1.8622401452064516,2.172204575538635,1.7354585742950441,2.5526077806949616,3.9629495775699617,2.8433706706762316,4.93941026687622,4.580393280982971,7.987523760795592,12.232310094833375,2.8713724410533903,1.1950092774629593,1.9666452336311342,2.811693716049194,1.8253368854522705,2.831413373947144,5.0534107086062425,5.0084169280529025,5.733676099181175,7.288553811311722,10.142216262817382,10.75668217420578,2.2477508482336996,1.3197705602645873,1.7612809896469117,1.9769064283370974,1.417033257484436,3.4977750945091244,6.06921298801899,4.907703317403793,6.147546696662903,7.78851688027382,11.045112094879151,13.697335579395295,3.636836304366588,0.6494527029991151,2.6856079578399656,2.3116273975372317,1.3385774660110474,3.53925776720047,7.465107750892639,7.589679911136628,5.5636500453948985,8.41752486228943,12.341283006668089,14.102130360603331,2.6091789233684537,-0.23176756650209424,0.8305646753311157,1.4911743640899657,1.1475197577476501,2.049477684497833,6.7606951832771305,6.312105884552002,6.257818672060966,6.870636987686157,12.137499635219575,16.414653708934786,4.102906247377396,-0.5000713020563126,1.5982389175891876,1.928068904876709,1.2244989228248595,1.8378302574157714,5.525037861466408,5.00121833741665,4.955792262554169,8.48368486881256,11.756216688156128,16.076592133045196,3.038120031356812,1.0011226630210877,1.332335925102234,2.040752286911011,1.4632400870323181,3.0290118360519407,4.730009974613786,4.9123785221576695,4.52996951431036,7.186140757799149,8.193611147403718,10.867441824674605,1.735281175971031,0.3170064975321293,1.96027841091156,2.0668634223937987,1.5048218393325805,2.3814390861988066,3.1552031791210178,3.037745844125748,4.824532777070998,5.776115263700485,9.410685272216798,13.40832661151886,2.48995064496994,1.7710365962982177,2.7413885617256164,3.0058021020889285,1.7748723864555358,2.2213889193534855,5.392304840683937,3.758871559500694,6.662847592234611,7.27525121331215,14.22943745613098,16.452752931714056,4.421650422811508,3.396886284053326,5.037358486652375,2.9630987596511837,1.4131576085090636,3.1481501650810237,9.030029166638851,6.794593220949173,5.413004226684571,9.472641251087188,11.463720676898957,10.991166393756867,2.9935656082630158,0.970746766850352,3.972594647407532,2.316938185691833,1.4573529243469237,4.841846129894256,8.609966129660606,4.790155655145646,3.7856141173839566,7.45974693775177,10.626207703351975,16.77344286799431,2.653141115307808,1.415907576084137,0.9726032137870788,2.334052691459656,2.231714248657226,2.4558504819869995,8.458839760124684,5.904712008237839,4.123157913684844,4.609330551028252,9.19496123790741,12.11488426208496,1.7647749301791193,0.44761744976043705,2.5338273429870606,2.210166811943054,1.5275014066696166,2.3136069226264953,6.133728051707148,6.0254600423574445,6.353881251811981,10.195465072989464,13.670144715309144,14.459289698600767,4.1970119178295135,1.3402429080009461,2.714101033210754,2.0983437156677245,1.356808156967163,2.1964962005615236,7.224943797588348,6.411284906864165,3.335187380313873,4.696969828605651,10.487913053035737,10.824822125434876,3.6033992186188697,1.207585646510124,3.3221113610267636,2.3279801416397095,1.790736536979675,2.510050868988037,3.0805882436037066,3.8481570947170254,3.4840015339851376,4.52791972398758,7.564814238548278,10.301842727661134,1.9037345951795577,1.1831428563594817,1.7945396876335145,2.4678675127029424,1.9757559251785277,2.0617490935325624,4.500633090734482,4.853018519878388
72,0.0,0.0,0.0,0.0,0.0,0.0,0.0,0.0,0.0,0.0,0.0,0.0,0.0,0.0,0.0,0.0,0.0,0.0,0.0,0.0,0.0,0.0,0.0,0.0,0.0,0.0,0.0,0.0,0.0,0.0,0.0,0.0,0.0,0.0,0.0,0.0,0.0,0.0,0.0,0.0,0.0,0.0,0.0,0.0,0.0,0.0,0.0,0.0,0.0,0.0,0.0,0.0,0.0,0.0,0.0,0.0,0.0,0.0,0.0,0.0,0.0,0.0,0.0,0.0,0.0,0.0,0.0,0.0,0.0,0.0,0.0,0.0,0.0,0.0,0.0,0.0,0.0,0.0,0.0,0.0,0.0,0.0,0.0,0.0,0.0,0.0,0.0,0.0,0.0,0.0,0.0,0.0,0.0,0.0,0.0,0.0,0.0,0.0,0.0,0.0,0.0,0.0,0.0,0.0,0.0,0.0,0.0,0.0,0.0,0.0,0.0,0.0,0.0,0.0,0.0,0.0,0.0,0.0,0.0,0.0,0.0,0.0,0.0,0.0,0.0,0.0,0.0,0.0,0.0,0.0,0.0,0.0,0.0,0.0,0.0,0.0,0.0,0.0,0.0,0.0,0.0,0.0,0.0,0.0,0.0,0.0,0.0,0.0,0.0,0.0,0.0,0.0,0.0,0.0,0.0,0.0,0.0,0.0,0.0,0.0,0.0,0.0,0.0,0.0,0.0,0.0,0.0,0.0,0.0,0.0,0.0,0.0,0.0,0.0,0.0,0.0,0.0,0.0,0.0,0.0,0.0,0.0,0.0,0.0,0.0,0.0,0.0,0.0,0.0,0.0,0.0,0.0,0.0,0.0,0.0,0.0,0.0,0.0,0.0,0.0,0.0,0.0,0.0,0.0,0.0,0.0,0.0,0.0,0.0,0.0,0.0,0.0,0.0,0.0,0.0,0.0
73,0.0,0.0,0.0,0.0,0.0,0.0,0.0,0.0,0.0,0.0,0.0,0.0,0.0,0.0,0.0,0.0,0.0,0.0,0.0,0.0,0.0,0.0,0.0,0.0,0.0,0.0,0.0,0.0,0.0,0.0,0.0,0.0,0.0,0.0,0.0,0.0,0.0,0.0,0.0,0.0,0.0,0.0,0.0,0.0,0.0,0.0,0.0,0.0,0.0,0.0,0.0,0.0,0.0,0.0,0.0,0.0,0.0,0.0,0.0,0.0,0.0,0.0,0.0,0.0,0.0,0.0,0.0,0.0,0.0,0.0,0.0,0.0,0.0,0.0,0.0,0.0,0.0,0.0,0.0,0.0,0.0,0.0,0.0,0.0,0.0,0.0,0.0,0.0,0.0,0.0,0.0,0.0,0.0,0.0,0.0,0.0,0.0,0.0,0.0,0.0,0.0,0.0,0.0,0.0,0.0,0.0,0.0,0.0,0.0,0.0,0.0,0.0,0.0,0.0,0.0,0.0,0.0,0.0,0.0,0.0,0.0,0.0,0.0,0.0,0.0,0.0,0.0,0.0,0.0,0.0,0.0,0.0,0.0,0.0,0.0,0.0,0.0,0.0,0.0,0.0,0.0,0.0,0.0,0.0,0.0,0.0,0.0,0.0,0.0,0.0,0.0,0.0,0.0,0.0,0.0,0.0,0.0,0.0,0.0,0.0,0.0,0.0,0.0,0.0,0.0,0.0,0.0,0.0,0.0,0.0,0.0,0.0,0.0,0.0,0.0,0.0,0.0,0.0,0.0,0.0,0.0,0.0,0.0,0.0,0.0,0.0,0.0,0.0,0.0,0.0,0.0,0.0,0.0,0.0,0.0,0.0,0.0,0.0,0.0,0.0,0.0,0.0,0.0,0.0,0.0,0.0,0.0,0.0,0.0,0.0,0.0,0.0,0.0,0.0,0.0,0.0
74,38.03340797424316,23.422444820404053,24.127083683013915,422.93021087646486,211.49428100585936,54.41064567565918,16.38780243396759,11.404810214042664,38.616017723083495,87.28937911987305,172.90615234375,118.46194305419922,51.42064994812013,32.676417169570925,62.51681068420411,469.73619232177737,254.40097518920902,68.85700958251952,34.503912467956546,22.927233695983887,43.25354183197022,105.02483711242675,156.01021797180175,112.8809692764282,84.26143222808838,51.42207275390625,100.27954414367676,634.0505380249024,281.0190385437012,76.32166896820068,47.56866310119629,29.9878164434433,47.714413628578185,137.33321865081786,207.99400543212892,171.41570747375485,100.30020629882813,46.71540908813476,81.4223840713501,523.1993682861328,242.0436557006836,64.71520671844482,41.649434328079224,34.97435927391052,60.086661963462824,137.47274185180663,223.51437622070313,176.09095321655272,56.322135810852046,31.83962730407715,75.01443752288819,567.4010916137695,282.00728313446047,73.51848522186279,36.9701623916626,21.72115983486176,33.249244041442864,114.57450519561769,171.33051361083986,114.93562477111816,70.93380126953124,39.993803310394284,65.30279774665833,491.88398376464846,226.34934562683102,59.135899848937996,38.41040914535522,29.184543647766112,37.965546803474425,94.93536579132079,132.3502052307129,137.478366394043,78.60563415527344,42.297913284301764,101.20219917297364,559.6612661743163,264.0293472290039,75.70749603271484,39.67414798736572,23.13874677658081,37.30481931686402,94.39119613647462,161.50375740051268,150.898151550293,91.06141220092773,60.13147218704224,117.66000473022459,517.1671032714844,177.33755615234378,57.9211028289795,33.61735376358032,23.383380460739136,29.19422033309936,98.15149711608885,161.70029922485352,164.2263826751709,90.0852705001831,47.94923497200012,84.50121414184571,557.4790380859374,225.93406356811525,70.68917671203613,40.517524471282954,25.696160182952884,42.38444230556488,124.08383651733398,201.27151016235354,160.374019241333,104.58631443023683,56.268856735229484,136.46862518310547,531.3385089111327,166.3520779418945,56.51987152099609,31.07191679000855,25.628695650100706,42.12172562599182,97.53459262847902,182.09683280944824,163.7603562164307,78.17164733886719,44.06791809082031,125.99999336242676,513.224736328125,202.00859298706055,55.192775878906254,34.138398189544674,25.485785255432127,48.31980710029602,97.05844001770019,169.4413758087158,140.3808088684082,103.0853549194336,64.54310810089112,165.09303421020508,617.7491091918946,244.83836578369136,62.21429672956467,27.809352521896365,18.826443037986756,39.783489091396326,101.7632942199707,196.67833541870118,183.48055572509764,120.93585498809814,80.19173751831053,205.65790969848632,629.4937243652344,190.90795486450196,57.5042163848877,34.55878086090088,20.304910407066345,37.827011206150054,100.32912399291993,182.5433071899414,185.9114170074463,118.92436431884767,66.30817276000977,128.1349295806885,614.3979598999024,218.91398101806644,56.039806137084966,33.68405023574829,27.48100262641907,34.20373018741608,95.31580806732177,184.33440265655517,137.19495155334474,145.26011650085448,73.20443748474122,112.22262062072755,538.500375366211,241.53617126464843,61.37594902038575,29.899945650100705,22.641791563034058,41.37717021465302,106.05443992614747,189.64264739990236,198.48101623535158,103.24633926391603,66.75346794128419,159.5918608093262,627.7070816040039,200.2192657470703,57.29036708831787,33.00907141208649,19.363845052719117,31.332091803550725,91.07623828887941,178.64180908203122,158.48585418701174,92.9157939529419,46.69898597717285,111.26177827835083,523.5133673095704,194.15536132812503,64.90269714355469,35.06579577922821,23.040755343437194,39.95319974422455,98.41424011230467,162.77919097900389,152.32812538146973,110.94188222885131,53.00885947465897,81.17509844303132,434.0186845397949,207.93394271850585,48.57757171630859,24.639350194931033,17.69515906572342,36.63944615364075,89.81827068567274,135.98861625671387,141.34637088775634
75,1.198024332523346,0.6180012330412865,0.3701386198401451,5.084386007487774,154.40792846679688,77.04665679931641,11.726356506347656,9.854010272026063,15.915065002441406,29.618449020385743,18.19377269744873,5.030394870042801,2.3695345520973206,1.4737344706058502,1.1570509146153927,13.290195561647414,142.49380058288574,106.25305290222168,16.995257396697998,10.631128950119017,19.313858718872073,29.437488098144534,13.241179971694947,4.631272718906402,2.4363659226894376,1.4952720499038696,1.3345330786705019,24.296523699760435,195.97646263122562,125.7926300048828,16.981553421020507,9.961822814941407,18.15156145095825,30.5712530708313,17.8431733417511,5.259718294739723,2.2186775112152097,1.3739630252122879,1.3008843901753424,10.672002754211425,163.4249338531494,121.55067008972166,17.143783864974978,9.51997605085373,17.484126012325287,28.937138404846188,14.511829090118406,4.3885237503051755,2.753166546821594,1.583528846502304,1.2518876934051513,14.332533943653107,173.16987426757814,119.77624771118164,19.966907086372373,11.504954290390014,20.27689314842224,39.24927548408508,25.647420582771296,6.999288890361785,3.264291877150536,1.9293109750747681,1.469491238594055,14.962227792739867,162.4867822265625,113.28930145263674,17.759599351882933,10.252299587726593,21.3965754032135,37.720676498413084,21.760276403427124,8.396386084556578,3.2767443096637727,1.9508479833602905,1.5855018448829652,24.538543820381165,177.57746810913088,102.61636718749999,15.0376074886322,9.442906168699263,18.6668523311615,37.748105955123904,25.080884625911715,6.552241241931915,2.9060401898622517,1.7245996490120887,1.4757662495970727,25.730312433242794,207.67505249023438,106.72164138793944,13.500604076385496,7.096111569404601,16.911395606994628,34.89185596466065,24.23826671600342,6.975186855793,2.6922362852096553,1.5255817072093485,1.233816882967949,10.731776047348976,149.699437789917,101.0578020477295,15.781708199977874,9.741751189231872,16.890075635910033,36.29535425186158,23.43615045070648,6.701452195644379,3.463270435333252,2.145022091865539,1.8458703553676608,38.40289699435234,200.94279998779297,91.6258588409424,14.68062936782837,10.068828182220459,17.53022378921509,34.90343034744263,25.795924775600433,8.102280694246293,2.9229483079910277,1.7627068531513213,1.3427077585458753,24.977391325831412,141.90463485717774,74.13083480834962,14.024445152282714,8.413734838962554,16.346733322143557,31.167134876251218,18.572722835540773,5.9616219937801365,2.7333120000362396,1.7003830063343048,1.4094380879402162,21.20159080982208,185.48259620666502,96.41330299377441,13.01670799255371,6.274016346931457,14.211600275039672,33.95625343322754,21.32980293273926,5.899144271612167,2.903192510604859,1.7955697798728942,1.5990074980258941,19.99422574996948,178.89065391540527,90.25547592163088,15.109839038848879,8.93640383720398,16.67563937187195,30.750159358978273,20.694399993419648,6.380801775455474,3.630030281543732,2.1321272066235544,1.7232610306143763,27.562592034339907,197.6328971862793,97.64462493896482,12.422991251945495,7.203989624977112,16.038554096221922,39.46742527008057,29.326797256469728,9.793492064476013,2.881037707328796,1.7418140509724616,1.4056916558742523,21.870799298286435,172.54714843749997,85.21689083099366,14.158940000534056,6.784949026107787,11.7843417263031,27.83752939224243,18.8420983505249,6.2129051399230955,3.2038510131835936,1.9758855539560316,1.6482128494977952,29.405347921848296,171.9776234817505,78.85266311645508,12.59761570453644,8.011751899719238,13.880321435928346,32.107810974121094,22.10761947631836,6.605158028602601,3.585010241270065,1.939069418907166,1.5127776885032653,25.924935522079465,168.726187210083,85.15537330627441,12.460641689300536,7.178052577972411,14.399493770599367,32.10139072418213,25.444060175418855,10.384368213415147,2.8630689829587936,1.735724661946297,1.3740393477678299,9.417070584297182,159.06817962646485,99.55719799041748,15.862502136230466,8.400305304527283,13.228939414024353,29.82524459838867,20.886063747406006,5.482135062217712
76,3485.2,3353.632568359375,3615.24521484375,3783.6251953125,2799.0184814453123,2557.45302734375,1674.3699462890625,657.6624450683594,254.31553955078124,403.4082763671875,815.133251953125,2260.120166015625,3617.757119140625,4306.7190625,3971.6927050781246,3599.3680908203123,2984.8726245117186,1998.7314794921876,1220.7851074218752,543.454623413086,357.39842212677,513.7663944244384,1179.8570251464844,2214.340795898438,3424.067509765625,4056.6293164062504,3720.676025390625,3554.8064892578127,3043.4404638671876,2062.485886230469,1229.0741772460938,711.6344689941405,477.8420697021485,587.9595685577392,1161.8733953857422,2219.804462890625,3550.1428124999998,4045.239311523437,3859.3925585937504,3560.311821289062,2964.801938476562,2110.786635742187,1402.0582641601563,767.0234197998049,474.49074127197275,544.6465708160401,1114.99725189209,2402.7472363281245,3506.8164892578125,4047.8803906250005,3734.9079492187498,3677.8965722656258,2995.2103857421876,2058.3052734375,1273.0983349609373,676.6747100830078,475.31704971313474,566.1412684631348,1303.412241821289,2432.4944628906246,3621.907568359375,3959.453701171875,4233.431142578125,3891.822109375,2990.846372070312,2144.5694433593753,1120.7521069335937,584.090361328125,482.9492585754395,515.0780979919434,1159.1054064941404,2277.41173828125,3423.485893554687,4168.577675781249,4140.542890625,3760.069150390625,2777.7747705078127,1891.3524731445311,1154.7816784667968,628.0223236083984,410.9862361907959,518.967985610962,1028.5589022827148,2035.3562939453125,3235.3061816406253,3884.862490234375,3810.761201171875,3716.944736328125,3009.8050097656246,1959.4443725585938,1142.0790100097656,517.5036267089843,398.99966011047366,460.37575532913206,969.4068273925781,2145.440708007812,3277.3740625,3933.281064453125,3749.9811230468745,3372.7346093749998,3075.8574023437495,2333.6326904296875,1244.3242456054688,625.1416583251954,383.33836631774903,456.2488306617737,997.9521173095702,2049.5222119140626,3581.0137548828125,4323.568090820312,4228.0725390625,3851.3020117187502,3159.85015625,2211.0842578125003,1408.8227270507812,677.8526550292969,402.65504028320316,465.4146080589295,1113.8115959548952,2205.7424072265626,3571.1496386718745,4295.361630859375,4088.880903320313,3743.6175390625003,2902.779404296875,2036.2167529296876,1250.6815209960937,609.0259490966797,460.1709048461915,625.7573828124999,1212.5857080078124,2496.129428710937,3410.6619726562503,4194.90111328125,3749.970268554688,3443.8630078125,2857.561953125,1994.9388134765627,1230.6621166992186,555.3365197753907,358.70687316894526,428.1432937240601,968.6408734130858,2123.222825927734,3547.3766796875,3708.6971582031247,3286.835390625,3328.417451171875,2818.15328125,2133.674790039063,1321.8255932617187,687.4058569335937,442.9974987792969,620.7165664672851,1081.2317138671874,2246.9377246093745,3152.6443603515627,3764.0280029296873,3809.8375732421873,3435.6525683593745,2903.317612304688,2100.2038574218745,1292.6146911621095,651.6015051269532,414.478388671875,505.0349679565429,880.533901977539,1960.6867456054686,3057.938735351562,3532.4713281250006,3477.0496826171875,3258.354389648438,2870.301743164063,2300.3477929687497,1434.4992993164065,793.5836181640625,493.4534190368652,484.31073963165284,1237.4532736206054,2305.1213281249998,3347.4055859375003,3758.1352197265624,4110.265283203125,4052.8751757812506,3428.6400878906243,2267.39322265625,1328.689578857422,681.3268695068359,418.9025,465.2286059570312,1104.9963232421876,2029.2670556640624,3203.585307617188,3786.6321142578126,3940.4404248046876,3784.633701171875,3091.708935546875,2083.6608349609373,1206.6359338378907,631.6179290771485,364.6989460754395,481.9785968017578,976.2895623779298,1985.3838793945313,3238.254692382812,3604.4672900390624,3634.9639453124996,3523.9615380859373,3009.356879882813,2178.5847119140626,1301.4629638671875,660.715054321289,503.6611235046386,618.1568804931641,1181.5902514648437,2256.83251953125
77,0.42295796535909175,0.9261708239093422,0.2030128540471196,-0.021579670533537838,-0.019456122070550877,-0.01586678661406034,0.05039019677788018,0.11234517507255075,1.271317684650421,0.022433250769972816,0.00391101110726594,0.7176737371832133,0.622463903464377,0.6376028780825436,0.27844440438319,0.025773217268288164,-0.024056093450635634,-0.0241459850315004,0.03927674352424219,0.31323175743222237,0.9323181967437268,0.2182932656444609,0.12663298105821014,0.6201776470616459,0.20853042349219325,0.3610436284635216,0.33931876744143663,0.003141028648242386,-0.018721933607012,-0.01840616752626371,0.0395681799016893,0.38380532490089536,1.0831121717393397,0.2443943258374929,0.08575561735779047,0.06655161208007483,0.2412799861095846,0.2542028781026602,0.26440903609618543,0.028918929817155038,-0.02148004870861763,-0.019822706296108626,0.024658376825973397,0.5001251571252942,1.1209490774478765,0.2433732943050564,0.008034574510529663,0.06581400495022535,0.3501061559893424,0.47692499916069203,0.2166610508784652,0.01156881488626826,-0.009425420612096743,-0.01724150652065869,0.0003909760853275797,0.5204747423925438,0.7860261529684067,0.3025134766474366,0.016257633311906834,0.20052289184648547,0.12522441097535192,0.28828564833849674,0.42808350358856845,-0.010982933910563555,-0.024964958131313268,-0.022593772821128306,0.05087404686026277,0.7907860840298235,1.4562749871611596,0.35225671052001417,-0.02234119018539784,0.331416847538203,0.2881444691307843,0.398956802058965,0.11703821230679749,-0.0024723081151023472,-0.018597230496816285,-0.017055568601936057,0.007562962863594329,0.26036892098374664,0.7466385199129582,0.26854751486331224,0.05487744606332855,0.16853294322267173,0.4260538848582655,0.3221854726597666,0.349017772283405,0.01942270006984475,-0.018960302323102918,-0.0210819735191762,0.08565366458147768,0.33063364751636987,0.885708778835833,0.2306165200844407,0.07184297599829734,0.2833887092024088,0.09565913284895941,0.25249264704994856,0.2303974358993582,0.031665093819610794,-0.01961397791281338,-0.016459715683013146,0.12255125899799171,1.2949238262185827,1.0502250307798384,0.6282933315075934,0.04725308723747731,0.10044092925265428,0.1730505877174437,0.25685295006725933,0.28751620078342965,0.005134553825482758,-0.022455369569361158,-0.01919624533038581,0.0074754008813761414,0.3808613505773246,0.7266114138439298,0.2666321488656104,0.08550985861569646,0.0727198338881135,0.17240060274489225,0.3408894854970276,0.2868339919857681,-0.005621259810868633,-0.02305012328550215,-0.021633728556334934,0.07622743293177339,0.34162725470960137,1.6589040322788062,0.35721134310588243,0.06222447996959091,0.19676736433058978,0.6824348729196936,0.3332045443542302,0.3439542542817071,0.0442714602383785,-0.02251593407243486,-0.023125871494412375,0.026290763188153526,0.5106437380239368,0.6293585718329997,0.6605134098976849,0.008870610166341086,0.247138199377805,0.5858870477601885,0.1974196987506002,0.3518694440694526,0.045171272642910494,-0.0200424100272357,-0.020813495647162155,0.022234622919932025,0.24612456144299358,1.0010378698538989,0.2401560179702938,0.044963033050298695,0.2690355972805992,0.5570032469532452,0.2540182458795607,0.3425860947184265,-0.0006382697261869731,-0.0218030109815299,-0.01596837310120459,0.09298852839507166,0.23326970587484536,1.0762744227983059,0.43650559021160007,0.11042741673532877,0.18511916207149626,0.49139190746471295,0.3820513315498829,0.2895528420526534,-0.0060828298516571195,-0.015551098361611315,-0.01969832654576744,0.1359937380766496,0.48532097429037097,1.1676329470425846,0.14031669094227256,0.044767050771042684,0.30409769098041584,0.26296172967180614,0.738654899597168,0.4823539137840271,-0.004481829861178968,-0.021097389163915015,-0.018659971780143635,0.018003788604401084,0.2316383313201368,0.7435040817409754,0.32788670130074027,0.09599247998557989,0.150939400261268,0.10311924424022437,0.4319130024127663,0.21114078687969595,0.0554387493617833,-0.010597608974203428,-0.013718109256587879,-0.00168664281256494,0.19530389708699655,1.0580780126154423,0.30650261590722955,0.006001280173659328,0.03220294109079985,0.34965536018833515,0.632237422131002,0.6755404400359839,0.019821014907211103,-0.02496600439772005,-0.023227278143167447,0.16579453297134022,0.6249106904864312,1.3904936830699444,0.1600228818040341,0.017298122253268967,0.4337275362759828
78,5.743731307983398,1.8712408363819122,2.7423051595687866,14.744096183776856,58.04977912902832,34.515800857543944,14.79903964996338,45.62175331115723,71.31491775512696,71.72497520446777,49.52769889831543,18.064878082275392,6.03799973487854,4.412543175816536,6.292535680532455,15.381950225830078,46.84019294738769,55.59493377685546,23.893686304092405,29.034725189208984,47.0655188369751,73.46292335510255,24.20880075454712,11.726205763816832,10.2935693693161,5.753469083309175,5.245323219299316,13.655491132736207,44.31932132720947,61.4147896194458,22.607978210449218,26.959947681427003,42.28529457092285,60.04317977905273,31.623331832885743,12.214567947387696,8.351665866374969,4.288841168284415,5.948575785160064,10.748203362226487,56.621612472534174,55.27434154510498,23.474491577148434,25.837378139495847,53.81179496765137,64.07599380493164,34.43376311302185,14.49972086906433,6.293702985048293,8.607637194395066,7.7336194396019,20.155915365219116,50.557514142990115,46.981476860046385,21.21653751373291,24.31179653167725,53.36134159088134,66.3468844985962,31.65693386673927,10.462219831347465,6.114115458726883,4.455641965866088,6.0616196393966675,14.381395618915558,42.560960712432866,46.306288166046144,26.061569747924807,36.66668077468872,59.839669418334964,63.20472137451171,40.37980209350586,10.865539445877076,5.519594925642014,3.8994019472599026,7.126557057499886,15.580725439786908,50.70579785346985,61.5421509552002,24.63939161300659,26.611315746307373,46.99447027206421,70.53277500152588,29.198827061653134,11.573896265029907,6.719340516030789,4.725559346675873,9.959940158128738,11.685841867923736,46.5963800239563,68.15638969421386,28.62333934783935,30.187908744812013,47.592669906616216,61.04051246643066,30.633159561157225,10.18009901046753,6.289768466353417,6.151267182826996,5.6161249172687535,11.931345545053484,40.276990032196046,46.970050964355465,18.136548681259153,22.22373342514038,52.198383178710934,63.912101135253906,28.307654476165773,11.268280607461929,8.428516589403152,6.225861397385597,7.887550976276397,13.56439510345459,43.516947669982905,52.75241802215576,23.27431699752808,30.360610427856443,61.89285011291504,63.961283149719236,35.3693811416626,14.250225632190705,8.44809070110321,5.949139204025268,5.724322710037232,15.750343819856642,48.14442403793335,55.01375438690186,23.86393606185913,22.86648363113403,53.672136077880864,56.21763603210449,28.00764526367188,11.05521963238716,7.103190987110139,9.239829156398773,7.134546108245848,15.204362245798109,44.848923149108884,60.69109115600586,20.35223099708557,25.417933616638187,46.102686367034906,62.376434097290044,31.918582878112794,10.463069851994513,8.17284426689148,6.139322896897793,7.175855962038041,12.158477079868316,46.08173579216003,50.72998603820801,16.681913251876832,24.201654682159422,51.16545181274414,64.15572917938233,27.371726770401,12.818995156288148,7.695324521064758,7.241460644006729,6.0899992817640305,13.480854861736296,48.47051443636417,59.10830981254577,18.769987578392026,21.70003801345825,40.931040678024296,61.212596282958984,24.570997245311737,11.069278640747068,7.255231003761291,7.646045563220977,4.8797754120826715,14.413926131129264,46.141263484954834,36.781125164031984,25.44269931793213,22.30794752120972,40.99647914886475,74.01360290527343,33.33430047988892,10.626235370635987,9.556214371025563,5.506482295989991,6.639877433180809,20.949579782485962,51.14811880111694,66.08808219909669,22.448450393676758,32.10535270690918,50.14562545776367,61.92463836669922,25.853858623504642,11.963623853921892,10.549415373802187,7.047135635018348,8.188383301496504,18.419772310256956,40.96420688629151,65.23816656112672,27.9727174949646,27.13707878112793,49.217895622253415,63.489310379028325,41.793855676651006,12.04548135280609,5.7407541549205785,5.440519065856934,6.688434169292449,13.156854243278506,41.415840263366704,48.68008445739746,22.582559795379638,29.616632022857665,46.969648361206055,56.54478748321534,25.543449172973634,12.143480434417723
79,53.356640625,20.544411849975585,20.632055854797365,53.08646774291992,135.38990783691406,97.7176284790039,122.09219360351562,172.07613677978514,182.03030700683593,132.77704162597655,139.65462188720704,58.17506866455078,43.48405014038086,27.363910074234006,25.911591258049008,53.05724563598633,94.64108947753907,106.5119680786133,113.69617767333985,111.63363647460935,98.12808670043947,111.02859924316405,132.21887695312498,102.65109130859375,48.47364959716797,36.23743572235107,26.756335582733158,59.01356857299804,115.26664962768555,135.8646041870117,135.24014587402345,139.44922439575197,123.80500320434571,124.68774673461913,167.09831466674805,103.62376403808594,50.25554874420166,33.17056498765945,25.60506636619568,61.30248096466064,111.79078186035159,109.01486862182617,119.59710128784181,131.8011122131348,125.33945083618164,138.6049446105957,147.11423477172852,113.09183921813965,43.44935556411743,34.22415007412434,37.66230070114136,59.966025085449225,100.89745265960694,121.38221893310546,123.65312927246096,136.23104736328125,130.08046173095704,132.15806488037111,174.67746856689456,105.17883552551271,59.107288780212414,35.800337371826174,39.70897190093994,62.38919281005859,109.82290908813476,112.92334350585938,129.66580291748048,149.63811981201172,138.4057553100586,141.61058609008788,163.10667541503904,107.95192672729493,57.31919839680195,26.981467294692994,24.403442021608353,67.17848274230957,128.5216712188721,120.63770767211915,113.85770416259766,135.94956832885742,127.62391998291017,120.8756443786621,140.2239960479736,116.99589096069337,63.56374900817872,34.50101816177368,37.85611716270447,51.11971195220947,94.83717285156251,126.41632881164551,117.29089248657226,127.64738037109376,123.50570037841797,126.07592407226564,164.67465118408205,115.06129318237303,46.87433128356933,34.44591779828072,26.794325733184813,57.29534233093261,97.9326889038086,103.37025619506835,115.51727996826173,128.33336639404297,121.44178466796875,125.95081817626951,137.3467041015625,101.30752365112305,51.93507244110107,32.455320520401,40.88434318542481,50.58241474151611,110.58345458984374,116.033896484375,122.29338775634764,148.0470869445801,131.25047798156737,135.3117218017578,165.9603350830078,120.93930656433106,48.76519935607911,43.99998106956482,32.06035610198975,62.53931457519532,103.6186459350586,119.56366134643557,123.1752575683594,136.94382995605469,129.11984283447265,141.16551269531251,166.05916961669922,116.34975296020507,37.96305006027222,42.781096205711364,32.098914070129396,62.84774547576903,102.93059524536133,107.20439788818359,124.85532135009764,128.6172882080078,110.64132308959961,125.070673828125,154.039231262207,95.59490043640137,49.783825416564945,26.697323378324505,20.355860430002213,51.661776660680765,88.84966888427735,101.50221454620362,104.8420864868164,121.14648895263672,129.78213119506836,144.21641830444335,161.85387969970702,89.70617050170897,49.73066860198974,32.75090101718903,27.280903227329254,58.799293460845945,95.88031005859375,107.14614791870117,111.46164505004882,117.19043983459474,110.2886114501953,115.57994934082032,132.2397479248047,103.83082656860351,52.96352033615112,31.728739857673645,29.066753783226016,45.60108179092408,90.60330123901367,99.99597358703613,114.91176712036133,128.68365783691405,127.5871969604492,131.0423156738281,146.68935424804687,122.0581346130371,58.58905583381653,31.50368222236633,30.136388090252876,54.25644905090333,118.58497566223146,127.53016693115235,132.66620880126953,133.4110073852539,140.48897705078124,127.25953186035156,146.52971649169922,90.99953048706055,58.70019201278687,29.538304018974305,33.185330684185026,73.35411170959472,115.02815536499024,122.51094360351563,123.13724365234376,142.93075271606446,124.7388150024414,133.05566680908206,153.20340713500974,98.40465621948242,39.901734094619755,25.495916090011598,24.67677771568298,41.1233560180664,94.91144927978516,109.3702081298828,120.13180648803711,139.06275238037105,140.92529922485352,142.69650024414062,154.656103515625,103.81187049865723
80,111.0457649230957,39.07497272491455,23.790994071960448,16.871927642822264,84.56611480712891,271.70888061523436,266.099609375,277.9021881103516,406.6375244140625,433.0417907714844,260.4434394836426,140.88803100585938,78.24715354919434,41.33025688171387,22.422901879549023,15.194943011999133,67.41602661132814,244.4066940307617,286.29873870849605,262.59693481445316,312.9665582275391,339.12561706542965,235.37785095214844,135.75263526916504,107.11269149780273,45.66549188613891,22.66371857881546,18.601522769927975,58.018057632446286,271.70374511718745,305.3619409179688,301.3833129882813,353.6070468139648,341.90323425292974,234.93825195312496,153.65032241821288,108.39909416198729,53.73891454696654,20.497133486270904,20.034344758987427,83.39911808013915,278.355251045227,307.2489779663086,261.23775970458985,363.1036334228516,331.11236328124994,245.54920623779293,171.92125259399415,79.52394622802734,37.97546669960022,19.34444917678833,22.179584317207336,74.886319770813,263.0938809204102,295.6244216918945,281.2662313842774,321.80196929931645,358.07035369873046,305.4340399169922,142.16467834472655,87.42333435058593,41.22346717834473,14.747279863357544,17.33319712638855,78.88040494918823,266.98212860107424,303.5649340820313,290.14158935546874,351.5273046875001,359.1773876953125,300.4335729980468,144.51050582885742,88.51069660186768,44.606107063293464,20.774358081817628,20.461106643676757,98.79710945129395,290.9487677001953,325.01185119628906,277.1896551513672,337.5912194824219,348.7767303466797,201.2202346801758,143.0477900695801,114.85874588012693,44.97495599746704,20.95855715751648,15.35097535133362,53.65761791229247,246.69844223022466,286.18037384033204,254.99048095703125,332.70173217773436,339.68979583740236,275.6922059631347,167.53823562622068,97.93879669189454,43.14551383972168,18.531365337371824,14.38259200870991,52.89486309051514,205.45777084350584,260.7746499633789,250.20400695800782,305.28397247314456,352.3151818847656,247.38592346191408,133.5749168395996,93.56156570434571,47.342298431396486,20.742356774806975,26.293671064376827,79.72409473419188,278.64744262695314,264.0593011474609,266.0145281982422,360.426245727539,348.71547363281246,273.5811236572266,179.62755035400392,96.09691146850585,53.63657625198364,20.685466343164443,16.80083545267582,82.51899143218995,233.37850372314452,294.25802154541014,252.09080169677736,324.18201843261716,311.33448791503906,240.19637268066404,133.34129150390623,71.69628761291503,32.4133732175827,13.486947689056397,13.080463572740555,53.65008993148804,231.8926434326172,274.5409600830078,247.58333984375,270.19853912353517,291.42212646484376,255.37742919921874,133.10747802734377,95.34438278198243,41.55565074920654,15.744420108795165,12.090681822299958,71.81878969192505,206.03322143554686,222.28356586456297,213.79069412231448,288.4421633911133,290.5961614990234,221.90780761718747,123.65559600830076,84.03872589111327,42.71078258514404,17.22003762245178,16.982154967486856,61.95104267120361,253.97023071289058,246.21033447265626,223.46184631347654,290.08931732177734,340.18332946777343,223.66994079589844,151.13279571533204,98.35211624145508,55.384113454818724,21.06489581108093,18.48945122241974,71.8491646194458,212.14132564544678,254.87127624511717,223.45052734375,292.90762878417974,347.3523336791992,232.45891967773437,143.97944320678712,90.74826606750489,48.82883255004883,18.743485600948333,21.008037515878677,67.13732942581177,253.53321228027343,281.66038604736326,253.74464111328126,355.95482360839844,337.5554534912109,251.04368804931642,148.766455078125,103.57998107910157,49.97529750823975,21.090509543418882,19.74014106035232,69.68145229339599,267.0115667724609,330.4507147216797,299.3024932861328,354.1963006591797,343.5529138183594,261.5425054931641,160.80855453491213,90.4773767089844,40.887383193969725,16.18872201919556,14.588795335292815,58.00660537719726,199.9241156768799,243.97046707153322,260.58735778808597,309.28372650146486,338.5407928466797,233.93478576660155,144.7891720581055
81,7.4511724472045895,4.405360269546509,1.6559357047080994,3.765404295921326,56.009524536132815,184.93132781982422,247.7241973876953,269.7540679931641,390.2218505859375,251.14390563964844,68.9114875793457,18.31234188079834,7.569974246025086,3.654293664693833,2.8557323861122135,4.692111208438874,37.82794418334961,145.06732238769533,218.50306396484376,262.19609008789064,320.2060864257813,237.10496215820314,80.5862629699707,24.80959283828735,9.75775981426239,4.426644107103348,2.5277294182777403,5.823375174999237,39.92579352378845,159.7128761291504,208.44562347412108,257.27829833984373,336.3313287353516,249.16308258056637,78.17309677124022,26.160834121704102,8.690035066604615,5.063310737609863,2.9585753202438356,7.427904262542723,53.4200638961792,156.22367813110355,235.12851379394533,263.6755999755859,337.6990557861328,238.44798889160157,85.54922332763672,27.912992477416992,8.160602927207947,3.505250616073608,2.5476276898384094,6.893226721286775,46.60820693969727,160.12112030029297,231.86152160644534,261.9740887451172,329.05654479980467,250.13251342773438,107.96393638610839,26.49683986663818,7.386643867492677,3.001644403934479,2.34936261177063,5.497837796211242,51.08246265411377,166.02887481689453,252.6165582275391,278.41599548339843,362.93985534667974,258.0081427001953,95.88550109863282,25.836836071014403,11.152749738693236,4.971659162044526,2.1357839894294743,6.3720242261886595,57.93595999717712,160.05893264770506,235.41684600830075,255.67337707519533,321.402317199707,253.1541619873047,69.89812240600585,23.388559608459474,15.270484666824341,3.709612045288086,3.592299227714539,5.204024295806885,41.80092811584473,154.71566955566408,209.1187445068359,251.6381753540039,369.7499554443359,246.35751861572265,100.52077140808106,26.963663692474363,6.62332200050354,3.4733571434020996,2.087219913005829,4.341791620254517,35.905883598327634,124.26607345581053,211.15976623535158,254.5192517089844,354.89446411132815,279.54018920898443,88.18857116699218,20.77368106842041,8.367957177162172,4.064641947746277,3.4939071393012995,8.25723625421524,54.18645404815673,180.7584799194336,217.3573455810547,261.00108428955076,352.75512939453125,249.210651550293,92.73418060302734,29.399585456848143,8.60981378078461,5.821505994796754,4.202197189331055,6.998083417415619,53.17111727237701,149.06051757812503,218.69711212158205,249.3601104736328,335.02304931640623,237.68469451904298,90.19298873901366,23.585607604980467,7.446144980192185,5.529025104045867,3.087320773601532,5.102661414146423,37.176066131591796,150.97082069396976,197.89658996582028,240.82085418701172,290.5014489746094,230.19092346191405,90.31505554199218,23.269527359008787,13.269164657592773,3.551680617332458,2.325258505344391,3.9530955576896667,43.1196813583374,133.30913154602052,186.42560226440432,230.39700256347655,308.26768371582034,233.4226086425781,82.36159698486327,18.38920991897583,11.595629029273987,4.643138048648834,3.3344132256507875,6.391237413883209,41.75961051940918,133.45000999450684,183.1655485534668,220.51878234863278,301.2290087890625,265.8333792114257,82.05667968750001,22.649811897277832,10.293251519203185,4.8387895154953,2.745798487663269,6.9474097967147825,44.67228032112122,136.86136100769042,204.58999572753908,244.02146514892578,318.25938385009766,249.3738656616211,88.64105072021485,27.860948638916017,8.551535787582399,6.12004168510437,2.485333650112152,5.088111658096314,48.764751806259156,156.99074218749996,204.83463226318358,233.80938110351562,368.9526031494141,255.52439208984373,87.72928405761718,22.889447555541995,13.204516854286194,5.953264032602311,3.578204483985901,7.767640357017517,49.41363693237305,157.260295715332,225.61125366210936,249.60550872802733,346.7332940673828,245.81684997558597,94.04256134033203,23.440770797729492,10.08326024532318,5.785762748718262,3.1274017906188964,4.949480814933777,41.85885349273681,129.34361282348632,205.79428466796875,271.51092346191405,326.92563293457033,235.75123229980468,79.9534236907959,22.12893356323242
82,162.45590057373047,133.45042419433594,129.83519439697267,168.0256546020508,220.06787719726563,234.33169860839843,208.35901489257813,154.23391418457032,180.87331848144532,198.36649475097656,209.81768188476562,145.69410705566406,168.4146823120117,182.92559234619142,176.6545379638672,209.00648590087889,202.1794323730469,169.3531140136719,143.8336053466797,121.58920013427732,131.73128448486327,181.81275451660153,190.3193493652344,165.63828247070313,170.27259033203126,193.65156005859376,175.7564663696289,217.29589782714842,217.25162780761715,181.8834616088867,157.93104370117186,146.5488684082031,168.3439779663086,188.15200836181643,188.31959777832031,167.36713439941408,174.2355374145508,193.81851181030274,168.6262463378906,215.76230590820313,220.06209350585937,178.45859924316406,159.03627685546877,144.94299438476565,155.5981721496582,184.63622680664062,178.54963775634766,185.62828735351565,150.01413269042968,187.80068969726562,191.22289611816407,214.7273571777344,238.70154968261718,202.69805603027342,169.60750549316404,152.25443695068358,161.65412322998046,185.3997375488281,191.20578674316408,170.9541146850586,165.45708343505856,183.52066467285152,179.72010177612304,206.86838439941403,227.63956604003906,183.2155551147461,153.99642333984374,149.04360412597654,169.09306396484376,199.43769439697266,186.1154150390625,174.06987396240237,179.95183074951174,185.4683319091797,164.65393249511717,202.98417053222656,221.52059082031252,178.68526458740234,145.1544448852539,146.88296218872068,148.85272705078123,169.51031768798828,166.50104248046873,171.5875454711914,169.96124893188477,189.22536743164062,191.3002264404297,202.66360595703125,228.46725830078125,181.06357299804688,147.27145507812503,148.80976348876953,155.36443939208985,175.99483947753907,183.11421569824216,179.3055517578125,161.67844528198242,206.00946411132813,177.12039642333986,203.9098748779297,221.57037414550783,190.35767608642578,154.42157608032227,146.31437286376953,158.66646026611326,189.54201446533202,185.56057434082032,167.7669827270508,170.77826568603513,179.00832427978514,198.61603240966798,219.16854034423827,229.3258013916016,192.95045166015626,173.4864910888672,154.23074188232422,148.9657713317871,184.7774673461914,202.78732543945313,176.31297302246094,160.90306381225588,180.3917642211914,177.168388671875,204.67042114257814,214.44760253906253,191.95435516357423,152.6546893310547,153.45058792114258,165.0358410644531,178.88030059814454,182.49060455322265,178.77456085205077,156.76071578979492,191.8689709472656,194.519755859375,208.8677191162109,206.17772949218752,182.17418212890624,160.97002471923827,139.92865066528321,140.5218132019043,179.6514743041992,189.2261114501953,172.435888671875,169.18252075195315,193.95668060302737,169.97894165039065,210.7488333129883,220.30980529785157,196.06805603027342,165.55535888671875,132.91921646118166,165.45030975341797,184.37760498046873,197.07856872558594,171.98397430419922,164.5488323974609,171.6735943603516,177.9988150024414,204.45223846435547,223.55703552246092,173.29049560546875,142.11505294799807,125.5417269897461,140.94029953002928,168.25530822753905,179.1384115600586,175.68172943115235,168.43877990722658,168.6393896484375,174.29446197509765,194.00291473388674,210.6280195617676,169.83427581787112,162.01811859130856,145.86617126464844,164.31243026733398,191.63222473144532,171.03395660400392,180.93280487060548,166.84495025634766,166.90288330078127,187.42325317382813,211.66450134277346,230.07427612304687,206.83896392822265,175.1605126953125,152.0412274169922,167.54097839355467,175.46414276123045,202.62183288574218,173.5878109741211,173.9396650695801,168.1855548095703,186.15069549560548,220.92204559326169,236.21391357421876,193.5897839355469,156.523193359375,153.69860427856446,151.37094909667968,173.77585876464843,187.37008544921875,170.46205291748046,162.25605712890624,185.5843005371094,180.48730163574217,183.55718536376952,210.02837188720704,187.96464569091796,162.52633499145506,147.26071411132813,167.6701789855957,184.29321044921875,181.99751037597656,154.02282928466798
83,10.213677239418029,15.938751411437988,29.748799991607665,37.45784320831299,23.49786319732666,20.043986797332764,28.187554168701173,14.487371253967286,7.4210492134094235,1.7923945873975753,-0.10347452312707901,0.5601442024111748,2.4793074592947955,10.358078150749206,22.470987415313722,32.95627555847168,24.773387012481688,24.717063655853273,25.467094898223877,13.831838951110843,3.284969820380211,0.2967980384081602,-0.13249206185340878,0.24039456814527513,2.769345520734787,9.811936182528735,18.73739638328552,33.959615564346315,23.50757332801819,17.47417676925659,19.528329133987427,11.06846836566925,3.7311067901551724,0.7855122275650501,-0.06019133925437925,0.22767060257494448,3.9612964171171186,11.347574973106385,22.147049679756165,34.24577764511109,23.64438497543335,21.044173545837403,24.744587216377262,11.877849793434143,3.7510078525543213,0.4816004844754935,-0.14821477562189098,0.38631407275795937,5.497286184579134,13.55940212249756,25.457808589935304,37.75011234283447,23.640380573272704,16.783331680297852,14.228887572288514,6.345230973362923,2.9445773946121334,0.4083637658506632,0.007511946707963971,0.2247456143051386,3.6163700744509697,11.145534379482267,23.212387580871585,39.836468601226805,26.895251221656803,21.31032666683197,21.462106494903566,10.385163986682892,4.700615742206574,0.34178978472948074,-0.13818034224212167,0.4027317151427269,3.408359130918979,9.492903318405151,26.630259447097774,38.1194233417511,22.48310552597046,17.437000665664673,18.293155632019044,10.002658739089965,2.828925914168358,0.23683397412300108,-0.06290096640586851,0.17832674667239187,3.114214059710503,11.796196198463441,28.983225135803224,36.419119911193846,21.06391228675842,16.57513889312744,18.587114329040052,8.892796805500984,3.1074478097260005,0.13534605935215951,-0.06716047331690785,0.4439128865301609,4.359758548736572,9.109104828834534,24.98978209972382,36.416152057647714,26.223047227859496,20.86147985458374,19.945016126632687,10.441269330978393,4.050621783882379,0.9134602829813957,-0.09309648230671883,0.4282149404287338,3.402324950695038,9.4301737844944,24.7279393196106,37.69381401300431,28.392812395095824,21.22337339401245,18.602851390838627,10.036737370491029,2.247887273877859,0.10333413034677504,-0.1761899511516094,0.1280267655849457,3.063783183097839,10.521623778343201,23.885792140960696,35.6822239112854,23.636334509849547,19.377803268432615,21.85371759414673,10.586749181747438,2.8375375562906267,0.6595697413384913,-0.15370947942137714,0.16688905298709872,4.028689002692699,12.117263587936758,27.384505922198297,39.447735084295275,20.28973569393158,15.490828857421874,18.0496533203125,7.5899200347065925,2.612245876789093,0.12682089634239674,-0.12137626647949218,0.2265072891861201,4.454752904176712,12.640423586368561,24.885665245056153,42.38941505432129,20.411895618438724,18.81274957537651,19.60112588644028,11.322758860588074,3.608749899864197,0.34524291127920154,-0.13857608333230015,0.28660335078835486,4.081645780205727,10.930121704339982,24.140396404266355,40.77233032226563,25.98970954895019,21.193999347686766,22.35172443509102,10.172440297603606,2.5919656413793564,0.3402594791352749,-0.18105185389518735,0.6665622833371161,4.447327327132225,15.6952502822876,27.64145891189575,41.84519290924072,28.411005840301517,22.07321403503418,22.054305953979494,13.470359296798705,3.9154349377751343,0.3289532545208931,-0.1646712304651737,0.38589400485157965,3.6708123862743376,12.485651597976684,25.6427654337883,45.95120317459107,26.87040561676025,20.007245464324953,19.021749259978534,9.14828339934349,3.8694234335422513,0.5867873179912568,-0.1454652327299118,0.4011012632772327,3.785301814079285,11.771635303497316,26.12978081703186,42.17764036178589,28.077628383636476,19.9031293296814,19.070078496932986,10.778577709197998,3.925635460652411,0.17218540370464325,-0.2061459285020828,0.384087697416544,3.077874204814434,9.731390218734742,24.799864726066588,51.76438598632812,29.785612668991092,19.910372686386108,20.150704116821288,10.899212417602538,3.132882041931152,0.5355299098789692,-0.10112783059477806,0.5111388355493546
84,839.2445190429687,830.9123046875,791.0076538085938,465.0517852783203,248.99239196777344,295.09510040283203,119.56363296508789,51.996145248413086,112.32405071258545,296.30094757080076,460.13597412109374,660.3913696289062,925.0746533203124,924.023634033203,742.8641760253906,449.7207110595703,236.55311042785644,159.72817384719846,110.1161376953125,73.38789836883545,169.43580078125004,337.6268698120117,440.8843255615234,663.7715502929689,1047.8901721191405,960.1092871093749,796.9014099121093,505.21435180664065,304.37822704315187,256.403983001709,169.32156639099122,79.29167785644532,172.97726089477538,314.52961212158203,483.5777047729492,770.9004913330078,942.0497729492188,858.5907092285155,823.9822509765625,452.20175903320313,351.4703614807128,216.31019638061525,95.93217653274536,50.10811210632325,109.05556415557862,280.04252197265623,458.3495043945312,748.1271569824219,931.3745349121094,821.848253173828,707.2349304199219,349.15744934082034,253.97017913818362,192.4819564819336,133.44988936424255,100.61602893829345,140.5728095626831,308.53931655883787,462.27383666992193,763.2332556152344,970.330009765625,1102.8989453125,768.6603704833984,397.0678350830078,225.66086044311524,229.36920822143557,106.01939176559449,62.83541023254395,130.31671478271483,231.95891754150392,418.4622100830078,798.8458300781251,1004.9815136718751,1076.963076171875,720.2656549072266,394.03197387695315,306.4998776245117,213.21360966682437,115.80388027191161,65.58051016807556,126.11678482055666,347.4172656250001,514.1037072753905,743.6816625976562,882.3280688476564,847.5064599609375,648.355087890625,355.3495001220703,265.0210000610352,172.83373016357422,79.07741695404053,57.11013105392457,134.26742038726806,301.3850131225586,476.25494873046875,655.1798803710938,928.8334228515625,963.2715039062501,890.6298168945314,470.68782775878907,254.23587692260745,222.27283237457272,98.01953662872316,65.63885295867921,150.53680038452148,289.2720137786865,417.011767578125,726.5123059082032,916.1313134765626,972.8878857421874,854.055869140625,428.6357957458496,323.1855419921875,186.8783334159851,118.81938367843627,61.05135932922364,104.14668794631957,238.9406328201294,430.4560238647461,727.5109619140626,933.8250439453125,1006.0021313476561,795.1538519287109,444.9957977294922,277.25257492065424,227.91729362487794,105.5345118713379,61.69047779083252,125.33277519226075,300.7776244354248,455.2378247070313,784.9275646972657,1051.8336206054687,932.8707568359375,768.4369274902343,537.4526123046875,350.84622737884524,261.028410949707,150.108425655365,62.7056742477417,140.34230751037597,335.71394226074216,537.3885638427735,867.9372534179687,892.0982641601562,994.4750390625001,799.0112243652345,428.847387084961,281.52141456604005,168.612751083374,145.7169226837158,54.73212251663208,122.08886665344237,344.7722599792481,526.5561029052735,840.5956176757812,978.0551562500001,972.4411669921876,887.978123779297,467.8988372802734,393.8619866943359,242.82296173095702,152.1153933095932,74.78597307205202,121.70380508422849,268.4821078586578,496.96927124023443,737.5837548828125,989.7513024902343,911.3103979492187,872.62623046875,492.801439819336,408.8548913574219,223.7019041442871,127.67383947372437,72.76136428833009,125.73496280670165,277.6141055297852,474.2340545654297,771.7388012695312,935.5863049316406,897.4889916992186,708.471107788086,439.11161376953123,267.9292669677734,250.76600982666014,144.58547002792358,58.93897289276123,171.4896928405762,285.4265737724304,477.6564550781251,791.8286022949218,1045.4559240722656,1011.8610693359375,763.3443005371095,464.9906799316406,290.15405517578125,206.25727722167966,167.5367795562744,73.55823127746581,154.06890281677246,276.84084747314455,464.1416918945312,865.6305908203125,1039.7633251953125,1087.8461230468752,883.9059399414061,561.6169903564454,272.33036682128903,169.89402515411376,123.41775291442873,60.31780326843261,138.17212413787843,302.0304066467285,443.3115185546875,712.7319482421875
85,20.904304122924806,19.92427921295166,20.09439125061035,5.571525764465332,2.1343645334243773,1.029308843612671,0.5974231123924255,0.3486173927783966,0.32784160375595095,0.3142584234476089,0.9174355864524841,11.336992359161375,22.63921485900879,24.144193000793457,15.0256111907959,5.6211385345458975,1.950640697479248,0.9888214617967606,0.5746981871128082,0.4052682018280029,0.26736616849899286,0.5128404748439789,1.483184585571289,9.05289711713791,21.79590995788574,27.961439094543454,16.01398831367493,5.9007705259323115,2.0847748827934263,1.0347131729125978,0.5671883177757263,0.3732868921756744,0.2742823642492294,0.458138153553009,0.9756657481193542,6.160542378425599,21.42883723258972,25.29055553436279,17.75021730422974,6.900737442970277,2.410040045976639,1.1585638117790222,0.635810163617134,0.3750590568780899,0.26758848845958705,0.29785626471042626,1.0329142409563066,5.617496876716613,17.352436447143553,21.091398277282714,13.22042495727539,5.286612758636474,1.9657634258270265,1.0509097969532015,0.6450058829784393,0.4214046287536621,0.3617748832702637,0.4688968312740326,1.2848654210567474,5.488062005043029,22.35745819091797,25.672051515579227,15.927598934173583,5.606994619369507,2.0488996160030366,1.0407738494873047,0.6263824266195297,0.3990506368875503,0.38000274896621705,0.6677842408418655,0.8592799919843672,6.010909497737885,16.65001886367798,19.523998947143554,15.401763162612914,5.755840196609498,1.9864892315864562,1.0329261827468872,0.6053646096587182,0.41423129707574846,0.3614335736632347,0.318863091468811,0.71250916659832,4.544114909172058,16.983428535461428,21.458444061279298,16.148468742370603,6.9501100301742555,2.398223117589951,1.142069878578186,0.636029081940651,0.3818839451670647,0.36921952962875365,0.6426169681549071,1.2460366427898408,5.190434132814407,17.97250650405884,19.779929008483883,13.373837957382202,5.205083322525025,1.957082552909851,1.0303862273693085,0.6005191451311112,0.40190097153186793,0.3136981409788131,0.4262159246206284,1.2576998978853227,4.349737753868103,19.574054498672485,24.097174301147458,19.022340097427367,6.870836338996886,2.2748166918754573,1.1048369419574737,0.628428607583046,0.3788364639878273,0.3974398329854011,0.5012231928110122,1.1965125507116319,6.154101777076721,22.05441387176514,25.113060722351076,18.338537559509277,6.28227087020874,2.151417551040649,1.090505439043045,0.6388413387537003,0.39378686189651485,0.28657442063093186,0.29620287775993354,1.1390909361839294,5.602365317344665,16.497666778564454,20.390821380615233,12.942837638854979,4.758690156936646,1.7620475506782534,0.9536410987377166,0.6664215445518493,0.4594990134239197,0.4242745032906532,0.6688310807943344,1.150499826669693,4.744629836082458,19.748208885192874,23.523580169677736,15.037429847717286,5.495588474273681,2.1440035676956173,1.1198301982879637,0.6825356864929201,0.4646800225973129,0.4705027455091476,0.48878966212272645,0.8502093362808228,5.553269500732421,23.043595638275146,21.635426864624023,14.482815666198729,5.00816086769104,1.9389092397689822,1.0097865414619445,0.6279691034555436,0.4266805043816567,0.38901146382093427,0.4872625067830086,0.9899440845847132,5.16945902466774,21.19940375328064,23.42502695083618,21.503474464416506,6.433569889068603,2.249366500377655,1.19155313372612,0.6640443575382233,0.4358406287431717,0.3189648669958115,0.40509947270154945,0.9508126199245452,5.665163588523865,18.238517370223995,18.847768115997315,16.461573362350464,5.823296022415161,1.9981801319122314,1.1031364154815673,0.6334030956029892,0.45194372475147243,0.5063768255710602,0.5987147688865662,1.1461342573165894,4.56744544506073,18.7894455909729,21.339262657165527,14.240006399154662,6.044083557128905,2.089197993278504,1.0967299145460128,0.6811748534440994,0.46726282835006716,0.4268561285734177,0.5763749366998673,1.3154267179965973,4.660080511569977,17.502611751556397,21.759990196228028,16.72631613731384,6.629111361503601,2.2699883842468265,1.1947395026683807,0.717606458067894,0.489158826470375,0.4261874705553055,0.5693891870975494,1.1522660064697265,6.900213541984558
86,24.19038200378418,10.730539536476137,23.475187683105467,69.18657608032227,150.74226989746094,88.21242446899414,88.83037948608398,126.04828033447265,141.99078369140625,151.248193359375,176.75359191894532,56.051885986328124,19.57199630737305,18.761246836185457,28.39528835296631,75.67550369262696,129.04155685424803,109.12636123657225,85.19472908020018,81.64674568176268,92.000458984375,132.18123321533204,142.25840667724611,84.1704872894287,24.619947614669798,22.86432617664337,25.35599411010742,79.93233306884765,159.1790492248535,135.08688079833982,94.57531143188476,102.63965927124022,122.19811920166016,152.98890075683593,180.48172027587893,83.00231601715089,25.949063757061957,19.981928632259372,30.607649250030523,79.38491683959961,148.0877810668945,108.44727951049803,90.05214401245118,104.91616729736327,128.0328984069824,165.07882904052732,159.80790161132813,80.5971287727356,19.633867807388306,18.29090586185455,40.100607979297635,87.06222274780274,127.03008392333984,116.65082153320311,97.61942169189453,101.94244735717773,116.87847213745117,163.10894714355467,198.40587738037112,88.79165977478027,30.83792342185974,25.606613804697993,50.76658241271973,89.16038398742674,152.52495178222657,129.3181153869629,99.59362548828125,117.19443153381349,133.70632934570312,159.68701416015625,179.32032318115233,80.4072607421875,29.035662772655492,16.788960086107256,29.270952620506286,91.92667510986328,160.70803756713866,125.8243978881836,88.48123779296876,101.0051119995117,112.65096710205077,137.51246902465823,139.48600494384766,82.2940505218506,28.623575387001033,22.014749121665954,42.67475620269775,73.84143630981445,126.96090698242188,122.79159454345704,84.98145935058594,94.22871200561524,122.4257917022705,148.45879516601562,172.79050506591798,80.7489591217041,21.137411642074586,20.945342551469803,31.378245786428455,84.29214523315429,135.05519577026368,100.8701693725586,77.6289126586914,88.85666213989258,113.9073764038086,147.80446563720702,152.02451293945313,82.43697212219237,24.07591848373413,21.178993594646453,41.30439940452575,74.96119422912598,148.50112060546874,131.75478073120118,98.90732879638672,119.09460876464843,129.76258407592775,158.94690017700196,195.67373626708985,102.26445175170898,23.83930636405945,30.53897248506546,36.44952938079834,81.36306259155273,141.8351092529297,127.38915328979492,100.51844741821289,112.16465881347658,129.21357284545897,154.24222167968747,172.75028625488284,83.89622596740722,18.59951113700867,27.139354346990586,35.66483422756195,85.90641830444335,136.67350387573242,111.53799713134768,87.75948013305664,95.49347381591797,102.45916076660156,146.51354293823243,151.31132339477537,71.21969352722166,23.507865552902224,15.106622460484505,23.393342125415803,78.31274963378907,123.78181884765627,100.377212600708,73.71537597656251,89.59555625915529,119.39938461303711,166.88474243164063,167.17664825439454,72.7058568572998,29.103717613220216,20.125066623687744,33.347924365997315,86.89343338012695,138.85142959594728,113.28854125976564,82.74125991821288,81.47560340881348,108.55731498718262,139.44480224609373,154.11315704345702,76.28791702270509,25.30169630050659,20.477648590207103,29.293218510746954,65.58335109710693,121.79291496276855,115.86735443115235,95.49503120422364,103.01634948730468,125.10699768066407,154.51217346191407,158.03071838378906,86.06524459838867,31.89976089000702,18.0680738222599,30.95497729539871,78.42821105957032,136.50326736450194,132.40424377441406,100.93340454101562,93.78624877929687,132.0242182922363,155.0356311035156,152.42581634521486,67.88952087402345,26.588529319763182,17.719813898801803,36.551188883781435,97.3275437927246,140.23137756347654,125.50888488769533,96.82234443664552,98.45104721069336,116.16215454101564,153.87034591674802,164.69058349609378,73.55281921386718,23.97535894870758,17.208718637824056,26.885566024780267,65.57084701538085,134.68181869506833,113.6274983215332,87.83057220458984,105.30608474731443,126.33496276855467,151.6006414794922,151.91471923828124,76.4848809814453
87,9.86627185344696,12.106598663330079,19.352081775665283,9.776790642738343,-2.9912418544292447,-3.4908960103988647,-3.8114222049713136,-3.114063549041748,-2.12179257273674,2.5837119936943056,5.328530561923981,16.34745702147484,19.37666353225708,19.43644559800625,14.205519030094147,6.79597910284996,-1.010169794410467,-2.8451253789663316,-2.6186825740337367,-2.281918009519577,-2.2638434982299804,0.6576186171174049,6.994227845668793,15.141612000465392,14.028891749382021,15.613912878036501,13.733686485290528,6.028172355294228,0.25224939052015544,-2.5083241179585456,-2.552075333595276,-2.4309864032268527,-0.7833690190315247,1.880301071217109,7.342368769049644,13.731095559597014,14.390273401737213,26.602629737854,12.687082047462464,6.643831459283829,-0.8806255400925875,-2.872091701030731,-3.07589104950428,-2.9298919743299487,-2.2280974766612056,-0.31710839122533796,4.591733895875513,12.74362908244133,16.169347972869875,18.600476856231687,11.088944001197813,6.5047667241096505,-0.47029898680746546,-2.1765830475091934,-2.1799985563755033,-1.862789398431778,-1.418086620569229,0.6250636014342309,5.113978235125542,13.660060567855833,16.607729072570798,19.017337427139285,10.403855414390565,6.570452082306145,-0.1271137988567352,-2.0494190581887963,-1.6641558134928343,-1.6945000562071801,-0.44816748321056366,1.2405007892847062,4.035947186630219,11.368316776752472,14.997372980117799,16.877529215812682,15.09003932118416,5.728039437532425,-1.054157841205597,-2.2501000750064852,-2.2477044570446014,-2.1679520070552827,-1.0173023164272308,1.525278316438198,4.048979717493057,10.990345572531224,15.076115050315854,19.660878953933718,14.14072364807129,10.589940324425697,-0.7761144840717316,-2.886661937981844,-3.321510675549507,-2.9868303698301313,-1.999501957297325,1.3616308580338954,7.14310432523489,12.328655910491943,12.722588129043578,17.375916271209714,17.4118825340271,11.995832488536834,0.49472571849823,-3.2118268376588817,-3.467320402860642,-3.534571407735348,-2.3697310772538183,-0.6943589554727078,3.3243797701597217,10.987039798498152,12.418319511413575,20.727783489227296,15.243953294754027,4.277283529043197,0.3891688054800033,-2.570358554124832,-2.262876276522875,-2.188209256529808,-1.588864610940218,0.17528865411877623,3.590366322398185,9.75475917816162,12.813180264234543,20.308450391292574,18.068314867019655,6.125021196603775,-0.39160114750266073,-2.432060028761625,-2.477934142947197,-2.4488093852996826,-1.875371896326542,0.3965146484971046,5.36036461353302,9.248133511543273,20.20091958999634,17.901080284118656,13.453145520091056,6.704847433567048,0.028918570056557614,-2.289240027666092,-2.4482711908221244,-2.6460108506679534,-1.7169438874721528,1.2914752277731893,5.722959291189909,12.070991253852844,15.137007360458375,15.583518848419189,16.630335063934325,7.4480419945716845,-0.8389079201221465,-2.92237663179636,-2.9789469254016874,-2.679063328523189,-1.5556692475080491,0.42502587735652925,6.6019135975837715,9.733820481300352,12.361958446502687,23.174941493272783,17.55062107205391,5.1100393979251395,-1.4597906032204628,-2.1066199591755868,-2.672342965602875,-2.8795249206572775,-1.913090436756611,0.18901211823336783,4.130939121246338,12.459225330352783,14.371731867790222,19.115334367752077,16.99207056999207,4.866383678019046,-0.5108564007282258,-2.6255747081711887,-2.5006395447254177,-2.3714204567670825,-1.4359656643867493,0.8247562855482101,6.958379254043102,12.634811370372773,17.86954751968384,19.24029389858246,18.04540928244591,6.1298707222938535,-2.325721241235733,-3.397437361180782,-3.3981158232688906,-2.99937801765278,-1.8638459610939027,1.152800752222538,9.190223593711853,13.799183564260602,14.18609161376953,16.170544934272765,14.942967262268066,4.9200200921297075,0.20047920644283268,-2.4640822268277405,-2.5416007640957834,-2.5201221920549868,-1.7466998629271984,0.3281429579854011,5.270472861528398,11.994319920539855,12.780618572235108,20.178623285293575,12.986074762344359,8.846442201137544,0.11431053146719923,-2.2623662263154984,-2.3472665429115294,-2.158105089068413,-1.352976296544075,0.4187316998839378,5.263661975860595,11.231775808334351
88,-0.6300758421421051,-0.11144219040870666,0.6429355323314667,1.9984626531600953,16.75531177520752,60.2378490447998,68.36255416870117,69.39220428466797,48.75481414794922,14.743621635437012,1.3754644632339477,-0.7097890138626098,-0.4884589838981629,-0.19180753231048586,0.41812098979949947,2.795819665193558,14.675322422981264,34.353518676757815,49.97019836425781,50.93442001342773,39.38487316131592,14.616884174346922,1.9844804632663724,-0.580112042427063,-0.6626525378227234,0.1995062243938446,1.3912192583084106,6.961746023893356,17.092988939285277,34.347138481140135,60.37131721496583,52.78924659729004,35.8557776260376,11.176082191467284,2.761348247528076,0.2908293688297272,-0.210510731935501,0.36272145152091984,1.1419772100448609,2.5164813947677613,9.512958745956421,28.893139839172363,44.354595260620115,44.50673347473145,32.053222541809085,10.550153055191041,2.2023615527153018,-0.39507210016250605,-0.1835533726215363,0.26904504418373115,0.7060421943664551,5.548095157146454,14.135628938674927,39.463135871887204,54.28603176116943,50.12067672729493,32.06943088531494,12.460999155044556,1.6824841111898423,-0.4811461877822877,-0.8258728086948395,-0.2652697861194611,0.3447737127542496,2.468605456352234,11.62908221244812,32.27056182861328,47.64366416931152,44.26726821899414,32.782546806335446,15.749880943298342,3.693511533141136,-0.13979397058486936,-0.42804413259029384,-0.39217308163642883,1.252118237018585,3.4429835009574887,14.457021470069884,42.24670675277711,62.23193580627442,57.89568939208984,37.02244499206543,14.766236896514892,2.862356553077698,-0.13937667846679683,-0.874773461818695,0.029252985119819684,0.7067044770717621,3.7126628720760344,13.991476585865021,34.001447143554685,51.24570022583008,53.72761589050293,36.023633613586426,12.209693698883054,2.558228999078274,-0.5301722925901413,-0.8274141901731491,-0.18062430560588835,0.874954093694687,2.4795538437366487,10.43558437347412,30.382650651931762,47.56269050598145,49.763695907592776,35.947872085571284,12.09083287715912,2.15493292927742,-0.20755000591278078,-0.7678326535224913,0.11764797568321228,1.2806317126750948,3.283045011758804,11.135709483623506,30.781395759582516,50.2931880569458,54.31055824279785,41.236401824951166,14.825328998565675,3.480653771162033,-0.2560102891921997,-0.3648886865377426,0.08128161609172824,0.4560908615589142,2.25517672419548,12.402421174049376,29.457657222747805,52.46270305633546,51.70291206359864,32.3994762802124,8.81230447769165,1.2789133483171464,-0.599459125995636,-0.43594591498374946,-0.09944336175918578,1.423639830350876,4.770257805585861,13.464734926223755,33.63704862594604,52.70500267028808,56.5380093383789,36.30271053314209,15.095248670578002,2.871092133522034,0.5363748985528947,-0.4764875292778015,0.07172924518585207,0.8578490114212036,2.772686134576798,11.08290608048439,35.232997760772705,44.820373954772954,43.152220001220705,28.624814109802248,11.090915069580078,1.949434230327606,-0.4449578034877777,-0.5915104812383651,0.08562385022640229,1.1938599193096162,4.609917321205139,13.573289928436276,32.03433572769165,56.78628715515138,46.922432327270506,37.57396102905274,14.365529670715333,4.05640440940857,0.19527635276317598,-0.6212560391426086,-0.11448723196983339,1.1003123939037323,3.8106026697158817,13.921421899795533,46.30298217773438,60.855446357727054,51.50659759521485,34.080847549438474,13.501354084014892,2.823178990483284,-0.7775794279575348,-0.6034565579891205,-0.2704957914352417,0.8184105110168456,5.059403919577599,14.250757784843444,31.863688106536863,49.41348308563232,50.83708206176758,33.3202700805664,10.943298549652102,2.251248264908791,0.12659044384956358,-0.6679210615158081,0.12659170627593996,1.0669338357448577,3.958947539329529,11.481528930664062,31.127886085510248,56.45317131042481,49.87112510681152,33.31926483154297,11.062862448692323,2.5838309460878373,0.6470361450314522,-0.5394054937362671,0.022086042165756225,2.0405669569969183,5.137968986034393,15.831476311683653,40.350176296234125,55.58922481536865,53.47321182250977,39.564915084838866,12.49065378189087,2.774464313983917,-0.29664889454841614
89,0.08421873487532133,0.16271493015810845,-0.0128017220180482,-0.0194778457051143,-0.008316713152453279,-0.0024991721380501998,0.0495067227631807,0.20527406875044102,0.01913508381694552,-0.0023844992931117185,0.00630364618846212,0.035330019756474935,0.09382696350803596,0.0804649837419856,0.025955810274463115,0.0025141505588544477,-0.00658925773925145,5.059367511419167e-05,0.13126994156860744,0.1718178218416869,0.13544541887938974,0.031847850845660976,0.022277124439133288,0.1353752917004749,0.0353505204041721,0.06143771539209405,0.025351556303212404,-0.005831481306813652,-0.004580106965149721,0.0077346651616971435,0.055588913653045836,0.14753401738125826,0.05192001502960917,0.008182559756096424,0.003732643741495812,0.015329917087219615,0.03585205689654682,0.045414129393175226,0.01696568489074705,-0.0018474883155431495,-0.002132565981883083,0.00582899118307974,0.09291314816102382,0.27770514560164883,0.0877405048534274,0.02625378696626284,0.009497531064553163,0.02175729639828201,0.06943233362660974,0.060578730145934935,0.010983649715781195,-0.004269527840660868,-0.0035996453888947075,0.0008885063184424915,0.11538531472906469,0.22609557465417307,0.07135936549864708,0.032486878399213284,0.014014737812103672,0.06577078637666998,0.05562831089482641,0.03521831882419061,0.030478466836502745,-0.002041147402487712,-0.0032329913094872277,0.006732497226912505,0.09373288207687436,0.10926551527343686,0.08567160367791074,0.021607815689058014,0.005479580840037668,0.04554390875477106,0.06654232645698355,0.045515786993782927,0.010527425631880756,-0.0036767646178486714,-0.003558855439041494,0.004517531957826548,0.08356552552082572,0.11835350539768112,0.04226323084905741,0.005180394246708585,0.009050749397138107,0.03114849245699585,0.06173244444420558,0.06107730942778287,0.022591705687955238,-0.0027571262943092713,-0.005094484542496484,0.0012439423054456558,0.09324998514726754,0.11988135440275069,0.048003972209990003,0.005204720961119169,0.004248675209237248,0.06823507261782649,0.022857095369836263,0.04236734477803107,0.020899408823461228,-0.005059762271121137,-0.004706165380775904,0.00848635694012043,0.32221841410733754,0.4380871475829918,0.1279590489878319,0.03713667857809919,0.01867041449353561,0.029691157322376927,0.06016934380051677,0.03874001029063944,0.021454974480147916,-0.0015239875402767282,-0.0022271346625347905,0.006055231345817399,0.058115207399241586,0.1286721469601616,0.053129924191161984,0.014757466423325209,0.014115586800617136,0.023091085188789252,0.04843261866655663,0.054025211366824775,0.026290593574522042,-0.0019635792693589033,-0.003733955998322924,0.00342751264572142,0.06892336497083303,0.14288129300111901,0.11457197241252286,0.05263524648253222,0.030965561904013124,0.05980584725271907,0.08379414113122033,0.033253865577280474,0.03389157353958578,0.004622486390289851,-0.004512838605442043,0.0048375747515819485,0.054756789458915545,0.07892209005309266,0.11393448147922751,0.09352323359809814,0.012247816917370044,0.05595929008850361,0.12039379714522509,0.030787464203312954,0.03337986992439251,0.0003132790094241597,-0.005242332600755597,-0.00024158713873479636,0.06876712700352068,0.1825021274370374,0.04630428988952188,0.024353469600964645,0.007649409745354163,0.024050031022634304,0.11282123016891996,0.03597389456816016,0.012905568273272345,-0.004292179160111123,-0.004371465555595919,0.004762942569795972,0.07947587746195492,0.2542140506580472,0.06700739772990343,0.007421998141217016,0.011987740531330917,0.04339212437160311,0.08334028810728336,0.04321534353075546,0.013590106759220339,-0.0022231001034379045,-0.0022963070283003534,0.005296924866270243,0.07831283572595564,0.1938714187219739,0.07607744048349556,0.008112237916793646,0.009194204246159604,0.03258506109676088,0.03844749208539722,0.11909344228042754,0.05506203428842125,-0.008867144806426943,-0.006407386075006764,0.0014805310708470478,0.10873639558907595,0.14032635074108837,0.06745387171860782,0.008371302642626647,0.008109160439344084,0.029267035347875153,0.022638224786496696,0.04205285988282409,0.010536230315919954,0.0029180789878591835,-0.0016336599033093036,0.004217116059735379,0.04750760547583919,0.10432272845879194,0.07563163918443021,0.018678579494589946,0.013044039892265536,0.009703271315083797,0.052565715620294176,0.05524998194770884,0.03463470905087887,-0.007433462950866676,-0.007248499368615697,0.001791597786359456,0.07906635183840986,0.26278941492550073,0.09151340339332817,0.021223563977982834,0.00875850555952634,0.04024217982776458
90,152.41638793945313,194.5496685028076,145.05663146972657,226.46890411376953,144.4842617034912,52.93888130187988,19.27304983139038,1.1345714792609214,0.19701936841011047,1.0977505899965763,5.20540569126606,35.52164125442505,88.06518798828124,208.2929586791992,264.81517761230464,256.05301223754884,148.84756072998044,37.50015459060669,8.385329537391662,1.2871852879598737,-0.0339275650680065,2.020541459619999,3.9049659985303884,23.403458077907565,95.46675045013428,188.72115562438967,251.98401855468745,270.53611267089843,141.42822235107423,41.85050742149353,9.582014335691927,1.6503404471278191,0.09141879722476005,0.9623103445768356,3.659312634766102,26.546572837829594,99.37826526641845,208.79891128540038,239.76265808105467,269.57173248291014,154.94023971557618,45.953793869018554,12.166425461173057,1.92321476072073,-0.1604353129863739,1.1947295047342776,3.896063300818205,26.177531290054322,117.01004844665526,227.55968750000002,241.17081665039058,252.05540634155273,146.0522315979004,31.285516271591188,5.227573586106301,0.6625048568844795,0.18718564897775652,0.8269226145744323,3.739303835630417,22.60938052654266,97.20639514923096,208.5156339645386,226.07142723083498,262.82708038330077,152.76604919433595,39.3860932970047,9.036652234252541,0.4419487997703254,0.19520822033286095,0.34022452175617224,3.3085315909981725,19.6093184375763,94.26655227661132,223.3468490600586,291.7598834228516,261.1769863891601,129.29390747070312,35.41521587848663,8.247203964926303,1.0083843452483414,0.09915238022804258,0.7399850143492221,2.9993817129731184,15.085686230659485,89.08237136840822,190.03739135742188,253.79549621582032,288.3681860351562,142.95455780029297,30.35968416787684,8.218093827962875,0.7844270602986215,-0.09317536547780035,0.46719369471073147,3.264911794811487,21.109652125835417,100.64246500015258,183.59930084228515,251.73111663818355,251.35973602294922,155.3026034545898,49.506437182426446,9.206218959651887,1.5808581066085023,0.08239108927547933,0.7860902902483942,3.3108407095074655,25.445825781822204,105.17001556396482,227.51744232177734,287.212022857666,272.7105255126953,150.57660095214842,40.452850379943854,10.70181962966919,1.235660894587636,-0.1293241363763809,0.4672772306203843,4.231088956147432,21.776415696144106,101.30407398223876,226.45550918579102,290.19944732666016,269.50773498535153,138.96904022216796,40.12527199268341,9.45219947576523,0.7804518932104111,-0.002580443769693341,1.711074212193489,4.768237619549035,21.269997730255128,84.65237243652344,200.84645210266112,270.65310585021973,268.28287200927736,144.1092251586914,35.30417007446289,8.502917158603669,0.35329309456050395,-0.11388056695461271,0.4256491912901401,3.1740500712394715,14.562307491302487,89.92025909423828,185.3197724914551,233.63003959655762,270.65804550170895,149.4426741027832,50.858399696350105,9.345149340629579,0.6021176442503929,0.5017154195532203,1.6512073029577734,3.0462529990077014,22.875509370565414,91.95715396642686,196.73302902221678,286.2135974121094,297.67494873046877,160.97222839355467,41.75396671295166,10.852020246088504,0.6961490294337274,-0.2516247239708901,0.3432641899585724,1.9541589845716953,17.769035742878916,95.8674898147583,156.12870033264159,214.33388000488281,256.8594142913818,160.95364517211914,46.73855558395386,9.581397732496262,1.900761460661888,0.005280165672302234,0.7646784716844559,4.43802108630538,24.311230028867723,85.46544895172119,188.37729888916016,275.74427062988286,310.3361947631835,177.4182995605469,42.557850246429446,11.873040318489075,1.2158302075369283,-0.03710007563233374,0.29517670676112173,2.8920154607295987,25.256082468032837,84.07080528259277,181.76431999206545,276.61529602050786,279.14499816894534,154.3012619781494,37.04046390533448,8.481285597980023,0.8945039393007755,-0.033389442414045345,0.7959000405669212,2.69445660457015,20.006684961318967,78.94509201049803,168.68430526733397,244.9877420806885,277.8509972381592,162.08491058349608,35.97036499023437,9.926908911466597,1.442990806698799,-0.056929739862680476,1.099971624687314,5.320527406036854,25.28416485786438
91,0.2864211767911911,0.4414812657982111,1.5199689388275146,4.943925559520721,63.14842300415039,145.2206916809082,153.88551635742186,121.0696304321289,96.64752807617188,26.46183376312256,5.545794296264648,0.12815757989883422,-0.05276544809341431,0.5687989035993815,0.8671459574997424,8.160565949678421,49.07281050682068,99.67681167602538,102.16593826293946,99.03119216918945,74.38572044372559,26.646546287536626,8.666122339069844,1.20716135263443,0.47679227516055106,1.2489711225032807,3.2060045272111894,14.000122256875036,61.5766892337799,100.15502449035645,124.13706848144531,94.36391311645508,61.532693481445314,23.618816728591916,10.469891992807389,3.3890495947748427,0.2816614586114884,-0.09838312938809395,1.0588694230467082,3.6401164895296096,26.15670039176941,85.88808235168457,103.2722632598877,99.3676971435547,63.73848899841308,23.356541805267334,9.371706726253032,1.8584533277153965,1.7255774146318437,0.21413354212418195,1.565729209780693,10.793952859044074,46.145265092849726,100.26731506347656,110.19235671997072,90.49821342468262,60.123213996887216,24.308094158172604,7.374247249960898,2.236672211587429,0.4893032105267047,0.4359370622038842,1.3703742533922196,6.651044644266366,41.590690269470215,103.13201751708985,105.10866996765137,88.75337936401368,62.24195205688477,27.297658061981203,12.968641679286955,3.3506775096058847,0.14813957862555985,0.2223936906829477,1.3232169224321841,7.074164402931929,50.61593243002892,118.91803741455078,109.79304077148439,104.44236480712888,57.84922569274903,23.502241668701174,11.237532014846801,3.426168681383133,0.18550908025354146,0.2678745007887483,1.6645630037784573,10.869788286685944,47.884162921905514,95.97093437194825,116.58732833862305,105.88813613891602,61.514179153442385,22.383402986526495,10.261075955629348,2.8970761638879776,0.6644590103626251,0.12018732041120528,0.5221949329972266,6.078621639013291,35.24885661244392,97.39931968688965,103.46801034927368,97.00319076538086,68.78970001220702,25.95830683708191,11.957577669620514,3.463932273387909,0.46124998651444915,0.3148171918094158,1.4397286418825388,6.377963055074216,41.02664900302887,97.77925720214844,103.72688987731934,112.4228385925293,72.10481819152832,29.918425235748295,10.667918348908426,3.8950052866339684,0.5438682003319264,0.27015260249376294,0.3003281407803297,3.425756720900536,38.995295772552495,94.79023124694825,122.62923446655273,99.64523078918457,51.42387763977051,13.260518045425414,5.245637739598751,1.04839639544487,0.793405005633831,0.3360269668698311,1.2440071876347065,10.77908132791519,38.34217955589295,89.2985330581665,106.68360610961913,107.5796452331543,56.21986091613769,27.57957860946655,11.966237828731538,6.210824890434742,0.17577419944107536,0.3626094549894333,1.0889789849519729,4.777639311850071,36.63858722686768,99.86382667541504,89.8395149230957,85.4753327178955,56.77660385131836,26.057753238677982,6.765148839950561,1.6449820426106452,0.89329985588789,0.7838069730997086,1.301709720790386,8.86158319979906,49.96971014022828,89.4780680847168,120.80791702270508,86.31651458740234,64.7187663269043,25.55567314147949,11.692637578248979,5.309957672655583,0.2884784835577011,0.3446221281588078,0.7131986433640123,8.622702661156655,45.9866645693779,123.04062911987305,122.23958587646484,105.64575653076172,59.6978776550293,24.74359437942505,11.378617269992828,1.6297534990310667,0.4246944615244866,0.4618052484095097,1.0875462010502814,7.832502004504204,42.7917817401886,102.1576644897461,104.27108764648438,98.68200752258299,60.11354064941408,20.863516330718998,7.934501383900643,5.1873849897086615,0.06558675527572634,0.15953511714935303,1.3713668569922448,9.66311432003975,38.368307189941405,105.81637565612793,129.3127864074707,104.55206649780273,62.943887481689444,20.903721265792846,12.963278310298922,3.7215604221820833,0.8813703590631485,0.4510510510206222,2.7443418976664544,11.69436161339283,48.56215633392334,107.36427154541016,106.61258926391602,95.06010482788085,63.698037033081064,24.239425506591797,11.625688909292222,3.1893048304319382
92,271.79219818115234,214.8059829711914,211.4085138320923,287.12916259765626,501.3555938720703,491.6462463378906,413.7257873535156,307.7782211303711,98.6212922334671,1.389755403995514,4.081488943099975,109.70713424682617,298.7848361968994,323.9453643035889,269.4928556847573,337.72889695167544,518.7637047576904,643.3155743408203,401.9445350646973,175.0003999710083,43.941736495494844,28.37559956550598,46.57118340373039,138.8348985671997,288.9349211502075,293.4957858276367,231.0535887145996,306.2626773071289,588.0694845581054,686.5555596923828,440.0714669799805,223.74507273674013,44.2406812953949,11.041003909111023,39.227096681594844,140.9770154953003,295.7943379211426,349.32022277832027,255.59538581848147,285.43236297607416,503.25164245605464,639.0547357177734,502.74358520507815,268.7449176025391,72.39828056335449,15.071207106113434,51.61417124181986,182.5777690792084,249.40836956024168,274.65165723025797,157.02814693450927,235.24041746616362,512.9432535362245,595.7978973388672,441.055199584961,230.558812789917,83.99998181819915,12.393612190485,39.05070458650589,167.72823459625243,343.9154055404663,310.1206125450134,293.7590862464905,255.44862888336178,504.88128875732417,722.2644702148438,476.23198364257814,236.81168601989748,66.49162250995636,17.145658764839176,49.608255205154414,159.2210495376587,265.29313681602474,317.6853768157959,250.12054534912107,374.3569062328338,586.7759298706055,604.0471322631836,441.2404788208008,189.44204565048216,59.86780128896237,6.662969304621219,33.70128036022186,144.75691489219668,336.2709368133545,300.04518646240234,219.67270044326784,244.87073623657224,484.0526422119141,648.792593383789,363.5487890625001,158.37759249687196,43.869902955293654,9.70013033747673,60.79138169765473,156.0123002624512,221.25546707153322,204.82526660919189,189.27360209465027,277.43550084590913,533.2163345336915,618.0681573486329,396.26080505371095,193.76748306274413,41.10513102069497,7.762011505365372,36.38538969993592,117.21838720321655,315.19786075592043,369.71267532348634,291.5677408027649,289.96354576110843,586.34921875,693.5587005615234,481.10236938476567,260.3942727661133,61.887035932540904,28.660550934672358,76.22578175365925,211.38882836818692,323.4480238342285,392.6981148529053,262.9223501586914,292.0331869506836,515.474199295044,671.0570928955078,448.84216400146477,217.7248518371582,53.82170949220657,37.03117246866226,95.7968920148164,244.25166070938107,219.12086563110353,245.873450012207,197.2739277744293,272.7901496124267,489.31938636779785,605.9446383666992,395.0906634521484,176.91345390319825,52.04777306556703,15.409017626345156,55.497847815752024,163.28610495090484,307.32135232448576,251.42557468414307,211.11859774589539,207.84906989097595,388.58004348754883,593.8054290771485,484.89859069824223,260.31608734130856,48.31229600906372,36.697498755455015,57.181996524333954,139.7632040786743,232.47017539978023,250.7132110977173,190.39498454093933,183.47061725616453,432.9099742126465,638.5793255615234,429.8734301757812,180.5988095474243,41.13150738537312,14.508862957954406,28.78872158527374,93.58402069091797,212.05843917846678,259.3677292060852,168.00060525894165,205.2921600341797,385.2718164634705,589.9421569824219,459.6080865478516,236.54213958740235,70.99097611427308,28.202082562446595,71.4786560201645,194.52343518942595,256.2922399902344,274.30792407989503,254.26272787094112,356.16569447517395,600.7184832763671,669.1377282714844,433.6107397460937,212.35564388275148,74.82751682758331,30.069384264945985,63.121563510894774,155.51557861328126,274.7398944377899,282.69770797729495,243.1118507385254,289.77781608581546,557.7775839233398,677.1039038085938,474.61110534667966,202.82924224853517,49.932862930297844,20.366250995397568,51.174957389980555,129.51410925388336,281.2084677171707,244.5344470882416,221.49593192234633,230.02221311092376,481.53329253196716,672.7067895507813,473.3040591430664,239.96666141510013,84.55859545707703,26.560145261287694,71.73439173340799,156.08500596046446
93,12.81974287033081,-2.4547935962677,26.30460834503174,248.856298828125,818.7023864746094,1205.9977294921875,1363.2380615234374,1060.708056640625,612.0470520019531,396.1597732543945,273.95909423828124,46.5379280090332,14.725618357658385,30.043842320442202,58.52946840643883,272.78947507858277,767.0294165039064,1252.9815966796873,1315.9637109375,951.8722778320313,547.4147537231445,377.5299185180664,318.5613836669922,188.2082688140869,24.150261507034305,20.9181692647934,40.405846555233005,264.69655517578127,879.5324493408203,1356.8751611328125,1339.636525878906,1022.2621533203124,617.8336499023437,405.7779998779297,431.9288404846191,188.9283428001404,29.98694587945938,17.529919543266296,57.47513670921326,271.9537748718261,802.3915075683593,1164.0672985839842,1404.110625,1085.8417285156252,688.678603515625,480.2002667236328,371.62771224975586,171.96999418258667,37.10407490849495,22.943309412002563,60.41699230909347,276.16303848266597,755.6443258666992,1298.8805981445312,1326.0360473632813,1015.3423852539063,647.6008325195313,474.89567749023445,473.9611849975586,206.9796851348877,48.71226007461547,36.93351546406746,105.969243183136,341.4245518112183,902.9556475830077,1336.1209521484375,1351.7006811523438,1073.6367211914062,714.0237670898438,438.2529501342773,390.0200380706787,167.13229095458982,56.19189801692962,12.042430372238162,44.3514416527748,314.53269020080563,852.6300588989258,1201.8882238769531,1282.1586572265624,999.8367041015626,631.3482366943359,384.5801691436767,326.3999149799347,184.1906307220459,40.73955068588257,24.78598462343216,81.74857795715332,269.51971633911137,732.8178662109374,1344.530812988281,1288.9661450195313,912.9527636718751,589.9830072021484,358.40275558471683,349.2411909484864,219.7389747571945,21.519646909236904,28.910927391052248,40.11428960323334,308.33849708557125,812.4515679931641,1283.552451171875,1351.0947021484376,1013.0160107421876,604.1416326904297,408.5829804992676,286.812682800293,145.02967038154603,36.53994957923889,26.30115891933441,99.48348501205444,245.35388229370113,841.870985107422,1372.7489672851561,1408.442453613281,1118.1455688476562,628.8739355468749,439.0898387145996,399.12343481600294,223.01528480529782,32.15178430557251,23.933682861328126,64.59705326080322,268.60462753772737,766.0293734741211,1226.1046960449216,1401.4208056640625,1097.2373583984377,723.1251965332032,505.7749359130859,410.4899889755249,220.1209437561035,10.062572603225707,40.30134921073913,70.31897641181946,337.02347686767575,819.5622143554687,1220.8008715820313,1356.8548120117186,977.9142187499999,549.3555389404297,360.5427124023438,309.14671508789064,117.2285239839554,28.99197098970413,14.358296203613278,26.17698348999024,239.94615169525144,595.8336944580078,1201.8090014648437,1360.0289477539063,1030.0633862304687,665.2718164062501,509.9345442199707,357.45260955810545,130.3687922286987,19.517878880500792,20.128571281433103,32.512699384689334,241.65198362827306,719.1090814208985,1233.8522058105468,1342.1823095703126,973.0267846679686,602.2987088012694,418.4243522644043,252.74526683807375,146.39884994506835,25.76872310638428,12.573204631805421,25.645690683126446,163.02497646331784,621.144217529297,1235.151563720703,1383.7992919921876,1045.382236328125,669.9662316894531,438.18173400878914,413.77544357299803,198.39462440490723,58.255938229560854,20.80226320981979,63.06053565144539,297.92754638671875,867.06853515625,1391.9705712890625,1402.5171215820312,1066.7794262695313,639.6711724853516,458.92085174560543,380.7105920410157,139.13869285583496,31.96950233459473,29.34359687328338,84.31022602796554,341.60968788146977,811.4726098632813,1282.0902905273438,1314.7009814453127,1020.6434912109374,577.7014599609375,420.1525263214111,352.4846242713928,140.3505198097229,24.76919548034668,6.511023349761961,47.16469992637634,228.12948589324952,814.1085302734375,1352.0184851074216,1367.8129516601562,1070.2786279296874,659.8393682861328,422.83549301147457,378.09507904052737,174.96944057464597
94,11.771363067626954,9.871782660484314,25.520550155639647,17.907122230529787,-3.032040596008301,-0.61349697113037,-7.336918520927429,-1.5823173880577084,-2.066977101564407,10.104708766937256,0.3659391403198242,4.870957922935486,13.765525245666504,20.070122117996217,14.03280184984207,17.158032335639,5.201914727687835,-0.3702021837234498,4.121520564556123,1.546016662120819,-3.14535756111145,5.802822631597519,8.875255193710327,6.815878200531006,12.424793204963207,20.358930126428607,13.332989256381989,10.608510103821756,2.3163759279251095,-3.7334908163547516,-2.797524828910828,-1.8831967520713806,6.718920844197273,6.9007818579673765,12.677373635768891,15.121318094730379,10.979334321022034,18.76858917236328,15.021952838897704,9.81737249493599,11.584136964082719,-0.1508281606435773,-2.466110816001892,-2.81961174249649,0.6664585387706756,6.4471960496902465,10.841352796554565,9.54705538392067,17.993306577205658,17.39731870740652,12.49995379447937,12.410161023139953,0.9084310626983643,-1.2789732390642168,-3.435436637997627,0.008756146430969202,-0.8226587498188019,5.3051970148086545,11.331053152084348,14.757874853610991,14.165541341304777,15.478777621984483,15.918655134439467,20.648767147064213,4.404447062015533,-6.087498511075974,-2.4141453826427464,-3.9017312097549435,-1.6563951039314269,6.100387647151948,8.030954619646073,10.053615663051605,5.1514657083153725,8.434001044034957,16.48251891136169,9.161109297275544,3.6219543242454533,-0.5425162482261656,-1.4310534644126893,-1.7041226959228513,0.8327167391777037,15.649654545783998,16.022321429252624,6.798522379398347,11.283706049919129,12.349641942977906,18.97205381780863,16.290265088081362,2.1590813982486723,-0.6050435447692871,-6.6992407274246215,-0.918385251164436,-3.1401992607116695,10.432711675167084,9.940368299484252,11.420597034394742,10.287053855657579,16.56307867527008,20.635224924087524,22.507886276245117,1.4737652635574339,-2.2462217456102374,-2.3078445351123813,-3.8052116870880126,-1.7377601623535157,3.2594533276557924,6.236204639673233,6.803009314537047,10.875421938896178,22.28491823196411,19.120182960033418,7.135149142742156,4.7706034374237065,-2.1306459677219394,-2.339885029792786,-4.591017911434173,-3.5776553185284135,7.3545783996582035,14.529365277290344,9.955308666229248,16.267621098756788,16.63392782688141,17.610560710430143,12.095894824266434,1.7466187846660612,-1.1510647344589233,-4.6699921727180485,-3.2619778585433954,1.087611798048019,7.433927541971206,10.337017164230346,9.748409515619278,10.474898303747176,13.199668748378752,21.034662645459175,13.235784368515013,4.295349750518798,-0.6104755997657779,-1.6701615899801254,-1.21176308631897,-2.344985718131065,11.568620309829711,8.073339293003082,9.867364933490753,10.617174248695374,18.21053981781006,26.975884803533553,23.430458390712737,1.1107733392715455,-5.211748056411743,-6.485497355461121,-5.309895176887513,-1.8538990378379823,4.882174971103669,9.630089282989502,8.006213253736494,11.820419647693635,14.282929917573927,19.68099778652191,18.797556891441346,6.7060038459301,4.2900578403472895,3.0481999540328983,4.68477632522583,1.2615652096271515,3.896588983535767,7.496669521331787,4.942040584087371,9.870221104621887,13.953683438301088,14.93505300760269,12.811100494861602,3.2602726709842687,-3.594577057361603,-3.0474271619319917,-5.869669032096862,0.92065062046051,15.185457518100737,12.536988331079481,8.993868185281753,10.6486936378479,15.751731686592104,22.14531148791313,13.714404898881913,2.228480030298233,-2.966864500045776,-3.4583296728134156,-1.3470850658416749,0.3977230858802795,13.981368446946144,17.838652567863463,6.615280623435974,15.176061189174652,10.165563383102416,18.95926688194275,12.091855325698853,3.6883151471614837,-3.2955898463726045,-1.0474564480781556,0.13036566674709354,2.637215900421143,6.53473851442337,7.944062614440918,13.550423531532289,7.392521297931671,13.37105450630188,21.05177845954895,14.13338364124298,5.278915178775788,-0.09656595945358273,-1.5128403437137603,-0.3892931175231933,3.207541904449463,3.4822274327278135,10.19667289018631,6.22576560139656
95,95.51786727905274,102.58782806396485,94.03006992340087,84.0664794921875,18.154337024688722,2.224295234680176,0.48252769857645034,0.03249890543520452,0.29656097162514927,2.760896783694625,21.67740511894226,53.06277923583984,48.13796646118164,68.34017837524414,86.82623107910156,74.49781143188477,16.92265380859375,1.616904781162739,0.24964535817503924,0.059453931841999284,0.4582573552429675,5.477723333612085,12.682742689251901,29.470369358062744,66.38066757202148,85.79773330688477,91.45896102905273,68.2416003036499,15.986994285583496,1.5513785982131958,0.2475798830389976,0.04410716846585272,0.19740693163126707,2.383032472655177,13.050218626260758,41.221888403892514,88.36085597991944,106.36417709350584,89.89934059143066,63.03114822387695,15.481981792449952,1.8445708357542752,0.3179468201100826,0.03174217803403735,0.14047095056623218,3.668329244740307,13.071243047714233,41.14444690227508,88.94122680664063,108.58030563354494,97.47993347167969,73.50419410705567,14.654007368087766,1.3306556169688701,0.1818965090066194,0.03694915005937218,0.3955208848975599,2.645905083268881,11.066164972782135,35.86602628707886,76.98515308380126,102.79230445861818,100.14704101562499,85.94334594726563,13.762710609436036,1.5908478358387947,0.2688647933676839,0.030160873681306828,0.1944105336628854,1.5502019364386794,11.751214194297791,39.20966495513916,64.39816326141357,82.58368465423584,88.66687591552734,70.97607183456421,17.081183886528017,1.2973575873672962,0.272327420450747,0.03376237493008375,0.8517361065186559,2.7373825139924888,12.015906268358231,29.8758171248436,64.7786379623413,93.14905769348142,98.77202362060548,75.30171417236326,16.706147556304934,1.2498978468775748,0.21987211029976605,0.016923159640282404,0.07874769046902655,1.2638107919320465,9.941806713342666,31.69080372333526,75.62870712280274,92.58727142333984,106.48950592041017,82.20803581237791,18.050422067642213,2.225547772049904,0.22807046122848984,0.046398549526929844,0.20079743267036973,1.6053017549961808,11.637403021454812,33.413934726715084,64.69970190048218,90.22255136489869,98.9624479675293,75.38446437835694,21.15807803630829,1.6366531360149383,0.33192387152463193,0.05058480735868215,0.11541890013962983,1.5376239299029113,10.263911845646799,29.311317167282102,69.94410537719726,87.02735092163087,93.61770156860352,69.69055547714233,15.498744621276856,1.653168970942497,0.2804352119937539,0.01834669943898916,0.4349371218308806,3.4597463019937273,10.261482823491097,31.161484146118163,66.07673713684082,80.52273406982422,108.48740165710448,72.32023738861083,13.091561350822449,1.0990156352519989,0.18785104226320976,0.0013322004117071837,0.118955450495705,1.6184722170978785,7.979401953220368,22.673397793769837,78.58945053100585,100.57210700988769,92.58697227478028,72.80710350036621,12.703603916168214,1.8265042135119436,0.1941346607729792,0.013637934755533954,0.5075221255421638,3.530537419486791,10.010743317604065,40.35808383941651,72.28999183654784,87.80322822570801,91.6814811706543,72.11201164245605,17.987214736938476,1.7234249631688,0.2219547368958592,0.013126161694526678,0.14462594714015722,1.4349505074508488,9.146005344986916,26.924615101814272,73.6410065460205,100.18846878051758,103.99366584777832,86.68602890014648,28.218688483238218,2.0961763650178913,0.2543611156567931,0.04093531997874379,0.12096367474645378,2.533779650069773,14.571186824701726,41.75909300327301,68.39618858337403,103.58673889160157,98.28814102172853,74.3230389404297,21.067515048980713,1.7623099631071093,0.3467110177129507,0.015096134208142768,0.4325856732577086,1.5538420596718787,10.703360396921635,39.032516136169434,70.3020813369751,105.62916419982909,113.59171112060547,77.21270141601562,13.04663896560669,1.3295552137494089,0.1879608536325395,0.011436447110027078,0.07774392787367104,1.2967562588676809,7.921450475454331,26.124605107307435,67.53994720458984,89.32506568908691,89.6375498199463,86.34653373718261,18.110360803604127,1.365660555064678,0.21497045900672673,-0.003242573179304588,0.2888432056643069,2.335952775515616,14.111435732841494,40.05898338317871
96,1.633458185195923,4.73134412765503,5.581868696212768,4.841535663604736,2.1226029634475707,1.0777367174625396,0.6096100687980652,0.242639984190464,0.08920167572796345,0.1173948712646961,0.2505386509001255,0.48534253239631653,1.713238331526518,5.860774856805802,8.672522265911102,4.855530712604523,1.6122060775756837,0.6248433873057365,0.3328147578239441,0.16544335499405857,0.12658366382122038,0.15789612200111147,0.25528828382492064,0.5438480617105961,1.4796730959415436,4.407873125076295,7.520838570594788,4.186149878501892,1.5355085921287537,0.5869544583559037,0.3120084875822067,0.14794863574206824,0.10720476523041725,0.184458361454308,0.39896448105573656,0.6139264369010925,1.7538436915422788,5.647168238162994,7.554675312042237,5.7621321201324465,1.8635577857494354,0.8740972730517388,0.4528456971049309,0.21313589369878172,0.1066304005682468,0.20259281445294616,0.25242922434583304,0.5833412692695855,2.017366635203362,5.141280193328858,8.923025670051576,5.580443749427795,2.2547331058979037,0.8431043870747089,0.40312080822885027,0.17322142384946343,0.08542270263191311,0.14247082079295068,0.2958599322289228,0.5927217603474857,1.5438188016414642,4.449058561325073,5.6553234863281245,4.343704328536988,1.3989604008197785,0.6226385509967803,0.3361026730388402,0.17101413846015925,0.12092137292027472,0.2397515054605901,0.3188587113842368,0.6572836774587631,2.06672899544239,4.959354953765869,7.510449814796448,4.531066188812256,1.6586271977424623,0.701484237909317,0.3645354864001274,0.19160501807928082,0.14069282263517374,0.165012681633234,0.2766345380246639,0.6574899101257324,1.5483742713928224,5.513970146179199,6.651230187416077,5.788563957214355,2.25817874789238,0.9104350137710572,0.4632506024837494,0.20695619702339169,0.1856186759471893,0.2964445830881596,0.27968422375619406,0.8850022906064986,2.3036785040795804,7.379319878816604,9.251401748657226,5.377960219383239,2.15241608440876,0.8390899489820004,0.3632641208358109,0.0811440612375736,0.008811994595453131,0.06207203494384883,0.2973788409680128,0.6395506579428911,1.8070989954471588,5.1682710313797,8.305976462364196,5.628625054359436,2.4669786167144774,0.9360332041978836,0.4854078993201257,0.21001551431138066,0.11583529286086555,0.22370551474392414,0.35518930703401563,0.6087452587485314,1.958293818235397,4.8037449908256535,7.44242898464203,5.230340681076049,1.875452356338501,0.8368912249803543,0.4060057258605957,0.1761051435768604,0.13187182910740375,0.14237627804279324,0.2692711496260017,0.5969275343185291,1.661446487903595,4.843098714351655,8.834690728187562,4.991782269477843,1.909302653074264,0.848528163433075,0.40864874571561816,0.17212183624505992,0.11889483645558356,0.15301065310835837,0.2889924249553587,0.5376799292862416,1.7269431918859481,5.394101452827454,7.950689783096313,4.76749032497406,1.9832032084465028,0.807422798871994,0.3872975493222475,0.16130334503948687,0.10722871191799639,0.13629064784385259,0.27152058435603976,0.6615829252451659,1.496933906674385,4.006377468109131,8.005518264770508,6.423067588806151,2.2928204274177553,0.9173635506629945,0.4217743217945098,0.17734937480534424,0.11636158570647237,0.18226826548576353,0.43919155027717355,0.6362423759698868,1.8066269522905352,5.9232337141036995,8.538064196109772,6.426523712836206,2.0974209409952165,0.8024416511226444,0.3770797811448574,0.09956508643925191,0.03527638072147964,0.10353074504062532,0.26463797837495806,0.5338040786981583,1.8638503766059877,6.196303710937501,8.619435720443725,7.4504870033264154,2.487799290418625,1.0078295636177061,0.4696355594974011,0.15254964902997015,0.06834260134026404,0.07500617921352386,0.2013202887773514,0.528988290131092,1.4679421317577361,4.79689258813858,8.159166693687439,4.596236577033997,1.9116302013397217,0.8270749825239182,0.43866406917572026,0.19065407663583755,0.1223193797469139,0.15258099790662527,0.3840636725723744,0.7780612322688103,1.6399108505249025,5.328548121452331,6.9228227949142465,4.817817780971526,1.7079720094799995,0.6876686710119249,0.33007166773080826,0.14208509318530557,0.11894882060587404,0.17582844018936153,0.2453194293938577,0.7813860660791397
97,0.5669463515281677,0.5257223963737487,1.056458505988121,1.2524401664733886,4.2629830718040465,6.2432432949543,11.004045534133912,11.429542541503906,8.029491424560547,0.963704526424408,0.14863280281424524,0.18758777994662523,0.6660447248257697,0.4614533790946007,0.6313573351502418,1.0169933465123178,1.4950377403199675,3.8712277555465704,9.381304957866668,9.729077796936036,13.0988361120224,5.686304832696914,2.551553974747658,1.1376602789759638,0.7712034171074629,0.5425739824958147,0.8544916209578515,0.8957744704186915,1.948694424033165,3.1581365880370145,6.554683481454849,6.895545244216919,14.021337113380431,2.4743400583788753,1.3820100298523903,0.859861645847559,0.7153323470801115,0.33905413694679737,0.7475773787498474,0.7085297937691212,2.38773149728775,3.0222795718908304,7.012649616003036,10.450962982177733,10.76174470424652,2.7118755674362185,1.0303598447889089,0.6758691884949803,0.8278159790486097,0.6054555322974919,0.5071357732266187,1.1021561369299888,1.527759729027748,3.237847319841385,9.530371261835098,10.415310635566712,9.87855060338974,4.212903380990029,0.8155958449840546,1.071374934129417,1.3861123184114694,0.6852075502648949,0.6261002843827008,1.577536117732525,1.805201909840107,4.5212655016779895,7.089622876644134,7.81064560830593,9.388367040157318,3.16941699244082,0.8070705939829349,1.0415950318425893,1.007813586741686,0.4040346300601959,0.6230776472762227,1.092832120656967,1.6647102510929108,4.056774995326996,9.285504381656647,11.41691079735756,13.106692821979522,4.835662379264831,1.6855712263286111,1.0425152368098498,1.0338731890916824,0.7053448209166527,0.44210975900292393,1.0792874921113254,1.975260078012943,4.615896571576596,8.168047504425049,8.825194282531738,12.619459733963012,3.4485822507739066,1.453143916428089,0.9210665337368846,0.760085291415453,0.7911644064635038,0.3780322897434234,1.0882155963778497,2.594496209919453,4.494950398504733,10.686948621273041,10.611076126098633,12.07283670425415,5.721826761066914,1.8476284271478653,0.775871029701084,0.8082256554067137,0.6867315218225121,0.8103939311951398,1.0294196754693985,2.026753377914429,6.389764833450317,7.434040423631669,8.446238112449645,7.446015245020389,2.9445663632452486,0.7108770230412482,0.9061307407170535,0.6661150819063186,0.32984640844166274,0.8824108831584454,0.6385850301384925,1.9036852037906649,2.3627448746562,6.440471131801604,6.722862403392791,13.581008234024045,3.4368428194522855,1.6915924770385025,0.3693169493973255,1.0772285406291484,0.8762413093447685,0.7840370446443558,0.8819191595911979,3.070493790656328,5.326361356973647,8.02924350142479,6.840927143096924,10.054391734600067,4.332406625002622,1.19799369841814,0.9452847188338638,1.1599433648586275,0.5407614552974701,0.6080101342499257,0.7022614178061486,2.3112030848860745,4.718079851269723,7.935708782672883,8.891459159851076,11.688136250972748,3.9013221613690257,1.2932966618984938,1.1400629290938378,0.9810659275949002,0.5362587320059538,0.514237387701869,1.1441424494981765,1.3670784634351731,3.9243321961164477,7.933764221668244,8.653652272224427,11.536372306346893,2.3798460365831855,1.0960706270486116,0.9486985542625188,0.8974758807942271,0.7965794343501329,0.42097259022295475,1.9110267949104311,2.282984332442284,4.187963246107101,10.601391524076462,11.55228708267212,10.222238351106643,4.525923691391945,0.9682681078091264,0.7466495448350906,0.5922326457872986,0.6098260560631752,0.6305578708648681,0.9780997524037958,1.6803701597452165,3.0750507527589797,9.728036305904388,9.182673149108888,13.752614283561707,4.888575442135333,1.2478655714541673,0.4695868271961808,1.463118268400431,0.5989150761067867,0.42167144961655134,0.6701553030312061,2.3150220131874084,3.3240182977914814,6.493560920953752,8.631410988569261,14.754055075645448,4.093859334737062,1.0246580332517623,0.8841442062705756,1.450297333076596,0.8188518984615805,0.822384962886572,1.1940683682262896,1.1975973692536355,3.291589914560318,7.9675721621513365,8.77294277191162,12.119614969491959,5.734427888393402,1.5723408636450769,0.8906823022477329
98,236.04974594116212,143.87331161499023,120.27761993408203,59.096615600585935,7.677092170715332,3.1404197603464126,3.6972188472747805,1.536600661277771,1.5053548395633698,6.07541509270668,109.32846107482911,222.66195678710938,135.79819114685057,80.65655017852784,95.7038384437561,65.61961965560913,7.502492453157902,4.307452824115753,3.2125631904602043,1.7432882684469224,2.2483363398909564,11.950570987462998,65.41402083396912,144.55535121917723,194.38697143554685,148.89809303283693,153.05443885803226,74.09788604736329,6.9168310379981985,3.5027252984046937,3.0615862250328063,1.3070049673318862,2.711969277858734,13.3175017285347,65.38022621154786,196.5571333694458,237.53147350311278,143.73375698089598,134.60706352233888,48.9974557685852,5.918846297264099,4.205213370323181,2.9762890642881397,1.0021337473392486,2.072252645492554,13.167252110987903,59.23376880645752,210.20817947387695,224.73213150024412,130.71062870025634,158.29612396240233,40.89901065826417,9.699441803693771,3.287745689153671,1.8774609053134916,1.1361931860446932,1.5441934606432914,10.533890554308892,60.54046774864197,197.30011962890626,210.70049140930178,162.33144409179687,192.90950927734374,66.85625331878661,5.567112769931555,4.795640552043915,2.834308809041977,1.2521025842428208,2.0017693573236466,9.2492100584507,51.188526096344006,186.66291233062745,178.1220204925537,115.30328041076659,102.58592458724975,56.211805200576784,8.819670600891113,3.0390590810775757,2.46377697467804,0.9441695863008499,1.6498999302089215,11.763217144906521,51.53469721794128,168.7036358642578,172.11478088378905,127.29214836120607,155.27085685729978,52.08822343111037,4.768629450798035,3.2873946884274483,2.0703433859348297,0.5333288830518723,1.2550484013557432,7.275133448094129,44.10034583568573,126.63544872283936,174.52322235107422,152.65809608459475,138.49704048156735,58.67157033920288,6.399636389017105,3.567053608894348,2.4051245173811915,1.2145205438137054,3.1976012486219405,6.78089102357626,44.727860107421876,165.6285287475586,183.52417797088623,137.42352043867112,116.02879096984864,61.902815895080565,10.129636940956114,4.4141014927625655,2.801582310795784,1.1267118772864344,1.8086762689054012,7.643187642693519,43.053549880981436,131.29730377197265,190.2722528839111,127.60696395874024,151.18161628723144,62.72500179290772,8.134908744096757,3.56721719622612,2.693665215373039,0.8734101533889771,2.037096965909004,14.197953199744225,76.6376937484741,177.25183959960935,161.84280456542967,120.50314811706542,113.66342834472655,51.64138214111328,6.836682430505752,3.6452882838249208,2.173084057569504,0.7153376021981239,2.1122631545364854,11.23540612220764,48.078935852050776,146.57634536743166,218.87079998016355,164.45785552978515,155.03534187316896,78.36138696670533,7.447702522277832,3.050242422223091,1.8876381969451905,0.9774093556404114,2.6850712662935257,12.736370562911034,55.869445056915275,204.62318359375,194.1496255493164,163.07903251647946,143.71003234863284,62.166342458724976,3.876741799116135,3.568417264223099,2.5132621014118195,1.3615741965174677,1.088239363729954,10.975404248982667,59.55008640289308,151.86952285766603,248.07376892089843,162.1385117340088,137.49555389404296,54.073060741424555,18.598845841884614,3.2974261093139647,2.7036649167537687,1.1072804456949235,2.6644689688086514,9.652493538856508,58.837260982990266,218.41328186035156,217.58950851440432,165.51740699768067,159.9501937866211,58.79085428237916,5.195181729793548,3.1430853420495986,1.8990955810248848,0.8191391795873642,2.3897797626256945,9.096082687079907,55.47594388961793,189.71974868774413,216.38530323028567,180.437492351532,155.8016602706909,52.162581100463875,4.475637959241867,3.345718369483948,1.9441829216480255,0.5717096193134784,1.6717690843343735,7.658094022274017,39.59944569587708,156.72812309265137,216.1923687744141,141.40237449645997,134.1163367652893,61.227169504165644,6.72601148635149,4.468046154975891,2.44342175424099,1.2565597707033156,1.7911667504906652,12.754291873574257,50.9179699420929,158.2830859375
99,0.11891481254715475,0.01589523078873754,-0.0021752808010205593,0.09057440478354692,-0.00623274799436326,0.04382289303466678,0.006965534668415779,0.00521288895979522,-0.00479384312056934,-0.00463307495228942,-0.00494048795662814,0.42904894119128584,0.022544315350241966,0.12158312728628515,0.23054136482067406,0.35694000436458734,0.1369217907334678,0.00668098363559694,-0.003923369133844961,-0.002515629092231378,-0.005948756942525472,-0.007795593619812228,-0.0009308572229928958,0.07325853731483224,0.05867782675661147,0.35937663997523484,0.5575526144355536,0.6605549372918904,0.17514863021671773,0.032446838524192584,0.017867695437744253,0.01740437534172088,-0.0047632048744708074,-0.0063564199116080645,0.07432809620164338,0.14252009538933638,0.12190549306571481,0.3576636452972889,0.26134874409064646,0.4106112706661224,0.10579565079882743,0.05982467398978771,-0.008513504415750484,0.00534402992576362,-0.006364143993705461,-0.008187717660330187,0.0021174236398656273,0.04251536717638376,0.05012261847034096,0.17270246440544726,0.22722566894954072,0.3609615679364651,0.37148989956825973,-0.028423274690285293,-0.01491389005677774,-0.008642964183818522,-0.006978293657302817,-0.0071365624200552275,-0.003327068230137199,0.141729533795733,0.13812230475246906,0.413553654057905,0.47379743159282955,1.6234279154986144,0.4235939770378173,0.01581849817186596,-0.002428847879637012,0.0025067949353251807,-0.006879204516299031,-0.00931151709519322,-0.006213291240856008,0.07654838204383854,0.0985907575697638,0.17672944656573233,0.4422436997573823,0.49701336511410776,0.2820455366652459,-0.015471195338759547,0.01870581111405048,0.0051986221596598756,-0.0054201328335329564,-0.0076711350958793955,-0.003546125472057575,0.09729936357587576,0.04602042881306262,0.2296625816496089,0.3682320430967957,0.6899180096387864,0.1354780468158424,-0.020579261584207403,0.005756405200809251,0.009482070680242037,-0.00171576870605346,-0.0003616995085030529,0.17004971680231395,0.9053429045202211,0.010066419385839267,0.1937004715949297,0.4151341247837991,0.739497447591275,0.37933088080957533,-0.007825944293290366,-0.009573632017709286,-0.0024052350874989924,-0.007542438898235517,-0.009380445601418564,-0.0018193345997132993,0.0788102617498953,0.03267674145288766,0.23422142364084722,0.40760405976325276,0.3053242135234177,0.6116996167413891,0.16603093851357703,0.24407240875996652,0.18952419639565055,-0.03298450483009216,-0.017557066730223555,0.0003185553802177568,0.04450533810071648,0.020220576125429934,0.19818510324694216,0.34529699579812584,0.5896904933080076,0.15438072517514229,0.023114418201148512,0.022408406399190416,0.009965714537538608,-0.005717974512372137,-0.006721879327669692,0.11141977212391796,0.055418465556576854,0.08817511150613427,0.432193079451099,0.45157384757883845,0.6114209705218674,0.060029558376409144,0.07682349420152605,0.0077307772659696685,0.004395593947265292,-0.007114303079433709,-0.005964325068052815,0.07729582650586966,0.007167023641522996,0.08923849955201149,0.19511504753027112,0.39748848035931583,0.7995379915647208,0.5107265115063637,-0.03619517805986101,-0.02249752645380792,-0.004883780926465959,-0.01011247409973289,-0.009411608688533253,-0.005437354329042096,0.04265446569770576,0.19609801321290432,1.1390278605232016,0.5553207021858544,0.7039287215285003,0.3367909448780119,-0.019876045696437358,-0.007221327363513398,-0.003442889444995641,-0.0087566781416535,-0.0087756193184759,0.009268782804720127,0.17607829576358203,0.06347344295121729,0.323414678927511,0.3041071153013035,0.6896670504286886,0.7855259864032268,0.00016197767108679372,-0.010679109552875165,0.012453612191602587,-0.0040180563461035285,-0.0063021593727171,0.0034799929428845884,0.06053557641804217,0.029844559831544763,0.28603553839959206,0.3621817999985068,0.30015577271580696,0.2708455739356578,-0.021155677065253228,0.006834177048876901,-0.0009532359917647996,-0.007089447313919628,-0.007932537179440213,-0.0027611121977679084,0.08759928914718332,0.06107830550521611,0.20913123182137494,0.46449462678283454,0.6547492284700274,0.22055651292204864,-0.005393430758267617,0.027644107895903287,0.006263995310291652,-0.005371975628659093,-0.006562546221539331,-0.006809078139485755,0.014244531886652131,0.0744407877838239,0.35744499395601453,0.2672281660884619,0.5080824716947973,0.3138908903300762,-0.013386739557608943,-0.002712776053231184,-0.002232558270916318,-0.006973240943625537,-0.008144566074479323,0.020149894766509562,0.013027105787768976
100,1.1549773335456845,1.2795397102832795,3.4828648686409,1.8486753106117249,0.002087486535310763,0.6252023756504059,3.2773313760757445,7.645138192176819,7.525996732711792,4.8442063331604,1.337164866924286,2.95398371219635,4.239297094345092,3.5510187458992006,4.153886531889439,4.092099489569664,0.6743444904685021,1.46065676452592,3.582550362348557,4.6811748266220095,4.533416509628296,3.1988350510597234,2.3556886863708497,2.6974623508751394,3.3424601280689243,3.2051670417189597,1.97314491212368,0.8525276026129722,1.0558957552909851,1.6007893168926242,4.200312533378601,5.692303688526154,5.405774931907653,2.871176779270172,2.7883874440193175,2.860977320671082,2.6350399994850155,3.6411044907569887,2.749619311094284,1.7113946187496183,1.0111662209033967,1.133841856122017,2.610295299272984,4.381374611854553,3.9161347889900204,2.860887075662613,2.9492349568009373,3.126866216659546,4.495955559015274,4.996781318783761,1.0404717113077642,1.1636513175489382,0.70526331666857,1.9044661229103803,4.128033764362335,5.552112383842468,5.370053715705871,3.047534701824188,2.585439019203186,4.182418705224991,3.1931974661350244,4.3523208183050155,2.8336061358451845,2.0136668172478673,1.6918919903039935,1.4832227277755738,3.7754227775335307,6.06350724697113,5.368131830692291,3.447266362309456,1.9605970191955566,2.844469635486603,2.087888571023941,1.6782980024814607,3.067876553833485,0.6461639160662889,0.709125733524561,1.9292572450637813,3.1590470004081723,4.267202452421189,4.491012547016144,3.0316907787323,1.9911783242225645,2.6835379660129552,2.63406697511673,2.592596513032913,2.6919135054200884,2.067818254865706,0.8912334214523433,1.9040545207262038,3.401346055865288,5.204836285114288,4.4508678388595575,3.582369675636292,2.0021182489395137,1.8373892503976819,2.6268589806556704,2.0376535367965696,2.991992996931076,3.7413962785899644,0.5638050194084644,1.5221439291909338,3.8005583370476956,4.475209780335426,4.4413999795913695,2.5005667412281034,2.0296842598915097,2.0880253517627714,2.4898694920539857,3.456997327804565,5.117210105657578,3.8715613950043917,0.8975086609274149,1.3797037625312805,3.4568552321195596,5.208955030441285,4.632937216758728,2.6048648452758787,1.7883824634552004,1.5913351345062257,3.586293025016784,3.822293498516082,2.5962964415550234,1.4534466556832193,0.3860127912461758,1.5173806962091474,4.028177606761456,5.111802053451538,4.055701323747635,2.7348771381378176,2.144504630565643,2.0968429756164553,3.4069902825355527,3.516411143541336,2.903839963674545,0.7676386857032775,0.8484567761421203,2.002761322259903,3.6084546780586244,6.092944946289062,5.523953058719636,3.852719469070434,2.625632659196854,2.4306777977943423,3.5468846106529233,2.982663357257843,2.738917526900768,2.222001516520977,0.5970119054615497,1.6800403195619584,3.4341206169128418,4.343519059419632,4.011533446311951,2.9083828282356263,2.833749198913574,2.687085791826248,2.5177657198905945,2.612070898711681,3.9290748274326317,1.8065133702009917,1.3478976687788964,2.25469565987587,4.384987434446812,4.914588267803192,4.242815816402436,2.812586507797241,2.398245313167572,2.7099461221694945,2.6865132744610305,2.6916319489479066,1.9076869070529938,3.2444550320506096,0.9033142739534379,2.044992389827967,4.0191609358787534,5.3211247658729555,5.168970291614532,4.193800432682037,2.8401997900009155,2.6470725774765014,3.213021459579468,2.7745373094081875,2.623217408061027,1.5865304055064917,0.8932006721198558,2.2618713445961474,4.4250619506835935,6.146940741539001,5.890075149536132,3.7552920532226564,2.67558463037014,2.068421437740326,3.04783518075943,3.1083561873435976,4.225305676460265,2.015776898264885,0.7890397471189499,1.2922087838500738,3.7606798195838933,5.14615879893303,4.730273365974426,2.6750188302993774,2.4920098114013673,2.5290364837646484,2.5589672684669496,3.0702186298370364,3.1700485157966614,3.237698446214199,1.2310001516342164,2.2682803392410276,4.483613837957382,4.564988870918751,5.128032717704773,3.0613277626037596,2.6364157652854923,2.262087604999542
101,11.267544937133788,15.816824340820313,21.102786827087403,37.147210693359376,87.71134796142579,117.41011352539063,93.77252655029297,88.57954254150391,76.65214538574219,41.516035079956055,23.800520133972167,19.065910148620606,12.092535552978514,12.293456115722657,16.09218008041382,31.70578311920166,65.68962356567383,92.64870071411133,102.15691085815429,103.38625915527345,77.41722312927246,47.18326019287109,20.953839683532713,14.296177139282225,14.838595619201659,13.141978797912596,22.393226795196533,42.89014953613282,70.38166580200196,86.41958114624023,101.28796829223631,98.01296585083007,72.4300358581543,52.4303897857666,31.96179531097412,18.163969650268555,11.855594593286515,9.953872909545899,16.83916822433472,32.832166023254395,54.73566978454589,86.6606150817871,107.5600015258789,103.3993637084961,75.5784764099121,46.445438613891596,28.659637413024903,16.99710817337036,13.159361200332643,11.531164263486861,19.350578193664553,38.295194435119626,66.07258819580079,94.12585708618164,98.90303970336916,90.29939407348634,67.80817459106444,47.91246559143066,31.935411224365236,14.678660449981688,11.776454932689667,14.590834219455719,20.542717962265016,32.80766838073731,66.06465774536133,97.82265777587891,101.48847930908202,90.30268218994141,76.39440078735352,55.3985317993164,33.28392642974853,17.68246089935303,12.992256398200988,15.018292474746705,17.340416975021363,31.11048324584961,61.8414119720459,83.725235748291,108.35970428466797,102.8036099243164,76.66120529174806,52.530683593750005,33.12098258972168,19.93298957824707,11.160181707143783,11.160122137069703,22.53913038253784,41.96529903411866,65.13837677001953,90.0540542602539,104.78446334838866,94.89540161132813,79.69648391723632,47.65710639953613,27.628603477478027,16.279635829925535,10.547181444168091,12.044457693099975,16.604598445892332,35.30257907867432,59.62300064086914,79.80983825683595,97.31155624389649,98.97315155029297,81.05871566772461,54.64868820190429,33.623522472381595,19.868776988983154,14.131395044326784,12.752418441772463,19.10776927947998,35.499329833984376,65.83292984008787,100.30103744506836,110.07619689941407,94.68837371826172,78.1912060546875,54.08723594665528,30.54154973983764,18.568314228057865,13.941500115394593,10.971535539627077,17.91183380126953,34.35323539733887,72.14814880371094,89.66700241088867,109.66437271118164,106.39033477783202,75.77246765136718,45.34099250793457,24.44480800628662,14.783102502822874,12.580336160659792,11.164338059425356,18.571078679561616,34.42550327301025,64.95050308227539,87.70828948974608,101.00536895751952,99.71614654541015,70.85906814575196,51.94203872680664,35.841363716125485,20.706228575706483,11.045239553451538,12.443447132110595,18.71906050682068,32.14650085449219,54.3709408569336,83.94459762573243,100.03926651000977,97.35593688964843,73.89790756225587,51.121650772094725,27.28300182342529,14.957876925468446,12.90420795917511,14.260190612077713,20.11564528465271,34.17922782897949,62.62091934204102,84.94881286621094,95.82391723632813,95.44337478637695,78.75013397216797,54.934260101318365,27.891321182250977,17.385251693725586,15.779979934692383,13.851485214233401,21.983076047897338,39.50273815155029,65.95717147827149,98.49451278686524,111.26989059448242,100.59467529296876,73.58664138793945,43.36307716369629,29.395057563781734,17.76716968536377,12.474192385673524,12.405943858623505,16.694168205261228,35.778448085784916,62.09201904296875,83.61724716186522,95.36321990966796,96.1150228881836,69.5423078918457,49.124806060791016,25.432703895568846,18.1938120007515,12.439741625785828,12.718555917739867,18.745798807144165,41.11439975738526,68.40331588745117,91.70695571899414,114.49614074707031,104.05551361083985,69.43374771118162,49.027733154296875,35.14540378570557,16.18710503578186,12.957382583618164,12.475365433692932,21.86236783981323,37.049407958984375,64.46537216186523,91.52499755859375,102.46142654418945,100.83959129333496,81.70514755249023,49.82600654602051,32.25352514266967,17.52502417564392
102,736.0512573242188,669.4786865234375,592.411376953125,566.9002624511719,187.37936401367188,88.1215087890625,36.06402778625488,1.5903527021408081,3.8316782474517814,16.441133499145508,179.09439010620116,394.6694396972656,516.5167535400391,677.3886199951171,681.2186743164064,553.4911291503906,208.2486047363281,50.877800159454345,12.095162057876587,1.6964935398101804,3.4369503796100624,50.698776426315305,147.03418815612795,333.91689208984377,639.9231762695314,739.5875347900391,760.0935571289062,547.836943359375,207.1918487548828,54.71949588775635,11.46739245891571,1.2514354449510576,5.572571491003037,42.54076474785804,162.4473709869385,410.5481520080566,699.7040686035157,754.0065722656249,667.1637280273437,473.350234375,201.90185821533203,57.939192428588875,13.673888742923737,2.096560318470001,2.152664959728718,42.831666009426115,160.38217758178712,422.16975280761716,747.4906494140625,748.4453552246093,672.371201171875,489.80182189941405,192.05707916259766,36.56712792396546,5.7409350037574765,0.20495361328125,3.415843682289123,32.95293813705444,148.2482593536377,399.6439038085938,619.6168316650391,778.2798010253906,723.7198303222656,543.7892395019531,199.1396960449219,51.2615248823166,10.163783785104751,-0.36267851471900936,2.491919175982475,27.07156945466995,145.01183677673342,372.15944519042966,595.3042077636719,721.9148181152343,705.5471130371094,512.2176428222656,190.83080657958985,46.52760605335236,11.492208501696586,0.39576647281646726,4.233048347979784,39.33640375852585,139.85557439804077,317.7021197509765,549.7034252929687,703.8424633789064,704.14525390625,523.1918975830079,207.56840972900392,39.357473669052126,7.796865230798721,-1.0469148874282836,0.5132210159301759,18.199288915395734,115.25883613586424,306.77731964111325,629.0156579589844,719.7834094238281,696.9069641113281,479.23533874511725,212.01640686035157,63.99279958724976,10.438424074649811,1.1778583359718324,3.1402896451950073,26.153247611522676,118.7774635696411,360.36061096191406,636.0238885498047,809.803525390625,731.9934973144531,506.2109619140625,214.06325439453127,49.4400284576416,12.639422359466552,1.39324098944664,1.588866264820099,23.033224891424176,126.46971637725828,337.042951965332,687.7018518066404,812.781640625,762.3284936523437,509.84162719726567,191.1676824951172,47.50206786394119,9.197632780075073,0.07773490905761724,2.1101809424161915,43.0304564499855,169.02983901977538,380.5961779785156,589.3704467773438,721.257276611328,675.4202783203125,455.49197937011724,199.30430419921873,46.223280572891234,8.675182262659074,-0.8008128643035889,4.033459530472756,33.680313900113106,138.81835933685304,281.3762069702148,638.7768426513672,740.2881274414062,645.5850109863281,515.6045556640626,221.74533447265625,64.77836490631103,12.034315990209578,-0.173697310090065,11.375043435692788,48.61993028461933,134.49478130340577,422.6306610107422,609.019292602539,748.1597241210936,732.6092492675781,504.9202478027343,208.97251159667968,50.05742305755616,12.028831892013548,0.14289572477340692,2.784394633769989,26.571303070783614,113.92760097503663,290.0981539916992,632.6925646972657,708.8288012695314,648.9728723144532,508.85795227050784,237.68105712890628,63.3859037399292,11.51525153398514,2.157059309482574,4.333765430450439,30.079584040641784,159.7729449462891,409.1843478393555,598.1590026855469,773.6125415039062,734.8128735351563,519.3659899902343,250.67272888183592,56.994016532897945,14.022059011459351,-0.21580163598060625,5.805211071074009,25.673653326034547,131.1533950805664,371.770736541748,628.5575787353515,763.7284851074218,772.0492553710938,534.159132080078,217.31809326171873,54.50273790359497,9.929186689853669,-0.5236219120025634,1.5202162635326386,28.74366384744645,117.64852249145505,339.54086029052735,633.2015649414063,718.0546923828124,676.4756457519532,529.8510729980469,221.05666992187503,49.25694047451019,11.006147259473801,1.6122490125894544,5.774774916768075,37.101485226154324,154.37079650878906,386.3586267089844
103,320.26500549316404,257.7189575195313,210.248876953125,160.60918884277345,166.4725601196289,192.1810546875,180.43641052246093,137.32074127197265,162.32622451782225,206.5023941040039,276.1240936279297,349.135400390625,311.7021276855468,307.08704345703126,247.27405303955078,201.2253872680664,167.53329711914063,193.37973236083985,218.04337615966796,149.39638549804687,179.62126510620118,248.3288220214844,237.02307250976565,299.54070068359374,321.2419738769531,268.8527374267578,298.57158996582035,214.85170318603514,172.07798683166504,222.82520812988278,234.22239532470698,155.39781982421874,204.3864419555664,231.4759844970703,240.06304046630862,334.24461303710933,312.5488140869141,279.9289141845703,246.71480346679687,230.79562316894535,179.52303070068356,178.8691317749023,177.00782043457033,139.5641284942627,166.94642349243162,209.06829803466798,236.17117126464845,322.6391241455078,313.9230529785156,283.9681506347656,268.9014813232422,185.62043869018555,178.388528137207,199.10749328613278,194.1217950439453,155.66295639038086,184.30725509643554,220.46763824462892,236.01544555664063,329.5636242675781,323.87511840820315,292.6950671386719,263.9965167236328,191.2438705444336,179.35068649291992,183.51686614990234,208.06070495605468,137.886385345459,187.11813949584962,235.55849395751952,232.3514556884765,305.7203466796875,329.4169671630859,284.2938275146484,241.42849426269532,212.05058013916013,177.84760009765625,188.61541145324708,173.8717071533203,141.80184959411622,161.2104521179199,215.70292297363284,237.81457397460935,329.3102545166016,307.84582458496095,303.40634277343753,234.23534240722657,205.99578216552732,173.96066528320313,185.75583862304688,155.11710678100587,161.16659362792967,190.00454421997074,229.62522613525388,251.8488000488281,293.96276672363285,318.14362365722656,285.7357794189453,243.88345275878905,194.77195434570314,185.76207489013672,202.6746353149414,194.37609786987304,144.43335922241212,173.48705299377443,223.19212615966794,237.79043975830078,314.4302349853516,318.2910412597656,299.99345458984374,273.85695678710937,209.52770507812497,192.13721466064453,163.4000749206543,195.9752198791504,145.97315876007082,152.54795501708983,205.15182067871092,238.19580078125,287.9308270263672,309.2789007568359,264.40666931152344,272.24833312988284,226.13601287841797,171.85823791503907,239.96479629516602,209.16254333496096,137.83031692504883,189.51452423095702,237.05206542968753,261.4598977661133,298.30864868164065,321.1164782714844,292.71332946777346,238.23619140624996,245.49943115234373,194.7386247253418,229.4284356689453,235.48131469726565,148.727388381958,173.49143585205078,232.63376129150387,235.81545623779297,309.87103637695316,318.6955883789063,288.5738189697266,254.1005435180664,194.45469512939454,189.45094238281249,198.6550180053711,262.08183990478517,128.70791748046875,172.2278308105469,233.83012908935547,237.60378326416017,320.1410992431641,334.6165173339844,329.8967395019531,251.5048257446289,223.33584594726562,220.0887564086914,252.57121673583987,225.8307009887695,175.37719100952148,198.80036026000977,201.95579040527343,251.45802001953126,310.00065612792974,330.64525451660154,282.84219909667974,241.37782318115234,231.06399017333985,197.3787414550781,206.3154167175293,199.676403503418,147.73547149658202,204.35035766601564,235.5013446044922,257.90813659667964,334.04910400390617,351.77348876953124,271.7683679199219,242.89994018554688,211.4711117553711,169.6603074645996,239.1137167358398,220.96672302246094,145.93007873535154,212.09987655639648,225.42668880462648,240.9035565185547,330.5167431640625,343.37703979492187,317.3293438720703,242.93896148681642,186.30031890869142,190.14962585449217,228.5278021240234,220.84367095947263,167.89416030883788,192.5701234436035,235.53794555664064,241.33032653808596,331.58398559570315,321.564058227539,312.38670898437505,255.4214324951172,222.1610366821289,173.59151733398437,174.75442626953125,211.57860992431642,134.64162338256835,191.0931546020508,199.74354660034177,230.26692993164062,327.66280151367187
104,1.9889961361885071,2.227037763595581,2.775763690471649,1.9490859746932983,2.352397698163986,1.3965158402919768,6.565584379434585,31.11919994354248,26.25359935760498,15.321480751037598,8.726346874237061,4.962250089645385,3.7704821491241463,4.8063948923349376,6.766904484033586,4.700518457889556,3.3708099126815796,2.5260852825641633,5.574786009788514,22.3681721842289,16.56211224913597,9.059936116933823,6.0948285031318665,3.628761556148529,4.467392222881317,6.94607945382595,5.230787396430969,4.013064522743225,2.8295725286006927,1.6360870754718781,3.5181242513656614,21.60912889569998,14.248971161842345,6.818079576492309,4.618333857059478,3.5825503563880923,4.250355837643146,4.6605303996801375,4.119242634475231,3.0937097430229183,2.028216632604599,0.9965133428573608,6.019658308625221,23.82750645041466,14.53502408027649,7.669625556468963,4.570392518043517,4.065746881961823,4.511384331882,4.858980727791786,3.4570202672481543,3.3653636252880097,3.0670042657852172,1.7405131590366363,6.922643039226531,26.807850031256674,16.359282665252685,9.189320576786994,6.635613691806793,5.31403112411499,3.5064505326747892,3.1615751516819,3.2631996339559555,3.167512727975845,3.0380151116847993,1.5820358622074129,3.2955031466484064,27.19471157073975,18.032403182983398,8.813777513504029,5.677457828521729,3.6976854062080386,5.031445526480676,4.771370440721512,5.73713421344757,4.726724081039428,3.281291511058808,1.7413866329193115,10.386091643571856,36.07428443193436,18.895842834413052,11.039433653354646,8.028810755610465,6.5802812641859045,3.427372260689735,3.524176284074783,3.35611319065094,3.1985881018638613,2.411265602111816,1.094437367916107,7.545609343051912,30.392769222259528,20.213921260833736,11.66090087890625,7.122973527908324,4.45623211055994,4.262590202093124,5.731232843399047,4.798891327381135,3.9179271507263187,3.3601693892478948,1.5613828718662262,4.180566303133965,18.290444478988647,13.723855233192443,7.8534650588035575,5.012167329788207,3.7707711124420165,2.878511562347412,2.7121533316373827,2.6292649441957474,2.3751437973976133,1.8660518187284467,1.1249620294570923,4.189767582416534,24.829061822891237,15.13133186817169,9.45624656677246,6.373749206066131,4.042143889665604,4.88726332783699,5.102965295314789,3.8458984577655793,3.2911012160778044,1.8455697453022004,0.8883716177940368,4.036880916953087,27.883416978120806,16.12839769721031,10.211988434791566,6.882806701660156,4.072189967632293,5.556175072491169,6.601924368143083,4.533489511013031,3.023568196296692,2.2937324452400203,2.2151069486141206,5.16379841208458,23.618078167438505,17.582475175857546,8.562969584465026,5.512956336736679,3.8316948032379146,2.53000206142664,2.7387511682510377,2.2053296220302583,1.5885635948181152,1.5316563677787782,1.0888927412033083,4.697893265485764,25.553873386383056,18.989659752845764,8.703438260555266,5.483070586919784,3.2260840848088264,3.2220057976245875,3.209788401126862,6.177511842250824,5.030847967863083,2.530958443880081,1.0367029881477356,4.0978028279542915,28.077114894986153,19.00322972416878,8.779424493908882,4.967214506268501,4.2384486222267155,3.2381208717823027,2.7656068539619447,2.6344952118396754,2.885166609883308,1.929108111858368,1.0970449793338775,6.234850058555603,22.682209486961362,15.402564249038695,8.081658780574799,5.327903012931347,4.7668958568573006,4.172308957576751,3.690715054869652,3.6583541697263717,3.18776373386383,2.3023535346984865,1.1856680953502654,4.600213664770126,30.960425601005557,16.40622893810272,8.904958024024964,5.267193063497543,3.284779265224934,2.8631951403617864,3.0844669423997404,3.3843385523557656,2.24985133767128,1.3591085851192475,0.4221062248945236,4.068413029015064,24.392155599594116,17.589613120555878,8.580812162756919,4.9126563179492955,2.5373296034336095,2.985361903309822,3.1062628686428075,2.939121129512787,2.613938738107681,2.0109275329113006,1.1985744214057923,7.530155468285083,35.19346191525459,16.825458078384397,8.566386952400208,5.115390862822532,4.10173368871212
105,10.377366065979004,5.909536409378052,5.924448847770691,4.694968581199646,3.087858724594116,0.8710891246795655,0.8132250189781189,0.6224851191043854,0.7891347661614418,1.4599645838141442,5.71061012595892,8.70568573474884,6.987157883644104,10.126789145469665,7.921906824111939,4.875264490842819,1.7229949474334716,0.9897730946540833,0.8167249488830567,0.54907288312912,0.43598228633403774,1.8896741557121277,5.5797022205591205,9.934654750823976,13.605314842462539,13.069922575950622,8.327242729067802,4.890508171319962,3.0790430709719656,0.8724701729416848,0.6819296354055405,0.4481100434064865,0.17513219982385636,1.3314538896083832,5.36275032043457,10.821762536168098,9.643697091937065,12.01152293920517,8.492578372955322,3.7761886572837833,1.9360442823171617,0.8151347970962524,0.7611307513713838,0.5212920069694519,0.3338816300034523,1.3516162857413292,6.1425535833835605,9.297938556671143,9.731566305160523,11.052649559974672,8.412154903411864,6.307044016122818,2.2188988375663756,0.8524018976092339,0.6906119599938392,0.4686928150057792,0.6231967617571353,1.869178647994995,4.602300761342049,11.052904610633849,7.662043863534928,12.766993026733399,6.926693956851959,3.1915254485607147,1.6187164700031282,0.884720001220703,0.7245124626159668,0.5353666877746581,0.2778515715897083,3.210434345081449,6.237048011571169,10.321037632226945,11.0872821483016,11.919489113092421,8.792328060269355,3.6549022245407103,1.9514885139465334,0.8150498819351195,0.6576890289783478,0.42861855342984195,0.32436553150415415,1.528579826951027,5.038455199599267,8.681116927862167,10.610816702842712,9.57801197528839,7.17937741279602,4.270818498134613,1.2570854938030245,0.790552627146244,0.6441757315397262,0.39807748973369594,0.7108811795711517,2.4405713409185408,9.377239809036254,11.095571780204775,7.633690669238566,8.434528040289878,7.1275708007812515,3.226285796165466,1.6764544248580933,0.6852904319763183,0.6301114600896836,0.3912758852541447,0.19862846314907073,2.16057971060276,6.103408261835575,7.3554181432724,8.371201652288438,11.647510657906532,7.570144810676576,4.206751909255982,1.2541527891159059,0.751935972571373,0.7171819818019867,0.4991346853971481,0.6074132236838341,1.071023631244898,2.5562466591596604,6.3031880539655685,8.061434569358825,7.47940083026886,5.592249374389648,3.5486490392684935,1.6379444634914395,0.8016626381874083,0.7431921279430391,0.4967987537384033,0.3078259718418121,1.3841446412354705,4.751963802278042,5.002080298364162,11.709496183395387,12.082470118999481,7.847243132591248,5.759231753349304,2.2392016077041625,0.8990923881530761,0.7092131650447845,0.4908081516623497,0.29212487384676933,1.2698412728309632,3.7808198809623716,6.974429249763489,6.612188855409622,10.970084009170531,5.252159422636032,3.22098129928112,1.5349219387769701,0.8334186732769012,0.717739861011505,0.5021659469604491,0.3462780267000199,1.2161938909441232,3.866993226408958,8.569244480133056,3.5537102472782136,7.8842455506324765,5.119908094406128,5.32504147529602,1.4831925725936892,0.8451626563072205,0.7364788222312928,0.49438236236572275,0.9232425305247307,1.4667865498363972,3.703671046793461,4.157015671432018,6.721614818572998,9.66543624162674,4.2902671599388125,3.6147649514675146,1.6484501552581787,0.77753338098526,0.7244797396659851,0.5166484177112579,0.3509546364843845,2.9116520231962197,5.044807947278023,9.223710465431214,18.52757190912962,14.585845794677734,8.705095329284669,4.858999982774258,1.9168392264842986,0.8147071278095245,0.6769301199913025,0.4763488647341728,0.5358850607275963,1.133048407435417,4.054297658205033,10.710741112232208,12.04761789083481,8.280502789020538,7.6420939159393315,3.138287024497986,1.6840157374739646,0.7702679419517517,0.714328807592392,0.4971696299314499,0.5500322674214839,1.2952302895486354,4.414171649813652,10.708060858845709,8.826717982292175,10.555881614685058,7.089762184619903,3.7723483800888062,1.6992169094085692,0.7913821816444396,0.733933870792389,0.5275430464744568,0.4078767697513103,1.7043852730095388,5.685909571051598,9.67889924287796
106,0.13548113629221908,0.080851649492979,0.06418723762035367,0.0449000209569931,0.034558250755071594,0.02117390260100362,0.05274111144244668,0.7003467567265034,0.15497930273413654,0.2671357482671738,0.9819831445813179,0.5527947641909122,0.16149611849337814,0.09567166026681659,0.07543004147708413,0.08583215057849881,0.13082476228475567,0.08120466027408833,0.1876647498458624,0.66131181538105,0.2545316682755947,0.19892091251909733,0.17985125638544558,0.16990733198821542,0.0894770276546478,0.05771718069910999,0.05412457294762131,0.04891348905861375,0.06230115294456477,0.051928324103355364,0.11127745106816289,0.45189965672791005,0.16306375592947003,0.17670597678050395,0.2290549613907933,0.14798429880291217,0.1277534122020006,0.06555589895695446,0.0498823024705052,0.04965339843183751,0.09913650095462795,0.05773694358766074,0.26420609347522256,0.3409379778802395,0.2605783776193857,0.3478151543438434,0.34070671685039994,0.25292900338768953,0.11933785349130628,0.0759405588591471,0.07354402349097651,0.09300378403393547,0.08213150836993002,0.07986346312100064,0.17969176743179557,0.5219560954719782,0.23250807910691948,0.20309021946042774,0.2640610492043197,0.16611373413354155,0.13424238160252566,0.08202549878507848,0.07626731966622172,0.07702370129525658,0.08335007138550278,0.06128719281405207,0.22414175637066364,1.3125766783952713,0.4591804122924804,0.27747310087084764,0.27589292824268336,0.3391141039133071,0.11660402012988921,0.06129361029714342,0.047743135914206467,0.04309960628859695,0.0778384741209447,0.04867771072546016,0.26211928166449067,0.5918586450070142,0.17564698033034798,0.14429885074496268,0.11342907369136805,0.12241607889533039,0.1197269209474325,0.0936539682000875,0.08366839542984958,0.08135902427136894,0.09124605871737002,0.07620584275573489,0.1989332917332649,0.6906000125408174,0.23378776408731933,0.19972933404147622,0.47949295375496154,0.1945619089156389,0.13393138140439984,0.07831455253064626,0.06967276245355603,0.07174934195354578,0.06119753934442993,0.05948354002088304,0.22618523150682446,0.32093358859419824,0.15510172381997106,0.1464588794857263,0.11106017641723151,0.0891631222516298,0.07333321508020159,0.06125347636640068,0.05650839533656833,0.050933035518974025,0.08296252802014348,0.06257534570991989,0.13129783427342767,0.33301985733211037,0.15352371936663983,0.15740898765623565,0.23599260954186319,0.09279915973544117,0.14593458801507947,0.07890195332933213,0.05991419528610999,0.05738415833562609,0.05563688118010757,0.04587851278483864,0.2469669602811336,0.732272372841835,0.2502841983642429,0.1925776594877243,0.31866016907617445,0.19234872262924907,0.11164298057556148,0.0764092535898089,0.07627180129289624,0.07004638627171514,0.07377456255257127,0.06179410390555855,0.1079408650845289,0.4717927843332291,0.24492530882358549,0.2725284848362207,0.31738322867080565,0.20598616467090322,0.1323049842379987,0.05730267858598379,0.04464995236601678,0.043040621476247896,0.049937360174953906,0.03487107731401917,0.26933205883949995,0.9799074081517756,0.28267740445211526,0.4493712097778916,0.22149180516600606,0.23002181977033614,0.1366462377645075,0.07160614880267527,0.04879345526918766,0.04355348188430067,0.051181349977850885,0.042346249110996693,0.17451217539608477,0.5739290051162242,0.2307858714461326,0.26002657257020473,0.19205890322104094,0.1514044430106878,0.14117130797356364,0.0881730948016047,0.07909516146406528,0.07533033728599545,0.08364203713834281,0.0641344821825623,0.31254108499735594,0.62529444783926,0.33489900290966035,0.2660842618346214,0.12437546476721759,0.09924103759229179,0.12418754484504457,0.08767362991347906,0.0705599751323461,0.06609628330916162,0.07798654969781633,0.06218932088464496,0.22169685564935207,1.0031141730397939,0.24950663842260834,0.29146097399294374,0.34585480749607084,0.1487182521820068,0.11559061125852163,0.08303802482783791,0.0672061780467629,0.06237539891153571,0.07329836204648014,0.05439984023571011,0.13833499252796172,0.3817138442397118,0.13579806100577113,0.17645549580454822,0.16302816433832046,0.18668247319757936,0.10378129012882704,0.06759547124616797,0.05819947674870487,0.05272116227075454,0.055891258805058866,0.05715311478823419,0.18854247260838744,0.3120705456379801,0.13346465234644708,0.3182744964957237,0.34526760779321186,0.15459491733461617
107,0.713199844956398,0.73763128221035,6.538371190428734,7.762355762720108,4.4754226982593535,2.009573668241501,0.39407541006803515,-0.06238363161683078,-0.1833695471286773,0.5663166970014573,8.159021276235581,6.57992525100708,3.298535096645355,2.9959661421179775,7.448700639009476,9.86982845813036,5.51816532894969,1.653178327381611,0.05760976731777188,0.572950001358986,-0.2796401646733283,-0.5543978598713876,0.7122267293930055,1.8561895431578157,2.666028007864952,6.74414010643959,8.449680831432342,11.941215838193893,7.442273326516151,2.9539163756370543,0.04460816860198975,-1.0874848635494712,-1.561527168750763,-1.377523621916771,0.37819185197353367,0.6390105152130128,2.599326802790165,2.3926185786724092,5.927798992097378,7.281438558399676,4.059929431676865,1.0880163496732713,-0.5354177093505859,-0.9535880374908448,-1.1555247569084168,-0.904445240572095,-0.031087209284305573,1.3636780005693436,4.721670361757278,5.895009655952453,8.071779003739357,12.150679287314414,5.714820773601533,1.2508720111846923,-0.9505985414981843,-1.3336563909053802,-1.428329262137413,-1.303601432517171,0.22649300634860997,2.7586402213573455,3.586443637013436,3.9812575215101242,7.619715427160263,21.313060412853957,11.912571873664856,4.0207691311836244,0.11414208412170401,-1.3843054413795473,-1.8031455910205842,-1.9900210320949554,-1.0153960728645326,1.9541913791000844,3.3939998358488084,4.233887524008751,4.674503491520882,6.454119447469711,4.40740925014019,1.2484821638464927,-0.47960838228464125,-1.1172185969352721,-1.38360201343894,-1.4109641858935358,-0.7252372920513153,0.5544519793987274,0.850081773996353,1.8526201993227005,7.229949536919594,8.868040271401405,5.266356695294379,1.840510386824608,-0.2666797232627868,-0.8024092620611191,-0.9905067336559294,-0.984528179243207,0.873159015774727,1.509111038148403,3.964903135895729,6.394816339164972,7.056066598892211,6.984397466182709,4.3118464791774755,1.029198304116726,-0.7541456329822539,-1.2834051191806792,-1.3874321746081113,-1.22025411516428,-0.4563774341344832,0.6269871270656585,5.2549701315164565,6.012035028710962,9.529512599110603,11.183471952974795,8.450688894987106,4.3668913137912755,0.3454812043905259,-1.0842951023578642,-1.6468125259876252,-1.853823388516903,-0.7142632824182511,0.7302223497629166,7.051099407672882,5.541080070436001,7.412768623828887,11.552176067829132,5.508867745399475,0.8929633712768552,-0.9814711621403696,-1.367536376416683,-1.4693996703624725,-1.5371925926208498,0.3999109381437301,1.44998291015625,2.7349302220344547,9.631972517967224,16.405292652845382,14.971632130146029,10.102345548570156,3.244963958263397,-0.6804796457290649,-2.241066581606865,-2.506770149767399,-2.2998274290561675,-0.8069560885429382,0.9743655931949615,1.5286418151855468,3.7921791142225265,3.891818589866161,6.548235623538494,5.595907507538795,2.096727180480957,-0.010741999745368935,-0.6016000464558602,-0.7959300625324249,-0.4392323619127274,0.2734403061866761,0.8239448225498199,4.449103260040284,15.58330020405352,9.248694785237314,9.797076704502107,5.749384370744229,1.4249426805973051,-0.509973692893982,-0.5803918269276619,-1.2538358855247498,-1.3983684891462327,0.3322699040174483,2.1048233780264853,13.868276899456978,11.469851231575012,8.853139487504958,10.958234178721906,6.901440390944481,1.8868149572610853,-1.0081705713272093,-2.0879233306646348,-2.204041123688221,-2.056569326221943,-1.14307883027941,0.43724069178104397,2.5305244261026383,9.492636605501175,19.40162966132164,25.797394508123396,11.899079004228117,4.111759352684021,-0.15171236008405672,-1.8958331805467605,-2.4770883548259732,-2.476336815953255,-1.2195251375436784,-0.27607249021530167,0.4936906406283379,6.487482461333275,8.597774186134336,12.892600402235985,8.073227883577347,2.360731001794338,-0.41629631280899043,-1.5674259340763093,-1.9185313525795937,-1.8964844202995301,-0.9149878256022932,0.7765114906430244,3.366601407676935,8.412754806280136,9.233246002197266,12.648280972540379,7.998566805720328,2.7847139248251915,-0.4556019595265388,-1.645607876107097,-2.138500250577927,-0.6496946510672569,5.260890476107597,3.0609721577167512
108,0.32640035897493364,0.7178239330649375,0.41189318597316743,0.1600694850087166,0.23085975944995876,0.25869708359241483,0.3236227869987488,0.24799343645572663,0.7431188374757767,0.14989072084426877,0.5117796612903477,0.3456734538078308,0.6950844720005989,0.9081102040410041,0.7515433989465237,0.33177426129579546,0.22346380099654195,0.27630323767662046,0.3179409635066986,0.2708520311117172,0.16436427533626552,0.24579865164123477,0.43481534998863935,0.5182133202254773,0.5189721795916558,0.6013490098714829,0.8437446331977844,0.31393869727849955,0.2977628913521766,0.29217626571655275,0.31023334741592407,0.2758104157447815,0.1592210832238197,0.13666236329823728,0.31709410961717366,0.3756758716702461,0.5643906725943089,0.8790182894468309,0.8385212112963198,0.45777150183916093,0.2982108506560325,0.2776203280687332,0.3272489130496979,0.2576028209924698,0.1959432584047317,0.2203266434930265,0.41373737845569847,0.5032000014185904,0.6669183010421693,0.9716290631890298,0.7337415900826454,0.6993527296185494,0.4169419360160827,0.372016017138958,0.3081768244504929,0.24798756033182143,0.13081548839807508,0.24857099695131182,0.4857261408865451,0.7228390815854072,0.8376914417743683,1.100117461681366,1.1600403136014938,0.5942366364598274,0.3343379974365234,0.2443060731887817,0.34123686075210574,0.28686135947704317,0.1970609909296035,0.1628996880725026,0.48412065181881186,0.4988596034049987,0.602246955037117,1.1734432607889176,1.2339396619796754,0.6526923449337482,0.2576547053456306,0.31564193010330194,0.3419211041927338,0.25370849609375,0.20175702631473538,0.15824520332738756,0.5082748110219836,0.46246506541967386,0.9062011318653822,0.901984272301197,1.0247896194458008,0.5604424805939198,0.2320431070029735,0.28234860628843306,0.3202212679386139,0.2677706229686737,0.16556549981236454,0.14587597133591773,0.41976066589355476,0.5611217484157532,0.532073733061552,1.0601372268795968,1.1295061439275742,0.8004566331207753,0.27114136546850204,0.2642187517881393,0.3542405366897583,0.32782608151435844,0.13441312462091443,0.13753188438713546,0.30486831210553644,0.4236251850426197,0.617011566311121,1.2244205516576767,0.8907447126507758,0.36327083259820936,0.2218421897292137,0.29649857044219974,0.3300378346443177,0.26864799618721,0.18739021271467207,0.2528072222229093,0.5971679560001939,0.6884004067629576,0.5127892423421144,0.8485448607802392,1.0841449266672136,0.41633044496178623,0.22108890593051908,0.2761897248029709,0.3272395360469818,0.26560100257396696,0.15470651090145107,0.10563086682930586,0.32151461273431775,0.35827628076076506,0.8063069258630275,1.0791076242923736,1.247277663052082,0.5414731174707413,0.2621189643442631,0.271889075934887,0.32449563562870026,0.2683934986591339,0.11606033802032464,0.13598906438797712,0.4018904757220298,0.5486063085123897,0.5730319599807262,0.9856073489785195,0.7670487064123154,0.41156174093484876,0.22629227831959722,0.2591166332364082,0.3395278954505921,0.2689988988637924,0.16235252052545543,0.21995582569390532,0.39797584218904375,0.39156797029078005,0.5678648003935814,0.9367442581057549,0.8807374167442322,0.4686648812890053,0.27746212825179095,0.27726426124572756,0.31769628167152403,0.2829133951663971,0.12230794608592983,0.16192548420280214,0.34527816176414483,0.5823967152833939,0.6539075039327145,0.90395867228508,0.9051737278699875,0.37300712034106254,0.26898588269948964,0.27932228267192843,0.32888285517692567,0.2627818441390991,0.17614456534385678,0.20538661062717437,0.5965410053730011,0.6646131387352943,0.8260929873585701,1.141372662782669,1.2300287246704102,0.6667831277102232,0.29789561092853545,0.2915504187345505,0.3204935365915299,0.3071680784225464,0.18269187897443767,0.10619049882516259,0.6213592963293195,0.5191836635768413,0.6649807968735695,0.844601178765297,0.8607078245282173,0.4800876745581627,0.2893798232078552,0.27588263720273976,0.34548405647277836,0.254626482129097,0.2431607377529144,0.2522037000115961,0.3521093979477882,0.43223881877958775,0.5437302384525537,0.8447190058231353,0.7461383581161499,0.36093795627355574,0.21673071771860122,0.28791060924530026,0.33299857020378115,0.273916203379631,0.16012161791324614,0.14831152180209753,0.44644571408629413,0.39517267256975175
109,3.0122036576271056,3.5425042390823362,3.2796343088150026,2.801628601551056,1.2437041640281676,0.43739951252937315,0.5319044172763825,0.5610109746456147,1.9418748676776887,2.521238547563553,3.246078372001648,1.94755699634552,2.9028168761730195,3.7266077756881715,4.219140963554382,2.949783182144165,1.6269775009155274,0.5184357321262361,0.5649905323982238,0.5602978575229645,0.7244097703695298,2.050231412053108,3.0288302966207263,3.488382322788239,2.6363707780838013,3.220622386932373,4.0955207777023315,2.8127552032470704,1.9606182610988614,0.7060290372371674,0.6008196973800659,0.5555973243713379,0.542974648475647,1.2243549859523772,2.60968126565218,2.7892712730169293,2.5993383622169492,3.1747243165969845,3.8676335144042966,2.878034977912903,1.4970889496803284,0.654007271528244,0.6063231110572815,0.6613602375984192,0.7985230386257172,2.2046159785985946,3.0742379879951476,3.539914934635162,3.14355661869049,3.8987263965606687,3.9111557626724243,3.365207884311676,1.68134894490242,0.6658099949359894,0.5985560464859009,0.5711249840259551,0.6446999359130859,2.467043444663286,3.8883732357621184,4.115704944133758,3.1679891312122344,3.8562420034408573,4.989373705387115,3.869266686439514,1.9900068116188052,0.6167449796199799,0.6347668945789338,0.599373060464859,0.6093884348869324,2.133473750948906,4.3651637923717495,3.4457314741611484,3.109450936317444,4.351143007278442,5.140763235092163,3.683114540576935,1.444950269460678,0.7399098455905915,0.6071496450901032,0.6502089917659759,0.9640409803390504,1.7673899105191233,4.556571550816298,3.7526679384708403,3.1147007238864903,3.4788131093978882,4.724524240493774,3.168838365077973,1.4364028346538542,0.6600444364547731,0.5934375178813934,0.6344238877296448,0.5557971334457397,1.3991185542941094,3.5712086397409437,2.9895292603969574,3.4505126523971557,3.9912274360656737,5.3266054439544686,4.566538884639741,2.043570839166641,0.6170002484321595,0.6318655991554261,0.7209375667572021,0.5916622543334961,1.3610775905847547,2.897916342020035,3.1286592030525204,2.583377091884613,4.00463020324707,4.551414995193482,2.8423680460453036,1.7931203112006187,0.7567127704620361,0.6002903389930725,0.5660838890075683,0.588686660528183,2.0650182954221963,3.2693736654520036,2.7212797862291334,2.5190699660778044,3.768006844520569,4.97009518623352,3.287424693107605,1.7646832966804507,0.5529676532745361,0.5742146444320678,0.5419411826133728,0.5387616163492203,1.6542029750347136,3.5503744757175446,3.1461771059036256,3.29381320476532,4.660354340076447,4.962678871154786,3.3462099170684816,1.4573025465011598,0.7105452799797057,0.5951933717727661,0.6504991817474366,0.5914069950580596,1.5219030430912972,3.1175428844988344,3.5213891243934627,3.4216058230400086,3.911353979110718,4.578692693710327,2.774048459529877,1.3213445174694063,0.5453303277492523,0.6797616243362428,0.6134808778762817,0.5939698565006257,2.234501579105854,3.147217810153961,3.1592542338371277,2.9369391536712643,3.8112710213661187,4.575589694976808,3.1385164701938626,1.2214607560634612,0.544089252948761,0.6098374104499816,0.5200233125686646,0.5816244518756866,2.117862347662449,3.520467501282692,4.160895798206329,2.982996625900268,3.808969392776489,4.471021320819855,3.130036894083023,1.7108737367391587,0.6410756814479828,0.5795064103603362,0.6141922175884247,0.7262941193580628,1.9090082690119743,3.7673983737826346,3.287486194372177,3.4052730417251587,3.983333778381348,4.736239356994629,3.5856035542488103,1.8455388206243515,0.6158826839923858,0.5596503901481629,0.6448251354694366,0.6626678675413131,1.7855926620960236,3.564863397479057,2.4933045887947083,2.621746953129768,3.786377320289612,3.997314348220825,3.071811900734901,1.7566908371448515,0.5887895512580872,0.5741026198863983,0.6039412319660187,0.6714989686012267,1.8102550607919692,2.8881055833399296,2.6347521901130677,2.8736276245117187,3.6703016662597654,4.5003084945678715,2.8536514544487,1.6557504677772523,0.571959456205368,0.6604473757743835,0.6466642498970032,0.8463750636577606,1.9091652873158456,3.8941045951843263,3.0544016647338865
110,0.9348569296300411,0.5394870400428772,0.7612248718738556,0.28226230591535567,0.08743348643183708,0.14375266730785366,0.16183419227600093,0.12569570690393445,0.03792603239417075,0.08291418403387067,0.2707738945260644,0.33882932439446445,1.0267793715000153,1.5475533694028853,1.4779969376325608,0.678078189343214,0.14634333185851572,-0.03416088119149209,0.037234466969966885,0.03521280512213705,-0.04586022101342678,0.091022965349257,0.31103179726749663,0.7215170283801854,1.0513542836159466,1.7636862700805067,1.4270891660451888,0.19351066306233408,0.12499179884791374,-0.05860164731740951,0.06207122907042504,0.06584224492311477,-0.014901134595274933,0.007834107065573331,0.11637106001377104,0.43962459150701766,0.9626418417692184,0.9238797181844711,1.5259532192349432,0.523705492913723,0.1821764842420816,-0.010361412465572373,0.06503062948584555,0.05930971994996069,-0.028077871911227716,-0.0038662386313080875,0.27310802243649956,0.7643436805903912,1.153633371628821,1.8734347140789034,1.7027925238013268,1.139412837177515,0.17031990535557268,-0.07840866774320604,-0.02109978184103968,-0.011770650893449818,-0.09378255560994149,-0.032137847840785966,0.13519716134294868,0.4450916355848312,0.914230697080493,1.4016706425696612,1.7812291157245634,0.9092288534715772,0.18754284985363484,-0.021512709558010115,0.04122943520545956,0.038086776807904225,-0.0383785292878747,0.017651794590055926,0.47303970415145163,0.7509395461715757,1.0454646150767801,1.6980079656466842,2.755145522207022,1.1056117694079877,0.053641479164361947,-0.14248899713158608,-0.08732135474681854,-0.047766051739454266,-0.12982284553349016,-0.09488117950037123,0.29341820370405913,0.807012098878622,1.1688101969100535,1.8756657622009516,1.3097169411182403,0.6597685313224793,0.05574970997869968,-0.05735159352421759,0.04416087344288823,0.04500299900770183,-0.02850733667612077,-0.0263329975027591,0.18466183200478553,0.48171591579914097,1.3368902176618576,2.2302372272312643,2.089424780756235,1.5116901757568122,0.24714632779359813,-0.15922957375645638,-0.13527025669813159,-0.10783475793898108,-0.1299446063488722,-0.10708234544843434,0.15097924064844845,0.4573633754253388,1.4753718276321888,2.059313239604235,2.0145551255345344,0.8830574399232864,0.10499497979879382,-0.11654276967048646,-0.06584498569369317,-0.09358309432864191,-0.14910160742700101,-0.08997816156595946,0.10469692461192606,0.4155208902060985,1.6531253529340026,2.1167002427577972,2.8171126403659583,1.134108785390854,0.041557854637503625,-0.2688256205618382,-0.16648048236966134,-0.1879040063917637,-0.2308739323168993,-0.15400232379324735,0.11763927213847636,0.5978597940504551,1.580781343281269,2.5546774420142175,1.686754702627659,0.7770291090011596,-0.0009700625017285275,-0.15040585175156593,-0.07046200886368753,-0.05593893751502037,-0.12363461900502444,-0.110265895947814,0.13576548302546146,0.6186069667339325,1.344031921774149,2.542244177907705,1.1318227018415927,0.5910547365248203,-0.017839133590459834,-0.12476371653378009,-0.02949002325534822,-0.04369365736842156,-0.10958123050630093,-0.05350754216313362,0.1611951735988259,0.3898413722962141,0.9580147042870522,2.1185610599815847,1.185036151856184,0.5311242038756608,0.08123671010136602,-0.027965777069330233,0.08441981896758075,0.0976253294944763,-0.005884488858282572,0.032628130894154284,0.13901032272726296,0.4598073948919773,1.04578724399209,1.7116905940324068,1.4295583423972131,0.8886951419711113,0.2813872827589512,0.0254795828461647,0.06567050479352471,0.010746483802795392,-0.07488709449768069,-0.05021652948111299,0.2002842915803194,0.6205513243377208,1.4632417262718083,2.2173815754055974,3.4469936141371726,1.6522319491952657,0.2828550593554974,-0.22501432463526724,-0.25247983604669577,-0.26709465265274057,-0.3684231432247907,-0.3095068304985761,0.08538909800350665,0.28714670121669766,0.8949130458384751,1.6562417927384376,1.6568556891381738,0.729772329851985,0.298093741685152,-0.08961860179901124,-0.026795356199145314,-0.04716417148709296,-0.10918083563447001,-0.09256134230643512,0.13067076383158563,0.20199884153902525,0.9956826223433017,1.5953865692019462,1.1560964410193266,0.5583547246456146,0.09963756695389747,0.00623789221048354,0.07990798234939572,0.05081277221441266,-0.010187272801995296,0.029699105620384202,0.23163225948810579,0.3890204384922981
111,0.43989782929420473,0.5589257419109345,0.38055952787399294,0.029848339222371522,0.01851025726646182,0.02505677491426464,0.03130541704595082,0.030563907697796776,0.01727728154510256,0.00997594299260522,0.09692313000559802,0.14506130041554566,0.6749694540724158,0.5002992547862232,0.20594606496393678,0.03614265464246268,0.007446793420240244,0.027320360578596554,0.03373992214328605,0.03114314806647594,0.015890428498387288,0.0582168322522193,0.09494453707709904,0.40241490660235285,0.44979816175997256,0.5713008108735085,0.2307335786614567,0.051387725863605696,0.013304699514992507,0.027073680907487817,0.03331780092790718,0.03209977418184277,0.016739247627556277,0.011496053375303706,0.05428984202444549,0.25536065945401787,0.6048210263252258,0.4967695942521095,0.32259954065084456,0.04894727956503624,0.03466562350280579,0.02675688326358791,0.035611887499690006,0.03226368837058541,0.016698641087859817,0.015617181411944275,0.05603643645532426,0.2115276689827442,0.7148352640494704,0.5728476210683584,0.22405229136347765,0.08125197798013682,0.016860220544040155,0.029321403577923733,0.03473133206367488,0.035057828575372645,0.018356961496174294,0.0111995806265622,0.08114394347416234,0.26752058573067183,0.6108871440589428,0.7555904242396354,0.3848745521530509,0.07204644393175834,0.019137917365878783,0.02514476965181524,0.03455169843509789,0.03207816816866393,0.01835449364036316,0.014521291283890556,0.11330299603170713,0.3466471024230122,0.6569842968136073,0.6736398895084859,0.3960007355734706,0.10086624979972836,0.014279499063268258,0.025487085282802534,0.033515871874988036,0.029666278921067664,0.01941695850342508,0.008204744940157927,0.07279065289068963,0.2923428792506456,0.7281994809955358,0.6842481723427772,0.3690741628408432,0.05256950276438142,0.010831710384227288,0.027429267140105323,0.03502708379179235,0.03304740577936168,0.01757110539823766,0.012632738377433225,0.0796131716202944,0.25269849970936775,0.8032449366152287,0.7327505892515183,0.26775396730750795,0.09294877279549832,0.00885622097877783,0.022503258972428702,0.031234441706910688,0.02951090129092332,0.015187187697738358,0.01025843496900047,0.13511754562030542,0.3652466404996812,0.5397864113003015,0.5998310369253159,0.26366457179188724,0.0505073601286858,0.01758016230538482,0.029192304089665354,0.036445175781845994,0.03410946249961848,0.019262634627520987,0.013874134225770792,0.04433883677236732,0.24898725473321975,0.5612391684949398,0.6729173028469086,0.2390110982209444,0.034186463141813825,0.011333856051787708,0.02711145685054357,0.03467547435313459,0.032979852911084837,0.018105635233223383,0.021223180545493915,0.10441296565346417,0.26559137951117007,0.6765798015147448,0.7017893338948488,0.258775790259242,0.03794185347855088,0.02861382666975256,0.024396746577694965,0.033708996623754456,0.03344147436320778,0.018402365259826137,0.01055896732956167,0.07182293629273769,0.4555417215824127,0.5808424416184426,0.7521937241405249,0.2991584054380655,0.04644505131989714,0.01346627915278072,0.027140748836100053,0.036078114286065055,0.032698611915111496,0.019018503315746733,0.010933755040168714,0.07963369458913798,0.21642348701134323,0.5520587974786758,0.6253189757466316,0.2817310856282711,0.032715475428849415,0.0122224859334528,0.025297160558402497,0.03390545425936575,0.03094945872202512,0.016818529814481693,0.01848233152180905,0.11518577717710284,0.3185342049598694,0.425981740290299,0.619151228144765,0.25670943927019835,0.0737828186759725,0.012483251532539676,0.02845676651224489,0.035265364050865125,0.03339083492755886,0.019138711020350405,0.01309160457341928,0.10569366829469795,0.2378560307528823,0.5268265432119369,0.6923225248605013,0.31213545359671113,0.04759645811747755,0.01106771409511562,0.02853134732693429,0.03632266305387015,0.0334724055230617,0.019859096333384462,0.020780154787935275,0.08803903777617958,0.32439147554337977,0.5620401275157929,0.6277100551873446,0.34542734837159517,0.11158523293212053,0.014323432170785928,0.027752323113381827,0.03459759488701815,0.03441504478454586,0.018000750504434053,0.010927411655429712,0.07996621652971948,0.26462954994291066,0.5145020353049039,0.6717374233994632,0.2131820232979953,0.07891779253724959,0.014645608011633112,0.02816500134766096,0.036362683326005875,0.034855796545743896,0.017902658432722044,0.03710803396999833,0.10152598787099117,0.27224845917895435
112,0.05871162255061788,0.0016938273794948999,0.056398596870712914,0.047858253936283277,-0.00454539598431434,0.00039041984127834005,0.0017194594489409998,0.0021582974120974,-0.0008627739152870679,-0.0010438731813337601,0.041506567271244396,0.017258096511795874,0.04152074982703195,0.20066384602338072,0.21729999741772188,0.06237209964776409,-0.0037238795057055333,-0.0031403819157276415,-0.0010667316615581676,0.00015796465449965203,-0.0019981852686032165,-0.002416974526131504,0.0032508434022383926,0.016187779406682236,0.071692743888816,0.10769389781518837,0.14249036702443843,0.014660311229526967,-0.00043852044269439576,-0.000630760993808514,0.001390974866226292,0.001584618925116936,-0.0019797041383571557,0.0033491103473352593,-0.0020305650336149518,0.015842030214189416,0.10917635025427441,0.07979015467761198,0.112145658590598,0.028816172588849425,0.0033687869342975247,-0.0019664790242677776,-0.00020663832081484809,-1.2121929321468007e-05,-0.002776275802752904,-0.0024478694674326005,-0.0002870277157049392,0.01125062635692299,0.0481435312447138,0.21269356329459693,0.16554494727170094,0.1165738326171413,0.007026454140432184,-0.004240866023465036,-0.002150988325010992,-0.0018058294430375078,-0.004457565395859966,-0.0037067152932286156,-0.0037358290478277933,0.015288563116337162,0.05346670208789871,0.16630608256906268,0.19324420503340659,0.051220263496506935,-0.002493287930265048,-0.0033945112390210835,-0.0013404631521553,-0.0006289661489427239,-0.003438054475700436,-0.004520937302149785,-0.0019924299277863417,0.03197130018710596,0.09176959267642812,0.15150112059200177,0.27692681991844437,0.11858723127748819,-0.003996807925286672,-0.005332064144895405,-0.0029918918106704843,-0.00258694482035936,-0.005544666454661599,-0.005688425551634247,-0.005482866302595525,0.023831736835309106,0.12117834281059911,0.19637641153298316,0.11054276759154161,0.056479724997188875,-0.009058378706686184,-0.008584413745556952,-0.00581302922219038,-0.004072933350689716,-0.006852046661078892,-0.007829016959876724,-0.0059477102709570165,0.02649850643181706,0.07548072185163615,0.2325972484797239,0.18012284441618245,0.10892542695364679,-0.006865580927114911,-0.003676930470392108,-0.0013078571460210038,-0.0011324194120243321,-0.004507130451966049,-0.0039695957250659875,-0.0023580425838599546,0.008284428618790094,0.10206317643285727,0.22865684133255854,0.16039866593899205,0.05053351370152085,-0.005674501045723429,-0.008168408730998644,-0.004626263512764135,-0.0036136201000772513,-0.006457278737798296,-0.005736082491057432,-0.0037240223483445377,0.016158138652681366,0.09867642446755778,0.16549231432494704,0.2651162560004741,0.03484219596604814,-0.0031204321235418077,-0.005472570230485855,-0.0016626834741328082,-0.0013899894570931922,-0.004256560147914531,-0.005628789888578427,-0.003351189236525428,0.05188564535703335,0.18813324518792793,0.21366985461674629,0.16189830967225133,0.05595298399450256,-0.010628347164019914,-0.007069942777743544,-0.004300015158951276,-0.003965267522726208,-0.006101357819279618,-0.006931240710255186,-0.002313272850715296,0.07334324455237945,0.06905629607499573,0.19713016704379696,0.07663275626604442,0.02910588083090259,-0.0016483248083386398,-0.0036929988925112392,-0.00021678247256206551,0.0007587983808479952,-0.0017738295474555104,-0.0027682665624888343,-0.00261277362792611,0.0036987573674923313,0.05086273444641844,0.17789398880326185,0.0781676052510738,0.03764296854104032,0.0035666392021812764,-0.0004854704323224698,0.0013215529057196882,0.001526584280654748,-0.0019093727972358241,-0.002706700854469054,0.0024857748655972285,0.031217092432198078,0.0952604017933481,0.14976407014881257,0.1147868987661786,0.06411191495950333,0.008128852285444752,-0.003491970053873969,-0.00143248770385982,-0.000419069698546104,-0.003275024539325358,-0.0034911513084079776,-0.0016869239236802897,0.02540250313992144,0.1810799115267582,0.25428944401443,0.31450157654471694,0.11549344818806273,-0.009893872286193045,-0.015400433418981252,-0.012030803668312735,-0.008277196809649473,-0.01117283606785347,-0.010859356847358828,-0.004943386966924666,0.018795449443859975,0.057841054774471545,0.10686637237202375,0.246358381039463,0.05324854896403849,0.01298375969752672,-0.0029432604624889678,-0.0009054358804132901,-0.0010026744031347476,-0.003736310882959478,-0.003845665510743826,-0.005277842432533343,-0.0008204036770621412,0.05777995849472062,0.15145421693858224,0.12816381762735546,0.037284243860631235,-0.003521921581123004,-0.0020016610587481323,0.00039003057638179606,0.0008110546087845879,-0.0022336782002821236,-0.002631442814017602,-0.0004790566131396208,0.013596597632877076
113,0.05014775879681106,0.017867802130058362,0.08507342385128142,-0.028621980547904942,0.023931673076003798,0.6431767106056213,6.0330491065979,16.466261863708496,11.342633914947509,1.9093444228172303,0.2441319182515144,0.10937491655349726,0.04551820859313007,0.013670351665350574,0.006415589898824714,-0.04454280625795941,0.08250340001657605,1.4399404639750721,6.276138124465943,12.765295104980469,6.353626651763916,1.2722644090652466,0.25874281793832776,0.10952544867992398,0.048687323853373494,0.014538829124649016,-0.01747698585968461,-0.05772069394588466,0.06438195768743755,0.8456134880334139,5.505948724746704,13.270879983901978,5.514727687835694,1.076767298579216,0.23331848621368403,0.10933392927050586,0.055862847566604576,0.01865126046817745,-0.011493065543472753,-0.034736003577709174,0.06333626933395863,1.2167822355870157,6.738882217407228,11.655204153060913,5.473579125404358,1.3978254640102388,0.300687558054924,0.12244695007801051,0.05435996316373344,0.0176687609404325,-0.01267180364928205,-0.05028258654288943,0.11585097911767661,0.8192759457975626,6.2301379537582395,12.970406436920166,5.522180805206299,1.4967502772808075,0.26579726219177247,0.12214475810527799,0.050761964768171276,0.016207163799554065,0.0031589836999774247,-0.04087729275226589,0.0862370801344514,0.7034335295110941,5.917124953269958,16.019791316986083,6.863148431777954,1.2210925328731537,0.22698261231184,0.10738340362906451,0.05014291766099627,0.01445990063250061,-0.014134971308521904,-0.05530921023339029,0.04476113229990005,1.0660898068919775,7.830548748970031,14.258633136749268,6.389186859130859,1.322803075313568,0.26833869099617,0.1166951368749141,0.05284926116466517,0.015254112248658155,-0.00914630306884644,-0.03923337079584595,0.053435054393485185,0.9301504081487657,7.774137086868286,16.790506601333618,6.594344611167908,1.2570398509502412,0.27082295835018155,0.11683584481477731,0.04625632159411902,0.011496673972578675,-0.013958000421698638,-0.058359682485461195,0.03193075331626459,0.7062835549563169,6.913691036701204,13.806246795654298,6.464706020355225,1.454188380241394,0.22577756583690642,0.10568334132432933,0.05115905247628684,0.014696073404047596,-0.016378056877292657,-0.04335704065859315,0.1054330194555223,0.9824640201032162,6.700396270751952,13.372082109451295,5.501689734458923,1.671270872354507,0.25367448180913926,0.11242325738072394,0.04734059281647201,0.012184083121828698,-0.01942728098481889,-0.06010838828980919,0.03975319549441338,0.9488261310011149,5.2106579697132105,13.15502963066101,5.7000305604934685,1.451115219593048,0.2654359972476959,0.1120158757269382,0.049321271702647176,0.035192315699532586,-0.012848225845955264,-0.04350658651441332,0.03025224023498595,1.1826828587055207,5.261008921861649,12.159941482543946,6.552774791717529,0.9797966182231903,0.2512641808390617,0.11167849704623219,0.04959997415542598,0.015135390814393718,-0.01575778265018013,-0.05578743785619732,0.03127365504415139,0.597550236582756,6.433869733810424,14.720801391601563,6.761917514801025,1.2037075579166412,0.22901265144348143,0.10628827631473539,0.05057027194648976,0.014636034423019709,-0.01571952030528336,-0.05453042721375819,0.04352154539898039,0.8432005064934491,6.312288305759429,13.597189979553221,6.260844416618347,1.0895517802238464,0.2423579519987106,0.11025665268301961,0.050565748363733246,0.015351930211763795,-0.016867438377812467,-0.05242774356156584,0.05343199970200659,0.7313728864490986,5.751656804084778,13.401745510101318,6.7380033254623415,1.3379617023468016,0.2628503465652466,0.11556191772222515,0.04923513107001778,0.014700097823515492,-0.016890620222547982,-0.05038931984454389,0.11608337465208023,1.167535377293825,6.421594223976134,16.55969104766846,6.058243913650513,1.3064344894886015,0.25829553842544556,0.11050038009881968,0.04614577345550055,0.011653969045728416,-0.02295442325994369,-0.05901861183345315,0.029756431374698866,0.5844678308069706,6.173125743865966,12.981494693756105,5.573997950553895,0.977936299443245,0.24647381663322446,0.11103588610887523,0.048968316987156826,0.01457015719264743,-0.011379340535495396,-0.0629583794623613,-0.013978923028334958,0.8095422733388841,8.202818994522096,15.607476043701173,5.695410366058349,1.3142676198482515,0.25611727714538574,0.11333065733313555
114,4.807815980911255,5.025669288635254,2.7763628244400023,0.7497534990310669,0.33615281730890273,0.3411743223667144,0.47882320284843444,0.4592858195304871,0.4253563225269318,0.4089093416929245,1.2167079091072082,2.2787793457508085,4.384439307451248,3.66302072763443,1.7256238722801207,0.6487586793303489,0.2598192012310028,0.36894820809364315,0.4938377559185028,0.4794809198379516,0.4326057028770447,0.5455334591865538,1.4338220173120497,3.4479222559928893,3.97854519367218,3.939732478857041,2.1096115946769713,0.8485621517896652,0.38255545288324355,0.3828013706207275,0.4998278498649597,0.4847565376758576,0.4295453727245331,0.4787500417232514,0.9336729663610459,2.968943209648132,5.000193529129028,3.4571132194995884,2.5452363944053653,0.6772602969408035,0.30001266539096827,0.36504223108291634,0.49879485249519345,0.47648777604103093,0.442124205827713,0.45423277497291564,0.9618549934029579,2.553115260601044,5.138771896362305,4.271430478096009,1.8471396839618681,0.7978266179561616,0.2846414533257484,0.37065372347831727,0.4895020651817322,0.47724276900291446,0.4335968542098999,0.4140483260154724,1.2958686548471452,2.900976365804672,4.885599384307862,5.2368963336944585,2.6390625306963917,0.8476705145835876,0.3390384382009506,0.37486471056938175,0.5026113975048065,0.47475092768669136,0.4325221908092499,0.5141512840986252,1.681503387987614,3.5868291926383975,5.662112283706664,4.687765274047851,2.536024435758591,0.9508777052164078,0.26784745693206785,0.3677699935436249,0.48344972014427184,0.45909588575363164,0.4540370869636535,0.45212305307388306,1.0639199230074883,2.9952097284793853,5.386143188476562,4.3984778475761415,2.642201030254364,0.9575886842608451,0.25716867089271545,0.3682622110843658,0.4855090856552124,0.4754749667644501,0.4306921184062958,0.43852682232856754,1.4517497268319128,2.921087746620178,5.063437421321869,4.655874738693237,2.1604930353164677,1.0599374711513518,0.37175186634063717,0.3855823588371277,0.4996544754505157,0.4749844312667847,0.43069262862205504,0.40861331939697265,1.5009879173338416,3.516075850725174,4.255458340644837,4.028930292129517,2.4571450567245483,0.7476693719625472,0.368138627409935,0.4140905117988586,0.5166938269138337,0.4941342604160309,0.4483616280555725,0.4133685076236725,1.0370861029624938,3.053665358424187,5.1646917533874515,4.740536227226258,2.2179342591762543,0.5425153708457946,0.2215258082747459,0.3663724529743195,0.4944434952735901,0.47747625470161437,0.4505952370166778,0.5362888240814209,0.9941964638233184,2.912704300284386,5.26885642528534,4.137010643482208,2.168155035972595,0.7396923631429673,0.40451609283685686,0.40230778574943543,0.4967437195777893,0.4740560233592987,0.43369780778884887,0.4222451782226563,1.189689486026764,3.951264773607254,4.94334716796875,4.815369725823403,2.1957884573936464,0.6815679883956909,0.27448513925075535,0.35758080244064333,0.4933231365680695,0.47965560913085936,0.4335539913177491,0.42049212098121636,1.0107220286130905,2.5838828748464584,4.2069590950012214,4.1696959042549135,2.3695573127269745,0.530648677945137,0.24622015953063964,0.364665230512619,0.49067785382270807,0.479839962720871,0.44455435633659357,0.5450758671760559,1.1268590873479845,3.149495666027069,3.8185289615392692,3.8670454382896424,2.0434728980064394,0.9661113607883454,0.2713582020998001,0.37914254069328307,0.5008513832092285,0.4860331726074219,0.441027055978775,0.42944905638694764,1.623678796291351,2.592816681861877,4.327163577079774,4.516082404851913,2.1904279768466948,0.6559681829810142,0.22425060302019117,0.36447365880012506,0.49314539194107054,0.47463720679283145,0.4268081402778625,0.5691698503494262,1.5819772633910179,3.6621901565790176,5.082674236297608,4.7372082591056826,2.453534621745348,1.0684617084264756,0.2957221466302872,0.38074418902397156,0.49767091035842903,0.4737354409694672,0.43706386327743535,0.3897784781455994,1.145231797993183,2.6508598947525024,4.014123501777648,4.125468670129776,2.044716899394989,0.9017755192518235,0.31228913098573685,0.39095218062400816,0.5121908104419708,0.49054989457130427,0.441149640083313,0.630394332408905,1.2170332491397857,2.798653355240822
115,19.456400871276855,12.462732696533203,12.59272904396057,5.44063286781311,2.379417896270752,0.19205943942070008,-0.15532362759113313,-0.12230750024318696,2.654407525062561,2.6881791472435,4.772588568925857,14.970637798309326,15.09807459831238,19.40845383644104,11.607239475250243,4.498688473701477,1.9442618751525877,0.4797653704881668,-0.09326105296611786,-0.23913531601428986,0.06942839950323106,3.624854879677296,6.914757915139198,11.81556232213974,14.091245336532594,16.45689452171326,10.800547103881836,4.517047080993653,2.522989387512207,0.662662332057953,0.012334390878677345,-0.13969549492001535,0.029602685123682027,1.3368912845849992,9.918271398544311,14.128223524093631,14.251330642700196,13.663397865295408,9.410033009052276,4.726443753242494,2.217138135433197,0.506945527791977,0.09140074491500852,-0.07309378087520599,0.14497507691383363,2.5857006816565993,7.11921763420105,11.178363609313966,14.261659460067747,16.160260524749752,10.114003047943115,5.458849582672119,1.877548179626465,0.4873789966106415,0.09001455485820771,-0.08367504656314849,0.25267217949032783,1.8665837419033053,6.032678576186298,13.11037235736847,20.295037059783937,16.498466300964356,10.867916035652161,4.165371828079223,2.1909811532497403,0.5386659073829649,-0.11705969810485842,-0.27218473970890045,0.12787550032138825,2.5695375525951385,5.741211746931077,11.582120628356934,17.15842140197754,16.14325471878052,13.49890242576599,4.627430562973022,2.1831387841701506,0.4844117414951324,-0.02529359281063081,-0.14131460621953013,0.1948837700486183,2.919209778904915,6.9090044212341315,14.048645200729371,16.009207763671874,10.68429874420166,6.717206506729127,4.631103367805481,1.5145395791530607,0.40733127176761624,-0.021807881593704236,-0.19586577504873276,0.06443106651306155,1.8053583446145054,6.6275555968284605,13.2937192773819,15.418214035034179,14.202128887176514,9.073323202133178,4.085705072879792,1.8639986670017241,0.4003954732418061,0.03604023933410645,-0.10635383546352387,0.08412149459123612,2.6712757107615475,7.058931225538254,13.569067897796629,14.202817449569704,13.836590662002564,10.750171508789062,4.926472373008727,2.0916588211059572,0.45524568319320674,-0.029321500062942502,-0.18693224638700484,0.2369269922375679,1.8779514741897583,6.305952017903327,12.17569266319275,15.857632865905762,14.690911250114443,9.336269583702087,4.375582704544067,1.2925760769844055,0.3896957242488861,0.06936012685298919,-0.02478291451931,0.27048001304268837,1.8892898441851138,6.697966840267182,10.604783182144164,16.850617036819457,13.960499601364138,8.616735582351684,4.5352150821685795,1.8280575251579285,0.5030178689956666,0.026322289109230033,-0.08147967636585236,0.4789052116870881,2.0687455022335053,5.313898584842681,12.880118198394774,14.299656372070311,16.948827371597286,8.957953667640686,3.7355780768394466,1.9774383354187013,0.31812642216682435,-0.03477194249629974,-0.15347247958183288,0.2675206288695335,3.1486447215080258,5.456367379426956,11.338136119842527,14.369948482513431,13.202540483474731,8.40965836763382,4.480193606615066,1.5909173095226288,0.6740560817718506,0.04088209807872773,-0.10048626184463502,0.2602997066825628,1.7474358275532722,6.306434060335159,12.430757131576538,11.227534790039062,12.784791426658629,7.324222459793091,4.4278592061996465,2.385865718126297,0.6267179083824158,0.14053734123706815,0.024779227674007406,0.22404148146510122,2.5747848485410207,5.537937788367271,12.344406588077547,14.66342737197876,15.25129786491394,9.521200952529908,4.3614607477188105,2.1465292680263515,0.44578330338001243,0.10723609149456023,0.0579280562698841,0.19762949556112291,1.8491091147065162,5.304370219707489,13.534062967300414,13.973204374313354,15.461067562103272,9.136503992080687,3.272706284523011,1.4356361067295071,0.3888215160369873,0.06934140741825104,0.0944286188483238,0.49091718390583994,1.4665785276889802,4.155375282764434,10.010410130023958,15.278347330093386,15.979926462173463,10.467631883621214,5.225049906969071,1.7709460532665253,0.44397932410240176,0.11396543145179747,-0.0026310927793383896,0.25856186807155607,1.6254077512025833,6.486753850579262,12.17106303215027
116,-1.5698979314038298e-05,2.4499464234387064e-05,-5.479522696985848e-05,-1.6233064707193988e-05,-9.438583401788491e-06,0.00021504759997695378,-0.00012086151982657876,0.046408397097547974,0.20583481545763788,0.2401502497123147,0.11658775597384193,0.03768735488147285,-0.013422077769992002,-0.016938603634334838,-0.01769030510866284,-0.018491245502955254,-0.01865631873137315,-0.01834185547249944,-0.016649021436041925,0.15409217362712296,0.1994667498961462,0.07895293475230572,0.011063764052105397,-0.010075535351515993,-0.024557165250880607,-0.028249954040511466,-0.029924281484854837,-0.030816981820680617,-0.029234825430612503,-0.010276713209022967,-0.0020303105292259595,0.18196298205206402,0.16254502817755567,0.057620023019990176,9.460998480790156e-05,-0.01922713965410363,-0.033902389013965105,-0.0365481168281985,-0.03847088435082693,-0.03948336396017108,-0.038590181089530176,-0.034451673463045104,0.05090429987583778,0.26847616102546457,0.22441354433132804,0.07856815313396509,0.0006178384565282711,-0.02534168586716984,-0.030155195613478975,-0.03159978490322825,-0.03330860580506847,-0.03431769623988653,-0.03475896339856259,-0.0323188455845229,-0.02088239700475241,0.19957601671696468,0.2021474909329845,0.08976764168823136,0.007602678685852897,-0.02043208168550333,-0.030207591963699036,-0.03438774989102963,-0.03634389246813948,-0.03592810025555078,-0.03516098749096268,-0.03327011179761025,-0.026515817304898492,0.18997416261234318,0.24644305266439911,0.08501482246443626,0.007379147126339368,-0.02114686786662782,-0.02734049887949363,-0.032178634536685374,-0.03516011704428816,-0.035526942305150404,-0.03468049048329698,-0.03329144841321973,-0.0031787843417259445,0.28570060421006926,0.26602936530205623,0.12227132602405617,0.026216481273877452,-0.010390985371777774,-0.03368988087444445,-0.04231997399736425,-0.04499741241976149,-0.043471922208409494,-0.041979446930563394,-0.03880224410673686,-0.009113575473820667,0.2799506940109131,0.28712315752556605,0.11124747812311395,0.014819862869408095,-0.0189690951313241,-0.02652291497448454,-0.031241896244464395,-0.03335973089735485,-0.034329492317920034,-0.03497080331435424,-0.027243001578608494,-0.008209410851850386,0.07180654510535532,0.21968217012588864,0.10624626599397742,0.0181735013659636,-0.014678675800096217,-0.025655353426700406,-0.030745030037069188,-0.03305732923909086,-0.03424896106153025,-0.034799095988419106,-0.02465998931485952,-0.003487581472290885,0.19723316259565765,0.24540558477747254,0.08911460912684559,0.011005553812065035,-0.015997238687414178,-0.03133100575942076,-0.03496813833116898,-0.03652709840593158,-0.03606144360528556,-0.03649308339736305,-0.03602843605836822,-0.024645599482555527,0.14867561261868104,0.17703896484163123,0.059439237711339944,0.0024390729880906237,-0.020418384754339013,-0.024103726320463443,-0.025113779887469684,-0.02630412193571825,-0.024594578427568164,-0.022780753923798303,-0.011939824514374751,0.004886142842296984,0.04715462320134975,0.08992022192134755,0.03151258961072016,-0.0033597719268800416,-0.017139223270423793,-0.01905187332631609,-0.02595222821641069,-0.028546566773438788,-0.02854163806667198,-0.029018060293310527,-0.019131698141754864,-0.00045743845606917766,0.1642532844377274,0.17754485375196963,0.07932751614134756,0.033428015687604784,-0.002225028100365277,-0.03133508740225801,-0.03582419799000487,-0.03820251963043116,-0.03814604736922771,-0.038810808453126754,-0.03254407720378364,-0.019130093607891436,0.17221519932383672,0.24198813186434562,0.09270910049264784,0.012470909140538429,-0.020285607363330158,-0.02937813461117908,-0.03418705123971445,-0.03641868472739583,-0.037380317832867105,-0.036462032503914055,-0.03163513886218422,-0.006272491927375075,0.2109252559469314,0.20708764836570484,0.0746393221740436,0.008437757577194152,-0.01886341502657157,-0.03574179098010059,-0.03956872195005412,-0.03857346034958022,-0.039536251198733184,-0.03979358702781606,-0.03584416197612879,-0.021981176049448516,0.13332724856853023,0.2182121689245105,0.07851831606589256,0.004286467975471173,-0.023540500098388255,-0.024584008222300287,-0.02597221744261328,-0.026629019512110934,-0.02638715989523912,-0.02439526473724977,-0.016235791932922402,0.0028195386669904216,0.11889293968386483,0.1326343587960582,0.04524862455778929,0.0008212535045459043,-0.015507169419834054,-0.013723850866372195,-0.01763593596842835,-0.02564737209628216,-0.029030844045337244,-0.030431487938767487,-0.029785914914282285,-0.014381072580799781,0.2134189510572469,0.22164300433272727,0.0875817439885577,0.0111584949025564,-0.014958477335458121
117,-8.758541297912597,-9.107309246063233,-5.388866901397705,5.516427826881409,41.461377716064455,133.87112159729003,247.44270935058594,498.43450317382815,477.1361053466797,220.2635757446289,21.630835080146788,-8.992393517494202,-9.481477289199828,-8.478328247070312,1.9143390941619873,27.597537212371826,83.19586002349854,178.28522117614747,311.2422216796875,480.6734283447266,319.7896252441406,124.48670242309569,12.598182049989699,-8.004276285171509,-8.753855590820312,-8.105032882690429,-3.4323797726631162,19.478154392242434,74.60744083881379,136.0357529449463,284.7700048828125,441.38018005371094,291.91168304443363,113.53210678100587,11.109186086654663,-8.124389140605926,-7.959210014343261,-7.9698754692077625,-0.6922638916969296,25.154793758392337,77.29891901731492,171.21346618652342,317.855400390625,403.5918426513672,274.6243493652344,156.36407958984375,14.183847653865815,-6.057554075717926,-7.356466960906983,-7.783114042282105,-2.04728524684906,21.858948702812196,63.49473924636841,137.2513274383545,294.24933593749995,418.20990600585935,275.61546295166016,147.2798886871338,33.10137340068817,-4.877662296295165,-7.31233564376831,-7.5687379646301265,-1.3096972656249999,23.601407597064973,64.88105777740478,95.27210845947266,300.9211743164063,522.1406207275392,311.9230749511719,131.0623010635376,22.42649972200394,-4.477464118003846,-9.725124874114991,-8.988343963623048,-2.859722654819488,12.603851039409637,65.25085838317871,115.80684596061708,335.73051300048826,471.3439459228515,289.1677059936523,135.6339347267151,9.595773197412491,-6.661705236434936,-9.50228575706482,-8.762843103408814,-2.616478862762451,33.83719145774841,65.00933765411376,143.91813545227052,372.98078308105465,504.3217205810547,295.2972271728516,122.2311399102211,31.03689248681069,-7.663430638313294,-7.486194391250611,-8.1330246925354,-2.2624956488609316,14.655822384357453,58.29598741531372,124.97976837158203,325.1852407836915,430.39178222656244,291.2332971191407,139.43368530273438,21.28428422689438,-6.241255950927734,-6.878296666145324,-6.871048340797424,0.517454137802124,26.21155623435974,77.35514106750489,165.85038558959963,308.2527899169921,457.45135192871095,278.0914828491211,127.09961006164549,17.712848794460296,-5.8276544857025145,-7.708051830530167,-8.365445356369019,-4.2293585634231565,24.788567943573,78.32845973014832,143.20400497436523,310.0232562255859,498.0208001708984,320.5074319458008,128.3391401672363,22.417810368537904,-3.6751843452453614,-6.073965134620666,-3.657519390583038,0.9698010301589968,26.876122555732728,63.53686000823975,138.69539031982418,264.4437658691406,391.4696887207031,285.00915344238285,103.86730579376221,22.04493292093277,-1.8999144554138183,-5.566599407196045,-6.5949496245384225,-1.711596918106079,20.779103894233703,58.25402439117431,109.99594032287595,300.76776031494137,461.1434020996094,305.48290283203124,114.82656730651857,22.2136966830492,-4.302179794311523,-8.410961680412292,-7.439783115386963,-2.4980027484893803,18.042265305519106,65.98115028381348,112.66417610168457,313.1171832275391,483.46159545898433,335.0095822143554,124.41675338745117,11.543428916931152,-6.381846623420715,-4.204274244308472,-6.915902366638183,-0.010931792259216167,20.20457577943802,69.01418921470642,115.22581504821778,321.0330834960938,467.0474505615234,297.6067053222656,113.36945136070251,15.172549010515212,-4.560651370286942,-5.787803347110748,-6.033506591320038,0.16377116918563822,26.10762906074524,65.21167888641358,152.27014015197753,294.51105529785156,479.03981018066406,322.2735781860352,143.68346725463866,22.21808572053909,-5.3056513738632205,-6.717350006103516,-6.552577610015868,1.7361030387878418,28.000718932151795,61.368897399902345,98.41556182861328,293.1561932373047,434.7856817626953,300.42836486816407,125.6232342147827,26.53789059638977,-0.9576223874092097,-7.784345951080323,-7.226390581130981,1.817519745826721,21.367722027301788,49.49044523239136,157.91178001403807,345.5770550537109,510.3536267089844,278.81567810058596,150.4450574874878,22.9252695953846,-6.26388300895691
118,1.4582383088767528,0.5757071405649186,1.2184121906757355,0.35663689002394666,0.22068432569503785,0.2268717184662819,0.2635592192411423,0.2265607744455337,0.11402656659483905,0.12118147686123848,3.366725279390812,3.042184814810753,2.6800249992311,1.3918350587785246,0.9655401766300201,0.30332509707659483,0.13897580385208128,0.17438423469662664,0.1949691531062126,0.1917157959938049,0.08508577808737752,0.05648826830089089,1.0360400514677166,2.985550507903099,1.8907236632704734,1.7026798623800279,0.7450909607112408,0.22546552225947378,0.16104945212602612,0.21178078666329384,0.2476292943954468,0.22956557959318155,0.11136087164282793,0.13603516366332766,0.7187132371217012,1.1129909845627846,2.147459775209427,0.7664555868506432,0.9313295936584473,0.20426268476992843,0.16185211062431334,0.20590505808591839,0.25742025315761563,0.23676746398210521,0.1282533641159534,0.11465254522860047,0.9396696166694165,2.2105375898629425,2.7659049588441844,1.9099234604835509,0.7770792880654336,0.22774092637002466,0.08106411606073378,0.1673731780052185,0.2522155356407165,0.233725608587265,0.09358042486011978,0.0692437786608934,0.7976022539287807,2.2208963351696727,2.101256146878004,1.630370452180505,0.9909153169393539,0.3365792432427407,0.17071593940258026,0.1919663095474243,0.2072011390328407,0.15505593985319135,0.07231281302869316,0.06510531332343814,3.26844727396965,2.6599784983694557,2.3008658819645644,1.2098376737535,1.0432795497775078,0.21318146165460342,0.14833511531352994,0.17839171200990672,0.21326814591884613,0.18811708271503447,0.08159767307341095,0.05565907023847102,0.8685914219915867,2.2901679049432273,2.8057933712005614,1.5627696907520296,1.231766023635864,0.39534369871020314,0.20398422569036484,0.2274859687685966,0.22873621374368666,0.2066391709446907,0.06870042085647579,0.055036571994423855,0.7542475596815349,2.2290228254720565,2.7497085261344907,2.4296420534700154,1.1236586397886277,0.3415863588452339,0.19884319856762883,0.18935256391763683,0.21866610407829282,0.18255947366356848,0.09834953144192692,0.07194563772529361,0.9921936853975056,1.696203161627054,3.151971598267555,1.7072545641660688,1.092040598243475,0.4306328688561917,0.15939615130424495,0.17636944204568863,0.19690751701593395,0.18743520766496657,0.08806649491190907,0.08289399385452267,0.48810922279953955,1.719111361578107,3.804487626776099,1.8773712682724,1.197493593245745,0.14959395818412305,0.11138298302888869,0.1362080806493759,0.18694532006978987,0.18786371082067488,0.0977827590703964,0.11692195851355788,0.9921512188762428,2.2411021102592352,2.496620472446084,2.293557474911213,1.127163690328598,0.25307873725891106,0.13417906075716018,0.15945715337991712,0.19193039298057551,0.15854555964469905,0.07452946048229929,0.07334588974714279,1.8575878807902335,2.876901743449271,2.963177316188813,2.5570554338395595,0.49011560589075087,0.1452516610920429,0.10281598851084706,0.15732610702514646,0.20276665568351743,0.1634448257088661,0.08476647462695834,0.07531768672168251,1.13382339540869,2.280772362053394,2.8434432396665215,1.88216242313385,0.5120668888092041,0.1740974500775337,0.14492306947708128,0.1825349289178848,0.2163634365797043,0.21308279037475586,0.12469614617526528,0.11090466137975452,0.5363719579577445,2.045372373312712,3.507033502459526,1.4162855726480483,0.718194703757763,0.36222664698958396,0.2248699191212654,0.2407315769791603,0.2629782927036285,0.21812426656484604,0.11232298895716664,0.08026122923940418,0.8038039848208427,1.3177537054568529,4.289799723997712,2.3045836918056013,1.3309270192682743,0.29956844057887794,0.11758102998137472,0.13069343656301496,0.17380198687314985,0.1810691112279892,0.07620937108993527,0.0487465454638004,0.77261105671525,1.61689911223948,2.7473598500341176,1.3257471646368504,1.0661352753639222,0.15976656517013907,0.16667660787701605,0.17833943426609036,0.22969451278448103,0.22275479197502132,0.10368485838174817,0.07193293742835519,1.0070570093393325,0.7207292911037804,2.599009480178356,1.4836194020509719,0.7879633176326752,0.08933140486478804,0.1292405036091804,0.17141507744789125,0.20981402605772015,0.2001809453964233,0.08794563263654706,0.1731765159219503,2.28001982241869,1.3932134795188904
119,-0.29539153575897215,-0.24332869350910186,-0.10691020190715786,0.011078101396560652,-0.06899499893188475,0.3487356215715408,0.34598536491394044,1.886477740854025,1.8183021306991578,1.2502531170845033,0.5184371009469032,0.11969695817679163,0.016358307972550397,-0.1782475075125694,-0.10032057285308835,0.1408049062639475,0.15776916652917863,0.022132614850997923,0.40866833984851836,1.3705736800283195,1.115811498388648,0.7184300071001053,0.2828530547767878,-0.0071095423772930865,-0.15102598056197164,-0.10460427239537236,0.18711088344454768,0.25668755561113354,0.2928967076167464,0.4223948733881116,0.32587088637985284,0.9564139947295189,1.1027633071690797,0.6252309766411781,0.23258418060839176,-0.05175344299525023,0.006495924293994926,-0.16691010527312752,-0.15574800912290812,0.058179517462849606,0.11707237243652344,0.38543314158916475,0.34016650099307305,0.6652598984539508,0.5832612901926042,0.5529864673316479,0.2051462305523455,-0.0107611172646284,-0.16771295517683027,-0.1463286192715168,0.3591518665105105,0.847338733538054,0.34164962768554685,0.20952231295406815,0.3284850996732712,1.9619489808380606,1.402022442370653,0.8459313230123371,0.32284432273358105,-0.03157775498926638,-0.11042406976222992,-0.10404807545244692,-0.007628426477313019,0.3227920128405094,0.4360658416152,0.19622053526341912,0.27426525838673116,1.4650703939050438,1.2247447423636912,0.4871656008064747,0.12448502764105795,-0.055740479975938784,-0.11129823477007447,-0.09499982282519337,0.056032083444297345,0.1324330312013626,0.3910939305275679,0.4264735785126687,1.0481393031775952,0.7088561861217022,0.4982943679392339,0.5342412066925317,0.23364473968744276,-0.04592145003378391,-0.20734034337103363,-0.24010309092700483,-0.004782413896173227,0.16806840747594834,0.10953219860792163,0.25588303700089454,1.1468559654802086,1.7742939229309556,1.7006100788712502,0.8567502181231976,0.41538347810506815,0.020173937883228056,0.112327408278361,-0.05188915759325026,-0.04616179045289754,0.13668795667588712,0.09605851642787458,0.07168884448707104,0.47027698934543877,0.8484993770718574,0.8894225234538318,0.7379724264889955,0.2742190791666508,0.00478420920670033,-0.120906918477267,-0.25333479676395654,0.2945961106289178,0.46453449238091704,0.5369473034795373,0.7834333817288279,0.4018129109404981,1.6269406922906637,1.1708641312271357,1.1446349188685416,0.32486244186758995,-0.09774872861802578,-0.13811392687261098,-0.09771345093846318,0.19239563144743443,0.2221541786193848,0.09898864645510912,0.016050053536891932,0.32538218885660175,1.2132800374552608,1.005719976276159,0.5042526432871819,0.19085875809192657,-0.041210244521498664,-0.03663614317774773,-0.1774942653626204,0.21337437763810155,0.3539328051358462,0.45684231389313934,0.22397456124424933,0.0673721994832158,0.5782107748091221,1.686858465969563,0.6939835853874683,0.27764657005667687,-0.04141554489731787,-0.1434260182082653,-0.15681746445596217,0.08836517091840504,0.23120206110179425,0.1112464401125908,0.10111215375363827,0.19405512154102325,2.138412016928196,1.171363191604614,0.8947941978275775,0.40006146162748335,0.002131242752075202,0.03347427338361741,-0.03792536977678534,-0.060265281274914706,0.18141074553132058,0.16602961257100107,0.1063989543914795,0.15250681998208165,0.9573669117689132,0.6687295151501894,0.3657710204925388,0.11271521396934985,-0.023891248479485528,0.05256643764674664,0.028969084024429347,0.04325370557606223,0.14735981747508048,0.090689005702734,0.1084268007799983,0.3446799972653389,0.7055860385298729,1.1788277557492255,0.9196290352195501,0.28353308856487275,-0.05307767450809475,-0.23798288151621821,-0.20588682010769843,0.6029471027851104,1.437771955281496,0.768790177833289,0.5536288782209159,0.46437902227044103,0.850930978655815,0.969126917347312,0.5893209528177976,0.18860870391130446,-0.15335795089602472,-0.1454828181862831,-0.16382537111639978,-0.05141199201345442,0.1840524882823229,0.3543069062381983,0.25855528220534324,0.28941944789141416,0.7719121118634938,0.9141068442165852,0.6121551240235567,0.2530068436264992,0.0012556093931198164,-0.029810970276594146,-0.04882060348987578,0.027788092643022556,0.27603241316974164,0.3925584644265473,0.5008907632529735,0.4223531794548035,0.9407584759593008,0.8125828674435616,0.8933273625839503,0.5861396658420562,0.05947751507163048
120,-0.0091646410524845,-0.01720226164907216,0.17832764834165574,0.8574410773813724,0.5817187786102295,0.8675525955855846,0.7258565805852414,0.9836429767310619,0.9018034728243947,1.1541047263890505,1.4517074819654228,0.5423999980092049,0.03428222513757644,-0.02978168878704312,0.5919540368020535,2.319252866581082,1.3335438138991593,0.6296785674989224,0.9173546314239502,1.0476877556741238,0.520988871306181,0.5195369247347117,0.7280010066181422,0.41703188067302105,0.16546322718262674,0.083176135905087,0.4161621337197722,1.1956250469107181,1.7102829205989838,0.3180838314443827,0.4199818160757422,0.6686998562514782,0.4109434945136308,0.44631254641339185,0.6462091348692776,0.17219679399393498,0.07357335619162766,0.10769360959529876,0.6186125997640193,2.171766280103475,1.0282948114722967,0.6342726910114288,0.5616664694622159,0.7862776769697665,0.6760386882722378,0.47845033210236576,0.402010501548648,0.2970671521127224,0.14481186592951417,0.15261614676564933,0.8319794434681536,1.8686265632510186,0.8295791207440197,0.3885433701053262,0.46157868564128873,0.8556563498079776,0.4435558220325039,0.47231374919414526,1.0608865267038345,0.29679871045053,0.23534892513416708,0.09471134033985433,0.5452818148210644,1.3672174857184292,0.973080039024353,0.38717481840401885,1.0297742588445544,1.0532473762333392,0.5707099257409572,0.6633938753604889,0.8020395026355981,0.5017049149051308,0.10427762457635252,0.11784364752471446,0.6410513836238534,1.8197198823466896,1.8379721768200397,0.35896703874692315,0.39099257089197637,0.5844950680062174,0.3576165243238211,0.296906103529036,0.4260512272827327,0.6168084819242358,0.1633957803400699,0.0890906785428524,0.7565514877438545,2.85130857206881,1.388834226485342,0.6330578821897507,1.3488341898843648,0.8539409061707557,0.5708740171790123,0.31258033260703083,0.8443956448417158,0.35083569954149424,0.5254030459374189,0.20487000388558957,0.7326587166450917,1.5690984681993723,1.4461344446241857,0.5069004638493061,0.6666453181952238,0.8410696551762522,0.5057763215899468,0.4908634478598833,0.7407529363036156,0.6248475087434052,0.3002544920053333,0.24952214103192089,0.6783923942223191,2.487397974766791,1.8556960436701775,0.5628606203198432,0.814654265642166,1.1330079379677773,0.7487798174470663,0.511681215427816,0.7192161199450493,0.4408868409087881,0.3811272828653455,0.33092578832060093,0.6289582597278058,1.8647549709677698,1.7280764141678808,0.4970294745266438,0.7401158484816551,0.9705221070349216,0.6779300292488187,0.4479815656691789,0.7199380579590798,0.6679064262285829,0.36223187759518627,0.3697776280529797,0.9013111142255366,2.2503267723321914,1.8126442331075665,0.47822721127420653,0.4910604429244995,0.6587221080064773,0.2657859354093671,0.26689204412512485,1.3188616450875998,1.0167792450636628,0.6247082649730146,0.2773905216623097,0.6443073264136909,1.4659574505127966,1.7297772677242755,0.9096004459634424,0.6919610918313264,0.7950713707506656,0.508916890397668,0.37953821115195746,1.2202278186380866,0.5585394500195979,0.18317521106451748,0.8615834576264023,0.47026614788454024,1.6629428691789507,1.2985003506951034,0.5324499160796403,1.0149292050302028,0.7944508267194033,0.5846623918414117,0.5904888305813074,0.5301605674251914,0.5358998054265975,1.0392196278646586,0.4200721970945597,1.0018587396293879,1.9894616931397469,1.7576927395164965,0.38361509390175347,0.5008016748726367,0.9314612282440067,0.4046090462803841,0.3534452790021896,0.6358794405777006,0.4279952494427562,0.6681688277609646,0.379274912700057,1.5413382770866153,2.4261511653661727,1.9180166682600976,0.4769300357997418,0.6206632082536816,0.6356871518492698,0.5056240754947066,0.720854619126767,1.19436218008399,0.38434650562703604,0.12955944871064276,0.47492703838273875,0.7752176887169482,2.8148637759685515,2.390122049301863,0.6287456423882395,0.734876057356596,0.782649186477065,0.4513907679915429,0.4554155443608761,1.2767025542259216,1.0512040600180625,0.3373426438122988,0.11112596406135708,0.8527378445118666,1.5694109442830086,1.0237460070848463,0.646945105344057,0.820841393508017,0.8733903294801711,0.6439654147438706,0.5990053055435418,0.8083333987370134,0.4529788835719228
121,6.9345627427101135,7.233049774169922,7.498663091659546,2.9668947219848634,2.881131410598755,2.5508845329284666,3.8650372505187987,4.036299991607666,2.367079496383667,2.225773024559021,9.204090023040772,3.9527924388647078,8.173560852408409,6.377146270275116,7.262512412071229,4.301704125404358,3.29849757194519,2.5069390308856967,3.694119353294372,3.768523564338684,2.315031864643097,1.294762717485428,3.4722027748823168,7.890004599690437,5.961495945453644,6.71639355301857,4.606490707397461,4.250545673370361,3.4436418247222904,2.6974116468429563,3.8542291259765626,3.968773527145386,2.561399345397949,2.54684029340744,4.807979066371919,5.056903477907181,10.275445003509521,6.421415841579437,5.512570066452026,3.7904737865924836,3.6142266154289246,2.7561880576610567,3.9437623500823973,3.8436533021926875,2.420184235572815,2.043772324323654,3.503421701788902,9.818926061391831,9.262132951021195,7.6649798607826245,5.657141864299774,4.3101502442359925,3.030209016799927,2.2654764807224277,3.4997622835636135,3.6282308959960936,2.293730049133301,1.440317097902298,6.535423926711081,7.806420249342919,6.796827094554901,7.803781824111939,6.5996428489685055,3.727206678390503,3.602106454372406,2.541183612346649,3.6637620639801027,3.814437093734741,2.4153258419036865,1.525846666097641,8.361761949360371,7.279100542366504,9.565904169082643,8.689812393188475,7.889622440338135,4.157797632217408,3.0288053488731386,2.436748812198639,3.578857717514038,3.641007976531982,2.3268305677175527,1.4776629149913787,5.234253064990044,7.741713542342185,9.653887081146241,7.382428939342499,6.5328632354736325,4.6550448226928705,3.7840425074100494,2.6816627955436707,3.8608469510078436,3.820276341438293,2.353670618534088,1.3058706027269364,3.105091173052788,5.050207460820674,8.497952342033386,10.736303021907807,8.862376737594605,5.856045778393745,4.237723093032837,2.4053227519989013,3.427727298736572,3.502862389087677,2.2137306654453277,1.2629566049575807,6.06236957669258,5.041128568649292,7.981736441254616,7.294535398483276,6.5245955848693855,5.2223290467262276,3.5507713699340817,2.501090364456177,3.7301552057266236,3.8762038898468014,2.352001461982727,2.0663582563400267,2.607140388339758,5.991651962995529,11.62203462600708,8.899695847034454,7.625251903533936,3.9956805062294003,3.364230566024781,2.2541533601284027,3.6111132907867427,3.6649114012718202,2.235679014921188,1.638351347744465,5.233807957172393,5.948729219436645,10.451124578118325,12.281109471321106,8.493377816677093,4.6904761928319925,4.984852950572968,2.2743196976184845,3.5030241096019745,3.6246619248390197,2.123233967423439,1.6021775525808333,5.114749723672867,8.902566324323416,6.8970264720916745,9.614396309852598,6.421519231796265,3.9750373506546017,3.173136391639709,2.5335628211498262,3.7621625423431397,3.761304094791412,2.378474931716919,1.4661254513263702,5.465475146770478,7.23302302479744,6.99907274723053,11.332734274864197,6.002483248710632,2.828310344219208,2.9523205971717834,2.691992392539978,3.956146200895309,3.9458427095413207,2.437611210346222,1.754867959022522,3.012802804708481,6.364571297168731,8.384626903533936,6.25004135608673,5.791139132976532,4.792768123149872,3.544650464057922,2.7817342948913573,4.021812167167664,3.891054706573487,2.4041044712066646,1.9733168482780457,3.796513205766678,4.07190397694707,10.296873786449433,13.27411124229431,7.50723224401474,3.958862760066986,3.2734716701507565,2.34344375371933,3.5052856540679924,3.720719556808471,2.29690019607544,2.0233708345890045,3.8548038393259048,6.967198037803174,5.810046427249909,6.488099932670593,7.197477722167969,4.325912922620773,3.483852481842041,2.9591103267669676,4.05069525718689,4.027224230766296,2.6598650217056274,1.7022373151779173,4.078192361295224,3.4973745036125186,8.037555880546568,7.149101400375367,5.762035346031189,3.1423715138435364,3.2498140716552735,2.7866124713420866,3.944385380744934,4.043208465576172,2.552527680397034,2.1472486960887904,7.556093466281891,7.022702557444572
122,29.717698860168458,19.77983684539795,133.6506118774414,383.017529296875,601.8162780761719,229.312255859375,39.19575881958008,5.4843145370483395,29.119634342193603,106.71157913208008,170.13157348632814,134.9138916015625,56.53948846817017,30.82376249313355,82.10280261993408,356.4993099975586,695.9737524414062,303.384973449707,44.66301532745361,18.50335405349731,59.59929096221924,161.73279960632325,209.15446411132817,131.56420974731446,67.83496736526489,24.521054086685183,58.509713668823245,365.0095126342773,631.0426879882813,251.6108258056641,51.59800830841065,19.99310894012451,45.65462715148925,145.6554465484619,217.33694213867184,148.27359848022462,66.23298845291139,37.10303384780884,112.05561412811278,386.86568359375,558.5176940917969,261.42634704589847,50.06612297058105,16.189191589355467,53.432276077270515,144.253048248291,233.6625094604492,160.69235595703122,70.33378677368164,32.64109812736511,90.09790545463561,402.70516784667973,697.7285595703125,254.8812734985351,54.105367984771725,24.331282806396484,46.96931999206542,145.1422095823288,232.41683013916017,187.58064697265624,87.01639770507813,38.40564647674561,115.32824413299561,388.31714508056643,658.5216137695312,249.54026000976563,31.93576545715332,11.668079948425293,48.2988485455513,157.17726379394531,234.92034606933595,165.28960540771487,85.37439865112306,47.208076801300045,99.29392196655274,416.35051879882815,594.7164221191406,285.1052816772461,44.236968688964836,20.601246242523192,46.80771504878997,115.79209609985351,221.82331359863284,190.99107513427734,87.36682308197021,52.20466691970826,106.36188674926757,360.02500549316403,663.4959130859373,241.4764646911621,36.344316978454586,22.095646262168884,56.11136714935303,151.78701293945312,240.59323913574218,181.17198486328124,84.50518735885619,50.39088793754577,106.24756095886232,430.1460931396485,580.8533972167969,255.9965254974365,34.087385177612305,3.7304376316070558,31.17336553573608,127.27078094482422,234.2085745239258,180.66418395996092,104.58537353515626,52.369174575805665,114.71821218490602,400.8475231933594,596.5107067871094,301.323938293457,46.49346950531006,18.144610424041748,51.8012092590332,155.4743009185791,265.0775311279297,222.37495086669924,124.01133628845214,57.56783369064332,121.04783096313477,406.20494506835934,578.8689501953124,287.9706890869141,43.18474742889404,12.013763020038606,45.57371788024902,145.2530044555664,237.90705352783206,221.89286529541013,102.86041988372801,57.80112298965455,107.69759658813477,427.1466339111328,625.964189453125,221.4572619628906,50.03398513793945,15.263816547393798,50.08642543792725,146.884423828125,235.1370660400391,182.37675735473636,77.50877265930175,34.56691419601441,89.46926719665528,388.2256146240235,627.7592187500001,234.57650344848633,47.278683032989505,14.578708400726319,49.755468912124634,138.19356857299806,206.90966827392577,197.21892547607422,112.54662353515626,73.15435039520264,123.54877054214478,422.12696777343746,627.2983142089845,227.23511489868164,45.33798290252686,15.485555171966553,39.422634544372556,154.67953140258788,241.28606597900392,207.7620938110352,113.12543518066404,61.44052135467528,133.00160177230833,373.8142822265625,614.4424353027343,248.48934356689455,51.49510620117187,25.266200160980226,39.27050769805908,139.68644424438477,218.87944763183594,203.58192993164062,101.39734127044679,59.43531747817993,122.99126220703124,443.00263061523435,585.9632348632813,267.5706231689453,54.22169752120972,27.56420555114746,59.3059157371521,156.48578216552735,222.88856719970704,199.18196044921874,84.63721281051635,50.409667835235595,111.35058319091794,432.29229980468745,598.4263391113282,216.71096527099613,45.73464513778686,34.184605331420904,63.098939437866214,135.98073402404785,207.2247671508789,188.9375814819336,98.37943058013916,57.58641529083252,105.27226585388185,405.580884399414,604.8961791992188,273.7859115600586,40.80658039093017,16.031782655715944,58.63630794525146,129.99733200073243,218.7602072143555,173.60000320434568
123,120.89666366577148,150.29562377929688,114.59281158447266,37.688523864746095,17.864878273010255,5.061368846893311,2.4617018699645996,2.025234889984131,1.7896528244018555,2.977544438838959,22.421273612976073,132.1624626159668,132.24371000289915,128.6631039237976,84.15498878479005,37.56194232940673,11.709213190078737,4.95354281425476,2.5375134181976318,2.0803612279891968,1.3794997835159302,1.627685622870922,20.271909437179566,90.36210475921632,111.64509017944336,110.25854450225832,97.09973453998566,41.17323774337769,11.373002014160155,4.302620573043823,2.7218363761901854,2.1472912120819094,1.5135801124572754,4.644869680404662,28.741297283722087,76.04787026405334,92.27725748062133,116.40065544128417,111.95704410552977,37.615457115173335,13.771962356567382,4.234464550018311,2.5662785816192626,2.2140199327468872,1.3766273021697997,3.781858674287796,27.487066691517832,65.23569542884826,119.76576538085938,124.84359176635742,103.79503540039063,37.72868671417236,10.80344108581543,5.321660928726197,2.599660758972168,2.2135280513763425,1.5091381120681764,4.749942201375961,37.939906749725345,100.10746982574463,133.63596128463746,143.14309803009033,116.02558822631836,37.06896912574768,12.672759008407592,4.6338136816024775,2.4195824003219606,2.057262144088745,1.4102945518493653,3.331496230363846,30.6402551984787,85.20666131973266,106.98389794349671,109.99788604736327,85.69946090698242,37.215550804138175,12.572012891769408,4.846377992630005,2.4427816009521486,2.1255108118057247,2.440099711418152,3.89753099501133,17.541461166143417,79.9272669607401,123.03195720672606,149.00397781372072,101.72995613098144,31.852648048400873,11.103956832885743,4.0248479080200195,2.461394443511963,2.12522066116333,1.666030225753784,6.042404083013535,39.95929195404052,117.7768909072876,117.00757667541504,120.96116617202759,90.26584175109863,35.16886165618896,11.892069778442384,3.988343410491943,2.4552102518081664,2.1452690362930302,1.556253323554993,4.170876015424729,33.26911025047303,91.48726875305177,115.62914297103882,117.18507823944091,88.13328262329102,33.75275541305542,12.186876459121704,4.129940557479858,2.5028894042968752,2.2087438440322877,1.5616020250320435,2.5990140813589098,22.299782099723814,69.31601076126098,104.18969371795654,118.86685190200805,72.83650672912597,28.057450180053713,9.355368375778198,4.4408358955383305,2.622391448020935,2.244458260536194,1.6106445360183717,2.183398977518082,20.834419319629667,79.77141914367677,143.30122421264647,162.5656640625,105.8330924987793,31.66585605621338,10.9861727142334,5.0922955131530765,2.4388921737670897,2.099815320968628,1.6641541194915774,5.457941814661026,32.14402770996094,116.70124625682831,131.48809511184692,129.90054258346558,112.8978482055664,43.32493263244629,11.959366645812988,5.573436002731323,2.7758039617538453,2.081029132604599,1.6824934935569764,3.192128809690476,29.069659278392795,68.70682297706604,124.09864252090456,132.5794602203369,96.6423246383667,32.578183002471924,15.470401077270509,5.05890540599823,2.5079509258270263,2.161758613586426,1.597556962966919,2.5347337675094606,24.974028601944447,73.37985029220582,136.13027599334717,120.64054523468019,95.1793669128418,38.938653221130366,14.020181846618652,5.415712947845459,2.4989508199691772,2.0101999044418335,1.5910296463966371,3.9781360787153246,25.59002213343978,81.93658061981202,130.53161724090575,133.15196739196776,87.07038093566894,30.86520165443421,11.058082933425904,3.6107701873779297,2.357388234138489,2.079095802307129,1.5094275903701782,6.426160119771957,36.50422144174576,106.67968784332274,135.66760049819945,129.49651695251464,124.69087127685548,42.61433954238892,12.161787691116333,5.158859958648682,2.4446448612213136,2.060698218345642,1.3341665720939637,2.9117281314730645,34.08224776148796,91.2060348200798,105.89602184295654,128.11247581481933,100.72916755676269,33.745186748504636,10.162196598052978,4.909716167449951,2.6857502555847166,2.1107349157333375,1.5610191988945006,2.960319200754166,35.60718585252762,83.34403381347656
124,1.1876403033733367,0.4180143028497696,0.9281197667121888,1.587668177485466,2.7981595635414123,0.2677932307124138,0.38666479885578153,2.5938090324401855,2.5130808353424072,1.9669592380523682,4.694548797607422,2.9344794034957884,1.1828851079940796,0.6888490803539753,0.4324552989006042,0.9882186459749936,2.219936322309077,2.160404123850167,1.4674902784824373,1.7300740110874173,2.1246804702281947,3.0425749921798704,2.475518260002136,1.3750003743171693,1.6861289381980895,0.7297109806537627,0.36664433339610697,0.896886147800833,2.43724221829325,1.9959359614551069,1.362985049933195,1.6481506884098054,2.657151572704316,2.655130958557129,3.166093964576721,1.397819572687149,1.0914206564426423,0.7039765188843011,0.42491954155266287,0.9528102153539658,2.533616716191173,1.492939846254885,1.2230950313806535,1.6532350224256518,2.2428415721654895,2.6700767683982845,2.6909261894226075,1.8181413489580156,0.9281334722042083,0.7010159505158663,0.649629120901227,1.5700451853871344,2.06502576649189,1.349725050330162,0.8767117001116276,1.3693021571636201,2.6326334857940674,2.8787026095390322,3.133555477261543,1.001218629479408,1.0432855245471002,0.482471934556961,0.5552869912981986,0.8158270871639253,1.319094921350479,1.3383599154651165,0.8944927820190788,1.748667260110378,2.668322421312332,2.4017307233810423,2.8862932801246646,1.172733936905861,0.7654641875624657,0.7000607916340232,0.5048970298841595,0.6453317784518002,1.576127306111157,1.4739173325896262,0.8140523770451544,1.4401462984085085,1.9887165665626525,3.1020619201660153,2.418183436393738,1.5039780518412589,0.9480970907211302,0.7033010631799698,0.8184079017490149,0.7819208428263663,2.129108624085784,2.064464872777462,1.1088655754923822,1.7156937205791476,2.331988899707794,2.765862580537796,2.8647924059629437,1.8107067908346655,0.9996182352304459,0.80860078394413,0.5293412756547331,1.1509303867816927,1.7201958119124174,1.002644179165363,0.9811333195865155,1.2143060898780822,2.1275374817848203,2.0744515183568,2.2089502489566804,0.8135347086191176,1.003009502738714,0.660292904227972,0.43379929492250086,0.8889590173959732,2.173966694176197,1.4362716823443769,0.9280908334255219,1.532561801671982,2.1370503622293473,2.8864128684997556,2.4585390782356265,1.544662823677063,0.7798103353381157,0.9939018028974533,0.26805833343416446,0.7746277356892823,1.2302748362347482,0.886024262085557,1.1645049855485559,1.4552552580833433,2.715960516929626,2.830462164878845,2.8046995389461515,1.4923787069320678,0.8924901950359343,0.3739153343811631,0.2842262333631515,0.9383344285562634,1.9277875063195826,1.01754232943058,0.9107853162288666,1.3574168896675112,2.7547731661796573,2.859847333431244,2.6200027585029604,1.0675593377649784,1.1311880540847778,0.5637541767954827,0.4181238805130124,0.6462520200014115,1.5198836502432824,0.9232350670639425,0.5641664908267556,1.1099747811816632,1.8265921568870542,2.594836295843124,2.7794954621791836,1.1518795025348663,1.0063130030035974,0.7823994441330433,0.2883632285613566,1.0310360549390318,1.515692811459303,1.8352487517893317,0.7196385626494883,1.2300147345662116,2.157914001345634,2.691596947908401,2.1107593157887456,1.2512702532857656,0.8963749337196351,0.6131307673454285,0.4537134359031915,1.1506105955969541,1.6019058080017565,0.855026176571846,0.6187986449897289,1.2262882438302039,2.0111259162425994,1.9279969596862792,2.4465967017412185,1.6417246568202972,1.2852409026026728,0.6761041498184204,0.4557864310964942,0.9025804342329501,1.751495511420071,1.8805398156121373,1.1268074224144222,1.6818495056033136,2.4394634664058685,2.346088066101074,1.8037817788124084,1.0758385246992113,1.1113441118597984,0.7049050116539001,0.3993068736046553,1.0230755499005317,2.463420574963093,1.3259499998763205,1.1615039616823197,1.6185952788591387,2.4394042992591856,2.8737252831459044,2.2400922489166257,1.2619585812091827,0.9215834259986877,0.6315782287716866,0.37823168940842156,1.1379693960398438,1.6222172448039056,0.8543100846931339,1.233545455932617,1.6509007555246356,2.444991385936737,2.4299095606803895,2.409108234345913,1.2978195768594742
125,0.36097258925437925,0.39573127441108225,0.02397818434983492,-0.006582896341569668,0.0026612158864736,0.005255719646811459,0.23650679364800448,1.053960321098566,0.13978578661335628,0.015109449974261235,0.04000100260600444,0.19566371855325998,0.25289076432120056,0.13993581775575875,0.05584690846502778,0.0044077745173126525,0.001972252358682436,0.010750418500974728,0.5629150668159127,0.6540724644064904,0.43151352665852755,0.0691154845803976,0.0826833505486138,0.3673291109502316,0.1160678047093097,0.20042170068714765,0.15550902976654465,0.005826665337663148,0.004235332645475841,0.024096456952393014,0.2646272683888674,0.6452555101551116,0.27642360993660986,0.03674888248555361,0.023169960398226976,0.09449599295854566,0.10002638024510813,0.13640571469673884,0.0788538319803774,0.01198111157864332,0.008113240320235457,0.022760885041207036,0.3754475829750299,0.8601818452030422,0.2217559826746583,0.0789220813428983,0.02721069975406861,0.09348446516320105,0.16602036365307865,0.1274182458396535,0.035760754803195564,-0.0004282068694010547,0.00509402824100102,0.014802534244954538,0.5277264614216983,0.6713133343309164,0.19655306246597315,0.10298904704395681,0.04984942943556234,0.16250766983954235,0.1158727080817334,0.0908632194669917,0.11592289477586745,0.0074721226794645015,0.018151953406631918,0.02193248025141651,0.45335385467857126,0.46978361301124094,0.3817961747897789,0.12124884954653678,0.018068183194845912,0.23287759786006063,0.18705178485484794,0.1448457315866835,0.026688095233403108,0.004758985227672352,0.006105284371878914,0.029211072702892072,0.42640079781413076,0.3218309117853641,0.1710436436999589,0.06952572523150594,0.03812949911458417,0.1508166980277747,0.16874122600536792,0.17616301486268635,0.11475174891762434,0.018813577047549167,0.004612146643921684,0.01222871806472536,0.3413235577009618,0.4386765587516129,0.20621528290212154,0.05002611984498797,0.03281149794114754,0.21957873686216772,0.07701077061006796,0.09180850860662756,0.0618343981914222,-7.813557633199603e-05,0.012021309798583346,0.034419201640412164,1.0453291583433748,0.9554626452550291,0.2417802847083658,0.09849676056241148,0.060654336849693215,0.07892265278380364,0.19018901321105658,0.12380477093160151,0.09294304215814916,0.006781050022691465,0.002669753804802856,0.013806032147258493,0.3292083139717578,0.4913303171657025,0.2449787340406328,0.08648871920537202,0.07561428954359145,0.12213157745078203,0.1197223500581458,0.1091585880331695,0.08757969477912407,0.001576283397153016,0.006437701308168441,0.022827175054699132,0.4334824938699603,0.6253474508784711,0.3878894814802334,0.14302557118004186,0.10604135186178609,0.20206722480244932,0.2115822727140039,0.06574861971661446,0.06689797210041432,-0.0033584261545911535,0.0035861629573627923,0.02454784779809411,0.32278832837939253,0.28184672348201273,0.34617944863159206,0.19832121496729088,0.01949225475778802,0.19684809820260854,0.21037069133482875,0.14718802797840908,0.09002614812925454,0.01493597455322741,0.0025174955371766844,0.022607698198407862,0.2921114251390099,0.6627523141354322,0.2735449468437582,0.09345203751698135,0.0335406141122803,0.16251442614477124,0.32213466507382693,0.14022761712782084,0.06888268497539682,-0.0006304032960906842,0.001910912848543344,0.027766228225082106,0.4285173557139933,0.9573206784576179,0.23267782473936677,0.034757224237546305,0.04446080442983657,0.1553492142353207,0.2406531667103991,0.07588037537876514,0.038286085510626414,-0.0015538734802976258,0.0012322538997977684,0.01072141679935153,0.40788552308455106,0.6535953895002604,0.20417033219709987,0.05209925425238906,0.05307521927752529,0.1637422026600688,0.13885496608447281,0.16986652849707748,0.15322878424543884,-0.002246283527929353,0.0022858617128803907,0.019038392547517963,0.5493217086233197,0.39252534180879595,0.2970013705268502,0.03306906276382504,0.030513226711191214,0.14944502947852012,0.09594881709665057,0.2089214916527271,0.09060181139968333,0.014248216080013639,0.009119520131498544,0.026709241773933128,0.20816693764179944,0.4146046410501003,0.23928802142851055,0.09942769965040496,0.044631463359110043,0.049332909439690376,0.1644606061466038,0.13655890581198032,0.09764673535712062,0.004058611840009689,0.004963082699105111,0.015414398014545392,0.345148733817041,0.7622297237068414,0.2775684766145423,0.06008891843026504,0.03362667347304521,0.21574244688265024
126,118.24104156494141,161.0094253540039,131.68164672851563,164.37001342773436,139.5529800415039,43.59207878112793,7.105608940124512,2.893267107009888,3.2681554317474366,8.119105052947997,45.4191707611084,141.5779121398926,119.27125198364259,124.49617233276369,127.93634017944336,134.61864669799803,92.51778869628906,36.83565059661865,7.442650976181031,2.864930791854858,4.300596513748169,10.54844235420227,51.303235874176025,77.89067764282227,133.32143005371094,131.14018714904785,136.47327255249024,133.67523864746093,86.83343765258789,36.775030345916754,9.145491867065429,3.3499134731292726,4.232649583816529,20.46413806915283,57.829505939483646,106.5071556854248,115.79934776306152,145.25072326660157,173.20403686523437,151.27389556884765,92.00564254760741,33.82915031433105,7.44705491065979,3.246973161697388,2.9995365142822266,14.041213283538818,65.52948593139648,92.85628204345703,114.1126495361328,137.26641937255857,176.52795196533202,148.47378005981446,85.60106048583984,39.28383674621582,7.192831001281737,3.40731463432312,4.843013653755188,13.763483800888062,77.65948788642883,114.31930404663085,132.9029632568359,167.90759857177736,170.52446166992186,139.4952194213867,83.07389915466308,30.8008935546875,7.865378932952881,3.3392817115783684,4.204516148567199,15.30367229938507,70.70432918548583,107.77507904052734,119.87696060180664,145.25796081542967,169.057844543457,147.5218341064453,76.08449829101563,34.33022792816162,7.105880031585693,3.0086858367919924,3.786214518547058,12.148454976081847,59.89687992095948,119.07922271728516,144.53420608520508,145.29978454589846,168.52751434326174,139.7754260253906,92.90743453979492,34.94193157196045,8.72577036857605,3.4925504779815677,4.146325216293335,17.996939573287968,88.59340118408203,143.8849185180664,141.12467834472653,157.01295608520508,166.85265716552732,144.91998046875,71.63525840759277,32.55947618484497,6.830448713302611,3.3064912128448483,3.8657263755798335,12.702819523811339,62.86027135848999,105.96238815307618,128.00979751586914,157.61380386352536,165.25121978759765,152.88789657592773,91.9987604522705,31.74443237304688,6.963681735992433,3.1090480136871337,4.159043726921082,12.723935642242433,65.8887599182129,123.92780227661133,132.47830924987792,167.2864845275879,156.2481365966797,134.3331594848633,75.90982330322265,31.591748733520507,6.686148452758789,2.9184039783477784,3.60367938041687,12.34819606781006,58.32248512268067,121.58243576049804,156.77728042602538,163.77056213378904,163.7088671875,141.52313568115235,73.10640335083008,30.75270347595215,7.402812814712524,3.046278390884399,3.5049859333038333,12.710900497436523,69.00352226257323,136.8033473968506,149.69997215270996,151.51968574523926,160.17891632080077,139.1225143432617,85.92244384765624,38.60699630737305,7.66478549003601,3.0777562236785885,4.844945378303528,16.379799127578735,67.77166999816896,117.51621643066406,136.646522064209,161.2122262573242,154.73574249267577,128.26412292480467,77.27248733520508,30.329909667968746,6.387178745269775,3.318354349136353,4.541175160408021,10.74336811542511,76.66464492797851,115.88567649841312,141.81507904052734,158.11115631103516,170.07634704589844,159.92747283935546,100.04883377075195,35.94040077209473,6.958680620193481,2.974306135177612,3.6315054845809933,14.559968404769899,72.8529990386963,133.76063507080076,141.3966386413574,166.65982421875,171.1926083374023,145.30124145507813,82.8451921081543,33.140224304199215,7.607394676208497,3.385510730743408,3.7521554183959958,20.947279691696167,74.6461408996582,125.69353256225588,155.51795181274414,179.10459411621096,180.95355224609375,160.21915435791016,85.93956726074218,37.562894897460936,7.012996501922608,3.8935103034973144,4.1770162630081185,14.92868248939514,90.79999145507813,134.61226684570312,113.29926315307617,140.22779258728028,150.7755236816406,129.26591705322267,79.58016494750976,28.944710006713866,7.0847566699981686,3.2183773326873775,4.500645475387573,10.81709846973419,59.12671501159669,93.54106719970703
127,296.74549865722656,307.9147583007813,235.76032104492188,324.0314147949219,260.2237060546875,208.12215576171874,89.15813903808593,49.63662834167481,124.79096069335938,307.37415771484376,363.56826171875,383.3602355957031,306.43495178222656,288.71773193359377,260.3086462402344,281.963828125,243.68918640136718,195.22212646484377,83.87742805480957,46.30638652801514,137.60214675903322,283.0948425292969,358.1902020263672,307.90755737304687,337.818779296875,289.33228332519536,266.1737051391602,272.7822723388672,253.44927490234372,191.7549899291992,90.1297890472412,40.109415168762204,135.21807785034179,301.9927807617188,374.4058325195312,376.93682556152345,342.588056640625,315.2762860107422,294.64543090820314,275.10606506347654,230.09192810058593,178.34146911621093,74.22049449920652,42.647840309143064,139.49865997314453,279.1243255615234,396.92648559570307,354.4042462158203,329.2204833984375,319.90647521972653,321.49778259277343,282.47631774902345,243.41334472656249,174.18582031249997,69.4460092163086,54.94796825408936,137.72627014160156,287.98640388488764,365.73944030761714,345.73246582031254,352.07198547363276,321.7929895019532,288.4766796875,283.9065264892578,253.21600097656247,155.5705810546875,61.8694400024414,44.05787879943848,125.95971878051758,291.47489501953123,399.0189569091797,351.3253039550781,325.96231262207027,307.1748773193359,293.6404498291016,295.6745812988282,228.32013427734378,158.93679260253907,56.37174823760986,37.82452919006347,129.8675859069824,272.60940429687497,412.8782531738281,388.22587768554683,317.88771057128906,306.03729858398435,289.1341882324219,252.5244921875,238.07380859375,170.06884979248045,72.3371234512329,55.562420988082884,157.2723161315918,339.3340394592285,419.1848315429688,375.3053469848633,379.59126708984377,361.9270733642578,307.8207037353515,285.39235260009764,229.1437561035156,158.80289611816406,71.68539146423339,55.16573009490967,138.31174804687504,294.5434515380859,366.3370721435547,377.46671386718754,344.28245300292974,308.85628112792966,280.7070825195313,299.5470288085938,232.24274353027346,156.43138931274416,63.28832275390626,38.912960586547854,151.86187179565428,309.7868682861328,426.99491455078123,406.9106732177735,340.76977905273435,316.8912847900391,291.3541748046875,288.8041583251953,230.73603271484376,152.90948852539063,68.19695983886719,44.16701713562012,147.66246063232424,290.11674926757814,390.448349609375,404.9672854614258,363.50494750976566,286.8324249267579,317.3461743164063,295.1505615234375,226.259619140625,139.12446868896484,63.57803564071655,42.20559193611145,132.1294416809082,287.9606298828125,418.28435485839844,389.3472027587891,335.7533166503906,313.72851135253904,277.74802490234373,288.9525454711914,246.8054614257813,152.79564361572267,74.7445083999634,59.7542109298706,156.01114593505858,290.2707940673828,383.68266235351564,415.7264233398438,348.11160491943355,316.6688610839844,296.15600585937494,284.3237609863281,230.76624999999999,133.68494812011718,54.34249992370606,44.65414108276367,135.52505081176758,271.0501718139649,415.480107421875,394.08418457031246,337.0959259033203,306.2657720947265,285.46142395019535,262.91973083496094,238.1608929443359,156.33153198242186,67.6779643535614,51.46590974807739,138.52974075317383,333.3513519287109,411.00643859863277,404.44291015625,344.44885070800785,315.96629821777344,320.25708679199226,278.834389038086,219.12689697265623,145.29903900146482,53.02689971923828,40.31380037307739,124.65887619018557,318.4249548339844,393.45903808593755,364.71219543457033,381.92382934570315,324.61285400390625,289.69098754882816,283.27431091308597,235.50647827148435,155.7652572631836,64.48895721435547,40.57378452301025,131.0281343078613,301.4862713623047,418.4733380126953,422.2884918212891,366.2305316162109,332.3325479125977,285.5266278076172,288.0348706054687,227.45549133300784,133.8546340942383,63.11724227905273,47.519932174682616,118.69325729370117,285.1715167236328,398.34697875976565,361.43010192871094
128,14.013929402828216,24.74080820083618,30.917274475097656,23.367165756225585,13.31376953125,1.8659923195838928,0.4835739344358444,0.6639226675033572,1.184331437945366,1.1811062201857567,7.1380146741867065,20.830293035507204,16.088582390546797,21.8525888633728,27.660083942413326,26.879750595092776,14.035741758346557,2.0575722447037696,0.38172752797603604,0.7971702513098717,1.5894767650961876,2.016138156354427,6.933995082378388,12.24859246134758,12.773253268003463,17.732925867438315,29.24338384628296,27.660569667816162,10.887428717613222,1.9856448346376419,0.7523026120662689,0.4332465206086635,0.7949088778346776,4.426280393302441,8.98083504676819,9.384393898248671,13.278543540537356,19.872451235875488,30.719856643676756,24.936409797668457,11.498364105224608,2.1686598688364027,0.33205731868743893,0.678218190819025,1.09128247782588,5.828629407882691,10.63712954521179,10.345892217159271,17.425317384004593,24.932922198772427,37.341879234313964,29.48510166168213,13.848049964904785,2.952034302353859,0.1563105040788651,0.9277373674511911,1.5179604379087688,5.1218033622205255,10.748094857037069,16.97983465075493,15.779206562042237,27.510276451110837,42.36447227478027,30.737358245849613,12.846670918464662,1.7794349640607834,0.09394793808460236,0.6933248764276504,2.3232585290074352,3.5172610709071157,9.513760291934014,13.975280404090881,18.863005998730657,23.57594677686691,28.189215869903563,22.620865268707274,11.753104658126833,2.679728941917419,0.13218121528625487,0.5300280874967576,2.2909508584439755,4.298779655396937,7.593116419315338,15.133156182765962,18.131656472682955,26.18769718647003,37.06619457244873,29.193085594177244,12.42260362625122,1.438190040588379,0.06527206629514692,0.4112795914709568,2.0756810617446897,5.531524702310562,12.785109059810638,21.940215759277343,20.597822086811064,27.772167577743527,35.78048709869385,29.931954908370972,12.338907489776611,1.7717599993944166,0.376100295484066,1.3347436401247978,1.3703891795873644,5.695328771471977,11.4063525557518,15.134969522953032,19.0154185628891,25.857829794883724,32.77893203735352,29.8478911781311,14.040625890493393,1.7252054554224014,0.45057320326566686,0.7135762365162373,1.3523547551035882,3.689969407916069,7.128488061428071,12.23543824583292,18.693232082128524,26.528456034660337,30.4025761795044,25.304908828735353,10.276299686431884,2.685258609056473,0.7105582219362259,0.5274450260400773,2.3319385638833046,2.883546654880047,7.587957012057305,13.86538117609918,26.200819301605225,33.41336296081543,36.9265837097168,26.442926387786866,11.841234588623047,2.0433737501502036,0.06756107330322265,0.24936131924390792,2.1920740783214567,4.43208750128746,10.629426875710488,20.035579062104226,20.259427527189253,26.4997600287199,41.829181900024416,31.4973550415039,15.744073612689974,3.026235153377056,0.2641067661345005,0.6355387977510691,3.7402925848960877,5.284668742418289,10.13933340549469,13.09600487932563,20.237756481170653,28.092340391874313,32.41913275718689,26.722600364685057,16.951635570526122,4.1847439712286,0.23166267260909076,0.947368158400059,2.560028513818979,2.269427278637886,8.468114738464354,13.246891596317289,26.032618721723555,28.125051388740538,38.19420352935791,30.899352798461916,16.20183646202087,3.1278570616245274,0.11557462751865388,0.8859212204813958,1.587535843849182,3.7155749630928043,8.629111754894257,14.946470489501953,19.199955760836602,31.315515480041505,33.04853786468506,24.57299171447754,12.397620074748993,1.646538227200508,0.5153588563203811,0.2626022711396218,1.7978184381127356,4.0987399160116915,11.914805860519408,18.240448883324863,20.93815965384245,28.12092469215393,39.162231349945074,28.943769588470463,14.198777935504916,3.7714565625786785,0.04863634556531905,1.0588748687505722,1.2218562112748623,2.427937031388283,11.449311621189118,16.107321197390558,14.578366706967353,25.191045093536378,37.1335941696167,29.048112735748294,15.710953006744386,3.4458185541629787,0.11589284747838975,0.7926818552613257,1.9167242993414402,3.3396024138480427,12.268960067033769,13.488674873709678
129,57.367895174026486,56.47227003574371,35.855581760406494,25.280002212524415,53.546217918395996,33.09489498138428,23.05375509262085,16.157837200164796,11.715708827972412,3.481869912147522,8.822833395004272,14.563689231872559,36.131486721038826,28.052568056583404,28.906811609268185,24.25105578899384,39.13113256454468,41.74250127792359,15.052492165565491,14.069358539581298,35.39552604675293,35.40538310527801,40.60198212385178,40.13327486276627,34.212841072082526,31.332943377494814,39.74509012699127,23.71588476061821,39.596360969543454,29.558291912078857,20.91945318698883,10.067046160697938,23.148982181549076,26.784828602373597,21.620335688591005,30.41534464597702,45.22804195404053,50.50710130691529,36.36027240753174,22.32400733947754,27.154987859725953,25.715095882415774,12.48368121147156,11.70511708021164,26.651411588191984,22.911920232772825,23.37779428482056,39.84546271324158,43.58072669029236,38.43544813156127,27.393591313362116,20.836327474117276,32.541309967041016,29.11630536079407,33.165848846435544,20.667323023080826,34.90062090396881,21.88558333873749,26.208276252746582,30.239719409942627,37.46867822647094,39.17232042312622,46.697822456359866,26.89464195251465,34.50038457870484,33.30589930534363,14.739392910003664,13.17996808886528,24.871739807128904,24.53236633181572,15.804107520580292,35.13903126716614,34.73281759977341,35.38872069358826,29.023445434570313,23.332939207553864,36.56018049240113,45.49446166038513,27.335680894851684,17.08653998196125,32.78566648483276,23.785598562955858,33.25081579208374,39.058373408317564,43.67873344898224,51.23565000534059,44.419155273437504,32.07828680038452,36.21986754417419,37.65027064323425,17.8601956987381,13.561595056056976,45.54757446289063,20.604272370338442,14.200908763408659,31.926324596405028,38.207344655990596,50.43760224342346,34.77579552292824,30.503783245086662,45.73074925422668,28.324755401611327,21.152837841510774,11.743611047267914,27.093599689006805,33.09941833496094,23.471395678520203,32.470579888820644,35.755832059383394,40.39244429588318,28.705926613807673,15.495105986595155,33.8608229470253,51.88544948577881,22.826736760139465,14.673562297821045,20.165401124954226,26.800852165222164,19.427594888210297,38.32267301559448,37.02786220550537,36.80083897471428,28.634654624462126,26.091134722232816,39.091350593566894,28.57494272232056,28.675302605628968,11.922487864494325,28.11459923267364,31.149053889513016,36.60686811923981,37.57785185575485,53.86135917663573,47.56165814399719,35.00004417896271,28.32598066329956,40.601962714195245,46.40943988800049,31.016278848648074,14.192341682910918,35.439532604217526,29.168658947944643,24.76675244808197,40.40464836120606,36.225660753250125,44.01930191040039,34.940143299102786,24.93903577923775,36.423458671569826,40.57468463897705,14.145811986923217,12.35421057701111,25.886886401176458,34.54199030160903,30.47631040096283,32.47103083848953,43.01618545055389,57.61347455978394,32.88204570889473,22.585579298734665,43.19430402755737,37.29817216873168,26.635019555091855,13.862122554779052,24.977020721435547,21.633116141557693,29.287286682128904,43.8647468662262,29.59516599178314,39.95264616012574,29.907013847827915,32.67183856964111,44.24942477226257,44.457096824646,25.48599370479584,17.945402679741385,28.71704209089279,20.150716475844384,25.38184797286987,23.94336726665497,42.14589480400086,32.08256832122803,30.762822486162186,21.535071578025814,30.709732937812806,24.26058543920517,20.010107731819154,17.645964539051054,30.346517629623413,29.993423801958564,25.08185428619385,23.286573457717893,39.3783029294014,35.82769252777099,28.390268727540967,25.7546923828125,40.23230313301086,31.36242455005646,18.887386636734007,21.390285872220993,36.24101506233215,22.028219735622407,27.632512025833137,42.38801567077637,57.67675370812417,42.1515175628662,31.664137607812883,29.440741007328036,24.965144419670104,38.052526760101316,24.692686355113985,12.152708978652955,38.39582474708557,36.884841880798334,23.416884603500364,33.432785369157784
130,91.42000904083253,132.04394760131837,92.20819549560547,33.67661876678467,29.087524032592775,63.30632266998291,77.32872276306152,96.25606765747071,115.42111053466797,73.80228042602539,7.1538742780685425,52.69823350906372,148.72615280151365,148.22289520263672,108.18217689514161,46.85836846351624,13.625597152709961,44.96544420957565,80.18698776245117,77.1978468322754,86.18276035308837,55.55862765073776,39.12929730415344,79.19528877258301,116.5514517211914,150.7138390350342,112.16235887527463,40.22651681900025,16.86283399581909,56.27163568496703,66.182642621994,80.18719078063967,86.4500821876526,63.06556015014648,42.55272817134857,69.36849814414978,139.61332286834718,193.59749361038206,108.93604626655579,66.56412596702576,22.28100929260254,53.595399436950686,78.02003776550293,112.66196754455567,104.54145694732665,58.271337251663205,33.57856458425522,81.79729365110397,129.89040599823,142.34256172180176,128.19940335273742,47.09395160675049,17.646821069717408,45.81733249664306,78.7285741996765,80.06493473052979,99.31571296691894,66.57763975143433,54.84916839122773,102.22638832092287,120.49592414855957,136.4612882232666,111.47612785339356,44.20248435497284,26.304009599685667,63.66489265441894,68.69609645843506,99.17758621215819,89.30258270263671,61.36789155960082,30.878690581321713,93.92189473867415,135.81272239685057,153.50046821594236,110.52861572265624,64.32572549700737,31.81148673772812,55.24040260314941,84.08388786315918,93.14134315490723,101.30226602554322,57.29500394344329,40.45738270998002,75.49369481086731,140.36118438720706,199.4439143371582,127.51800674438478,64.81847827911376,17.575236690044402,63.82299829483033,92.29027767181398,83.02409267425537,112.06087554931639,81.86738264083861,48.3738798904419,91.92105466842652,140.42202629089357,163.97716857910154,104.85082551956177,42.649267768859865,10.308543720245362,57.76940629005433,66.19893533706666,83.12070594787598,103.98389404296877,62.69910551071166,39.75830736160278,70.98377601623535,132.577956237793,138.94075817108154,119.40691864013672,69.5251791191101,30.497606806755066,78.64032159805298,105.99945438385012,104.77429862976074,122.04779121398924,76.04743641853332,52.07184485912323,69.18414652824401,134.07022369384762,151.16960535049438,101.48476776599884,49.49073676109314,27.538918714523323,50.39547183990478,90.5896918296814,106.18024724960328,89.13459983825683,58.60614112854004,45.26683570861816,69.94893649101257,150.3557450866699,173.86366025924684,126.3665200805664,65.69413356781006,30.390735921859743,61.028752541542055,84.70368106842041,85.97197221755982,96.26137893676757,54.299346213340755,36.98483358383179,105.46688102722166,113.34736949920652,147.70471981048584,104.07799869537352,49.377301387786865,16.36929166793823,74.7776986002922,91.32201595306397,83.91725093841552,84.37917503356934,61.81244912147522,48.23189160346985,81.48448577880859,135.38741691589354,166.97209503173826,118.82073309898377,65.74045829772949,25.95271774768829,65.61473499298094,90.29711627960205,77.61779441833497,91.66265249252321,57.95923635482789,41.048744823932644,120.55069471359252,109.69940916061401,151.97213945388793,111.75267718315123,57.35557569980621,20.873320772647855,49.242910275459295,69.97932483673095,75.79158420562744,103.64893814086915,71.85941284179687,32.2522362613678,51.48185663223266,108.51711814880373,129.32539352416993,117.0825264406204,50.51318029880524,32.02631970405579,66.38381573677063,79.34602401733399,73.73600650787354,110.71118251800537,58.721335315704344,31.62547474384308,56.6187557554245,105.0104780769348,151.69794769287108,100.87116989135743,72.36380519866944,30.31633548974991,55.299464273452756,75.36878271102906,71.20842399597169,103.96646728515626,66.64899252891541,39.86990161895752,79.32597450256347,157.6102311706543,150.706611328125,115.99764785766601,47.75077267169952,19.184874629974367,86.98370173692703,100.00691601753235,85.74828186035155,82.8584334564209,68.70462462186813,41.45287946224212,77.1983832168579
131,-14.337095260620117,-13.810769844055176,-9.423069930076599,130.5940170288086,517.253271484375,220.34759979248048,39.479732036590576,28.533727645874023,91.64912567138671,149.56635131835938,105.8164276123047,1.9939549922943116,-15.482222442626954,-14.65695602416992,-7.649204807281494,107.48870577335359,495.55495788574217,233.22393463134762,48.2601723575592,18.017728824615478,87.0029634475708,170.4431918334961,109.38689239501953,-2.3233769869804384,-14.124343185424806,-13.505043869018555,-5.442842755317688,158.43380115509035,553.9641381835938,189.5357879638672,22.14516322135925,5.890128235816955,52.475515842437744,136.62555526733397,112.58692626953125,2.4080192637443543,-15.820648317337037,-14.467568850517273,-5.949569517374039,167.1003254365921,594.6680114746094,227.71987075805663,17.55834587097168,-0.5563689994812012,54.177632074356076,148.17552268981936,145.56425788879395,12.426329088807105,-14.912216262817381,-14.464949111938477,-9.033522152900696,123.19446123600008,545.5628979492187,194.02168075561522,22.09764762878418,4.60880989074707,43.98954082489014,122.68896614074706,116.73304672241211,13.658407168388365,-15.651943435668944,-14.892091255187989,-7.629903678894041,159.80284225463868,662.9470874023439,208.74356704711914,14.772072162628174,-3.0805791854858398,62.242621593475334,137.04126922607423,135.41012107849122,9.616527214050292,-16.207475814819336,-15.602530441284179,-8.424670372009277,161.74736474990843,564.2307586669922,193.61523338317872,23.520023479461674,4.1878210544586185,58.432745199203495,139.59066787719726,108.32626884460448,6.393609684705734,-14.787782402038573,-14.736190795898438,-4.554613790512085,210.01607465744019,661.1137158203126,190.74667503356935,10.110756702423094,-4.7215490055084235,62.116527738571165,142.95022903442384,161.1444234085083,22.481510639190674,-14.652471218109131,-14.874429740905763,-8.310396115779877,178.68592918395998,609.8172473144531,219.9056221199036,5.562986860275268,-12.382555503845214,47.453759841918945,140.3994563293457,138.50565704345703,22.355164084434513,-17.041010322570802,-16.435949020385742,-10.098355226516725,137.36917879581452,721.1958081054688,277.7863223266601,27.172315273284916,2.831275377273559,72.55146024703978,169.2575093078613,152.3347794342041,16.058161334991457,-17.62415967941284,-17.534210014343262,-6.672834353446961,243.6368507385254,611.784419555664,212.3923720550537,17.280272445678712,-6.214379968643188,58.56200353622436,164.652085647583,149.05835601806643,19.828422263860702,-13.855151958465578,-14.968633003234865,-6.612989625930785,191.0893266296387,602.2718090820313,182.5289660644531,16.148125019073483,-3.160480146408081,59.32167697906495,144.69754867553712,137.16593673706058,23.62008553147316,-14.151844882965088,-14.66649519920349,-5.802854785919189,203.18766631126402,635.6694262695313,169.3359336090088,11.458990097045897,3.253328590393066,47.80358283996582,123.70513656616212,108.4995132827759,9.694035675525665,-13.86746682405472,-15.25381649017334,-4.471190853118896,175.63830307006836,600.638642578125,193.6376643371582,12.579649581909182,6.010162773132325,61.73286594390869,157.55389083862306,145.60201416015624,27.194735043048865,-16.0358260345459,-15.608932151794434,-5.365625953674316,204.46086311340332,706.2535791015625,228.6846142578125,22.187385587692262,9.530627279281617,66.87104688644409,150.24093856811527,151.29381683349612,18.451361618041993,-16.366943130493166,-16.653547477722167,-8.111197624206543,207.56987442016597,639.5801092529297,249.3355514526367,18.50585647583008,4.477845516204834,62.96181945800781,149.8925473022461,139.62806518554686,21.883803796768184,-16.54348127365112,-16.26646770477295,-11.473151688575744,202.05401210784913,664.2229943847656,209.1953109169006,21.074736423492432,2.1537201786041265,52.34092716217041,151.36854187011718,135.27730659484862,19.123365039825437,-12.507735319137572,-14.981514472961425,-7.227919657230378,163.16783752441407,630.9284240722657,208.7180792617798,6.706260395050049,-8.294861216545105,65.9932201576233,150.47164978027342,142.0411360836029,27.939963421821595
132,1.452746033668518,1.0338501334190369,0.9880273580551148,4.620181512832642,20.77776470184326,23.483563232421876,13.722377967834472,9.402456378936767,11.158908081054687,7.603536796569824,3.47698655128479,1.8509032726287842,1.408636341094971,1.1239307236671447,1.2781496715545653,6.206206688880921,24.475813789367677,29.219473228454586,14.890998992919922,9.072100601196288,11.060201148986815,10.269250164031982,4.7495632314682,2.307984879016876,1.4933299708366392,1.0764653468132017,1.4044375371932982,8.709624905586242,41.037795753478996,38.86904541015625,15.832119312286377,9.921723289489744,10.447156047821046,10.238557186126709,4.660398395061493,2.1897433757781988,1.463443121910095,1.1017462623119356,1.4512980949878693,11.06285487174988,29.907353782653807,37.14043899536133,18.38595245361328,11.038395442962647,12.338089523315428,11.120957279205324,5.045923690795899,2.5352648639678956,1.505704391002655,1.179791395664215,1.7435752725601197,10.274841356277467,31.41843456268311,31.234919395446774,17.974963321685788,10.417493047714235,11.096726026535034,10.254975357055665,4.732696690559386,2.3016106748580936,1.7260623264312744,1.312598795890808,1.711239755153656,13.931453223228454,39.09178192138672,33.00584293365478,18.02092727661133,10.434827671051025,12.920349025726319,12.11078477859497,5.864719820022584,3.0159038877487183,1.8471089887619019,1.3430189514160158,1.6729323387145996,10.877935214042664,37.05704769134522,35.26861145019531,22.206894340515134,12.446908664703368,13.743018941879274,13.069393520355225,6.800765295028687,2.9896067190170292,1.7335181736946104,1.3005036807060242,1.7056612277030947,11.184645075798034,35.39084743499755,37.126343612670894,22.796699638366697,13.003577747344972,15.736650123596188,15.241873111724852,8.368604011535645,3.3053016948699954,2.4417907214164734,2.2607597160339354,2.9741374814510344,11.780939693450929,38.43420116424561,32.104791526794436,15.759732570648193,10.96295265197754,14.052526645660402,13.763432693481445,6.844861345291139,3.6166818523406987,1.921049325466156,1.3128086423873901,1.8444714808464053,12.507404789924621,35.8987433052063,33.40929725646973,17.82610580444336,10.766971492767334,12.12445053100586,12.389933185577394,6.648923997879029,3.1823223209381104,1.7899893045425415,1.334596095085144,2.4081589317321774,10.882133798599243,41.89196460723877,39.1311561203003,19.510784378051756,12.361661376953126,14.308676795959471,15.372903537750243,7.525900249481202,3.4021387720108036,2.028434431552887,1.4229404509067536,2.4127322340011594,16.15986657142639,45.040349807739254,40.411691360473625,22.404933509826662,13.549617843627932,14.246253395080567,14.135591831207275,7.436590356826782,3.5450782966613765,1.4218115568161012,0.9210217690467835,1.2465846347808838,11.133697872161864,40.52592193603515,32.69087760925294,19.023177890777585,12.101843566894534,14.019927444458009,13.651462192535401,5.929182863235474,2.631521108150482,1.7686261701583863,1.3743009972572326,2.371794694662094,17.074940719604495,41.429334831237796,31.12201160430908,19.87485601425171,11.41242893218994,14.136399631500245,13.553260612487794,6.4648616600036615,2.8453621768951414,1.7922892332077027,1.257995083332062,1.850386345386505,11.85072606563568,44.35321338653564,37.71130252838135,22.65784515380859,11.192084712982178,11.782975521087646,12.110863075256347,6.4291438961029055,3.037720184326172,1.6152422761917116,1.1675764179229735,2.120373284816742,15.0245396232605,42.724592742919924,32.00243381500244,17.563299884796145,13.164228553771974,13.25650276184082,13.832558860778809,6.710115833282471,2.7917630553245543,2.4107025957107546,1.7656939148902893,2.2416582918167114,11.859463410377503,35.72445526123047,32.13034397125244,17.175226821899418,10.60054973602295,11.371124143600465,11.484935321807862,6.643232831954957,3.267629623413086,2.222893838882446,1.5161127591133117,3.368660941123962,13.253785429000853,40.70581966400147,35.99500480651856,18.47867156982422,11.113835220336915,12.646579151153563,13.093551845550536,6.781284456253052,3.4796737384796144
133,431.21531829833987,581.0101013183594,502.07859191894534,346.0848083496094,325.09991149902345,275.9611785888672,171.6268768310547,134.33789596557617,72.3914665222168,61.70314407348633,136.52513370513915,257.3713836669922,430.33961181640626,449.67486328124994,464.05742065429683,410.15372863769534,340.16860321044925,272.7411834716797,173.59423095703124,123.20171264648437,134.01627914428713,161.78030136108399,216.66040367126462,348.8297666931152,356.31893478393556,400.6622372436524,473.69642272949216,438.73692321777344,356.6066021728516,230.67583923339845,156.92864044189452,122.56448455810546,101.44077835083007,118.00130685806275,177.59573343276978,237.6044396972656,316.75923034667966,467.4090814208985,498.33601318359376,486.4203833007812,358.15850585937494,235.9744207763672,154.32148086547852,119.29693099975586,87.97223480224609,130.9377590942383,173.45529006958006,309.7466891479492,373.6187298583984,415.98103515624996,484.0289733886719,425.4422088623047,330.53802246093744,250.88528717041018,161.2973373413086,119.70646850585938,130.07997596740725,104.89385658264159,237.44568389892578,354.5014529418945,401.81916473388674,431.064116821289,529.5011065673827,468.293798828125,342.9586291503906,273.96498046874996,179.5937112426758,130.14376419067383,140.83321487426758,120.09657150268556,184.40925224304198,325.8281936645508,403.5414416503906,453.33155578613287,458.0580291748047,395.44093139648436,368.86146301269525,284.6977453613281,172.8782125854492,127.13368896484376,144.62507698059085,140.62518272399902,247.945311126709,310.1823941040039,408.0017407226562,453.2422467041016,474.43518188476565,470.0432293701172,330.2417120361328,277.40905685424804,157.1361444091797,122.01956100463867,129.68460952758787,111.17800842285155,171.35750450134276,309.3031887817383,387.27484741210935,448.2072039794922,476.43715270996097,458.7143817138673,351.96712890624997,239.0206158447266,173.48626785278321,146.38185920715333,129.45978832244873,148.30218341827396,215.45714111328124,300.2461895751953,435.2445404052734,473.7263073730469,506.98984985351564,432.74409545898436,348.9869750976562,270.49114166259767,170.5125991821289,122.55183883666993,110.19209808349608,132.12341957092286,186.88312225341798,316.46881958007816,445.45915298461915,509.3893878173828,471.9630126953125,488.25383911132815,348.911767578125,271.6472979736328,191.10599060058593,116.59042663574219,122.87585273742675,165.56622171401978,248.2648445892334,413.87043209075927,403.68111389160157,460.7121325683594,458.0347302246094,497.5664965820312,372.3945452880859,249.03629272460935,164.85121673583984,125.26198654174804,127.54115020751954,163.5653518676758,225.65143005371092,397.6051275634766,444.47407348632817,456.3600167846679,508.19187622070314,472.8515399169922,295.5381170654297,248.85332794189452,171.50319381713868,121.15670242309571,94.87072574615479,152.12831718444824,201.65079818725584,304.64481964111326,414.2653982543946,517.6149908447267,569.4821453857423,475.3593560791016,374.5736871337891,290.3845443725586,192.1769895172119,134.67459518432617,135.55256980895996,175.47685401916505,261.3199787902832,409.1181677246094,444.7587384033203,477.05685546875003,518.1320556640625,508.78518737792973,350.577857055664,242.2729641723633,177.49907165527344,127.61598052978516,140.00402740478515,151.86837149620055,222.82236289978027,328.4810363769531,368.5177151489258,413.37592102050786,483.66332641601565,449.452734375,326.3510430908203,245.3893273925781,153.8108576965332,113.95354858398437,125.75407058715821,138.72860694885253,219.6981672668457,270.85584716796876,324.57098571777345,519.6228540039062,476.38524169921874,488.84638183593745,348.64792846679694,262.5754965209961,171.2899421691895,110.52882057189943,136.239813079834,118.70427001953126,168.87114547729493,281.8000479125977,460.84431030273436,407.60440429687503,503.95027832031246,499.29405700683594,378.80097747802733,276.68529144287106,171.6335382080078,127.50948043823242,158.22664154052737,170.42828254699708,177.37478469848634,318.4085098266602
134,15.906383609771728,18.83877024650574,17.84784107208252,13.803623008728028,18.629953384399414,2.455241060256958,4.136454498767852,17.13375997543335,5.185659742355346,1.7216128408908844,8.389779561758042,11.981590737402438,14.709840979278088,14.628951020240782,15.669881377220156,19.506334381103517,18.469152250289916,3.659827446937561,7.264196287393571,8.814105854034423,8.799697171449662,4.047423460483551,7.685227484703065,9.90036678791046,8.317529575973749,10.748586411476136,18.89338017463684,19.628531856536863,15.98138710021973,3.455425333976746,3.7062719559669497,7.889115535020828,6.393009668588638,6.45592372328043,4.376126320064069,4.493069891929627,7.944751663208007,10.72291832447052,16.598693342208865,15.664595375061037,17.46993553161621,3.800771427154541,5.048063545227051,10.47755093097687,5.897691023349763,8.500814201831817,6.467566603422165,6.2978744494915,14.602695347070696,13.112029762268069,16.956427927017213,20.941414852142334,17.4096750831604,3.4541276121139526,7.925309178829193,9.811584792137145,6.013212937116622,8.482683967351914,5.988385565131903,8.731059234142304,11.43380907535553,11.486443037986756,22.71163414001465,20.845993194580082,18.14936201095581,3.6625470721721656,4.991483700275421,8.23553897380829,9.613659043312072,7.258352416753768,5.444789913892746,12.65353425860405,14.509727790951729,13.685295779705049,13.398708906173704,17.930353698730467,17.59237753868103,3.5344866156578063,4.684477639198303,6.4384306621551515,6.762350938320159,6.2406858682632445,5.966487542390823,7.152148940563203,9.683875477313995,12.578775997161866,18.904475708007812,20.898645133972167,18.56677833557129,3.1034717893600465,4.448438830375671,7.981945710182191,6.604770897626878,5.499309126138686,4.606450526714324,9.334153519272805,9.801986953020094,11.202486076354981,18.384156799316408,19.95659641265869,15.314892616271973,2.6845718610286715,12.092223176956178,15.62677066087723,10.677048754692077,10.215346524715425,7.34622990846634,7.408499798774718,16.38160812348127,10.859280803203584,16.42028184890747,23.353794536590577,16.659292573928834,3.1170755171775815,5.548308086395265,8.451362463235856,7.768315844535829,6.326828686594963,5.129470649957657,7.104581011533737,9.326439706683157,12.883395575582984,18.668582768440245,20.228917808532714,16.26355962753296,2.687091517448425,6.8392502260208135,10.31936093211174,8.865032111406327,6.588499986529349,6.719725041240454,10.17612257361412,16.63150156497955,13.463855915069582,20.402972078323366,20.19433069229126,15.549340076446532,2.7353624200820925,5.274261629581452,5.01634864449501,9.098058500289916,8.226866204738617,5.949389575719833,11.780093604326249,13.136833983063699,13.74077697277069,23.135090866088866,21.057945556640625,19.45526382446289,3.7276293087005614,4.469511253833771,11.384333243370056,8.835955342054367,9.733106857538223,5.159512333869934,8.877297390699386,16.244297251701354,10.712957882881165,17.48292212486267,18.903575954437258,18.073831033706664,3.531020216941834,4.192750871181488,13.075016659498214,6.945732228755951,5.160603539943695,5.128919066190719,8.366075043678284,16.82343903660774,12.449535388946533,18.29269886493683,20.983207817077634,18.494183158874513,3.4670976638793944,6.107303750514983,11.351391756534577,8.380869878530502,5.390910013914109,7.890016551017761,8.420095373392105,10.085364558696748,13.55629390001297,20.793465461730953,17.681388835906983,14.701776518821717,2.659160548448562,8.091308192014694,6.088859806060791,9.764217033386231,6.453750429153442,6.389472498893737,8.950594798624516,7.632313873767852,15.841525781154633,18.69039689064026,19.246332197189332,16.857059211730956,4.274519641399384,3.4837220358848575,6.9557263123989115,5.895278133153915,5.818213785886765,6.67280084848404,6.2718986502289775,12.301629028320313,14.285491728782654,20.57867552757263,19.966131019592286,19.205745830535886,4.889607133865356,4.8479926085472105,11.319202649593354,9.675428162813187,6.528997604250907,6.155708140134811,11.477276430130004
135,-5.789148187637329,-4.949357318878174,-3.9081671714782713,-1.2851348996162415,38.81822681427002,66.40377655029297,34.33761482238769,26.810391998291017,28.72276725769043,20.33360176086426,-2.6232709169387816,-8.174313354492188,-5.92437707901001,-4.944738793373108,-3.908466081619263,-0.5605416142940521,42.298995132446294,49.17718079566956,41.70062255859375,24.329210605621334,22.591742782592775,13.930902185440065,-1.9094822859764098,-6.308188982009887,-6.922128839492798,-5.849988121986389,-4.618027720451354,-0.8386898660659791,52.86292797088622,62.692403564453116,58.85426567077637,22.323818054199215,18.313516273498536,19.836708068847653,-0.7685257959365844,-6.981558961868286,-6.146399583816529,-5.117583107948303,-3.838144150972366,-0.3553969389200211,47.80660424232483,62.68783376693726,54.833992691040045,29.170393295288086,23.230795707702633,17.388316621780397,-0.5289445400238038,-6.635518016815186,-5.0912893414497375,-4.341999597549439,-3.325367918014526,2.275508699417114,44.18102949142456,50.31583724975586,57.221560745239266,27.314576721191408,17.986240386962894,14.729213533401488,-0.26389239788055435,-5.090403082370758,-5.281149249076844,-4.526166110038758,-3.4586292314529423,0.5226700460910794,47.587768936157225,51.42665409088134,58.574482421875,26.296577873229978,17.74133655548096,14.30623369216919,1.697857713699341,-5.272677302360535,-6.286383399963379,-5.481262221336364,-4.325550527572632,1.17149178981781,42.99392772674561,65.29876495361329,55.28206962585449,29.509686222076414,23.573068752288822,21.239514050483702,1.0128899216651917,-7.04048131465912,-6.854141845703126,-6.040740780830385,-4.655199294090271,0.27546477079391496,55.430502624511725,61.91539535522461,62.26080642700195,32.23823398590088,25.534192695617673,22.225046834945676,2.361783537864685,-6.566248192787171,-6.145587692260742,-5.431635422706604,-4.383077816963196,1.073366218805313,53.23248295783996,60.16425094604492,57.16105918884277,30.110168228149412,27.753645210266114,17.53824734687805,1.8042659783363342,-6.102543859481811,-5.91096622467041,-5.206619215011597,-4.127298979759216,-1.0893922114372252,51.27458013534546,57.737582626342785,56.5760725402832,27.933573150634764,15.912197132110595,19.38212799072266,3.6197565460205077,-5.540243034362794,-6.187960987091064,-5.408700857162475,-3.887487864494324,3.6270697021484373,59.82051863670349,54.31873214721679,57.37299781799315,28.35929145812988,21.30654098510742,16.118207759857178,1.240838975906372,-6.043550553321839,-4.9650946569442755,-4.310618624687194,-3.4505918729305263,1.2986767297983168,55.3303023815155,42.832452049255366,60.91488784790039,33.2220004272461,20.067925720214845,16.70638449668884,1.5730978679656984,-4.858381714820862,-6.15547924041748,-5.369228091239928,-4.195240216255188,-0.2006980705261232,50.596164727211,52.536448116302495,58.7008560180664,31.621639900207516,22.541707000732423,19.560380516052245,0.8415226578712464,-5.989626789093017,-5.606035671234131,-4.985627307891846,-3.9493676280975345,1.7067114377021793,51.66663991689681,54.50733435630798,53.592057952880864,29.56536506652832,29.48505527496338,19.577765855789185,1.40079922914505,-5.398960747718811,-5.700767517089844,-4.93615915298462,-3.880298066139221,-0.7325178146362304,47.926835441589354,74.26754861831665,58.18654808044433,24.910772323608402,18.481288261413575,19.160567932128906,2.7865415620803833,-5.926543846130371,-7.149123582839965,-6.2620702075958246,-4.922812547683717,2.822960528135299,58.92382766723633,53.8979432296753,59.79266418457031,32.8477278137207,30.870828609466553,25.490261821746827,3.654142751693726,-6.976814041137695,-7.01660779953003,-5.972191162109374,-4.539687671661378,1.4487976288795472,65.83118510246277,58.00419517517089,62.28408912658691,31.386592521667477,21.864533481597903,19.4723704624176,2.5440604257583614,-6.840077238082886,-6.005312595367432,-5.144518604278565,-4.014609584808349,2.1868124592304232,56.59124462127686,55.96097894668579,58.53137573242187,29.217603378295895,22.567750301361087,17.942948055267333,1.4772987365722658,-5.559965534210205
136,81.02146911621094,80.21190719604492,58.36984786987305,37.239858627319336,10.399449157714844,2.7150641322135924,0.12904852516949172,0.03367590010166166,0.7341370793059468,2.3919650673866273,23.020833206176757,90.86787719726563,79.24596050262451,62.71182697296143,43.29940891265869,26.62401791572571,8.155575315952301,1.9947913212701678,0.10300220761448142,0.07007325127720827,0.4337507027946413,3.1387475995719436,25.585402164459232,54.831213817596435,79.82392646789552,58.68512336730957,48.21415506362915,28.339754524230955,9.310503406524658,1.9009893259406092,0.192081452794373,0.0794442399218678,0.5062987658195197,6.531124852001668,30.90746342658997,67.69084762573242,64.02643104553223,73.34741439819337,60.679095001220695,29.152185955047607,11.893124458789826,1.8414758813381193,0.11865804508328434,0.09218096774071452,0.16734839182347055,3.5611500662565225,30.066972455978394,53.38245441436768,66.35733497619628,65.17870010375977,54.93886306762695,27.22032531738281,6.939870728254317,2.543803201243281,0.19104967489838595,0.09147351510822771,0.6962672902643681,4.63859066426754,41.09553731918335,69.3479549407959,75.79493156433105,79.33515258789062,54.65925949096679,28.3018741607666,10.544039282798767,1.8394679647684096,0.15959810134023425,0.12442967522889373,0.3356047130562364,4.836865617632865,34.31253111839294,62.73422523498535,61.70020412445068,62.624928283691396,51.216123504638674,32.1400762462616,7.1089226770401,2.30660279661417,0.11631963215768334,0.08092689029872412,0.40322208823636174,3.806918134689331,26.30757379293442,64.70936180114745,83.54880775451662,70.15571090698242,51.72909980773926,22.657092876434326,8.401544046401977,1.8466710877418517,0.2480614588409662,0.13020084306597707,0.4551716693118214,5.363982165455818,43.20393928527832,78.66338249206544,75.94286895751954,62.33925945281983,49.15507019042969,28.237671794891355,7.84923047363758,1.4914728263020516,0.12174715504050249,0.057928931862115805,0.33855365950614213,3.541239477870986,31.051565275192257,66.05965354919434,69.16040824890138,71.49667701721191,50.43383003234864,25.21988843917847,10.369741042852402,1.7452923996001484,0.19331844717264174,0.10154448878020043,0.4661455604806542,4.173399067819118,29.3213600730896,64.49694831848146,70.0464674758911,74.78125015258789,43.90677352905273,21.462135753631593,6.229994395971298,1.683024015724659,0.13734655775129792,0.05858359802514311,0.31096345035359263,3.4376476004719736,28.531252222061152,67.46538024902343,76.71293579101561,70.4713666534424,48.588134918212894,25.711573753356937,6.878238487243652,2.4661678484082223,0.27576377309858796,0.0674622122943401,0.1594415134936571,3.9692373904585843,35.0647914648056,76.15339673995973,74.38161758422852,68.9904730796814,51.73982975006104,25.741645851135253,7.330374822616577,1.6417221517860887,0.12567244578152892,0.10570362944155927,0.5173102791979909,4.2381159022450445,30.533371238708497,58.469298057556145,71.06425827026366,68.39327682495117,50.0343913269043,25.947780838012694,7.705931820869447,1.8292609286308288,0.19838469713926316,0.21780563574284312,0.7130580597743392,2.8878579690307378,33.9328356552124,60.89604732513428,79.31699256896972,64.94709648132324,53.68149017333984,31.550882921218875,9.345737190246583,2.6014253232628106,0.2089025060459971,0.07859235960990188,0.210896846037358,3.5543266985565425,29.17565645217896,72.14839096069336,69.56520599365234,68.98618377685547,47.50765274047852,27.467710876464842,8.337191357612609,2.2036527693271637,0.1846572095900774,0.06317839734256263,0.283143296148628,8.1447921269387,37.09980175971985,69.96861724853515,75.95915771484374,73.74206451416016,60.46266166687012,29.80920223236084,9.657133444547654,2.7533958342671396,0.16597879018634554,0.20143631473183626,0.2828826167620718,4.4483533763885506,40.48112247467041,69.34267745971678,65.19707176208496,64.3534912109375,46.946175231933594,24.34923439025879,9.005658066272735,1.9083176450431345,0.25754706673324107,0.12069392845034596,0.49157692059874536,3.2637462509889152,29.937182235717774,62.32004814147949
137,52.912841796875,41.439049911499026,42.55250701904297,60.68690872192383,220.80259399414064,321.8338653564453,125.5270767211914,85.52864303588868,146.9368637084961,142.4526351928711,107.39009552001953,57.457743072509764,52.64042465209961,59.21991973876952,54.7103296661377,101.3854493713379,267.074419555664,262.10638916015625,104.06298019409181,86.17370361328126,125.25522979736327,145.25823471069336,100.21967666625976,75.8974383544922,57.18673007965087,53.90335861206055,55.79091152191162,93.63644271850586,258.52393859863275,247.16352111816408,98.09235916137696,81.00453979492188,136.65029388427735,134.12086730957031,100.1583462524414,74.48063949584962,73.80024589538576,63.215089874267576,53.15416831970215,119.43853607177732,261.34041870117187,254.06019287109376,105.40448730468749,74.44961669921875,132.00053863525392,153.21078643798828,103.1131741333008,85.30894119262696,76.96536933898926,65.08234867095948,63.556630859375005,109.20250434875489,254.93479064941403,249.42935485839843,101.20934890747068,81.38866073608399,137.28226165771486,154.60879516601562,98.38302932739258,82.46536148071291,78.11730129241944,62.552976379394536,61.03805770874023,116.32188079833986,281.6853344726563,231.1886437988281,92.33399536132814,75.34563888549805,141.56390411376952,169.40813537597657,104.87327056884767,88.26269592285158,86.22268852233887,75.54793319702148,69.20435974121094,106.53960891723632,289.5632141113281,239.15124755859375,93.72708557128907,97.0527474975586,153.49123779296878,191.06241119384762,122.75051055908202,89.29817985534667,82.46334308624267,73.4403223991394,63.96279335021973,117.41928543090822,290.33559143066407,253.18456512451172,97.40574356079102,80.30531234741211,116.87547851562499,137.87766479492188,102.17937057495116,90.01199890136719,82.09420318603516,86.99550910949708,81.84618179321288,126.27388305664063,288.5003881835937,266.7566552734375,108.85890625000002,88.28349365234375,145.88116516113283,173.304326171875,128.6174166870117,99.52723587036134,75.81421615600587,75.35841217041016,72.43863777160644,116.25575286865235,291.7744769287109,222.29209167480468,91.62155654907227,83.2285255432129,129.79897994995116,158.45645812988283,119.34970733642578,98.92138870239258,87.95479331970215,78.54024047851563,82.79132068634033,125.46540222167968,286.89173828125,232.4704461669922,97.84944595336916,78.67218032836914,131.2535302734375,170.0129379272461,132.64048217773438,94.3440641784668,79.34551956176759,75.23240928649902,72.85215240478516,119.96091918945312,264.85432373046876,228.82922393798827,94.40699157714843,87.0586442565918,137.4087683105469,183.01793182373046,121.63083251953125,101.57859264373779,91.62055587768555,82.47594627380371,77.02457443237304,125.6388818359375,301.87598937988275,245.39472412109376,99.27678939819336,82.40485717773439,135.93840042114257,169.54651000976565,127.02382919311522,106.04354919433595,80.79310997009277,66.58075813293456,70.79141368865967,134.7010083007812,297.6686169433594,216.38503723144532,94.53826492309572,80.6262419128418,147.79670349121093,187.82347290039064,126.41910537719727,99.54971618652344,69.01576614379883,80.42820709228516,71.97577239990235,125.06660919189453,324.26207092285154,219.01273193359376,90.33772628784179,76.04838455200195,145.89149291992186,156.96453033447267,112.74760070800781,84.65436073303223,78.9821122741699,76.00002761840821,77.22947799682618,122.20440460205077,282.25897033691405,229.8530895996094,91.72273681640624,78.29749633789062,143.21612213134765,161.332509765625,117.10431762695312,92.26151840209961,67.72394611358644,70.90518379211426,65.0009822845459,108.4728045654297,262.3832861328125,217.42704589843748,93.12287750244141,80.51234848022462,131.03872512817384,155.6351580810547,111.10747909545898,90.15754425048827,80.7169994354248,75.34475490570068,84.34605667114258,127.70004959106446,315.0349493408204,269.6545184326172,109.96184692382812,90.17845718383789,156.5616317749023,184.2539743041992,119.46361709594728,83.16326187133788
138,2.4572325229644774,3.5634867787361144,2.997165322303772,3.0823781967163084,7.5021474123001095,3.6739031195640566,5.899780857563019,5.233038854598999,3.6375781416893007,0.9672473311424256,1.5227154232561588,1.8647882577963173,2.4740213175117973,2.2589784425497053,4.2043976712226865,4.802450947761536,6.1562676429748535,3.607096018791199,5.4255169892311095,5.453850688934327,6.6697416639327995,4.332643338441849,2.80286354675889,2.8182413029670714,1.7783234952390192,2.3663516914844513,5.430591628551483,4.307568740844727,6.441355316638946,2.8323851978778842,3.887100375890732,4.649093165397645,6.209044027924537,3.0478396791219713,1.9761621159315108,1.289308275282383,2.465518324971199,2.2669809103012084,3.939927678108215,3.964625833034515,6.19716233253479,3.090799806118011,5.0049561238288875,6.363597295284271,7.331031392812728,3.7626195444166655,2.3447122137248515,2.445252423211932,2.5441761779785157,2.289215738773346,2.974631777405739,3.703388617038727,5.262592554092407,2.7007760047912597,5.907045135498047,8.49259293794632,7.0480410814285275,4.356741299331189,1.8266277194023133,1.7784884193539618,2.53644994020462,2.3683602124452596,4.514566898345947,4.76924243927002,6.397912650108337,3.97092915058136,3.489066035747528,4.630699931383133,6.1889786481857305,4.650766155719757,2.1489788959920406,2.83086282402277,2.5377142691612242,2.405174357295036,4.181768934726715,4.910782568454742,6.016569538116455,4.566065373420715,4.850502594709396,5.055211551189423,6.636385847330094,4.8090854881703855,2.970400370955467,2.351303339973092,2.3179025201499464,2.7376558411121374,4.387956695556641,4.170629174709321,5.617843060493469,4.048467044830322,5.055604360699654,5.9179322159290315,6.6063080453872685,2.888262289762497,1.2861315149068833,2.056260145306587,2.303771562576294,2.889961043000221,3.6697672796249394,4.6711214780807495,6.056481628417969,2.893561298251152,7.392266921997072,8.731057138442992,6.686669082641602,6.5287601229548455,2.838966696187854,1.9950183570384978,2.7628437131643295,2.4011582386493684,3.8993096470832826,4.185163807868958,5.079182653427123,4.667938439846039,4.31400704741478,4.973162355422974,5.006861038208007,3.190468860864639,1.9419850048422813,2.3167306473851204,1.725167211294174,2.5718559664487843,3.9604651594161986,3.698660784363747,5.692215709686279,2.452931706309319,4.379287238121032,5.233269453048707,8.300401054024697,3.6329483525827526,3.2496073769778016,2.0689539863169193,3.003704042434692,2.8836250782012938,4.946857709884644,5.352405538558959,6.836683292388915,5.054639815092086,6.327801756858826,4.540090878009796,7.720960097312927,4.156705877631903,1.9114307081699373,2.2937237557768824,2.521319130063057,2.713610824346542,4.215441462993622,4.157236441373824,6.012079668045044,4.861800563335419,4.963160650730133,9.991190123558045,5.620830251276493,4.4899473041296005,1.730373419523239,2.3456363524496555,3.4278164196014407,3.3935028231143947,3.8113933134078986,4.484551212787628,5.228484807014466,3.6667094159126288,5.493644831180572,7.666860778927803,5.331727502346039,3.478208278417587,2.049008761048317,2.45733704328537,2.8483693087100983,2.7310305473208425,3.658941521644592,5.246314980983734,5.9089526128768926,3.914347949028015,6.470315228700637,8.02329978942871,6.971869693994522,4.703724585175514,3.141984601020813,2.9139668263494967,2.7706269323825836,2.571960265636444,4.707781101465224,3.925457831621171,4.343209388256073,2.4147459375858307,7.093083973526954,5.311710307598114,7.292585663795471,5.15519243227318,2.16829657047987,2.110815852284431,2.2951967692375184,2.526476275920868,4.1534108281135556,3.644800033569336,5.470381888151168,3.5905893647670744,4.233921945095062,5.072810854911804,8.087666401863098,3.527246467471123,2.569693712592125,1.928050688505173,3.182284181118012,3.8170223200321196,5.072349853515625,5.246626286506652,4.854364194869995,3.949462963938713,3.8315528231859206,5.5427392745018,7.707433630228043,5.24685112953186,2.333846582658589,2.415533993840218
139,-1.7054668426513673,-1.6286902189254762,-1.1164418816566468,17.387860679626463,17.867042350769044,46.22921524047852,33.78652973175049,6.701832842826843,4.719732642173767,2.0071926355361938,1.5872467041015625,-1.528122639656067,-1.804565284252167,-1.7172239685058592,-0.8801807069778441,10.769294402599336,21.782612838745116,23.599699268341062,19.6304461479187,8.838527465462684,9.748114652186633,7.544591127634048,3.9074187976121904,-1.426144070625305,-1.613321931362152,-1.5381300568580627,-0.35450005054473877,14.827854714393615,23.905982971191406,31.35544696807861,21.198859367370606,13.58932541847229,9.222311215400696,7.354683386087418,2.3026820921897886,-1.2633160454034804,-2.247692053318024,-2.0923708868026734,-0.5261417579650878,18.002815728187564,21.038218083381654,29.629166221618654,18.642288482189176,10.626710028648377,10.41571150302887,15.089903817176818,5.369763714969158,-1.6355003666877745,-2.024639141559601,-1.9511938261985775,0.2661979806423188,18.61833406448364,21.922965698242187,24.662298340797424,15.681211454868315,7.86697190284729,9.42497525393963,7.8808067820966246,4.1985533112287525,-1.1945412814617158,-2.0507306337356566,-1.827236008644104,-0.539376187324524,15.647101674079897,23.19665658950806,35.380188140869144,22.805966781377794,10.4432408618927,10.486034104824066,9.948679914474486,4.655811487436295,-1.3561931371688842,-1.8370990467071533,-1.829222662448883,0.39810188412666325,14.623565528392792,17.429933948516844,33.39212501525879,25.803989295959475,12.41110587835312,8.932733494043351,7.511217278242111,4.118015310764313,-0.38335158228874205,-1.9932410025596616,-1.9024672269821168,-0.4524570798873901,18.34970580101013,22.353073377609253,32.165571994781494,27.800470447540285,11.663753063678742,7.632363185882568,9.449117532372474,6.877443138360976,-0.8602088877558707,-1.7523921522498127,-1.8539522814750673,-0.4052979701757432,14.505844345092772,20.794820938110355,31.540981254577634,22.329643716812136,8.252420315742492,9.673831045031548,7.715143476873637,4.51247272491455,-0.3679579460620879,-1.6050752401351929,-1.6886969184875487,0.29759557127952574,18.233534483909608,28.53062166213989,29.27048450469971,17.792503585815428,12.074866441488265,6.971194275021553,8.429556778669356,5.259228348731995,-0.3290957546234132,-2.465373425483704,-2.4214299416542056,-0.9218236345052719,19.391155638694762,18.86988970041275,29.621357250213624,21.387339277267454,12.482546939849852,10.26454486310482,10.88012008368969,7.031487690806389,-0.5583871133625508,-2.3507386791706084,-2.29907723903656,0.6825691723823548,23.002588840425013,25.72439308166504,39.18965369224548,18.615921359062195,9.19797539114952,9.570837585926055,14.429275547266007,8.588291428089141,0.038223621845245324,-1.3773426914215086,-1.8566244125366211,-0.5478543901443482,18.665983667373656,21.11223930358887,29.9989923286438,20.14110374927521,6.799059779644013,7.738800776600837,10.910518219470976,5.1191061711311345,-0.6167670655250549,-2.1935090684890746,-2.1408792543411255,1.197377403974533,20.779711627960204,21.222147865295412,31.636371092796328,18.37579520225525,12.934134545326234,11.63791788816452,11.075060760974884,6.663746207952499,-0.5818768346309662,-1.958752534389496,-2.064682598114014,-0.055918384194374074,22.64684003174305,28.543937549591067,35.86888603210449,24.164592247009274,9.48977997779846,12.209015867710113,6.626539261788129,4.443367109894752,0.12257195532321918,-2.2377600836753846,-2.1681805992126466,-0.6450689929723739,21.61068758010864,22.587698516845705,35.220334701538086,21.6771064376831,11.031912819743159,9.10729174852371,7.938457070589065,6.175189076960086,-0.7788388717174529,-1.968945903778076,-1.9672526019811631,-0.45220810174942017,23.786517117023468,24.386847057342532,33.1973662853241,19.66474871635437,10.676353070735932,9.520905854701995,10.613977424502373,6.336290655136109,-0.36555629432201386,-2.0284816813468933,-2.1665288019180298,-1.0699404609203338,22.069257192611694,24.02934101104736,36.91757175445557,22.406948242187504,11.500197057724,13.248387904167174,10.417519220113755,6.740633797645569,-0.594226261973381
140,0.0,0.0,0.0,0.0,0.0,0.0,0.0,0.0,0.0,0.0,0.0,0.0,0.0,0.0,0.0,0.0,0.0,0.0,0.0,0.0,0.0,0.0,0.0,0.0,0.0,0.0,0.0,0.0,0.0,0.0,0.0,0.0,0.0,0.0,0.0,0.0,0.0,0.0,0.0,0.0,0.0,0.0,0.0,0.0,0.0,0.0,0.0,0.0,0.0,0.0,0.0,0.0,0.0,0.0,0.0,0.0,0.0,0.0,0.0,0.0,0.0,0.0,0.0,0.0,0.0,0.0,0.0,0.0,0.0,0.0,0.0,0.0,0.0,0.0,0.0,0.0,0.0,0.0,0.0,0.0,0.0,0.0,0.0,0.0,0.0,0.0,0.0,0.0,0.0,0.0,0.0,0.0,0.0,0.0,0.0,0.0,0.0,0.0,0.0,0.0,0.0,0.0,0.0,0.0,0.0,0.0,0.0,0.0,0.0,0.0,0.0,0.0,0.0,0.0,0.0,0.0,0.0,0.0,0.0,0.0,0.0,0.0,0.0,0.0,0.0,0.0,0.0,0.0,0.0,0.0,0.0,0.0,0.0,0.0,0.0,0.0,0.0,0.0,0.0,0.0,0.0,0.0,0.0,0.0,0.0,0.0,0.0,0.0,0.0,0.0,0.0,0.0,0.0,0.0,0.0,0.0,0.0,0.0,0.0,0.0,0.0,0.0,0.0,0.0,0.0,0.0,0.0,0.0,0.0,0.0,0.0,0.0,0.0,0.0,0.0,0.0,0.0,0.0,0.0,0.0,0.0,0.0,0.0,0.0,0.0,0.0,0.0,0.0,0.0,0.0,0.0,0.0,0.0,0.0,0.0,0.0,0.0,0.0,0.0,0.0,0.0,0.0,0.0,0.0,0.0,0.0,0.0,0.0,0.0,0.0,0.0,0.0,0.0,0.0,0.0,0.0
141,42.64962882995606,49.06052207946777,228.26280822753907,503.3364318847656,355.9786743164062,65.1740385055542,-7.6387467861175535,-19.73170166015625,1.0603779792785644,62.13454399108887,127.21050415039062,58.99047737121582,82.43637996673584,55.210805816650385,155.52405956268314,485.9154455566406,424.2817077636719,89.31137739181517,3.220244178771972,-5.883218364715576,36.25354974746704,145.1444072341919,205.61358505249018,156.09046230316162,89.31210918426514,38.58255928039551,139.9898567581177,578.1318377685546,422.27088378906245,59.51447521209717,-9.23418882369995,-11.760960083007813,8.216303520202636,111.87669384002683,201.32272369384765,123.11050563812255,55.640221748352054,39.79727325439453,172.9836320114136,484.7563208007813,396.71926483154294,74.09449970245362,-0.5298397254943847,-9.153531093597412,15.27113489151001,107.18411064147949,187.37791534423826,158.8147831726074,77.42283615112305,33.61421272277832,128.20397453308107,556.5157617187499,443.8711376953124,79.9445894241333,-1.6529829025268543,-12.475180206298827,23.050081138610842,99.07418472290038,225.81903915405275,199.7922046661377,87.41605216979981,75.5632695388794,159.98876510620119,519.4942205810546,444.41210205078124,76.91513565063477,-4.017939033508301,-7.420765695571899,22.877020568847655,106.66461288452149,201.4138157653809,151.3056418609619,80.18009216308594,47.34583810806275,123.7592316818237,513.0036773681641,382.3983856201172,67.5642094707489,-6.738436965942381,-11.880588493347167,20.989988498687744,94.90185749053956,175.72265167236327,164.18473121643066,93.78840408325195,70.4250411605835,182.4897576713562,557.1002111816406,458.37215698242187,68.45452514648437,-10.646835327148438,-5.0233885765075685,14.430463066101073,104.45816020965576,208.13400146484372,169.7808646392822,100.37621158599853,69.88937923431396,161.14018476486208,610.8162207031249,389.66981506347656,69.02470058441162,-17.553258500099183,-21.584783172607423,-0.4088146781921392,90.49666837692261,232.61061645507812,176.82902923583984,128.36795196533203,103.84097881317139,177.47736587524412,554.2518322753907,476.1689367675781,119.04404348373414,-4.938394794464111,-16.216770248413088,14.071091375350951,115.89898277282717,240.9378729248047,214.10261947631835,141.77434814453125,70.83788040161133,194.19334732055665,580.5193078613281,381.9825769042969,75.68050724029541,-14.247973031997683,-24.009409980773924,6.84223638534546,114.02338550567626,207.75274688720705,230.71837661743166,114.92127212524414,54.30122156143189,153.50834339141844,523.9339056396484,395.23143615722654,51.46790837287902,-9.05069128036499,-10.989420342445374,14.288121509552003,107.87419006347655,231.4200425720215,210.39049652099612,108.19204906463624,49.47123704910278,186.38722644805907,538.6240234375,419.7303100585938,48.55213382720947,-7.699101572036744,-14.958400201797485,0.034656925201415945,70.40802536010742,157.23686462402344,174.62814811706542,143.43870803833008,99.73639930725099,222.83930435180665,535.3469049072265,409.08220092773433,57.93308013916017,-13.129325647354126,-15.187451305389406,18.51967929840088,135.25209270477296,228.17708740234374,218.43045227050783,144.29606487274174,98.14173027038574,207.3660373687744,598.5271612548829,458.634697265625,65.87644487380983,-14.236254634857175,-22.445557556152345,5.439264712333679,94.20392395019532,189.70094879150392,185.5743003845215,101.45109272003174,73.70928394317627,183.86859100341798,593.6266479492188,377.14411315917965,64.55665477752686,-14.225039367675782,-12.167242794036865,11.592683258056642,102.68816482543946,222.24096618652342,184.07993423461912,101.88756454467773,77.54511096954346,175.13341934204104,575.6175860595703,426.5411169433593,81.53546249389647,0.29897143840789797,-6.961693258285523,17.572308478355406,101.48219458580016,184.25621742248535,170.78858810424805,109.28796150207518,60.3151435470581,147.1017391204834,527.492074584961,399.88103637695315,78.01228172302247,-13.283526353836061,-16.47592993736267,27.417257766723633,115.92247749328615,193.57796478271484,173.35269815444946
142,116.62093658447266,120.23792114257813,187.22030792236328,163.5046371459961,81.87416534423828,47.75512223243713,30.66750111579895,21.623182582855225,20.90469617843628,50.19850082397461,56.38558502197266,130.32940063476562,167.62068603515627,150.87093460083005,181.12916198730468,225.0737719726563,92.02759315490722,33.373604321479796,29.114905571937555,34.009541206359856,31.6364414024353,65.60514459133148,101.06223110198974,136.35609115600585,129.76523849487305,119.23389549255371,156.28885856628418,237.39709869384765,100.3027276611328,42.47748794555664,27.609682407379147,29.841454830169674,28.554366810321806,62.24069969177246,92.17507873535155,121.10239677429199,134.00815109252932,145.04037750244137,206.77646926879885,228.88775177001952,100.99227691650391,36.43837074279785,29.560861511230474,32.77014739990234,32.20312322616577,52.706614341735836,92.51868694305419,153.2686769104004,146.15380752563476,123.84496200561523,196.16180786132813,253.20401702880864,96.71127563476561,49.64589002609252,32.96349555969239,31.66796228408814,38.62258298873901,52.137801833152764,115.10923294067383,191.32069869995118,169.04026702880856,135.07383087158206,185.25190277099608,204.04078979492186,81.29072336196899,38.95604523658752,31.44490724563598,36.69045394897461,44.93359237670899,58.60212327957153,100.32204261779785,151.3238070678711,148.2375294494629,138.60085609436035,199.87502639770508,245.7936669921875,108.21898612976074,51.74894172668458,26.65177667617798,29.833891563415524,37.89367315292358,50.408666400909425,112.67766395568847,154.6850143432617,164.97647399902343,160.79193435668944,199.831512298584,239.28129974365234,98.5763491821289,36.775873379707335,25.106199665069582,36.146499857902526,30.424212741851807,50.00304023742676,103.55453605651856,168.41560821533204,149.3377095031738,132.15326156616212,203.78466217041017,242.77427886962892,72.8948582458496,38.28462388515472,21.131219959259035,36.866571273803714,35.185713410377495,48.538480072021486,110.16782920837402,153.77309875488282,191.84942474365235,175.60369720458985,224.78250518798828,245.5271664428711,100.18935134887695,47.36326401710511,32.937127242088316,41.901373100280765,27.342255601882936,60.42447784423829,113.06053863525389,166.21902465820312,202.75505462646484,172.24412109375,215.40180053710938,214.1557635498047,86.78341911315917,48.522646322250374,29.452307124137878,29.397742342948913,24.675735492706302,55.53410099029541,111.81076599121096,188.18731750488277,167.19913024902343,158.93935134887695,197.58926803588867,219.06220428466796,81.26999389648437,36.08242496967316,25.270607571601865,38.486867389678956,37.53409581184387,65.3753210067749,112.61728721618651,183.04314666748047,152.8606916809082,146.02547805786133,189.73358215332033,206.2923696899414,87.18217094421388,32.82768733978271,24.110804257392886,26.655330848693843,20.655201878547665,39.14716307640076,89.44193542480468,151.4914839172363,181.64936386108397,160.2401321411133,231.1332684326172,227.84681884765624,86.0013013458252,34.28797637939453,25.934687104225162,26.18530348777771,34.191158881187434,69.65062763214112,124.8149250793457,200.2572427368164,186.14378723144532,172.01530319213867,233.64772155761716,240.41503540039062,92.10009201049806,45.11098770141602,25.363663973808286,41.3180054473877,46.234669365882866,69.50445537567138,101.84018035888673,168.7658087158203,151.89938293457033,158.35224212646486,237.33317626953126,208.97713317871094,78.71270835876464,34.4070792388916,26.095508604049684,35.99134738922119,38.77127296447755,56.287185211181644,100.52245445251465,162.16460952758788,145.02763313293457,177.32817733764645,211.11106338500977,240.75274200439452,77.24807842254639,40.20100748062134,28.672983379364013,31.568777046203614,29.707333116531373,39.47173685073853,79.1403907775879,135.13409149169922,166.5992874145508,148.9307051086426,197.53513992309567,246.10146972656247,83.63488952636717,41.83998754501343,28.8391224527359,31.204437656402586,40.75805835723877,72.40444023132325,96.36497863769532,162.94188079833984
143,152.6645935058594,229.7301788330078,113.46221466064453,66.88308048248291,67.0417573928833,29.593988990783693,28.67102470397949,33.87882022857666,46.62873830795288,29.165105724334715,48.39925403594971,41.80033130645752,96.70451610565185,99.3333514881134,72.69756513595581,37.29137614250183,24.582536964416505,27.016426944732665,29.814355792999272,34.004705886840824,28.506382141113285,25.68806900978089,28.781720914840697,59.2701001739502,96.26665509223938,153.59934223175046,69.86558555841445,33.017459106445315,30.54529552459717,35.6794686126709,40.49480880737305,35.23412696838379,29.330101852416995,26.734384593963625,43.39240160942078,62.22695249080658,117.1287414932251,146.13815628051756,102.24875686645507,50.46791554450989,39.609145641326904,31.206362342834474,32.18440654754639,36.45801284790039,28.556711158752442,23.789850401878358,55.47070369720459,47.91803420066833,73.01888471603394,101.41044137954712,69.59451421737671,31.24460297584534,40.039255437850954,30.23152181625366,28.539713363647458,35.54124874114991,26.41594594955444,16.197341899871823,32.675983037948605,35.03118894577026,59.45340709686279,85.85442008972169,92.78685771942139,34.89771718978882,30.913476848602294,36.73045038223266,34.10178184509277,30.217210960388183,25.407578105926515,22.27933546543121,35.96259285926819,27.245972480773922,78.50432761192323,122.73841886520385,61.19531367778777,29.43284195899963,35.56201559066772,33.76157642364502,32.47858867645264,27.53941452026367,22.154446144104007,18.26810924530029,21.22125029563904,52.93348398208618,109.35206407546995,144.35787048339844,73.21413890838623,22.768056201934815,29.91784112930298,36.43134323120117,30.240747756958008,35.002166976928706,28.144556055068968,22.860375080108643,35.094747104644775,70.85898409843445,85.43227991104125,133.21720383644103,90.41013412475586,31.46024920463562,24.81170775413513,35.249332656860346,29.59110557556152,27.313859443664548,22.699858751296997,19.427755136489868,39.90711173057556,40.098618059158326,93.19110347747804,95.38877520561219,53.49690803527832,37.24150901794434,36.49984972000122,31.22484241485596,31.03723979949951,33.643765926361084,26.91003643035889,18.175790033340455,26.95327754020691,62.569111309051515,97.7783861732483,133.54493963241575,88.11286933898926,46.53817169189453,27.565406236648563,27.48030269622803,31.44482288360596,32.767403316497806,25.919118890762327,18.902000350952147,28.788718605041502,63.48840677261353,57.42915089607239,96.69209224700927,74.34929626464843,39.15329612731934,31.39690137863159,32.8542945432663,34.07079845428467,38.68484203338623,29.173985385894774,16.8153115272522,30.066116800308226,43.40875931739807,69.27930788993835,78.49330032348632,66.63058019638062,38.59192098140717,20.380717468261718,34.37078468322754,27.425143184661863,28.626141357421876,19.68085762023926,15.517635822296143,25.15950043439865,55.068160934448244,62.131081199646,97.89779220581055,51.72393064498901,22.841785020828247,25.719858169555664,32.839858837127686,25.644440307617185,23.63475387573242,22.18800636291504,16.70006712913513,25.685361499786374,28.689778757095336,90.40248439788819,103.88065267562865,60.13641437530517,36.40901187896729,28.736263346672057,33.176843070983885,31.26669555664062,31.914521598815917,24.246560134887694,23.998506817817688,34.54554235696793,47.03982078552246,63.867814311981206,100.29716087341309,60.210844726562506,33.51357655525207,33.018425121307374,41.11598414421081,33.8165880203247,29.430040245056148,19.892570075988772,18.468751120567322,32.06448244094848,37.019682421684266,91.0218473625183,143.38042413711548,83.35296891212462,36.92123033523559,29.805241413116455,35.61660486221314,34.17819305419921,36.20799884796143,20.61129930496216,14.619193954467772,30.350324101448063,52.00091138839722,73.10787488937379,124.59926399230957,89.48442743301392,32.11704166412353,29.469590988159183,27.678596639633177,29.740856552124022,32.04302713394165,27.46863018035889,18.748852958679198,29.025286922454836,36.01615037918091
144,130.28279342651368,454.76197662353513,215.4902458190918,69.72625551223754,63.38271427154541,44.09065270423889,15.085410785675048,24.90163650512695,62.385691261291505,27.000865268707276,32.22245798110962,70.40000786781312,166.9978769493103,182.29740299224852,98.78894190788269,57.38816527366638,28.701383662223815,19.325034294128418,14.173737993240355,6.310159273743629,3.6664770174026486,5.885525722503662,22.61550379753113,59.43043007850648,121.8988716697693,194.87579906463623,89.92165405273438,38.261549773216245,29.792051622867586,20.331062579154967,25.36244068145752,9.811122105121612,6.86992421388626,12.167747902870179,48.50365203857422,68.94419214963914,142.5744246673584,214.15659370422364,181.69915217399597,37.92109104156494,37.8642266368866,20.099243392944338,17.022099447250366,6.006087837219238,5.987580528259277,8.55837344646454,40.784294142723084,59.38572597503662,79.11135032176972,118.61770700931547,80.41799763202668,24.022468624114993,25.950144405364988,13.850998706817625,14.31724530696869,8.63791784286499,8.220819921493533,5.374067182540894,19.859516332149507,34.94682364940643,77.68865237712859,177.53437829971313,97.13762866973876,30.07905600786209,18.054763345718385,25.1909361410141,10.746628451347352,7.380172548294068,2.21156533241272,4.840693969726562,16.036448380947114,32.201993412971504,53.735939435958855,158.69318808555602,95.71536043167114,50.88916696548462,32.04012337684631,30.941154794692988,23.51856385231018,11.615413212776186,12.81826681613922,6.390069383382798,17.352491383552554,31.577439174652103,140.44632007598878,285.60759437561035,176.47805602550505,47.34092643737793,23.30520196914673,23.317106075286866,16.08645293712616,4.781710071563721,3.619082720279694,1.9380865645408634,11.775839195251464,81.22766137063505,120.94261172056197,178.27382338523867,119.51216707229614,25.001275935173034,20.57175136566162,16.193370456695558,10.565780191421506,4.46559326171875,10.166660890579223,10.585338802337647,44.69472841858864,41.35397085189819,140.03833439826965,217.9331729030609,89.81916286468505,36.866561567783364,31.119313602447512,20.182844762802127,9.030955080986022,5.691615266799926,4.536929168701173,2.3867146396636967,12.846467461586002,60.53811071634292,107.74846932411194,141.81041387557985,129.5397497844696,42.658105001449584,34.424320931434636,20.970196499824524,14.644693489074706,6.12167652130127,12.718535609245299,6.009061999320983,22.266856889724732,59.32241400957107,100.88192541122437,161.89571308851242,77.33937751770019,27.222101135253904,20.852337536811827,23.663207187652585,13.143247337341311,10.23731405735016,14.527649145126343,20.717235760688776,19.797441363334656,25.47121744155884,66.11199886322022,154.46000036239624,118.02770425319673,43.3656603050232,33.72980226516724,19.999306240081786,8.764542803764343,5.139071736335755,1.130098581314087,5.260489091873168,23.325801248550416,80.74409117698669,66.90572659254073,131.6937489795685,76.32673857688903,45.89414746761322,20.039181089401247,16.040054903030395,8.654571788311005,3.547075529098511,2.85347695350647,4.3806592464447025,10.345719847679138,22.572810623645783,93.2580771446228,160.8523167037964,96.31134952545167,29.399051003456115,31.191523354053494,20.25764086961746,10.883992176055909,5.793071265220641,6.8315045118331925,19.596510052680966,27.633493170738216,53.66377417087555,100.58219177722933,166.9454656982422,77.2346035003662,30.742321715354922,25.684837749004362,21.85919653892517,10.751934723854065,2.9050267410278323,-0.9795770215988158,1.1367323923110964,18.126428203582762,47.12734611988068,111.2404889678955,228.69242862701418,148.34312161445615,36.62198615074158,23.860927128791808,17.77670675039291,10.82913447856903,4.630736165046692,1.6308996939659117,1.7334399414062502,16.47988975405693,47.912008435726165,79.43988719940185,174.83887940883636,124.60589078903197,35.93175062656403,38.53242240905762,37.26687181949616,22.093633980751036,9.552491726875306,17.023667249679562,8.971539387702942,19.09515163898468,36.38584797859192
145,659.9800811767578,902.1559204101562,445.66429138183594,81.51719551086425,13.03382158279419,-1.842086672782898,-2.0700105905532835,4.532275438308717,8.994206404685974,26.255518996715544,71.19848718643189,292.45541915893557,524.5634358215333,607.0964929199218,444.5966302490234,82.5346493434906,7.479886236190796,-0.9971095275878905,-1.6342196238040922,-1.8568499088287354,-1.6592859673500058,3.889699960947037,21.33507660984993,143.44866985321045,440.97474716186525,661.3297802734376,394.1101959228516,77.25293712377548,7.4300511485338205,0.7290977311134339,0.21186738789081572,-1.4904110157489776,-1.011055874824524,12.267496001124382,45.163581411838535,198.6214030456543,490.5934237670898,690.671258544922,429.17085433959954,71.89993031024933,8.295546901226043,-1.4481074273586274,-0.6907920336723328,-1.6341701644659044,-1.0102465957403184,4.147782362699509,44.03150087952614,99.34769493103028,371.7121432495117,519.494535522461,322.78319274902344,58.09615753412247,4.424151893854141,-1.5265913033485414,-0.16643300920724868,-1.1990258824825288,-1.4349394893646241,1.2193690264225006,19.600351272821428,113.75410335540774,314.59142387390136,588.5209811401367,469.10888839721684,64.41547970890998,2.9389952993392945,1.2575138211250303,-1.1740390419960023,-1.3004410672187805,-1.4694956946372986,1.8688597512245178,39.25967276334762,95.2784771156311,305.2337894439697,617.3244079589844,363.9925748062134,61.745362361669535,3.295209857225418,-0.15058123111724847,0.7432217514514923,-1.196390118598938,-0.9513280749320984,0.7895363682508469,14.080666875839233,95.48424384653569,557.8942660522462,663.0095054626465,436.20571777343747,58.76532945632933,2.1877633839845663,1.4158745944499969,-0.8338405370712281,-1.403959596157074,-1.331743660569191,1.2116979694366454,18.604485714435576,226.49969761371614,371.3140669250488,578.8572525024414,440.30327899932865,52.73283987998961,4.505415806770325,-0.24578209400177,-1.331283857822418,-1.852434062361717,-1.5602316844463346,4.434213687181473,42.69767492353917,98.68713572025298,460.3590413284302,473.8568273925781,303.0586513614655,46.46703371763229,5.750588829517365,0.1494673091173171,-0.8265924000740051,-1.0983000540733339,-0.9568354856967926,1.1040929448604584,31.146152395009995,173.35304381370543,498.67625022888177,681.8162014770509,455.4738037109375,82.17325746536254,4.717996815443039,0.9137776517868043,-0.5137001729011536,-1.0558806681632995,-0.6831274873018265,6.208327291756868,29.22285961151123,189.18834787011147,363.51078475952147,578.1343701171875,372.2665849304199,51.54574371337891,2.685323693752289,1.0677784490585327,-0.5541622334718705,-0.7772519004344941,-0.3742479979991914,0.4724119955301284,14.813769810199735,103.27538130760195,329.3012554931641,525.6385481262207,385.6191179656983,57.33380528450012,1.9191650700569152,0.016033411026000942,-1.0812299358844757,-1.0349087619781494,-1.4988674223423004,2.504407522082329,24.226280150413515,167.37993072509767,243.5365469360351,506.7028607177734,326.1996481323242,46.54905057907104,2.543806276917458,2.3916074961423877,-0.3830079048871994,-1.3133139038085937,-1.1494175457954405,0.7374163600802421,12.717027134895325,63.359532680511485,427.0326887512207,587.401903076172,360.6255046081543,61.475450491905214,3.496494362354279,-0.060689708590507506,-0.062357674241065995,-1.0889336538314818,-1.4200666868686675,9.75926556110382,25.676835893988606,112.53361564636232,368.261672744751,582.0011596679689,362.48283160209655,41.226239002943046,3.9315566420555115,1.7000102430582047,-0.9508666360378264,-0.9217635601758957,-1.4437932562828064,2.510409064292908,19.96382434129715,136.89610950469972,408.6519166564941,655.031491394043,444.9779006195069,58.79647245407104,2.9344198513031,0.3244965970516205,-0.9718051922321319,-0.19497206270694734,-1.263858653306961,0.8431523013114928,23.049799306988717,124.81457454681397,348.6809652709961,595.5806530761719,477.20397857666023,43.6230573606491,4.16885662317276,0.705407729744911,0.5850725388526916,-1.5530720484256744,-0.9728589946031571,1.9573879498243336,22.53822526216507,109.97804315567016
146,0.3866381272673607,5.453189373016357,2.534158816933632,2.113541987538338,4.747709986567497,4.8655649542808534,5.5950576066970825,4.441157501935959,3.9230391323566436,1.8777107626199723,1.3157586395740508,1.101486825942993,0.4234978729486466,1.0093187376856805,1.8125536611676218,0.8312179091572762,1.7907945325970651,3.0086117598414424,5.084044424891472,5.185873683094978,2.7681676614284516,0.7540962117910386,0.3038539162278175,0.4020878146588803,1.065086560845375,1.1653567588329317,1.6752011528611184,1.6779220885038373,2.529525507688523,3.904854791164398,5.607093434333801,4.53082366347313,2.433387460112572,0.9956857603788375,1.5940256822109222,1.3666314694285393,1.0815484619140625,1.4916722977161405,1.7653516232967372,0.9472338896989821,1.6129081803560255,3.866940112113953,4.751927491724492,4.511335108876229,2.8246935266256337,1.7858291280269623,1.1839144146442413,1.2578964772820473,0.785778968334198,0.6841073380410672,1.1908051736652852,0.7179703229665757,1.601471186876297,2.929477649927139,4.51887456804514,4.6349855279922485,3.868236384391784,0.7689561081677675,0.5935787469148636,0.4436685553193092,0.8705578413605689,1.2846072505414488,1.4634837383031845,1.4615178094804286,2.049732890129089,3.739353605508805,5.450442352294923,4.282430120706558,2.158826317191124,0.5562400770187378,0.330187626183033,0.5112329053878785,0.3961756578087806,3.1124886780977246,1.355303713977337,1.7851555518805982,2.272944884300232,3.2794199120998386,3.620459936857224,3.6459246915578847,2.7376239119470123,0.7441559368371962,0.7089685642719268,0.7901686537265777,0.5048663440346718,2.419199446439743,2.8573886671662336,1.1249471017718315,1.9341180758178234,3.3571676805615427,4.235824080705643,3.5136895614862445,1.9936759424209594,1.05996400475502,0.7676614513993263,0.5241340774297714,0.23227805349975825,1.0948243920505045,0.8575019800662993,0.8235689669847488,1.8296265035867691,3.510893382281065,4.377298339158297,3.5834565138816834,2.300866022408009,0.6782310342788695,0.7411705756187439,0.4897827848047018,0.6333955103158951,1.304590039104223,1.881776353418827,1.538736208677292,2.735485803484917,3.230091817378998,3.7864685338735584,4.720424681901932,2.5441900902986525,0.7027650105953216,0.3061739324033261,0.898247528374195,0.5336292186379433,0.973160770535469,2.000938605666161,1.5622575524449347,2.382151784002781,3.0671504279971122,4.070855184793473,4.262190612554551,3.689628184735775,0.9333042222261427,1.280568333864212,0.8068051159381866,0.48904491364955904,0.43994446873664855,0.9232576310634613,1.1550188015401364,1.5004586410522462,2.649824357032776,4.076644961833954,4.16735683053732,3.3085396859049796,1.7801299880445005,0.6304417955875398,0.3277917262911797,0.5067884600162506,1.4460394191741943,1.817773379981518,1.3713126330077647,2.729769524931908,2.9103086972236634,3.875016039609909,3.164345161616802,1.7739667941629886,0.920638508796692,0.7699586588144302,1.0388481928408146,0.4495399510860443,0.8869572538137437,0.6908427648246289,1.1558530911803246,1.5537134857475756,3.0997223243117333,2.672592667341232,3.0219979077577594,1.8209999436140059,0.5909698793292046,0.6030100823938846,0.43509881049394605,1.3019864270091055,1.807095116376877,1.5673209880292416,1.5830665926635266,2.734836232364178,2.9675430285930635,3.6105195361375806,3.176455624103546,2.7387163031101225,0.8915311771631241,0.699229254424572,1.0644304205477237,1.0152332004904747,1.6910838222503664,1.2677899232506753,1.4216501840949058,1.850958397388458,3.1511025071144103,5.071470928639173,3.402128955274821,2.201026455760002,0.5561406457424164,0.5226473356038331,0.31042328596115115,0.9261025157570838,2.0342116141319275,1.51092041105032,1.5755448572337627,1.5856902670860291,3.158706983327866,3.5547776389122006,3.1421999335289006,1.6240435528755188,0.5170095132291317,0.25751607775688173,0.6986979976296425,0.9037259738147257,2.865832660645246,1.798716795295477,1.3661639609187841,2.1370926862955093,3.0120061135292056,3.5744358777999876,5.03013521194458,2.6642447659373283,0.7792342104017734,0.6179124686121942,0.30152047261595727
147,1.1504162073135376,21.010651171207428,16.836473733186722,10.035178172588349,21.512229001522066,26.275363540649415,51.44957447052002,39.86419506072998,24.055145072937012,8.17677229642868,2.5735604643821715,0.874106228351593,7.5099570316076285,26.511052815914155,14.73598298549652,4.877219220399857,4.562055213451385,12.745777161121367,37.684877185821534,39.05700523376465,24.79444580078125,6.1892271918058395,-0.004408897459506969,2.217778927087784,8.234220898151397,17.659275963902473,10.922379276156425,4.607884368002414,9.34617628335953,20.619498269557955,41.35824716508388,44.542411000728606,22.774082198143006,5.871277561187744,0.8322628414630889,1.4930488330125808,12.19794391512871,24.46597504377365,26.341704163551334,7.854096521139144,9.306438807845117,22.345443410873415,32.98244953691959,37.58539155006408,19.220843729972838,4.162593462467194,0.2837681472301483,1.3627582669258118,4.368008438348769,23.83458548784256,8.804640069007874,5.046536857485771,6.320634190440178,20.43466291427612,42.92225135803223,50.97603157043457,22.69700478553772,4.493424467146396,0.10998958885669705,0.956555496454239,9.960011545419693,19.697557930946353,10.27353595584631,4.644404034614563,2.9290653255581853,13.298902802467344,31.45686731338501,34.363117942810064,20.057450313568115,3.294413634538651,-0.46824983179569246,4.487437391877174,8.343456717729568,20.403665214180943,8.661302101016044,9.659536954164505,5.688661018162966,14.877478615641593,27.516141872406006,33.2157767868042,19.252888231277467,4.10132539987564,-0.14246165096759794,2.3525587806105612,8.764559699892997,23.036315892934798,11.69364446401596,4.312438459992409,6.150980522632599,20.694590532481673,35.778558483123774,31.783857097625734,19.093909679055212,5.296193402707577,-0.2851530987024307,5.039905920028686,7.5456918156147,17.200616636276244,11.459249046742917,3.274273312687874,6.186244626045227,16.0265215831995,33.99505570411682,33.871400909423826,17.960340051651002,5.17717960909009,0.7086087709665299,1.0332832366228104,7.639471569657324,12.998096332475544,9.679315275251867,3.799941269159317,4.5454082477092745,14.15387186527252,32.26329107284546,32.971089954376225,14.620090837478637,3.1198528653383257,-0.3696932476013899,2.954231792986393,9.553157987594606,20.04476521492004,16.125878374576565,10.472465759515762,6.828148226737976,19.95034209728241,34.83043527126313,37.17105829715728,20.309926776885987,5.958592230081559,0.22272050976753235,6.058870858848095,10.181965201199056,17.568267090320585,10.71175220489502,5.135497525334358,5.246172515451908,20.880925912857055,35.39912464141846,35.38279903411865,22.145976905822753,6.307880241274835,0.1414621026813984,1.947508555650711,7.861705561876297,14.993230409622194,17.202005634903905,3.799517517685891,4.945494530200959,13.77740706920624,29.61460815429687,29.198421268463136,16.002900829315188,2.590664364099503,0.0284538248181344,1.5824823555350305,6.246097172498703,18.387955010533332,5.913197422921657,5.588715707361698,7.44199897646904,11.030235238075255,29.007357273101803,33.72530804634094,18.61859961986542,4.36142572760582,-0.001656775176525127,0.5092848119139671,7.096245723962784,27.09387008666992,11.879170148968697,4.537896732687949,7.617042912840843,17.950736994743345,33.8958284163475,29.998998565673826,17.00879512310028,6.125694494247437,0.34849308669567103,-0.13745055124163624,6.23749582529068,11.397499322295188,6.476169102191925,4.132771748304367,7.169607701897621,16.530606199502948,38.36243640899659,39.239393043518064,26.535069093704227,5.3982492899894705,-0.09011989593505858,7.019804195165635,8.107891919612886,23.226681196689604,15.935743569135667,5.069460104107856,6.667309277653695,21.001339212656024,27.369295786619187,39.03700854301452,19.785491623878478,5.579969348907471,-0.08315877512097358,1.6730824196338656,6.399346859455108,18.37735436975956,15.236941530257463,6.297398325204848,11.819669560194015,15.798158212900159,33.40207048416137,38.27522918701171,20.13950698852539,4.774261499643326,0.30176788985729214,2.7432056462764742
148,106.157080078125,127.88285522460937,165.3459686279297,174.48707122802733,130.16167755126952,119.5162857055664,137.21491546630858,85.80824127197266,135.97376708984376,135.46833343505858,113.36740112304688,131.10515899658202,111.4502783203125,118.61688751220701,152.88992675781247,204.6544659423828,129.238963470459,115.13884246826171,127.39958908081056,79.91931732177734,111.51156036376952,107.0206639099121,115.51697784423827,135.0966961669922,113.71902496337891,117.25011825561523,165.9756002807617,195.5929864501953,138.29670104980468,115.02709030151365,114.94865753173829,84.07115074157716,105.94373168945313,106.52720932006837,106.96504806518556,128.40184936523437,112.3651971435547,127.2851121520996,162.12153564453126,209.8822473144531,130.71717010498045,128.29323944091797,168.34028335571287,81.65885063171386,144.7188130187988,119.3858004760742,119.61877273559571,133.0571923828125,107.5967855834961,109.05817367553712,154.171003112793,213.79516418457033,137.68724487304686,124.13489227294924,153.24444488525393,95.14231369018555,129.9927290344238,123.66729766845704,130.67093078613283,139.97457458496095,115.37106781005859,127.47985046386721,170.1400164794922,210.36105346679688,136.10490783691404,117.88229400634766,134.2748664855957,95.38804794311524,118.82174606323244,101.14524856567382,110.74948463439941,130.49572875976565,117.84845703124999,119.42951171874999,157.5056692504883,204.44060546875,120.43324584960938,106.0912745666504,150.6407046508789,90.05279113769531,102.73927913665773,110.48576927185059,117.06756332397462,142.4307424926758,124.4954833984375,129.41843872070314,156.48262664794922,199.40639038085936,119.98349868774415,135.96132904052735,138.76453796386718,92.58392417907714,126.26662002563475,103.81020767211915,107.73866607666014,136.79384643554687,116.0502963256836,115.06681884765626,159.02105895996092,200.14055725097657,115.04849227905272,125.00864868164062,161.55397201538085,86.66487731933594,118.36752502441405,109.07775558471681,118.64775588989258,135.8818762207031,119.76373474121092,135.35007873535156,167.44173126220704,193.3029357910156,110.42325454711913,106.35094406127931,143.13437377929688,86.01509918212892,121.6686116027832,120.32689331054686,113.84294952392577,134.0233203125,121.6029379272461,115.18885650634766,161.43167907714846,192.38849548339843,107.43187149047853,110.9389469909668,128.98048797607422,71.06376022338868,139.97642852783207,106.08292228698731,112.4237794494629,138.96255157470702,125.38129913330076,127.78467102050782,167.63788330078125,197.99015991210936,113.50293777465819,89.46890594482421,146.24580337524415,90.75688903808593,143.67475646972656,110.74427886962891,117.01029724121095,143.30649627685548,125.89325469970701,127.83900085449218,162.9914083862305,188.90493164062497,118.56966644287111,115.0510105895996,155.66296890258792,86.33932373046875,119.40495223999024,86.91880897521972,115.73890380859375,142.93585815429688,119.77659942626951,128.06443725585936,152.69340087890626,191.365888671875,124.46686828613281,113.92623413085937,133.04089225769044,79.88947288513184,120.46019714355471,96.07373809814453,115.23670547485354,128.37723876953126,123.42660583496095,129.23191162109373,168.57542327880861,191.4853918457031,110.221856842041,113.5709164428711,132.95613525390624,71.9053042602539,107.69552581787109,101.22925094604491,118.0768994140625,146.02066192626953,115.89791870117188,127.38544311523438,162.6686486816406,206.08221893310548,124.00944274902345,115.47230712890625,149.8228858947754,97.84707229614258,110.4210344696045,99.5757061767578,109.24294418334962,133.7509613037109,119.35820220947264,116.9681234741211,151.9693161010742,205.03216247558595,120.65423583984375,115.76999755859376,133.37296295166016,96.99463325500489,134.55086639404297,112.20475280761721,126.15827178955078,145.41593231201173,125.38001678466796,125.04365783691405,156.1805160522461,204.23316345214843,114.14163681030273,118.55326644897461,156.2228829956055,81.97012893676757,143.97644088745116,112.95975822448732,117.41869674682616,138.1507989501953
149,38.392670249938966,68.22869682312012,65.89641485214233,40.171888732910155,26.02295337319374,32.42868881225586,23.072716903686523,33.13906774520874,62.64238872528076,18.701561832427977,35.86724009513855,35.86405701637268,41.66373824119568,33.4036625623703,18.575568367540832,11.246037677526473,11.252914773225784,24.20119978427887,32.453626747131345,31.021245155334476,25.909272823333744,25.05265533924103,25.78941431045532,42.6621755695343,50.97492146730423,55.9682713830471,12.664998897016048,8.179701496362686,16.891870361566543,25.77304215192795,36.68866298675537,31.495655937194822,28.39247035086155,22.813923679590225,31.700260343551633,45.605360221862796,43.19428490161896,39.34070586204528,28.673067389726633,15.909072639942167,21.208358278274538,24.11386335968971,32.1860520362854,33.74314257860184,35.462313551902774,23.25462448120117,53.825140495300296,37.92512098312378,18.862909166812894,30.757335915565495,21.071730216741564,9.47004418849945,27.732474119663244,24.123040018081664,27.57210371017456,35.653260045051574,32.22004172325134,14.971103315353393,33.572205332517626,29.21090780973434,37.156770935058596,35.18333834707737,20.65176183760166,15.23393670797348,21.60625635623932,31.16507993102074,26.62919425010681,23.63386531829834,21.11821249485016,17.249319260120394,25.738370475769045,17.47313539505005,29.287675211429594,36.98466565132141,18.87456838846207,12.542517695426941,25.022914088964463,35.47540246129036,33.86236555099487,24.247413139343262,26.25471961021423,23.477193756103517,23.90074518561363,33.025578942298885,42.48747342109681,39.052981400489806,14.523071625232697,8.156362411677838,16.612887339591982,27.90750314474106,33.64645255565643,31.630891659259795,31.120774375200273,25.52523031234741,28.643500800728795,38.1243500995636,51.66072503089904,41.9656630396843,26.765770771503448,13.824297937750817,14.73239860534668,29.365412021875386,30.189863033294678,25.11226947903633,29.480988836288446,18.051287702322007,32.4148163819313,30.25547453999519,36.39749738454818,25.629179925322536,20.11134948551655,18.86306782603264,21.87674054503441,28.142914804220197,28.415658416748045,27.73810352325439,21.52587547779083,18.907058324813843,22.837823553085325,33.98130717158318,31.911729166507723,44.269055174589155,26.159958257675168,16.66248184233904,14.681996495723723,22.202666715383533,29.140049650669095,31.037480726242062,29.66806040406227,16.43393938064575,25.70003214836121,34.80128661870957,30.239177446365357,32.95482201099396,21.907050089836122,18.55092253625393,13.093151195049288,34.6057543182373,27.39383934020996,41.98502572059631,31.568990259170526,15.32637821674347,30.844715617895126,22.06082950592041,23.23415988206863,22.581199444532395,21.85297307983041,12.885073232650758,10.162299301624298,30.090902643203737,23.40971722602844,23.897784700393675,17.884005918502808,14.481018810272218,19.29568878531456,30.148007690906525,30.704367609024047,42.106297049522404,17.705557389259337,13.428724160194397,20.099425078630446,26.040485073328018,23.59786952495575,20.25861887931824,21.315637267827988,20.48989723205566,27.769398469924926,25.11325659751892,28.970470457077028,34.062815539836876,20.708410500884053,19.674310213923455,17.611781340837478,27.97297662734986,26.305600304603576,23.69007115840912,25.362294673919678,26.09003461122513,35.40917627334595,40.480741062164306,25.818146896362304,34.471709175109865,16.34089784324169,10.384524316787722,14.45254638552666,32.63347393274307,29.033463220596314,21.97812487602234,16.426112761497496,18.880893833637238,29.86551223516464,24.298763818740845,34.52030332565308,35.0620455813408,14.029051743149756,14.575535978674887,17.516934893131257,26.733164360523222,27.743630237579346,28.756504287719725,19.897286778688432,13.784590287208555,32.40447775363922,36.01468735694885,30.95581344604492,34.259972438812255,20.449107820987702,12.107390370368957,15.743214197158816,25.112011287212376,29.494868049621584,38.15987665176392,29.26520382046699,18.01405743420124,27.605143117904664,30.315265738368034
150,34.747550582885744,22.392201232910157,34.751717758178714,77.2727439880371,118.77926483154297,183.44459228515626,220.54923400878906,201.43744812011718,180.92701110839843,153.0837188720703,84.43143310546876,41.99065399169922,36.96024326324463,35.83210236549378,44.27518768310547,58.92900535583497,98.37880310058594,166.41494567871092,208.0694223022461,213.59349975585937,180.90614227294924,140.23163360595703,63.738984451293945,53.45570785522462,41.79684848785401,32.6361542892456,36.72511672973633,51.083323287963864,95.44312057495117,161.20510803222655,214.9432586669922,220.16705505371095,183.2831430053711,144.77749481201172,83.82951843261719,51.6109799194336,40.969122619628905,35.35581899642945,40.32689888000488,54.16225883483887,84.02890014648438,158.98615142822266,213.1039782714844,208.72204345703125,162.39894500732424,134.0997378540039,76.68579193115234,55.16353458404542,50.221686096191405,32.116208419799804,36.762211151123054,47.819956054687495,91.01832626342774,164.9713442993164,213.5977911376953,206.8801043701172,164.9534457397461,144.5906541442871,78.02015502929687,66.94752464294433,49.02188438415527,32.0966357421875,37.874318695068354,62.9361547088623,106.18051864624022,185.81338745117188,239.5820001220703,208.11890258789063,178.2786993408203,148.16202941894534,76.65417617797853,55.8165958404541,47.452631111145024,42.80626029968262,52.60295467376709,52.36851917266846,97.4608106994629,155.3813540649414,217.4947424316406,206.2342071533203,180.82121704101561,138.89300720214842,67.88251037597657,50.60289588928223,31.926862716674805,21.75558849334717,33.880750503540035,55.44836769104004,89.26231353759763,155.25685119628906,211.858837890625,216.6469738769531,172.71296325683593,136.8364013671875,79.473056640625,46.6981950378418,42.4750845527649,34.03912523269653,45.56726249694824,55.108899383544916,90.68016387939453,161.67992919921875,208.2922296142578,220.79528778076173,186.12235717773436,154.24124145507812,88.88194793701173,62.51240478515625,38.996824464797974,29.472534084320067,39.868694992065436,62.99815093994141,108.46283950805665,178.37296417236328,226.24397521972656,217.62945251464845,167.35149780273437,125.47990280151366,69.27241958618166,56.7530177307129,44.82612361907959,29.326839914321898,33.61550046920776,52.78300567626953,90.20836456298828,156.76715148925783,199.7518786621094,211.76209228515626,186.74182495117188,143.97663177490236,80.5316879272461,53.284232177734374,36.16460968017578,25.237017135620118,33.45674331665039,55.257581329345705,98.98883735656739,172.93001403808597,216.2208221435547,211.985107421875,183.39302612304687,146.60853424072266,70.57884368896484,48.752211875915535,39.80509540557862,26.84442687988281,35.391075363159175,63.12128372192383,99.3236932373047,160.37200042724612,221.64044555664063,201.05283691406248,168.38861602783203,138.07720886230467,66.30233352661132,49.2024588394165,40.151512451171875,27.422746143341065,37.43742420196533,62.77996131896973,97.89603652954102,156.98469482421876,204.32419799804686,205.5096405029297,178.17920013427732,147.29893371582028,70.78261085510255,52.07385520935058,43.76534669876098,33.740275621414185,36.01910808563233,57.25801109313964,94.09517013549805,168.37843475341796,222.46761108398437,208.06989929199216,198.61707946777344,165.26858825683593,84.79348556518555,53.00256874084472,47.23000419616699,34.1690657043457,37.30684463500977,46.02588493347168,93.38951248168945,133.8765658569336,203.12654876708984,209.5355548095703,186.46669067382814,121.40647705078126,69.08883125305177,55.590068931579594,39.18623626708984,36.35172309875488,46.82765632629394,66.06923286437988,96.9383610534668,159.11277130126953,209.48883209228515,211.3696746826172,175.53294067382814,137.88261428833007,73.46896240234375,52.42285774230957,41.388675117492674,27.893796539306642,44.11604183197021,64.03318168640138,101.66365509033203,159.94115966796875,216.1165307617188,209.7798388671875,190.64793121337894,129.56055725097656,71.18766128540038,49.270942306518556
151,2.166379988193512,2.3113840341567995,4.27740068435669,13.480860424041747,20.010792541503907,30.505881118774415,38.37529029846191,47.25169219970703,30.080284118652344,27.09916934967041,10.997954559326171,8.952564477920532,3.0294738423824312,2.7563767981529237,4.3175215923786165,9.129958379268647,22.118368968963626,34.70151088714599,40.986323013305665,47.823840637207034,35.48948860168456,24.368914070129396,11.64914312362671,5.589974064826966,2.77824241399765,2.228052540421486,3.9461912357807156,10.8044992184639,19.70947450637817,29.525443534851075,36.71188972473145,43.654658203124995,34.9198558807373,24.200447044372556,10.118770136833191,5.372193591594696,2.759207856655121,2.427388404533267,3.3648680639266972,7.197501292228699,16.309676208496093,30.861645889282222,36.78212150573731,40.319348564147944,32.72514762878418,20.104788436889653,10.564473881721497,5.644055824279785,4.311604639440775,2.4539347314834594,3.665134782791138,8.701347856521608,16.580259132385255,28.073145217895508,35.77228401184082,39.67296424865722,32.820895996093746,23.203397693634034,10.560764093399047,6.063054075241089,3.091340085268021,1.8918082189559935,2.84626170873642,7.782423068284987,16.896030082702637,28.700835056304932,39.54700523376465,40.88008140563965,34.615056381225585,20.871712684631348,8.425705046653748,3.701052317619324,4.2179312515258784,2.1838992597162727,4.078584290742874,9.27475980758667,17.026088943481444,28.457775993347166,40.12771408081055,47.5390242767334,37.930841217041014,22.813943042755128,8.55991102695465,7.290674369335176,1.9627587033808234,1.8600659936666488,3.2603209885954856,9.519184446334839,16.749810295104982,27.715763359069825,33.51675643920898,39.65492134094238,31.994628372192388,22.620846824645998,9.876365084648132,3.6023286893963813,3.288248610496521,2.6044928991794585,3.4297845387458805,7.452592256069183,18.278813781738286,28.41297157287597,39.15403434753418,44.70547622680664,33.35019027709961,21.72017938613892,8.622367730140686,6.898610246181488,2.6574007749557493,1.9505175840854645,3.4985177993774412,9.07451226234436,17.952151222229002,34.04188171386719,38.016650924682615,39.72642318725586,34.553997306823725,24.2163388633728,9.259943917393683,4.981335441470145,4.050332662463188,1.9462133365869518,2.036767029762268,8.703110781908034,14.88336639404297,25.35957294464111,35.184725265502934,40.92134887695313,36.641878318786624,24.22383865356445,11.367931728363038,6.750387496352195,2.284427992105484,2.1496014547348024,3.530185790061951,8.191372537612915,20.438340263366698,29.31471912384033,41.12512580871582,44.09134002685546,35.740574607849126,25.94218780517578,8.966723523139953,3.7133083426952362,3.2048837379366164,1.7847837591171263,4.137831408977509,10.696427835226059,19.07232583999634,27.74001049041748,43.76598205566406,40.75539749145508,31.867520217895503,21.05522617340088,9.146473908424378,6.021424460411072,3.013110317289829,2.0034636414051055,3.1035081148147583,8.76353199005127,16.592134399414064,27.610401420593256,39.009171638488766,45.68928565979004,35.15455513000488,21.745074787139895,10.79546410560608,5.005775225162506,3.284357548952103,2.903237319588661,4.169361352920532,10.051142951250075,18.036825160980225,31.09496757507324,38.74133438110352,38.118712997436525,35.67063858032227,25.128520698547366,11.15405030965805,5.096635497808456,4.530990844368935,2.310008566379547,2.9222920858860015,7.166054055690765,14.59263132572174,25.235005416870116,39.40611610412598,45.0034056854248,37.573969497680665,18.57403881072998,7.579667184352874,5.902952411174775,3.536812090873718,2.0572410571575164,3.0660128307342527,6.925625524520873,15.516848888397217,26.28153816223145,36.604635620117186,42.57429664611817,36.03722728729248,24.549292125701903,10.241160521507263,7.031126263141632,3.324451649188996,2.8372650796175,3.21895229101181,10.414894075393676,19.4250422668457,28.63907386779785,37.877180099487305,43.853580245971685,34.329470481872555,19.97253345489502,10.08907464504242,4.6993014466762535
152,-0.6368836283683776,-0.5214242339134216,-0.42307656407356264,0.1884327471256256,58.87897399663925,131.60673828125,182.24207458496093,192.80826721191406,88.9436637878418,54.9102424621582,8.059006309509277,-0.015545180439949024,-0.596816781759262,-0.4645726227760315,-0.40364549256861204,0.5112036052346229,6.302639520429074,91.19017585754395,186.3333401489258,170.54604553222657,105.92756072998047,31.49365387439728,5.210608028769494,-0.21211975052952767,-0.58067780315876,-0.4225046616792679,-0.21130563497543334,0.5693495643138886,19.585637750327585,135.15192375183105,200.03506591796875,179.99971649169925,108.98114913940428,46.83963994026185,6.963111193627119,0.012224215269088734,-0.5967787194252014,-0.4864391201734543,-0.40895356774330144,1.1252212721854447,15.925807759165764,132.90755977630616,202.54491241455077,165.25664642333984,99.72438766479493,39.11594207763672,6.409122479483486,-0.2410582500696182,-0.49654076337814335,-0.4722793531417847,-0.380027562379837,0.17203784823417662,10.927325826995075,123.68415882110597,188.34983886718751,183.52806579589844,114.67447326660155,35.13382982254028,5.005247641801835,0.006803260147571577,-0.5587710320949555,-0.39559648513793944,-0.34633574247360227,0.5483261898159981,16.289491223990918,116.42016273498534,186.92876251220704,182.79529663085935,106.28867095947264,50.1503619003296,12.420101377367974,0.8990529459714889,-0.5839201629161834,-0.48774461507797245,-0.4122992551326751,0.5103474266082049,7.062490822970867,121.38044197082517,192.79361083984375,190.91579254150392,108.44667388916017,43.15440044403076,8.590813862681388,0.01756589664146303,-0.5746688055992127,-0.5052189290523529,-0.2299208894371986,0.07241318359971048,8.611618184167892,154.73278373718261,197.36662048339844,177.7246896362305,111.16028411865236,42.75265636444092,7.566770148873329,0.1762185455858708,-0.591113977432251,-0.47897737741470336,-0.35549094587564467,-0.06627254545688628,14.349829085767272,139.48761520385742,200.7535836791992,187.86951751708986,109.18252899169923,38.42558839797974,6.090104442536832,0.3574245180189609,-0.5495459246635438,-0.44271861106157306,-0.41670494556427,0.3465122542530298,17.10869310081005,136.7883383178711,220.35668609619137,190.70485900878901,114.89159713745116,45.103095550537105,10.360346350371838,1.3026102364063263,-0.6013981091976166,-0.4693780159950256,-0.43011488884687427,0.1642682186048478,13.6140334616974,120.5669578933716,202.2228744506836,182.54467041015627,116.01298278808595,48.73916488647461,6.110527725815773,0.0016543309390544935,-0.5589307832717896,-0.41793599873781206,-0.4016492196917533,0.3487475809454918,18.33720206066966,119.1843330001831,190.26254272460938,183.54730072021485,112.99799530029297,38.72396602630615,5.526153530776501,0.0070321174710989,-0.5769482707977296,-0.4752377009391785,-0.2645037889480591,0.7639670792222023,20.66313470572233,157.07708084106446,198.98322692871096,189.24714782714847,109.38433639526367,48.36273235321045,11.184758647978306,-0.011697206031531094,-0.5793005454540253,-0.4177069020271301,-0.3968187807500362,-0.23944742634892466,7.61729332178831,117.9728897857666,216.20296936035157,198.50805175781252,116.26918914794923,38.12344474792481,5.3687428694218395,0.014654965102672567,-0.5892602849006654,-0.46357859551906583,-0.3908392459154129,0.6993505100067704,22.486752713024618,126.86869270324705,210.99008056640628,194.98935180664063,104.72237640380858,40.77694301605224,16.861193661689757,0.14401532784104348,-0.5895379388332367,-0.47766095280647275,-0.4201084709167481,0.030632903184741756,8.845119741223751,132.05227191925047,201.24443115234376,191.44517456054686,118.06129791259767,42.59175792694092,6.852920710928738,-0.033483551740646364,-0.5716136682033539,-0.4292768180370331,-0.38839270591735836,0.8042212480306625,17.78127723634243,139.3282773590088,186.4832196044922,187.71959014892576,111.67233581542969,45.819759140014654,8.719912951588631,0.08970030829310421,-0.5902902185916901,-0.46225913047790523,-0.25888953149318694,0.9865541228652,10.888348556160926,127.28876823425291,185.95624389648438,184.56503173828122,105.3299382019043,48.35172273635864,10.061601796746254,-0.02038804106414318
153,2.7241907835006716,3.287033748626709,6.806565365195274,16.50834016799927,89.50468215942382,72.70022125244141,77.0860984802246,105.34514617919922,132.13652801513672,99.35815696716308,14.69073028564453,3.4411549091339113,1.9849137401580808,1.5200379252433776,2.780527303814888,8.59701242476702,26.142205753326415,50.5026322555542,61.27478652954102,88.16338562011718,142.55203521728518,69.85815177917482,15.081912899017334,3.4256969118118286,1.9189965295791627,1.678696095943451,2.0474086278676986,11.113102033734322,36.87222427845002,55.80788654327392,66.73134674072266,92.17475234985352,149.54343658447266,95.63505321502686,14.742357025146486,3.6320246648788457,1.798494803905487,1.0194286632537843,1.7923178160190585,9.089805574417115,51.001973667144775,49.56216890335083,66.64549087524414,93.40719482421875,150.29456146240236,83.1871823501587,14.603750953674316,4.055840601921082,2.1885966777801515,1.8298268628120422,4.14133879840374,8.526832621097565,36.36318947792053,60.842254791259755,65.46718521118164,108.31707229614258,150.81546295166015,77.07593269348145,12.995710048675539,3.5808605575561523,2.3105743694305416,1.106203907728195,0.9646684062480926,6.219019216895103,27.405940437316893,57.47132350921631,73.28728652954102,105.63033752441405,164.83427734375,107.85510086059571,17.810615787506105,4.2717511940002435,2.1867702293395994,1.175529352426529,2.3981864255666734,8.734165468215942,27.922730684280396,60.397119140625,75.70765075683593,93.53702545166016,149.22187713623046,83.4963584136963,15.563047313690186,4.607812991142273,2.846067116260529,1.2013830003142356,1.8540962004661559,9.99555329322815,35.0388798904419,59.44038269042969,65.4688343811035,102.77635848999023,163.57660903930665,100.88146133422852,15.56755542755127,3.652504301071167,2.300861358642578,1.1922285801172257,4.000643300414086,10.021272771358488,45.21765325546265,63.455689964294436,58.569027175903315,103.63505096435547,154.97631103515624,95.69302242279052,14.533865251541139,3.531155457496643,1.9131990718841554,1.2626622641086578,2.3371914887428287,11.709691733121872,41.565417113304136,59.36011722564697,73.56564819335938,106.58848770141603,152.06580200195313,102.57328338623047,20.155535278320308,4.704818677902222,2.657296504974365,3.09370486676693,3.4890368425846106,12.506234951019287,40.5038987159729,63.112000923156735,68.96251190185546,97.97073059082031,157.39662796020508,108.22954528808593,19.610940856933592,4.2270106697082515,1.9702562499046323,0.9772488385438918,1.3128244674205782,4.095775504112244,30.698298959732057,59.41051155090331,67.04383201599121,100.67083374023437,159.73244262695314,69.93592170715331,13.381942520141601,4.361355133056641,2.0894022893905637,2.5051700139045714,3.402434414625168,10.172633523941041,43.947416858673094,54.51974838256835,65.06673309326172,93.40244766235352,139.3792755126953,105.26361049652101,17.692905693054197,3.7756850147247314,1.754541721343994,1.5195787501335145,2.7206398832798007,10.172516714334488,35.10091785430908,56.64718271255492,76.77449188232421,105.88231933593752,166.46173461914063,86.08827335357667,15.138413887023926,4.168109107017517,2.3368370056152346,1.1606436038017274,2.1494099777936935,7.878265759944915,36.872563943862914,57.355768280029295,66.93720901489259,90.74906837463378,143.87603759765625,113.38946952819825,25.057841053009035,4.506536254882812,1.910827479362488,1.1007593381404877,2.1318538308143617,6.405559421181678,23.121900696754455,50.03782112121581,58.454598846435545,96.73008682250976,162.42382568359375,81.39522590637208,16.165225944519044,4.090809679031372,2.6204783868789674,3.66740538597107,3.769484524130821,11.43843673169613,34.681720066070554,57.430809020996094,71.89528663635254,99.48556442260742,147.34135833740234,98.47565238952636,24.24172817230225,4.364209566116333,2.038908448219299,1.4205019450187684,1.1636386168003081,8.875882847309112,36.8563363647461,60.80182443618774,76.0290567779541,102.90407661437989,137.74001434326172,88.98737854003907,18.082032680511475,4.469026536941529
154,451.39459838867185,536.7597778320312,842.5853881835938,920.1544677734375,808.4619567871093,674.0957763671875,514.4397735595703,586.8833084106445,539.2575046539307,597.8392517089844,452.3205856323242,464.16806640625,666.3814245605469,784.1768151855468,861.0833752441406,930.237744140625,708.242805480957,521.5090432739258,515.4170474243164,421.89143875122073,452.679305267334,382.3697645568848,326.9039869308472,476.33612609863286,626.2013208007812,775.5170849609374,871.5376928710937,800.9340441894532,698.0934448242186,640.3195385742188,546.134197845459,457.05161170959474,452.0927114486693,476.9216358947753,420.78425415039067,530.3979077148438,596.1843719482423,779.7108142089844,843.9521118164063,891.0043212890625,753.0523614501953,587.813793334961,593.4759485626221,499.07581996917725,549.7783209228515,519.4487193298339,451.965599975586,549.8305200195313,615.9903839111328,728.5550305175782,857.93544921875,895.9881665039062,673.7693554687501,567.6137249755859,513.4650099182129,437.295805053711,486.5067818450928,443.76963226318355,353.8771691894531,490.39245422363285,646.8197412109375,785.6520849609375,866.4368395996095,876.8410357666014,808.0237573242186,600.268154296875,514.6545819091796,493.47923797607416,517.0819291687012,497.93450820922845,385.646463470459,501.92508422851563,678.434677734375,850.900050048828,856.0997381591797,889.6508868408202,684.051044921875,476.4768572998047,435.8166268157958,376.1362817382812,441.0653867340088,388.0088262939453,376.5049533081054,557.1974682617188,587.3738464355469,792.9339758300781,893.6973828124999,801.4822778320313,696.8102038574219,496.3140240478516,522.8564218139649,479.9535797119141,472.3613594436646,433.76637840270996,343.4863241577148,481.11530395507805,646.5590319824219,771.1507348632812,827.4470153808594,833.2119850158691,737.9782580566407,521.3060083007812,386.03895309448245,393.1803128814698,402.89611404418946,439.4391300201416,322.61542015075685,459.2120953369141,658.9742980957031,772.5041186523438,886.995906982422,866.0354370117187,721.6289111328124,617.7433642578125,571.2479815673828,510.42213134765626,536.6684994506836,513.2097985839844,464.78222885131834,516.8900396728516,614.3757189941406,744.3231005859375,835.9535382080079,844.3240100097657,671.1585144042969,571.2457818603516,576.619562072754,583.7281100463867,559.1576126098632,544.3754489135742,452.7090063476562,610.909008178711,688.9713330078126,825.443507080078,932.0623266601563,960.4520349121094,747.708017578125,528.8870553588868,458.26061141967773,377.2227934265137,393.2763760375977,368.4140145874024,401.84162231445316,520.0351696777343,543.0417236328125,734.7268884277344,906.0184033203126,901.5232116699219,696.1148504638671,562.2502001953125,556.4327210998536,453.6408923721313,465.08621032714836,447.2645643615723,402.51282104492185,511.20590179443354,670.4954199218749,820.9872998046874,1004.9020288085936,964.7366345214843,763.7068249511719,595.4703775024415,488.71014389038083,389.33748878479,451.38388435363777,398.6356074142456,374.50489715576174,497.1517492675781,626.4942059326173,729.4322729492188,941.1006481933595,921.01392578125,760.8546105957032,622.0560534667969,554.6073495483398,458.19253204345705,488.6996246337891,447.265852355957,445.38782058715816,534.0392211914062,623.5993798828125,820.7682348632812,906.8547338867187,896.7594030761718,695.3868127441406,443.56777130126954,438.0213009643555,394.4824856567383,402.03062072753903,412.79800872802736,341.33654846191405,426.2363446044922,675.5365692138672,806.7886120605468,943.5039807128906,919.8715106201173,718.4030102539062,586.3842170715333,556.6803218507767,447.99090806961055,431.13484008789067,439.591552734375,379.4955822753906,544.3365447998046,644.2261511230469,798.5288232421875,869.2986425781249,946.5698999023436,722.1895629882813,612.5161651611328,551.4692855834961,503.08718757629396,513.8319266510009,507.36283439636225,384.14880477905274,494.4522271728516
155,-2.9475709915161135,-1.3840463161468506,-2.0200623512268066,10.523678350448609,232.1273048400879,443.87562255859376,568.6914916992188,622.7107299804687,426.51575927734376,212.93509826660156,21.800507736206054,-1.1678641319274903,-2.4770097970962524,-2.3520125293731686,-0.35722489833831783,6.605373857021332,57.59816257476806,302.8141159057617,509.7711047363281,564.5940454101562,481.430444946289,176.00302688598634,35.87040789604187,0.4530829048156738,-2.8674580335617064,-1.8631431865692138,1.4756062006950375,12.070210919380187,97.26595205307008,398.12890136718755,570.8152294921874,589.3753198242188,494.0391674804688,220.51976196289064,29.578288655281067,0.4211005663871763,-2.9022146248817444,-3.0926390600204465,-1.4313858866691587,6.9142417192459105,95.17552486419677,343.72636260986326,535.7429150390625,581.4518640136719,451.4819128417968,199.7199464416504,25.645269947052004,-0.6651179444789885,-2.1857274270057676,-2.4593405604362486,-0.7569081497192383,5.867737619876862,65.6387183380127,373.55743652343745,535.8310266113282,614.3168603515625,453.67155029296885,187.45351440429687,22.871440057754516,0.5881417775154114,-2.283274759054184,-2.028107306957245,0.06751278400421133,9.844625296592714,71.53846225738525,361.7899468994141,581.5277856445311,628.3347302246095,490.24557617187503,253.98681182861327,45.942335870265964,2.474969267845154,-2.0553191375732425,-2.8385018014907835,-0.2849988079071045,9.395166516304016,60.34039443254471,349.94687316894533,599.6267907714844,623.83494140625,469.28196411132814,210.85605255126956,38.50961927413941,1.0577633833885194,-2.303654162883759,-2.4371981668472293,-0.47178459644317644,9.106834857463834,75.4015175819397,420.2651940917969,565.2592053222655,614.9327441406251,512.480859375,217.345412902832,31.98844608068466,0.515567820072174,-1.8233090829849243,-2.3287974309921267,0.8666730022430421,5.215706840753556,88.04202541351319,397.76802795410157,537.0853259277344,646.4100891113281,479.13155639648437,210.52912582397462,29.142581424713136,0.6494244480133057,-2.530654513835907,-1.6846551132202148,-0.13636788129806518,7.007015271186828,89.55891197204589,435.4848721313476,594.7688757324219,644.9526843261718,488.3079125976563,221.91321868896483,44.71844282627106,3.935797970294952,-2.057174732685089,-2.269377460479736,-0.37814154624938956,7.234461722373962,91.44771900177003,394.0286920166016,576.4505725097657,637.1058483886719,520.9405157470703,252.16100708007812,44.14218452453613,1.266609306335449,-2.468372464179993,-1.8383455085754394,-0.5433314704895019,5.716791198253631,84.18274757385254,375.08645507812497,560.6290014648438,624.8689526367187,513.5714184570313,185.15594100952148,22.43431645154953,0.5511844849586487,-2.436781904697418,-1.9845922136306764,0.3845864939689635,11.49142647743225,111.0105501270294,426.6680169677734,587.8875122070312,614.4558422851562,465.4694396972656,245.03004409790037,45.29093189239502,1.1190164995193481,-1.9116891598701478,-1.6434796643257141,0.33988694190979013,6.080790536403657,66.11745354652405,355.33222991943364,590.8016772460937,647.9264941406251,512.0984350585937,215.132522277832,25.69044270992279,0.1638491773605347,-2.1737630867958067,-2.4521592426300045,-0.9786111867427827,7.689457769393921,95.31019495964048,363.66484497070314,575.6737036132812,629.3722338867187,490.08344848632805,252.70335754394532,77.29852699279786,2.1678180646896363,-2.408805267810821,-2.233162565231323,-0.6786809349060059,4.347662897109985,49.37141333580017,379.60162269592286,562.1120056152344,624.4703051757813,506.65101074218745,200.2126498413086,26.622630043029783,0.03528673410415646,-2.7182281398773194,-1.802649266719818,-0.24495999813079844,10.844856688976288,91.52461692810058,393.5397540283203,565.364765625,610.5442346191405,482.68065429687505,225.48545715332028,43.776651256084435,2.3610121059417724,-2.6123043489456177,-2.4268068528175357,-0.3787686324119568,6.556312057971955,76.54016674041748,388.7416369628906,547.0972363281251,608.1662744140624,449.66280944824223,238.41316314697264,40.63951293230057,0.8713864874839784
156,138.52673568725587,175.30177154541016,184.94180908203126,134.5014617919922,64.62787628173828,36.21734340190888,24.381718981266022,7.166426873207092,40.12650021314621,96.92832187414169,137.74709882736207,128.4582290649414,156.15161346435548,185.5011471557617,145.16516479492188,99.34634628295899,49.40729423999786,25.3026975774765,12.060846590995789,4.787383189201355,9.41974632024765,26.899150605201715,66.05639289855957,127.72523635864259,166.26177001953127,182.4985336303711,158.16293762207033,98.63064025878906,53.14863243103027,26.00088854789734,16.887639188766478,4.50046120762825,10.507922197580339,34.39652305603027,74.58359477996825,116.39995849609375,170.9349447631836,182.0607843017578,151.08507446289065,97.47641311645508,52.652159814834604,21.829390420913697,8.415512161254885,9.631990633010863,15.879316188096999,30.294380378723144,92.47592189788817,136.3493572998047,159.87560745239256,179.98741149902344,149.49657836914065,99.14397323608398,40.02309803009034,26.05286757469177,12.849564850330353,12.296365623474122,14.22116297006607,31.067593493461608,66.80400485992432,118.17642791748047,163.6355892944336,188.19971588134766,126.68451965332034,87.40920135498047,53.82023269653321,23.126640672683713,8.055796937942507,4.837054408788681,6.391381721496582,12.149536925554276,60.661756153106694,126.7981071472168,165.83973937988281,176.12784729003903,137.41850036621094,98.44795776367187,53.17163051605225,24.01499901294708,15.509473249912261,6.781070234775544,12.697365256547927,22.606365380287166,58.080834159851065,126.85791519165036,159.9529165649414,180.3758563232422,135.6107763671875,96.52708597183228,55.410838584899906,15.76401725292206,11.743844170570375,3.2648912608623504,6.570608270168305,16.28331226706505,58.161975440979006,124.83382324218749,155.1237504577637,153.02898345947267,128.60946044921874,106.0171189880371,51.34393199920654,20.34087793827057,9.338305830955505,3.7745471370220187,8.413964717388152,18.082394939661025,59.72896142005919,127.15238655090332,152.83329437255856,165.4507601928711,135.58368438720703,99.22714241027832,60.825084400177005,21.192536807060243,5.678766282796859,3.419252138137817,7.547109575271607,17.21395667552948,64.43561367034913,98.37894638061525,157.38038009643554,177.01792236328123,139.96782928466797,88.33082855224609,42.72874798297882,20.391223402023314,15.998183629512786,8.791379296779633,11.23013989329338,24.784932438135147,74.58640011787415,128.11268028259275,161.5770477294922,170.03122772216798,145.9133772277832,106.38904365539551,49.82142200469971,15.749195867180825,6.128041117191315,5.538393411636352,6.244597210884094,13.288821717500685,58.32188253402711,110.7279623413086,153.15345413208007,174.3261361694336,150.87235137939453,88.62994873046875,48.30684530258179,18.492208912372586,5.423712257146836,3.7792469429969784,8.568157529830932,20.03867156863213,81.07047245025635,113.65154113769532,180.46010192871094,161.2728350830078,145.96187072753906,92.70725997924805,32.648734970092775,20.68095927000046,10.404854991436004,4.163129637241363,4.457178490161896,16.964669573307038,57.25233669281006,104.51156143188476,158.75574783325195,171.2394027709961,149.78294281005861,93.84243339538574,43.68346652984619,23.08555906176567,9.290098302364349,5.188249148130417,6.467353870868683,18.26988286614418,68.07803518295287,123.34248809814453,168.98635681152342,171.80965728759764,130.31239898681642,96.14954177856445,43.60842088699341,14.90959727525711,6.367428379058838,2.27304417014122,2.7106859076023104,13.30715917110443,54.71781635284424,111.49567993164062,162.10896987915038,169.07467681884765,154.35452484130857,95.20560302734376,55.69848758697509,20.710575054883957,8.439293068647384,2.7161776667833326,5.778393605947494,13.171086225509644,69.03841485977173,131.70853485107423,155.4583367919922,183.5574578857422,159.4862142944336,100.06023574829102,64.74767890930175,24.721408748626708,9.916982653141023,4.605222380161285,7.534765601158142,19.843034372329715,66.01913238525391,125.19084732055663
157,1009.9262817382812,1138.1435302734376,1070.3614990234375,980.2043823242187,758.3148071289063,473.3391906738281,327.1086006164551,319.92835731506347,576.6355522155761,903.4538330078125,993.0796020507812,1095.7870361328125,1262.9011572265624,970.633642578125,780.3749450683594,940.2748913574218,748.8581591796876,515.5504901123047,373.21100143432614,290.74465297698976,400.8925276184082,609.4342190551757,989.009813232422,1249.679912109375,1312.816748046875,1069.0290551757812,912.3336486816406,1034.160908203125,875.3208898925781,706.6901086425781,484.2010778808593,474.64417465209965,509.73724063396446,700.4333151245116,1152.9661840820313,1308.6283300781251,1265.6642846679688,1082.1501257324219,909.4779235839844,992.0283142089844,798.7396343994142,573.7962484741211,403.6233121490478,333.93508575439455,485.47961992740636,669.8503332519531,1090.8704321289065,1354.2551220703126,1140.9043383789062,989.3033520507812,936.9074560546875,946.6366064453126,821.4123754882812,527.3593539428712,377.2602105712891,412.2684141540527,518.8253186035156,593.2263897705079,972.2400366210939,1362.8002465820314,1223.8372119140624,955.7632714843751,891.558787841797,992.946748046875,876.5051586914062,545.0856518554688,366.34598068237307,323.10139572143555,485.0103745603561,627.4491137695313,962.281044921875,1207.6040185546876,1250.3699804687499,982.293310546875,839.61435546875,1005.8689135742188,917.597705078125,530.2325524902344,360.9105171203613,307.47833564758304,404.82033432006835,586.1140124511719,1052.8665966796875,1272.9744433593748,1196.9410302734375,928.1691796875,917.6624841308594,970.0300585937499,874.1806799316406,582.5528430175781,409.75776489257805,418.58804370880137,421.2469670391082,578.9332000732422,975.52396484375,1327.8252001953126,1249.6193994140626,978.2457409667968,776.606348876953,920.2971728515626,937.5058850097657,600.4979077148438,325.2967588806152,265.36937042236326,365.1595013427734,578.9453912353516,927.5129553222656,1177.2721533203123,1194.2205249023439,980.1931127929689,930.0107263183594,1082.982685546875,881.548680419922,604.7097045898438,469.80000457763674,442.58315347671504,463.94480884551996,666.5384771728515,1006.7536083984376,1304.578642578125,1233.4177783203124,856.9778552246095,771.8951098632813,933.8353894042968,817.3641748046875,516.1739666748047,369.5906307983399,505.22766578674316,582.7442906188965,727.0061035156251,986.3991772460938,1212.1761474609373,1227.4501928710938,822.8830541992187,803.334228515625,964.7184448242188,876.2437133789062,549.9901989746094,293.94293251037595,302.22890624999997,379.9996866607666,564.1893420410157,998.3939501953125,1250.0213110351563,1140.77822265625,912.8915759277345,942.8380297851563,1034.665891113281,802.1178564453126,580.7408422851562,355.90459609985356,314.1510836791992,362.38777090072637,535.2648239135742,957.1204272460936,1238.4959912109375,1190.1992089843748,852.067734375,936.6854174804688,1085.7386328124999,847.8368261718749,584.0933971405029,391.6346031188965,275.7742525100708,352.91482681274414,644.5014022827148,994.7959716796875,1291.3827294921875,1327.1102185058594,1005.6019372558594,888.2661328124999,1036.0365112304687,825.5086291503907,511.7720526123047,306.38364236831666,349.2392088317871,409.0533977508545,616.1285656642914,971.7363073730469,1304.4061669921875,1144.171435546875,850.1625122070312,799.5897778320312,994.0717077636718,891.9801708984374,558.5643548583985,334.67070556640624,269.86296951293946,329.76625350952145,565.5331408691407,972.29962890625,1263.1249487304688,1214.31201171875,820.2098315429688,850.9811181640625,948.6659790039063,915.0606567382813,621.3383898925781,423.0681561279296,316.9941817474365,397.39906707763674,542.7513208007812,1017.6444189453125,1271.8748999023437,1163.3746142578125,905.0197058105468,863.52943359375,1011.0627978515626,915.5463403320311,615.1850451660157,417.02927551269534,357.41409742355347,470.2398870849609,624.1892303466797,929.1014794921875,1272.563544921875
158,1.1970758140087128,1.7053110241889953,7.239189609885216,18.307217407226563,103.56568908691406,106.0582260131836,133.1151870727539,159.38918762207032,166.6494369506836,87.04146766662598,12.506249713897706,2.7035836219787597,0.3112831008434295,-0.5313307118415833,1.3203679382801057,10.990550990104676,41.163693990707394,82.16348876953124,106.22857635498046,138.92538665771485,159.53160766601565,59.134372558593746,13.194321441650391,2.838861794471741,0.22606735587120058,-0.26485845327377316,1.5736232626438142,11.905622687339783,41.25756052017212,74.07686752319337,105.80360092163085,137.769208984375,174.94455871582034,78.68582790374755,13.064511451721192,2.893699324131012,0.3529899376630783,-0.5467889931797981,1.5069433158636092,7.796149263381958,51.2869563817978,71.39914039611816,99.79105514526367,144.3732489013672,168.1907287597656,70.0021725845337,13.132895641326906,2.932112863063812,0.7080860078334809,0.08739840358495708,2.521154037117958,11.861474985778331,49.96438838601112,100.84993392944337,119.61640808105469,158.62114685058594,175.50039459228518,66.3523649597168,13.548440494537354,3.0579155725240703,0.5942946204543114,-0.5907116103172303,-0.4570308744907379,7.254798184037208,41.59521890640259,91.3025919342041,115.09252853393555,151.92574218750002,184.11806213378904,92.21621936798095,17.30107280731201,3.0780960452556605,0.6577338308095932,-0.3780472844839096,1.8999210539460178,12.903835130929945,38.52286796569824,91.60346672058105,127.4350811767578,145.80502471923828,164.92629943847655,69.05761402130126,12.513116264343262,3.2849969482421875,1.1984753960371015,-0.36736063897609705,0.7243352663516996,11.808172252476215,42.79435790061951,83.27402832031251,103.90024627685548,157.0583917236328,181.9349459838867,87.93865234375,15.303848438262937,2.821776597499847,1.037099948823452,-0.2944271147251129,2.0339457803964613,12.28541290819645,50.48955509185791,89.32542558670043,103.2088523864746,149.05090759277346,169.72892425537108,70.70151428222657,12.237243928909301,2.957552945017815,0.3541928029060364,-0.4542959624528885,0.12258765459060669,11.667137842178345,54.677486352920525,85.78334213256835,116.10842788696289,147.83320068359376,189.00363861083986,87.17834358215332,18.181949348449706,4.319573247432709,1.0461684954166413,1.339275851249695,3.6478935450315477,13.830334658622741,55.820177421569824,93.59604461669922,107.08524948120116,143.50642822265627,178.1413427734375,95.11167610168457,18.350814399719237,4.021808199882508,0.47737825423479074,-0.6930899089574815,1.6073175638914108,4.828417577147484,40.868385205268865,80.61436882019044,113.01086975097655,150.1293835449219,167.9426080322266,58.722659835815435,12.110598564147951,2.8620523250103,0.713161133825779,1.028318258523941,4.264216911792755,10.2003442132473,62.45373806715012,86.95314620971679,110.30923156738281,140.5789309692383,153.95042785644532,80.0813422393799,17.518739652633666,3.4215654897689824,0.28657457947731013,-0.43824935913085933,1.1110825479030608,15.858775995969774,46.41627677202224,80.01138381958008,124.357421875,148.81562042236328,198.79723846435544,76.07008544921875,13.250208196640013,2.8320485758781433,1.0285444194078446,-0.2555414307117462,0.8995133274793623,8.715331448912622,48.94551964759827,90.30340560913086,116.88618408203124,136.34399291992187,175.31043182373048,95.07237251281738,21.837041835784913,3.871839747428895,0.29560871481895445,-0.5575946533679963,0.43364157319068913,7.241476154327392,32.58715173482894,71.98515515565872,102.89178100585939,146.44487518310547,180.73780853271484,67.70151092529298,14.747927856445315,3.4722223591804506,1.0340858525037764,1.6576151090860367,3.8490065559744835,13.86266085624695,46.31303921699524,86.0736589050293,119.7693081665039,160.05329040527343,189.76551147460938,86.02680404663087,20.329599208831787,3.931474232673645,0.6414839017391204,-0.26001768320798874,0.13191981375217446,10.49898139834404,49.277051477432245,82.57227272033693,119.11272674560546,153.63204330444336,159.56718353271484,78.62038139343262,16.01410089492798,3.6671227836608886
159,1.0426661670207977,2.4784493923187254,4.4532897710800174,2.979995059967041,3.700433647632599,21.30785675048828,49.79170742034912,24.71510124206543,13.506258738040923,5.788964414596558,1.6487396866083146,0.47409669011831285,1.2570742094516754,2.221167995333672,3.9094453471899038,3.362187771201134,4.623162631988525,12.254868540763855,31.950523529052738,27.02524450302124,15.874329586029054,4.332586897015572,2.460360380038619,1.4662486881017684,1.104677447229624,2.995300206542015,4.612549932599068,5.15447929263115,6.486453783512116,9.393134956359862,32.47169731140137,28.615922832489012,12.912061872482298,3.1952614814043043,1.4743940168619154,1.0533214144408702,1.173482304364443,2.9257493305206297,4.395943537950516,4.885876379013061,5.5517329621315,8.812421126365663,32.52316560745239,32.10320455551147,14.58033181667328,4.594996672272683,1.9502938795089722,1.5130764463543893,1.5799418857693672,2.3743671984598045,4.14430581331253,4.696118359565735,8.41538735628128,9.757923622131347,35.13376655578613,25.266715297698973,16.407542395591737,2.9642778801918026,2.2096025302261113,1.3238273051381113,1.066050451397896,2.867388497665525,5.656291680335999,4.915585070848465,5.4715924739837645,8.919303874969483,33.379486055374144,27.695995140075684,18.309435296058655,3.049725865125656,2.327860473692417,1.5685211978852749,1.579683261960745,2.7273752316832547,4.250361679792404,5.50543842792511,5.622489495277405,9.41375627040863,36.88168895721435,22.957906742095947,16.270661029815674,2.662375819087029,2.408366999477148,2.260840989947319,1.9222097745537756,3.641631865203381,3.8342163428664207,4.961611623764038,5.413440046310425,9.555501303672791,33.38221921920776,33.20445291519165,14.142250282764437,2.567455748319626,1.777204885482788,1.5640171356219796,1.3860835188627243,2.0139759570360183,4.835424951314927,6.161128144264222,4.95916020154953,11.12956367969513,29.21637674331665,29.264590072631837,18.48118780612946,3.980219358205795,1.8355679547786714,1.551162329018116,1.3597253507375717,3.3784629333019254,4.450056862831115,4.360903198719025,5.294065351486206,10.914659774303434,31.126142902374266,29.460464839935305,19.225825824737548,5.342198350578547,2.321637722477317,1.4943438825756312,1.3516163629293443,2.1984304288029675,5.033744759559632,4.6339132118225095,6.239525332450867,10.006240780353547,32.02856203079224,32.95760702133178,16.12336117744446,2.205143378227949,2.096526336371899,2.0652246004343033,1.65078456223011,2.9354693052172656,5.066828818321228,3.96629299402237,5.254935545921326,6.890121877193451,29.348930740356444,24.7117516708374,12.78655809879303,3.3431335055828093,2.2455303907394404,1.2718265099078416,1.7687098963558676,3.7383884835243224,5.012732276916504,5.145687433481216,5.474091260433197,9.377027950286866,30.508387126922607,31.189604625701907,13.508343076705932,2.566175880432129,2.1252058851718902,1.8635623116791247,1.4932956847548484,2.8049566477537153,4.121803969144821,3.88463751077652,5.318458864688873,10.805241537094116,31.736114845275882,28.401609745025638,13.900897512435915,2.3956119722127918,2.2095554139465095,1.6630757108330727,1.3392154672741892,2.718948724865913,4.832137129306793,4.568564273118972,3.5001882195472716,8.488583297729491,38.086184158325196,25.822406759262087,14.299911842346187,3.421100435853004,2.132899831533432,1.9756648623943331,1.4631907415390013,3.6698548597097393,4.641531286239624,7.411953341960907,5.368042278289796,8.85913366794586,35.05121988296509,29.88364635467529,19.615006155967713,4.543142828568817,2.5182203701138497,2.136778693348169,1.2267111869156362,2.3424803525209423,3.878029238432646,4.950952501296998,5.402395853996277,8.66792278289795,28.380818767547606,32.82065222740173,17.554183919429782,2.940363208949566,2.7630421581864355,2.0791136179864407,2.6829493895173075,3.5073259246349338,4.107743738889694,4.551947157382965,5.5052848505973815,12.463126354217529,29.141674041748047,23.523815326690674,19.135223550796507,3.8310575222969048,2.8757888701558114,2.1307213263213636
160,21.13281078338623,20.113700294494627,22.712246894836426,28.043695163726806,38.29649496078491,52.50105991363525,49.89313640594482,26.343076384067537,10.88907413482666,12.317107537388802,21.183729183673858,18.94299449920654,21.615224170684815,21.607308616638182,18.574925138950345,21.177435655593875,27.903657588958744,36.54845796585083,37.743400082588195,15.20890003681183,11.800504207611086,4.658707528114318,5.526761880517006,12.197824802398681,20.394897594451905,21.186201672554017,23.2230774307251,28.071317405700682,32.58909688949585,49.06834388732911,45.203288903236384,27.983564764261246,14.823795921802523,11.34865526854992,13.414992225766184,18.70502836227417,17.060906476974488,19.393102169036865,20.867008123397827,24.68748823165894,28.18689432144165,42.34356564521789,50.72996216773987,24.72468030273914,17.134440414905548,12.875620368719101,13.383541917800903,14.939739418029784,22.99372817993164,22.22354856967926,18.331433992385865,26.69088933944702,30.706175048351287,40.10024077415466,33.464682219028475,26.326173304319383,17.81583581328392,11.67348427414894,7.429859088063241,15.103777961730955,21.309525585174562,23.34154580116272,22.881442737579345,31.01056570053101,31.6528927230835,36.96191371440888,43.23083038330078,25.752596948146817,17.058242279887203,10.658510981798173,9.530215903520585,14.535442303419112,20.689030570983885,23.332015419006346,18.44313403606415,23.493241806030273,33.53635759353638,35.586918392181396,33.66171053826808,18.371410273313522,11.859128316044806,7.842148928046226,6.834496036767959,15.296281645298004,21.781116065979003,22.4087467956543,19.335809211730957,23.427595109939574,31.362542495727542,32.245913887023924,41.47508356571197,24.007827301025387,17.706913638710976,11.189024412631989,7.87643717676401,13.821821231842042,19.836158180236815,16.208213024139404,16.546801013946535,23.033545920848844,30.97399871826172,33.37186648130417,28.64775421142578,14.80698527574539,9.907321219742297,6.1378855405002835,5.267763400673866,12.006743818223475,20.917009391784667,17.67294316291809,21.35586866378784,31.674251098632812,37.46614517211914,47.85376745223999,44.56795527935028,30.191726195812226,16.748934286236764,10.123303917944432,8.421602165699005,13.752805738449094,20.22234479904175,23.394222335815428,19.369376602172856,23.116354165077208,27.325294570922857,35.52370102882385,47.845002427101136,36.45647783875465,23.65564746856689,13.294382649660111,10.570687957704068,18.28366716504097,18.989955158233645,16.201913871765136,18.782560195922848,26.141857700347902,31.538238639831548,31.208475227355954,22.807345552444456,20.015110617876054,12.921197998821736,6.015042090043425,9.408709113597869,14.743548994064332,17.828386113643642,20.190059916973116,21.205168690681454,25.760853347778323,33.061747055053715,32.954521865844725,33.245392913818364,19.075992112159728,15.071483774185182,8.326869540810586,9.089367351531981,16.274860877990722,25.520504760742188,25.89897792816162,27.61898488998413,34.60133125305176,33.902703800201415,38.25180968284607,36.63590795040131,21.6980444920063,13.532290422320367,8.070953601002694,8.28047076255083,11.10857084274292,20.65233011245727,25.72090314865112,24.074556112289432,27.436463165283204,29.601342372894287,39.124334278106694,42.3422228461504,24.431780564785004,14.340150195360184,9.12007484138012,9.146002212166787,12.974080672264103,19.365036487579346,19.44406156539917,15.148408069610593,26.04526683807373,34.26686082839966,32.6917805480957,31.350184955596923,17.263149498701097,10.967244213223456,10.132757989168166,8.235317213982345,12.042352883815765,16.350225353240965,19.688436927795408,18.91896943092346,23.206989487409594,32.51925928115845,36.287642097473146,43.12107505112886,22.36094172000885,13.243303972482682,7.188008428812028,5.804831552505493,13.706331357955932,17.074380931854247,19.02218662261963,19.922427396774292,28.162457103729253,34.81468389511109,45.98414600372314,34.59829200029373,23.20198924422264,14.103419680595398,9.560676263272763,8.008181507587432,14.044887852668761
161,27.61834716796875,17.698168754577637,24.058704376220703,28.446053314208985,33.044185638427734,27.622623443603516,33.12650289535522,40.599435043334964,20.57273786365986,15.716710186004638,13.379104804992675,24.391970825195312,34.84557773590088,39.10815311431885,39.14337327957153,36.74686233520508,31.539630217552183,35.36815294265747,42.66658458709717,31.51836593627929,26.154915592074396,17.51830998063087,17.467270288467407,25.0436411857605,27.615298557281495,37.681680259704585,33.274433546066284,26.382603073120116,27.08733225822449,32.517944774627686,42.488284009099004,32.41969949007034,22.02619689464569,22.33387123525143,17.326734199523926,21.545536994934082,24.445947656631468,33.19519937515259,33.81532517433167,32.45543062210083,28.040908222198482,32.4698073387146,40.93733467102051,37.83548746109009,31.56974899291992,22.856578078269955,19.21617209672928,24.388853454589842,34.620617885589596,36.227875061035164,37.31777349472046,36.37040279388428,29.85960952758789,29.964530372619627,35.33582622528077,34.694734582901006,26.020046019554137,21.35430951118469,16.500213447213177,26.72952568054199,31.36678611755371,35.874456863403324,34.51864292144775,32.773568077087404,33.8315013885498,31.804854860305785,40.05799621582031,40.78579524993897,26.483462438583377,21.536771284341814,14.699365664124489,20.397279300689696,35.3019421005249,42.06133425712585,38.42140775680542,35.09063087463379,25.85466972351074,26.930437965393065,35.78196583271027,34.70570760726928,24.319686365127563,19.867220854759218,16.796795463562013,26.980711269378656,27.40368049621582,38.18997894287109,38.86954875946044,31.205234985351563,32.18271853446961,32.40400369644165,45.62347696304321,38.00211557388306,25.5414337015152,23.08661119878292,17.06323950171471,19.474043292999266,36.746209373474116,33.97694972038269,36.39235695838928,33.64340089797973,32.01116097927093,29.310880500078202,31.318700037002564,29.23632307529449,20.519198997616765,22.465790882110596,15.839678246974946,20.716482887268064,35.46222396850586,42.102752151489256,37.173150005340574,33.78953384399414,30.549667243957522,36.04493129730225,44.400400495529176,37.31745510101318,30.032755794525144,24.218935937881472,21.609928131103516,25.246272907257076,29.69045400619507,36.93683305740357,39.226262969970705,31.881240596771242,26.053545265197755,36.759832897186286,46.41489776611328,48.72052856445312,31.421697883605958,25.145950992703437,18.76905140399933,22.62281181335449,37.210433368682864,41.632168712615965,44.96808868408203,37.17571117401123,33.9425121307373,29.20624471664429,29.42764928817749,25.98159341812134,19.220992301702502,16.130557622909546,17.15073517024517,25.434942054748536,32.37342540740967,37.23159172058105,38.03738758087158,35.47409847259522,29.21797336578369,28.693383712768558,41.419847307205195,33.06394384384155,27.069487247467045,20.732678095698354,17.837436549663543,23.513345489501955,37.32315341949463,44.03646293640137,37.79994148254394,39.794408569335936,31.032833786010748,34.38899440765381,39.123069963455194,31.01427314758301,22.12938386440277,17.80113848924637,16.19449934005737,28.067220535278317,35.76439366817475,37.51607580184937,38.86510932922363,36.908397979736336,29.178178215026854,34.75910617828369,42.89047996520996,38.64975643157958,23.561017360687256,22.570540714263917,18.92421360015869,25.610292949676516,38.98497945785523,45.35403461456299,44.804485607147214,34.15696701049805,29.810603828430175,30.769571647644046,40.38786064147949,31.243540182113644,20.59525692999363,20.74783987045288,16.524987049102783,25.072235498428345,35.42924785614014,39.690195312499995,47.04864669799805,33.747561302185055,28.27107166290283,29.91551022529602,39.97395576477051,34.9956597328186,29.094245491027827,22.80522028923035,17.509403519630432,25.376901321411133,36.79169956207275,41.57329582214356,37.89972290039062,37.70829643249512,33.09024968147278,32.78736143112182,43.246356430053716,38.3068347454071,30.33889681816101,26.801438198089603,17.381472258567808,23.25361691474915
162,129.2883102416992,103.23892860412597,144.01149141788483,116.13767433166504,125.84877319335938,111.4617919921875,143.87439880371093,159.9754440307617,161.35092468261718,238.5431869506836,220.03311462402343,220.51519927978515,63.27426767349243,31.91807270050049,31.6064350771904,45.41984828948975,76.9402066898346,114.76178604125975,123.6916339111328,151.3423327636719,171.06569030761722,166.65876525878906,183.48630477905272,163.08148529052735,72.94100425720214,40.08838176012039,36.023632426261905,57.8778602218628,87.75267234802246,127.78075256347657,152.68579589843748,153.26106872558594,184.87000854492186,167.78831924438478,211.4415283203125,183.40615509033205,79.45931282043458,44.805765719413756,48.719499430656434,70.326489610672,124.94994777679442,117.28495780944823,138.54024993896482,174.71849243164064,165.35811645507812,179.86219268798828,200.96529113769532,165.4143938446045,72.44505088806152,40.24747492313385,44.533791036605834,52.81978231430054,105.87299033164977,118.66797164916991,146.41860977172854,173.52975158691407,183.76422576904298,156.2613400268555,181.0003775024414,168.14266143798827,76.85823417663573,26.65564821243286,36.336247510910034,43.80838047027588,73.96934673309326,114.42321319580078,140.12000213623045,159.58634185791016,181.4758905029297,185.04940399169922,205.0767811584473,175.7125984954834,85.07951599121094,31.17364234685898,25.643906683921813,58.87191278457642,82.51975463867187,131.34224670410157,155.05640960693358,160.213239440918,173.43323791503903,174.88067962646483,204.8794412231445,184.18396560668947,81.62387031555174,19.810246248245242,35.69417924404145,55.32147117614746,82.56694732666016,125.29039184570311,138.75376220703126,192.1989434814453,196.17409301757817,195.29626831054688,222.85475402832031,172.06998535156248,104.17484321594239,26.082491168975828,24.36268340587616,41.16759745121003,95.87485549926758,122.32737495422364,127.86550567626955,151.11605865478515,175.86076599121094,195.78169982910157,185.65914337158205,181.9496423339844,80.51113910675049,32.78281400680542,47.0499462223053,56.50392655849457,96.08040479183197,119.53655319213867,146.8101461791992,164.3011917114258,159.77433349609373,220.35287719726563,230.9679751586914,208.7298153686523,89.82559707641602,36.54831990242004,51.37106137752532,54.14456327438354,94.9444937133789,125.8096762084961,141.4693197631836,183.2370343017578,195.5878469848633,192.29047607421876,190.37619232177732,172.24821182250977,63.976188278198244,15.966600153446198,15.842857909202575,39.54929885864258,89.54111457824708,129.78016357421876,132.46288543701172,167.72277954101565,188.14442382812499,185.4633590698242,206.37224548339844,187.2984506225586,84.33397026062012,43.69784960746766,39.84011932849884,60.2792210006714,92.3766242980957,122.93469665527343,139.95842315673826,163.11473602294922,183.06670989990238,180.0686897277832,215.17690368652342,197.74537902832031,59.97292056560516,29.305038619041447,31.87216264247894,58.83794546127319,94.27257736206055,122.26476119995118,123.9948892211914,164.18474334716797,167.74196685791014,187.37894927978513,169.73344177246094,184.22426414489743,94.73902221679687,31.167948758602144,30.563547639846803,38.30725466728211,87.28235717773438,110.90189910888671,136.25015411376953,161.65372772216796,175.50629821777346,188.35797332763673,204.05616088867185,173.71510620117186,69.98099540710449,25.626032209396364,28.44339942932129,39.934435262680054,71.96405513763428,124.94412780761718,144.19261260986326,185.28938568115237,212.69577178955078,204.27227966308595,176.02333541870118,167.30950805664062,72.36489006042481,29.40434638500214,29.06118278503418,52.91948671340943,91.189849319458,130.61948120117188,140.32168884277343,169.69553619384766,176.90184448242186,184.54405487060546,202.0914831542969,198.14583480834963,73.24586727142335,29.02567898750305,22.942316365242004,49.59841658592224,84.72715522766114,124.03687202453614,157.373376159668,163.46413818359375,191.93170974731444,220.5845083618164,202.46680068969727,160.62659423828126
163,161.00020751953124,105.32792205810547,88.3399700164795,102.42731170654297,100.07515487670898,136.16967315673827,190.17454223632814,158.89524841308594,122.97650451660157,201.50844116210936,310.5918029785156,133.6270294189453,98.68268440246581,63.28332176685333,45.54563776493073,34.07446587324142,74.3243642616272,124.35079895019533,176.12890686035158,191.63284301757812,165.8586239624023,169.93396163940432,164.33304290771486,141.81489181518555,141.60082180023193,94.70590206146241,48.19995866298676,38.849625178575515,64.63435901641846,129.88235839843747,161.4666345214844,167.37808471679688,174.9606784057617,178.35862350463867,199.2782406616211,170.75158615112304,165.8282033729553,119.25917755126952,57.04790780186653,38.37193927288056,69.22554357528686,126.96328323364257,174.8601428222656,169.62925506591796,176.43597198486327,191.21121154785155,196.61627990722658,175.8192099761963,136.98863005638123,104.11466135263443,48.54149944365024,29.5339905500412,49.984765501022345,130.87857345581054,163.45862304687498,174.17887222290042,172.4361343383789,200.95121368408203,205.69269180297852,180.96196870803834,122.68790649414063,76.78462776184082,47.19109329223633,34.118148579597474,59.260790939331045,130.75646270751955,178.70908142089843,170.94533630371092,171.82552398681642,201.5345153808594,183.15693588256835,160.74753391265867,136.77132732391357,106.80758028030395,40.120912046432494,28.03325728416443,39.93517459869385,118.71789993286131,182.3393069458008,180.3204797363281,162.25268920898438,161.7046762084961,159.46929542541505,149.8178353881836,127.8410959625244,88.82938120841979,41.86809963226319,31.94991891860962,71.7611876296997,139.63605072021485,185.12585693359375,196.4260720825195,188.30913391113282,203.35504821777346,180.89213928222654,160.21637924194334,126.53698562622071,91.07392055511475,46.09248847007751,31.57480689883232,69.15593854904175,132.7793946838379,179.54525817871095,158.42663696289063,169.9203991699219,164.01192718505862,150.32630950927734,159.15889266967773,129.0359404373169,74.85001482009889,40.94067610263825,29.69356280684471,65.25766530513764,130.41251281738283,191.2635409545898,161.30150909423827,169.25708892822266,197.72277404785157,225.8226953125,205.0262106323242,164.65455661773683,99.09301124572754,67.87007223129274,30.723040363788606,61.46455234527588,129.63555938720702,168.34631805419923,186.6699334716797,158.35775299072264,201.27902542114256,193.42375045776367,191.37792221069336,108.58563575744628,53.85525137901307,29.672971987724303,24.106983984112738,52.57515502929688,119.66126022338867,191.03497009277345,162.8773861694336,165.10641662597658,162.1128662109375,174.61728256225587,160.04589920043946,122.35924942016602,80.73223390579224,49.82385369777679,31.742945542931558,57.538814582824706,125.29715942382813,188.04863342285154,168.01087432861328,162.19295501708984,181.5737463378906,198.39700012207032,149.9017244720459,105.89738624572753,70.40681982994079,46.140083044171334,29.473139615058898,60.19756893157959,122.93812515258787,204.88857604980473,194.5460595703125,176.1328436279297,166.46990531921386,159.26686523437502,151.26360641479494,146.2696649837494,94.88382213771345,54.93034249305725,31.55317370891571,58.630962619781485,117.5486328125,189.2358660888672,155.1113023376465,160.6238772583008,186.71546043395998,173.45083152770997,142.72039306640625,100.81824005126953,59.5399789762497,38.994974958896634,23.20566369652748,43.09210188388825,125.67787170410156,201.97301971435544,175.87322479248047,177.44867309570313,165.15382446289064,162.3650828552246,137.53766143798828,128.91474906921388,66.07257232189178,37.61265688419342,29.080007938146593,49.271773490905765,118.88765823364258,177.07477630615236,186.04689880371092,185.02907531738282,201.2657211303711,178.30600967407227,163.72658203125002,133.85072895050047,88.84531805038452,50.549144153594966,39.0476785993576,68.81668727874757,117.41267745971679,169.7508447265625,185.2831918334961,180.76234954833984,208.71366973876957,187.9776544189453,167.8969923019409
164,34.876028060913086,36.729021835327146,36.62894287109375,29.178298568725587,31.259084510803223,25.589384460449217,37.02803344726563,32.235171508789065,24.7364652633667,21.743571472167968,20.240422916412353,19.375618743896485,35.04368026733398,49.07556411743165,38.23463638305664,29.25382846832275,32.462290325164794,30.712895669937133,36.28828339576721,29.277401905059815,24.737965979576114,23.259543447494508,21.752422122955323,21.365416336059575,36.930817527771,38.027157363891604,34.847421874999995,32.56977600097656,30.486370897293092,31.767995223999026,36.15047888278961,31.327015919685362,24.30312273025513,29.095037031173707,20.02701391220093,20.66028061151504,30.66906703948975,44.621467666625975,38.256335296630866,32.93122176885605,30.999257707595824,33.40516878128052,42.29686945915222,33.871512184143064,35.6222262096405,25.964787367582318,20.534107637405395,28.062918891906737,36.61180213928223,41.24098281860351,39.662976570129395,32.04504634857177,29.344738693237304,28.452492504119874,37.22144161224365,31.767397068738937,31.499151878356933,27.269207050800322,23.40013882011175,26.7929408788681,33.7417945098877,43.046070709228516,42.65391075134278,27.761338424682616,36.77606143951416,29.617311477661133,42.01343870162963,33.57115577220917,26.863041458129878,25.59655016422272,16.811345357894897,20.369428725242614,36.90893634796142,50.2134464263916,40.01897403717041,32.43507007598877,30.99057880401611,25.521336274147032,37.5071765089035,34.732883882522586,28.292429161071777,26.19099077224731,21.37224124908447,24.816244411468507,28.07765552520752,40.5163461303711,40.42437759399414,32.43418884277344,35.45326059818268,28.48621390819549,44.02138069152832,32.4157201385498,26.79902314186096,25.3685067653656,23.703205757141113,25.82344013214111,33.589886398315436,44.96881248474121,42.34981155395508,35.313295137882236,32.9396350479126,29.652074897289275,37.81669466018677,30.300531139373778,23.387473769187928,27.32139856338501,25.246594524383546,21.01301592826843,34.22598258972168,45.64027267456055,36.93548742294311,29.848619880676267,37.28461029052734,28.566844320297243,44.78982221603394,39.62523069381714,34.49851629257202,32.64197992324829,25.78099609375,22.161708669662477,33.446103439331054,45.61592895507813,43.228573379516604,31.418806610107424,28.338208837509153,33.85063858985901,46.492709980010986,38.61814971923828,36.305750885009765,28.672853622436527,23.06633291244507,23.531092529296878,36.6527717781067,44.987864608764646,39.636649169921874,30.921726455688475,33.4599169921875,23.004290223121643,30.41443993270397,24.061870712041856,23.859789125919345,21.256326433420185,20.911415367126462,25.39621521949768,39.18721313476563,40.204694976806636,40.095328140258786,31.797914161682133,31.022413330078127,30.2597127532959,43.71676734924316,33.9139915060997,29.794714641571044,26.781772384643556,20.5515620136261,24.188542041778565,39.98093734741211,49.286185607910156,38.422873458862306,35.77444721221924,36.79060901641846,35.08965438842773,33.72477888107299,30.479483795166015,25.928151903152468,22.783009395599368,18.862507390975953,26.302707214355472,34.91699714660645,44.167585601806636,40.71115287780762,32.013752479553226,33.91953092575073,35.73302613258362,45.546336793899535,36.73962379455566,25.999103689193724,24.910210142135618,22.87194664001465,21.957521114349365,37.2435440826416,45.6784107208252,40.69400993347168,30.859091758728027,35.140841007232666,34.627293376922616,47.154625391960145,34.649978981018066,22.548946647644044,27.58415019989014,22.978358459472656,24.046795368194577,35.184638595581056,46.34314086914062,43.387740478515624,28.344725837707518,33.40070499420166,29.507205429077146,39.25888031005859,32.634137077331545,35.974197750091555,31.421104679107664,24.129732551574705,27.85448221206665,38.34288562774658,47.5778556060791,42.73663486480713,30.330202751159668,36.169315303564076,30.5273064160347,41.77999551773071,30.888121328353883,25.482306009531023,28.080848178863526,22.288947143554687,18.993637046813966
165,34.95583782196045,48.65560760498047,40.74656753540039,21.96667938232422,17.985256290435792,12.435317850112915,12.4884202003479,3.8006682872772215,1.5913638591766357,7.907865810394287,15.981071853637696,11.671224188804626,27.304462690353393,29.416227197647096,29.638580827713007,24.25077730178833,13.726548455953596,6.36534122467041,5.5198116111755375,2.448151034712791,3.2073181354999543,5.0824448990821836,8.050543850660324,13.192937202453615,25.635518379211426,27.89435466766357,35.07913084030152,24.969809074401855,15.25039940595627,9.50077583551407,5.288362312316894,4.993281808495522,3.0264002764225006,4.073953376710415,7.797688920497895,13.62358532190323,25.748428328037267,30.64583576202393,28.905288734436038,19.235388069152833,16.276851320266722,10.682225072979929,6.642362122535706,6.512745833396911,3.2115066587924956,7.03947695851326,8.986807228326798,15.974808889627457,22.42990469455719,30.225413494110104,33.86438453674317,20.12835073471069,9.269772107601165,9.005547749996186,4.850318583250046,2.7977804470062253,4.115323169827461,4.1803370332717895,7.005497239232064,15.445493817329407,22.337402052879334,28.453511707782745,28.80650402069092,21.413140659332278,10.539390032291411,6.410299339294433,4.7119599068164835,3.7785411685705177,3.702186530828475,6.320321150422096,12.212716830968857,16.120626516342163,20.853536791801453,26.868176116943363,38.37023246765138,22.17651725769043,13.750921363830566,8.430007317066194,4.844650412797928,5.447869874238966,2.9729841220378876,3.747908468842507,5.325837360620499,9.724294409751892,32.0135537147522,34.80306154251099,34.2059884262085,21.57394005775452,10.650562863349915,5.600924704074859,4.032650289535523,5.232003551125525,3.6301540207862857,4.925202838182449,10.580889711380005,18.537801978588107,24.598115429878238,31.392940464019773,28.188513584136963,22.166940441131594,13.159374217987061,8.761154017448424,4.221204515695571,3.8434674990177156,2.2188952219486238,3.6198394864797585,6.514204696416854,12.640918209552764,28.5968030166626,31.421618270874024,28.171912384033202,21.721679735183717,10.500579514503478,8.013105013370515,5.579253071546555,4.678130511641502,4.180109850168228,6.58581506729126,10.388233752250672,14.333056564331054,28.231420040130615,34.99097696304322,34.43161682128906,23.749314870834354,15.518290343284605,11.202203161716461,4.766005232334136,4.074342587590218,2.8815861999988557,3.847001540660858,8.094324102401734,16.630552163124086,20.04174240589142,32.70084250688553,24.806057102680203,16.72733554840088,10.97921869277954,7.097348134517671,4.390485312938691,3.3741023546457285,2.415255527496338,2.7091466379165645,4.712399911880493,9.716129331588746,28.112005987167358,32.73863693237305,30.885888671875,28.894297790527343,12.873738946914674,10.858887324333192,5.655921400785447,4.630501146316528,2.986499960422516,5.032618923187256,7.786068403720856,14.999574884176251,19.62095635652542,27.60945201873779,34.93991760253907,21.27994611740112,11.688366177082061,8.116870629787446,4.644622584283352,3.499276279211044,2.1367799162864687,3.614944843053818,5.628026071786881,9.006864634752272,25.646288518905642,25.441913852691652,32.723373565673825,20.126738700866703,14.571297740936279,6.092087564468384,3.949846963882446,3.3824230617284776,2.271308504343033,3.6875533556938174,7.786075149774552,10.843795034885407,18.5688089632988,26.540504665374755,32.60114995002747,25.5180703163147,12.196385946273804,6.138958802223206,4.087807366251946,4.128868504762649,3.6800958985090255,3.8562288200855255,6.57790055513382,11.615712687969207,21.119732041358947,28.314137334823606,29.80922226905823,22.402793216705327,13.86753082036972,8.667548098564149,4.649226286411285,4.168875062465668,3.1710771483182905,4.903750885725021,6.889521197080612,10.33442417383194,22.001126341819763,25.467625846862795,30.06999536514282,18.935947666168214,10.10656442642212,9.082758095264435,5.282495329976082,4.399991884827614,3.248334562778473,5.736892017126084,7.271547768115997,18.355633964538573
166,74.37641296386718,82.80412445068359,118.2761474609375,128.71595039367676,104.206516456604,118.2495491027832,82.07912559509278,46.15942342281342,28.31483507156372,74.90422367453576,83.1501814365387,74.8903793334961,92.6314520263672,88.12260192871092,92.21797698974609,127.4228578186035,122.7605813598633,97.4668482208252,63.646984691619856,26.578139381408686,19.408517251014707,22.47197151064873,41.883336448669425,71.84189773559571,95.83617050170898,113.68003356933593,113.90566497802736,150.4336589050293,132.14596130371092,138.3748184967041,86.06612991333009,57.40414387226106,32.12424874544144,40.76989797711373,59.29314373016357,86.10158412933349,86.34225238800049,95.0719297027588,115.13486312866209,139.80890197753905,133.30791679382324,112.14640583038332,76.05536774635316,47.565926411151885,25.479720366597178,35.685972274541854,62.331279830932615,93.85242370605468,94.60134941101076,90.7264042663574,108.86928619384764,133.3687515258789,119.59184356689452,109.4607871055603,69.90976651191711,46.21415913581848,27.886068484187128,25.816657905578616,44.64716495513916,84.33376106262207,90.56921066284181,100.62179702758787,99.50541931152344,135.32025009155274,124.29595672607422,110.34084365367889,78.72504433393479,34.6882610476017,22.463448801636694,27.098238734006884,54.84521283626557,78.01413322448731,96.21854522705078,89.82866348266603,100.3696060180664,147.4766290283203,143.71940383911132,81.20873064994812,79.01864732265473,34.55741575241089,22.530259575843814,17.54914137125015,41.05945804595947,88.78680831909179,100.22686645507811,92.79143463134764,104.96065887451172,130.24639678955077,138.19463409423827,98.99868404388428,85.7283872938156,38.308575398921974,27.803850250244142,25.407047462463378,43.888298206329345,85.91351638793945,90.69591201782227,81.26636436462402,95.43684928894042,133.4236572265625,122.69028511047364,101.95651710033417,57.72981069564819,31.499743682146068,20.299156337976456,20.70556609272957,43.39932132720947,73.07957656860351,84.92574981689454,90.98160591125489,115.89521934509278,153.6808901977539,135.311475982666,126.75662101745607,75.87750135421751,47.183181986808776,27.82489545106888,30.911585961580272,46.13557014465332,75.33414009094238,82.2369400024414,86.2343839263916,97.57039306640624,143.61252319335935,119.70525344848632,98.1761308479309,84.08792135834695,64.58792346715929,44.944464742541314,41.50563391685486,64.95854042053222,88.406416015625,91.2584635925293,79.58326675415039,104.98153717041016,138.50707229614255,125.91409866333008,89.28161388397217,46.54016258239746,36.011142878532404,24.09326467752457,18.810273423194886,43.636338996887204,73.26019104003906,81.5983236694336,87.62357055664063,112.80747177124024,139.82086700439453,122.55057434082032,99.28912658691408,67.41458152770997,36.013346533775334,25.25863606452942,19.938802706599233,56.673011789321905,84.85149593353272,101.16792098999022,85.94991432189941,111.67909057617187,142.1553229522705,136.39127319335938,112.1104286289215,71.38872254371643,33.110154943466185,15.842690024375916,20.65394008636475,38.92731216430664,73.89942276000977,94.52728271484375,102.01938064575195,107.09954162597657,144.29119140625,114.97775039672851,92.86435054779051,76.58170181274414,43.11709124386311,23.676132842302327,27.747505321502683,50.29217588424682,84.57532821655272,90.1472769165039,93.1152222442627,103.45422897338867,138.7314043426514,145.6559092712402,81.09240161895752,51.53102163314819,28.183599251508713,13.904999923706054,19.8522778236866,37.12935220479965,71.71830265045165,88.11309204101562,85.70938781738282,115.6866603088379,141.07958374023437,130.11072158813477,101.16243076324463,79.97973810434341,31.545665416717526,17.436597929000854,16.506840124130246,45.167563915252686,80.84049591064452,83.98670745849608,88.850979385376,100.81710388183593,139.53213714599607,152.37385681152347,114.3393333053589,66.32187081813812,32.20845066308975,19.615209262967106,19.071064788699147,45.816539459228515,83.99075935363769
167,444.3085479736328,653.0243377685547,493.994921875,412.1850860595703,274.6566131591797,100.04252128601074,26.29920024871826,69.5521967291832,176.60169916152955,319.7312999725342,403.8404968261719,592.6398742675781,548.1039202880859,409.01983032226565,369.9609832763672,420.3078820800782,307.07730194091795,142.56351173400878,92.22499382019042,86.33432537078856,161.15529293060303,268.0730839538574,453.7431939697265,622.4297692871094,559.6650408935548,423.5206164550781,426.31198394775384,463.24742126464844,350.05723571777344,199.3742189025879,130.31010292053224,145.03226182937618,169.44634063720702,297.453857421875,524.2148748779297,637.6788439941406,548.9145306396484,481.29157592773436,468.525519104004,418.59852651596077,329.83620529174806,142.12952632904052,104.83063484191894,102.58882133483885,160.8983380317688,284.0922680664063,510.24221679687497,639.9932153320312,543.4916241455079,454.84682037353514,465.10568572998045,490.437451171875,339.4254153442383,144.79701919555663,92.18323251247406,112.56868896484374,159.8629071044922,230.55293151855466,424.8594354248047,594.5886962890625,500.89922790527345,351.29926696777346,318.99709411621086,440.818451538086,334.42288391113277,151.6212868118286,87.04743553161622,116.82310638427734,163.6038198852539,243.793470993042,386.41245147705075,513.5425378417968,496.69176025390624,367.7748370361328,357.104150390625,429.6990173339844,376.50211120605474,158.13776245117188,73.66078814506531,65.18659826278686,156.7567701089382,292.52646255493164,499.95590942382813,610.1277673339844,497.67795623779296,322.63585472106934,419.42964645385734,468.49148803710943,357.47690246582033,135.85844017028808,101.86328140258789,109.44588054895401,158.7038463973999,255.1827475547791,460.5414245605469,610.3781005859375,595.2046282958984,393.4029627227784,366.23833129882814,431.9723327636719,355.09435119628904,178.43918731689456,112.7790784201026,133.65788528442383,179.52235387802122,285.78609222412103,471.56409118652346,573.4862890625,559.9491882324219,441.63872741699214,455.9591986083984,513.2070361328124,376.37711364746093,172.92197296142578,103.50756973266603,116.78847772598267,141.005401763916,253.69405181884767,442.0072839355469,587.0673974609374,497.10970214843746,425.490404663086,428.409778137207,462.385546875,345.0888092041016,148.05585060119628,98.10803962528705,142.8675952911377,185.52505142211913,263.3908267211914,447.7014413452148,554.3505334472657,523.0303747558594,300.4945530700684,337.9118872070312,421.96578796386723,361.07298278808594,144.76308517456056,55.14370316505432,60.320492582321165,134.26900001525877,275.64768325805665,449.2834228515625,575.9683856201173,503.76626953125,409.1784362792969,420.79075012207034,476.67332763671874,342.34534149169923,145.8664810180664,73.81141422271729,91.26894144535065,143.13800015449524,263.73139312744144,455.9599633789062,544.6514868164062,509.25413101196284,356.35095382690434,384.7821420288086,507.5577026367188,350.8384649658203,158.99138214111326,65.92655811786652,54.87293342590332,114.42186294674873,274.1715249633789,457.822240600586,616.3822937011719,601.40794921875,388.2375332641601,427.1121676635742,416.271735534668,322.53700256347656,143.9180500793457,66.19307933807372,93.86255983829497,149.0180013275146,278.5751475048065,486.87617004394525,611.76638671875,477.28425964355466,344.91816192626953,362.9378820800781,453.61916381835937,395.383203125,193.37872146606446,121.97268858909607,110.35929895401,169.45834978103636,276.89528594970704,455.1692935180664,554.2498852539062,501.8690808105468,380.2506616210938,377.5420332336426,439.9487850952149,408.68303741455077,175.49526329040526,97.16772332668305,123.1851628112793,165.7613946533203,231.62307929992676,464.82540710449223,597.9733410644533,541.9111798095703,405.3615768432618,358.43255920410155,444.91951354980466,354.8383642578125,183.47518836498259,99.03335926055908,109.31280502319335,201.1119589996338,326.05119964599606,497.749130859375,590.5001892089845
168,-0.22324443012475967,-0.08290753960609434,0.18437041044235228,0.1007699131965637,0.3812952160835266,2.1904563546180724,3.3330182433128357,4.117727851867675,3.066338962316513,0.7000964254140853,-0.2682696938514709,-0.29622792899608613,-0.07424980700016022,0.013635478019714348,0.14857501417398453,0.26305349320173266,0.7473791842162609,3.7152367699146276,2.1719920086860656,4.455795016288757,3.149526942074299,-0.06323154270648956,-0.5646433714032174,-0.3544797992706299,-0.10460501998662948,0.04573060765862464,0.07762620560824869,0.13724519580602643,1.2567671839892864,3.509420611262322,2.6057405938208107,4.703461704850197,3.5383937978744506,0.2506681895256042,-0.37310846269130704,-0.3040237194299698,-0.06604550421237948,0.07906332001090048,0.2690724560618401,0.5215820014476775,0.6616530500352382,4.747677755206823,2.4533557462692257,4.977374458312988,2.6758415137231353,0.03547588676214221,-0.40326071143150327,-0.32360080063343044,-0.067205491065979,0.08866805404424667,0.08869547724723814,0.27870749980211257,0.9353893442451954,4.643350737690926,2.7501713114976885,3.915587344691157,3.559806469082832,0.17316530108451844,-0.41061052888631816,-0.36377835273742676,-0.05778190106153487,0.14446898117661477,0.15735168963670726,0.3511205768585205,1.5194071157276632,4.386111599504948,3.2892336788773533,5.585914657115936,2.765077577084303,-0.14451198041439053,-0.6551988652348518,-0.3429656088352203,-0.05644089132547379,0.0485491046309471,0.051976987123489374,0.19353868797421453,1.40390581458807,4.138378448486328,3.139254023730755,5.501707472801209,3.2098190629482266,-0.16427837938070297,-0.6122865119576455,-0.3371567687392235,-0.002139785587787635,0.060296742320060735,0.09438795134425162,0.2843442142009735,0.9011939853429795,3.7371629720926287,2.5364110584557062,3.2627244216203692,3.035407792031765,0.08690016686916355,-0.4584326529502869,-0.2488753080368042,-0.00846238046884539,0.22052611261606211,0.17447044894099234,0.28876243174076077,0.9477898189425467,2.7240000778436664,2.3205692660808563,5.285445041656494,2.1431062238663436,-0.35228006720542904,-0.49492756992578507,-0.1851784463226795,-0.09738770157098771,0.042440164834260934,0.27109025448560714,0.35806748822331425,1.4458789382874966,4.703896412849426,3.6850730285048483,5.30678184568882,3.457114627957344,0.19624348104000094,-0.5550050990283489,-0.4205291926860809,-0.13088281542062757,0.009959631860256186,0.10632177799940112,0.26211359739303586,1.1137388297915458,6.120186325311661,3.660588820800185,5.342034215927124,4.560458183288574,0.11936163119971754,-0.6428886270523072,-0.480540306866169,-0.05607621908187867,0.04787804335355759,0.08707409888505935,0.5655518739670515,0.8567969766259195,5.116474405527114,2.954145528674126,5.139038904309273,2.128136694431305,-0.25268901482224465,-0.5065344488620758,-0.2595048555731774,-0.05335797816514968,0.10357130318880078,0.2129196777939796,0.2829350750148296,1.2287379996478558,3.0716918806731703,2.6843566110730173,6.268749010562897,2.4994268330931666,-0.3038057389855385,-0.6597814905643463,-0.312897846698761,-0.10068293601274489,0.10994100213050842,0.20530322700738904,0.6123004522919654,1.2721984604001046,5.240313340127468,2.6095841383934024,6.021871414184571,3.2008842515945437,-0.19280341297388076,-0.6113523900508882,-0.4232027992606163,-0.08747287809848785,0.04969715654850005,0.04216462627053259,0.37165657997131346,1.5705191820859912,4.941293392777443,3.231528025269508,4.584954801499844,2.8941103279590608,-0.2850957822799683,-0.5048506863415241,-0.29109768286347387,-0.03290759235620499,0.11559093758463856,0.1515922012925148,0.3424683994054794,1.2058902525901796,4.086827937364578,3.2813245391845705,5.5809363639354705,3.5142440897226335,-0.13755775272846224,-0.5275587537884713,-0.3454338693618775,-0.06330042481422424,-0.01227285489439964,0.017445148900151235,0.34439247533679007,1.259653330296278,3.4545350039005287,2.411055484116077,5.771056768298149,2.488813769519329,-0.14445297002792357,-0.4669085250794887,-0.2269668960571289,-0.08252300888299943,0.04381280034780501,0.0811341467499733,0.17867439210414887,1.3393977196514606,3.769040489792824,3.2957735133171076,5.900426021814345,3.093689816594124,-0.002131277918815616,-0.49983131259679797,-0.33612254053354257
169,-0.07238314226269718,-0.07364096119999883,-0.07454384192824359,-0.0262193255126476,0.25961608439683914,2.550171709060669,6.185965895652771,3.311256265640259,3.718621736764908,0.29140043295919893,-0.058157951571047285,-0.08848839774727818,-0.10595724090933797,-0.10798003926873205,-0.10921845763921734,-0.08168515086174008,0.3337439048290253,1.521914275586605,9.143696374893189,8.07479457139969,2.4536339849978686,0.55346494525671,-0.08651262478902932,-0.10546530425548548,-0.10236191824078555,-0.10670215144753452,-0.10959841921925542,-0.06772615734487766,0.36226009869016706,1.5855389529466628,5.658013143539429,6.990678706169128,2.7344680893421174,0.4306419486925006,-0.04178262110799548,-0.08622054934501644,-0.12018452197313305,-0.12352840244770047,-0.12575368106365198,-0.018735903017222853,0.30653638191521165,1.7058967709541317,7.431119217872618,6.895837525129318,2.4603312525153163,0.7056723415106536,-0.06204041883349415,-0.11537927150726315,-0.07252124920487399,-0.07631701409816738,-0.07851421073079105,-0.02800072997808455,0.844483690392226,1.8845835502445698,5.770387161560356,5.926677104234695,1.5282720571756363,0.3450280475988984,-0.028651793077588056,-0.05917848750948901,-0.1132270999252796,-0.11581820115447039,-0.11774883657693858,-0.06116827167570589,0.3249488935619593,1.8449350701272487,9.527065728902816,8.739895549416541,4.060199394673109,0.6481306329928339,-0.08945610614493486,-0.13745193302631376,-0.14186615630984303,-0.14681947186589236,-0.1504602253437042,-0.03613891258835791,0.1925281860306859,2.123456695228815,9.817924050092696,6.165611647367477,1.7964016656577584,0.4628587581962346,-0.06935667153447864,-0.11356469109654424,-0.0976905162632465,-0.09945272579789158,-0.09990196064114568,-0.00920184630900619,0.3257772856950759,1.4711253726482392,6.64186785697937,6.935794329047203,1.8137140363454818,0.34888578861951836,-0.0527715857699513,-0.08598684713244432,-0.07593585193157192,-0.07814635872840876,-0.07948131948709483,0.007854673452675369,0.2702316195517778,1.4340619899332523,8.489245089292528,6.043669258058071,2.1567711251974107,0.4613500280678272,-0.03441366698592898,-0.0766355443000793,-0.08413579821586606,-0.08580560803413387,-0.08665251269936558,-0.0050960548780858315,0.4910073568671941,2.4303488934040067,10.088530966043473,6.473802198767662,2.332178486287594,0.3098414686322212,-0.03126386988908049,-0.0762934380769729,-0.0969324648380279,-0.09836367249488827,-0.09968478485941883,-0.032618376612663244,0.3514328274130821,1.5505161763541402,7.730908637046814,7.202961597442626,2.5853764164447783,0.45073742266744377,-0.04321226164698597,-0.09211142212152477,-0.15337782666087146,-0.15589413613080974,-0.15774108991026878,-0.04547450564801691,0.23149179253727198,2.8458053916692734,11.902022097110748,8.58026730298996,2.9814805082976816,0.23473680716007944,-0.10745029505342243,-0.1517805641889572,-0.11094319671392439,-0.11533371448516842,-0.11815066248178478,-0.07603448525071142,0.3864139933884144,2.0532048720121385,7.401822426319123,7.858532375097274,3.402298148870469,0.6792900176346303,-0.05083936743438241,-0.1058546312153339,-0.1405624172091484,-0.14723937079310412,-0.15157903566956518,-0.058862369414418934,0.3594772963225842,2.4752448670566087,5.311370615959167,8.71896675825119,2.7211937301233404,0.5972584588825702,-0.049083448797464346,-0.12348353728651995,-0.08399577841162678,-0.08596105769276614,-0.08714591830968853,0.051827615723013885,0.4703760516736656,1.4059938296675683,6.952083959579468,7.351685647964478,2.412016217112541,0.6644789259880781,-0.01631953701376913,-0.07796575158834453,-0.10891231507062908,-0.11307906046509737,-0.11533927172422405,-0.05710636310279367,0.3082101986557245,2.690440976023674,7.8693581342697145,7.3715938830375665,2.6175953111052515,0.42894515331834554,-0.053204763419926124,-0.09979245901107783,-0.10769312843680376,-0.10969405338168141,-0.1091734485328197,-0.046459278799593426,0.3767805353365839,2.5314093118906023,9.350500042438506,8.566226669549941,2.642849263846874,0.4337169211357832,-0.07770142221823331,-0.10816891625523564,-0.1151185023784637,-0.11847815886139865,-0.12048699021339412,-0.06575356254354117,0.31894663508981463,2.199316593520343,7.120826266407967,6.1522779822349545,2.60830789513886,0.3821631593257188,-0.04011347785592076,-0.10067691057920451
170,-0.0741540446877479,-0.07525285780429836,-0.06192867308855053,0.06074360236525535,0.3481664627790451,0.8771125644445419,2.537971091270447,1.3706654191017154,0.5548245087265968,0.13097582645714284,-0.06542174145579334,-0.06928461194038388,-0.08700809657573697,-0.08975294485688207,-0.08820350810885424,0.04606635607779026,0.375904770521447,1.7422603881359102,7.9252101290226,4.798116475939751,1.4907822841405869,0.24528663545846938,-0.037570406794548,-0.08929444789886472,-0.08808887258172032,-0.08662298545241352,-0.08654483959078785,0.031053653135895743,0.4296239707246422,1.6256293106079098,3.997064450979233,4.627404623031616,2.589859665930271,0.25054167620837686,-0.010417029708623874,-0.08329559095203871,-0.086018630862236,-0.08710603863000865,-0.08598911121487614,0.022656959071755422,0.4254906459152698,0.94402199331671,5.116262791603804,5.176972765922546,1.601992083787918,0.26166983403265476,-0.025824351981282224,-0.08251276150345799,-0.07893692463636394,-0.08018446475267407,-0.07784639261662955,0.0475466538220644,0.5609494246914982,1.8130032916367054,4.7287804453074935,5.0664735186100005,1.78084104180336,0.2928335680067539,-0.030259050950407963,-0.07999094974249596,-0.09532068878412243,-0.09491942360997198,-0.09437728881835931,-0.010000840723514533,0.16028127461671826,1.4065739746391772,5.521758585572243,5.35173362404108,2.1883002953976396,0.23942441422492267,-0.03766827717423436,-0.09268387801945206,-0.0844086946547031,-0.08804274216294285,-0.08555063664913173,0.08505045641213657,0.5668043843097985,2.1188284513354296,3.4777944959700107,2.6927337560057643,0.7939954119175673,0.21586812730878585,-0.0053662507236003605,-0.07766038149595256,-0.07823748111724851,-0.07889193490147586,-0.07581525638699528,0.05386990040540697,0.4984106210619211,1.1986160576343536,3.506905521154404,4.470771176815033,1.2074701023101806,0.21305190419778225,-0.027968944385647752,-0.06794892549514767,-0.07929071523249145,-0.08103972032666201,-0.08224364519119258,0.05074645349755883,0.736744453832507,1.1726054397225378,5.9262180626392365,4.970463112890721,1.9867663790285583,0.38888073097914455,-0.0071095657348632605,-0.07956871017813678,-0.08962156340479846,-0.08977510750293727,-0.08346284314990039,0.021699839532375354,0.42692053325474266,1.4072711534798146,5.356178612411023,5.800722411423922,1.5386875946819782,0.24879247546195984,-0.0574669395945966,-0.08936794497072693,-0.07584438562393184,-0.07797465533018108,-0.07219421014189714,0.1214076668396592,0.31331861199811106,1.4198463010787965,7.030976258516311,5.212819228172302,2.0575318406522274,0.1936647141724825,0.011811575219035158,-0.06572464346885679,-0.08566717587411402,-0.08866550937294955,-0.08459032133221622,0.054680761732161055,0.40013657335191966,1.7377668750286106,7.0552431893348695,5.055404273271561,1.9943603037856519,0.2091851413622498,0.003690117858350297,-0.08653996415436263,-0.07978324025869366,-0.08320600315928453,-0.07556562185287471,0.013640308976173427,0.2983563484624028,1.4535193839669227,4.867610052824021,6.790786254405975,2.403860259652138,0.3037839052826167,-0.00864439167082309,-0.0743575861304998,-0.07643584758043284,-0.07890882238745686,-0.07289382964372632,0.08654120106250045,0.20004165675491095,1.395616011917591,3.40659410238266,4.245955340862274,1.5585209287703037,0.30240238651633267,0.023117957413196562,-0.074370893985033,-0.08066189199686045,-0.08200931459665295,-0.06835058152675624,0.3490112301893532,0.31155514979735016,1.3260082536935809,5.745522571802139,6.949234836101532,1.9467579394578933,0.41784696921706194,-0.0020031289383768947,-0.07494585461914535,-0.08165891587734218,-0.09163360059261319,-0.09644292008131738,0.09637647356837989,0.3035885483026505,2.0607879507541655,8.932151194810867,9.346792163848878,2.2275648403167727,0.3875269525498152,0.013338103145360974,-0.0656278651952743,-0.099273736923933,-0.11374413751065726,-0.11983816862106318,0.1360618992522359,0.3146950709074735,1.6562437447905538,6.582172785401345,8.94994345664978,2.1247565373778343,0.3716246399283408,-0.01921977236866948,-0.08514009311795231,-0.11012710690498348,-0.11292749807238574,-0.11188268601894373,0.04443124622106554,0.3065279541537166,1.5356798914074898,3.73945076584816,6.089808666706086,1.5154052243754268,0.3572464175149798,-0.019643803201615788,-0.09496136322617527
171,0.4882865145802498,1.1651667535305024,10.634797835350037,11.419940984249115,39.232147979736325,35.81515016555786,67.7103271484375,57.61431045532227,43.420396423339845,78.4787826538086,30.801772689819337,3.7480389952659605,0.177168073952198,-0.07339824795722959,0.38254499435424805,3.786468769311905,14.519428114891053,48.04575962066651,55.440548839569104,64.90238613128662,68.12831085205077,43.43778245925903,15.790102276802063,1.4112995040416718,0.20539752006530762,-0.03531092166900633,0.6804031765460967,4.514188831448555,17.70771312713623,49.10850028991699,61.86687454223632,63.343333969116216,74.03619338989257,48.060196461677556,14.737829015254977,2.9032607761025426,0.20692407935857768,0.2307695746421814,1.0349098178744316,6.216791649460792,23.689329739809033,44.755795631408695,51.88200962066651,63.736638946533205,64.44715179443361,50.67909324645996,20.215937662124634,2.3633526009321217,0.2291263177990913,0.3438389447331428,1.329900362491608,3.774353784322739,25.786045033931735,53.99117012023926,67.96176464080811,63.224534072875976,74.5477815246582,46.995580139160154,17.293369369506838,3.1610945954918863,0.5414642672240735,0.07581839650869372,1.1262061087042095,2.532729094624519,17.541928329467773,49.39933883666992,63.44849853515625,64.01555908203125,70.89924926757813,53.52784041404724,16.89015768647194,1.6915405341982843,0.3575389550626278,0.00020603775978088047,0.4783997881412506,3.083273656964302,13.409927887916563,55.37853240966797,70.11839447021484,64.46671028137207,71.3110661315918,47.72504890441895,16.182757968902585,1.9758774426579475,0.8748012858629227,-0.07147860705852507,0.9089013975858687,5.231134521961212,17.601598067283632,49.556578674316405,67.91766616821289,68.07697170257568,76.86944618225098,50.823223800659186,12.470839729309082,1.1278071463108064,0.3362972325086594,-0.06366478919982907,0.2222106009721756,3.309575778245926,22.3268418520689,46.94175566673279,56.42263389587403,59.96215927124024,63.66985767364501,49.57289199829101,13.101888792216778,1.6573577287793158,0.3447921234369278,-0.00882414788007736,0.5737830209732055,5.853599528074264,22.190213757753373,46.43148612976074,69.13495979309081,60.65871490478516,64.15534202575682,61.02691528320312,19.619234895706178,3.6429015761613845,0.4839761477708816,0.5096774354577065,1.4008450090885163,4.2904278957843776,20.39225296974182,50.49441173553466,63.858713741302495,62.637519912719725,69.70980224609374,53.2523892211914,15.760945520401,3.7090411096811295,0.28401160284876825,-0.025910575687885278,0.30086731791496274,3.1563421565294267,16.63583971977234,59.179330520629875,69.77661209106445,71.47760139465332,74.16087173461912,42.12159219741822,14.650150103569029,3.003016856908798,0.21663383573293685,0.720704510807991,1.1850541406869888,3.821174234151841,21.26260110855103,52.80316383361816,65.90800987243652,56.977090148925775,70.15378494262696,53.698309440612796,20.07822114944458,2.1013293743133543,0.13034740447998047,0.10178030759096146,0.7385739082098007,3.71195408642292,18.554958107471467,50.79124202728271,61.69676029205323,71.54014541625978,66.32479438781738,50.913385467529295,14.432298293113707,2.9667719382047655,0.32505245119333265,0.05342417716979984,0.25684535562992095,3.481044909954071,24.29281441450119,46.32426612854004,56.4211540222168,62.837039947509766,65.6379052734375,50.22910621643066,18.97218538761139,2.8884016442298885,0.21045337438583375,-0.04098473608493806,0.5165405184030533,2.339574536085129,14.347523220777513,45.99532642364502,63.51784866333007,67.8938631439209,70.00133613586425,46.706529426574704,11.642711226940154,1.5552890801429748,0.3987429495155811,0.42571408659219745,1.192392797470093,3.5353647470474234,15.644433875083925,52.50764701843262,65.37250381469727,66.39519569396973,70.39423324584962,53.13868732452393,19.070962543487546,3.3479418081045154,0.2243969315290451,0.06256465464830398,0.2949588420987129,3.7905433195829388,19.979244134426118,49.72839275360108,63.891562194824225,59.85394426345825,67.88197998046876,58.262651214599614,19.03863482475281,2.002393042743206
172,2.6767255544662474,4.327420449256897,5.952500057220459,11.168380451202392,47.374686813354494,51.699621963500974,58.50636444091797,71.67414093017578,47.41218280792236,18.20734887123108,6.486530208587647,2.5192689657211305,2.6788734817504882,1.7918782353401184,1.2772122278809548,5.767205480337144,20.98587923049927,47.443884773254396,66.8305460357666,74.06059432983399,48.49286499023437,15.882966647148134,7.050699493885041,2.5476063942909244,2.4117766928672792,2.6159114396572116,2.5528474438190463,8.988900157511235,20.695927224755287,46.629621925354,68.46395668029785,77.7179490661621,55.14761604309082,28.74845749855042,10.647723741531374,3.2964537668228147,2.253193440437317,1.7054933857917784,2.7863855719566346,6.0843995942175395,19.944777569770814,42.61979038238526,66.66529602050782,71.6113592529297,48.863081283569336,23.304382505416868,8.673295207023621,2.9936603212356565,3.1701372861862187,2.3948786175251007,2.29676907658577,6.611265691816806,23.85916643381119,50.957662162780764,74.99117187499999,60.87584537506103,42.409716110229496,18.855196528434753,7.094258239269257,2.9705902338027954,3.251680221557618,1.8181440678238872,1.3527719354629517,4.813819254338742,18.140968402624132,51.01221736907959,73.62987129211426,70.98708145141602,53.55434017181396,31.868787484169008,8.786522090435026,3.5884283781051636,3.223046264648437,2.0248201310634615,3.725714312791825,10.545454384088515,19.655266325473782,48.810828361511234,71.88030158996582,80.12877731323242,50.20242977142334,19.072542686462402,5.9752702307701115,2.9019066023826596,3.216228239536286,1.7114244973659514,2.374507502317429,6.613631400465965,23.998563022613524,48.34944065093994,64.85890525817871,74.11258560180663,62.14126943588258,21.91003336906433,7.567038722038269,2.327155680656433,3.4469483661651616,1.93295578956604,3.378844544589519,9.09730696439743,22.091154770851137,49.181330566406245,77.2266763305664,72.61077079772949,49.84982055664062,15.851583366394044,5.4856516551971435,2.921398167610169,2.2726775097846987,2.7205264925956727,1.8372897717356682,9.011746089458466,29.31807137489319,53.61430770874023,72.82638458251954,83.93218734741211,71.8381050491333,32.17163940429687,10.55506228208542,4.406049253940583,3.5068155002593997,2.3353672969341277,3.26040536403656,8.918933475613594,29.225261754989628,55.03223487854003,69.22619094848633,79.90666412353515,58.98246360778809,29.968010263442995,12.69312330245972,4.657004618644715,2.576793141365051,2.5282075643539423,3.9496145296096805,5.104949407279492,20.469870977401733,56.96087539672851,83.39775787353514,69.20167175292968,46.94918029785156,16.22928652763367,5.671406714916229,3.0276000547409057,2.655454216003418,2.753072227239609,5.123241034150123,9.400253046154976,30.274271221160888,60.58933525085449,75.6641739654541,73.2957423400879,45.049998703002935,18.94956802845001,9.923179650306702,2.9011261773109434,2.631184067726136,2.60555410027504,2.8375513941049575,9.199168379306794,24.18707756996155,52.815450763702394,66.57665809631348,74.70796615600585,65.7452555847168,22.81173137664795,9.118493161201478,3.184210135936737,4.251764109134674,2.4604965090751647,1.949578627347946,8.675235949754716,22.642136540412906,46.07898204803467,75.52469642639161,80.77962051391602,56.41027488708496,32.06414496421813,11.31199960231781,3.099057502746582,2.9553217148780826,1.9428197848796844,2.0951289355754854,4.962313282489777,19.22818043231964,47.54381267547607,66.99390563964843,81.40250900268555,62.25557935714721,17.278851742744443,9.174904549121857,3.4471845030784616,2.8891300773620605,3.7037271213531495,3.7093575328588484,12.379331461191176,28.63860170841217,47.12667243957519,70.91826530456544,73.0764517211914,60.71370265960693,25.027224855422975,9.241408009529113,3.4521279501914983,2.615625915527344,2.3547030222415923,2.9570802253484727,9.30047478199005,28.825006818771364,53.38436058044433,65.9442024230957,76.30859878540039,51.32071998596191,18.837532405853274,5.428526239395142,3.4805893898010254
173,0.7342645943164825,1.7832456946372985,11.75384938120842,41.713021230697635,193.82022399902343,247.92330780029297,374.939013671875,409.49208984375,330.0943939208984,278.97265625,80.90072860717774,6.879741513729096,0.4095650163292885,-0.7229707902669906,1.239416618347168,14.643179060220717,64.84171451568604,195.1870196533203,263.6400427246094,355.002407836914,382.59736694335936,183.28618000030517,39.76202942848205,6.396650416851044,0.1527210769057274,-0.10449441999197004,1.61611164778471,15.508841495513916,64.5420818710327,168.14109603881835,281.40246948242185,332.36201782226567,389.49348022460936,211.16399879455565,41.54947443962097,8.993607658147813,0.31993418693542475,-0.5432552525401115,3.4574095183610916,13.856186676025391,81.34781160831452,156.37636383056642,272.88233459472656,351.3523156738281,374.3437243652344,205.12237747192384,52.06760551452636,8.439094679355623,1.1964661967754364,0.034499625265598285,2.375050890445709,13.31819842338562,90.75960767745971,230.0897631835938,309.4400860595703,393.25193420410153,433.25996582031246,199.9044842529297,51.48609704971314,8.236208071112632,1.4036268192529675,-0.7415976528823375,3.29141708239913,11.31468844741583,75.93975713670254,214.4806896972656,308.2183212280273,374.64531066894534,411.219458618164,245.44728965759276,53.119466876983644,6.7999039149284375,1.507970461845398,-0.4468872308731079,2.8621869093179706,16.310307755470276,59.488609390258794,211.8825604248047,335.5200225830078,372.2634375,398.0219653320313,203.08445404052733,41.163676261901855,8.05269702076912,2.1247740352153777,-0.7635600306093693,2.4509083293378353,17.943180773258213,70.0389793395996,191.2497946166992,291.6372833251953,384.6050103759765,429.62984130859377,230.69399490356446,41.75920444488525,3.156994329690933,1.9218032819032669,-0.6426513826847077,2.300186031460762,16.109827989339827,88.4894328737259,210.65007553100585,274.27381042480465,363.06451904296875,393.236064453125,188.27234558105468,34.84697507858276,6.228894492387772,0.7996384713053704,-0.37630369664169844,1.1598740974068642,21.147388862371447,95.17361725568772,199.50304656982422,302.1987902832031,355.15722229003904,403.25517456054683,252.3460368347168,73.53063985824585,14.097091393470766,2.0237181589007376,0.8286519426107407,3.8046164768934245,15.659293625354767,93.215294342041,204.62128997802736,296.55060424804685,356.74681640625005,403.6651123046875,260.3712133026123,50.826062488555905,11.49527772426605,0.43865802615880967,-0.7931359371542931,1.4303410788625481,8.194582151174545,65.11807292938232,199.8356335449219,315.2682775878906,391.7367755126953,397.61431213378904,182.33047927856447,38.344380775690084,9.179679554104805,0.9244978272914889,0.9643454521894455,4.568658131808044,15.35311933994293,100.29424318313599,211.21720123291016,298.9400750732422,351.9237078857422,379.3135827636719,231.7849542236328,61.53905935287476,8.343554363846778,0.7474071854352952,-0.43799156069755546,1.9231214749813081,16.98422191441059,75.54621746063233,182.94873367309572,323.4420959472656,365.7093670654297,442.54747955322273,203.008826751709,40.32290424346924,9.163709486722945,1.8923120683431627,-0.4650152689218521,0.19601800233125685,13.700445662140845,89.49334775924683,197.61233657836914,290.5789080810547,346.63314025878907,390.7846728515625,252.56253540039066,64.52977782249451,9.264776459932326,0.6367933094501496,-0.4785822629928589,0.8752310541272162,9.3455438233912,62.11133186101913,173.60160682678224,289.024462890625,375.42254943847655,412.36991149902343,200.77267211914062,44.25099343299866,5.8681460070610045,0.5750109839439392,1.7300170700252058,3.81312874853611,17.96252660393715,80.23608116149903,202.64171844482422,315.41266357421875,385.5589874267578,428.3291870117188,246.28832572937017,66.44619739532472,11.154840148687363,0.9095675143599511,0.013870708197355253,1.2571528536081313,14.700734618902207,89.93119840621948,201.29115158081055,325.7010134887695,378.6788595581055,393.0222039794922,237.8270193481445,52.61778067111968,11.537579531669618
174,-0.3297942221164703,-0.48461111783981325,0.0008318908512591871,1.6995771557092667,2.0686782866716387,2.8059106826782227,22.323302364349367,21.49123058319092,8.123211193084718,2.85967880487442,2.0365499377250673,0.8687971472740174,-0.14783647626638413,-0.3252202194929123,-0.011624097377061816,0.7679196947813034,1.698776029497385,3.1462210536003115,16.95555899143219,15.612017788887025,6.370435104370117,1.7291896395385264,1.3768454569578172,0.6619084297120571,-0.10301283746957779,-0.26927118346095086,0.4407775267958641,1.2145207041502,1.685759075731039,2.8264935088157648,16.477541751861573,15.313307361602785,7.093711047172546,1.9767797200381758,1.1894905811548233,0.4520248148590326,-0.20131285250186917,-0.38700813949108126,0.18708614528179165,1.1661440455913543,1.6028920048475268,3.0099831438064575,15.110238027572631,19.71620948791504,7.367845120429993,1.9103746223449707,1.3916259932518007,0.5592029935121536,-0.12374662995338441,-0.22825411409139634,0.38837141543626785,1.2074723407626151,3.0462192359566687,3.3951798224449155,17.29175410270691,15.327209954261779,6.710071697235108,1.4651402062177659,0.9452636228501797,0.4199584320187569,-0.1500230637192726,-0.2628906181454658,0.6927142390608788,1.283081458210945,1.669629676938057,2.6158720278739933,13.827297153472902,16.582697858810427,9.42729362487793,2.026677775681019,1.4934141026437282,0.6683359104394914,-0.046712571978569026,-0.20537327527999877,0.1905343024432659,1.1680027174949648,1.6044932425022125,2.4201842999458316,16.997360887527464,16.057485485076903,10.503223791122435,1.9940041249990461,1.5552328526973724,0.9239704293012618,0.0017205616831779548,0.17305963307619096,0.49870778352022177,0.9789950175583362,1.9672148543596268,3.1832212877273562,16.530522298812862,17.308359985351565,5.9370340681076055,1.1419442075490953,0.68099805444479,0.5760443295538427,-0.17220131188631055,-0.352055070400238,0.23103098720312118,1.0490696799755095,1.3512238493561743,2.387593953609467,16.424678354263303,19.928033065795898,7.7795401525497425,1.7018218684196473,0.8046412584185599,0.4437207953631878,-0.1591686177253723,-0.10414260685443877,0.40010311514139174,0.8355325693637132,1.4606998002529146,2.544285860061646,18.115243854522706,17.49941982269287,8.921059246063232,2.1068552258610724,1.269010337293148,0.38479618161916734,-0.1582199077308178,-0.26329328209161756,0.5154624953866005,1.390312820672989,2.251690438091755,3.922320023775101,17.749527368545536,18.66003966331482,6.441673216819763,1.488082823753357,1.281551107019186,0.7836713454127311,0.15717466562986374,-0.19289011001586914,0.7912884724140167,1.2133857683837415,2.124682933688164,2.744210557937622,15.327438812255858,14.32520052909851,6.198220386505126,1.6588198721408844,1.3939047208428383,0.7240579134225845,-0.034483456015586854,0.0413956792652607,0.6893930055201054,1.274005737453699,1.5938905684649947,2.8255145120620724,14.250211210250857,15.825414423942567,7.993372659683229,1.841431430578232,1.1536912941932678,0.7402289168536663,0.14738371416926385,-0.001939138472080229,0.5194007116556169,0.9156235571205616,1.6665545761585236,3.153128998279571,15.913203678131103,19.156795024871826,7.949559454917908,1.972150512933731,1.5712499237060549,0.9712016868591308,0.12342719346284867,-0.16584910869598388,0.795545640438795,1.4582171450555326,1.5789918807148935,2.9609969067573547,22.79816168785095,14.005170249938965,7.339830403327942,2.1132676404714585,1.368662601709366,1.0276475398242473,0.005027298331260699,-0.06422893062233925,0.9459525129199029,1.5771374540030956,2.1365411269664767,3.2473397326469424,16.353615150451656,15.904231185913087,7.96690049648285,2.045449565351009,1.1553872111439705,0.6904791527986527,-0.20090867191553113,-0.3604749409854412,0.42726474188268176,1.0536978417634963,1.5852955156564712,2.9721147251129145,16.56274633407593,18.521728105545044,8.84016909122467,1.6116700944304465,1.087292327284813,0.5440386267006397,0.06452148273587226,-0.13217801481485364,0.4980902643501759,1.3377983662486077,1.7411531332135202,3.361445107460022,17.063339843749997,15.20572479248047,8.514633884429932,2.091545124053955,1.8936902767419816,0.8134524802863599
175,-6.176533352117986e-05,-5.015148853999562e-05,-2.5352816317081305e-05,0.00018208254640369255,0.00034957140451292,0.00063835334731262,0.00165626253001388,0.0005553907132706999,-3.2518510125633295e-07,0.00019855572872983423,-4.620309264282696e-05,-6.130675465101376e-05,-5.954880463576728e-05,-5.3936184081635473e-05,-4.759843150822008e-05,9.684754285443294e-05,0.0005789386352989469,0.001208124494878524,0.005474011552869293,0.0023094019305426147,0.0004161008750452129,0.0004554022185584364,1.1084223524341171e-06,-6.362373227602802e-05,-5.9157219519931925e-05,-5.535704666442598e-05,-4.5703861170807156e-05,7.012571709480152e-05,0.000539902053424104,0.0008360572450328001,0.001079833215335328,0.003737742035882495,0.00032159154434336886,0.00023659364344892102,2.803073570248017e-05,-6.179257514304481e-05,-6.217551825102419e-05,-5.929299104536767e-05,-5.040200833860809e-05,0.0001107744020532522,0.0003684684392646439,0.001035549110965756,0.0033386346389306194,0.00208593024261058,0.0003475637439623513,0.0004997435862739233,0.00016670984397931942,-6.2333217356354e-05,-6.07177391066216e-05,-5.6109564179394054e-05,-4.0886554045584945e-05,0.00011936420537038846,0.000408485745429012,0.0006891212018671881,0.0011119944183155361,0.001783464045729432,0.0007316678280767216,0.0002969413584014296,2.2091603386690373e-06,-6.173530709929764e-05,-6.185352860484272e-05,-5.7056444129557354e-05,-4.616583506702909e-05,6.714371399680335e-05,0.000345386601402372,0.0007056377665139279,0.0023627307859714597,0.0009100875473813634,0.0004096766931615765,0.00023908177511456626,0.00014426913337954828,-6.183998601045459e-05,-6.270585843594744e-05,-5.162385312360129e-05,-4.307748055310868e-05,0.0001370323027677363,0.000500076206517352,0.001765691795153492,0.0049494592542759595,0.0008561740512959201,0.00020585432144796636,0.0008358078664059262,0.0006540652445346368,-6.448809406720102e-05,-6.730371096636842e-05,-6.37327887670814e-05,-5.7941835078165844e-05,0.0002168296050513025,0.001661888571979896,0.001076044607907484,0.00159534335951316,0.000815245875564821,0.0006729634151451694,0.00042825621763765515,0.0016897655741922649,-6.559674278832722e-05,-6.878323940327002e-05,-6.587583175132702e-05,-6.371241825519255e-05,8.466758894199743e-05,0.0005347234371583361,0.0011264048313023,0.0014902570273261039,0.010560950517828984,0.0003209461169353492,0.0003537342346680684,8.743383252293885e-05,-6.903489032992719e-05,-6.261463320441862e-05,-6.130481329336135e-05,-5.367441070120548e-05,8.470876979856341e-05,0.0004881321883294159,0.0018132603762205158,0.00512891587102782,0.003444730368209952,0.00037062298097224194,0.0005857195251337393,0.00047545036293739345,-6.465468220994807e-05,-6.156801682664082e-05,-5.4231621181486386e-05,-5.079715494588298e-05,0.0004895478942944278,0.0005471636555739241,0.0015488219237885998,0.001974668136099296,0.001363619361654808,0.0010565532612053904,0.0008526728675678551,0.0004951576855091538,-6.31604137015529e-05,-6.487973470939323e-05,-5.890173233183305e-05,-5.6173615039369896e-05,0.00019397365029873045,0.0004102312424219599,0.0022257016948423842,0.006480073188431512,0.000992317712807516,0.00034240154010601996,0.0004847073478231041,0.0002117302169790315,-6.504250690340996e-05,-6.42373930895701e-05,-6.101977167418226e-05,-5.61140712369479e-05,0.00032987249415780836,0.000496164786163668,0.0010005157906561603,0.0018949498306028,0.00291065365658136,0.0002702046005105972,0.0003439512141266986,0.00014779885283131776,-6.367742535076104e-05,-6.37597645982144e-05,-5.877801280604156e-05,-5.487249904433355e-05,0.00061142024916077,0.00043832828203443995,0.000750228703254784,0.0033073311613406363,0.00111051927029616,0.0014119334701535766,0.0006440877217050704,0.00031691504038461706,-6.445734557928479e-05,-6.488866623840294e-05,-6.306921636138442e-05,-5.9956194019150646e-05,0.00019326953894048616,0.00039730297517958,0.000983825926668896,0.009870636342093302,0.0015872353091253362,0.0006093782728566731,0.0006371992738587174,0.00018256765243675506,-6.563168775755912e-05,-6.479025236330927e-05,-6.3432367896894e-05,-4.692639049210711e-05,0.00010089131081484255,0.0004431118219508239,0.00102908149827266,0.007564068096689837,0.0022990748460869803,0.0003463664515038284,0.00022023252640789842,0.00024527579796994293,-6.553878745762632e-05,-6.107466968387597e-05,-5.3408842745739094e-05,-5.096134909848615e-05,0.0003550100649735488,0.0004006997542455399,0.000853700964944384,0.0019871326093561436,0.0016723844705847483,0.0003834565225770125,0.00017535630739073683,0.0002512783680504029,-6.250211008591576e-05,-5.891935168278906e-05,-4.7932544554214466e-05,-3.3758045615286394e-05,0.00019436799867831775,0.00059295286657282,0.0009954333514906,0.002901195049053008,0.0014291436993516481,0.00027164562947288413,0.00021661940984357082,7.752429351966118e-05,-6.231601350009443e-05
176,-0.029467116924934044,-0.035357945470605,-0.03587296812329434,0.10053741596639151,0.14283698312938214,0.05737578719854351,0.3260607436299324,0.8090742409229279,0.32312417328357695,0.1762106105685234,0.14320593886077404,0.0037974879145622627,-0.026296985123772126,-0.028160721212625472,-0.026238677725195843,0.09647381286136805,0.12770463105523955,0.1386081412807107,0.42862107291817664,0.6051471543312072,0.1803559950715862,0.03958683941513297,0.050189489689655586,-0.013922541898209568,-0.03651506845839318,-0.04029349942691619,-0.0378711014706641,0.055914077172055834,0.07456218280829488,0.23768679592758418,0.5677886429429055,0.43255582410842186,0.2123628314584493,0.06701872237026689,0.005520522634033104,-0.0322733846865594,-0.039251525364816145,-0.0415856652334332,-0.03540238529909397,0.1497237913869321,0.0971483844518661,0.15948511153459544,0.48523040644824506,0.5595605993270873,0.26487427270971237,0.050982469636946894,0.05673650123178957,-0.027381368367932722,-0.024092529257759406,-0.027645093812607192,-0.02650504421442742,0.09618604234419761,0.11225281028077005,0.22490828959271308,0.7087713366001844,0.5478285025060178,0.1431616123393178,0.043250257493928065,0.027918944462435313,-0.023287554912967568,-0.02819047222757941,-0.03129570557503025,-0.0030366651294752656,0.086727861604013,0.12568641897290941,0.20962896045297383,0.5411925323307514,0.64021872356534,0.3652636093832552,0.06682459073141214,0.023542314926162357,-0.010712579903192795,-0.04134979978203769,-0.04734812363982197,-0.04053954997099933,0.07820037349592893,0.0948111661337316,0.14491592150763605,0.44970883067697287,0.5230971929244698,0.3978915836662054,0.11001092598773536,0.07551040933001787,-0.004020975661696851,-0.039222475988790355,-0.04182458179071542,-0.03353817534632977,0.0930777935311198,0.13069477152079342,0.22267484895884992,0.5442468069493771,0.6216798016428948,0.2620541572291404,0.032936552923638354,0.04625978197203949,-0.01559119736775753,-0.026481615073280357,-0.02877573822159315,-0.025160103810485425,0.08251086962642147,0.05749240990728138,0.09941548772156236,0.40311863128328695,0.5523545022308827,0.22089883428066964,0.021102617178112255,0.013891492711845777,-0.022764052257407418,-0.02906204108381639,-0.030437658354639963,-0.0066582058649509905,0.0898824183270335,0.0986136673018336,0.12460229756310578,0.652119207882788,0.641987486705184,0.5286972536891699,0.035097892256453614,0.015935756070539365,-0.03546153413597491,-0.03612616044149032,-0.035832399697974276,-0.02586767157539722,0.1072637641057372,0.1518125011399388,0.18344033665955065,0.5066251274198293,0.8948752630501986,0.2576810936629772,0.03216674203285947,0.01884711145889013,-0.019502290193922783,-0.03928798458538945,-0.041540044293506016,-0.0003093078522942702,0.14809973892290146,0.17296051209326835,0.17717415384948249,0.5046436909586192,0.46481316372752196,0.23866095554083583,0.01282448312733322,0.01620604392141104,-0.02638405538513322,-0.03195783492061306,-0.03439532637130464,-0.025025816551205903,0.07283048221841452,0.08486151821911334,0.17305873926728962,0.5669786301068961,0.545020563006401,0.2567975340783596,0.04626892879605292,0.02559199847280978,-0.022388738624285885,-0.04174457062967118,-0.046237431038171004,-0.034113594489172075,0.14248737280722704,0.07675809990614653,0.2217499741911888,0.5217007217137143,0.7884709714353084,0.3241384026780725,0.06374387108720839,0.034181295260787004,-0.016289987987838667,-0.041041404297575315,-0.04683399254456157,-0.02672743951203298,0.13035854801535604,0.1531657104194164,0.12412327487021683,0.5914696528762579,0.4582439627498388,0.2495817391201854,0.0826633160188794,0.07484517249278723,-0.01808097973000255,-0.03411668817047025,-0.036529668988659926,-0.02696165643632408,0.06614973182324317,0.15592927178367968,0.22948619566857814,0.32814503282308577,0.4733894632011652,0.2827546591265127,0.11835860557912384,0.0162166239367798,-0.018411217299289972,-0.04235045927111055,-0.04329026571940626,-0.03377838413231071,0.07932197660207749,0.08424283957108855,0.11775681114755572,0.4986445608828217,0.9105631184577941,0.26699951634742314,0.032764760567806646,0.02231167727150022,-0.028536531403660737,-0.031091848863288724,-0.03725568610709156,-0.03190506708342578,0.11690190920606254,0.14153173081576825,0.17717109018936752,0.534939848240465,0.5650126349180937,0.36033474475145344,0.09257753388956189,0.05901548782363534,-0.007598204701207549
177,10.550029277801514,5.1650238871574405,9.693444240093232,32.39167127609253,78.40047225952148,73.13448276519776,95.59276580810547,121.18524322509765,120.80855941772461,202.8645278930664,158.41407928466796,24.744475269317626,6.529312930107116,2.3789508974552156,2.8825006714463233,7.981957496404647,30.485464515686033,60.41960983276367,67.0934765625,103.31274383544921,148.59934432983397,144.6223659515381,72.44024917602539,29.81549821853638,6.771375036239624,3.7188577520847326,2.2118071490526203,7.952847785949707,26.815080146789548,54.963889007568355,76.33366455078126,95.08053482055664,149.54010055541994,158.60772598266604,79.57278043746949,36.703887138366696,6.965602686405181,2.923947925567627,5.297491356730461,8.27636327624321,35.996485700607295,48.72455234527588,70.62321166992187,101.35252731323241,139.21915130615236,153.3443058776855,110.12650901794434,40.72617192268371,8.804064607620239,3.918492321968079,2.5681295150518415,7.682116410732268,41.03243117332458,67.34066299438477,77.27239151000978,105.85182373046875,164.75720092773437,147.41345001220705,101.13949850082398,35.610596427917486,9.430773153305054,2.7069501388072967,4.02819026350975,7.517971704006195,35.36087162733078,68.03005424499511,81.51426895141601,102.49298095703125,162.77808868408204,175.10736755371096,94.37129323005676,35.4422956418991,10.645833334922791,3.764752540588379,3.057697730064392,9.648423537015914,22.4323268699646,69.28361366271972,88.16976928710938,108.71851043701172,152.84821533203126,148.94200073242186,75.63493198394775,33.01959466934204,8.704694933891297,2.8171164834499356,3.2998956924676897,9.821327292919161,31.49549627304077,62.237635498046885,78.7175392150879,115.00874008178712,169.19152221679687,171.3287902832031,79.75541351318358,15.827827148437501,11.986775984764098,2.7034377694129943,2.412542214393616,7.150463328361511,34.98979521751404,70.75856922149659,75.3996795654297,105.63507720947266,151.78614776611326,128.2191813659668,78.90465560913086,30.52895809173584,10.624294090270997,3.7371260976791385,3.6121743601560587,11.549718761444092,40.9717458820343,64.81908348083496,80.3655923461914,103.97113952636718,152.10480865478516,182.15107208251953,123.85489467620849,52.19407412528992,9.166744785308838,4.17015174806118,4.697947215437888,9.288128204345702,38.741200904846195,63.77909797668458,78.91309265136718,103.20977615356446,164.18908264160154,195.54625843048098,95.9004567718506,37.99261236190795,5.569465222358704,2.207874545156956,2.7290603524446486,7.668727068901061,27.249013938903808,60.354034118652336,82.62919143676758,108.46225708007812,150.3083903503418,149.33325073242185,75.50500022888184,34.910403323173526,8.947347922325136,4.639476206302644,4.834459738135338,9.190507637858392,43.65440843582154,70.73650146484376,83.76791366577149,101.48819564819335,151.48995666503907,160.91695892333985,116.26502914428711,39.56168973922729,8.979440937042236,3.0781023955345157,3.7652559518814086,9.320413628816604,33.444552116394036,65.43355903625488,85.37105758666993,108.8253968811035,177.463310546875,148.67380851745605,81.98073356628419,38.82147017478943,9.664349484443665,2.4770594629645344,1.6420743143558503,7.6494363874197004,40.36006832122803,61.802281646728524,78.63077270507813,99.64835815429687,157.85674224853517,184.1903285217285,107.49669017791749,34.002302980422975,7.516735563278198,3.4581497478485113,2.9566742807626722,6.7295524859428415,29.478913779258725,54.46191729545593,76.65323905944824,113.49558456420898,155.6969421386719,155.43666275024412,74.90856594085693,22.387070236206053,7.399279172420502,5.08903612613678,5.0005957126617435,9.497998852729797,32.575717792510986,63.286629028320306,81.82496658325195,108.17817626953124,166.94369873046875,186.0783137512207,106.34579292297363,44.74582050323487,7.995318417549133,2.7591086164116856,2.1152915149927134,8.47249710202217,44.83249631881714,62.14691040039062,86.90206008911132,108.54258056640624,154.06878692626952,184.84880889892577,90.09887239456177,39.757364406585694
178,-0.004971543326973855,-0.0054044963326304605,-0.005646791495382721,0.07725354309659452,0.37624581456184386,0.6953599914908409,1.0006833791732788,0.8263383090496064,0.27987000644207,0.037131379032507475,0.00519770057871932,-0.00246933068847282,-0.006199373321142008,-0.006552951969206291,-0.006761796325445128,0.0008121383236721236,0.07271699335426088,0.47633679464459416,1.5084948325157168,0.8709067618846893,0.4489946681261062,0.13378584386780856,-0.001666656281449841,-0.0062045001238584,-0.005070107937790412,-0.005615071423817371,-0.00591388348955656,0.0016906621493399197,0.07729250513948495,0.342576248049736,0.7745362076163291,1.1164005202054978,0.4908695739507675,0.06473436496453357,0.004150565238669508,-0.0035428788140415843,-0.004816354019567332,-0.0053502948069944515,-0.0057262682495638284,0.004490162758156671,0.07930455977097148,0.3423790168762207,0.7058487616479396,0.8974200498312712,0.5020567339658737,0.07756054628640409,0.007898666511755416,-0.0030965625075623044,-0.005369838401675169,-0.005849446938373092,-0.006106145195662928,0.008483262280933565,0.09565555915236469,0.3049328491836786,0.8504667599499225,1.0561902004480361,0.4535383002273738,0.09327632345724847,0.00503606498707086,-0.004449758166447244,-0.0039644177211448205,-0.004846343912649844,-0.005305166179314208,0.0016760658402927482,0.0691705107875168,0.3255554959923029,1.2206980817764999,0.9914987940341234,0.4528007457405329,0.10095540422480549,0.00745176625903696,-0.0024589564930647258,-0.005331517402082632,-0.0056076438445597405,-0.005779918003827292,0.011082286136224867,0.06908179759979242,0.421194440126419,1.2559239691495896,0.9225508159399032,0.24927953822538246,0.09831648579100143,0.006093884957954272,-0.0041364730335771566,-0.003992517441511115,-0.004733871868811504,-0.005132460696622684,0.021203508980106575,0.08171693928539747,0.35288263000547887,0.7470269948244095,1.041125072836876,0.35443209104239937,0.10120629279874263,0.015176890632137657,-0.002184271889273048,-0.0039886031765490396,-0.004512354782782456,-0.004806366316042792,0.00831937288632616,0.04904719259589906,0.2894458569586277,1.2546129727363589,0.944702389240265,0.24942359760403635,0.06665157403796906,0.009913905505090945,-0.0029642678238451076,-0.005711434744298407,-0.006162902973592236,-0.006426714742556161,0.00387139039346946,0.07925275962799783,0.2639503689855337,0.7197722180187702,1.0913684115186333,0.4408290685527027,0.06964549492578949,0.007542260484769925,-0.0040899108001030676,-0.00389359502354632,-0.0046077324519864845,-0.005001790365204156,0.010054241523612275,0.06253740403801197,0.42434136934578415,1.3974730885028839,1.2525350947678089,0.263001489341259,0.07044374717399474,0.007637770336586973,-0.0023370700702071,-0.004869721005670695,-0.0057304365839808726,-0.006203078730031812,0.006406490928493433,0.09183188924333076,0.3536017336696386,1.2056992250680925,0.97577859044075,0.5163635380566121,0.11242538267746563,0.016586179193109275,-0.0027349357889033636,-0.00401988018769768,-0.004791323719546156,-0.005232171239331316,0.008126899977214611,0.07576871672645207,0.40207639127969735,0.9125390273332595,1.6238256990909576,0.6509596620127558,0.08534114637412127,0.007144076717086124,-0.0034310973109677153,-0.007087443904019856,-0.0075689545553177025,-0.007825556201860265,0.014749879697337723,0.0634840120375156,0.3601066755130887,0.8492819064855575,1.3604534053802488,0.36132925719022746,0.07558148434385652,0.006931798597797752,-0.004835815883707212,-0.005219222796149524,-0.005963247055187773,-0.006391264144331173,0.014674683772027474,0.07271121400408442,0.3911883617937565,1.2795347714424135,1.2335056442022325,0.5008649718761443,0.11763518406078215,0.008981818673200904,-0.003649969571270012,-0.005467015940230297,-0.006097912499681073,-0.006487606982700488,0.004220169384498148,0.1095507256686687,0.43443371221423144,1.0811823630332946,0.9519589778780937,0.46913262039422987,0.11659352587070311,0.006777715748175979,-0.004195911076385507,-0.0072220183210446875,-0.007714905599132127,-0.007994773043319532,0.014246285599656409,0.07203223120421168,0.43568594455718995,1.0936010299623011,1.542823747396469,0.4012741602957249,0.08370800748467443,0.005393615188077102,-0.005845517935231296,-0.004485935168340772,-0.0050361620355396965,-0.005396165279671495,0.005229309811256832,0.06774274609982962,0.2712526820227503,0.7802016776800157,1.3824427297711375,0.2858426818251609,0.08866665910929436,0.00790252490201965,-0.0029174922406673244
179,0.6505035191774369,0.5875401064753533,1.410789829492569,0.6527722857892513,0.11942404508590694,0.08781565576791761,0.0858249112963676,0.09500796794891353,0.06416948884725565,0.03133992329239842,0.07184188067913053,0.10535706058144564,0.5025100275874138,1.4360964749753475,1.695896835923195,0.8203702972829342,0.14751077905297277,0.038266497217118715,0.056652918159961665,0.08916434600949283,0.06391595140099522,0.03956144727766509,0.17108065007254478,0.3449698761850596,0.580515349060297,0.9803910559415817,1.5346295380592347,0.7494801336526871,0.1617147549986839,0.051478592976927716,0.0669296923279762,0.09774809956550594,0.06488874450325961,0.03532365515828127,0.09027238290756938,0.30240073695778846,0.7958189304172992,0.904372022151947,1.5992786294221877,0.6572994375228881,0.12489876165986058,0.014533980414271336,0.06179861521348353,0.09353526473045344,0.06509008526802058,0.035132221803069075,0.14496445849537842,0.21521560501307252,0.7025087922811508,1.5683554020524029,2.0772763764858246,1.2862823140621185,0.23636309605091813,-0.030902727022767106,-0.015661545395851163,0.03691129237413403,0.031224889755248987,0.031517067849636045,0.08392622925341126,0.3868840171396732,0.9688165411353111,1.586504994481802,2.4858650517463685,1.085196389257908,0.15045461535453797,-0.03333612918853762,0.0004992456734180084,0.06787942439317698,0.06668300971388813,0.037170734852552366,0.11610421493649481,0.35130736999213696,0.8063247126340866,1.509446187019348,2.673521416187287,1.5471877503395082,0.25600735232234,-0.06391086861491205,-0.041634406447410614,0.0865821586549282,0.06882603451609608,0.04438878513872619,0.10554552935063835,0.45508000902831547,0.8387626826763153,1.744738139212132,1.7860987725853916,1.1010259771347044,0.1334223648905754,-0.01393266920000318,0.0027433614432811337,0.049283638149499855,0.054728468358516656,0.030046343095600548,0.07052093658596273,0.39003185447305444,0.7339018741250037,1.662317658662796,2.2242415416240697,1.4389106959104538,0.14848767846822736,-0.07230492487549785,-0.0017163882032037087,0.07762779034674165,0.06131039842963214,0.03718489848077293,0.10326418340206145,0.4232805094122886,0.8258168762922287,1.5685150378942487,2.35853832244873,1.1250767588615418,0.16486987620592114,-0.023740172088146234,0.0453439204022288,0.08690898329019543,0.06502746045589444,0.03918357536196704,0.1146438085287809,0.47616819001734256,0.5440253610908985,1.1365076106786727,1.944040890932083,0.9023047977685928,0.17263497442007064,0.0393493780121207,0.06983232736587519,0.09597653150558468,0.06876483276486392,0.031981257349252654,0.047252341248095,0.23084686119109388,1.193545859158039,1.6964481520652772,2.5730366599559784,1.037789831161499,0.12543365988880395,-0.06166501209139826,0.0029930908977984895,0.05320725917816156,0.048866765499114936,0.033760477975010826,0.1633053641021251,0.5155933190882206,0.7830911032110452,1.4127815622091293,1.7041697657108308,1.0921710565686227,0.24154391959309574,0.012437191531062102,0.028015805929899173,0.09212754428386684,0.06414165496826169,0.03328556433320041,0.09066043944098051,0.1948492037132382,0.5779943009652196,1.2129338051378729,1.5909638732671738,0.9497584649920464,0.20559950768947602,-0.006699486076831846,0.003050963729619954,0.07529193796217439,0.06668844848871226,0.03518657647073263,0.1482526935264468,0.30775518037378785,0.6430891267210245,1.0033801251649856,1.7090222740173338,0.9008399748802185,0.17075033999979491,0.026468804627656904,0.07278958767652507,0.0980868741869926,0.06674615353345867,0.032598466873168884,0.0713715118914842,0.29216154411435125,1.1154490830004216,1.3182827138900757,2.2470626854896545,1.3698464059829711,0.29969020500779153,0.03903839416801926,0.02475425720214841,0.06182471759617325,0.04490570396184917,0.03525613211095327,0.1224579545855522,0.3517831686884164,0.5590511156991125,1.196414526104927,2.0217187404632564,0.8721281480789184,0.14830590955913064,-0.03263824522495275,0.03361257486045356,0.0964967000484466,0.06694145306944842,0.033516980037093115,0.056400709021836484,0.1633573176525533,0.7108560971915722,1.4537403178215027,1.8273303699493408,1.0315057852864264,0.14278746493160724,0.029732000082731202,0.04592058137059206,0.08848199278116221,0.06338393375277515,0.03146455008536572,0.13620926756411786,0.41961903212592
180,-0.16900546252727505,0.2792862180620432,-0.12106939889490605,1.4067943274974823,7.9534111499786375,10.821234035491944,14.128183555603027,12.29687566757202,10.052025365829468,11.411748361587524,10.335090160369873,0.957872886955738,-0.2408897852897644,-0.24612389773130414,-0.1529792460799217,-0.10721818316727875,3.9001310171186923,10.697561168670655,12.71148850917816,12.73624366760254,12.233821477890015,6.882153469845653,4.4597349426150314,0.6345793138444423,-0.2602311354875565,-0.243781022131443,-0.09464213639497755,0.0416420514881611,4.939026658162474,11.221964545249937,9.752787685394287,11.797413969039916,16.993713159561157,6.39198341190815,3.8183610983937983,1.4247414605319502,-0.19864561766386032,-0.2504509988427162,-0.14420060411095617,0.5179848873615265,6.825483392179012,11.713744187355042,7.6151504290103915,13.269595289230347,12.899468870162963,7.484454095363617,5.958485539332033,0.6576557365059853,0.002690923810005208,-0.21656798779964448,-0.16575423061847688,-0.07391300812363621,3.974344578683376,12.013357380628587,11.464443283081055,14.354999389648437,16.296802043914795,5.672410290241242,2.985595660805702,1.687530338540673,0.005861598402261747,-0.2118766728043556,-0.1372773090004921,0.0746108100563288,4.10851289652288,12.737817859649658,11.054121270179749,11.329430080652235,13.22360438346863,10.124443223774431,4.633575251549482,1.680845659673214,0.09007793903350829,-0.21626257255673406,-0.17270473789423701,0.00277492571622136,3.6634032079577445,10.663376226425171,11.201981201171876,12.930982613563538,13.323350830078123,7.630901825428009,2.906429275870323,0.6004163478314878,-0.12905410796403885,-0.2445766925811767,-0.16185730397701262,0.10388724312186244,4.87238221693784,12.26120846271515,10.88267294883728,15.137193946838376,14.68336326599121,9.41072636604309,4.205670112967492,1.1350615294650197,-0.22964052245020863,-0.22793326556682586,-0.0813593180477619,-0.002166293635964364,5.065109174251557,11.877543296813965,8.942914247512817,11.002709641456605,13.231057813316585,8.526597428321837,3.8876005965471263,1.3175707033276558,-0.0753303128480911,-0.23817075788974762,-0.07595672994852062,0.0593653728440404,5.656815544962884,8.7032052898407,12.965534105300904,13.692065838575363,13.72580509185791,9.782857217788697,6.1508211436867715,2.64373547077179,-0.11915885057300328,-0.14443925857543943,-0.16837783694267272,0.1851324648410082,5.99064306654036,11.438245391845703,12.704868230819702,13.572478094100953,14.030909137725832,8.0524285364151,4.4324249978363515,1.7862028321623804,-0.2670586007833481,-0.2322667787969112,-0.1645495449006557,-0.01110476829111574,3.7346386526059363,12.627298822402956,10.528983964920043,16.38325379371643,14.6029204082489,7.176872568130493,2.695859744101763,1.1252170798182488,-0.22788134217262268,-0.21906638026237485,-0.15366458654403686,0.35727841958403583,5.283090077638626,13.08407383918762,12.974115753173828,12.877247514724733,15.11632164001465,7.419996953010559,5.161728166341781,0.8200195305049421,0.008339414000511169,-0.23381374180316924,-0.08098170045763253,0.05070040121674539,5.714910560250283,11.8538019323349,12.244324779510498,14.274458580017091,12.882817859649657,7.429466555118561,3.2193608415126804,1.0862582337856295,-0.13404912978410718,-0.2457411533594131,-0.1814566475525498,-0.05376531682908532,6.323856860399246,12.16906385421753,11.910998041629792,11.935482387542724,14.839624500274658,7.6620345212519165,5.216045327484607,0.6051998787932098,-0.17597119390964505,-0.15798608571290967,-0.1441076821088791,0.2098476555198431,4.404081677123904,12.047600421905518,11.353953847885133,14.56809021949768,12.549456796646117,8.768968700766562,2.857036577612162,1.3830475914478302,-0.14256045937538148,-0.08671345174312592,-0.18464825421571726,0.00567298457026485,3.882804589271546,11.384256954193114,10.54769359111786,13.818348727226256,12.495800051689148,8.806667051315307,3.3077989360690117,2.1065250167250635,-0.14136997610330576,-0.16347777277231212,-0.053969048410654044,0.1975083679333329,4.964406794011593,12.430062255859374,11.744267654418945,11.282867480516433,12.186533880233764,10.084041585922243,4.066642762981355,0.9783777713030576
181,0.0,0.0,0.0,0.0,0.0,0.0,0.0,0.0,0.0,0.0,0.0,0.0,0.0,0.0,0.0,0.0,0.0,0.0,0.0,0.0,0.0,0.0,0.0,0.0,0.0,0.0,0.0,0.0,0.0,0.0,0.0,0.0,0.0,0.0,0.0,0.0,0.0,0.0,0.0,0.0,0.0,0.0,0.0,0.0,0.0,0.0,0.0,0.0,0.0,0.0,0.0,0.0,0.0,0.0,0.0,0.0,0.0,0.0,0.0,0.0,0.0,0.0,0.0,0.0,0.0,0.0,0.0,0.0,0.0,0.0,0.0,0.0,0.0,0.0,0.0,0.0,0.0,0.0,0.0,0.0,0.0,0.0,0.0,0.0,0.0,0.0,0.0,0.0,0.0,0.0,0.0,0.0,0.0,0.0,0.0,0.0,0.0,0.0,0.0,0.0,0.0,0.0,0.0,0.0,0.0,0.0,0.0,0.0,0.0,0.0,0.0,0.0,0.0,0.0,0.0,0.0,0.0,0.0,0.0,0.0,0.0,0.0,0.0,0.0,0.0,0.0,0.0,0.0,0.0,0.0,0.0,0.0,0.0,0.0,0.0,0.0,0.0,0.0,0.0,0.0,0.0,0.0,0.0,0.0,0.0,0.0,0.0,0.0,0.0,0.0,0.0,0.0,0.0,0.0,0.0,0.0,0.0,0.0,0.0,0.0,0.0,0.0,0.0,0.0,0.0,0.0,0.0,0.0,0.0,0.0,0.0,0.0,0.0,0.0,0.0,0.0,0.0,0.0,0.0,0.0,0.0,0.0,0.0,0.0,0.0,0.0,0.0,0.0,0.0,0.0,0.0,0.0,0.0,0.0,0.0,0.0,0.0,0.0,0.0,0.0,0.0,0.0,0.0,0.0,0.0,0.0,0.0,0.0,0.0,0.0,0.0,0.0,0.0,0.0,0.0,0.0
182,0.21650345027446743,0.1893496938049793,0.1790585264563561,3.5343094378709794,33.222376346588135,50.402655601501465,50.391559791564944,48.62588043212891,35.255899047851564,24.523519802093507,5.765393710136413,0.8075196921825409,0.31772206902503963,0.21982589080929754,0.4498696714639664,3.6302854642271996,10.008984162807463,30.027256832122806,60.409790344238274,50.37629013061524,42.72668823242188,15.142254457473754,3.8413635385036473,0.7984456419944764,0.2863113784790039,0.3419928914308548,1.3371407002210618,4.370135926902294,14.847569062709809,46.07280548095703,61.21662647247315,55.49234497070313,40.65999862670898,19.721480362415313,2.962280883789062,0.6369298195838928,0.2476640075445175,0.11213648557662959,0.7397481936216354,4.587669504284859,11.396050182580948,48.04914741516113,69.20412948608399,53.241642761230466,41.37663228988647,19.70068636417389,4.829182434082031,0.7056137776374817,0.25388172566890715,0.10619033776223655,0.5861309446394444,3.5975393062829975,12.902507947385311,40.54704486370086,53.24890789031982,57.943391113281244,47.21842208862305,18.45832727432251,2.679257439374924,0.8953692251443863,0.27413695663213733,0.5446554842591287,0.5986071135103702,3.846625941991806,13.858907029628757,35.45284369468689,51.92833267211913,54.26619415283203,42.63715194702148,25.950400733947752,4.773976527452469,0.9185337603092194,0.2682170134782791,0.1438619665801525,0.5076397854089737,6.596698391735555,13.080845913887027,43.84833864212037,48.00440872192384,56.951240692138676,43.7219673538208,24.598480501174926,5.134549503326416,0.7564647376537323,0.29460708916187284,0.11369615525007244,0.7750825434923172,2.7133681243658065,9.913553141653537,46.115233306884775,59.71813735961914,48.59241874694824,42.314271163940425,20.99697984695435,3.50861076593399,0.8911741185188294,0.2652338767051696,0.12305543124675747,0.19741709023714066,2.18011516302824,12.622946772873401,43.1385285282135,59.27717880249023,60.132374420166016,44.208218002319335,20.12605167388916,3.534422482252121,0.8690534472465515,0.25665918111801145,0.24548902437090875,0.43739271566271787,2.906371513605118,13.880569671988487,38.295022087097166,61.39006141662598,57.762698364257815,41.326019210815424,21.869337663650512,4.475755480527878,1.2172201538085936,0.3120444044470787,0.18808434337377547,0.36368439078330994,2.745205531418324,10.96535337984562,37.50829818725586,64.32934379577637,57.1641812133789,44.73641258239746,23.736619625091553,3.2762571692466738,0.8423800325393677,0.24561137378215786,0.4682361423969268,0.4392853701114655,2.8542214041948317,19.647752797305586,40.188833298683164,53.43734329223632,53.06516517639161,44.74221557617188,20.21038899421692,3.5258100867271422,0.9516819751262664,0.24034959226846692,0.11816752448678014,1.0286273957788945,6.171456311047078,15.02073038816452,45.554916372299196,54.95318313598633,59.15526733398438,46.171485824584956,22.467221281528474,3.272282904982567,0.5307969146966934,0.2902147924900055,0.2801945266127586,1.1906784626841544,1.354038034081459,7.922385156452657,33.522497906684876,64.35386833190918,57.06658065795898,44.59175117492676,21.526316385269165,2.8145314371585846,0.6950000727176666,0.2903047955036163,0.24242377921938893,0.5376174230873585,4.743136900663376,16.891651604175568,41.7574660873413,59.15033706665039,62.07936599731445,43.96748397827149,19.575831842422485,7.775004789829254,0.8152405905723572,0.26734986722469334,0.12883429855108258,0.365287496894598,2.4024207696318625,11.389497202932834,43.09358681678772,53.12308521270752,54.94663383483887,44.188673400878905,25.841308126449587,3.220349246263504,1.1249860912561416,0.2591478642821312,0.17637277930974957,0.5494279459118843,5.416321446299553,19.333597342371938,49.26961139678956,61.237329444885255,53.907959899902345,41.839713134765624,21.21524257659912,4.166777124404907,0.8248605942726137,0.2679045039415359,0.15976519808173176,1.184226142913103,5.3485020744800575,12.595744456052781,38.544685468673705,51.611385841369625,55.89607734680176,38.00848731994629,19.87704751968384,3.8284086692333217,0.7715400034189225
183,0.2516390141099691,0.13873036429285998,0.3554167736321688,0.21866264306008815,0.01240759454667562,0.016798221133649302,0.018250517547130536,0.0206665243953466,0.01421755719929928,0.005321386083960459,0.027563727367669277,0.055522101465612594,0.2106748246401548,0.6160513590602205,0.6258867157995701,0.16281460519880053,0.02421223102137441,0.01742832120507951,0.01826475970447059,0.02045906148850913,0.01318680889904494,0.007321429578587367,0.06239866530057038,0.16504288014955812,0.286791964545846,0.427564360499382,0.4376453710347413,0.08653931055217977,0.018295211605727627,0.016981100402772377,0.01809345602989193,0.021060058549046475,0.013593273870646908,0.006749447155743787,0.02309451578184957,0.12585069289430972,0.4243100298009813,0.334519400075078,0.46482214275747535,0.10842576704919335,0.030571558345109173,0.017674070298671674,0.018440136983990617,0.020953362509608213,0.013287848755717216,0.006550811324268527,0.03594226878602053,0.0869781401287764,0.3087957979366184,0.5871630957722663,0.487585044708103,0.286471435688436,0.06002602271735663,0.01755102112889284,0.017957891449332183,0.020553804785013157,0.01340961948037142,0.007916409457102357,0.03609847723506386,0.16641511907801027,0.2910657059401274,0.48020099282264705,0.5201663329452276,0.12520036276429888,0.017821236904710477,0.01712510192766781,0.01778290558606382,0.020726746767759274,0.013964765481650775,0.005902933664619881,0.02095329191535707,0.14731049955822523,0.3076018480956554,0.4958711286634207,0.6344269286096096,0.2434275257773697,0.03001506953500207,0.017341455332934807,0.01778201442211862,0.020509973913431116,0.013345181345939584,0.007287798281758977,0.017027435190975625,0.1807394537702203,0.41266174701042474,0.5245786193013191,0.3981169071048498,0.22251158929429948,0.03285018617287273,0.01904226087033744,0.01857531871646638,0.020766000822186416,0.013404775857925367,0.005755847580730863,0.023521372089162412,0.18719909302890297,0.3549232653528452,0.7344973463565111,0.5159316341578961,0.29746165141463277,0.026655282601714087,0.018165213540196373,0.018555300682783077,0.02022477686405177,0.013235358893871261,0.00897711420431728,0.03283559596631671,0.14727728413417934,0.33909152787178753,0.6445476257055998,0.4583580496907234,0.13372009932994838,0.03684403121471402,0.01630571227520699,0.018272075504064504,0.021054621785879087,0.013626839406788303,0.007211085418239191,0.027805631454102652,0.15201388888992368,0.29299438992515203,0.48789931636303663,0.6119674700498581,0.1534989511966705,0.026417005043476778,0.017252311185002266,0.018379427716135925,0.02100486576557154,0.013841641843318889,0.005458800783380813,0.02520088714547451,0.16736870872322468,0.4483498667180538,0.5645466014742851,0.5469195076823234,0.15733835890889164,0.03163877878338094,0.016373132131993727,0.018280209302902178,0.020886161625385237,0.013546664565801572,0.005932260137051288,0.07452156890649345,0.2645918373204767,0.4038185738027096,0.5006866296380759,0.30861388880759477,0.1922642914578318,0.04136612912639971,0.01886494603008028,0.018669840618967964,0.021190743073821027,0.01378121677786107,0.007434200067073048,0.02381482200231399,0.08107589628547426,0.3098241035453975,0.4842118696123361,0.31993886366486546,0.12533108748495575,0.029097567740827744,0.017771682366728728,0.017983318790793373,0.021123064458370155,0.013751060478389204,0.006205312628298961,0.06123282230459148,0.152950467839837,0.29860360765364014,0.40617756932973864,0.32531933933496476,0.15895962238311762,0.035150112956762264,0.01758540417999025,0.018448934406042058,0.021036213338375048,0.013830274082720227,0.005567710502073124,0.013477551620453549,0.10733343972824509,0.509651886653155,0.5430200336873531,0.6863943009823561,0.314498090762645,0.04787299816496666,0.017741191238164863,0.017596392035484267,0.02091425515711302,0.013719721771776624,0.0056047155521809595,0.04817212319932874,0.13891126275993881,0.24887031183578073,0.34797678865492343,0.5340128988772631,0.1429152175039053,0.048969541434198564,0.018297435231506783,0.018416550979018165,0.021209034547209692,0.013663523942232081,0.006486187921836928,0.012436033957637793,0.04336173334158951,0.35313050650060174,0.5855358804762363,0.5198527571931482,0.21591173060238358,0.025163547843694643,0.01773392759263511,0.01818916331976647,0.020851904600858624,0.013213741593062826,0.006837600953876921,0.059271589536219804,0.15523960578255352
184,0.1650144113227725,-0.03176698442548516,0.3659762409515679,0.27728168964385985,0.01975052207708359,-0.0864718373864889,-0.03671603444963692,-0.045716233551502214,-0.0437074761837721,-0.0391853228211403,0.10499694487079977,0.08327318038791415,0.2681785141397267,0.8211707453057169,0.9958127547428012,0.36495064457878473,0.0789404611568898,-0.04338439356535672,0.031408859975635986,0.05250789530575275,-0.034171263538301,-0.08036451049149038,-0.0914955543540418,0.00542732530739159,0.299340497367084,0.8799667551368475,0.6876133053004743,0.3794462057575584,0.04244995847344401,-0.07562100555747746,-0.05644812792539596,-0.004214863032102591,-0.06660306952893733,-0.11951786387711763,-0.14380328598432243,-0.02443922806531192,0.26342937504872677,0.428880181312561,0.6286228002607822,0.2374583115056157,0.019486784897744656,-0.04013938471674918,0.04887613922357558,0.028073422014713294,-0.04374136313796043,-0.08693579919636249,-0.0724752222560346,0.0014614680130034627,0.36209891130216415,1.004033784046769,0.658087840154767,0.7530978105869144,0.03123080518096688,-0.08108894154429433,-0.10890182763338085,-0.10567488700151442,-0.10375293135643004,-0.09107532665133475,-0.06331339666619898,0.042075549364089956,0.3883826594613492,0.9205877879261971,1.2082962922751903,0.6296151938475669,0.18200578114017843,-0.053536630384623994,-0.14869756758213043,-0.13498469702899457,-0.14397941783070564,-0.16282647792249916,-0.16892241912893952,-0.04238798589911312,0.23438363850116734,0.6515671073272825,1.565928147137165,1.4041831900924444,0.27388782504945997,0.08425821438431742,0.14288156267255547,0.1976328580081463,-0.05893004857003688,-0.13953807510435579,-0.2061889319587499,-0.050176897551864386,0.4355746497958899,0.8227405579388142,0.777013264298439,0.4509580296091736,0.09800743502564727,-0.07875965625047684,-0.04406221114099025,-0.032567025274038305,-0.12887051165103913,-0.1345148578286171,-0.11007268342189488,-0.06000043837353586,0.37123184247873725,0.9581989754736423,1.0596247416734694,0.6879474849626421,0.09543958002701401,-0.06722432434558868,-0.09046758465468882,-0.05445250742137431,-0.11158201031386852,-0.15886764302849765,-0.1785569128254428,-0.04699357837438581,0.3899157404899597,1.2920367357134819,1.4795475633442403,0.6941844374965876,0.18562895162031054,0.004203274622559561,-0.06781360067427158,-0.017005320675671082,-0.0676000962406397,-0.16036954864859582,-0.16583781726658345,-0.10380301577039064,0.6865471894852818,0.9024321137368678,1.409888344705105,0.512622934319079,0.011244679689407362,-0.16685181273147462,-0.16968299657106398,-0.07489924192428589,-0.07582419155165551,-0.1490874261409044,-0.19220774327404797,-0.010594490552321093,0.6397761423140764,1.4374074643850328,1.2811009861528873,0.6496708476543427,0.18755501035600902,-0.031192623786628237,-0.12451945342123505,-0.1420421390235424,-0.20276233762502666,-0.2365143517078832,-0.10444542130455373,0.11054300503805278,0.5514711533300579,1.2532475620135664,0.5170122042298317,0.26920125920325516,-0.04103285744786262,-0.1462284967303276,-0.15065948702394963,-0.11390936721116304,-0.11609552722424268,-0.13291921727359296,-0.1333264635875821,-0.021999499867670247,0.1136436404287815,1.0216160282492637,1.1374444080889226,0.6036813930422067,0.14950802815146746,-0.04496356545016171,-0.02904286522418258,0.02335134588181974,-0.10759755358099939,-0.16170198757201432,-0.18772726027294992,-0.10380674108862875,0.40450495268218223,0.90183664444834,0.6136856371723116,0.32808832149952655,0.03401846694760026,-0.10092469831928612,0.02395971808582542,0.015734519511461254,-0.06335533142089844,-0.12148039660416546,-0.1629873721394688,0.18589463501237335,0.35025868538767096,1.0720359164848923,1.7456814524531363,0.7999179355800152,0.06293873987160623,-0.018218857534229776,-0.10228835519403219,-0.08067940481007098,-0.1262396951764822,-0.15655833765864371,-0.1302660843450576,-0.0862257059896365,0.35914285931736234,1.1269491121917963,1.5096515084058049,0.9008063877746462,0.15136254180222752,-0.10342291900888086,-0.14070145204663276,-0.1368218334764242,-0.17474030263721946,-0.20909733902662989,-0.20385000739246606,-0.09438013750594108,0.4803647500649094,1.0470563706755638,1.1145857661031187,0.6430881831236184,0.047220726506784584,-0.14067892609164118,-0.1204175481572747,-0.14091504830867055,-0.18064754344522954,-0.20029576655477282,-0.13974544445052742,-0.05035097958054394
185,52.37746925354004,36.57270050048828,45.03872451782227,201.24856872558593,504.72695007324216,875.0775634765625,1266.9627075195312,1157.3306396484375,751.9094787597656,311.52529296875,67.00831909179688,31.533723449707033,42.96003738403321,54.886199493408206,68.74728881835937,133.60045822143556,313.8918603515625,542.7524365234375,1220.4761975097656,1059.7982177734373,796.3398120117188,233.34884643554688,52.40189598083496,34.77387020111084,36.92793197631836,54.15253944396973,72.75643157958983,155.2676281738281,292.84798080444335,625.3220617675781,1156.7781103515624,1080.10357421875,774.5869104003906,259.5245462036132,49.70761177062988,38.09326286315918,36.54959075927735,38.474723434448244,51.61095947265625,127.49368209838867,218.03886962890624,599.1893475341797,1253.0756298828123,1136.3954174804687,733.2621618652345,251.8974530029297,61.5490518951416,31.816707534790037,36.71287353515625,44.73328338623047,57.919803924560554,150.38859191894534,257.2632858276367,574.0980474853516,1173.5159252929686,1166.5860815429687,893.084422607422,205.45584503173828,48.079860839843754,33.48876037597656,38.958333587646486,46.10070152282715,62.66116424560546,135.66393035888672,244.00898956298823,525.8571459960938,1087.8400842285157,1198.6269702148438,809.2643420410157,243.5479342651367,56.69279693603515,33.06546371459961,43.72960632324219,41.21439674377441,66.38417221069336,174.8723889160156,294.05119140625004,588.6363824462891,1028.7883764648436,1101.3818688964843,812.9829223632812,257.7280270385742,58.34045669555665,35.3014623260498,34.09442024230957,37.69925857543945,56.20014175415039,149.2092886352539,253.55681564331053,618.100659790039,1308.2901306152344,1231.8789672851562,767.265361328125,247.68208923339847,56.119633026123054,32.18598342895508,37.76176773071289,45.08901916503906,63.5766941833496,130.59907455444335,297.51717803955074,616.9197680664063,1160.7875415039061,1130.6195776367188,779.7599548339844,262.8368658447265,56.21248268127441,32.833965911865235,37.60548782348633,49.22497093200683,64.28062072753906,133.45747970581056,281.6007806396484,510.7954479980469,1152.2027722167968,1253.835703125,787.5401489257813,234.04109161376954,55.988847198486326,33.74349906921387,37.54417320251465,42.75330535888672,67.1292105102539,136.60419792175293,266.26410415649417,525.8758569335938,1248.847333984375,1320.3253271484375,830.6801281738283,259.7007104492187,51.60846290588379,33.225389785766595,34.993727645874024,48.62848899841309,60.81380844116211,122.59356521606446,277.9792538452148,499.2692059326171,1049.5518432617187,1124.4215356445313,821.2236755371093,225.10148086547852,57.5214094543457,37.267845916748044,34.480838699340815,49.70932739257812,68.3357341003418,154.42484481811522,288.2016979980469,587.6927014160157,1215.4077490234374,1240.1507592773437,847.5826306152345,250.7744821166992,49.54342124938965,30.268524093627928,41.04339530944824,46.49177680969238,67.85141815185548,111.17169647216797,216.98132095336913,567.3486987304689,1339.5464331054686,1157.9976660156249,771.522518310547,293.0744392395019,52.66044960021973,35.85956008911133,44.432448348999024,44.81959106445312,58.927708587646485,150.88789260864257,264.5088009643555,568.8821624755859,1079.5287890625,1223.4406701660155,763.5355798339843,231.31626647949219,53.96790000915528,36.83328384399414,39.834899597167976,48.7253133392334,66.84711151123047,117.87423889160156,252.35074279785152,545.7901916503906,1059.5674536132815,1049.875057373047,835.9307653808594,339.97466796875,57.74587478637695,38.36374229431152,37.06538696289063,50.79631126403809,66.17639434814453,172.6751281738281,304.22014862060547,579.8887768554689,1208.5913610839843,1229.55732421875,839.6408386230469,261.7606976318359,74.4291379547119,38.987618331909175,40.47601768493652,43.81161651611328,65.34081085205078,136.26761627197266,277.7057020568848,543.8681408691407,1170.340428466797,1269.9180212402346,780.5729248046875,217.18272491455076,47.95551162719727,33.88588172912598
186,31.418507385253907,20.27773094177246,20.74351348876953,32.168199920654295,103.46206207275391,320.686079788208,670.8283813476562,562.5707824707031,380.98682861328126,364.0299926757813,144.40047149658204,85.62490272521973,17.320509681701658,24.92941951751709,26.126530227661128,34.78237800598144,51.7812947845459,157.46900230407715,568.5002841186522,516.5104333496095,494.89193420410146,237.44433105468752,95.15483152389527,42.5430704498291,18.082121963500974,23.845118942260743,29.45098930358887,35.620292587280275,71.95512351989746,229.25857467651366,615.0332162475586,632.0030519104004,534.4322259521484,266.74421348571775,116.81177917480468,38.749346618652346,19.22532165527344,18.17000621795654,23.412788314819338,33.82820678710938,80.13107482910156,295.9320037841797,653.2408056640625,662.4098852539062,479.71541198730466,260.501137084961,125.03025661468504,42.86421659469605,18.176338424682616,18.84038875579834,23.72667984008789,31.133355712890626,56.09526283264161,190.95436180114746,679.1178869628907,724.9426550292968,616.5326794433594,225.79956237792967,99.10853511810303,51.289130439758296,18.20418640136719,24.567908668518065,21.980994377136234,30.469424896240234,65.93821891784668,262.31599716186525,574.6666259765625,693.266279296875,615.3404374694824,266.1985046386718,124.38180898666383,31.91449577331543,16.323506011962888,17.950606231689456,23.732136993408204,35.840026473999025,78.63341346740722,274.7771335601807,630.9571795654296,659.6342504882812,542.5659722900391,248.83706237792967,135.2614548492432,49.97851402282715,14.855807762145997,16.596582489013674,23.461867065429686,31.550985488891598,77.4639560699463,249.90848777770998,657.7994989013672,809.6860913085939,557.0341418457031,338.6535694885254,121.15793403625489,41.117319908142086,16.731148071289063,19.195126838684082,24.28432716369629,34.18645095825195,68.2619566345215,280.31963409423827,616.6942892456054,642.1571429443359,489.07737976074213,255.76310195922855,154.62350418090818,36.22784923553467,22.67653179168701,24.322566070556643,25.63821487426758,35.872515487670896,68.87030014038086,182.81878120422363,634.1125970458984,712.0118298339844,468.70392578124995,257.85735206604,137.77315151214603,34.132763328552244,17.453539924621584,20.33788158416748,28.815999603271486,38.33316520690918,73.83046478271484,208.8388355255127,714.8539318847655,726.9954797363281,511.4770135498046,261.0263090515137,95.09794633865356,30.974870262146,19.400805473327637,24.124688453674317,23.19732765197754,25.61736183166504,74.17278778076172,222.09550788879397,587.4695660400391,640.7644860839844,474.17612335205075,315.9440151977539,125.92526473999024,34.0376254272461,23.080845642089844,18.790546798706053,26.85434753417969,32.99323638916015,68.83303001403809,294.77588050842286,656.4328662109375,679.3251953125,550.0963372802735,270.90216842651364,162.66861804962156,56.131093177795414,20.82870315551758,26.26639003753662,28.632636489868162,33.18741020202636,69.23336685180665,268.25572559356686,828.9151373291015,727.0222351074219,502.06169189453124,220.26448181152347,98.1104026031494,31.487555084228518,27.666761016845705,23.067504959106447,25.167724685668947,34.68958435058594,77.50314224243165,184.57633369445801,552.1675775146484,585.6573522949218,477.7410498046876,261.8270875549316,142.0617747497559,42.814967460632325,19.150672760009765,23.436009826660154,29.20206390380859,30.56744987487793,72.54375488281251,215.0019877624512,563.9603540039063,598.9431359863281,616.9877001953125,273.83205520629883,95.63537414550781,38.68329242706299,20.758140296936034,22.565895614624022,25.804254379272464,40.094883041381834,75.378969039917,278.24934707641603,646.9269952392577,640.2919421386719,589.6702526855468,289.8789389038086,149.58129066467285,53.630837707519525,20.254783859252928,21.228900604248047,27.636840133666993,29.564840698242186,79.4258854675293,222.0868002319336,682.3135385131836,660.4216455078125,515.7068673706056,288.4255419921875,135.30450569152833,34.37653778076172
187,1.669212317466736,1.7673098206520081,4.914241027832031,7.833977222442627,18.485064792633057,143.48945426940918,450.86273193359375,323.66379699707034,189.83190841674804,122.2445894241333,21.656430053710938,5.936495113372803,0.7358290982246399,2.9329987430572513,6.1203048801422115,8.61191059112549,15.430848217010498,102.43032812118531,361.6035372924805,274.2621780395508,140.7931758880615,37.403115873336795,11.26580245256424,1.3513231575489044,0.8260546013712883,3.7298960971832273,5.818158950805665,11.119075088500974,13.837012004852294,93.3780992126465,370.97368789672856,358.6619198608399,184.9603451538086,46.58010276794433,20.348390678167345,4.492043265104294,0.6181742656230925,2.152881078720093,5.679287414550781,8.917053279876708,12.96583070755005,117.32741987228394,384.7882342529298,345.53830657958986,173.36897094726564,56.04102602005005,15.322343831658364,1.2222015398740769,0.4722739056497812,2.1320682561397555,5.278726968765259,9.32370454788208,12.439895973205566,92.16764132022858,430.9847891235351,381.1869689941406,258.0180365753174,38.94436868667602,12.241061418056486,1.78497154712677,0.18893270134925846,2.1811396610736846,5.734668817520141,8.664080390930177,18.268521347045898,122.85417530059813,368.7164343261719,389.75583435058587,215.65686843872072,56.19040092468261,15.342003078460696,0.25689140379428865,0.6830741554498673,1.778151696920395,5.16066647529602,8.652578563690184,12.963296127319335,141.14478569030763,446.94907897949224,352.7483198547363,196.51259952545166,49.85003971099853,15.794116432666778,2.702388628125191,0.02262588664889334,1.7489011198282243,5.451463146209717,7.955505695343018,13.881697597503663,149.1422013092041,458.7232373046874,481.94693542480474,223.80336349487303,57.76917621612548,15.023048726618288,1.6179087662696836,0.3039782854914665,1.7520250856876374,5.139367170333862,7.701242370605469,12.727093811035157,129.37526832580565,397.27321533203127,356.9011776733399,183.14592168807982,50.95480577111245,19.147068301439283,0.8355852140486242,0.7111606946587562,2.871713423728943,5.542531032562256,9.477532196044923,11.083676490783692,91.69414677619935,388.5096942138672,406.6428262329101,168.5640660095215,58.07586498260498,21.99119324207306,1.8741693097352978,0.5462745076417923,2.5606025981903073,6.440749330520629,11.093113136291503,19.98196964263916,109.9531369781494,449.4213818359375,393.14540405273436,171.31394882202147,46.63619292914867,13.312851457595826,1.2277265799045565,0.25296990007162096,2.558491520881653,5.31660382270813,7.861691322326661,14.497740478515627,122.48239707946777,413.4025579833984,375.52009155273447,193.61281665802002,53.7104759979248,16.33123591899872,0.7132328062132001,1.3659189134836196,2.125172824859619,5.5909418106079105,8.735321063995361,15.454922618865968,151.109097366333,423.05707397460935,388.2491067504883,192.43449787139892,59.26469234466553,25.836322419643402,2.6466722458601,1.3378758451342585,3.6615429925918583,6.181131114959717,9.294347591400145,17.623780517578126,158.39630071640013,528.2126049804688,378.35383911132806,162.88018768310548,35.92817054748535,16.50160570964217,1.4436590230464936,2.9188975930213927,2.5108391666412353,6.059075832366943,8.540461444854737,11.01769968032837,91.63390941619873,345.3270492553711,324.00795410156246,160.4971230697632,56.70737028121948,17.98345918893814,3.663637974858285,1.256520250439644,4.023833765983581,7.238949146270753,9.271431941986084,18.514597930908202,115.51221908569337,361.83620056152347,347.72207977294926,212.0669886779785,55.59363142013549,16.559794664680958,3.768420641422272,0.7119224382936955,2.4216432835161683,5.803126049041748,8.71872579574585,14.900802402496335,138.45929731369017,428.4644067382813,398.58490356445316,186.4261088562012,61.614189338684085,23.845837744474412,4.974531170129776,0.7519405081868172,3.1001136207580564,7.404363441467285,8.400526485443114,13.134512557983395,108.6218994140625,428.1297781372071,369.49475189208977,200.2822283935547,49.90622745513916,15.230627930164337,3.5518540871143345
188,31.814245414733886,26.67479553222656,26.374485588073732,19.00447368621826,12.170668983459473,26.482626533508302,84.09952392578126,115.864306640625,67.80489501953124,20.51249885559082,11.70246181488037,15.89586124420166,18.353343505859375,28.41709003448487,31.34674171447754,22.373083000183108,14.331405754089356,26.531275482177733,77.43030784606933,96.23352638244629,50.62833511352539,18.856885528564455,11.029145164489744,11.347282733917236,19.556703758239745,28.983385543823243,30.196857757568363,20.97120719909668,17.931852684020992,27.99607437133789,89.11042785644531,108.62111137390136,57.502945747375485,20.223059768676755,11.067577209472656,11.947692947387697,15.769026184082032,21.83087760925293,22.240779342651365,22.083493461608885,16.267468605041508,27.563129119873047,99.4077668762207,120.93424041748047,43.00267974853515,18.322207031250002,10.678393459320068,11.569462585449218,17.35259841918945,25.202823753356935,28.17154602050781,26.22276386260986,15.950887069702148,27.020394210815432,74.6879670715332,108.79293395996092,55.12905715942382,17.372241439819337,11.325691223144531,14.287071189880374,17.427741546630863,21.90005958557129,33.764605026245114,24.602055664062505,16.077359619140626,23.517117080688475,64.77388565063475,101.17281875610352,44.93790184020996,15.887468070983886,10.371663875579834,11.626402168273927,21.490333633422853,30.105445518493656,37.527831306457514,28.83067604064941,18.6353441619873,28.717074050903324,89.9936260986328,110.90869735717774,61.497828063964846,19.021266860961916,10.4845786857605,12.040384826660155,15.678662452697754,19.184033432006835,25.80865592956543,24.20536418914795,14.88990951538086,25.913538894653318,104.71725616455078,128.4931167602539,54.445812683105466,16.694547500610348,10.607221660614012,13.737386798858642,16.312743034362793,31.254798812866216,29.152031631469733,22.872093887329104,14.8733589553833,32.17432712554932,67.83638420104981,100.32973342895507,47.518911361694336,15.66150104522705,9.830520648956298,11.438934669494628,16.353955879211426,22.947848587036134,33.15853416442871,26.04014720916748,15.960853843688962,32.21071006774903,83.88978553771973,120.85806289672851,63.708458099365224,17.33010181427002,10.693090076446532,14.120424289703369,18.283503227233886,26.768336181640628,34.616081390380856,25.096099929809572,18.676045494079588,26.624764175415038,95.90298927307128,143.63825866699221,43.07438972473144,17.587041931152346,10.284835872650145,11.068793525695801,20.467875022888183,29.54045185089111,28.08728225708008,22.527854499816893,17.470774002075196,29.500796966552734,70.00050811767578,98.83626182556152,46.79887451171876,19.3312251663208,12.151943054199217,12.50606372833252,17.663008918762205,28.69126544952392,26.43163516998291,25.14627098083496,17.513656349182128,28.00351806640625,74.13940399169923,116.08360473632813,45.878024063110345,18.86553249359131,11.419244766235352,12.355925254821777,15.328628883361816,30.411494712829597,35.339286460876465,21.825111618041994,17.829243087768553,28.098921012878417,92.08922607421876,114.70743255615234,54.05624267578124,16.31492980957031,11.008916988372805,12.724667072296144,16.018153610229493,19.582022705078124,23.98163345336914,20.9271484375,17.024071464538572,34.600505905151365,76.53526252746583,99.17414596557617,49.850108566284185,18.74839855194092,10.819776000976564,15.037368545532226,19.981327629089357,29.50174213409424,35.27486015319825,27.209341659545895,16.5861873626709,25.401707000732422,62.256701736450204,99.0846913909912,56.81817024230956,17.46241943359375,10.770015640258789,11.396562576293945,18.30450939178467,29.347518882751466,30.943407821655274,29.541038780212396,16.74825954437256,28.63517074584961,92.74727279663087,120.19762878417968,61.104259262084966,18.737632179260252,12.391323928833009,12.591344528198244,19.305689277648927,24.739663925170902,29.973915252685543,25.64618907928467,15.29857261657715,30.343920135498042,95.36981773376463,114.16656524658201,59.97693733215332,17.45545783996582,11.36263849258423,11.53391056060791
189,0.0804282188415527,0.07385071739554402,0.296231085807085,1.4005447134375573,8.828660082817077,14.416409969329834,13.976133155822755,12.654001235961914,9.299302673339843,7.818204486370087,1.1508921161293983,0.14052249044179912,0.10673727899789805,0.17484219975769516,0.4716772483289242,0.9660874325782061,3.616894128695131,8.385460042953492,11.812274150848388,11.37149257659912,10.883442463874816,3.903806270360947,0.8085876643657685,0.17800871089100836,0.06965820334851736,0.20454124674201007,0.7692744117975235,2.202337451800704,3.7580524849891668,11.410373091697693,13.629312133789062,12.249438495635989,9.071995697021483,4.74609179019928,0.5285979096591473,0.06716791957616802,0.06502662144601341,0.1191479332000017,0.3112557223439216,1.1510995725542308,2.1219976837188006,10.594063110351561,14.21603406906128,11.09971351623535,8.849894366264342,5.340933883190155,0.6416801296174526,0.06499988213181493,0.0851733891665935,0.11245849728584287,0.29391737908124926,1.4825816203281281,2.760186547636986,10.67725956439972,13.096027812957763,11.078568668365477,8.410706462860109,4.524892902374267,0.5861985702812672,0.140676157400012,0.06485640615224833,0.2789179757237433,0.4147145456075668,1.6896797274798154,3.185430817976594,9.449040536880494,14.830352516174315,13.144329586029054,10.488541374206543,6.0994875633716585,0.9232305653393269,0.10341262355446812,0.0834504924714565,0.11255931757390496,0.4694314233213664,2.603500162959099,3.7903445267677305,10.302198476791382,14.310110359191896,11.407958736419676,8.728422436714173,5.207562243938446,0.7139066067337989,0.10598401352763173,0.07611754700541491,0.1476223863661289,0.3869808620214462,1.745569807738066,2.9177928367257118,11.65482945919037,13.978127136230466,11.421514587402344,9.097569236755373,4.207186915874481,0.4452772499620915,0.0720805616676807,0.06403259783983226,0.13506601542234414,0.39134956687688827,1.1401795025914907,2.9953348056972025,10.764821701049804,13.695943794250487,15.233757076263426,9.51010624885559,5.212230825722218,0.5297270740568638,0.09439904563128942,0.08144676968455308,0.17949653364717957,0.36608568035066125,1.4278464434295892,4.612745852470399,10.297991156578064,15.090463676452638,13.502586002349853,9.339203605651855,5.079915745258331,0.5819219760596752,0.11377578578889366,0.11255282714962955,0.19629473425447935,0.4853187488764525,1.4490733366832136,2.627036859691143,10.08507110118866,14.722526340484617,12.23416600227356,11.058488221168517,5.592622528076172,0.5557342046499253,0.18010822273790833,0.08138995617628093,0.23802045226097107,0.4016525183618069,1.3406123860925434,4.125064626634121,9.026148710250855,13.782494506835937,11.956053276062011,10.167732658386232,4.446065484285354,0.7646497701853513,0.10108693957328793,0.05424722969532009,0.14924260318279264,0.5326229263842106,1.7771206989139319,4.2314109652489424,11.879182448387144,14.21656410217285,12.947419681549073,9.450983352661135,5.71060104072094,0.6759897328168153,0.07055261977016922,0.09785344116389745,0.2521347344666719,0.5234064754843712,1.0105388631671668,2.274373078495264,10.156426196098327,13.656757965087888,11.859376144409179,9.160281286239623,5.345598007440567,0.3316459242999553,0.09436033748090264,0.0657621088624,0.13937257438898085,0.31793444141745564,1.2898953139781952,3.264592986702919,9.513039927482605,14.445386562347414,13.02300542831421,9.636124067306518,5.218121836185455,1.4351274253427984,0.1190728960186243,0.10058051526546474,0.16013542145490645,0.32004855014383793,0.9484599316120148,2.9122406965494156,10.623728475570678,14.321880836486816,11.957594432830811,9.213522272109984,5.804458055496215,0.6183412094414235,0.22745674259960652,0.07165001116693015,0.23032723039388653,0.38954098314046853,2.773774161040783,4.786259262114763,12.284308700561525,13.105341033935545,12.735298042297362,10.167260608673095,4.288797788619995,0.564737839102745,0.09873939625918864,0.059598046466708146,0.17279472053050995,0.39033386543393134,1.3673729122802614,3.0585090225934977,9.139555106163025,12.336175441741943,12.830076656341552,8.897267808914185,5.0781360912323,0.5296361243724823,0.13043895348906515
190,0.007036110559420177,-0.007624803975977557,4.451280819920603e-05,-1.2286799739058552e-05,-1.7977592927564957e-05,0.003298316996855983,-0.003200015710871166,3.0832843094685815e-06,-4.1381655762506854e-06,-6.897725438648195e-06,0.00024212493206050433,2.3683845608954153e-05,0.0023295229315998143,-0.0024476798348424767,1.4934012956757423e-05,-4.534258827106489e-06,-1.4613519433052713e-05,0.00036808202767815197,-0.00035938343007273427,-1.4050116634505225e-05,-7.902869538725098e-06,3.230693289594631e-05,4.96214852745376e-05,-7.029460630604523e-05,0.004247086147898779,-0.004063213441287418,-0.00014241263881444748,0.00010718693569117439,-0.0002603361623445696,-1.997267452111371e-05,-1.385355718638836e-05,-1.0106426180979067e-05,-1.137958776610038e-05,-7.422052165395599e-06,5.036411511241131e-05,-3.626501431000236e-05,0.00020769315010682647,0.006731720742928072,-0.006099889455920789,-2.6640454980221598e-05,0.00039561220610153,-0.0003936135251149119,-2.8314389442130046e-06,-3.2195557298564387e-06,1.965848494407109e-06,-7.761345210680836e-06,7.150358557822498e-05,0.00014916112086695095,0.0010130701059802016,0.002390674062120293,-0.002448013234262585,-0.0011590439265069103,1.607358657678905e-05,-1.0343322372815343e-05,-5.711850524789952e-06,9.405150279631701e-06,-2.6182904853154638e-05,3.008494527506189e-05,6.473493216830417e-05,0.0003988570885925878,0.0024095940577228527,0.0014180715695110205,0.0036979329403732165,-0.007994969995058339,0.00012069503098431073,0.0006458176861031045,-0.0007522355248059376,-6.239862734105372e-06,-6.319255255675671e-06,0.00010142225866173638,0.0008417573226847625,-0.00011363287906477343,0.005230654183343549,-0.00551392197325015,0.001997550866462337,0.008236052421513585,-0.00972839186628789,-5.570967673178676e-05,0.00011388951473122658,-0.00014218732255244466,-1.2971947462574461e-05,-9.076202883306905e-06,1.5220138050131866e-06,8.35261747681499e-05,-0.001915504715811959,9.116590454595946e-05,0.0011582412281313675,0.0014186063914235125,-0.0025309347052961976,0.0004125871576343283,-0.00037770059445733104,1.3829323357862075e-05,-2.6364491536692845e-05,-1.721971689221391e-05,6.39787720137917e-05,0.002010972092052727,0.004814816760609801,-0.004094012973579321,0.006010010387235528,-0.0072107770526236,7.517547987845046e-05,-3.6348232165436607e-05,1.7001085218452007e-05,-3.1294842708004956e-05,4.614744871101815e-06,-1.9090542629098466e-05,0.00013022750028994417,-4.6624016435998666e-05,0.0016902818971618605,-0.0015869801790745497,0.0016401427610821834,-0.0015292973790656105,0.003918733118699149,-0.004081804855829882,-9.521350251018492e-06,-2.0840298226613113e-05,-1.630148260687747e-05,-1.2996975109444976e-05,0.004278488664653533,-0.004084748914476679,-0.0025424544267514185,-0.0098043466117747,0.003900574289712041,-0.01015631645802443,1.4150811055062634e-05,-5.5175304309781014e-05,1.0173184518010726e-05,-3.448979355198173e-05,-1.803759316771656e-05,-5.318075454865384e-07,-9.740808956165906e-06,0.024979379630605075,-0.010077745336860745,0.00010464950275490166,0.001248081704920875,-0.0012184387844913712,-3.4616697630547374e-05,3.743648492161268e-05,-6.678131927401381e-05,-1.121759275065415e-05,-1.2856093037498797e-05,3.884245963263152e-05,0.00013050979408375872,0.0038346001750232963,0.0010805616093037401,0.005087180390852932,-0.00540076229552397,-1.4405645913769378e-05,0.00020349290470534173,-0.00015733284745891477,0.00014233425164661198,-0.0001450817165147076,-2.9923060542665565e-05,-1.6318246949820617e-05,9.02343505685875e-06,5.27194271398847e-05,-0.0069784112884701795,0.0016658145899134489,-0.0016096020990499927,-0.0004098874286887616,1.6808416717130416e-06,-4.4866764981179775e-05,0.00025730382057986324,-0.00028544677089711683,-1.0898954164417775e-05,7.436753739965337e-06,3.7487019486938995e-05,0.009406184814187955,0.008605138937196269,-6.708869809927621e-05,-0.00842624112901746,-0.0009132007234709487,5.6987812909380094e-06,-3.4036098166135835e-05,-2.2851898074800353e-05,-7.680683378341561e-06,-1.3992370602977115e-05,-8.407075308412005e-06,7.148432148831109e-05,-4.2120873019933556e-05,0.0015800239326995244,0.012304521511751999,0.011893819826100462,-0.01607981475378603,-0.004269688250717817,0.00295725909174649,-0.006294263030508766,-9.207503859451823e-07,-2.9409225590479652e-05,-1.9406333071852803e-05,1.389818255290622e-05,0.0003510720106942232,0.003000403286862072,0.015490944134156453,0.019667907996267785,-0.021722200816516313,-0.009586520941907099,-0.003206335467996262,-0.0012743617646674389,-1.393878245948913e-05,-2.5979219087729417e-05,4.1375036812504955e-06,-3.784930032054155e-05,-3.1883050927206115e-06,0.00926502245265566,-0.0077400661021013685,0.009507906637513766,-0.00851686226615413,-0.00195940766875993,-0.0013694280905457274,-1.8686707253148825e-05,-1.2769647109390111e-05,-1.7721892901926275e-05,-1.1468544873594056e-05,1.104623758919512e-05,0.0006752505850897646
191,1.6451434612274174,2.5461262702941894,3.027401864528656,3.5959065437316893,2.215384864807129,8.766134309768677,110.24964904785156,117.75116958618165,103.53413314819336,33.86839427947998,6.164213466644287,2.3625797986984254,2.313523530960083,3.907955632209778,5.524881916046143,5.325941572189331,4.470122292637825,10.188656415939331,67.08652770996093,102.03308227539063,64.6975002670288,17.58741413116455,4.3843622970581055,1.665206047296524,3.2773220729827877,7.67259087085724,8.591953740119934,6.9587417364120485,6.164326558113099,14.385376834869385,66.86307754516602,110.99216724395754,70.72620018005371,12.813750748634337,4.563292019367218,2.2318551707267758,3.317562773227692,4.9835209369659434,6.670733962059022,6.966827220916748,6.255510067939759,15.918989992141722,104.72288879394532,97.50289878845214,49.704284744262694,22.78508867740631,5.933539204597473,2.6518610572814945,4.079528379440307,5.099328784942626,6.631187896728515,6.91799432516098,5.207994995117188,11.321953320503235,68.9487005996704,96.52383281707762,91.33820846557617,13.85033229827881,4.465701785087585,3.211898980140686,2.9190503454208376,4.388748018741608,5.9426704788208,6.41876576423645,4.62669020652771,14.82373833656311,68.41782001495362,115.43627090454102,54.09152000427247,11.588584012985228,3.6205979108810427,2.3426220595836638,2.3828647589683536,4.465713855028152,5.965723838806153,5.825858154296875,4.775115996599197,23.060480709075925,120.7364706802368,103.73632041931151,60.25497123718262,18.802982730865473,7.071278347969056,1.8096869134902953,0.7236788499355316,1.7849846959114075,4.011526806354523,5.231626856327057,4.361688609123229,29.590112648010255,146.9386127471924,172.77130180358887,76.3011527442932,16.82547714948654,2.246668372154236,-0.7251713919639589,1.3553605890274045,3.360250726938248,5.219317923784256,5.64037860751152,5.614861267805099,39.602986907958986,85.82655067443848,96.03486679077147,70.75566680908203,12.056739623546601,2.2388944923877716,0.9961487865447998,2.705777268409729,4.446296911239624,6.908245029449463,6.958262975215912,6.944820499420166,33.200799355506895,85.82330425262452,126.33290466308594,86.66955173492433,24.82374254226685,6.9259837412834155,1.9956258821487425,0.2952116680145263,2.4227085590362547,3.9550309157371517,4.1901937150955195,3.548724370002746,11.837862448692322,116.8982013320923,152.62039909362792,54.095717315673824,15.523600270748137,2.4172179651260377,0.2627616024017333,2.9211524677276612,4.745758228302002,6.790058813095092,6.5332758784294125,5.714853658676148,20.926420211791992,92.08908416748046,130.56924545288086,71.96988029479981,14.586291790008545,3.263663020133972,1.8027814853191377,3.0322092509269716,4.848109345436096,6.239785311222076,6.538954606056214,5.674368071556091,13.254100122451783,79.35539627075195,119.98262351989744,56.632087783813475,14.739366579055787,3.979299323558807,2.249143693447113,1.764695925712585,4.167460522651672,5.5388108921051025,5.4923658752441415,4.5133309125900265,37.663934860229496,133.66316112518308,140.76563594818114,82.93148582458497,14.017539577484133,3.402553827762604,0.6895101284980776,2.703589712381363,3.437830553054809,5.596062891483307,5.889484791755676,5.814649789333343,19.703016929626465,88.3883186340332,96.30087760925294,53.62308177947998,15.643342304229737,4.278838438987732,2.094087383747101,3.884939112663269,6.950366683006287,7.703757739067077,7.006767611503601,4.792376570701599,17.124469051361082,61.55404994964599,97.32221088409423,91.61066444396974,16.01177671432495,6.919564106464387,3.1591503119468687,2.7064798998832704,4.824443106651306,6.982915596961976,7.198854751586914,5.212379093170165,21.334377193450926,98.98161170959472,128.9284831237793,75.40725978851319,22.499765548706055,8.206488208770752,2.647116525173187,0.6654902720451356,1.733019051551819,3.4868506288528445,4.059234662055969,2.9664143216609955,15.110221588611603,124.89570182800291,119.09263381958007,93.70960250854492,14.555488986968992,2.154538464546204,-0.14855888128280642
192,29.389340543746947,8.659438180923463,3.0797924518585207,3.925052452087402,3.478924262523651,0.7677477419376373,1.0054341673851013,2.7047478556632996,8.762668991088868,31.766286754608153,56.03565216064453,50.59099164009094,12.433613847494126,2.848515083789825,2.4446837389469147,3.058218331038952,7.774434797763824,2.9496006375551227,1.1540202569961546,1.3076947677135469,4.992220202386379,15.188112564086916,31.60959590911865,29.34693933963776,8.231756176948547,5.72819107413292,4.5777624619007105,10.810814927220344,4.581024867296219,1.7617937284708023,1.1382338005304338,1.574029051065445,4.5986808937788,19.186321859359744,33.902739787101744,27.075723075866698,12.968886129856108,2.054933287203312,1.1886428260803223,5.414132354855537,5.5663027000427245,3.2013449740409845,1.586849459409714,2.4352068665623663,5.021151996254921,17.644014854431152,38.634463768005375,26.558670368194576,10.343570566177368,5.796124790906906,2.6705207762122156,5.448829990625382,6.140855298042298,3.037451230287552,2.3069532343745234,2.280238581299782,7.621360005140305,19.172663040161133,35.57854034423828,34.680838127136234,15.016652274131776,-0.08463976025581359,-0.715556629896164,4.004520862102509,5.033743630647659,3.2745044749975207,2.245555297136307,1.7786835795640947,7.524580963253975,20.905705718994138,49.187569065093996,30.007451276779175,8.956233967542648,2.2459095120429993,-0.593841912150383,3.7676258170604706,9.992107283174992,5.6735047543048855,1.3575105676054953,2.6756100049614906,7.008836233615876,18.879100623130796,50.2406291770935,38.596090393066405,7.492665777206421,-0.017935559153556723,1.3106520205736163,5.2469115900993355,6.041295560002327,5.673955602645874,3.9544876992702482,2.9258497494459155,8.498173862695694,17.22037624835968,38.34087515830994,23.17681708931923,12.207386539578437,1.1239445480704309,0.13866165578365333,2.648145947754383,4.268040292263032,2.2039593911170963,1.801740135550499,1.4062101355195042,6.184245666861534,19.336727135181427,41.15550260901451,26.400901229381567,16.989452528953553,2.913029337525368,1.3346401178836822,6.0078011450171465,3.0519773477315906,2.7015578493475916,2.496855208575725,2.4191925460100174,6.920599204599858,21.76662917137146,35.37075401306153,30.357200860977173,17.731765679717064,1.6505807721614836,3.4145603477954873,11.06117390781641,9.905335911512376,4.682495085597038,2.7407200598716734,2.0530920588970183,7.036500853598119,16.418360087871555,31.751290760040284,31.232134379148484,8.502918632626534,1.1463000716269016,-0.9534462961554528,3.36541731595993,3.8024682152271274,3.8562492603063587,1.7462989139556886,2.196477259397507,6.811540809571743,22.518281605243683,41.13347685337067,19.479968032836915,13.422484118938446,1.7294965502619744,1.0756655150651933,3.997885208725929,5.858115041851997,3.634686459898949,1.8738059581816195,2.736986858844757,7.766127786636352,22.35026114463806,45.264598798751834,31.5510892868042,12.328617528676986,8.48820657789707,1.6376395469903948,5.587811388969422,6.810976555347443,2.4102236649394038,1.1792007648944856,3.9038291001319885,6.843874316513538,24.29331385612488,40.23160558700562,35.68147399067879,16.25216583132744,4.52110890865326,2.5655131113529204,3.5731282472610473,5.693375961184502,3.32525293469429,2.1003361907601357,2.035555648207665,5.230614791512489,18.987668036818505,36.71766502380372,32.14994530797004,10.379808160066606,3.5078644287586216,1.4397626221179962,7.2979407423734655,6.7135797572135925,4.871168303489685,2.2722609621286396,2.998427827954292,8.37857378423214,21.551614208221434,33.34507440567016,26.307076382637025,10.101966621875764,3.9844163632392884,2.143232176154852,4.5273416805267335,6.8955879604816435,3.645353216230869,1.8360473227500915,1.8582451283931731,7.576119405031204,21.113392515182493,36.53231026649475,39.01600914955139,13.433666788339616,1.0296991229057313,-0.34925377488136294,3.0985373592376706,3.6414826047420505,2.20434397816658,1.7360449028015137,0.7981348167359827,3.089044173359871,16.006848668754103,40.487628431320196,25.761657135486605
193,0.0,0.0,0.0,0.0,0.0,0.0,0.0,0.0,0.0,0.0,0.0,0.0,0.0,0.0,0.0,0.0,0.0,0.0,0.0,0.0,0.0,0.0,0.0,0.0,0.0,0.0,0.0,0.0,0.0,0.0,0.0,0.0,0.0,0.0,0.0,0.0,0.0,0.0,0.0,0.0,0.0,0.0,0.0,0.0,0.0,0.0,0.0,0.0,0.0,0.0,0.0,0.0,0.0,0.0,0.0,0.0,0.0,0.0,0.0,0.0,0.0,0.0,0.0,0.0,0.0,0.0,0.0,0.0,0.0,0.0,0.0,0.0,0.0,0.0,0.0,0.0,0.0,0.0,0.0,0.0,0.0,0.0,0.0,0.0,0.0,0.0,0.0,0.0,0.0,0.0,0.0,0.0,0.0,0.0,0.0,0.0,0.0,0.0,0.0,0.0,0.0,0.0,0.0,0.0,0.0,0.0,0.0,0.0,0.0,0.0,0.0,0.0,0.0,0.0,0.0,0.0,0.0,0.0,0.0,0.0,0.0,0.0,0.0,0.0,0.0,0.0,0.0,0.0,0.0,0.0,0.0,0.0,0.0,0.0,0.0,0.0,0.0,0.0,0.0,0.0,0.0,0.0,0.0,0.0,0.0,0.0,0.0,0.0,0.0,0.0,0.0,0.0,0.0,0.0,0.0,0.0,0.0,0.0,0.0,0.0,0.0,0.0,0.0,0.0,0.0,0.0,0.0,0.0,0.0,0.0,0.0,0.0,0.0,0.0,0.0,0.0,0.0,0.0,0.0,0.0,0.0,0.0,0.0,0.0,0.0,0.0,0.0,0.0,0.0,0.0,0.0,0.0,0.0,0.0,0.0,0.0,0.0,0.0,0.0,0.0,0.0,0.0,0.0,0.0,0.0,0.0,0.0,0.0,0.0,0.0,0.0,0.0,0.0,0.0,0.0,0.0
194,17.621337604522704,10.005106496810914,10.225670909881591,4.9284262418746945,1.5244747892022132,0.08044016957283022,0.30838269256055356,0.16296656474005428,1.098887461423874,1.4711552396416665,7.60450427532196,12.296653318405152,12.007982692718507,13.644651861190795,10.287125282287597,4.178467097282409,1.1936405980587004,0.6532354549318552,0.35514310181140896,0.273180734985508,0.7132998876553028,2.57754866361618,7.132437508106231,12.41412136077881,13.034795448780063,14.590032405853274,9.90761437177658,3.347385380864144,0.8728412204049528,0.49698585122823713,0.24692119373008606,0.2857183682173491,0.5854355425573885,2.5895976166427137,9.481872482299803,16.896732168197634,14.908419027328492,13.240622024536133,8.687793655395508,3.8524040755629536,1.4342103169858456,0.6627661606529727,0.31655642133206136,0.2659957752376795,0.5075997508317233,3.0026603811979293,8.057536187171937,15.919622759819031,15.35282539844513,14.53886929512024,9.81702857375145,4.177957301139831,1.0523555022478104,0.5084928648546339,0.4077533177658916,0.2560777918994427,0.773655033968389,2.7870719568431377,7.7937224578857425,16.648801859617237,17.530378952026364,14.84818214416504,12.964830932617186,4.829643632173537,1.7505791618674995,0.5908072091301437,0.31154151648283,0.3378224757127464,0.6930912669003011,2.420260491967201,6.483801865577698,13.213771690130233,15.09685259819031,15.023839883804323,11.881812410354613,4.157825397215784,0.8010806781239808,0.4520985323411878,0.1890299370884895,0.16616395575925705,0.692775324396789,2.576441710740328,9.442508126497268,14.839608478546143,15.008580369949339,14.11728721141815,10.486598007678985,3.106967303045094,1.151163096651435,0.5447747254371643,0.581461262255907,0.2145337717421353,0.9579654904454946,2.5811783134937287,9.01895681399852,15.307012017965317,12.729321546554566,12.37854784965515,9.873611066043377,3.9156113048642873,0.7172269529849291,0.6634265998750924,0.3869597640633583,0.19509659191593526,1.3951610457710921,4.304421362876893,9.420562496185303,16.065314359664917,15.724831485748291,13.880493869781493,11.07731994152069,5.1679937505722044,1.4684407469071448,0.6135059288144112,0.45145800638943906,0.30604928642511364,0.6813070625066756,2.1390057474374773,8.148404743671417,15.434955749511719,13.755576753616333,14.34400813102722,9.34001062631607,2.6121731165051463,0.8893884843587875,0.5290557588636875,0.3857278319448233,0.22707205072045325,0.715961340814829,2.363985390663147,6.357178928852081,12.007893633842468,14.640284872055053,12.987206974029542,8.204632782936097,3.398451157808304,1.5304343447089193,1.2231391569972039,0.3984681078791618,0.3555014957860112,1.0851865530014038,2.686207720041275,6.531740770339967,14.028746633529664,13.399077167510987,14.992599830627444,8.92636022567749,3.2541523796319964,1.0297419665195047,0.6977211040258406,0.31802048788405957,0.2597199954092503,0.6135167830437421,3.0046844383701683,6.69545768737793,12.77374487400055,12.22405813217163,10.549286155700683,8.709037315845489,3.2779937689751386,1.1017252137046307,0.545809551924467,0.4456121461093425,0.3344696176424623,1.0785120191052557,3.654091851785779,8.044562169909478,12.95281777381897,11.819953956604005,10.62348120689392,7.446019341945648,2.8789823471009734,0.3022606645151973,0.5283253568783401,0.4493245695531368,0.21602906204760072,0.7116458370070904,2.9347850257158283,8.592545108795168,14.177993984222411,17.75904760360718,14.902700023651121,9.899203481674196,3.028910342007875,1.2184954622387887,0.6690406295441791,0.35413022443652153,0.16090424157679079,0.4497292499989271,3.322037183642388,7.526938660144806,18.74210555076599,14.982534437179567,14.818165245056154,9.176792692542076,3.1826164481043815,0.7591683726757765,0.579391901679337,0.43178948303684594,0.2764633150398731,0.6866896890848875,3.313101153075695,7.921172437667846,14.378150577545167,13.927353987693786,15.1338755774498,9.413323854207993,4.021703600883484,1.605181182908127,0.5113156694732607,0.6228346576169133,0.30785485324449835,0.651477640196681,3.3785327142477035,9.532873649001122,12.964719989299775
195,0.315485443547368,-0.00775255262851714,0.05904763787984849,-0.026014757622033303,0.06861452187877146,-0.061211843043565695,-0.0733159393072128,-0.07421222031116483,-0.02042099237442016,-0.0018424808979034194,0.291933339368552,0.6622470386326313,0.5042176631838083,0.2418962422758341,0.04641405779868366,-0.015828634371864596,-0.030127627095207547,-0.06184099028818305,-0.077400439530611,-0.07954712301492688,-0.05059689223766324,0.13465666446834804,0.22726598917506635,0.35005137175321577,0.5303956995159388,0.29139291793107985,0.1273700389638543,0.025649958178401006,-0.04745454506948587,-0.07633888229727741,-0.09029976591467855,-0.09245931208133693,-0.07911961503326889,0.06611390747129917,0.1935491209849715,0.5894559906236828,0.3834997102618217,0.29509131890721624,0.16523888558149338,-0.04048341322690247,-0.03881812920793888,-0.07051925212144847,-0.08139008939266201,-0.08219695508480067,-0.06321226517669855,0.04097277407534422,0.135831349901855,0.39017635233700276,0.44784370653331285,0.3996144815720618,0.15221655130386352,-0.007708413554355484,-0.048861063485965084,-0.06841642968356605,-0.08135014086961743,-0.08203453004360194,-0.0456419422663748,0.10336878554895519,0.2352474997937679,0.4443479897081851,0.44474453520961105,0.33882859490811823,0.11901073001325131,-0.03790429681539536,-0.053143538907170274,-0.07272590279579158,-0.08412533611059185,-0.08556262671947475,-0.0711096272617578,0.06186216881498694,0.33086330123245716,0.5643117959797381,0.6406120532751084,0.2779097771644592,0.11631654448807242,0.00404088612645865,-0.054762267321348146,-0.07229229435324665,-0.08367384493350977,-0.08613445281982417,-0.06936217144131658,0.052117549481918116,0.2123552834242582,0.6144262744486332,0.5436522760428488,0.27186163201928143,0.07606550060212615,0.042763941362500196,-0.036125098820775706,-0.05868566604331131,-0.08193286359310147,-0.08160970151424403,-0.04683585818624121,0.25836594033986326,0.39693479141220445,0.46603235252201564,0.36402633178979155,0.3187362310290337,0.1328846206329763,-0.06656369604170317,-0.03867284074425694,-0.061507710665464364,-0.07785164102911946,-0.0782736042141914,-0.05902873140759761,0.11191788841038941,0.31192152805160733,0.36360394429415466,0.4093778490647673,0.350187174687162,0.061075125271454464,0.0009647527895868091,-0.0498265495896339,-0.06726996317505832,-0.07915095001459119,-0.08012127339839932,-0.04392835952341552,0.044991051033139245,0.12894802828319368,0.3871656597405672,0.4261780459433794,0.3376519834622741,0.031631153374910376,-0.02641060016350818,-0.02443186243996021,-0.056943715885281534,-0.07545340557117011,-0.07340019442104671,-0.06182839528890323,0.06315115512814373,0.15043663355056194,0.38222499258816245,0.5814524286985397,0.47002952754497535,0.18700513467192653,-0.006281710714101782,-0.042471334412693955,-0.06914944142103192,-0.07634705603122707,-0.0795282596349716,-0.05663001978769896,0.07107472399249674,0.23304349821060893,0.4060373005829751,0.43313886735588314,0.18393127493560316,-0.02666887692175804,0.006699406586121772,-0.021549003906547997,-0.05887032531201834,-0.07633326187729832,-0.0783041667938232,-0.05479527663439508,0.008585894821444534,0.22809700442478062,0.5415088363550604,0.19328837936744095,0.3313842304982245,0.12532208326272665,0.025492629855871217,-0.04318230561912057,-0.0695100319385528,-0.08293857902288433,-0.08310630857944483,-0.06736275613307949,0.07392993032932282,0.2215127383195795,0.3740729630738497,0.45810506291687486,0.23567076137289403,0.031168125607073317,-0.024495277944952237,-0.024899606816470587,-0.05624047029763457,-0.07605783313512797,-0.07827058345079418,-0.051740244142711125,0.12205715514719484,0.28519274545367806,0.40072441749274734,0.6743178960680962,0.38087367910891773,0.10130374198779464,-0.0194400981068611,-0.04317284628748892,-0.06956965833902354,-0.08331502497196194,-0.0836403578519821,-0.06606932163238521,0.08930849108844995,0.1591047928109765,0.4264622486010194,0.6955084688961506,0.32523558154702187,0.1410837642848492,-0.02032171434024347,-0.03505439080297946,-0.06959807395935055,-0.08001695886254306,-0.08061790585517878,-0.056921037882566416,0.03352752247825268,0.20781589723192156,0.45860205784440033,0.5593015981838108,0.2344489373639226,0.08055655390024188,-0.0490175031777471,-0.024494300261139853,-0.058488670131191564,-0.07750444799661634,-0.0787877234816551,-0.03528575114673001,0.06317276380956174,0.23329980897717179,0.37213355589658026
196,13.683860588073731,11.085258293151856,6.775875663757324,16.114113903045656,59.524844360351565,422.77911987304685,895.4990966796875,400.431591796875,132.45449523925782,43.965763092041016,34.43137969970703,23.810587692260743,13.522210044860842,11.578902645111086,8.573471698760986,16.105852699279787,70.0811264038086,396.14739746093744,1010.6412939453124,519.9270031738281,146.5724853515625,75.55631927490234,34.175446853637695,19.272387847900394,19.585764198303224,19.767383403778076,12.770616188049317,19.545693111419677,85.05997436523437,402.0662866210938,1113.5305346679688,576.1929858398438,166.9828126525879,85.17269615173339,45.37285232543945,28.729387893676755,14.789368057250977,14.482218894958496,11.803211889266967,16.323496379852294,76.12286262512208,419.68993469238285,1256.3935595703126,699.3780139160156,133.24283386230468,78.26125137329102,39.622552185058595,24.549372291564943,21.357830352783203,22.251173629760743,12.064725284576415,16.35746898651123,93.84199615478515,469.7243945312501,1227.4421826171874,715.9510791015624,175.10348388671872,76.3692144012451,45.827404441833494,30.98739122390747,19.07430046081543,17.856929149627685,17.506243858337406,17.58670436859131,68.0636134338379,422.50270080566406,1349.052109375,676.1904040527344,166.17347549438477,70.22763565063477,36.911169281005854,25.73722141265869,17.20906488418579,13.362861442565919,10.335903224945067,14.00080223083496,83.11574325561523,482.2512890625,1249.1800415039063,685.9503204345704,190.89032135009765,94.20595893859863,48.46391639709473,29.75165218353272,16.52893657684326,14.15761419296265,9.298649015426637,14.617043857574464,74.07464694976807,484.79110839843753,1379.5038598632814,726.886953125,173.04099670410156,91.0457647705078,49.047104873657226,22.71117723464966,13.943241252899167,12.233545265197753,9.46814398765564,13.209402618408202,77.81866737365723,432.2791473388672,1340.0373803710938,791.4056903076173,187.78717819213867,102.83369415283202,48.59626762390137,25.108122138977052,14.846579647064209,14.14341796875,11.693433570861817,17.168630933761598,75.48839508056639,477.60480834960936,1391.90287109375,817.33876953125,203.99154846191408,70.95149993896484,34.29187240600586,24.814578056335453,14.670479946136476,11.634714784622192,10.013100099563598,15.32713445663452,74.79728286743163,484.7109509277344,1420.1978662109375,867.9695727539063,192.8069107055664,85.09991683959962,40.11463314056396,22.77083408355713,14.71268434524536,16.84742660522461,9.179606008529664,18.220029458999633,89.24643211364747,481.3572094726563,1383.9697314453126,749.1969421386718,194.2759582519531,86.74188858032227,40.44049919128418,23.254170379638673,17.858735446929934,18.393411350250243,10.790158138275146,19.278224000930788,82.57856109619141,460.3816760253906,1319.5105371093748,786.3538439941407,172.72586700439453,85.81947738647462,38.99400146484375,22.874431381225588,16.237360839843753,16.151875705718993,10.199622135162354,23.818786067962645,88.93420558929442,464.20868530273435,1349.6227099609375,766.6332836914062,183.53568298339843,86.18303039550781,48.404669494628905,25.339097862243655,16.93894100189209,16.00473087310791,11.000673179626464,15.586042509078982,69.32371971130371,468.29457702636716,1350.7284838867185,767.8701818847655,188.50295288085937,94.97502891540528,55.82457817077636,26.230002479553225,18.95321714401245,17.61928888320923,9.758554887771608,19.693431739807128,74.59683590888977,456.40948974609375,1340.422033691406,791.2298162841796,197.62811340332033,91.48247543334962,40.07667129516602,27.541360931396486,22.806730365753175,17.517898120880126,11.246221084594728,16.028699569702148,79.65717346191406,484.32311340332035,1405.5734497070312,665.3798455810546,172.5946337890625,70.79926330566407,41.49492279052734,25.578870735168458,19.991942558288578,17.013016300201418,17.963457584381104,22.77561679840088,79.15835065841675,451.6957330322265,1220.3275659179687,732.1082983398438,163.48093505859373,66.4974301147461,35.408324356079106,27.199873504638667
197,7.453898525238037,12.74416093826294,16.579258918762207,12.202084159851074,4.494765949249268,1.089059841632843,0.43484616577625274,0.3697360992431641,0.6208050310611725,1.9596022099256516,5.105980062484742,6.30605115890503,8.92298502922058,10.292243347167968,14.090147171020508,8.97949112892151,3.57781133890152,1.5747183227539063,0.6375795167684555,0.42652188956737513,0.6800301265716553,1.485851207450032,3.0161618721485137,6.9169582176208495,9.951352853775024,12.378917751312258,15.123717231750486,9.394438552856446,3.5825855636596677,1.531957937479019,0.6546270418167114,0.3430625726282597,0.774187830388546,2.0790797749161722,3.618549160957336,8.01701374053955,10.729114360809328,14.126742210388183,15.146225509643553,10.529268856048583,4.27915542602539,1.6141864836215973,0.5434685337543488,0.38424138456583024,0.5039622277021408,1.8758359479904176,4.431388735771179,7.9840555763244625,10.052723350524904,13.169858512878417,15.516231975555423,9.269563751220703,4.384592742919922,1.6314285612106325,0.5968149864673615,0.5067181408405304,0.7110025697946549,2.095232793688774,4.4623225927352905,8.329547848701477,11.537341423034666,12.955280265808105,16.521641845703122,10.376884479522705,4.506943693161011,1.697136025428772,0.5079697394371032,0.49201184689998634,0.9795883266627788,1.9272413843870162,4.810054559707641,9.22182328224182,11.76129919052124,14.689493370056152,17.474461936950682,10.781068115234374,4.127146854400634,1.703248381614685,0.5133139389753343,0.40226354598999026,0.6410168766975403,2.8561825716495512,5.096294741630555,8.282700128555296,11.5599853515625,13.989935722351074,17.763855743408204,10.794524974822998,4.31553249835968,1.5553161549568177,0.568711319565773,0.3736621975898743,0.5986772342026234,1.858198816776276,6.209313349723816,9.053669776916504,10.798095779418947,12.694816665649414,16.355919666290283,10.768410778045652,4.54505181312561,1.5773488795757293,0.6308313965797424,0.43809218257665633,0.5953005087375642,1.732604286968708,5.173814053535461,9.13548592567444,9.377463130950925,14.001303462982179,15.582331027984619,8.342271938323975,2.8546254348754885,1.1055860924720764,0.4623966783285141,0.3907243534922599,0.7841297227144242,1.5197893387079238,4.033880319595337,6.185406093597413,11.048367385864257,13.615292778015135,14.732523994445803,8.983301849365235,3.5791623115539553,1.532385455369949,0.6458122009038926,0.291469212770462,0.49125780075788505,2.128377680033445,4.020871157646178,7.635476250648499,9.932939033508301,13.36584074020386,15.415883140563963,9.879050045013429,4.524115390777588,2.3746466350555417,0.7275939309597016,0.5540477520227431,0.7609676590561867,2.310294704437256,4.671144604682922,7.913394536972047,9.942905569076538,12.521165657043458,15.01135269165039,8.400219688415529,3.2854926347732545,0.961535736322403,0.4528567373752594,0.3000441148877143,0.8005126579105853,1.5487953341007235,3.9188083469867707,6.855238380432129,10.969938316345214,13.022756156921385,16.80326919555664,8.764927110671996,3.5125151538848876,1.2833064830303194,0.5593497505784034,0.33817530602216717,0.8187923249602319,2.685720030963421,4.956985111236572,8.528682022094724,9.985574951171873,13.05665594100952,14.28614715576172,9.622810707092285,3.404428997039795,1.4151569867134095,0.67988283097744,0.37318592369556425,0.539097023308277,2.1317530918121337,4.913313579559326,7.965182743072511,10.305656995773315,13.888590183258056,15.201050319671632,8.89553020477295,3.6581665134429935,1.4209664249420164,0.7015386873483658,0.4959185248613357,1.0643019366264344,2.4298777997493746,5.086389489173889,10.501064443588257,10.328735828399658,13.164416980743407,15.873891696929935,11.148403701782225,4.193129892349242,1.495298666954041,0.5240233659744262,0.39799341797828675,0.5901666057109832,1.8583545476198196,4.384450418949127,7.715917882919311,11.004253664016723,14.992745532989503,16.57676929473877,9.851395015716554,3.965575852394104,1.8325586593151093,0.8136776131391524,0.5772317546606064,0.8585570800304412,2.4384364236891267,5.518930666446686,8.144799456596376
198,0.009878618325456,0.007782417532871419,0.02549432280356992,0.7244397461414337,0.6627504289150238,0.1343911953270435,0.05168457664549346,0.02079399954527614,0.00816051755100482,0.02363149528391656,0.025430322904139695,0.01504168482497328,0.004315950160471363,0.002575121893573812,0.021880546918446226,0.30213508643209935,0.3759944662451744,0.14067244440317148,0.046217410396784495,0.018478539753705208,0.008036146014928764,0.024367954200097262,0.024104460523230908,0.014891363569913618,0.005773704245329961,0.007222811210558529,0.049319275729430914,0.5804972556233406,0.6232611653208733,0.23887952964752915,0.06690764399245377,0.030004500169306957,0.01544928425922984,0.04429397397674616,0.0453686393378302,0.021570214232196988,0.012931025004945649,0.013185910241445487,0.13329083485528823,0.7113502299785613,0.6317905429005622,0.2071429402194917,0.08434124339371915,0.02821629550307984,0.009825946483761037,0.06005078409332779,0.06791200947947795,0.03175301111303266,0.008674136231356858,0.005353696636639098,0.0863195137493312,0.559227112531662,0.5278030091524124,0.21288868766278024,0.10054532986134287,0.026918605137616347,0.010750389490276523,0.03943511218880298,0.04255657122936096,0.02232194424606854,0.031585129163140616,0.015359544999955644,0.042000225697411166,0.6481903377175331,0.7485538795590401,0.2726586353778839,0.06617257557809347,0.04648630455136295,0.018316740114241798,0.052519572516903236,0.10810792166274037,0.07391049673315134,0.017980358559980193,0.012146347784218914,0.04168291090900307,0.5355804631114005,0.47238073408603676,0.176716423779726,0.06392549954354759,0.02269215308129783,0.009369464134797403,0.07999861221294845,0.08495539191178975,0.03153421316936141,0.011841065740154541,0.01251566230184831,0.10471179041720458,0.729072300940752,0.5768218886852263,0.20476576820015904,0.03871051874011751,0.027192862890660714,0.012358949445188009,0.04455457105301317,0.08579226406291122,0.027269884675515603,0.011693161872099095,0.007170429417455984,0.04419238908216351,0.811441459953785,0.7605221295356751,0.2326432283967733,0.09298122122883792,0.0375937575101852,0.013186200158670483,0.04692491030786182,0.06415271548554297,0.029144784763921006,0.004273339335049923,0.0024450066199642123,0.03479013337753708,0.4790226310491562,0.441058663725853,0.22370344482362267,0.06719446642324325,0.01834408324211832,0.010058391503989647,0.022692457131342908,0.04023234717082229,0.015607726895250326,0.01347252221545199,0.02672207736235573,0.09939292339055096,0.7516352969408036,0.5778759823739529,0.21413676559925077,0.11628111153841017,0.029410988185554692,0.00959887205623086,0.06847769780317317,0.05940512533765281,0.026217277026735198,0.012996644944651007,0.018454392696730736,0.10877678697346707,0.7464144614338876,0.6388390278816223,0.42305395215749736,0.15709690183401107,0.058548202253878065,0.014336308659985609,0.06082641365937884,0.06430402365513141,0.03167609480733512,0.009358793892752102,0.008466618195088774,0.06273668774294487,0.5694920116662979,0.47192530646920205,0.1358768988028168,0.06869099557399745,0.020272734612226433,0.009750390998087785,0.024287838530726684,0.03736050509847696,0.015950835320400026,0.012330042484682004,0.010455197710434686,0.06929525030456712,0.6386124600470067,0.46826917290687564,0.23350806962698697,0.08366943560540671,0.038607559427618926,0.01630619743838902,0.0732999847643077,0.09418849529232827,0.04060792151052733,0.014654486092622349,0.010837033020798064,0.07874969071999652,0.7270225617289543,0.5370715679228305,0.24568717956542968,0.08470028856769199,0.03875354103744026,0.014644319303333708,0.059544023629277895,0.0921960792317986,0.035633528358302954,0.030871015507727806,0.04417575619881969,0.2057848643697798,0.6834272921085358,0.6824868977069855,0.25817736946046355,0.08159416440874334,0.04150604102760549,0.013962224186398042,0.058770310615655,0.07152110059512774,0.04933769713796205,0.009657358791446264,0.006900530529092015,0.10033783743390809,0.630078636109829,0.6406293740868569,0.21950717225670813,0.0798988725431263,0.019007282741367766,0.009182522655464657,0.029151748325675676,0.028067288314923583,0.014630614010384253,0.006904316276813874,0.004514835351910685,0.053794703199528116,0.49101030945777896,0.4978490348160266,0.24357576385140417,0.11236025057733054,0.05974053181707854,0.011115105031058146,0.03667268942808728,0.067596683781594,0.018024807802867103
199,44.01511917114258,51.541053009033206,46.187258911132815,29.3777286529541,15.525928497314453,10.757726955413819,9.692384147644043,12.083162784576416,17.306011867523193,16.404752922058105,27.1009464263916,27.53814277648926,32.2516565322876,32.914242897033695,41.18185150146484,31.61493450164795,17.944658336639407,13.999706058502198,11.042597436904908,10.366350407600404,9.701817488670349,16.67325182914734,25.69418058395386,36.87768413543701,36.71652465820313,35.86308277130127,43.34370887756348,31.89891532897949,16.16452838897705,14.347875900268553,9.885334224700928,9.817995758056643,12.107743706703186,16.769620838165284,26.75693588256836,35.591152114868166,37.214967918396,40.49127956390381,44.8523526763916,35.28091743469239,20.403116321563722,15.931344547271731,15.237500038146973,11.408131537437438,10.868859314918518,15.925264921188354,22.93804485321045,34.69328456878662,33.99789379119873,35.83758121490479,43.0060969543457,30.164394073486328,18.540154399871824,16.234163398742673,15.843992648124694,12.041707987785339,9.918612254858017,13.027820053100584,25.051030559539793,32.00837188720703,32.21643951416016,33.68480247497559,47.27183387756347,33.925774040222166,19.176129035949707,13.520648212432864,11.138762407302856,8.99664956331253,10.458210563659668,13.140402978658676,19.865739464759827,31.647322094440455,29.53708034515381,34.3594225692749,42.02221992492676,31.915016174316406,16.5803715133667,12.83470341682434,10.505756387710573,8.776763396263124,8.938624486923217,13.160111492574217,23.762633113861085,26.68680103302002,34.099041061401365,39.949695053100584,42.006542625427244,28.067218360900874,16.05500843048096,10.81019341468811,10.34625792980194,10.30953408241272,11.624794547557832,12.744549479484558,20.100268001556394,28.694963912963868,37.19785289764404,37.76187072753906,41.36148338317871,34.85741214752197,17.785347690582274,14.62012628555298,11.013512454032897,9.240928392410279,8.154429903030396,14.309735908508298,26.434066047668455,34.60047340393067,39.64579830169678,38.584387969970706,42.78530639648437,33.22139450073242,17.222001876831055,15.850389652252195,15.294927625656126,8.89198235988617,10.82182271718979,15.605154139995573,25.736690320968627,35.170653610229486,36.65793458938599,40.55386856079101,49.203809356689455,31.917792091369627,19.79696071624756,15.483390111923217,10.858014669418335,7.64623590707779,9.627164802551269,16.595928649902344,24.23406167984009,33.54521238327026,32.60128295898437,34.6800124168396,41.28662284851074,30.15695411682129,16.75966608047485,13.955797424316406,13.447030000686647,9.560941452980042,8.412523877620696,12.231243686676025,21.463261394500734,31.728011589050293,34.795067901611326,34.24192344665528,41.02018928527832,33.760224456787114,21.033333892822263,14.21518820762634,9.848667187690733,8.91948030948639,8.050062685012817,12.86381829738617,20.495441694259643,28.122361793518063,38.02079135894776,37.36645080566406,45.71712852478027,38.348681640625,22.60979923248291,19.06671760559082,15.298154354095459,13.687662057876588,15.381338946819307,17.65793615579605,23.389767055511477,35.62068241119385,38.26602611541748,40.991265792846676,43.14409454345703,32.444594383239746,19.722134456634524,17.848665256500247,11.921247177124025,9.014289104938506,8.725788707733155,12.761088218688965,23.659197158813477,32.39652297973633,32.24040119171143,35.14109657287597,44.17937767028809,34.36004238128662,20.720071678161624,17.173796763420107,12.136551418304443,10.797414059638976,9.015588111877442,16.377859649658202,29.785936508178715,35.60983142852783,39.76052774429321,36.630729866027835,49.01363922119141,34.262607955932616,20.530291175842287,14.783098173141479,12.960601100921632,12.802936964035032,11.887416305541992,15.261083097457885,25.268006801605225,35.97955345153808,31.484986915588383,36.947709465026854,45.20228485107422,34.56902076721192,21.13075193405151,15.869442591667177,12.580693783760072,11.784216709136963,12.155631523132325,15.8111683177948,23.414617137908937,30.107136993408204
200,52.457505798339845,46.61557502746582,47.643106079101564,25.930132102966308,7.742821574211121,1.0122467756271363,1.566463255882263,8.85696439743042,14.463869094848633,35.91633415222168,49.51019134521484,48.15865783691406,54.50833061218261,46.8622590637207,43.91375797271728,30.41534847259522,12.117687211036682,5.716657738685608,0.7715742492675781,-0.08124492287635796,11.180353193283082,27.13211519241333,45.72215194702149,55.65428955078124,59.18274826049806,49.4772912979126,42.66972511291503,27.435836143493653,13.090256867408755,6.71722054719925,4.462742121219636,5.4448566031456,10.381722538471223,25.208435649871824,36.73006145477295,46.21509685516357,59.67694534301758,51.424656829833985,41.84885025024414,25.79147804260254,8.722205343246461,3.7694551408290864,2.8666390478610992,2.459677863121033,11.76308431148529,27.642470285892482,43.51119990348816,52.638953552246086,44.51885597229004,43.10277587890625,45.34352966308594,29.271548919677734,8.677009000778199,4.859465186595917,1.5700910997390747,1.7782328999042512,10.17925721168518,29.637653520107268,48.310139617919916,47.38433135986328,53.35638660430908,43.53405467987061,40.21001262664795,26.517183380126955,8.431029444932939,3.0968309390544895,0.5834754168987274,-1.233304190635681,5.867562842369081,22.561439666748047,38.41922275543213,51.048403587341305,51.86742279052735,44.84144374847413,36.09167243957519,25.911069831848142,10.607127611637116,6.124442529678345,3.0458839464187624,1.4631471252441406,7.842054747343063,24.665805263519285,42.178479775190354,44.55658981323242,53.577756080627445,50.13816257476806,41.66799411773682,19.64987682342529,4.888568674325944,0.8711690723896026,0.06027364730834961,-0.47985464453697213,5.149330830574035,20.078701152801514,36.12283967018128,45.73553031921387,58.811315002441404,54.97816703796387,44.97196617126465,27.758333320617673,10.7337779045105,4.56913125038147,1.7232292103767393,2.1656275898218156,8.242036051750183,21.37284119486809,31.245910301208493,47.58947380065918,55.84599571228027,48.109696273803706,41.432712631225584,27.93224327087403,6.862640269994737,1.0854843187332155,0.8796913599967958,0.6952014708518981,6.9012264823913565,28.358472237586977,53.538812637329116,55.235390319824226,58.597866210937504,52.30567100524902,47.186173858642576,27.374826736450196,9.294594461917878,2.7060632121562955,-0.5470957767963409,-0.673870282173157,8.21436017036438,25.91275552272797,43.17784118652344,56.43716491699219,54.19011459350586,46.85381790161132,42.02035125732422,25.37426891326904,7.759602553844452,1.212404112815857,-1.5036039686203004,-0.4397355306148526,4.60988939166069,18.611768741607666,41.17484378814698,51.5147396850586,53.061091079711915,47.44734298706055,45.955829010009765,25.563627529144288,8.050814499855042,2.198192553520203,-1.0560537600517272,-0.20232706308364862,6.781321542263031,23.373914330005647,43.66308805465699,53.106093368530274,60.4539762878418,55.21104286193847,45.715000305175785,28.466657905578614,10.426466012001038,7.052378916740418,0.9579745757579804,2.288557014465332,11.548526581525802,28.166273775100713,43.114491844177245,56.78350402832031,67.70763626098633,55.43370391845703,47.09074363708496,29.54074172973633,11.755793268680574,4.963713614940643,2.263383103609085,0.8491271877288817,6.135120453834533,23.108278846740724,39.11732318878174,54.07796356201171,52.53759490966797,49.467767333984376,46.61676780700684,31.729295692443845,12.075655369758605,7.673345632553101,2.6362022745609286,4.035398423671722,11.440266966819763,24.23150683879852,45.55791694641113,53.18988372802735,50.54677307128907,45.55333427429199,45.203313293457036,26.86238597869873,9.823886173367502,3.215904433727265,1.8941889524459838,1.659929986000061,7.006335928440095,24.71895887374878,38.704636354446414,50.50418418884277,53.69153747558594,47.7142894744873,42.63843620300293,29.084617614746094,10.273512670993805,2.9519937849044804,0.09224056959152209,-0.29957523941993713,4.935487986207008,23.79431302547455,37.435520286560056,46.90274711608886
201,49.01881370544434,14.977610683441162,4.159966427087784,2.983090478181839,1.1662309408187865,-0.04112849794328214,0.2223236843943596,0.2974039580672979,0.3465864714235067,5.155221228674054,15.84334148466587,37.51488225460052,31.473678016662596,26.314969997406006,20.347834067344664,10.363128428459168,2.9205279208719728,0.8941074340790511,0.03133298091590405,0.18853072941303253,0.6359772814065219,7.140186447575688,17.774761637449267,40.36139230728149,49.15473199844361,36.90737832069397,18.33906486749649,7.7094090366363535,2.5925814819335935,0.12532884880900386,-0.08240180164575577,0.06575605891644956,0.39073748692870136,5.0309968770714475,10.88205883026123,39.69646961212159,33.26564098358155,34.467437152862544,17.828547304272654,9.24293982386589,2.8496688167750834,0.4352890115976334,0.06273450024425983,0.17062705650925633,0.39657699132338164,4.697459461390972,16.903737773895266,29.903987131118775,53.48661918640137,44.17486603736877,28.544282467365257,18.8582751005888,3.276888350173831,0.07097185090184212,-0.20226212322711942,-0.000487114340066902,0.642597286272794,5.156945067942142,21.176863586306574,40.959148254394535,26.482655158042906,27.493612899780278,12.317024717330934,7.662289789021015,3.186330633163452,0.15166009426116944,0.08004712641239167,0.18791436716914175,0.47980011418461804,6.805693960785865,12.886632000803948,29.871868302822115,36.47709586143494,25.069407526254654,11.26558736309409,7.523042737841607,2.285659686625004,0.36361300155520443,0.1996598184108734,0.2683613749593497,0.4624143961817026,4.763018667548895,15.863138792514803,34.253862957954404,47.30890468597413,46.0279207611084,23.06692096352577,10.4739821857214,2.174342445284128,0.6482564553618431,-0.017008781284093867,0.008314616903662697,0.6534113609790801,6.186182386577128,22.630696806907658,36.84574732780457,30.593961353302,24.42440178871155,16.5305640745163,12.619374064207076,4.786549367904662,0.302044340968132,0.049643981307744986,0.13057882800698278,0.508493568599224,5.505964543856679,18.813609931468964,34.53596430778504,34.695420598983766,32.156207189559936,15.741641644239426,7.9751379013061525,2.1607698121666905,0.34730980172753334,0.11894049026072025,0.2295183937996626,1.5914990963041784,2.9211935207992794,7.058611390590667,30.246567382812497,31.565288677215573,29.198705987930293,15.667603493630889,10.305035000741482,2.4133065420389173,0.19253649339079856,0.13487442687153817,0.24670196048915383,0.4047872584313154,4.408701241016388,13.989667908251283,26.545649423599247,29.43511869430542,35.734289445877074,20.447616357803344,12.771910793781283,2.8171846830844878,0.19538612008094786,0.04741095423698425,0.16536151573061944,0.3995836487412453,4.3441363716125485,11.439085283875466,26.578066787719727,40.594413738250736,37.98977757453919,15.248186564445495,5.17825537443161,1.743348768055439,0.031434110850095766,0.026610456556081775,0.14637228198349478,0.4717044153809547,4.818466229774058,16.801519827246665,30.551989109516143,23.736627607345582,24.99477840423584,11.159135706424713,10.370863915085794,3.079931248426438,0.6807152613997459,0.1962881698459387,0.23283625125885007,0.5516630388051271,5.664047618508339,18.285864806175233,22.291411134004598,50.396245040893554,36.4272801208496,16.329829251766206,6.08798221230507,3.049929395914078,0.4440374100208282,-0.01057454019784929,0.12797246299684048,0.7127873140573502,9.697395003437995,23.58984415054321,38.059100475311276,54.49441188812257,39.72531803131103,20.799505541324613,8.884774672985078,2.052415869757533,0.3146815839409828,-0.009216701611876483,0.08141870602965355,0.5430287735164165,5.237884782999754,14.936819137334822,34.41508862495422,54.46731475830079,34.71054644584656,22.167181276679038,7.5291336107254025,2.648098610341549,0.11423424877226354,0.02239002004265786,0.11557906836271285,0.3359458085894585,2.9101829867064954,18.73070087194443,39.34349328041077,27.604281091690062,35.042915372848505,17.476391592025756,9.232224483191967,2.510082117319107,0.23328493267297742,0.09842440336942673,0.18988677918910984,1.1720551031827928,4.8547744568064815,18.9839084982872,37.21818726539612
202,30.91098346710205,32.01046524047852,23.01100730895996,18.933194160461426,11.013360595703125,7.9090252876281735,2.5463898181915283,4.4834636688232425,5.000608372688293,15.435077476501466,19.107661151885985,19.84175338745117,26.915147094726564,27.364095764160158,28.934716262817382,20.142377853393555,15.027313060760497,8.521778302192688,3.7940528655052184,2.2683823668956755,5.753896670937538,15.83181806564331,25.17707971572876,31.683382225036627,28.384012603759764,28.01475257873535,22.56933734893799,16.92433162689209,11.431246538162231,5.933946237564086,2.733205671310425,2.7811045038700106,4.968195812702179,13.361457185745241,19.136477031707763,25.957383728027345,30.53146350860596,30.682727661132816,26.683822708129878,19.23346004486084,14.980917167663574,7.037578077316285,3.7257412314414977,2.074315114021301,4.483501076698303,10.57106165409088,18.391998233795164,27.15408366203308,30.069833335876467,31.482678947448733,27.462458496093753,21.124917755126955,12.247920665740967,7.200201830863952,3.5049778521060944,2.363591473102569,2.889616131186485,12.935755131840704,21.54076333999634,24.855809669494626,25.879143142700194,25.575986442565917,24.53707817077637,18.074090423583986,11.364480819702148,4.106748476028442,2.4506821942329404,2.186828246116638,4.643175428211689,11.147240986824036,17.527174320220947,25.235714111328125,28.312593994140627,27.295181388854978,23.811784706115724,16.37963134765625,9.54486701965332,4.072140314579011,3.252252705097198,2.427622402906418,3.9351867485046386,11.199864262342455,19.059661521911618,22.238354301452638,31.607669105529787,33.87797210693359,24.01053981781006,14.943762197494507,9.619150352478027,4.903436696529388,3.8954371571540833,2.051109600663185,3.6287569046020507,10.045383310317993,20.087566251754758,28.157563743591304,27.040061149597165,27.26924644470215,23.44449192047119,19.584534015655517,12.745318460464478,5.392239198684694,2.4602575874328614,2.3834718692302705,3.3040982925891873,11.720362952947614,18.31246010780335,26.024035110473637,31.058752365112305,29.252329216003414,25.46607006072998,19.031711959838866,9.451976184844971,5.870520315170288,3.583847854137421,1.828380936384201,4.34402242898941,12.742383713722228,18.848416347503665,29.04270984649658,30.809724082946776,32.62748802185059,29.170101928710938,20.52870487213135,14.137383890151977,5.759227557182312,2.394787240028381,1.2229997527599334,4.058437774181366,10.752950477600098,19.585759868621825,25.70856887817383,25.387816009521487,29.049800453186037,27.318860969543458,16.427139329910283,10.653528661727904,6.261477618217468,4.024328010082245,2.1431480407714845,3.490590240359306,11.737182645797727,19.489292097091674,24.07320903778076,32.977393074035646,32.37155853271484,29.186685676574704,19.418288497924802,14.803276081085205,5.988855233192444,2.9357043957710265,1.95907559633255,2.1140358710289004,11.581086215972899,19.866295471191407,25.873646354675294,29.364981002807617,29.951583480834962,24.388349227905273,19.987045707702634,13.087540283203126,8.331588401794434,3.9073911738395695,2.5577686929702756,4.7409009265899655,11.865018339157105,23.062163314819333,26.166302947998048,32.03470684051514,31.48204521179199,23.426525497436522,18.335818519592287,11.388896470069886,5.385948677062989,3.238518476486206,2.3492606270313265,3.9246847891807555,13.084048273563386,21.9444144821167,26.161259651184082,31.53818023681641,31.28361675262451,26.08637916564941,18.471150970458986,11.299084091186524,6.057025260925294,2.9487683629989627,2.281126320362091,3.946239893436432,12.711746330261231,22.20419780731201,26.398733139038086,34.12460868835449,28.805923576354978,28.70635059356689,20.48352547645569,13.677611036300657,6.309271073341369,3.8592958092689513,2.61384490609169,3.6361504626274113,11.005783046483995,23.51118007659912,30.037265396118165,25.590598316192626,32.024386672973634,24.323220443725585,18.11212049484253,11.907896833419802,4.630063276290893,2.7266490399837493,2.217061793804169,4.160809243917465,11.492430977821352,18.358000640869143,24.565621643066407
203,396.3064025878906,398.3670928955078,340.11903076171876,201.90457458496093,87.12237930297852,41.47753067016602,17.93556320667267,31.064907550811768,34.48048114776611,107.32063865661621,204.60998992919923,250.85361938476564,373.5991198730469,356.4309783935547,346.5851055908203,229.23768646240234,125.64087341308593,70.05833934783936,25.03533080101013,11.585683946609496,25.501565427780154,91.81244125366212,202.71702377319335,350.4019750976563,404.7274890136719,360.49588195800777,294.33581359863285,203.94763061523437,99.52079574584961,51.602903079986575,22.643478497266766,22.262570166587828,35.562048659324645,93.86908336639405,178.15669342041014,316.85657958984376,413.5155334472656,380.12781127929685,310.4582067871094,199.58635345458984,107.37282699584959,54.07015201568604,25.282831022739412,16.472778925895692,33.60110476016998,86.63768538951874,180.0031932067871,329.710986328125,375.6271875,359.27256988525386,325.7544802856445,237.3238833618164,113.64675453186035,66.66633140563964,32.17538252830506,17.97099566459656,21.79529333114624,84.34477750778198,196.1420608520508,290.90738311767575,343.43414062499994,330.3079641723633,294.52468444824217,209.7322021484375,100.14415428161621,38.278817424774175,15.26889953136444,4.957064657211303,22.9399152469635,76.24689378738404,149.09441270828248,293.0386332702637,365.5228405761719,337.0895611572265,274.1392834472656,187.9795930480957,83.75618377685547,38.30305722236633,16.46492380142212,10.392719557285309,21.004367647171016,80.56522781372071,179.96041099548341,266.9762557983398,382.86455932617184,390.9181402587891,297.67778198242183,155.0287222290039,73.28359985351562,33.20797975540161,18.88220578670502,9.283965163230897,20.49345809102058,60.87020002365112,145.68036476135254,286.1194580078125,379.19377258300784,365.13352966308594,294.94316467285154,212.03824615478516,104.31342582702636,40.39723371505737,13.980399692058564,15.963747255802156,21.289438012838364,66.59332000017166,159.54608688354492,302.76054016113284,432.4775097656249,360.1028289794922,305.8729962158203,220.48709869384766,82.01692192077637,37.75120371818543,20.951640839576722,8.188148236274719,25.55322845041752,92.8531148147583,200.06699829101564,334.7276879882812,426.4015069580079,410.5660394287109,353.08840606689455,220.2074674987793,126.78392316818238,51.503322505950926,20.071936455965037,7.361232491731644,20.76203921318054,70.70305199146271,163.9401773071289,307.1229187011719,352.65593505859374,353.3696051025391,320.7811218261719,193.58289154052733,79.4732526397705,39.73746257781982,21.48219256877899,13.559355754852294,20.770451099872588,70.48184989929199,177.73418884277345,299.63185485839847,402.4805749511719,378.4393481445312,341.7702661132812,209.35552612304687,107.04074676513672,42.16909437179565,13.706669502258302,8.441231546401976,11.921521782875061,73.2951721572876,176.05143383026126,308.86275970458985,434.06553649902344,375.02643615722656,303.95505493164063,214.39438537597658,107.8950521850586,55.96113737106323,31.986870803833007,18.261591374874115,33.80025832414627,87.34561748504639,194.664227142334,337.2724383544922,457.60022888183596,406.4239587402343,304.1125732421875,198.27034942626955,107.54774124145509,50.62121781349183,27.512752773761747,14.557610912322996,26.87316613435745,89.20644870758056,208.89161071777343,336.8449099731445,390.1130859375,394.7169812011719,332.03021545410155,219.0525341796875,104.10482498168946,48.62119298458099,23.996278028488156,16.01719007849693,24.671237679719923,83.5056449508667,207.83139251708985,327.9962042236328,425.9751623535156,382.9303045654297,355.55247802734374,242.81241790771483,114.32149520874023,49.38734495639801,28.03018265485764,20.213600680828097,20.5036834192276,70.77343654155732,187.10981323242186,334.3966064453125,355.40421752929683,372.59519531250004,300.32083007812497,202.91550552368165,105.40337284088135,45.83395379543305,17.17557029724121,15.650534002780912,22.972886095046995,70.9683991241455,154.8105841064453,272.2527728271485
204,216.1496124267578,184.45807800292968,145.98589477539062,86.55289916992187,34.59858169555664,24.173158764839172,18.09336700439453,23.048408126831056,34.85409088134766,114.39297637939453,165.66020812988282,161.96265411376953,193.6584194946289,168.9497738647461,153.9214680480957,107.00894409179689,54.2773055267334,26.32977416038513,10.587302432060243,14.10551525592804,37.922248575687405,92.91612045288086,171.18087356567383,187.57931335449217,197.9361915588379,168.9337519836426,146.109462890625,94.23480697631835,47.55223587036132,26.601610229611396,17.067694264650346,22.694645891189573,41.42363540649414,81.89936248779297,123.04876724243165,167.96372863769528,196.06899017333984,168.62401245117186,137.3303134155273,88.38101501464844,44.9803868484497,21.473398280143734,12.916950119733809,16.24261610746384,39.71883912086487,86.40752353668213,136.1597361755371,177.50662994384768,174.64647613525392,149.93587219238282,149.66434997558594,101.1103955078125,41.81783496856689,28.61347983837128,18.63143677353859,22.407267752587796,36.63410681724548,96.57783282279969,138.79481323242186,155.34295837402345,162.39625213623046,145.89269332885743,126.50118530273437,104.25464569091795,55.902019081115725,29.272528080940248,12.904792159795761,15.193596774935722,32.73390430450439,85.9522193145752,137.79419441223143,159.7366848754883,182.96788452148434,169.89565048217776,124.0909226989746,92.85206405639647,53.81617362976074,30.00165985107422,13.112791090011598,18.363610258102415,37.63417050361633,76.2176025390625,125.50126525878906,150.20095458984375,188.77591522216798,180.8535028076172,140.33123504638675,81.64950302124024,40.9084169960022,19.33252609729767,7.671827370524407,14.179651880264283,32.93468117713928,70.91611679077148,106.23772994995116,157.37846313476564,198.91263061523438,174.13463500976565,139.37003982543948,99.83731155395508,51.30588317871094,23.99572509288788,8.3219837641716,12.936179981231689,32.16840964078903,80.35806586265564,124.48760971069336,171.94045318603517,198.5354476928711,177.7392761230469,141.13625457763675,99.47418792724609,47.18766441345215,17.345137068033218,6.53852713048458,11.774137058258058,33.04960475921631,96.28298416137696,164.16967651367187,176.9217678833008,195.7269122314453,171.14286865234376,148.47182556152345,97.6236068725586,55.91088027954102,29.2706337928772,11.218616824150086,11.13716878414154,33.94002190589905,81.27976676940918,141.52030548095703,173.1122479248047,179.50019317626953,163.58804443359375,155.74873306274412,98.57307525634766,41.43165733337402,20.5210546875,10.469196472167969,17.209723672866822,32.11393753051758,87.91050437927247,155.58187561035157,172.90399780273438,191.19443664550778,168.6056101989746,150.9126770019531,105.40576049804687,45.694942550659185,17.48161294221878,12.958592536449434,17.835195417404176,37.447611999511714,79.91374118804933,139.88520774841308,168.19456329345704,198.88780120849611,175.57903869628905,146.6112973022461,90.45999862670898,47.43387977600098,26.772578763961793,9.04776057600975,13.346180853843688,35.325631017684934,80.35992897033691,137.01794647216798,184.6945037841797,216.9477752685547,188.5265316772461,164.1078405761719,100.54504608154298,54.016658096313485,27.79283867835999,13.98492364883423,20.72467380404472,37.71698233604431,86.35629405975342,147.84319641113282,191.73769500732422,183.0401364135742,168.14548889160156,156.54993743896483,101.73430374145508,51.76360763549805,29.43277894020081,14.6865758395195,21.549367265701296,41.63225114822388,85.57358989715577,144.40779205322264,158.85841308593749,185.75261322021484,166.97258697509764,148.18683868408203,102.18623809814453,49.414867553710934,23.766928173303604,14.003034076690673,17.547799210548398,35.9928499507904,88.74608894348145,143.3184616088867,177.56027526855468,180.50265045166014,164.0535794067383,134.3635357666016,98.60550636291504,51.198244132995605,27.9967605304718,10.850830116271974,14.894317836761477,28.721492662429814,83.04408710479737,132.0862208557129,166.04294677734373
205,8.805053317546845,-4.24693603515625,-4.7404838562011715,66.6110450744629,91.83430328369141,19.050548052787782,-16.264017868041993,-13.55732045173645,5.0216049432754515,42.26366271972656,101.24941291809083,56.117455673217776,15.48330070734024,-2.684905887842178,4.557859377861023,87.48903998851776,114.16045425415038,8.856899187564851,-20.982030296325682,-19.448237345218658,-3.9764164090156555,30.8764905834198,69.3010183674097,51.47953331112861,19.432732400894164,3.173630218505859,4.811492199897766,93.45269045829774,138.3293656158447,8.372932929992677,-29.078398933410647,-28.29530330657959,-13.240961532592774,28.709569120407103,74.36622344970704,59.55784523010253,14.576962583065034,-5.7177487564086915,0.9569167208671573,88.91518833160401,114.1410415649414,-3.8398797225952146,-26.253638992309572,-22.700228176116944,-6.626140532493591,30.06709438323975,71.71986921310425,59.654199912548066,5.4288859581947335,-9.452259283065796,5.219033412933349,72.80737426757813,105.00142589569091,-0.10844852447509697,-27.624474906921385,-21.42302963256836,-2.4253778076171875,44.8853081703186,77.60859732866288,42.26335233449936,12.654732975959778,-5.52550971031189,1.6232726943492892,93.78256163597106,106.11791564941407,0.4427992725372311,-24.39712821960449,-26.34388959050178,-7.4655834746360785,29.92079916954041,67.30910144805907,53.569305992126466,22.314099652767183,4.534908981323243,19.129870147109028,88.05945531845092,79.45030034542083,-6.755692472457885,-27.937873516082767,-28.604239950180055,-16.088694610595702,17.23440740942955,54.98263157844544,60.191484866142275,16.06791310071945,11.892426314353944,16.318434734344486,69.29372828751802,69.13693103790283,-6.435896625518799,-25.394893379211425,-23.968211336135866,-10.989746847152709,18.599025759696964,52.557827200889584,42.097622299194335,30.34720085144043,5.9816290950775155,18.34404666185379,110.81226900458337,73.78058246612548,-6.458929544687271,-25.742378482818605,-23.493816585540774,-7.116719052791597,24.243783826828004,60.119667510986325,51.67319648265838,29.4648056268692,0.6711323165893555,3.947890782356262,92.61830589294433,82.12009443998338,-5.809005286991597,-29.655408134460448,-25.776441955566405,-15.099816215038302,20.001352787017822,85.31700264930726,81.10175356864929,22.607590000629422,-0.215854666233063,17.883938312530518,106.80295928001405,97.43720043182373,-4.890123989582062,-29.089336509704584,-27.504019832611085,-11.362098693847656,16.991876897811892,53.03911163330078,48.54229093551636,39.16679784297943,7.299403772354127,12.880278260707854,84.9486236166954,88.52661268234253,1.3022797775268553,-25.03983281135559,-24.936815795898436,-8.090924367904663,28.12065246105194,82.07105892181396,76.78733944892883,29.637164859771723,9.910352731943131,21.413919496536256,112.79876495361327,82.80923118591309,-9.036806015968322,-26.20138050079346,-23.473421783447264,-10.784732666015625,22.19001232624054,65.20889051914216,68.25226934432983,41.66788355827332,9.15316633462906,9.902278950214386,93.20631824493408,107.23861686706543,0.18597693681716915,-28.201799430847167,-24.94045524597168,-11.994795680046082,27.416283676624296,67.44011039733886,66.62146397590637,42.582013764381415,10.130674775838852,17.482432489395144,91.22264445900916,96.92090827941895,-8.752179679870606,-29.940995270013808,-28.62572193145752,-11.047573432922364,22.99400050163269,61.5115267944336,68.16289750933647,26.227740330696104,7.378018300533294,19.102374534606934,95.57195907592775,87.287474899292,-5.495650758743286,-27.941487178802493,-25.16545686721802,-14.69596976906061,15.11050242424011,65.73322568893431,49.325968317985534,16.664563179016113,1.3336403846740716,1.734619731903076,61.055270838737485,68.97663566589355,-9.907517194747925,-29.961130104064942,-25.35464626312256,-13.539564104080203,13.73522983312607,55.34675218105316,49.29196843147278,36.07824421644211,1.100437328815461,-6.482141923308373,87.88872991561888,100.09814946174622,2.569070360660553,-23.39815851211548,-23.359302520751953,-10.1369593334198,25.681116435527798,53.606871981620785,53.08858620166778
206,12.430881881713868,16.78927707672119,14.491358375549316,17.398194885253908,17.240443229675293,8.356715774536132,3.5062512397766112,2.0956999540328978,9.466725540161132,13.871477222442627,14.734019422531128,10.466641235351563,14.171934843063354,15.875162506103516,12.059225254058838,15.165616359710693,14.73400691986084,8.174644632339477,5.53947790145874,4.34906623840332,8.293585758209229,11.833447275161744,13.967968788146973,13.190095310211182,13.48062050819397,14.079445362091064,13.526859512329102,14.384110536575317,11.486290378570555,8.333162441253663,5.037768816947937,4.030007646083832,9.68257047355175,12.910811748504639,14.939126853942872,12.892809066772463,12.594793376922608,14.026544170379637,12.765251483917236,12.926817607879638,14.176890544891355,8.303445453643798,4.74950968503952,3.8350677180290225,9.415134649276734,14.929177055358887,14.181076717376708,13.200518436431887,13.678603701591493,14.715104656219484,11.982077064514161,12.48789427757263,12.320530414581299,6.722957792282105,4.272051792144776,3.7128928181529046,9.203698511123658,13.119431343078613,13.076594009399415,12.834855976104734,13.953474388122558,17.21940616607666,14.565406551361084,12.951062202453613,13.904076461791993,8.832940311431884,5.600706467628479,4.635042896270752,9.095958242416382,14.766451721191407,17.181235008239746,14.436954421997068,13.928488750457763,15.831416149139404,13.53958014011383,14.62558175086975,13.273205318450925,8.526382341384888,4.596817464828492,3.922139654159546,9.250669603347779,14.362594814300536,14.26410848617554,14.349722056388853,13.456207642555237,13.949277935028078,14.633674077987669,15.662349929809569,13.813459396362305,8.406965065002442,4.887876558303833,3.454536191225052,8.96995014190674,13.969870319366455,15.630610942840576,13.731535186767578,13.040983896255494,13.933266010284424,12.982342433929443,12.599648246765138,12.388903007507325,8.857071666717529,5.500873255729675,4.157642364501953,9.655202407836914,13.529251708984376,13.845406742095946,13.924507665634156,14.452033996582031,14.15430736541748,11.706231603622436,12.358489551544189,14.693452224731445,9.222668256759643,5.079366745948792,3.3471388292312625,8.977840023040772,13.821762828826905,15.383860359191894,14.738881664276125,12.153200302124024,13.568405971527103,11.927260799407959,12.615994529724123,12.539275646209719,8.206578311920165,4.770195722579956,3.6499392783641817,8.420008611679076,14.161633129119874,14.947131824493407,13.348786010742188,12.010537834167483,11.647858791351316,11.849853134155273,13.760130710601809,14.243181686401368,9.99088300704956,4.589842047691345,3.913482427597046,9.547155818939208,14.662426872253416,15.380255699157715,13.621260166168213,14.224957485198974,14.245934238433838,11.577996597290038,13.565364589691162,12.958671531677245,8.689290657043458,4.60267780303955,4.095977957248688,9.011130294799806,14.928711318969727,15.217634696960449,13.53343770980835,13.878034307956696,13.696930370330813,12.748823728561401,12.930433712005614,12.840554065704344,9.697384357452393,4.853748517036438,4.043925232887268,7.903499879837037,12.310603771209717,13.557797985076906,13.99204683303833,11.654183759689328,12.241366825103759,11.897299976348876,14.099409656524656,14.915370273590089,10.118018655776977,5.07402130126953,3.311391451358795,9.261120510101318,13.303164291381837,14.040080070495605,12.32384117126465,11.033155212402344,13.937223815917969,11.886977739334105,12.474324741363526,13.326359500885008,9.566698808670044,5.327778282165528,3.092071512341499,7.784757747650147,13.37379644393921,15.268294086456297,12.007406187057494,11.988296098709105,12.749195895195008,11.268954973220826,12.17316559791565,14.054544429779053,8.823511629104614,4.643442625999451,3.9051129662990567,9.323668155670166,13.092673282623291,13.316062736511231,11.432796020507812,13.254491539001464,10.864016542434692,11.990272922515869,12.167140083312988,12.358918857574462,8.066127262115478,5.77761600971222,3.9358769917488097,9.28271629333496,14.208276481628417,15.011168022155761,14.223817996978761
207,120.80714721679688,97.00424194335938,77.79479217529297,45.57459259033203,19.39334535598755,16.770552730560304,13.043755054473877,11.967449617385864,12.832248115539551,53.87915267944336,88.50967178344726,91.13486938476562,112.41598846435545,95.64751922607422,83.07216400146486,56.00644950866699,32.72804584503174,20.176522092819212,10.380899990797042,9.493706064224243,18.419756536483767,49.84317344665527,97.80837558746336,108.50867736816406,111.90636291503907,97.38055145263672,76.675888671875,45.70992218017578,27.792199172973632,18.816922416687014,14.022827154397964,15.505897486805916,23.93445292472839,46.84903202056884,73.06532379150391,97.97642044067383,110.2822038269043,91.920721282959,68.03624420166015,50.130745239257806,29.512545585632324,19.819094533920286,12.213582300245761,14.485967392921447,24.7640168762207,48.04345226287842,82.4524769592285,105.89684799194336,108.71396514892578,84.73388000488282,77.26601257324218,56.59694953918457,22.794181137084962,20.80623146057129,14.830941794849931,17.49681499481201,22.22885901927948,52.409217972755435,83.50295452117919,97.81781265258789,96.71637817382812,87.44407791137697,69.35307983398437,51.07679618835449,34.22037696838379,21.751447629928588,11.863272266387941,12.743392827510833,19.682140693664547,49.79935836791992,88.25980697631836,96.47616653442383,108.86218688964843,98.37635894775391,66.51871726989745,46.11776985168458,31.368686256408687,23.29483898639679,11.568638404607773,13.954970912113785,20.832364814281465,44.38000916957856,78.75236183166504,90.51981475830078,113.18691009521486,102.38316757202149,75.76413787841797,46.96206031799316,27.751613845825194,15.757692317962647,7.944278308153152,11.514431678056717,19.220938494205473,39.72630321502686,73.82088844299317,103.88342208862305,114.71889709472657,98.9644235229492,77.69743789672852,55.95685234069824,31.69576751708984,20.018581140041352,10.203886434435844,11.434493730068207,20.32952735543251,44.32957611083984,79.74781715393065,103.00006988525391,116.62321197509766,100.99811050415039,73.45664291381836,49.58445358276367,30.10544410705566,17.83119441986084,9.797149751186371,11.192086250185968,19.721473748683927,53.67955051422119,97.42649383544922,99.9878433227539,110.11457794189455,94.7085562133789,79.16261917114257,48.02153938293458,30.62689144134522,20.449326515197754,9.0639177775383,8.139255098104476,17.031607264280318,42.944792404174805,84.41485458374024,99.61375091552735,105.49854202270508,90.2398745727539,86.76587242126465,57.66437309265136,29.708819351196286,18.773122062683107,10.656094031333925,11.907486748695375,16.276600022315982,48.296316909790036,96.67682220458985,103.9017349243164,118.26960128784181,101.94342330932618,82.16479446411132,57.790347442626945,29.11050453186035,17.13781476974487,11.75094359397888,12.030160243213178,20.699222137928007,50.369972190856934,86.46113594055176,97.08484130859374,114.77723098754885,97.79372177124024,77.3194580078125,47.7114126586914,27.830182876586917,20.141603717803953,10.19980519682169,12.03674126178026,20.397786096036434,47.45133609771729,87.44929573059082,112.30305603027344,122.21619293212889,104.04571731567383,84.73702728271485,54.390964050292965,32.97195781707764,23.186329460144044,15.309018902778627,16.657518017590043,23.957112288475038,54.20649627685547,94.72617004394532,111.77731140136719,110.89969802856444,98.07580123901369,82.65207794189453,52.75214126586915,29.19514614105225,20.925205488204956,10.08278174161911,14.0115365087986,26.15992630958557,49.9520951461792,93.76336532592775,99.31013305664062,101.77253585815431,93.79211486816408,78.69874664306641,52.76506576538086,32.434362373352045,19.718980708122253,11.090715732574463,11.495679137706757,21.522376161143182,49.86855782628059,86.61488052368165,103.74121932983398,106.80901123046874,99.44131118774415,72.33116516113282,52.120524406433105,32.86452577590943,21.629873590469362,10.486029113531114,11.959760659337041,16.39495154365897,48.57536973953247,87.81138565063478,103.28809051513672
208,19.79360885620117,19.565530204772948,13.651968383789063,5.215520977973938,1.2633310616016389,-0.03941498994827268,0.005822005122900037,0.20271974354982372,0.0527246132493019,0.6677119255065918,5.712171673774719,11.463005137443542,13.41089192688465,13.519511585235596,8.165029711723328,2.6991325628757474,0.8484278012812136,0.2599167191982269,0.09136132955551143,0.22791598469018934,0.32751185186207293,1.2767752243578436,5.017561465650798,12.98980338215828,15.668119486570358,14.333578171730043,9.611429452896118,3.58624743655324,1.169408519566059,0.14566099397838117,0.12039527520537374,0.20305832624435421,0.25095057189464565,1.0297717172652483,4.844214800596237,14.895506925582884,17.151748960018157,14.944518337249756,9.207455196380614,3.338064093589783,0.8927882321178913,0.15875604934990403,0.08946654275059698,0.224739082455635,0.1789405150711536,1.0426915289461611,4.52550923705101,13.389430885314942,15.757432794570922,16.41544179916382,8.2517223572731,2.332973222732544,0.7242814478278161,0.0950332193076611,0.11240724578499792,0.2596635544300079,0.23751893065869809,0.9283006583526732,5.026116831600666,13.305264625549317,17.98616136550903,16.16219382286072,10.211286487579347,3.0996287572383876,0.9989333279430866,0.15433345153927802,0.09456491127610206,0.2751359030604362,0.3681107693910599,0.9978666533529758,4.694472050666809,13.264200768470763,18.023795928955074,17.619761028289794,10.532072725296022,4.762519087344408,0.9041275706887244,0.24275837972760198,0.08705063313245771,0.23354289710521692,0.3267943474650383,1.1187067318707704,5.67204552873969,12.549793891906738,16.289000539779664,14.901371583938598,11.593899965286257,3.764371413588524,0.9602237939834595,0.22122598364949225,0.1022756430506706,0.22948071002960205,0.25106162369251245,1.0940767519176007,4.769236979484558,14.464803342819215,14.970772037506103,13.888349800109864,9.35439115524292,3.4370374202728273,0.8241128738224507,0.23675829999148848,0.14075739353895186,0.2580517998337746,0.5999578711390495,1.2586651155352593,5.256532182693482,14.065840640068055,18.15114580154419,15.258188438415527,9.64155113220215,2.891933255791664,0.7944153580069542,0.2571823178231716,0.11993276372551913,0.22643384903669356,0.48806104309856896,0.7254870077967643,4.767543773651123,12.942217159271241,16.655328788757323,16.03108415603638,8.40806827068329,2.0784219115972524,0.8696722315251828,0.2490144208073616,0.11819903746247287,0.2460930150747299,0.15714677073061462,1.095688325241208,3.1724997437000275,11.449010801315307,18.437644143104556,14.086091985702515,7.440663194656372,2.970501366853714,1.295161017924547,0.5522035153210163,0.15191446021199223,0.27253559589385984,0.4770883809775114,1.1518983556330205,4.350658026337624,13.062975177764892,15.578918399810792,16.77604378223419,8.428756761550904,2.8425754553079603,0.7196591904759406,0.06590000823140146,0.11129218876361843,0.25616359844803804,0.2113556147366762,0.7261634774133563,3.9081641125679014,12.336480798721315,15.91969401359558,14.10628851890564,9.865736477375028,2.683297130614519,0.737393028885126,0.09009314730763436,0.14053669929504392,0.24619254291057585,0.48576253578066825,1.475266017317772,4.237754365801811,10.768118991851807,14.473851499557497,11.980133514404297,6.366231060028076,3.041079382300377,0.4495729538798332,0.31290239155292515,0.20027089968323705,0.26071895241737364,0.24901506036520002,1.5719460204988718,6.321963064447045,13.45983299255371,17.075885677337645,16.212812232971192,9.221190919876097,2.5025157964229585,0.8122787043452263,0.09198605731129647,0.1182629525661468,0.2471475556492805,0.17903811134397982,1.7285092348605395,4.467121148519218,18.591457061767578,17.13167640686035,16.236161756515504,8.567306168079377,4.0195259219408035,0.621116243004799,0.09984999671578407,0.1025660495460033,0.2339863610267639,0.1906304445117712,1.0525898766517638,4.394321963787079,11.65361443400383,14.092268376350404,16.50791489839554,8.200623483657838,3.4281114947795865,1.3043492737412454,0.16179454103112217,0.24865410387516018,0.25328782305121417,0.20970755681395525,1.491037515103817,4.340120954588056,10.95212017595768
209,12.06004490852356,9.084833240509033,8.994682836532593,3.1071325302124024,0.5367483079433442,0.1420850276947021,0.11690811365842815,0.2750150665640831,0.9378436304628849,1.3746993243694308,4.7026483595371245,9.678203320503235,9.633475556373595,12.175601463317872,9.212363842129708,3.4189646339416497,1.1427707475423812,0.2520067882537842,0.1858570963144302,0.16821556270122526,0.4760546998679637,2.3995376826822756,6.811683580875396,8.594234588146211,11.1429501080513,13.099365396499632,8.979953892827032,3.2804349458217623,0.9296854224801063,0.34619354963302607,0.22953147679567337,0.15430012613534924,0.38355692073702813,1.651397898197174,7.768756476640702,11.388614211082459,9.559936038255692,9.288770823478698,7.110558884143829,3.5187592041492466,1.0581282186508179,0.35339357525110243,0.2297274816036224,0.1853830468654632,0.4554099608957767,2.1760837391018866,6.326012229919433,9.82608805656433,11.498539762496948,11.29889286518097,7.540594806671143,3.207853103876114,0.9609774187207222,0.26984381437301636,0.21742421567440032,0.1746739029884338,0.6965314562618732,2.066672664284706,5.13055792927742,10.550851394087076,12.312968993186951,11.289790959358218,7.324430043697356,2.662407801747322,1.0196835547685623,0.24592268496751785,0.1932400622963905,0.18840599477291103,0.6523688134551048,2.9131265361607075,6.248705625534058,9.298164310455324,10.605651612281799,10.226031115055084,8.295893368721007,2.9361745589971546,1.1088760191202165,0.2659512835741043,0.20361272096633906,0.16344377845525737,0.6262992031872272,2.1993106018379334,6.500265090465545,11.288519554138185,11.17106263756752,9.514945294857025,5.084559598565102,2.3572442698478695,0.6528457599878312,0.25610124230384823,0.2407590693235397,0.17564967185258862,0.4163726135343313,1.7254291138052942,7.06913191318512,9.832136418819427,8.534212951660157,8.575797014236452,6.499295013546944,2.426091027259827,0.6665915280580521,0.24546844333410262,0.22580307781696315,0.1733819407224655,0.5348116178810597,2.919040131419897,6.92620860338211,10.212849764823913,9.128425540924072,10.057861181497573,8.635449298620225,2.790091598778963,0.9404630994796752,0.2799291363358497,0.21384411722421642,0.19241436660289762,0.8052970553189518,1.8602990804612638,5.0145457434467975,9.56915539741516,10.737749247550964,9.478256044387816,6.271369104385376,2.669279507994652,0.8102084773778915,0.2240507927536964,0.21020595133304593,0.2025529325008392,0.5823586350679397,2.3362559962272647,7.429211890697479,8.849935812950134,12.823850936889647,9.650457105636598,6.180168418884277,3.2763255935907365,0.8160436552762984,0.21383938580751413,0.21694905638694761,0.16968991249799723,0.669829397201538,2.5211904391273854,5.862985880970956,10.600359192490577,9.642015666961672,11.737134466171266,6.4378238916397095,2.674546955227852,1.0612944522500039,0.25191195011138917,0.22864020138978955,0.20927073389291762,0.29568842515349386,2.5019616459310057,5.409435225725174,8.111710171699524,8.043731365203858,10.216609331369401,6.638152675628662,3.9318930599093442,0.7992888149619103,0.3158631035685539,0.23366438925266264,0.18452006727457043,0.5913516661524773,1.8111940057575702,6.069483861327171,7.612805104255676,7.8741083288192755,8.347884633541108,6.021523389816284,3.1188471120595933,0.857477997839451,0.37923240691423415,0.2233190590143203,0.18225479811429976,0.2396808225661516,2.88875476539135,6.221225392818451,9.861109838485719,11.384133415222168,10.371058320999145,6.053451303243636,2.7297826346755025,0.9306150394678117,0.25395453065633766,0.22254803031682963,0.18286468178033827,0.5398197355121374,1.8450792002677914,4.5801788163185115,11.398058118820192,11.455818881988526,11.233053512573244,6.30433852314949,1.820765419006348,0.970047783255577,0.2891236308217048,0.21478435695171352,0.2319266977906227,0.5405749118328095,1.7313488614559174,4.263243815898896,7.657302156686782,9.47871416568756,10.644464769363402,7.530249520540236,3.5988154280185696,1.0872855925559999,0.24831308692693707,0.23265603363513945,0.1832985699176788,0.526815632134676,2.1450379268638793,6.321994067430496,9.057658047676087
210,1.4406418204307556,1.9695272743701935,2.7063761711120606,1.8013472080230712,0.6806060075759888,0.33999855518341066,0.20008892416954036,0.10882446542382238,0.093705328553915,0.14322740584611887,0.3208846688270569,0.6812615007162094,1.5135757404565813,1.6757329797744753,2.066160326004028,1.5367700195312501,0.8177627682685852,0.5289230334758759,0.315845413506031,0.17360758244991298,0.13492047563195225,0.21197285935282703,0.3660817317664623,0.9154556602239609,1.6377430844306946,1.772372558116913,2.0322486329078675,1.4818710994720459,0.7640619778633118,0.4132127058506011,0.24670632928609848,0.18213790625333784,0.16601886540651317,0.21508210480213164,0.41115385353565215,0.9123632511496543,1.7997990906238557,2.1343665701150893,2.0934679079055787,1.4800194680690766,0.7247656434774399,0.4524619323015212,0.258386412858963,0.19547738730907438,0.2237040191888809,0.2439585255086422,0.4661809079349041,0.9300699132680892,1.1529136745631694,1.6000054149329663,1.8766516315937043,1.357366967201233,0.6298323488235473,0.4578400367498398,0.3361368203163147,0.2259946079552173,0.13544059239327905,0.17789266064763068,0.46958519876003263,0.8728994066268208,1.5881465685367584,1.7120290601253507,1.9633923709392547,1.4115456974506375,0.6420278620719909,0.36140644967556,0.22871502816677086,0.12515398666262625,0.08903532557189461,0.14939471408724783,0.4042429268360138,1.0695605792105198,1.4786451625823975,1.657562873363495,1.6985715174674987,1.4247890949249267,0.6703708612918853,0.48929591357707974,0.3089907041192055,0.17493956387042994,0.15058225542306897,0.24236603558063505,0.5538792487978936,0.9560667091608048,1.2342877733707427,1.7452584767341612,1.957889792919159,1.2170392453670502,0.5740882951021196,0.31033485919237136,0.17782074391841887,0.11921309694647783,0.12141418620944018,0.13816055774688718,0.3232037641853094,0.8021353793144226,1.6944628286361691,2.2268024659156795,2.3600269985198974,1.6328619647026064,0.7508141243457793,0.47154533088207246,0.30690043240785597,0.20737552553415295,0.17782825753092762,0.2055148190259933,0.4511103904992342,1.0550664564967156,1.8171698355674741,2.0303518390655517,1.9588435888290405,1.6255694532394407,0.7303440237045289,0.42794000029563906,0.2839926761388779,0.19938077062368387,0.17908529855310915,0.22184425443410868,0.413615647405386,0.9402282831072807,1.5128107738494871,1.7594432711601258,2.255404603481293,1.6029126811027523,0.8755731666088105,0.6140114629268646,0.44288391977548597,0.2583232100307941,0.21617929533123964,0.24083013385534283,0.46148360952734946,0.9960206282138824,1.375193901732564,1.683986678123474,1.9255321764945983,1.4270079004764558,0.7323498255014419,0.4062552699446679,0.27441570460796355,0.1696337184309959,0.13002874016761776,0.1291343124210834,0.3319249298423529,0.7959315256774425,1.2851404935121535,1.5660573387145995,2.021953842639923,1.4113313198089599,0.7190138798952103,0.4254425033926964,0.25382329046726226,0.25498167201876637,0.18608165025711054,0.20013614565134047,0.41303479358553885,0.9201562356948854,1.640061902999878,2.0887134242057805,2.297658188343048,1.7622476887702945,0.925251551270485,0.6140769022703172,0.3701184165477753,0.2142130546271801,0.20543725132942198,0.19796994134783744,0.3746092496812343,0.9135396963357925,1.6179781985282902,1.9474656295776362,2.114952116012573,1.5791429781913757,0.9169932043552398,0.5686156535148621,0.34344633519649503,0.1953617143630981,0.13763967484235762,0.19955587461590762,0.44347677320241924,0.8391255094856025,1.4769215089082717,2.1173148620128632,2.2654674553871152,1.692037580013275,0.9252938091754913,0.6157225257158279,0.43166436612606046,0.30304450482130046,0.23104790598154062,0.2554488538205623,0.5448126110434532,1.1045608055591583,1.3231259161233901,1.7653462982177732,2.2624257445335387,1.5208701825141908,0.8121333587169646,0.4658896833658218,0.3271776035428047,0.20255411863327027,0.1270252554118633,0.12870189316570757,0.23832347005605697,0.6674031999707222,1.3689672434329987,1.7548059058189396,2.0237796783447264,1.5444473505020142,0.8630988895893097,0.4715782725811004,0.28348542660474774,0.19881087645888323,0.1786094112694263,0.21456954330205918,0.40746724814176555,0.8634133431315423
211,27.2373685836792,20.339046287536622,16.196805667877197,13.69912486076355,12.584678792953492,13.166588354110718,3.988201141357422,2.733688139915466,8.477964282035828,17.127116763591765,25.77810674905777,28.383612537384032,25.370356941223143,31.050565605163577,30.32185619354248,23.59460760116577,18.10194074630737,10.276744709014894,4.989756379127503,3.01725802898407,7.680039556026459,20.543709650039673,34.888109092712405,37.851831464767464,29.38348543167114,32.39767627716064,27.968661899566655,19.77825373649597,14.248606433868408,11.291250495910644,3.8825882053375245,2.7275656175613405,6.565202207565308,13.448668336868286,34.56517713546752,35.76716876983643,29.244358253479003,26.985327377319333,27.234073829650878,24.2748171043396,15.507784566879275,10.308537263870239,4.181937375068665,2.4410112428665163,4.772247099876404,14.92556425213814,32.14391122817993,34.43632011413574,33.00077095031738,33.50041200637818,31.541574726104738,29.390882701873778,16.73855932235718,8.276038064956666,4.019498844146729,2.7160208272933963,4.6635361754894245,13.369468388557433,29.651108598709108,35.607984676361085,23.781343746185303,26.464674434661866,23.49840576171875,20.04649112701416,15.339356517791748,6.629815826416015,3.360502715110779,2.455891320705414,6.487168556302786,14.989869105815888,24.640213575363155,27.745985946655274,24.66497654914856,25.3173486328125,29.624749794006345,21.35808359146118,13.81729546546936,6.920895490646362,3.3352887511253364,2.56752391576767,6.1193205416202545,14.97707769870758,27.761629009246825,29.891823558807374,30.9718421459198,34.02588562965393,28.279866037368777,19.595316143035888,11.603208785057067,7.136724948883057,4.7025820970535275,3.482480030059814,7.354523837566376,13.668768752813339,26.693896274566647,32.02299483299255,23.838595695495606,24.773715286254884,24.587783336639408,24.576243019104005,16.164328708648682,8.81105770111084,3.844040355682373,2.0861241579055787,4.0858962854743,14.581195077896117,28.981735105514524,31.952422370910643,30.19929426193237,29.227951021194457,31.77487509250641,23.07330671310425,14.995682659149168,8.934184799194336,4.422417855262756,2.320237121582031,6.8433626240491865,14.17027323961258,23.664598665237428,35.80496746063232,24.475248489379883,28.370045204162597,27.7363667678833,24.78963096618652,14.424523162841798,7.3651651287078845,3.1087204742431642,1.9081822800636292,5.659484721422196,16.056874306201937,31.509913191795352,30.73639588356018,23.74607734680176,30.288547248840338,27.709111156463628,25.24681981563568,13.749672927856446,8.31355058670044,4.528677716255189,1.9242559313774112,5.0798439136147495,17.084794626235965,24.665023269653318,28.57570970535278,32.963262214660645,34.39265222549439,27.948403339385987,20.590288343429567,18.58688045501709,8.882811827659607,3.262434253692627,2.852703199386597,3.7650233411788947,19.043619932755828,35.19986476421356,35.38421603202819,20.817855205535885,23.994992160797118,25.2373442029953,29.20273645401001,14.736735439300537,9.45396445274353,4.70944191455841,4.151557843685151,5.760256803035736,14.93660110473633,32.73709130525589,25.23230020523071,29.44166572570801,30.268412933349612,25.784525203704835,20.306737422943115,13.576231622695923,8.680853323936462,3.8970551824569695,2.0932747101783753,4.801014325618743,13.562301015853881,25.415556344985962,33.00814094543457,31.145345993041992,28.849897651672364,27.209104585647584,21.37310609817505,13.132756414413453,8.681941261291504,3.798488922119141,2.2087031626701354,4.667998963594437,15.021973762512209,27.612469558715823,31.398178920745853,33.319203224182125,33.5915885925293,28.947184295654303,19.787892627716065,15.16148513793945,8.593931207656862,4.476101174354553,3.570035247802734,7.187835485935212,12.686860494613649,30.722397222518925,36.79940280914307,25.216707744598388,28.913776168823244,26.240788307189938,23.789259486198425,16.690255270004275,7.854163560867309,4.428254699707031,3.0857479977607722,6.349705500602722,17.13217725634575,28.548923921585082,33.09554019927979
212,55.95496520996094,67.2836181640625,75.38478317260743,71.62832260131836,113.80089263916015,105.6220916748047,32.49260082244873,19.769708967208864,50.1864953994751,102.34585876464844,101.98290481567383,76.05693359375,66.91813483238221,47.50240413665772,46.65834777593612,72.53277740478515,120.8664096069336,75.48142059326172,20.296307606697084,17.947687714099885,57.59169982910156,92.40131591796873,93.87812713623048,76.0665672302246,64.60204902648925,43.10088234424591,49.97500495910644,71.27566574096679,118.06653198242188,86.55282623291015,25.003517580032348,19.50089172363281,53.052878341674806,85.72442962646485,90.30071533203125,67.34626579284668,60.71228893995285,43.94512264251709,45.97210153579712,68.05533042907715,137.7916372680664,71.36112411499023,22.91806939125061,21.97724195957184,56.805978078842166,90.81553436279299,89.67651153564452,71.15302703857421,49.580683956146245,33.27409649372101,43.22371200084687,71.32288898468018,125.0328530883789,74.7420718383789,20.11028881072998,18.958477311134338,57.166174163818354,95.02338104248047,89.8043099975586,62.16804145812988,51.995779647827156,43.433800849914554,53.07120700836181,73.69375656127929,124.77121002197266,71.22279418945313,20.08266040802002,21.340021018981933,59.11627025604248,97.73424560546876,105.3885708618164,74.97950103759766,53.41075400352478,54.84163016319275,50.515907278060915,81.1987759399414,120.08747711181641,78.09697425842285,22.45084523200989,18.773057084083558,48.536684894561766,86.46904174804688,85.94811187744142,71.50877506256103,58.61282992362976,50.26632102012634,56.06203640937805,71.86471054077148,120.36371429443359,67.17218101501466,18.4450644493103,18.48794027686119,58.63620239257813,94.0029542541504,79.6782600402832,62.63015274047852,68.68799957275391,54.1040067768097,54.76424774169923,77.90416709899903,121.39532348632812,69.49098068237305,21.391124229431153,22.109575448036193,60.576411666870115,87.99535919189454,85.72109832763672,70.41641613006591,60.560443267822265,49.551622505187986,47.38609729766846,71.49145095825195,121.10925506591798,69.36683578491211,14.968249225616455,16.598949947357177,49.45880836486816,98.00022186279298,106.22611557006834,82.66960388183594,61.230101127624515,43.32814151763916,52.33642734527588,79.98184249877929,126.17051269531248,71.51300918579102,17.608291788101194,20.73724418640137,60.16046598434448,85.35413986206055,92.7029525756836,80.20162918090821,71.50312423706055,44.90437168598175,49.1315807723999,71.20523216247558,117.77556457519532,64.4173498916626,16.49450616836548,21.54419557571411,58.16846817016601,97.41892318725586,106.0073291015625,81.92483947753905,60.5572322845459,49.27795899868012,56.10471960067749,81.00339569091798,120.79027313232423,60.63027057647705,15.914561748504639,20.260667209625247,62.247016677856436,88.48483154296875,89.42205093383788,78.29115341186522,68.95338928222655,55.20083027839661,54.04892456054688,65.85802970886229,126.32718963623047,66.21236839294434,16.169758739471437,15.75135422229767,49.25762046337128,91.54872482299804,92.12634963989258,85.28224727630615,62.86598976135254,49.40235217094422,59.7795793914795,74.42528686523437,132.87635848999022,74.02499137878416,22.24259852409363,25.09628240585327,57.924528808593756,84.90169860839843,85.6819888305664,76.3002146911621,57.835712594985964,50.57468615531921,54.226692276000975,72.67622566223145,122.14501495361328,75.14744117736817,20.514939150810243,21.049803333282473,62.729839477539066,91.64892028808595,96.23420593261719,60.343880615234376,51.9609464263916,38.025852832794186,46.080155858993535,68.24611694335938,119.72929656982421,68.15208206176757,16.853006248474124,16.841869902610778,57.23005554199218,92.60441131591797,77.46480270385743,74.09282314300536,57.76323944091797,30.765411968231206,38.03065184593201,62.722777061462395,109.63650390625,75.39697273254394,21.340889329910276,18.677336502075192,51.71076878547668,89.62650985717774,85.90472152709961,68.4365234375
213,1.3124275922775268,1.315177357196808,1.18787961602211,0.1657832596451044,-0.26121821701526643,-0.386553093791008,-0.49095330834388734,-0.40680886507034303,-0.14867468029260633,0.6733501076698303,1.157436776161194,1.2241067051887513,1.3198149037361144,1.106115815639496,0.8411207502149047,0.30191255703568454,-0.16979888377711178,-0.37262202933430666,-0.39828095018863674,-0.32590168237686157,-0.05975596524775027,0.46444152869284155,1.0862913715839384,1.3090799260139465,1.3407045549154284,1.019447412490845,0.8485572123527527,0.3238733674585819,-0.17382142852991816,-0.39923575043678283,-0.39977346211671827,-0.26820780128240584,0.03670041220495478,0.39585087154060605,0.8262690246105194,1.0797094082832337,1.2501183474063873,1.1349278509616851,0.8780649548768997,0.2571148591861129,-0.1914110157638788,-0.4169342428445816,-0.41699276864528656,-0.30222942411899567,0.04780685700476171,0.5065795268118382,1.0480281281471253,1.1006771206855774,1.0541178506612776,0.8380006583034992,0.926375362277031,0.21404657430946825,-0.22625265754759308,-0.3814408856630326,-0.40837441429495813,-0.25784174680709837,-0.008095743358135234,0.5899564431607723,1.0436487007141113,1.1299045395851135,1.3164100003242492,0.886507910490036,0.7999745059013367,0.3770135019719601,-0.13769274272024634,-0.3145755552500486,-0.38669116958975797,-0.31576905801892285,-0.03659354921430348,0.5155688131786882,1.0304143899679183,1.2452103972434996,1.2134004712104796,1.0818435776233675,0.7869332522153855,0.30675620239228013,-0.07436632943339645,-0.311471394598484,-0.3895091895759106,-0.2992585653066635,-0.06012171890586614,0.4680340942367911,0.9126238250732422,1.073270754814148,1.1225962769985198,0.9233504641056062,0.7039094722270965,0.1619617589563131,-0.20351436059921973,-0.3919281347095966,-0.45395697712898253,-0.35211892396211625,0.00347330768126996,0.5007251325249672,0.7620676515996456,1.028456119298935,1.2478626585006714,1.011996133327484,0.7244824939966202,0.2410873218998313,-0.15549281895160671,-0.35826952576637267,-0.39446256726980206,-0.27734631493687634,0.04100839264690875,0.4753166259825229,0.8041083136200905,0.9743105638027192,1.1502734577655793,0.9803503823280334,0.8040908163785934,0.31207417480647565,-0.1922300472483039,-0.3771069121733308,-0.43356062173843385,-0.33428140446543697,-0.09809940375387668,0.532763428799808,1.120277361869812,1.156927623748779,1.1718455338478087,1.0145540642738342,0.7621855008602143,0.32344820216298104,-0.14766288422048088,-0.34952536821365354,-0.41194172501564025,-0.31759261250495907,0.06234229229390623,0.3792847514152527,0.9301871877908706,1.0986838376522061,1.305137631893158,1.0173530101776123,0.7322682332992554,0.22760732849987106,-0.22254036501049992,-0.37135076500475406,-0.43806974768638607,-0.3007337845675647,0.041387925092130906,0.575150303710252,1.1376980626583098,1.1102088367938994,1.0466930937767027,0.8144900292158127,0.9143481528759002,0.41082717365585264,-0.15487007826566696,-0.35689394831657406,-0.4054039090871811,-0.2758638202399015,0.1393988548591733,0.5737178421020508,0.9947890949249267,1.0595956826210022,1.2876725316047668,0.984428288936615,0.8680628144741058,0.18799087666906414,-0.2373031413555145,-0.4035438607633114,-0.40869796216487886,-0.34210780918598177,-0.057996477913111445,0.4441924219951033,1.0088485580682756,1.3026994037628175,1.25603333234787,1.012109782397747,0.847762106359005,0.2663174975896254,-0.14149361267685887,-0.34969880133867265,-0.42356584757566446,-0.24359908849932252,0.11297399453353138,0.44401804178953175,0.849899356365204,1.1456374430656435,1.0607111942768097,1.0023291552066804,0.8577932041883468,0.3478149404376745,-0.1383903765492141,-0.32695379402488467,-0.38572947680950165,-0.23437651216983793,0.10588303966447712,0.4647773933038116,1.0024465614557267,0.9889738541841506,1.1201968431472777,0.974038815498352,0.7658139744400978,0.24509758323431016,-0.22254253976047034,-0.41917749553918837,-0.41925907619297503,-0.28079468749463554,0.026721310298889876,0.5257823053002358,0.8652144861221315,1.0837299275398256,1.1353686094284057,0.9028335392475129,0.7034248667955398,0.18671805791556834,-0.2282461681962013,-0.3735492053627968,-0.3952489644289017,-0.36982045425102117,-0.07488417419372125,0.4678943353518844,0.7556492500007153,0.9326681929826737
214,66.26111602783203,57.94692726135254,57.43868560791016,103.36309356689453,175.7641571044922,45.41600303649902,-0.34127960205078123,1.1290510177612312,40.389672660827635,70.4919748544693,101.79073982238769,77.42925148010254,71.88712992191316,49.69570114374161,54.48681800842286,124.79943542480468,191.25484954833982,29.228759279251097,-10.734595403671264,-11.777529644966126,9.76719816207886,49.947119607925416,103.6108645248413,87.91973815917967,63.441938467025764,49.2000876712799,53.79508743286133,113.78681617736815,186.74149414062498,29.948166193962095,-9.006475710868836,-8.256274509429932,6.6032603931427,45.85471859693527,83.44810650825501,71.50819454193115,74.14313034057616,50.74938839197159,50.32509528160095,130.58149185180665,194.16270202636719,11.54930067062378,-14.88041568994522,-10.741743761301041,19.0427818107605,58.72760267257691,83.45156623840333,80.19264541625977,39.93874996185302,27.085965023040774,42.426582660675045,104.61440773010254,149.1204856109619,15.191489431858063,-16.385525550842285,-11.624373521804808,1.979601901769638,40.82177328109741,86.80306696891783,57.525720329284674,48.301710333824154,37.18956502914428,49.65014191150666,129.37273010253904,163.64441284179688,21.545440883636473,-10.550288701057434,-14.070137977600098,5.415625069141388,41.835656518936155,83.76882041931152,73.44277841567994,46.05081863880157,42.82133020401001,50.45004568099976,118.72533912658692,134.46177192687986,25.022756624221802,-8.045147781372071,-11.841742126941678,7.2010875201225275,40.977135424613955,76.67395937085152,70.58614275932311,50.76847961902619,59.786435432434075,55.536924419403064,92.14401936531067,111.0313150024414,3.3415407180786127,-16.59633231163025,-12.832212090492249,8.832162513732909,41.32906411170959,61.55597952842712,56.334535779953015,70.02581843852997,56.91211403846741,59.51925207138062,134.12789581298824,144.61401329040527,15.146643867492676,-8.99049617767334,-4.184677531719208,9.64836835861206,41.959031209945685,69.51742595672609,69.53859601020812,70.61551762580872,53.70468311309814,57.39545047760009,109.3973397064209,146.18704223632812,6.274623155593872,-24.497999172210694,-19.381890716552736,-6.086882572174071,33.729534916877746,95.59105625152588,100.77380821228027,87.98536918640136,66.98326158046723,71.28490096092223,136.91861679077147,195.16520050048828,15.15932463645935,-19.080094361305235,-22.370501539707185,1.5098003673553464,47.14613239049911,90.20311756134033,109.21700279235839,76.86297775268557,56.42824212789535,56.896861038208,121.75627632141114,147.61470963001253,11.907824709415436,-13.848016724586486,-15.207972049713138,-0.1809471249580385,38.35406447410584,99.3546109008789,89.49002021789549,72.76945694923401,57.33006611824036,60.38333934783935,137.48992336273196,150.32523908615113,3.466449966430664,-18.269029331207275,-16.623851280212403,3.687773571014405,40.91101305007935,83.34572493076324,88.15636906147003,77.31921909332274,65.02215802192688,62.78183528900147,116.26089241027833,171.1417266845703,11.578834290504457,-21.5739284992218,-16.712944240570067,4.620834484100342,44.9064727973938,87.02015779018402,92.29065719604493,91.99568252563478,67.09719227790832,73.79764862060547,117.58630447387695,208.766775970459,21.160922265052797,-14.579427542686464,-11.007576303482056,9.20122724533081,44.20705365657806,82.27504230499268,92.14336934804916,57.35276104569434,42.410239162445066,57.193627204895016,134.79238887786863,158.69349922180177,17.067074670791627,-14.784804611206056,-8.014400892257692,13.891146144866942,40.42989861488342,91.8420630645752,77.070341796875,43.75221920967102,40.88962124347687,48.9684728717804,100.14441619873045,148.45898526191712,14.994295864105226,-13.542594842910765,-8.474717140197756,11.962597522735596,45.52440810203552,73.59760257720947,74.40100967407227,69.92202491760254,38.8322241973877,47.739110670089715,116.52804061889648,169.86349338531494,21.256334509849548,-15.740811760425567,-16.970284544229507,-3.948759756088257,34.464850931167604,68.31104019165039,75.12560028076173
215,23.00535430908203,21.237612915039062,16.748943519592284,9.25914707183838,2.4725851893424986,1.2174376562237739,0.3924269676208496,0.13274566978216168,2.270122392103076,8.770374691486358,16.002547566220166,23.574521160125734,23.393000869750974,27.74129467010498,23.180860118865965,11.176987676620483,3.8879877543449397,0.9410952885448932,0.42251383513212204,0.233544480651617,1.8402160787582396,10.047922797203064,19.649390077590944,26.392937393188475,26.839793748855595,29.84140197753906,20.932666726112366,8.143085680007934,2.949436173439026,1.5824906435608868,0.41661348134279247,0.21166661068797113,1.665280617326498,6.305117390155791,23.807288675308225,30.511890716552738,26.037440223693846,23.508732566833494,19.149791164398195,10.711600937843322,3.7616885328292846,1.283982997238636,0.47301327288150785,0.3413855130970478,1.5399874898791313,9.675206610560418,20.78808619171381,26.228980407714847,31.110546455383304,28.001133460998535,20.75314354419708,12.483000249862673,4.129533846378327,0.8665871404111385,0.3763122469186783,0.263550411388278,1.3274215303361416,7.3412569326162345,17.46575481414795,28.42586904525757,26.89086965560913,24.411852598190308,17.62196460723877,9.983349370956422,3.8122325730323787,0.8982114382088184,0.3112087228149175,0.24332824274897574,1.4227821166813372,11.297118225097657,17.50168375968933,26.346514587402346,25.54458305358887,24.13879209518433,21.926958551406862,10.229030398130416,3.4423804527521136,0.6115469172596931,0.31129659578204155,0.21757228069007395,1.8516155637800693,9.068799503613263,18.753013238906856,26.39666101455689,28.641656761169436,25.579965572357178,17.334821667671203,6.577320151329042,1.6721142852306365,0.7638522547483445,0.5573162696510553,0.30796452894806864,1.62241115167737,6.95814091295004,19.461409902572633,26.157765483856203,21.274235210418702,21.61023427963257,16.784807357788086,9.719008741378783,2.6859963977336885,0.8816336151957513,0.42373631656169886,0.23023437961935994,1.2369833804666996,11.386623516082764,21.329008264541624,26.1429358959198,25.453904685974123,25.16564944267273,21.603451173305512,10.57885048508644,3.564406929612159,1.079160829782486,0.3833720299601555,0.26137118592858316,1.7377947556972504,7.840052375793458,14.199612254500389,25.727515602111815,22.752241058349608,23.691768951416016,18.132088289260864,9.893709115982055,3.167509709000587,0.7216107851266862,0.2996268817782402,0.2715359472483397,1.4949534127861264,10.755018357038498,20.228622369766235,22.95250129699707,25.123864593505857,26.116341400146485,17.36057138442993,9.871429786682128,3.563323066234589,0.9704210287332534,0.4531921517848968,0.21214997664093974,1.5567791980504988,10.244188436567782,16.511919393539426,24.372301263809202,26.930087060928344,27.869102077484133,16.444932999610902,7.513135509490967,3.4831948661804204,1.0342934489250184,0.3863009177148342,0.3373476228117943,1.2072272050380706,11.929703104496003,22.630869541168213,25.225488796234128,20.05129089355469,20.964393920898438,17.81534595489502,12.864928054809571,2.9717931389808654,0.9041371369361878,0.4622908446192741,0.5033746437728406,1.3125489617884158,8.767350449562072,20.85365759134293,21.425214042663573,23.13643810272217,24.574233932495115,17.92197413444519,9.093291177749634,2.865718982219696,0.9238295114040375,0.4112579718232155,0.2262901376187801,1.4066604904830453,8.707905339598657,17.59561275482178,25.86189027786255,29.974496364593506,25.888970375061035,17.614339838027952,9.017210965156554,3.1606681180000304,0.9828726807236672,0.27569422826170925,0.20374923329800368,1.050624036192894,9.98737450361252,16.903966627120973,28.85477954864502,29.80904052734375,27.749863929748535,18.334962596893313,7.820439629554748,3.172583708763123,0.9775565317273139,0.3717423495650291,0.45049516707658765,1.8307826046645643,8.00667478233576,18.50054973602295,25.335864086151126,23.30425937652588,25.107886028289794,19.51046898841858,9.95858226776123,4.178613111972808,0.8247690641880036,0.5756398290395737,0.20315013378858565,1.4059352166950703,7.816457669846715,18.23463219642639,25.742272186279298
216,3.0809375762939455,4.336274147033691,7.447241020202637,14.366931533813476,4.536903715133667,0.3691306829452515,0.12627882063388823,0.09876979440450664,0.0326804250478744,0.621899094618857,2.0586775600910188,2.331569230556488,1.9987582007050513,2.2780010104179382,4.928885807991028,7.341881680488586,3.3475970602035523,0.4849321626126765,0.11898642718791959,0.09166749358177181,0.050179775319993444,0.4641201019473374,1.4443239100277423,2.605488120317459,2.517931158840656,3.584468222856522,5.79725947856903,9.718132143020629,4.6277562165260315,0.6513627184927463,0.14110558092594144,0.09380270302295682,0.042702414318919135,0.40671444751322267,1.7561561931669711,2.978613022565842,3.093847119808197,3.6344523310661314,7.563494071960449,10.727313737869263,5.030032098293304,0.6326122090220452,0.15007751017808907,0.08608153954148287,0.037535831891000224,0.6026886218786239,1.760725444480777,3.3159349399060014,2.680145697593689,3.739943597316742,7.01834282875061,9.061565227508547,4.257931718826294,0.6630875366926193,0.14993623852729793,0.09149030268192287,0.03346418708562847,0.2525859554670752,1.5610972046852112,2.86920960009098,3.435502917766571,4.415101728439331,6.916208410263062,10.704995880126953,5.395433664321899,0.6380294734239579,0.14546336531639098,0.09703118920326229,0.04497413648292417,0.5624342073127627,3.1126123310253027,4.7665259814262395,3.8685900211334228,4.278473324775696,6.57629864692688,10.29646674156189,3.94177661895752,0.59559335231781,0.12137820273637767,0.08102081432938571,0.030916096493601764,0.6411386888474226,2.1271615667641166,2.5552469792217014,3.7285353362560274,4.151746590137482,8.348941845893858,10.76171513557434,4.099212551116944,0.630593067407608,0.12145546495914454,0.08693389356136316,0.03920039083808656,0.49872751146554944,2.734267010688782,3.286886327266693,2.7381451788544653,4.117597718238831,7.494686107635498,10.760139331817626,5.169130493402481,0.6457061520218849,0.16167372763156887,0.08239462226629252,0.031579458899795985,0.3131354445591569,2.325887705795467,3.7693104565143587,2.4873770368099217,3.6134304451942447,6.277366065979004,8.361033897399903,3.8350056242942814,0.6518992561101913,0.13442475646734234,0.08252455279231066,0.06210395045578476,0.25823450163006784,1.6151823483407497,2.840049456357956,3.4640848493576044,4.7580576467514035,7.105734615325927,9.768615694046021,4.049535846710205,0.5280965457856656,0.1260645434260368,0.08982347160577771,0.04320921111851926,0.6079074273258447,1.5568438570573926,2.6781419640779496,3.3878496283292767,4.9650275516510005,7.269747476577758,10.872180099487306,4.319887495040893,1.076582631468773,0.17555252283811565,0.09200645893812176,0.0468623093143105,0.6698330945894122,2.193799706846476,3.298536905646324,2.8516287446022033,3.727565598487854,6.701100502014161,9.040291471481321,3.566104290485382,0.35627537831664086,0.12973824381828306,0.08647863909602162,0.04255643449723716,0.2425134151056409,1.5690102943219244,2.431196434050798,2.6283511424064634,3.4448144674301147,7.153607025146485,8.206870279312133,2.969294691085815,0.511674009412527,0.12587192773818967,0.092416258752346,0.06594512809067962,0.697752649113536,2.417335207983851,3.2362502123415466,2.283938633203506,3.3668138122558586,5.8543909788131705,9.17512201309204,3.3538984656333923,0.6107639083266259,0.1285095706582069,0.09206598550081249,0.0561359958350658,0.5061172280833126,2.759429429769516,2.4822058773040774,3.3339119982719425,5.280958012342452,7.723126797676086,8.974326705932619,4.770014979839325,0.6405698719620705,0.14456133186817163,0.0943886131048202,0.03856531407684083,0.6733701112866401,2.2404083011299374,4.609465800523758,3.384599305391312,4.158841300010681,8.211084451675415,10.910882682800294,4.513153800964356,0.5834406197071076,0.13890989273786541,0.08471209615468976,0.032128843031823597,0.3285545187443495,1.4881610571965573,2.641455206871033,2.152891356945038,3.45807235956192,6.81786566734314,9.089981112480164,3.640424814224243,0.5620533522963524,0.13450536414980882,0.0958413332700729,0.029315776787698228,0.5770648693758995,2.1826967956125736,2.329687233418226
