,2015-01-31,2015-02-28,2015-03-31,2015-04-30,2015-05-31,2015-06-30,2015-07-31,2015-08-31,2015-09-30,2015-10-31,2015-11-30,2015-12-31,2020-01-31,2020-02-29,2020-03-31,2020-04-30,2020-05-31,2020-06-30,2020-07-31,2020-08-31,2020-09-30,2020-10-31,2020-11-30,2020-12-31,2025-01-31,2025-02-28,2025-03-31,2025-04-30,2025-05-31,2025-06-30,2025-07-31,2025-08-31,2025-09-30,2025-10-31,2025-11-30,2025-12-31,2030-01-31,2030-02-28,2030-03-31,2030-04-30,2030-05-31,2030-06-30,2030-07-31,2030-08-31,2030-09-30,2030-10-31,2030-11-30,2030-12-31,2035-01-31,2035-02-28,2035-03-31,2035-04-30,2035-05-31,2035-06-30,2035-07-31,2035-08-31,2035-09-30,2035-10-31,2035-11-30,2035-12-31,2040-01-31,2040-02-29,2040-03-31,2040-04-30,2040-05-31,2040-06-30,2040-07-31,2040-08-31,2040-09-30,2040-10-31,2040-11-30,2040-12-31,2045-01-31,2045-02-28,2045-03-31,2045-04-30,2045-05-31,2045-06-30,2045-07-31,2045-08-31,2045-09-30,2045-10-31,2045-11-30,2045-12-31,2050-01-31,2050-02-28,2050-03-31,2050-04-30,2050-05-31,2050-06-30,2050-07-31,2050-08-31,2050-09-30,2050-10-31,2050-11-30,2050-12-31,2055-01-31,2055-02-28,2055-03-31,2055-04-30,2055-05-31,2055-06-30,2055-07-31,2055-08-31,2055-09-30,2055-10-31,2055-11-30,2055-12-31,2060-01-31,2060-02-29,2060-03-31,2060-04-30,2060-05-31,2060-06-30,2060-07-31,2060-08-31,2060-09-30,2060-10-31,2060-11-30,2060-12-31,2065-01-31,2065-02-28,2065-03-31,2065-04-30,2065-05-31,2065-06-30,2065-07-31,2065-08-31,2065-09-30,2065-10-31,2065-11-30,2065-12-31,2070-01-31,2070-02-28,2070-03-31,2070-04-30,2070-05-31,2070-06-30,2070-07-31,2070-08-31,2070-09-30,2070-10-31,2070-11-30,2070-12-31,2075-01-31,2075-02-28,2075-03-31,2075-04-30,2075-05-31,2075-06-30,2075-07-31,2075-08-31,2075-09-30,2075-10-31,2075-11-30,2075-12-31,2080-01-31,2080-02-29,2080-03-31,2080-04-30,2080-05-31,2080-06-30,2080-07-31,2080-08-31,2080-09-30,2080-10-31,2080-11-30,2080-12-31,2085-01-31,2085-02-28,2085-03-31,2085-04-30,2085-05-31,2085-06-30,2085-07-31,2085-08-31,2085-09-30,2085-10-31,2085-11-30,2085-12-31,2090-01-31,2090-02-28,2090-03-31,2090-04-30,2090-05-31,2090-06-30,2090-07-31,2090-08-31,2090-09-30,2090-10-31,2090-11-30,2090-12-31,2095-01-31,2095-02-28,2095-03-31,2095-04-30,2095-05-31,2095-06-30,2095-07-31,2095-08-31,2095-09-30,2095-10-31,2095-11-30,2095-12-31,2100-01-31,2100-02-28,2100-03-31,2100-04-30,2100-05-31,2100-06-30,2100-07-31,2100-08-31,2100-09-30,2100-10-31,2100-11-30,2100-12-31
0,559.4949516050277,736.5216631208147,1070.1909634497856,677.7360704040527,286.5246743971302,182.69505722045898,100.76812202699723,91.08150747975995,84.64955830891927,104.94332959575038,218.17911631266279,566.4824014479115,736.0722589308216,881.8326828243462,732.6169006150769,704.638127532959,316.3209160490959,158.14286100260418,105.79203983429939,93.56169759442729,88.62533473714193,118.65263761458857,275.7116015319824,486.13053162605536,576.7069705101752,784.2013798428991,768.6216751886184,695.0599054768879,311.2252075589088,146.50719857788084,101.87355546520601,87.5803677466608,81.79519070943198,110.3722448533581,182.00697934468585,359.8832518842143,749.7295554573304,859.8325525575083,770.7139362064485,576.1192086588542,327.904413983745,150.15985623168945,99.74985359930224,89.91489834693171,82.22490803019205,104.96291463544294,225.8914123535156,476.77774174844063,824.7330948072864,846.8098469197691,878.4676425072455,675.630818532308,304.1678058451991,138.0839907328288,106.2029220482611,95.91339744321762,86.89327517700195,111.01002957251765,258.4712816975911,543.1221795752741,812.452293031754,750.9351861256566,749.9527779757592,637.8099062499999,282.24741855744395,149.43819038899738,109.20791976436492,92.7130979673324,84.15307283528647,106.69169450329196,251.98367992146808,499.48746641097523,733.0272987907163,868.8537371420274,775.8603987170803,600.0434357808431,299.70746224680255,133.76686281331382,98.3430207775485,88.43074484548262,81.58048811848957,102.20664500082691,202.48906799316404,410.66811763640374,731.3328573608399,929.493586865505,813.0433205290763,654.3415824788411,276.5717701475082,140.64269517008464,101.7596782758159,91.90189090851815,84.36144474283853,104.62664898287865,259.16543836466474,517.6713291192824,692.8423549627489,698.9876688907418,880.3546588430097,482.3806126607259,265.87053763112715,130.13948760986327,95.62568154611895,84.83588454707976,82.10262896728516,100.05597568142798,251.9729544169108,452.8496483685893,639.0946608512633,836.2545742376918,787.0339482855028,701.8775245564779,255.83948838756933,144.72699237060547,97.45897841915009,88.88599574919672,86.38494645182291,108.06626931467363,224.63214596048994,485.4146553482548,599.427772014987,744.7530040586876,929.2388593119961,653.1231855977376,336.16036415346207,131.4963981526693,100.46459962414158,86.76881164058562,80.30179141743979,89.46737377535912,182.53968198649088,407.7008327951738,640.7372644239856,729.6575120277593,885.5229502622542,614.8137267150879,332.64327053931447,122.20124300130207,96.22047949021862,84.83547247609786,78.65964825439453,120.41214366297568,228.68910067749022,484.55708312003844,614.131436117849,670.6428648481699,780.7401239505891,592.3090952555339,237.10147322131743,111.7125498860677,88.89420189149916,82.1077515829763,73.86094170633953,88.69205283872543,200.37339217122397,466.0195138352918,636.3192585114509,950.0184677161608,910.6548199561336,582.4716869506835,245.36496189240484,124.03384651692708,90.96731031848537,82.49369613155241,75.02591390991212,99.43359933668566,245.4330725809733,489.7348469592679,794.0668475341797,833.8704385917175,787.0427630024571,577.647060953776,298.9629800316595,123.55065269978843,93.21067301104145,83.89067407423451,80.09356131490073,95.22591706306703,197.93527821858723,530.403353286251,766.037364600397,973.8330839873064,930.7577730929466,726.7707474772135,310.7413217950637,134.1018517456055,100.98062103271484,90.94019406718591,83.7858155415853,111.56154011880199,272.1061295216878,582.7660406198809,861.9033615702967,998.6224759903331,1093.3774131528794,737.5616118570963,331.03562195808655,138.48793764241537,106.72607221049648,95.08829300911195,88.85518756103515,100.16947878437657,182.13467250061038,512.6692704231509,682.3379224518806,946.7271298616155,871.8740181215347,751.661185333252,281.67105189169604,135.86196372477212,102.51328724522746,90.78970267018963,84.01409839375813,100.6374466828377,225.10349917093913,535.4640756619361
1,201.94000011567147,325.18342508588523,137.78195902916693,61.25601267496745,28.214836329798544,37.64694187164307,25.79090749679073,23.28673485786684,24.598544082641602,26.517704662199947,136.12730547587074,199.9290151042323,156.25627295586372,134.62321550862544,78.63325512670703,47.64361832046508,25.06942946649367,23.581161451975508,21.972636700291787,19.68238704927506,19.116745457967124,19.85093462544103,63.46160298792522,133.31728043586975,197.52238169762396,224.73763066785085,110.0625395497968,56.56376547114054,35.098045111625424,29.964728432973224,24.63285603184854,22.18384419964206,21.240723545074463,23.872694903958227,50.015367908477785,193.57487767004199,160.9998969477992,167.24517927921463,94.92818539034936,67.75731130981444,31.80013699439264,25.140114284515374,23.137634928303378,21.35520026299261,20.544795625050863,22.96136897179388,57.60810682551066,152.09352607850104,190.26390367446407,210.40613131884874,140.04008179203157,55.124459604899094,30.158321389229066,25.716604564666746,23.42603380633939,20.92629286489179,28.522046648661295,31.551887083976503,61.185929467519124,144.49321046767696,188.48988929379374,231.72034910662424,105.58718800575502,53.68155919774374,31.99710308198006,26.157160463968914,24.564849556953675,22.00522990195982,20.70352485783895,30.35700734415362,57.60722188568114,129.70103528422698,212.9448332177439,210.28104072429863,149.5014979380946,59.33647184371948,31.183323537765013,26.46492695999146,25.563744183201944,22.738349801340412,25.459552552541094,25.816326030608145,48.54389832305908,140.07200828183082,235.49107883699475,169.01778989364362,187.96158261945172,45.151333580017095,31.327013416905555,26.523482460021974,25.568664587697675,22.62711409538023,22.284484135945636,23.84308483369889,59.471861860911055,177.0562173141972,230.04393375396725,198.67364961285895,116.77580787166474,60.89441693115234,30.909188163511214,27.5426684290568,27.4712370275682,23.157685306918232,22.302571998596186,24.364001880768804,47.37413354492187,157.96882384146414,148.34210882740635,223.73425599638463,98.06262008543938,41.54152536392212,28.980725774457376,23.923702699025473,22.671094861184393,20.01017005551246,20.40435206604004,19.611054970525924,41.14802262878418,132.0454967240364,176.06771067219395,257.27748493152296,133.58087626057286,51.64954188664755,28.38297301015546,24.316074793497723,23.03761650577668,20.347543005174206,21.438761604309082,19.9791486395559,47.784127651214604,157.4439259572183,266.9475363060736,263.23603688958826,150.9990166916386,48.63606160481771,29.179192335067256,26.84947813034058,25.321787259501797,22.31718891020744,21.200961781819665,21.8204516847672,49.018420682271326,191.23152391372187,250.24221332303938,235.02326820401723,115.61369379597326,66.14262089284261,32.97148173178396,26.67716226704915,24.670058133525238,22.89732619623984,23.087895236968997,22.608571539848082,60.557739278157555,123.09925540924073,169.83690255565028,187.5311775255438,141.42679489627963,42.411702641805014,27.399650337465346,22.439236275990805,22.496288244185912,19.420779859481318,18.976282527923587,20.238262988675025,37.793325714111326,125.87879205519155,212.89873917364304,219.619267309264,99.52585307828842,50.63376479466756,24.925788587754774,21.76346602376302,20.380782839867376,18.672338164544875,18.15608926900228,17.656653026457757,37.91003801472982,157.88288423722787,213.10630315596057,251.39386063993862,131.6063845086867,61.394789649963386,32.35517367578323,25.292115697224936,23.73986107118668,21.344217300415036,20.563984992345173,21.14207863223168,46.52346555391947,157.56037386801935,235.5076784416937,207.78468022092812,151.15572428180326,43.723968474070226,27.835789834299398,24.239173859914143,23.192063487883537,20.772597284624652,19.712691617329916,20.20920793717907,42.646904993693035,113.01196235041466,179.74935813042424,237.2749553553107,120.91381994432018,58.318226212819425,27.436564854037375,23.414977560679116,20.886775358876875,19.238998211276147,18.101351323445638,18.545230388026084,47.72586234156291,117.61726748681838
2,5.991384337025304,5.7873619062559944,5.390002387569797,5.126733037630717,4.9044897648595995,4.766636462211609,5.2465589138769335,39.2932344482791,82.60796391010285,21.075651980984595,11.539635130564372,11.416473631705008,10.920060659839262,11.43200385049059,9.93617351962674,9.577707329114277,8.89532909824002,9.340079396565756,19.15010862196645,48.88362499360115,32.94101920954386,24.503143722780287,13.760997033437096,13.484036801245903,12.994640992687597,13.769849449402006,11.371392168229626,10.711837017059326,10.233752549079155,10.245773183822632,17.2489716978996,72.6582038048775,41.43000922330221,23.915463371892127,15.236896360397338,16.24438336464667,11.610298514212332,12.4278367231867,10.662205657343709,9.554253900527954,9.248024701764505,9.369143157323203,22.754422515130813,55.27851895178519,35.000803875605264,21.093532669313493,14.130234561920165,13.579229188734487,10.079926866715955,12.033593339215358,9.685508764328494,8.710549449284873,8.368871672845657,8.162022782961527,14.227161816627747,54.422378488356074,19.685773599624632,18.955303142916772,12.961272988637287,12.769207574782833,10.295154076853107,13.036373286388189,12.349134109250961,10.006287911732992,8.897180197931103,9.39607715924581,19.425027718697827,62.78565536375968,25.244975444157923,19.152634673580046,13.289472162882486,10.644704555388419,7.357399635314941,7.121272866479282,6.753190411598453,6.313036877632141,6.049175202154345,5.9237178173065175,15.554713714045864,44.21956498176821,27.0622400598526,11.87259429993168,10.098197103500366,7.4144444114931165,10.47073642423076,9.607729390407432,9.375873280494442,8.950533015569052,8.352980148561539,8.61415721956889,20.051677051051968,55.324065051540266,45.35462903849283,34.7174230421743,16.710542945226035,13.969844818730508,9.777137236441337,9.448953191047817,9.597784718544252,9.055403072992961,10.26762476582681,9.268441825866699,14.730851669926798,44.47855080266153,25.268168138504027,13.780936453419349,10.893886280695599,10.828255820735809,8.683742874514673,8.21812716817621,7.816624937365131,7.303625484466553,7.1905112180402195,6.914105854034425,15.077331512820336,57.35190720588931,36.58205560684204,20.26720323562622,12.934041271845498,9.611612399931877,10.796315281160414,10.086788345675163,9.499321910488991,8.953464428583782,8.712610853256717,8.468937830607098,18.790922104004892,84.25528595770558,46.83301482518514,37.49792297793973,16.419906131744387,12.559938435708323,11.57797829412645,11.19214635553031,10.495598342649398,9.82527621459961,9.609278960074148,9.772071056365967,21.305159765674222,79.49800890891783,34.92133005142212,26.372116626616446,14.917564629236859,11.09505558321553,10.953805591214088,10.83619292223982,9.410005419946486,8.99498972384135,8.535363022588914,8.226768751144409,22.02285101121472,62.3412593601596,33.53185045369466,18.853857481556556,15.329932381947836,18.45339134339363,8.92412602086221,8.288135664075465,7.970864615286549,7.51988252512614,7.195752083563036,7.106223203659058,15.988343380958804,51.5865421178264,24.218402219772337,16.894314294630483,11.197343591054281,8.808820395315845,9.693751096417827,11.276097007173622,8.93638817633352,8.485830143610638,8.2910864620824,8.39678771273295,12.98793724921442,59.03932048428444,60.88289595731099,20.65315530653923,13.105541538238526,11.82923865656699,13.437421131749307,12.834277040476868,12.02658330363612,11.394328093846639,10.863573023888373,11.08291869099935,26.7100836852289,91.58517396188552,50.64893352127075,39.75524205730807,17.184889926910397,15.288067761698077,12.01315071229012,12.591674163940505,11.765254913453132,10.163592511494956,9.703258499637727,9.987890041351319,30.853741450771214,74.72462496419107,46.16026615778605,21.593083603766654,18.876924683888753,13.284780418026832,10.196812138095979,10.03889975956508,9.275285434107627,8.90790497334798,8.798157478455574,10.22519588216146,22.6781214861716,54.85600247598463,35.52057657814025,19.284475199791693,12.00447382481893,10.652110585243472
3,4.185931070389286,3.89576056599617,3.662795601352568,3.4466653251647954,3.260331718383297,3.095683120886485,3.2783536195755003,12.593879736623455,33.257625087102255,11.543797840610626,7.2588596947987885,6.201150638826432,6.193629296518141,5.534881207543641,5.08623202477732,5.101236905733745,4.5441005728321695,4.598979014714558,6.026275840882332,14.176050745748705,23.203121893564862,13.273596684240527,7.377090785344441,6.280542271521783,5.719492110283143,5.1487160384126485,4.757000750880088,4.487266680399577,4.259301607685703,4.10913294394811,4.309027414783354,13.27923223557011,18.408936756134032,11.867773906030962,6.963250870704651,5.786481722247215,6.420871524195517,5.003777594625069,4.646133746793193,4.3155919574101755,4.06928216257403,3.8811137774785367,5.135691336662538,17.97584562332399,22.44979062430064,13.548451585769655,7.190492781003317,6.418074970245361,5.857064596606839,5.051380371882997,4.629333844953967,4.380074997584025,4.103879064744519,4.025230621337891,4.781973957861624,12.424209607954948,17.447234908421834,10.494177594953968,7.1715989596049,6.803866207984186,5.372683674904607,5.365779400670469,4.687870150842975,4.696845621426901,4.159797659227925,3.986996372858684,4.812137398258332,14.678635807344989,25.05229035886129,12.441301970943327,6.831951873461405,6.028668888768842,4.830761623690205,4.968684798802061,4.244271293763192,4.006030733903249,3.7926328113002166,3.6822959044774373,4.956136100522934,12.167080023057999,13.771548657417299,9.197481884648722,5.719893332004547,4.888142548837969,5.609581024877485,5.090547645538312,4.86667571560029,4.515254335562388,4.391881820155729,4.123254168987274,6.072550263404847,15.26931558193699,30.102837745666505,18.05440373882171,8.381686713536581,6.993922698728501,6.174897101309992,5.670387912689172,5.343293867111207,5.238335909843445,4.926602234994212,4.650203368186951,5.068880231303553,11.761259585965064,24.68784730974833,11.36726247941294,7.645862664858501,6.530984335560952,5.107004430524765,4.700709533374298,4.565797774099535,4.200330904801687,3.9837661695480344,3.820270821253459,4.592356656597508,9.329126435249083,20.02197617816925,10.76979178828578,7.522767910003661,5.521617499320738,4.8517921758467155,4.392356633376606,4.054821254514879,3.817577254454295,3.621867839444069,3.469157395203908,5.746831479534025,12.047557780973374,17.91059011522929,16.409579281037857,6.749676492055258,5.338439704218218,5.3903093494907495,4.932933756565226,4.622842940976542,4.305217919667562,4.114930202114967,3.9665414609909058,5.03511785230329,10.672171808365853,24.969090027173365,16.222517224588703,6.8408216905593875,6.054107719236805,5.404373140950357,4.844985835716642,4.617437056572207,4.26390625,3.9980542550548437,3.8097156475385034,4.917586949409977,11.249901232411784,18.019360708872476,11.897084465949764,6.971906099637349,7.019341177786551,4.410631015839115,4.11880134647703,3.9294108724594117,3.6826442535718287,3.4992614283100245,3.3463197728792826,3.5458723220517556,16.111436563614877,16.46668108177185,9.250191430737896,5.357003306706746,4.691132462255416,4.6294315981095835,4.871222964131773,4.481200814554769,3.8790412112871806,3.6515151620680286,3.4909617187182107,3.4143916225433353,8.380946588516235,16.943506161371864,8.533863576150708,5.440750198046366,4.74512944375315,4.718750094444521,4.338728320798263,4.497046011801689,3.7986212379137676,3.5673495463402043,3.3856640248298637,3.570605589497474,9.773834751652135,16.446587412516276,10.653261453259375,5.798235211054484,5.216613981800696,3.9367589389124227,3.7333168706283195,3.68506313385502,3.28154687611262,3.080087117994985,2.9307454984982813,3.782013171872785,6.735373165684362,20.396227659543353,9.218736525658638,5.4590063150723775,4.511223914238714,4.289586734925547,3.795769360699677,3.6132080993344706,3.350158453941345,3.199041561311291,3.0304060166676843,4.238082000670895,6.648742274622762,13.030263455231983,8.61842363542126,5.373754461129507,4.472426627374465
4,5.225635165552939,4.3511242985725405,5.1194015610602595,54.6446629524231,99.43209680126559,18.01244841098785,22.141465053250712,48.03015697540775,32.4381838051478,41.90964682332931,46.053121754328416,16.930405173763155,8.220426069382698,6.241423534759747,23.33163134205726,91.15982601420085,80.34105974474262,12.331076574325563,29.095742164734872,39.33304166393895,15.638161752382914,58.60178693709836,24.957084467887878,9.682084033104681,7.294066841063961,5.573899032200498,26.77625259522469,70.52415094916026,70.64265615340203,10.622227531115215,24.087031355211813,47.91548433611471,22.082724442481993,59.332554810739325,31.32916503079732,16.17811622496574,8.06834481823829,7.806804282254186,20.289814597406696,42.63421481545767,116.890268528846,12.123473784764608,30.75757258415222,38.88052661034369,19.99705627155304,55.39781910834775,38.7826315873464,11.010334633550334,6.634053256742416,6.38549795341022,20.413229516859978,79.86845113690693,170.22747281812855,10.156596278508506,23.769971329781317,60.37406251692003,17.93474863656362,62.88296422681501,38.81643772379557,11.741330708534488,9.001474841948479,10.198024821833437,16.808325421117964,35.40448203595479,86.72992135017151,9.744801401456197,27.5259985305417,62.45359162792083,22.139008852005006,44.708767993680894,51.780174760818475,15.722066459040487,7.830212448489282,9.396594221697653,20.851046547735894,87.43766412576039,116.18419677826668,17.574011187235516,19.110451893960274,56.51140753746033,23.94771685441335,82.5116246349581,29.036536811192832,11.260079096517256,13.39406618610505,7.895862785160835,17.41054534450654,80.16353925991059,103.52343640665853,17.352481225013733,37.47805589522085,58.50189306935956,24.25020294761658,80.41346001655825,72.18104816754658,17.800797983600244,9.474991091758975,8.250158800503304,16.340074792062083,50.16461538759868,87.02372860600872,16.014808442751566,34.29511783969018,81.62405419380434,33.135613152186075,67.42511963628954,52.122825380643214,19.888014916450746,13.122416334152224,16.828610807639624,13.35078952174033,68.39973654206594,115.74796182509392,17.811716493606568,29.127627078025576,66.86371844383977,24.683191659927367,114.42152635512814,61.516241067886355,18.584969868813793,15.755918353296096,12.677175331092233,41.35006408353006,100.66964590072631,237.2780486254538,25.836536525090537,32.102641575720995,74.24673250875166,36.56430623817444,78.42655121772519,62.53387415949503,30.064142323155558,9.207107487955401,7.638012344637526,14.457880639722271,47.18582717005411,58.76020604533534,14.71605691242218,55.668333175720704,130.63636934772614,38.082436484018956,40.04705080155404,52.60543170293172,16.83101760741203,12.313481450849963,8.73677346382235,29.895343465497415,70.75117471345266,88.30861047929332,19.98848416010539,37.79795925694127,71.34503217881725,33.70725571695964,76.29969328480381,45.94030999406179,20.074995175638506,11.654847946166992,10.017710017923063,17.927925039414436,111.08420395501454,127.21487149946151,17.019239675521852,26.957550652719313,71.88611122377458,24.11242788060506,105.90634828444449,69.82128171730042,22.38794988170747,13.387234046997566,11.036743845293675,28.6219257668526,86.45344593588511,117.4572314077808,23.977980536142987,33.185866615541514,78.22063561162642,39.626150042533865,94.32222725283715,61.251246393839516,28.434079497552688,15.252919892957134,15.423900029694504,22.436814391536096,65.17371280384064,166.5684501278785,18.50344924736023,31.665930418814384,88.83919543666224,24.873190312067663,122.09099088022785,87.99772962443033,25.9828404278909,15.920113743812806,14.436413378645046,58.8476349110757,102.35405818208058,138.3849991964525,30.12978322029114,58.912877102205826,148.8453086600765,66.86135632896423,136.06811525221792,83.29944973309836,22.51599504963044,18.481423405678036,19.38946027194338,38.508675468506354,144.72198063977558,243.45785878765963,28.733552569707236,28.625192438556304,107.57738520837597,40.757579491933186,159.94813292103427,149.18572194163005,41.766101486144535
5,99.83072442085512,120.10665997096471,68.25332922166395,42.230023244222004,33.81326644651351,28.314558118184408,25.794921247420767,23.925744690433625,22.308106269836426,22.16254417050269,39.83367053349813,35.51359405517578,66.1295178579515,81.66734098415657,75.51485623144333,41.2422655690511,24.55311021004954,22.013284709930424,19.794901305167905,18.46538200378418,17.329738127390545,17.054334694647018,21.81051866658529,31.905104667909683,74.59506107576432,82.56831114468316,65.97914853249827,45.70049246215821,28.477563086478945,25.136898806254067,23.09854699657809,21.441116287477552,20.211675662994384,19.635875583771735,22.355400271097817,36.78731232796946,60.82586743139452,74.44404526203138,69.51049367843135,50.05732280731202,24.519982799406975,21.548198468526202,19.991975127189388,18.614706877431562,17.832251815795896,17.392575698975595,24.29696877861023,38.966048100994485,60.05947341918945,85.26829341174346,62.505998732043835,38.60626770146688,23.99317489254859,19.56419660313924,17.98967953835764,16.777312097857077,16.046185803731284,16.302239521395773,20.424336493174238,29.489611589985504,63.03607577662315,76.57620571084797,62.39400901425269,43.25739938990275,20.70905619713568,18.91910500208537,17.479348571531236,16.30913898837182,15.416060201009113,16.561683053662698,19.279104277928674,31.813505268096918,77.52600812235187,75.27256136086187,75.8293163053451,38.92099158859253,24.166219057882987,21.451338821411134,19.813597940014255,18.394321924025014,17.26627185312907,16.920012090129237,21.572581779479982,31.995821931900515,95.5039264777399,104.53394548256408,70.1921869536369,49.170877424875904,27.019111328124996,24.23570866012573,22.40239122329219,20.79963394657258,19.482537457784016,18.656648104267735,26.333406437555947,38.161263242536975,73.7679854989821,90.55152873917754,78.75041105947187,33.906217210133875,23.615911851698353,20.155509510040282,18.71498592868928,17.478472650589485,16.62515560531616,16.754746560127508,22.609007556915284,40.35223210857761,74.59337094829928,96.06163145737108,61.89808241690359,41.601742713928225,25.172137731736704,22.758744864145918,21.02536656164354,19.530068205556564,18.342531355539954,17.97555806559901,20.46057571029663,29.334405193944132,63.033001537938276,81.02097738965979,69.74042863169024,36.334033376057945,22.78142234802246,20.53233761469523,19.067906330477808,17.797095756530762,16.898303784688313,16.20354019411149,19.780585625966392,32.21398512317288,79.84760189794726,88.91612180028642,74.68344559084986,38.7942740020752,25.355936269452492,21.96901381810506,20.33606390430081,18.91915799171694,17.779583852132163,18.042922044569444,20.849342540740967,39.56069787425379,61.4907804083055,98.34385641591302,74.35767712008568,39.46473699442545,23.04416401155533,20.958776369730632,19.383231663857735,18.035522989457654,16.963456683476767,16.06550417254048,20.221307209014892,31.582257387099723,93.04940777194116,103.79784298769945,79.61513785331479,50.3451748898824,29.435276735367314,25.371218223571773,23.4421299657514,21.76470865434216,20.38419766362508,20.144042200888357,24.453894331614173,37.74546231423655,81.03415883956416,85.40444428603637,70.18118162339734,39.56912035369873,24.35594718440887,22.290673823038738,20.765036105494342,19.403265863233997,18.248538186391194,17.853540164578344,20.07921798706054,39.75254822884837,74.72905683886621,70.07016862458197,68.92562862211659,43.31618390528361,21.41145795637561,19.30294058354696,17.90289998885124,16.73938651853992,15.776389149983725,15.09305035991053,18.00875184694926,31.250591992409,93.56533451326433,84.28808254011747,61.645719827221285,30.33350940450033,22.397265740671468,20.17260908889771,18.75520598380796,17.499320219101442,16.413454626719158,16.09981553477626,21.047682231267295,38.784425160192676,69.61569314772082,102.44386650090146,69.6867507706919,33.022586034138996,21.829609736165693,19.805451576868695,18.390758817118982,17.1592127326227,16.123029448191325,16.561716200305572,19.06014104715983,29.97994319362025
6,145.50995685208227,152.51040115356446,231.8643660022367,257.4379024759928,265.2399233910345,507.79543945312497,865.4943470616494,1280.569308373236,1274.1872186279297,697.7073036439957,266.0212880452474,162.8503116730721,144.66563576975176,150.92980102088066,192.9318929955267,225.9709343058268,342.8621201349074,743.0594708658855,1097.0246415267452,1358.6869456432712,1374.818663614909,836.9623220332976,336.479536315918,166.27639613982168,152.87654204337827,157.23140747220646,193.18402370329824,240.31390530395507,329.29222362887475,665.4384419759115,1040.5518204621346,1439.8292669283958,1476.5998802083334,807.0515566130607,311.5594205118815,174.859891101468,144.18930308680382,170.6725620510308,225.8344172717679,254.30682259114582,333.2703712512601,754.8727229817708,887.7495174481792,1390.4332762096774,1443.7312276204427,768.6914089276713,317.4477897135416,162.35311096191407,144.8455713973507,154.71306254908367,191.7112179368542,249.43950369262694,368.02255938130037,753.5479244995116,971.149322076613,1442.9176488470262,1432.9883638305666,763.8263701998801,301.1719108072916,161.94291882914882,143.0548418303459,156.89682151117935,203.31772578085622,248.96521996053062,285.0872154875725,688.5703619384766,999.8835634883757,1450.076681971396,1310.927494140625,773.095903536889,304.14392657470705,157.57776903706213,133.0232300592238,144.72354648345794,169.3163175324471,210.57491791788738,264.7011491738596,565.7679048767089,888.2780220671623,1462.2489814610635,1280.605482421875,728.6819975625315,308.20573996988935,155.5029894625756,134.7005940591135,141.84967408654725,174.73932500039376,184.55141379801432,284.2223126417591,654.4006722412108,1002.2781654013357,1487.477674639302,1382.337564453125,753.0052371117378,302.4527769266764,160.4090073025611,128.72302316973287,149.4066578944916,197.82891677364228,216.74370270792642,286.4035379126764,668.6327334391275,1007.0170123291016,1241.2751863147364,1297.9123966878255,683.1377178561303,274.35214317830406,154.21510798300466,132.15600105531752,133.47691179585573,165.50568303262034,216.78247125244138,283.8003216651178,640.3654152425131,973.0702472317604,1465.5343956535094,1438.0787714233397,776.6662615966795,328.8144473571777,150.38313317083544,138.62386654761528,168.92961309949754,163.71788144019342,193.39256713867184,258.12218890774636,531.9775526021322,952.8049081125566,1373.1002641444052,1350.9799054768878,749.8821725562311,308.2168430379232,167.12364187917404,132.63136007985761,151.1311282934931,159.51530416181012,196.28189446004234,264.0702738706527,528.0021520894368,950.640371507214,1369.19143976027,1422.0933064982096,703.2748048056326,270.984953725179,147.02709765034336,130.93341813610445,155.53935924699155,169.0749841899257,212.96208339436848,342.5761408061366,552.720697886149,936.3649631229524,1366.257473735194,1368.5817493082682,814.6942395610193,313.0644226888021,156.7358337402344,124.92841103830646,130.5042771874038,153.7450016637002,177.5471465657552,241.5146267897083,503.4993542277019,862.7185434058405,1397.132052828881,1298.4227954508465,693.8374776335686,284.53620808919266,161.34040700604837,124.8600802021642,138.69758811123853,153.87398825368572,180.0644343363444,217.97764795118763,569.4458097025554,822.4951789708291,1225.9722009277343,1226.851465942383,706.8948329014931,243.66139626057944,142.1306879252772,120.5350399484942,129.2745202369878,150.83497979933216,178.11767903645833,224.54486657911735,552.1944223734538,860.3596568839781,1249.5610605941279,1483.0099530029297,758.3763226909022,360.22259887695316,144.62952490037486,120.06407698108303,145.65195365868178,149.54413514168033,169.09960048421223,211.46806026335685,550.2954668579101,796.2484130268712,1263.9418703731412,1314.0205893147786,853.3624908841041,278.3812049458822,146.5073457385648,123.39078848561935,130.47255087227654,148.8124387876449,174.05901215616862,219.89442408407885,461.52654852294927,850.2430248137443,1247.7662909132437,1315.4153265177408,691.7057952093309,290.1068385518392,141.54785918205013
7,38.99325144367833,38.759539413452146,57.49225243599184,78.68168053944905,126.07453077993087,174.27987103780112,233.2207162426364,282.3960824781849,313.92429496765135,199.3722717039047,77.53859486897787,50.405463557089526,36.54609584439185,33.500332731425466,41.52305608441753,61.40211740112304,123.41162821123677,172.12195886484784,287.95376408238565,221.60733958582722,286.9686123046875,189.6394591448384,73.82897112528482,42.65152359008789,38.69699676759782,37.07839027047744,42.73702903747558,63.08718632761638,138.4766766677364,176.5734026590983,243.47995879142508,247.93464910691787,307.3034888814291,204.16353443761022,84.29593530782066,47.366698217084334,37.652253105409685,36.3224045018727,53.210104936169046,70.53797428894043,114.82599301984233,174.98284854380287,215.54792030088365,233.42808695639337,305.4026924387614,193.81072421166206,82.26710181681315,43.1049132439398,36.54035032210811,34.9404376884047,42.5542515490132,71.25214902496339,156.28858157250187,184.60315218861896,223.83286607311615,225.18118718547208,268.5881781616211,200.30556405344316,83.48169114430746,44.53611095305412,34.6947374602287,31.241665725238214,37.79628286546277,73.32049905904134,103.40465003967286,167.91511832173666,236.25359063425373,280.313299875567,305.6409274342855,197.65651009344285,72.65102031199136,43.29210072178994,38.40144098097279,33.50353192841478,38.64057096173686,68.51480661265056,109.28916654525264,154.57762709299726,259.99325044201265,255.17947998539094,309.15943949890135,222.35760559574254,88.6493473154704,47.25897672591671,38.8255883567564,34.29307986931261,38.77956909425797,63.7261266708374,116.81455553116336,180.65670247650147,254.0978998048844,259.7337839188114,303.67418441772463,229.8226809249386,89.19913786824544,47.34174173908849,35.44211234308058,34.19674279161275,37.82093150477256,70.54670553334554,118.71544502012193,156.31636898295085,252.2071657562256,213.13228186822704,254.1782278544108,189.30243091706308,72.58714004007975,41.94985186915244,36.12903825329196,33.10869511590216,36.676009708527594,59.5682226041158,120.04114921323715,176.7488285293579,245.4034625588694,257.19129864108174,304.35489274597165,213.19267094273724,83.14389908599853,45.11891784421859,38.72996535024335,42.01084471453586,42.323694534301765,71.03904857635499,115.19424092692714,178.99602708943684,233.30522606634327,275.28163761261976,303.0462305908203,220.40821448541456,78.45931517537436,47.16580764278289,37.30943471600932,40.47780221892108,35.75236215652958,68.21196733474731,105.67608075049615,153.77743048858642,246.75533669010284,237.10969482914092,282.5920443013509,205.27123450986807,77.49298346710205,44.724521865844736,36.059229298253214,33.98061972284552,43.87282908531928,66.2250763982137,133.97360986771122,153.94322311147053,240.22508183140908,272.3073896494219,289.02921820068366,230.5128547520791,87.05864095052083,45.105590884300966,37.444525523031906,33.47539874964747,40.88498068532636,60.8215325088501,108.64387350266979,147.75492721303303,251.36263380973568,278.6999182079684,306.00328116861976,216.56322866132183,84.19083686828614,46.931531527119304,36.91167621489494,32.577404111383,35.072248709894,57.94648313395182,90.09821863851239,164.8290738957723,252.44733039363737,270.5992200986801,298.08711696370443,218.85149270088442,94.0983758138021,46.2395936436807,36.90364483987131,35.2813596254734,38.12958665170977,59.42606339009603,97.09043884769562,147.3969813308716,223.732474045292,240.47295805161997,322.37965265401203,208.76200756442168,92.8173496424357,44.86519616896106,35.07913751417591,41.77594236486651,35.63127199972829,61.50339587656657,106.12506663906959,140.96912635803224,279.48443327872985,264.6718045880717,274.6947561950684,206.44369010186966,78.52576317850749,42.653781506938316,34.51925764022336,31.872909343982563,36.48163833618163,65.87924670410156,83.80695777031684,143.1119123242696,216.88643381426414,233.48082522976785,282.4844336649577,215.99509794173701,81.62575530497233,42.988027976251416
8,250.61957643570435,168.1702293940953,546.2467104019657,301.04352839152017,122.6106227751701,78.56164057413736,73.0426058861517,68.75988272390057,67.14756902058919,96.45622359245054,175.75701917012535,207.76839641447995,207.30291511781752,225.5036577367548,365.68681584019816,302.2448970743815,90.88326337752804,70.19178725179037,65.83064817859281,62.158367068382994,59.673889083862306,76.40701945151052,148.9422030944824,180.8919001425466,222.7740833110194,232.71148848716842,378.1165770893713,282.4844165751139,106.8449111643145,75.50105414835612,70.7123064644106,66.69298337874874,64.36042270914713,72.16130372570407,176.21302572631834,218.0292905204527,255.3087216334189,242.26089452527427,412.9288115126087,315.86588946024574,101.8548322616085,75.4171129506429,70.76610424410913,66.76389302899761,66.42238143412273,83.23525903024981,175.35946121724447,232.3695940374559,177.17748450986804,188.426262678137,324.9321407638057,267.6679623819987,91.05786070300687,66.75828729248046,62.855201745802354,59.540541716544865,57.47568899027507,72.32269157163559,127.66731590270997,198.08947784916046,224.46147313764018,207.97174333375074,365.09938237836286,274.42033897908533,91.4849680894421,68.03380430603026,63.91633486347814,60.35213092434791,60.085145543416346,67.54565177671371,140.6732230580648,224.9952605265956,216.68464101975965,196.55059553719508,377.58413744526524,276.3785055338542,84.33759611068233,67.05669343058268,63.010958399618836,59.473756088749056,56.97111255900065,63.30115951538086,135.4359916941325,219.88758435157038,236.7951619203629,218.02235017522804,310.60324226133287,328.094819249471,106.60797027095671,70.29148309326173,65.88190288420647,62.16811116864606,60.300516510009764,68.01413168138073,136.89920697530113,203.32942336051696,199.44562293268018,191.8568310591975,354.63859596990767,224.5716154429118,79.65658646122101,64.15053910319011,60.40003782210812,57.08634673580046,55.08107786051433,60.69161821426884,159.0297707316081,199.50026015743134,205.6436686804987,197.8441905266898,396.3179086303711,292.1839745890299,87.32033147996472,66.52567160034178,62.44659611855784,58.90537841304655,57.40547264607748,65.15938932849515,139.66293057250977,231.8575347555837,249.59695724487307,242.95522709813613,349.2613107102917,299.03805554707844,91.33615484914473,67.71499314371745,63.52991820304625,59.918092931932016,57.7133896077474,63.35709165511592,144.9946685434977,223.47705214961883,281.10269961449404,229.2628323131242,391.36318734938095,315.1763566792806,96.41998384045016,68.52317154439291,64.21605268416866,60.53589595671624,58.09503695170084,71.12367534022177,159.4521689758301,201.31982972175845,204.46096490183186,183.94336552793757,367.45265427620177,305.5500103098551,87.59991626862556,66.78409949747723,62.76521294378466,59.26729620164441,56.893832809448234,68.92184880902691,140.15849142456057,265.99458788964057,315.5924824819257,224.19393834269104,383.48244734241115,349.56907113138834,100.93021235312185,72.3798147837321,67.82907079881238,63.901738640569874,61.17883442687988,74.34221182054088,138.073268951416,217.8853083259829,199.52748039983936,216.99564088887186,408.6893027963946,221.59030028788249,87.09354471514303,66.21687212117513,62.345630921394594,58.95639048914755,57.389372324625654,63.25291802683184,151.759118947347,244.24661942512762,259.2264510960733,247.07045307666795,350.763798335906,327.18341998291015,94.83589932841639,69.58931163533529,65.29471951884608,61.5879916874055,59.04038906860352,63.1085416190855,135.07207547505698,204.30599759009576,249.15090339906752,220.6230341547698,398.00542805825506,303.1852687377929,95.04812531502016,67.95504747517904,63.766141534620715,60.14091488745904,58.43905874633788,63.55921114521642,153.2334763285319,262.6044249011624,232.26981116017987,220.90779511362467,437.3592010941044,282.3819969075521,96.87908505347467,70.36487393697104,66.09372274091166,62.383228050970274,59.755053309122715,65.45803501744425,129.9667941385905,204.86631345195156
9,2091.703746377268,1781.5784014020646,2179.636912487399,2130.2991178385414,1695.1012577179943,1647.8502490234375,1555.15013703377,1903.0832456527219,2018.2564599609373,2076.770647996472,2195.692742513021,2285.7434578188004,2098.5860883946575,1957.9614551322452,2001.8919121723789,2190.290143391927,1785.2749653477822,1568.018814453125,1599.3379607169861,1778.4287786668344,1966.3554044596356,1939.2939038873487,2033.5477721354168,2092.7974086441527,1980.503976341986,1926.9705960759504,1969.5997957094253,2066.009104654948,1788.8822301852317,1602.4885052083332,1540.9700335496473,1758.4311239131803,1848.034713704427,1986.7860096396166,1959.5833318684895,1923.4937183404734,2188.245376606603,2151.944290326499,2063.835396452873,2057.9436525065107,1897.3212824470768,1622.0859814453127,1644.1280419921873,1846.3493838205645,1952.9967698567712,2131.653273374496,2211.230707356771,2075.6421374117945,2041.327043220766,1928.7886490183864,2064.303070186492,2062.8021606445313,1760.4646060672883,1598.6923162434898,1563.3002053143905,1855.3454577242944,1832.034395751953,2150.2182031250004,2193.3020232747394,2236.483532636089,2171.0902433530746,1964.4380037775652,2012.6975767074096,2045.5700483398439,1819.3546566280243,1698.1649059244792,1628.0969913211945,1788.14634749874,1994.2254747721356,2022.636857043851,2206.7755192057293,2275.9419033518143,2079.922965442288,1956.9746380825698,1994.7925245715728,2084.7698326822915,1683.9850595388102,1566.7822822265625,1637.742683735509,1803.2641642515123,1920.2904248046875,2106.8504051946825,2067.6515358072916,2237.3035668157763,2262.0647530241936,2092.6863509816135,2066.7803537676414,2171.929717285156,1802.480884419103,1661.6546526692705,1689.9309713646676,1836.8369955739668,2123.2189964192708,2225.746330172631,2434.8348429361977,2226.201566595262,2042.1710096396168,1970.0190533116534,2113.161472561744,1814.0167360026044,1696.2756163369454,1555.8164814453125,1507.7648676127774,1760.8280557743194,1869.1939182942708,2006.7071485950103,2155.047782796224,2169.5701323084677,2027.523297158518,1946.4110359800738,1945.9492967174901,1900.5699513346353,1625.6483234627017,1490.6521118977864,1563.055185704385,1740.1685310609878,1887.4505196126302,2029.9767261529742,2128.5975402832037,2094.551314421623,2178.845534116683,2040.6398753078815,2025.081101704259,2160.8168126627606,1764.6228342363913,1594.6287588704429,1556.7386336000504,1793.7119418630293,2111.7695719401045,2142.009439264113,2265.2104698893227,2427.8938919165826,2195.7510501984625,2067.1382132243643,2011.71874984249,2136.5627837727866,1745.045402517011,1634.8625110677083,1636.8128342363912,1825.5560612241684,1979.3245945638016,2077.2005278950355,2143.054575276693,2169.00311531313,2020.2377409116684,1856.227560884823,2054.2601749149444,2046.8123995768233,1737.1810055443548,1514.2725310058595,1587.596238501764,1767.153754016507,1892.265661051432,1903.4611259608118,2192.0964419759116,2143.7094532825095,2061.3012786668346,1878.0357563849386,1893.9150966324346,2035.2746350911461,1652.3316849640876,1508.2774337565104,1461.490583968624,1634.1128532951109,1804.0699486490885,2008.3720161290323,2082.624871500651,2122.124136450983,2036.6201689295617,1818.4393280299896,1966.2248037424397,1936.5052964680988,1559.799525264617,1466.1912913411459,1491.47344781691,1635.6057177734374,1965.6969507649742,1966.581000189012,2088.7447833658853,2229.0736947139617,2254.9031062563,2104.530279709388,2140.5237024319554,2199.3556201171878,1750.3601002551663,1532.2237904459635,1553.583027107485,1868.2275838741177,2094.2561643066406,2261.058968387727,2502.0410322265625,2492.42255906628,2397.8153280934976,2131.9524297313974,2491.8860521673387,2232.2226475423176,1912.2721243384578,1653.925131266276,1751.9578830645164,1847.857565760459,1998.5938024088543,2129.995296276462,2423.125932698568,2538.9207261214715,2430.1889805947585,2330.8582169556266,2434.1960480720763,2412.4862408040367,1874.0488408045617,1746.5144274902345,1658.0789408234625,2014.9963079637098,2284.356590332031,2384.7269921875,2591.81090633138,2442.3745130575853
10,1101.638595876386,816.2013026646206,1207.5883076329385,1334.9592838541666,1393.0755607358872,1032.2848872884115,834.2844002016129,886.5334945186493,1001.9023156738282,1471.6244211504538,1662.2673034667969,1226.588191469254,885.0387650422128,896.4261042522561,1131.2543661006805,1238.453053466797,1186.433445217994,904.4545721028646,852.6820684223791,827.8853538463961,1005.7900100097656,1537.5348024036039,1399.805780110677,1104.9336101310485,858.0479826896423,930.6930090843164,1097.3343271169356,1257.171390625,1152.2286452557962,877.9056524658203,835.4871019326487,880.8466084141885,1032.2800298665366,1457.9375197675151,1452.0990536295571,1127.7421826171874,879.6067345010081,963.7343996275353,1236.841029407132,1248.0111372070312,1172.213291015625,882.2179348958332,830.2408446478075,844.903494046119,956.4344414876301,1508.5434054466984,1683.1492704264322,1058.082076849168,866.8495357390373,860.7677862578894,1068.1186267483617,1262.463872639974,1136.697757922757,863.1822571614582,821.2968742518271,868.1485424017137,995.4980827636721,1466.6371952967493,1585.4984755859373,1202.2959562436995,796.0823746219758,895.6008607294995,1084.337386592742,1211.4319595540364,1085.1739842962447,881.4331725260417,832.8072983477192,865.2249119912425,1028.989740234375,1492.6488871912802,1544.7676207682293,1191.7381553206906,840.4169973459551,846.2026252062567,1110.487596514302,1311.1928268229167,1064.3069038637225,837.0250361328126,857.8043770082535,870.8064429498488,975.5279616699218,1536.0199083685109,1642.7682779134113,1254.4774753496724,915.0744716324346,906.2807563157855,1181.6806503985003,1246.4831639811198,1167.5348381583922,873.6017377115886,853.0678379378782,862.57341812626,1007.6622943522136,1510.0479776493196,1625.1088170572916,1118.3841204637097,841.0575100412677,926.3362482666616,1071.151233500819,1257.9710561930337,1127.898101294733,844.1197054036459,846.976708984375,825.358796859249,1009.2584173583984,1401.1180469143774,1583.1505829264322,1103.7645671622984,840.562211047757,901.5449454562182,1049.7465150894657,1237.6671461181638,1093.6186832157257,836.2666458333333,838.1513448998236,835.2746317414314,995.4355199381511,1440.5632766034526,1474.3203645019532,1117.097249440839,886.8510216497605,917.2161429178774,1043.6652033061366,1200.5904347737628,1195.3885903241558,845.4289704182942,800.8507395098286,837.4756392152847,947.7348408203125,1454.6470675560736,1590.0547059733071,1215.1966065240676,791.2261154863911,907.7608973100032,1019.1838309601815,1186.6424355875652,1082.8158003480974,776.0284719645182,830.9998797016758,758.1613845923639,938.0136694335937,1406.7395490880167,1614.6944838053387,1107.618582409274,797.990643861832,825.6999817285398,1146.375994597404,1193.2974535725912,1070.4581251181326,824.9337275390626,811.0084619140625,828.2376422709804,932.9633767903646,1365.2076659762472,1667.9247049153644,1098.399109359249,824.9381470907889,820.106485434847,1034.3068136498237,1290.7789348958336,1067.263929876512,822.226869873047,818.6714913841986,833.4688957755795,953.4004752604167,1434.8085805979085,1573.2957087402342,1129.0775250047252,839.0992985682333,885.5798551467369,1056.1835131048388,1160.8174029947918,1067.104104988344,847.8297252197266,852.2401570769277,816.5475685562626,927.0887771809896,1388.9550415039064,1675.1809347330732,1158.3371624165197,874.1251406565021,869.8662437732115,1058.7679013356856,1216.7030644124347,1110.988399579448,790.2718994140625,790.652710984753,780.8898930112776,994.3476975911457,1425.8783371660788,1693.4683030192057,1132.2532696730093,894.9523002772178,915.5702749528557,1021.1574026587701,1186.7162775878905,1090.5332699486517,804.7381830240885,795.156771515877,765.4463977838332,866.8272522379559,1341.3500712733116,1653.5067913411458,1226.5357252157887,845.8877934412801,994.4715925064463,1005.1269101247478,1275.7004655354817,1030.5110299977948,815.7270167236328,822.9888979807208,816.7301388057587,937.6453570963542,1361.1125957267514,1627.527234049479,1222.8324054151967
11,99.7014158679593,95.49183011736189,94.70588260773691,101.5281315612793,128.21775955692414,256.0152862548828,506.08620561169045,1834.885807751071,1383.4068798828125,282.1916590536795,142.62765813191731,107.95527757213961,108.8255673414661,105.16179283179675,103.58601694414692,118.02896474202475,178.6584121507214,297.58181571451826,918.353991108556,1567.4773604460684,804.5045397949218,289.90896544425715,138.63141409301758,115.89539106799711,120.69743246755293,116.60265886504075,114.701045620826,129.59457419840496,189.74296212473223,314.306281636556,811.2533322931105,1700.2520313484433,893.5783834025066,340.77258982996784,147.4957531229655,125.43031918433405,117.50843199699156,113.5786206024621,113.36594227452431,122.01451418050131,211.0924501382151,323.58434779866536,801.7324490651777,1645.8322881489414,998.4460053507486,384.9760112344064,158.63822865804036,123.48946188649825,113.43014026272681,109.76204702743757,107.50630690051662,118.61621114095053,240.5658619443832,361.45305314127603,799.1112171689927,1573.5359423828127,799.4917395019531,355.71419326290004,146.82889413452148,118.78947947840535,123.22673845844884,119.23600238367843,117.49112864832725,127.6881256713867,206.21436287172378,355.0641749369304,842.1865845415668,1720.398942437941,925.8529815470378,360.85648030927103,151.58809880574546,127.8689359406502,118.3948637340915,114.57683437328619,112.63872636364354,124.26428710937498,167.80476753480974,302.64146526082357,901.5963075896232,1472.9038414542906,933.2869572347005,374.12410104074786,152.841872660319,122.15918919717112,125.20272216796874,120.77875554390141,118.23670208346459,144.8458376261393,196.6377853295111,420.9277737528482,1020.3422014593309,1715.4544840363535,1112.6674036661784,392.4583368018366,170.79346447753903,133.92971580259263,120.79217867943548,116.95115683682448,115.24109755977508,129.02048813883465,187.08914823470576,337.1105441996257,819.8497711181641,1669.332061196604,916.7201998291017,322.2805079404769,150.94606487019857,124.01248115785661,124.63285031226374,120.45168172601407,118.10090917771863,130.15702099609373,199.83742154029107,354.2731024576823,873.424063612415,1975.8994569643085,1014.6251613972981,352.67322705668784,159.11791984049478,131.0205487060547,129.30996210898124,125.1248297566381,122.14015624015562,128.18166221110025,190.84671699770038,327.4022334493002,861.4235366525958,2059.6291811641568,1222.0630747884115,412.14631266932327,175.28177194213868,138.43369576731035,145.8272685290921,141.0106669522741,138.48880729429186,152.54645501708984,211.16517585016064,390.9681875406901,934.4272175253591,2320.480387100712,1122.2407752482097,410.59189295614914,185.0721754353841,153.4077061511624,144.01572581629597,139.2497569211011,138.04958860335813,152.60767341105145,228.1861066264491,310.39862839762367,981.8293558329921,1936.8855917653732,1158.7119408569336,417.65021125055125,218.53320303344725,149.84093781502014,142.96227265388734,137.65351056817718,134.53021450904106,155.34019568888345,206.30302988360003,377.33236824544275,862.3007125165384,1951.5665802592616,1143.6072970987955,385.337909250567,183.26275746663413,144.94921304025956,131.10156423261088,126.92633003911362,124.36732038928616,140.89963157145183,187.2673996660786,414.347281056722,876.2178757993637,1738.347645578692,1256.7956376139323,411.73204635127894,183.59808149210613,137.74948423324093,148.48660957582536,143.46257191888216,139.67697335520097,146.02280119832358,214.698986265121,391.83372372436526,1068.7619915869927,2493.947136545489,1344.5633813273112,415.92908541771675,203.88051736450194,158.24719212685864,161.5264354484312,156.3623612171793,153.18562758907197,169.86501029459632,247.23498088221396,444.2591625976562,1422.8208630174206,2456.213203302199,1400.4668931477863,430.8417470722813,224.5673660990397,172.57801939933532,159.6752657588836,156.35430073404547,151.68452439831148,164.42450344848632,218.913091844128,434.8352458190917,1035.6431699002173,2130.408760356288,1422.9850507812503,554.8278352602067,237.23316918945315,164.96791419244582
12,117.87662243381624,130.6448267664228,80.30585890123922,49.79274998346964,17.636671992271175,16.430559717814127,7.794066865982548,7.270583906481342,7.053407896359762,14.284089822153891,111.09835064093272,83.8321647551752,123.30323065726989,95.33424537827815,75.99458628931352,23.149955786705018,10.50038997803965,9.607160934130352,5.579583025286274,5.281861537810295,6.226777473767598,10.458681467425437,72.29464250914256,71.15053607940673,127.13325651291879,122.1192759213424,62.871793989981384,19.453448368072507,15.150593561972343,10.337300266901652,6.1092327127149035,5.503054128462269,6.411444422721862,15.460666096902662,55.294694607416794,121.148624723496,131.63933229630993,106.49986710005794,75.5910941880749,36.77696851158142,10.51386000110257,7.054935826937358,6.65447096824646,5.787670378223543,6.700121255238851,18.240654563596173,39.61003528213501,84.01022910856432,104.37665901368663,139.64704318401263,69.662556139423,29.90419307486216,14.938901475783316,6.735124481519063,6.3966297266560215,5.2762123615511,14.984839276631675,19.214219579696653,55.449224015871685,72.89909867563556,107.49859016049292,149.6634740818193,65.69905687824372,34.42870796267192,14.06146535196612,7.6262956180572505,6.663847733159218,5.801014644253638,6.149995758374533,14.978310562564479,43.10015610376993,89.18553687557097,125.98103546019524,110.9845449456323,86.0277393021122,35.63700165049236,11.457356211446946,7.24511073621114,6.2622682823673355,5.718874507719471,12.668759073257448,13.317648985770438,55.453869857470195,85.58257541871839,162.53145951763275,128.56318416991257,101.32575087055083,29.14992561308543,17.59909269978923,7.267377690633138,6.5801399544746655,6.129467753441102,6.7064691804250085,13.654729284471083,66.49417366568247,91.72574181895104,194.28379823684693,164.1184601442215,51.16621751170005,43.031783768971756,13.54326225034652,8.40191726175944,8.906485295141897,7.0737286072392624,8.473718200365703,15.28707119787893,60.29355200703939,121.01685684942429,114.47460459862987,130.9570784951431,34.120825512178484,29.056959894180295,11.755871389450565,7.765610076268514,7.707700782898934,5.609764464286066,7.421868410428365,11.373733992730418,35.94253490257263,88.03581662054987,156.25860399061634,131.57727095244553,83.9930973815918,30.725402228037517,10.834444911710676,6.478040712674459,6.443141197081535,5.4099167737653175,9.009955450693766,12.033549594571513,43.762141736348475,85.27852226903363,176.23706916070753,161.97910395194745,77.57256067706695,28.077295724232993,16.23139847478559,7.499087614695232,7.785561173039097,5.797526702573222,7.396035450935363,15.229300578640354,27.517540180524186,112.68481811708018,175.86492706791046,130.97817373710313,93.00525436955114,26.816841874440513,12.129322396555255,7.534872708002728,6.586032520109607,6.154089039218041,6.973956319173178,8.352479492310554,47.258025219281514,86.23007488619896,137.94935015586114,122.2861533773826,89.4125035255186,31.080667409896854,15.283849882310438,6.76242639096578,6.869641404921009,5.600871813374181,7.395447776476542,17.11750014489697,42.88029368050893,85.90478419488475,132.64311567460337,147.0011024852809,79.97278885195333,27.608952200889586,8.782973602971722,6.632431963920593,6.071697967590824,5.560916604995728,5.887447509765626,12.279844464025189,34.335657328923546,90.75050878801653,132.95675329362194,120.40467656756854,97.88887948036194,34.77835538101196,11.142814025263633,6.748836826960246,6.416189966509419,5.745389243402789,6.092027307510376,8.640931454627745,40.5108113117218,82.19548349226675,130.18853219186107,120.24684777883472,78.9255120988046,21.450013287544248,8.706668401533557,5.889005106290183,5.342210815029761,5.084904165883218,5.0523784596125285,8.09576721714389,53.97117712227502,97.38868039254218,153.1980666182118,145.5005242273843,59.58398789867279,20.51771375624339,11.699659173411707,8.653576167424518,5.851184583479358,5.482424480991979,5.473582330226899,10.331068918935713,45.593516190846756,100.06866275725825
13,918.0232233847343,790.1745244707379,504.64274784211193,291.4477315266927,211.95498883647306,241.75141764322916,262.05671977381553,194.43374338457662,186.14362904866536,170.0576406171245,267.68648193359377,419.5512203093498,939.3681800103957,1038.6103506823008,518.0085402359501,323.8681612141927,294.0019244384766,214.2722413736979,235.95551178962955,185.48797442036292,164.01593395996093,174.98425686743948,273.68868410237627,524.3044221348916,1009.9404357122606,966.974213313211,609.8531606366557,378.38927909342453,243.36533896169354,256.9874490152995,228.69757790842363,193.3200677687122,170.33715408325196,167.60276063980595,230.09331664021812,436.81871280793223,1049.2794811617944,1036.1614983379195,657.2042123905305,378.4899784342448,291.2059789054625,217.1353960571289,223.36546349310106,201.38053817256804,167.92377655029296,172.30950704266945,238.6774917500814,492.5385885915448,1097.5059093844507,963.9179803406663,611.3330897177419,392.0048482666016,244.37032092678928,204.32735325113936,237.93632954259073,209.98567380843625,173.3007301228841,180.344395023469,266.5725096944173,578.1926643420804,1230.9450144712387,1081.8331134123403,706.5078259080456,343.7964555664063,270.8218796465474,219.29946169026692,242.97649175828502,188.16802551269532,165.65926538085938,177.18104710732737,251.08461682128905,441.0773833440965,1003.7948664117628,1040.361926919721,631.0964131213772,371.66621238199866,272.80425478043094,232.2300422770182,235.3821136868384,186.69638949486517,170.38029619344076,174.12228102161038,223.1431692606608,442.4277879481162,952.5537935515373,1013.9021726012583,679.5955040716356,330.37186753336584,257.749933196037,200.73505122884112,217.70165135537428,186.48913773075225,159.36928174845377,158.81686518515306,236.0799467163086,539.6804846191405,1036.4818721451297,970.9808237521165,775.4776365021737,359.2134357910156,266.2495893712197,232.55238010660804,220.57061003654235,204.26075973018527,170.48678212483722,175.51772250267763,251.10455635579427,440.13892454085806,985.4465668315272,994.8098424345872,877.1648525705644,443.00296486409496,277.6959130662487,236.14754166666665,237.2749754874937,200.3104024579448,168.59053177897135,160.80334643948464,243.0350905049642,427.86474520775585,870.5834779997795,995.4784858215029,550.2792981547693,303.35156256103517,225.85569538731724,202.31528247070315,231.8893281505954,181.05404870802357,157.05773203531902,155.39062843568863,221.2695343017578,441.0052378500662,1015.963169319399,1057.0034538103678,747.6796530446697,311.2882739868164,244.26462538196196,206.25939451090494,212.64127590056387,176.66750549316407,149.87954412841796,154.9620740632088,198.81390549723307,462.5525662822109,985.724006859564,1010.7338785970153,665.6491092804939,353.08976584879554,240.38552987375564,209.19710558064776,216.34173716883507,184.29419753536098,159.88078936767576,156.4578256619361,193.4085466105143,435.77850094702933,754.0391494455646,1081.3884225178233,658.0217708267705,316.88739477539065,268.25974456787105,216.36148831176757,204.29824969876196,174.74389063681323,147.4411217549642,155.11471926781437,204.7603170166016,396.6730706393334,1044.4050801824756,1139.0799029090017,731.3189743140435,380.2346238810222,232.37898585165698,215.37108544921875,222.37216686617944,178.8223082806987,153.07180470784505,157.80866737611834,186.4755761311849,443.8662805372669,1027.8214220403856,1228.2719977317774,620.4827094884072,360.6923096516927,251.61209872338083,203.2145259806315,221.84296386718748,179.55575723955707,155.0535154012044,166.11506838890816,214.22479286702475,390.91179760348416,898.6516151379001,1051.004279921959,768.3037483461442,402.77128413899743,233.6817443749212,213.2283377787272,209.20856367541896,178.37484669346964,156.90755431111657,146.39600307341544,187.82005514526367,439.75559795748796,969.421885592553,1035.2287885491132,655.6607564224735,345.81384240722656,244.32771448935233,201.42654498291017,194.7785243077432,182.69077269523376,149.3759122314453,148.6057951502646,246.9542537434896,479.2459942626953
14,53.1266859271834,15.768334679092678,16.202786175281773,3.603836507797241,2.994807353711897,1.2736004881064098,0.8758688434477776,0.7798900112029046,0.7262983727455139,0.6540041281330969,1.4507118600606919,0.90587054548725,20.554458420968825,24.54304163483857,28.329999836798642,8.164947076916695,2.1205728259394245,0.956506124397119,0.7955557874902602,0.6788579097870857,0.6072671475013097,0.6640366492925152,1.1396593352357545,3.322810102316641,23.96352982067293,32.20539498502397,27.262525289039456,24.840791894753774,5.000119076832648,1.5671030183831849,1.1280343497376288,0.924330778487267,0.8070514584581057,0.7809862367953023,4.084357503294945,2.1188697932997056,19.781867083349535,36.521750191699695,21.49398948323342,9.406476713180542,1.6062336295266302,0.9976119204759598,0.8684395655124417,0.7349379145329997,0.6613488225142161,0.6750176147876247,2.350356687068939,3.141283496579816,18.638342204863026,31.666509920615574,31.181318758841485,13.832569700717926,1.6326381048079461,1.1348059840599696,0.9432584041164768,0.8123165077163327,0.720694903532664,0.7310850945788044,1.1215803439021113,3.3087044016391998,20.064808212018782,17.73744897575508,17.237439436662584,10.625299131115277,1.116678623999319,1.109120653748512,0.740998279010096,0.6454237456475533,0.5956704428990681,0.6129208458239033,0.7986733313798904,4.377300085156195,20.745863744155052,27.88168732247696,31.40300365398007,9.166225335141023,1.3474671181555717,0.89560788667202,0.7461142193886541,0.6490561030180223,0.8212097870906195,0.6018195542789274,2.0267518442869186,3.2738938568292126,31.29614412115466,39.72288807117734,24.207890329360964,9.229405213832854,1.9223937360702024,1.0628138313690823,0.9039024130375154,0.7760921092956297,0.6934964847167334,0.6402275888766011,1.014325852950414,3.658754796943357,20.650820047701558,34.82767802626334,27.59824002169794,6.640189835389455,2.5167696733628553,1.0007952842315038,0.8290756729725869,0.7193093194884639,0.6435826607545216,0.6084387727706663,1.6755388129949567,5.993753474335517,24.554765272159727,22.87745724723991,19.158248636741792,7.959312103311222,1.2212170263644189,0.7768068479895591,0.6536956319116776,0.5717452427841001,0.5280326738357545,0.5218536868403035,1.9145328345298764,1.1588115989392804,28.136754453797494,27.753220262492967,27.058161372984607,7.118934060533841,2.391021264387715,1.0234683826168378,0.8395813844088587,0.7211890425412885,0.6390836301445961,0.6375685489177704,0.8488911666075388,5.171662422726231,31.692406953188687,33.19798138668531,25.21537777000858,15.113992504437764,2.5370668574302426,1.3375863636334735,1.0597163598383625,0.8811496274317465,0.7582130581935247,0.7336346684732744,1.9199097350041072,3.1117026039285043,19.172155650085017,31.986498315811453,32.74966599595162,15.437050158798694,2.148771782536661,1.2980936859051386,1.03164441833573,0.8712346452666866,0.7624025879899661,0.7747434775483224,1.7856387030680974,2.384369770192331,30.695493847593184,47.28604210815553,32.214504797997016,15.140267110387484,2.2821258681435737,1.4718789933919907,1.181752844472085,0.9939844294132726,0.8972193148136138,0.826869429388354,2.4449347610076266,5.460862692248438,18.525570467595134,25.323911397910763,17.382817315459253,10.286564945340157,1.2126298635621224,0.8684998098214468,0.7312480252212094,0.640338716449276,0.5831321578621864,0.5963981969318082,1.2911495113968847,5.292027175272665,19.988532068517898,13.666460925547653,25.729677326775366,10.282253910978636,1.2877733623212382,0.7816914172371229,0.6562098305071554,0.576296446208031,0.5522526515523593,0.4909669001448539,0.776552917520205,0.974179968314786,16.468916803444586,27.585790291046862,20.166010586196375,7.74670940164725,1.192884501680251,0.8714765072862308,0.7204858826437304,0.6259910631756627,0.5670261454383533,0.6539313285581527,0.9523977906505265,5.670826623920472,23.912730962057267,18.788649375882056,20.82876279482918,8.838850064774354,0.9427297691568253,0.7385174013574918,0.6245849327694986,0.5492773522100141,0.49106016947825754,0.4795502360597733,1.5659236461718877,3.0724651870035355
15,76.10201164983934,73.10688209533691,77.35289227885585,152.33986208597815,236.53210109587636,469.5612605794271,819.6353053923576,2425.664639971333,2132.760890909831,566.5403728362053,132.6828060913086,88.38710007206086,82.55292787121189,78.77298591538604,87.31744282876292,124.75702420552572,335.67952371412713,616.0346520589193,1401.5963156423259,2114.6251384119832,1627.5325822347008,578.6692971506427,144.57202995808922,91.89805707377772,88.12698906683153,84.99097766876221,87.82763120097498,145.56487877400713,361.95220147901966,603.8799840698242,1174.5486800458352,2360.5684540385582,1778.7621263834633,604.2483866340883,137.96362825520833,96.06241919732864,85.49698871735602,83.15057984789017,98.96048551497923,152.26430676778156,375.483623952558,585.8522753092448,1082.0150629055884,2060.1958343702745,1915.9565461018879,750.807184389176,165.11359938557945,94.10178928498298,84.39759209909747,81.42428476343014,91.41195215532856,148.30458023579916,512.7359741752379,723.4224092407227,1151.51098640688,2047.9013222183717,1653.5600388183593,603.7623809716009,154.40618894449872,92.4202297875189,85.5640054419733,83.27006941527569,87.93180091119582,161.29870564778645,315.18175786172185,638.9441733907064,1203.7128039353895,2279.3144598979334,1694.1662499999998,624.6051570572392,147.042597849528,93.15138063492313,83.90648969588742,80.07447313863068,89.18856600853704,140.84151342773436,256.99385813067033,586.9061678771972,1184.8094277757214,2030.8885074738532,1758.6615642089844,755.3001384513609,163.0040501607259,92.08131136986518,88.68645171626922,83.21140261833304,90.88334742392263,155.3482937520345,343.2714523512317,718.5728050435384,1392.2797429238599,2354.989711126512,2076.0400762939453,708.4093994435956,174.19108497111,101.03271401682208,84.70583196332376,81.11104691829588,86.22361957180885,167.361505762736,313.82634768578316,560.3609339701336,1124.2304435877645,2077.2028123031128,1677.98472458903,562.4678846297726,140.58054897054038,90.43636944186304,83.57755431144469,80.32199344691385,83.71101923788748,143.46883174641926,333.65731142105597,553.6135977478027,1056.9425761167463,2402.8472573557206,1968.6546182861325,625.6407581747732,166.9571709645589,92.379404685728,86.44061258623678,87.73580869458578,87.68751929990708,145.1633841603597,309.8292681983209,575.0085315348308,1102.5182166905556,2476.51466273154,2023.3761512247722,776.2106161006805,157.31376289367674,96.4875180496708,92.30622809625442,89.958628416954,91.2478599499118,153.78846314493816,291.9655259113927,616.7956178232829,1192.548247808641,2566.8738538778985,2044.928769246419,662.2546968718499,162.55321267700197,104.6833559737667,89.48176524008474,85.64298346702688,98.43972056727256,158.07245558166503,377.53369841052637,509.24829262288404,1156.1228953896798,2237.7925253197454,1969.3664284057618,752.9253565831339,172.88139399210613,98.53984558597688,87.44103019468245,83.33728054647962,91.197724998228,149.96168809509277,303.5037736314343,520.3524526672362,1033.9527292263892,2392.421333559098,2035.6676655273434,588.2797271039408,163.7538498433431,94.81716369136686,83.50986207531345,81.1701376453644,83.15930620747227,139.15541026306155,251.67446187665388,616.5148068847656,1067.8375654651272,2041.5292901020664,2090.221707824707,720.3858200073242,179.41869741821287,94.10459263463174,89.11284122097877,86.52081010715128,88.48505063456874,120.76241225687663,313.73073602984033,562.449019724528,1193.5785888671876,2529.7455556955647,2207.3543771565755,703.4016322868101,177.7091037750244,97.44078483827653,88.90756368821667,87.41341209693495,90.82548914755543,148.47946788024902,335.6428586110761,552.1947401631674,1473.1084261592741,2540.9037957960563,2130.6709594319664,705.9791464430285,160.9133566385905,100.99074275355184,89.44402440717144,86.66036299324976,92.77359831779235,156.2093711090088,278.1602994315855,536.7104137369791,1206.4632663652974,2044.1925391018776,2090.8274262288414,852.2974663617533,191.84306471761067,99.66232769873837
16,235.8716068390877,238.72138225010463,359.32223943894905,487.5845379638672,394.02919616699216,544.9542913818359,850.5209811302923,886.3944030761719,656.9968244425455,467.15708529564637,426.02088979085283,399.25340546638733,294.9295217600177,246.53067332977145,332.6909365549395,566.3852999064127,557.3517530084425,437.0445606892904,724.5082422859438,782.372689819336,641.6300034586588,408.25912302324843,390.93319283040364,314.06982163952244,265.1491284376575,254.7532170555979,380.0451639089277,546.3848055623372,554.2606663463961,552.5487006225586,779.4678397295553,783.0007459480532,664.3433442179361,456.92614289314514,386.0976380615234,297.1395164637412,279.1764155627835,278.9016459264896,333.5216706109815,473.0876667887369,522.0984884348225,512.6449514363607,748.9057869400516,833.2976247873614,682.6965844523113,493.58729527627264,402.55801186116537,308.40950902138985,280.014869601342,286.0552492587085,408.45698535550025,514.3570612386068,547.1318757481729,472.64044049072265,738.7634466355846,819.0741231020036,606.633787109375,514.5510482098979,416.5362274780274,338.78681195659027,288.5189361769153,242.01426141447624,359.5840405667212,508.55860538736977,532.8430894814767,536.5286111857097,789.9761981201173,896.1281977105909,684.4214241333008,450.1459047772807,450.3164954223633,376.45608802057075,286.4338227499685,263.3707581761553,345.2170060680759,569.6342057698567,518.4919329243321,489.32203466796875,732.0459652020854,899.988887939453,692.9142095540365,447.94626124228205,382.22226110839836,351.1129228358115,314.8650910802041,276.4379358458871,367.3848388278099,550.6439762776693,556.0381605775895,531.2209694620768,704.2216784864856,846.431406505954,646.2097678833009,494.14801718434984,495.58122414143884,362.1713925072454,270.3593717513546,270.8552032854052,359.391525406376,417.2076273803711,490.68312626008066,448.59305871582035,722.5524469584803,936.6732623487903,724.0398272298178,517.7908489793347,384.4013656819661,343.7581092489919,269.54535108996976,265.854338699867,359.6633521295363,526.9955349324543,464.83314720892133,470.27536273193357,789.6543640727381,950.1675205747542,675.4280220133463,459.9348702510712,407.5601989135742,350.5666882521107,308.4850667252079,303.0082588639283,465.87716783092867,618.629923400879,569.2574196895476,473.25514646402996,804.9511121393019,979.2281162778793,820.583350789388,520.9413152879284,425.59028865559895,415.71461697486137,347.51364649618824,277.6074252499735,390.3834512230658,565.949489847819,518.7411762065271,527.7639259236655,838.0679733177924,1046.7527249637728,782.8875456339518,481.77372080156874,410.822228515625,401.18648213048135,289.0934597089214,271.2968917809096,462.87156574864537,508.6257276407878,529.8538931372857,437.5899838256836,826.0035475995464,883.1441843734249,781.3582112426757,478.47305790070567,410.2287286580404,412.4184687066847,328.7743627929687,319.6127644250428,432.73217564736643,594.6795202636719,527.6810199368384,505.3763800048829,778.6964764798073,942.375906490203,713.4315842488606,548.4343368234943,479.73109281412763,399.52920353058846,299.90012659872735,276.24034373165944,395.0750261466734,549.2126063639323,500.06815868746855,511.21927119954427,766.7474228594381,898.0659139719316,808.920994934082,538.2002646366243,485.7576893107096,399.50170390467486,347.3028707393523,326.302390629059,518.7052566429877,608.1684493204752,589.1948652304372,541.8805585327148,892.3508526020665,998.6347818288496,788.3231958007811,603.1420951006489,479.0403803914388,496.10997912991434,403.6934617171749,334.2431477889639,617.3021704298451,680.8140484212239,641.075709937311,600.6646652018228,974.9162449006111,1087.2326898587132,886.5621891886392,621.4612701416016,521.0114461263022,438.3695157943233,400.45913936491934,376.25905424071067,468.4729339599609,658.7565522664387,590.0767424158896,606.3859166056316,746.3682803836946,1085.7514720695249,843.956127339681,678.9843505071825,557.9428387044271,462.17637679561483
17,54.48098294965682,131.84090948104858,70.65798381682364,32.92770222028096,25.69680636159835,13.03494045893351,5.7282056885380905,15.035155842381139,19.414983094533284,29.026062897712954,71.610714635849,45.68895018331467,93.35426451252353,105.34968549546349,89.92380591823209,47.83105840333302,21.947480558579965,11.158235729217528,7.223358066774185,7.871577989824357,11.926209647337593,25.78487461166997,87.40541244777043,74.06102016448975,109.31630447049295,92.5044003340646,81.5653428154607,46.484681872367865,24.880750808100544,13.57898198143641,7.228286949742225,10.961893297933763,9.731055493354798,20.508079786300662,50.31771432336171,63.315347264505206,74.59632803670821,90.02999652648796,116.18518545950613,88.56969578901928,19.241146050114786,6.730214980125426,7.975838914994272,8.253426971743183,14.321071726004282,34.921695567869364,55.4183469484647,49.88830990499066,103.9417374352486,132.0119325272673,115.65850828847579,46.80263887500763,25.90672989291529,9.169375175476075,5.8763430278531965,8.600994581868571,13.654701945463817,27.658442101324756,72.71362947893144,83.27819251644995,68.93633110507842,119.1418366545879,94.59350083781828,50.120596305211386,20.625207993292037,13.353595502853391,6.435328009820752,11.090276738136046,12.542055468241374,24.297124371990083,62.5085344171524,71.68582254255972,84.97034898511825,134.21836346546417,97.82873138704608,35.31460811456044,16.065096836397725,9.285754108428955,6.381934572958177,8.817344253909202,12.515289644559223,25.01973003341306,65.17167588996888,97.0479492445915,105.70126444878117,156.5121642505007,108.50438758419405,39.84308289941153,23.893666518119076,11.968214011828106,7.494159880914995,6.77573699243607,13.647114383061728,21.901371818511716,46.6266631081899,73.93770080750988,126.33322970113446,128.98566803274485,87.46030220154793,37.0548850774765,13.930888520517659,6.915073680559795,5.678489943781207,6.573705549240112,15.535321029504141,27.085594684693127,66.7834599901835,105.44490910499329,87.61226005984891,115.40896600483673,67.97035337325065,50.068993501663215,22.43559486419924,13.722030000050864,6.750162388893865,8.230797909152123,9.269466079711915,28.885225524748524,54.474059843858086,56.56276902014209,95.26923331845191,83.31777517817878,97.82871124175287,48.418973982493085,17.23381486492772,9.261623480796814,5.771958804745828,7.442968293313058,6.903911534309387,10.54259899970024,48.229673390229536,71.48816240341432,84.19140485455912,156.78268585427057,66.22477111416478,54.76759464295706,22.118533672209708,10.196247110366823,5.383388190577107,9.992772236485637,7.0588662355740865,26.831451397403594,58.15663342666626,76.46196051689887,86.52038278764294,163.74168626037138,110.45660116041861,52.72927806854248,23.805070988439745,14.851670951525369,6.523437903311944,10.295113928241115,9.78491429535548,19.04708967993336,56.713637902895606,75.33225666569126,113.73200689500376,109.12000296630295,126.64622145375897,61.89607228597006,13.350746542715257,11.308133920351665,7.373411764944754,7.526519497902163,11.281723744392396,33.595877712311285,47.6825416135788,102.05193118556852,110.51420100119806,115.9519097419795,103.09480554519162,48.158503098169966,15.194740837004877,9.604967994054157,6.395799279674407,9.80286914886967,11.522827464898429,36.83399339199066,44.4795085495313,93.83016762610404,107.68044580644178,75.05361081606061,90.24945965582324,82.66592528756459,25.713204596581,7.516270638624827,5.021167058406337,9.882278316943877,6.775653698523838,18.173952549349877,66.41845154619217,93.81906707117633,109.9494915393091,129.64760403034134,62.78794542527968,44.71751408481598,19.545788653281427,6.871878288269043,4.82761260601782,4.754653292317545,6.276710013389588,20.28347491387398,58.340751307328546,100.80227077730241,95.39848247066621,101.38114190013536,104.36044322690657,38.2924949426651,13.576821922486829,15.459729114850361,5.6364189346375,4.570779054395613,7.027562705516816,20.168786732304483,77.96099227380753,85.79829954854904
18,139.91955391668503,135.30665890829903,301.9879328820013,424.57362040201826,209.18165226597938,137.81052215576173,301.6808938303301,391.11994835638234,180.66861226399737,168.32130136797508,103.13064514160155,223.17551823277626,219.15410459949126,183.88720004020652,255.14777564756332,406.62843809000657,256.3905927744219,115.31350758870444,237.1184348370952,293.2948197838568,172.78879215494788,130.27916832708542,141.12437430826822,167.05894937330675,174.4991224276635,181.8302934757477,343.688449908841,377.0955143330892,233.49011052777692,138.1400343424479,269.6565512872511,318.78463087020384,187.6863413594564,146.93647545599168,121.55126283772786,147.8210541509813,190.01949917700983,225.3600326630165,245.449528296686,285.556521077474,236.76690686133597,138.86646736653648,301.134967336347,316.6428287432271,173.79765254211424,154.74318110804404,123.84133473205569,159.71443213678174,212.46522305396292,229.61097223009384,351.4326573033487,367.0419875386556,258.221721703314,126.56818878682456,258.6186976278982,324.40552935200355,170.60813219706216,147.669062214513,127.45240816752116,172.6972136958953,222.70768566008536,185.7966902517685,277.89194324616466,291.38339784240725,226.761847672001,141.67860767110187,274.7806539424773,409.37426505304154,194.99916586303712,136.30986992620652,145.90434166463214,181.21989049603863,209.663621648973,190.41536247009125,278.0697637201125,356.98566825866703,239.39155135123957,133.66830520121258,243.9852274740896,370.5425967653336,200.86073435974123,133.03297045307775,104.43901308695474,150.06570166803175,242.7431698066958,207.78845193346146,264.29732636482487,352.9612934672038,275.8620020318801,133.78435385131837,257.532155535298,349.62217903383305,171.2040882212321,158.27997122487716,166.57459241231282,191.19189959126135,208.62142891668503,192.3163423479954,311.4338301775532,236.88897559102378,226.2931170063634,116.05645677185058,277.05133741809476,392.6021806286227,234.39709471130368,163.0988150516633,133.51929344685874,192.21475134080455,196.51233526414438,200.41620840288732,262.2289760761876,352.8646289469401,222.63703554707186,119.88960639953612,295.9540791320801,419.0746223154376,197.13032313537596,155.99350471250472,128.446824025472,180.05129845403854,245.12380936161168,213.89505522234685,406.86784932290357,458.24296512858075,279.3099051690871,133.43792406209312,281.17993008521296,422.1193399441627,243.54925096639,169.15368230019845,125.6153571726481,214.51875307636874,219.52373963386782,180.57473463857116,262.99747906592586,383.03092177327477,226.96495445005357,132.63906964111328,316.29799868675974,504.1143326002551,234.61811891682942,151.89542439122354,133.33732290649414,187.3814254760742,205.29476975471744,189.84765404405263,384.6769286124937,346.58546140034997,199.4001602074408,120.51649335734051,266.3668791346396,379.1716707684917,251.68845977783204,178.48923896543442,140.80747350565588,221.27723192276494,217.77143342048893,243.22828805124817,323.50430982528195,379.8395716908773,239.40978434901086,113.38593715922039,264.7738397167575,398.29030045047887,199.70887923177082,184.1943043518066,135.2860006459554,195.00560484363186,248.76819233555943,214.9028628051457,330.9117108991069,369.8796605072022,239.21440782116306,132.76660925801596,258.465468853366,448.96140261250156,224.40530197143553,180.21316761632116,189.47667225646973,227.947713367093,257.9163768694478,258.54000767073603,443.2870400459536,423.06338993326824,301.02439238517513,140.86771649678548,317.5194022984658,426.00161858835526,234.7486513112386,199.81147532309257,182.73809068298337,262.8168191183767,285.5310904275217,251.75202761382306,546.121604697935,477.33163151550286,309.18304729338615,186.9313219197591,427.9658538867581,596.351489425167,290.3407507985433,252.64916229248053,174.62683127848305,200.72546351771203,275.52924945954356,290.6865235254448,390.45059567359186,482.01882806905104,297.7459323366227,170.60396161397298,227.40055285053867,476.12343911447834,254.84915693155926,238.20790919150076,223.82675830078125,248.37456349526687
19,6.115258456814674,5.7396949359348834,5.477863567106185,5.338646663029989,6.42194619178772,22.28806023279826,88.07709035565776,349.48109783664825,400.515979309082,48.468823248340236,8.945503473281862,7.0695827330312415,9.33727284093057,6.710948809496875,6.602068748474122,7.201071864446004,11.26222474252024,44.30582953707377,213.87872995007424,345.98108135346445,303.05906740188595,65.95974674594018,11.975505787531535,8.10631443577428,7.361405760857368,6.693090077409603,6.404016569814376,6.314982902526856,13.386159914078252,41.57337374750773,168.87401289170788,406.22295074832056,304.3290760091146,71.45554453942084,10.131431248346965,7.773385270641695,7.507129097600137,6.757808616314028,6.781131410906392,6.986215034484863,11.611951546207552,44.26685106786093,173.2099326785918,389.34221232752645,302.6616422271728,65.76754527245798,11.654302840550741,7.977205748404226,7.479699126212827,6.906588346828968,6.815479460685483,6.709262496312459,13.77046408007222,46.5970340792338,179.13837411326747,401.4220697562925,286.23945728302,71.94246090058358,12.262199896494547,8.222901378754646,7.6226360936318684,6.768818273708737,10.374999382880429,6.754487661997477,9.464425911441925,52.57931855010986,157.8269363550986,351.1397702124811,282.12481377919516,61.31239167859478,10.921103579203287,7.846939281340568,6.348706396779707,5.9249559239213685,5.68272398302632,6.38652430375417,7.8950215404264386,41.18089202658335,162.5591139208886,318.32450796558015,253.7348762283325,49.68705480267924,10.577827918370565,6.940293347758633,7.186359462738037,6.682097093013707,6.443277683258057,6.529554616928101,10.963210218491096,45.02604636319479,177.25096235952068,429.3704422821537,355.2653962542216,70.2634352284093,11.519550486246745,8.57037880189957,7.335058914307625,6.8753345210446515,6.635267510567942,6.970204284667969,11.827010663555516,34.68099090449016,118.39341435586252,322.1691143811134,267.3255652770996,58.179744680466186,10.35472210375468,7.7438405215355655,6.444737127980877,6.017502159978369,5.790008962692753,5.862726946830749,7.6722122432339575,24.344791540145874,114.70785524183705,371.69202359414874,271.85087565867104,59.34603487691571,10.7298053150177,6.98544677918957,6.336524086613809,5.913745487922519,5.621806809210009,5.579994184811911,9.73472838647904,26.84796300919851,122.51773111343384,331.6471212251725,266.68063244374594,77.16350738648445,10.765852005640665,7.085515913194224,6.484398919074766,6.066265404799888,5.800020883006434,5.7268799715042125,8.752625278349846,28.376252189318343,134.7704530703637,315.8999459814256,288.8312680625915,65.34159418598298,9.435132980346678,6.969216273523147,5.875002142383207,5.509650408293813,5.398083514551962,5.4335100371042895,11.017529139672556,25.877805196444193,107.2103283906752,261.3819748220136,267.51706537755337,69.40096389401343,10.782854750315348,6.621267455316359,5.215506542267338,4.879235734681191,4.697844240742345,4.700962370872498,6.977098682465092,16.087469096501668,108.72426604855445,278.05710858621904,242.10664144261676,43.831930857627626,9.337534755071005,5.714027802252,4.989239449039582,4.765484871018697,4.474416195038826,4.383120730082195,5.974616731520621,18.23902986971537,88.96732474111741,235.44078607005457,232.4583456891378,54.625865285934935,7.554887903849284,5.405544425902828,5.21803621999679,4.680144297383689,4.47694106071226,4.317756334622701,6.531385403294716,22.538315369606018,94.85171553427173,224.59342035601216,259.3571390686035,41.69301229969148,8.409297538757324,5.532808413351735,4.557490968704224,4.25218213878829,4.628241100926553,3.9765841979980463,6.113980295119747,17.528696124394735,68.20729049651852,227.5953217660227,278.83634279759724,61.375331399363844,7.738902293841045,5.204365111935523,4.568731949098648,4.18199464026343,4.331502449589391,4.099730490366618,5.83073311221215,15.342304815928141,94.57103358668665,176.2153635904866,198.39387574768065,63.17354849107803,8.877887141863505,4.9956352360017835
20,40.16335877449281,38.05210771560669,123.50905917998284,317.67733942667644,351.239146841726,76.13242144266765,106.96063345632244,179.9219221053585,94.27796552022298,286.11983541673226,198.9599508158366,87.69396076817668,52.078585202617035,48.653641391810524,138.933247653592,367.15533173624675,281.33564453125,69.92361932373046,90.08001412668536,111.58304904568578,97.51831379699708,205.07158376139984,147.09996016438805,62.83805254290181,43.221363837949696,39.750986993723906,204.48586992079214,356.7497945276896,243.47204848504833,72.58186544291178,97.7843277543591,115.90102612649241,96.32014059702554,212.30910438537595,147.18922273254393,71.67119006741432,46.862310781171246,51.774767197482106,86.68967959742392,269.85593872070314,338.38674626012005,81.77195698801677,105.61274607996788,111.73093918831118,97.47973786417643,244.3032047911613,191.7458173497518,60.14342066118794,51.20184382038732,65.11397036434983,122.49159335474815,434.52622624206543,316.96098196214245,68.94746788787842,89.1785099054152,118.77887304982832,97.25185649871825,235.60733570468042,221.128627494812,74.12196265189878,48.87545581940681,51.06623484061857,91.97795865951045,265.01747953287764,297.50069914787053,77.22508240763345,105.89658113048922,149.87767155801095,103.39060131835939,232.60179010206653,221.21695453898116,107.4536691087292,62.1612655861147,55.58018986405997,127.91317454184255,338.4368854853312,334.0626331353957,84.52798007202148,93.96197443808279,132.77303864509827,112.56256651814779,255.60003945873623,161.05302917480466,65.20601351584158,69.19035679971017,51.344224816871986,119.89511014384607,420.56265793355306,359.2208277893066,84.6747297414144,96.0202283108619,114.72621708531535,93.37127776590982,264.7488343392649,293.31765605672206,91.57364783502393,66.44232608672112,54.11332421758491,118.98275751667639,268.44669137064614,255.0657606580181,68.30953520456951,104.6136108078495,128.75026476460118,105.53896192423501,251.01204887636246,194.90452405548095,104.6660221764349,51.17640598912393,64.60557300088442,121.27290934901085,355.2266203918457,276.5944733995007,75.18914229329427,106.24380390290291,144.97198817591513,101.78380064646404,287.9080058042465,177.72896502685546,79.89937973760792,114.63341411467522,64.8085542073743,205.3787086659093,507.5267423324584,438.46227054719003,90.16207228597005,111.29315537729569,153.10118278995637,114.27072243499757,237.02690918460968,204.90739056650796,115.4735535947738,58.62261205119471,45.534150760631846,106.87960781220468,358.072030921936,262.0051922361312,73.4645519765218,127.32122917913621,148.64486265367077,120.14461687469482,217.4504812695903,216.43018343098956,92.57415412902832,64.86971002394152,58.926331037042175,231.1952506551435,339.091681599935,262.0888772484564,80.1493797200521,102.09710208523657,132.77059931601246,122.56266959126792,237.6253806403375,246.68957356770838,130.26764113395444,55.87353920721239,58.833543552342306,155.4934304046631,472.75638428751625,311.93929622773203,73.74334631856281,98.93280334472657,129.45268968397573,100.73428217569987,302.3441025887766,277.1444293746948,104.74330577481176,118.31447524286087,62.213385249734515,178.64449634428948,394.89284483337406,333.18643818762996,83.84783389027912,119.30605682619156,191.20912676903512,122.44273291778563,266.2039399374685,262.79794212849936,151.97232924922818,82.94409596104776,82.02039287059765,231.21400561424994,436.0570091883342,391.58803605110415,87.46784306335448,118.06812128374654,160.53066630209645,137.31892915089924,410.8845098901564,336.0298215484619,132.12822046095326,99.2214071359942,77.12129287569394,308.411492120066,448.119322921753,379.84038740096554,127.93734938049315,146.83159572478263,218.4341705568375,135.47968002319334,319.89383533108617,240.8459327799479,111.20788339922505,95.47515752484722,147.03651277053535,212.34662211510445,604.3275772425334,453.3585362514373,106.90149142456055,115.52349381231492,168.83660147882273,123.88628373463946,393.61439500378026,401.05850111389157,161.52911712154267
21,121.59774545854138,206.01082914897376,84.8326375653667,45.746827061971025,46.524465413247384,57.46956754048665,35.68855045072494,36.29015493085308,42.5234707959493,46.93212421171127,120.6125017484029,82.3066296854327,114.68964279297859,96.43805004650736,86.9383079774918,48.1002225710551,29.43595901366203,29.29675653966268,31.25619257034794,25.35334222978161,34.3651516195933,38.633002907537644,107.6712322769165,97.4001750921434,123.83240154512467,102.9217081350411,88.45964247180571,46.95582429377238,35.72575179192328,34.23989349301656,27.28302173245338,29.165100394833473,21.52258971341451,46.65098895534392,80.55129603004454,98.1664908095329,111.21355428511097,89.41364883925527,89.3958047030049,71.64447587331135,33.51040816399359,24.905803298950197,35.45997194413216,22.01986008244176,26.543255970637006,54.778396052083664,91.42470368957518,101.15445327389624,108.92699611663821,141.06297465296214,101.6405884625835,49.19940156046549,33.62562720944804,27.698628255208337,25.646573076555807,28.560170237018212,37.98320037587484,47.28551255503008,92.4690881621043,95.95083378822572,124.73730709075929,143.1299939526713,90.1484870381509,68.02608609390259,35.991119963122955,35.87152717844644,29.608909816126676,24.62557615710843,38.27666350046793,43.983618159140306,88.31899339040122,105.00290307075747,122.62298656463625,111.84549693469344,86.34412792082756,49.75044417699178,32.19542626657794,23.136709639231363,29.800215337199553,23.679985921305992,43.08500524648031,54.95574231547694,79.64582980728149,100.21956039059546,140.51908768684635,124.94916034989758,112.27138845505253,45.989168389638266,36.210310564348774,24.74772360356649,33.809461010348414,26.3079767762461,35.5607992661794,38.449113226244535,79.55981740442913,98.16673244107155,150.3866184357674,144.03688389054662,64.33136727363834,51.41836507415771,29.34938668650966,22.87663906733195,21.484330859030443,21.541399223573748,31.001626191457113,57.503644991228654,85.08334156799317,129.71934210008192,117.78691267444242,112.4927108617604,65.9287700825353,53.44729924647013,35.78793697603287,27.218657812754316,36.4924654474566,28.278364302727482,24.295107843399045,51.623686248410124,77.09027289962768,89.11256179194297,126.97415821321547,118.94130351686712,88.77349281803254,55.300842525482174,28.429839008700462,26.341535182952878,31.85867661383844,30.378573148173672,25.034562226613364,28.940455730192127,76.6934737180074,97.44895187008765,135.0016354394728,146.6860434206601,75.89536753992881,50.09861516825359,38.182526118370795,29.89687760543823,30.41727634676041,31.148346716973087,21.739160848617555,47.8229352292707,73.76994502512613,106.87721153628442,149.15362750391807,141.38458233786335,108.1456055179719,55.5058807856242,34.30540685961324,31.60403859583537,34.75332250964257,32.74858547149166,25.95103807830811,39.923353153967085,75.83346393966674,96.64830086246613,155.0381602256529,142.00093618242607,100.52553581976122,60.707501846313484,36.20421097909251,34.04857040659587,27.414474671886815,22.95104803392964,30.496401938120528,42.60202097615888,82.62853135236104,122.34453859759915,139.57593528624503,148.87933668005056,105.44439747164324,60.675161390304574,26.774639053344732,25.094137885411577,27.23230951678368,33.26753629376812,30.718117683410647,47.395702366367466,63.173677430470775,107.94910973210487,123.24795689490534,100.35761928252987,94.59591044764365,60.97284892400105,37.83250026764408,25.12080152193705,26.64241635353335,24.975038656419322,33.00732617123922,42.830288338199736,75.47084713045754,115.29450218077629,118.58687187933154,119.23567425605697,79.28345477073424,58.76528606033325,29.24164025091356,23.528839647928873,22.063551040157193,18.066209206734932,22.813833285013835,42.16749610593242,69.38505539258321,95.52572702715472,137.65070609677224,127.57505906274164,89.77169829091719,43.170807181040445,28.43576416261734,35.51240334065755,27.58522482595136,17.61631783331594,27.474503208796182,35.79283851931172,101.35424500528971,102.31080048714914
22,0.31275931704909565,0.33925649195111224,0.2805013207298132,2.491121291394035,9.205467625587215,15.699934810797373,3.5815916304626776,12.545737593789255,5.758881264030934,0.9937613504067546,2.2852481036136547,0.3651379787633496,1.1103494165501286,0.5626889588868272,1.1677725325825234,2.0705422274395824,5.77243178176303,9.5973572567602,10.74072496669427,5.973044945491898,3.9266157897611462,1.3063708268730871,2.7412881730198864,0.8324580966753343,1.1977169700543726,0.7223129152642389,3.1182203193177136,4.2176977979950605,8.699928544051946,11.002424048386514,11.92774222518648,5.51308973718074,3.9723043337911363,1.6058596580187157,0.6029208053325614,2.1563347202972056,0.761051012347302,1.4380621834764526,2.3019139280482643,5.770264600566278,5.527072236798704,10.402355897185704,12.973167935917454,5.421596279144287,3.6072793913235266,1.6854227085748028,1.6614916980365912,1.6670449573234205,0.7434870347837287,1.2801257196048579,3.252098804702682,2.8754417635214824,6.239764371886849,13.680530311065416,11.889782421834047,5.630328552732545,3.3265116019348304,1.9108072731547778,2.7816713369637727,2.185941382865271,1.3617371338750084,0.8812737292063243,4.344601193314358,2.9175438204444943,8.200087326704974,9.419198410078883,8.115408496472144,3.5204888891404673,3.36685357267658,2.9396602285869653,2.5291782229642075,0.7691183091147292,0.6454900139726458,0.7221496192459934,3.6220037505337066,2.1689630744941533,5.550194500506285,5.950954422523578,12.233314012180895,5.187943914561503,3.0605052468826375,1.5488226989284155,3.3359479267100496,2.309728121457681,0.7772788568195557,1.252080999718465,0.5955828971770261,2.5610864683513843,4.083956962781807,10.25778995739358,11.283500068414236,5.8249224198801866,2.181898128823687,1.0124015741699164,1.6023629687515395,2.390559805383485,2.97981811270959,0.8947079875218804,0.5761508942425492,1.5112766985663522,4.938146296812882,6.598466734866302,9.262574816574492,3.935189165780622,1.7695326298723617,0.9332381952938533,1.6280200568052632,2.7823846196070794,0.6694124969287263,0.7921977591963734,1.370077714809487,3.15867240548258,4.360289719151633,9.102435004057984,8.726245706095812,5.752260773020888,2.389559436112642,2.247782109293246,1.675144086778164,0.5953592119269793,0.6336699411849821,1.0751525308333998,1.400241264399261,1.844034125994891,3.2592058391688807,5.490925881166012,7.0883494325486875,5.136946004650766,2.0513812307467063,1.8078176269151514,1.703029466805359,2.367695797578462,0.8525384486178238,0.9285560070023656,1.9505391438701938,3.174487404367576,6.842623976429384,7.360949904316415,9.988736508113721,5.721100461050387,2.021221558491389,1.334410540262057,0.6431745821995041,0.6882590873467345,0.7415444776920542,1.7269240663663983,3.4877166612115835,2.332546601794039,5.344093882225814,11.136285663434613,8.912229359038173,4.323833710527228,1.8110087648878495,1.8444673523595256,1.4116290194491543,2.3785420734723735,0.7427629341040888,0.6506880843487977,1.8694566018230492,4.411287008823207,5.016357937363848,13.920908674207826,7.7121312534712985,4.522247359819951,2.747714207455515,1.0067349381168043,1.376726245259245,0.7993541268667868,1.6258886854314514,0.786166722795426,1.2785585786558447,2.2860467318184674,3.9739868788673514,4.978945165867606,10.138387424996305,3.7840979766340985,1.9945860763937233,1.336084173056147,0.8239973212679228,0.826915528809111,0.6543830264636106,0.22930479214095456,1.9275126974050312,2.8254901050229866,5.275268869680023,6.893458403294906,6.674275477457671,3.2980627084715715,2.018929478466511,1.5934780488956362,2.1052914616080622,0.726336904675249,0.7880241276197617,0.3235785322625814,0.906390634962628,4.860680722733959,1.5431442450305386,4.239975208090309,3.832358840790487,2.8110280313721345,1.445166335647305,0.7229383710375236,0.6464091322446863,2.4515290383369694,1.4530956575646996,0.5696425723273931,2.601802571866541,2.210253231642768,3.3792435440499213,3.4203758898911376,8.598712361877965,2.5900972457710774,2.049956839978695,0.815016300346582,2.489926583225529,2.488726096445274
23,11.640145941703551,15.627649641036987,29.64023918644075,46.23029292424519,80.59796452676096,114.01128044128419,189.53853062660465,644.9724611836095,627.0853902180991,153.4720959201936,22.908629360198972,13.075495030803065,12.39756824616463,13.756690484784508,24.460035383162957,43.83671373875936,93.92832578720586,184.61607085673012,354.3924334839852,480.12132282380134,437.8528786366781,149.5741876835977,28.20980874633789,13.372139628010412,12.947050749255762,14.506877512579479,21.711130333562053,46.532465667724615,93.76078910827637,160.6110335744222,237.98825208602412,488.7728470980737,479.0239939117431,155.79226181891656,30.04285222752889,14.090039606401998,12.338538289223948,15.473524374045763,34.85266168163669,52.07429925664267,80.60138555219098,155.0272402445475,233.35488844717702,429.3045677677277,502.59808506266273,178.09714306123797,31.655818041483563,13.124585001545565,12.544015902857627,13.723107263255002,23.583415157564225,47.799412775675464,129.2944618877288,196.01404982630413,244.0611242798836,418.83806918236513,417.6347811330159,159.3288935261388,33.62758682378133,13.612309028871598,12.796280831367739,14.796535291624775,24.881244481609713,47.71689931615193,71.04077574453046,156.4959951184591,269.47103512917795,522.6600617685626,449.4738273722331,154.33728479200795,31.855356248219806,13.903740779507544,11.912773331057641,12.399044157014107,23.627257639977238,53.941544205983476,76.33169992508427,155.89401139704387,265.48574610802433,443.41143412436213,441.98442667134606,170.96997837928035,29.268075478871662,13.365119593220374,12.57074205952306,13.538327824493933,20.634456632060385,36.150309221903484,74.67785914267263,155.48239448420208,281.39415486489577,548.3894425373693,546.0998596547445,190.99130588900658,35.45648037083943,14.518433503796976,12.147177426122848,14.598149911053662,23.069277757829234,46.42529059410095,84.8599374118928,161.85846221796675,241.8215223779986,452.6545328447895,441.879072652181,145.9965966464627,31.584503273010256,13.519309083261797,11.8474913197179,12.939665555202316,23.131990352138395,41.193075976053876,80.16747918159732,155.9995086034139,258.89859433943224,533.1004904986966,550.3197046966554,152.53517805284068,35.28905259768168,13.592920761723672,13.01652610840336,18.039829806905665,21.062978739584647,40.14556305885315,75.18737872216009,161.7097498372396,256.5307897469305,555.5163054927704,479.36656081644685,165.83192816580495,30.541635813395185,14.657063626320129,13.512850728804064,16.96701932451408,20.354746525056903,37.41704530970255,71.05193691991991,153.26491499328614,268.7923261556317,544.0846540192634,535.1703274332682,143.55514324926563,29.41789406458537,15.361031751325052,12.884196195294782,14.912457834182703,25.43378201638499,38.47191984113057,97.65620837796118,143.80573328399657,275.1619974542433,525.5884864413354,498.4087192738851,196.8218497024044,33.843034561157225,14.469393865523802,11.790921304764286,12.3804222354748,19.972114839246196,34.90211904843648,63.59887217613958,116.45519767634073,216.42115857524254,522.5884253421906,549.8542334238689,147.58839385248,31.51268776067098,14.245332324120307,11.644230811211369,12.503784692745489,18.04019337930987,35.97108522351583,58.20675061871928,141.38106024169923,249.2343038202101,511.05801455343925,480.80124599202463,175.51984945727935,27.80942945226034,13.38361643268216,12.018448361427554,14.607312295448605,21.884558462327526,40.15357852109273,67.42227182942052,138.48518233871462,241.42989537639005,466.1645641769902,572.1257499084472,182.70540676855268,41.31561811828614,14.391286712769539,12.312064402795608,19.133871398888196,18.855008987303705,35.73631551996867,60.50551835767685,114.70680208714802,322.515105801244,520.4345144456432,547.401099995931,187.39700907553396,29.946247188568112,13.3921828257653,11.450561922134892,12.539338342920312,20.300072194991575,38.624095293045045,54.0219517935476,111.1081633122762,231.80774444580078,408.2697511070006,537.3161757253013,199.5626105326991,36.810115572611494,13.677556819300497
24,957.271416350334,1106.2228400094168,769.4737077282322,418.82591573079424,243.57560198383945,202.11079091389973,167.9710966048702,147.97236874488095,132.30544840494792,129.8971233737084,219.37548863728838,634.6774030131678,799.5704781316941,838.5558449911484,577.7824536132813,422.3435154622395,229.18944604689077,167.14518190511066,143.63586189516127,125.74600114391697,113.46541892496745,108.76835515176097,222.8207744547526,517.8205700782037,790.3808436436808,837.1815680104522,643.041395992156,420.5689231770833,226.49828983429938,169.19939713541666,145.39044338103267,127.31760938090663,114.48963626098632,109.2560151229366,150.99157285563152,509.85558086764433,779.9093328857422,818.4210525272163,652.6067947683026,384.0118137613932,225.71296420189643,157.98874726359048,136.53835287770917,119.07234468521611,106.7915188293457,107.63305544945501,165.75738385009763,554.9052505985384,921.5834098176034,909.52647632768,708.218947616085,360.09991552734374,208.7145446186681,151.79514478556317,131.4842323155557,115.88184596892327,106.08281692504883,111.11835743565715,200.39169513956708,508.346450933641,902.7692898362682,926.3702647024069,654.4480848546183,363.73932454427086,201.0929004004694,152.18091158040366,131.74043558428363,115.0722417031565,103.55634924316408,100.69284481909968,176.23425147501626,454.0020535868983,865.3621258840254,899.9549621484315,671.7196384356099,379.49610469563805,213.2987087717364,158.0956705423991,138.38594013829385,119.84942040720293,108.44709052530925,105.06443915090253,168.55750523376463,466.8012231051537,851.119785185783,956.5429648796796,721.4599817091419,425.0152614237468,219.17252179545738,171.69810680135092,146.70438701014365,128.65338278001354,115.2826675262451,111.59021823513895,186.72992098999023,539.7964201797978,923.6629086106823,868.3186616012499,753.5480743801978,354.57281982421875,210.86219189059352,152.76246087646481,132.9527820316438,116.8640736536826,105.11060268147787,101.81751096663938,178.1757886505127,488.80488790204447,768.1140277887159,997.3905435022814,664.554227196478,357.0461177266439,210.171687769736,160.02427439371746,138.97679554600867,121.89179547709804,110.05877865600587,102.04263494676158,170.46309516906737,453.28314416700795,815.0403166149508,1007.3489837992249,680.8213893471996,398.8238399251302,201.22320197320752,151.13631484985353,131.66085165700605,115.24925035045992,104.28409190877278,97.57169656076738,146.92746331787112,493.52122146606445,865.9249704274825,912.0437268818072,708.0681834165512,333.0495446166992,209.17543987643336,151.97815414428712,132.5436941134545,117.04386820147116,105.04589182535808,100.88851600893084,149.01424763997395,516.4460374795237,944.6481442063854,984.2724119425054,704.5896431609124,418.8687144978841,210.0486552576865,158.33448051961264,136.42182530556957,120.05566097136469,107.33318689982096,102.537245212678,151.19825192769366,422.6533804173623,782.9289817563949,991.8804147113367,683.3334453951927,353.62798207600906,198.0518554392169,153.1090451558431,133.2781627236643,117.33376772972845,105.43026751708985,100.36812991234565,142.34263298543294,503.48701066540133,958.6884942922285,884.9760534389852,626.630645515688,347.6314745686849,195.78589299355787,151.32288923136394,131.24683827061807,115.28502288818359,104.18607288614908,96.82012105634135,134.29019243367514,504.12221788467895,837.0947409845169,1006.1353286837123,724.04660037133,418.61354104614264,223.32490773354806,156.82783469136555,136.20934670232958,119.39602295414095,107.52118564351399,105.07230345695248,155.85572147623697,557.0627946915165,929.3915990423387,1053.9707559662618,804.9334337099137,398.1685337524414,211.26136054746567,160.29567995707194,138.91854778658958,121.59134778914913,109.33643918863933,104.15833069339874,133.30032021077471,466.14666391188103,833.4002523311492,938.6081151704835,713.070423859627,420.62690897623696,200.94740146760017,153.97127868652348,133.81731407903857,117.82711864840601,105.85852159627277,98.4770741124307,178.62263427225747,446.4401962083386
25,13.554525141562186,14.467494218690055,164.3284724604699,410.64676750183105,81.65565376281737,60.13499450683594,180.21369958692983,293.0325357498661,116.45530808766685,59.02705377763317,38.604780260721846,19.899111701596166,14.973071745287987,17.63719171349051,121.53170932615959,412.7965831095377,82.81835938607492,62.36943697357178,206.72911400456582,279.51834784353935,108.6597784309387,53.851401339500185,32.6480948047638,19.057098668621432,14.744974160348216,18.962303701856452,182.60840108748408,418.179685991923,76.76177982330321,67.15203739039103,223.57226661189907,232.81574994241038,100.45951202774047,56.98456979074787,32.17349877293905,19.280299835205078,13.484941689891201,17.242508674255145,169.551333849507,376.5798382581075,52.96382163078554,70.94150557899475,273.0423248543278,249.05173570448355,80.88503702926636,40.49185862018216,28.636261098861695,17.139166697840537,13.881381324029737,14.477491604142589,155.6140268196598,397.6313157386779,58.35337280211911,70.2584604956309,261.4613917566115,274.4356572378835,120.92151323191327,56.483604612042825,35.53351233990987,19.64747682079192,14.745877308384063,14.643670359221588,174.3594202779954,408.24120002492265,65.6402963675222,64.9095195611318,241.7358030454574,260.321474454326,105.91096636708578,47.39717991613573,30.05210094070435,17.459703637399983,16.63798146524737,23.178395841344827,193.9228283839072,384.5666049613953,62.23659311109974,81.56648522122701,249.91084170064613,255.81688938386978,114.60963799285886,51.7229433465773,34.20301310475667,20.364040402443177,11.603504640517698,16.65604801628977,165.71081111723376,400.9181549135844,51.036574220964994,56.29676373926799,176.11459286166777,260.14510026993287,94.60096797180177,42.235355238145395,26.95517104212443,15.74951891499181,16.3680857523026,28.376119453965735,216.7063826677876,355.51072386932367,56.7313655373358,90.01612143007914,253.340157661438,289.67410841664963,151.79000724538167,68.15535475454024,39.38711264864604,23.205202309393115,21.18475632452196,26.73874200529653,200.2611678664915,406.7249268620809,85.59591680219096,90.19226397196451,308.80136520262687,365.40059672201835,155.3121144816081,73.65027595027802,44.140986507415775,26.159417280381728,16.39911100818265,21.89537575897912,215.74194123668053,382.1234228210449,60.49841701876731,70.88234828948976,243.55845008727042,346.9291795447565,119.14180063374837,58.88825922566075,39.29572127405802,23.48887758255005,18.444620058613438,25.038050043406745,235.20898458050146,366.4716517028809,47.783121312049126,92.97856610107421,296.01759646384943,289.00356912428333,114.51227036794026,60.27308466019169,44.4763755900065,22.78849124539283,17.777129066221175,24.230719002408932,240.37538389882735,415.11214767710374,49.77987106077133,82.03041387176513,375.12845193186115,356.2040843520626,120.18573456827798,68.58548759706558,44.92917042541504,25.513949528355752,25.422586781901703,39.03616050602767,267.02146860184206,371.3833901977539,63.7462959541813,115.85328964996339,380.31188509295066,412.31396158772134,235.08183055623377,94.31319499231154,59.58371733347575,35.43794662291004,24.733501819487536,48.48357547273777,284.5371933451006,316.43560579172765,52.790536471336125,74.26331028811137,273.2580451497724,333.7008152783302,144.7049558842977,67.51502808232462,46.0161306889852,26.730015501206925,22.15403187967116,34.685946035291174,256.3229035808194,353.2718042106629,51.327117640587595,78.81256873321533,294.3276542528214,281.9246306585497,158.49810650761924,67.48489590060328,41.95991381072999,28.27549992715159,19.79466681757281,37.89500065629706,319.2246651901737,309.53220817311603,49.4914915127908,118.11452399953207,354.73733502418764,362.1305765164283,120.63214772033693,66.67716701261459,45.77671971257527,28.330257468685026,20.72212392622425,48.42065563556596,301.7722045910743,340.53672307968134,48.0159503198439,85.08616447067261,329.0416148548741,316.7464307526619,133.56382428232828,56.63242342056767,41.8176403687795,27.767418574056318
26,74.1361444534794,156.8255444390433,205.8241190879575,207.92423871358238,224.7504080003308,331.90692555745443,322.7624031066895,200.6032617384388,188.8392322031657,130.41953481858778,60.480106887817385,64.91695577559933,91.0396733954645,120.01577360350514,205.44331534108807,253.66457607523597,308.90916419244576,416.06216239420576,357.33882356705203,301.78622181061775,212.12936226908363,112.42815249043126,93.38970832824708,67.97215003475067,71.70452335480721,101.32896009858607,189.1369347898422,200.89554601542153,267.28115352999777,409.6106327845256,317.67963546752924,271.29353492982926,240.70761481730142,85.17102983044039,82.36055480957032,65.63766183422457,75.32860121942335,135.57974640681826,243.67005615480485,247.52306249491375,251.45409466651176,417.7783278859457,334.38789566532256,332.5784585029848,209.665361541748,134.04958144157163,91.07128774515789,72.43519362911101,78.68804445328252,116.30150425210961,229.43548519749794,227.29317597961432,265.62005572165214,358.9760550994873,359.77583384360037,253.18486051005704,245.28777615865073,126.19511950831259,78.75778896331788,75.77281721545805,69.5547839183192,103.80758563243698,189.2506798922631,240.698907661438,298.6788567278462,426.2055814208985,290.41760131343716,283.8785142492478,176.49973441823323,92.77902802252001,70.96180619303385,61.477573463686056,82.87364384066673,121.88152321181276,230.87038007428563,232.90453021494545,288.88842704526843,397.3220010528565,300.4006340322187,309.4483322045111,216.0934666086833,125.87076071954543,83.66534558105468,69.22984727921025,75.54248560751637,115.68538089226031,218.35002710650042,226.46201187896727,305.5592773511333,476.57852189127607,372.46528455426613,257.624025379304,221.1427075398763,97.52030755319905,82.24451241556804,65.18047812923308,77.1656365376134,110.80468613779604,216.28022451831447,222.27593744150795,282.28281714900845,421.72089785003664,397.0076685653195,319.77266411073754,232.48899953206381,144.90121041574784,76.6773600540161,75.29733295563729,65.82254679033832,126.15081729043295,184.69206435172788,236.58131691996255,306.31103311354116,479.7749483489991,293.9687692703739,307.7970108229114,151.15722914886473,124.20652625791487,80.59372784423829,66.58871387358634,78.07244835146012,131.57996845733942,178.64351639532273,205.97785607401528,312.26874309416746,417.1204448572795,351.7309993817729,323.10693303262036,270.9680665588379,116.91999741092805,95.98498410542807,70.22079334382087,79.26280523976973,98.01195531591405,188.79775115474578,222.10906943766275,296.9596290194604,412.3612262827554,347.80284852058656,316.7007843903572,269.6226207987467,103.19582922904722,89.33052294158935,67.53554636555334,77.77546054224815,109.73541376574285,194.7522872235698,248.78845926666264,273.80975981927685,462.3910409393311,315.618277907833,282.0243609520697,250.62462413533527,111.60156391759071,88.22138747406007,64.83072672690113,96.72102128305744,116.14256339228214,177.65070414881555,216.174995745341,258.0635741227673,415.5262730789185,336.54991597329416,257.4254978598318,244.31427710978193,126.91111606967065,94.81089757029216,77.0674489495062,90.3735394926994,120.47780161664994,251.1147600407754,217.1492501525879,295.3090494906518,479.72125462849937,395.10508238761656,343.12972372239636,220.67353222147622,124.71878756615425,76.67154051208496,68.9235229246078,89.77375241433421,101.7619825162089,198.78757543748424,220.40346050516763,322.0311887827227,529.0792699101765,370.96605141916586,370.1415317806121,213.40849247233072,108.79519154948574,87.64094759368896,74.5991768277076,80.61576327662314,117.70007158692836,192.06752670534198,262.7552260309855,304.0702465131206,400.7672463734945,372.6293791838615,357.9401687400572,207.88551719919843,140.1893739540346,86.47037823486328,63.742642189764204,82.72786790170977,109.27222355490247,181.44631896234327,254.54792739868162,322.70042829205914,395.21376109568274,363.1312054837134,312.12492966190456,225.69255842081708,111.1171718129804,98.1111407368978,71.894783369495
27,5.967275118058728,7.688943559782847,14.129374408721924,35.19442948023478,86.48153881565217,171.42203861236572,251.96943098498932,258.3788872995684,145.4393172709147,73.77925891260948,18.45286579767863,9.665368190888437,7.55624115113289,7.866098088090643,17.27659320769771,46.67513638369242,92.81341697692872,194.85679004923503,253.18511072466453,239.5618413715978,172.7152919972738,67.13595036291306,15.867796123504638,9.382753262058381,7.093525980057255,7.9152523145064935,15.62522881446346,44.67776922289531,97.01220362663268,234.28278719329833,291.30776472030146,238.72995401690082,153.90132884216308,53.55391447867116,14.982158857981364,8.999691854907619,6.693755371955133,7.150034898725049,19.258491499500888,59.41421921380362,85.57677287440147,216.43157069778445,271.26909715221774,227.25232820572393,171.65291266377767,53.264120809493534,16.31944533538818,9.420023198281564,6.926679081455353,7.957946195978249,18.789148279620754,53.86278444735209,113.50490645377867,199.4925631287893,281.20016215170585,251.70205463532474,156.99637911224366,57.48160011291505,14.900667651494345,8.88491490333311,7.158733109504946,7.4937105318830515,22.058918219227948,49.13814382235209,95.47100036313456,212.6284639040629,281.2168112034952,251.66517272949218,169.08549531046552,61.08021967611005,15.596335289001468,9.019562336091074,6.84770945087556,7.857835402089387,18.722492165411673,50.46105248514811,93.89404675760576,227.77687769826252,291.138627969065,265.0827385440949,178.85424041493735,53.34925475581999,15.727586912155152,9.112321499240014,7.103892918863605,9.494915068666339,17.36804770131265,49.30276616636912,95.19770756136987,219.13416109212244,294.38865598617065,246.31849075809606,167.70987586212158,54.95964327043102,14.805943986256917,9.21497129009616,7.320993680646342,9.419084574694704,22.57443986215899,63.9010067952474,93.45914746192194,209.5373967113495,330.1142696060673,260.18369298627294,175.1410910542806,63.06872017891177,16.680600767771402,9.992671462028259,6.8294429582165135,8.59191334548255,20.844318343747048,61.34178664557139,92.70357334936818,194.49270537312825,291.66833959271827,256.85559479744205,176.09793234761557,59.743771463209576,16.66930120531718,9.108504065236737,7.672021788320234,8.612099787026205,24.46373429759856,58.882522083600364,110.09602547983968,231.52818147532145,277.43564573226433,275.9805808282668,172.68134460449218,69.12724529758577,16.597472408294678,9.336209403622536,8.95038647867018,8.745928042240331,24.577697808973248,66.43322318776448,103.7016402453761,218.36613749694826,311.1866026010821,266.11188783214936,209.98222007751465,85.78475095441266,18.172959262212117,9.986366105233468,7.856517572710591,8.284728680984141,26.184226752558068,59.86145205116272,108.55598841944047,219.9948529256185,318.3496558404738,247.30349094513923,186.8787417831421,75.74231813492312,18.468317796071368,9.799796523432578,8.12461158383277,9.237535816507386,29.85281447748984,63.34333391062419,104.52200682301675,218.6444938990275,396.41971002394155,274.129431236021,210.1829841257731,74.80135549237652,19.815315298080446,11.147984722506617,7.988972035377257,11.107070076583057,24.572027410384145,67.79834672991436,113.83921981134722,198.75464266077674,354.1220189937468,304.95586285498837,209.71494375101724,78.93541637789819,18.543666486104332,10.197343510043236,7.606105426665275,9.88143913414678,27.49340555990896,62.15753136189778,121.86767548591861,265.6015827534993,442.5958654440603,367.7586041850428,255.44313037109373,88.03459834683325,19.531053246815997,11.195988222552884,8.464232486601798,11.82425265959331,33.290197402892574,73.70343157323202,131.29667379933022,256.1765493011475,415.1740235703991,327.5072367563555,245.83289950052898,86.99720143471994,21.55129655075073,11.738338410162157,9.742956325777115,12.413760582860466,29.41323497341525,71.78309056599934,128.47984066870904,269.4529724527995,433.2100391215663,376.310012379308,240.21528229522704,85.2142173225649,20.446067070007324,11.531407281814083
28,1.9417366981506348,13.393527685744422,115.65965434043638,52.29737988471985,17.24961209143362,10.115091000398,12.880901545093906,13.01028666880823,4.08903533299764,2.2137268335588516,2.9145250050226847,2.1469470324054845,2.742045785611676,23.958625714808264,104.65392314557104,47.32120315933227,16.094605534615056,14.151435617129007,17.356388984187955,17.58305694987697,5.0117326025962825,2.9768802115994113,3.282468446969986,2.3219382296069973,3.476616179558538,22.482143390166936,101.95046766865639,42.34301273282369,17.659902375744235,15.472532567660014,25.304774227449975,29.393027979481605,14.118952540079755,4.1949536774235385,2.841900561968486,3.3380260417538303,3.55123198340016,25.016364766817375,102.27896621704102,49.041178017298385,13.503351972487668,11.154501611709595,23.82113822383265,18.886714858393514,6.1219184656143195,3.5522086372683126,3.172732425053914,3.08403714841412,2.735610227892476,21.66257551404643,118.82159926060706,55.3915080833435,15.504157032812795,11.668489308993022,20.791125673171017,21.531509418949003,8.804281438509623,3.9097316474299277,2.5039259763558706,2.517240057222305,3.870658710156718,24.983261544948146,113.18221970835039,40.58164594475428,12.650697806112229,12.534342114607494,29.194270824155502,34.52318075256963,12.949532270908355,4.017913024194779,3.275034279982249,2.4245428926714006,4.75816324703155,25.9229534376431,105.73625524336292,44.94064115365346,13.548909687534456,10.69619562244415,18.135219827775032,26.62415825074719,11.29952995856603,4.02026852423145,2.867941022713979,3.2768215061003163,3.562215888730942,26.6461199124752,109.26400344294886,50.35910620053609,12.73628572402462,13.850289335250858,26.84528920573573,38.10785972902852,12.457254724661508,4.8758783314304965,3.2722047923405966,3.3405531144911245,4.309675164837992,35.23419625934709,119.01438074111938,41.48910763963064,12.132472590323419,9.563628391901654,22.33735221309047,21.18897176527208,8.061549848397572,3.5411914211703888,2.857601670900981,3.0562396672464187,6.657205393545089,25.75283512713287,116.31161094188693,40.87781413141886,16.459684827404637,11.521779149532318,26.942008449339095,19.787170393851493,8.584758331139884,5.113408631970806,3.1860539086659747,2.9959068401398197,6.913153077402423,37.286509197369,137.5007473471857,42.61387173016866,13.879482079013702,14.437474841117858,25.238813327666254,33.09404339190452,16.06844994242986,6.5959050923009075,3.439751133441925,4.291721184792057,5.176057232733696,38.94855766681028,111.16835039169557,42.88303592745463,11.432960637000301,12.949405034859975,22.816719452950263,23.11260624685595,19.804576421578727,5.136870267929568,4.104679273287456,4.330305105178587,6.6278547323903725,39.06621116450561,136.98242901971264,36.05876653607687,14.352999740569823,15.902494422117869,23.69083942044166,37.0369127911906,20.89230845292409,5.84733264492404,3.992613560040792,4.474411497269907,7.0998359098742085,43.69215724105318,128.24527442316855,40.4372315270106,12.467522975091011,16.510150037129716,29.58100790485259,37.41164765373353,17.151797582308454,4.299682089744076,3.5869359712600706,4.569472697473342,4.4276660466963245,51.56119748069149,114.96665202848374,33.49279305346807,9.92168656472237,16.487335844039915,36.699871966761926,35.62646860922537,18.520443395932514,5.953592467615681,4.339714819590251,4.582351730254389,4.957811434653498,44.021783395377284,117.75220358264059,39.538348226547235,12.376318269083574,17.444032312393187,27.72680754169341,33.517897583284686,13.67554281759262,5.799085553846051,4.978293457825979,4.467278441921357,7.882207388954778,45.490664037753795,107.09270861256508,25.18638949457804,11.449999844951014,15.057373186429341,47.65156020856673,35.61241092451157,13.678344243367514,8.07978068520946,3.7918129714330027,3.8714439452079032,8.80470095388351,50.3179356402012,110.13671672021187,29.625099211533865,12.606287980848743,14.698029809157052,34.18783002191974,42.22933483985163,14.207421547094977,12.91806410866399,4.659482974688212,6.789204400893181
29,5.492224037262701,1.9514035625117168,4.8158792688000585,5.742700592676798,20.470210291108778,45.78088492552439,31.605583610073218,59.8124923575309,77.66530832608541,122.61734045244032,31.894056967894237,3.733069856705204,2.124586965883932,1.611762322642533,2.162182960125708,4.191305440624555,15.627216120842963,21.806923936684925,33.51191381462159,48.969000605690866,65.47244129228592,84.18702117866087,21.336360702832543,7.460474552416033,1.7997004785845356,2.2636842419419967,2.880457676072274,7.333616481264433,24.641786335245257,28.664154738267264,31.750444898066984,43.71541193800588,73.05310393174491,57.36521407896472,22.70954069685936,9.642384918428236,2.2984578101865702,1.7024784049905581,1.9905485102438156,4.352283173084259,15.514538367794405,19.929507485389713,36.72692279746455,50.87891189213722,79.05784664932885,64.2663254194875,22.204542160669963,6.459924771170462,2.2635318344639197,1.9433382675536162,4.246437661417068,5.360377812266351,16.02833655918798,34.797781280517576,27.312931891718222,45.59896201026055,64.76927287022272,80.60749928782063,15.37291457684835,7.766820497743543,2.559028215485234,2.021469799473955,3.8483950411888856,4.878621482849121,12.601339012345958,24.740167426904044,34.79268083780043,53.75186300569965,58.64187029870351,59.43095976321928,20.111345389922462,5.150738239211421,2.2847830807778142,1.736470001504339,1.670392105887013,5.238073631842932,11.974632230612539,33.956171379089355,37.04802585724862,32.486443622189185,89.74219029966989,84.77302441458548,27.220876415252683,8.09663323187059,2.5990788169060983,1.5079869924507705,2.0551702187138217,2.787816807230314,12.5562991501439,19.736139177203178,23.141146097875414,40.40333028201134,99.40758480819065,85.97722795686414,35.695816720644636,9.202387595176697,3.0510404675237597,4.1627201400601805,2.2142035245126293,5.3078273414770765,11.25716543382214,23.01172060187658,27.526721229476316,38.388905896986685,69.71865322542192,96.4361993974255,14.476518278121949,6.526912586535177,2.5209437275701956,3.5167650401386723,1.7458104555837572,6.178675589958827,18.418200280589442,28.01865969618162,49.923999841905406,42.795394477998066,77.01633391300837,72.38876143870814,24.540219332059223,7.982671772510775,2.7510500620257465,2.4910456740503824,3.105509731769562,8.667972410043081,11.909294201097179,25.804043009281155,36.45839820085033,29.690855463320208,89.29304713328679,69.12109389643516,24.404885494788488,9.660486218775471,2.0676129943324675,1.2623838376382301,2.0057526119293705,5.135992563962936,15.039489256681936,35.330655185858404,33.97368517914126,35.567330763339996,72.1766420718829,71.04743744542522,32.13923440694809,4.988895132849294,1.8684410306715193,1.8138563384299207,2.751999095216874,3.245416617552439,11.585886937533655,51.26622138945261,24.655380667563406,42.99763224186436,60.49697308492661,95.380373436251,25.572575651645657,6.03754477747025,2.176768679618836,1.7208277895738338,3.0472996153370024,2.7556252434651056,16.288904883207813,33.881694603522625,46.708148733031365,39.5405917672188,90.0634462550481,75.98799501465213,18.259230336189272,7.33999309339831,2.6224426604086353,1.991089343634145,1.7592141047600776,5.254670476833979,18.702719120517852,33.0395596652031,44.2555254174048,48.65377850540223,77.07323511123657,110.56408716540182,20.68631579128901,10.801658885017519,2.072902576461915,2.6798100355693273,1.4057524452670926,4.764766063690186,16.440085469599694,22.92301220011711,40.955754640871476,43.72678939150226,60.92509662103653,56.897864596074626,24.417276984294254,8.772643260186719,1.9948199266003026,1.7593157461740698,1.6327352922193465,4.583725493947665,14.856111910073988,22.68289333518346,47.041782036981274,38.40223334966167,85.58498828895885,81.81571678292366,30.79274311447144,3.1486947368037317,1.649528049499758,1.2872216728373702,2.8112674087862812,4.813425565560659,6.810638688456628,20.456956573327382,37.31173448016567,51.56494622815039,78.16988163646063,79.69091495529298,19.669298660278322,10.514422349391445
30,70.70953484812091,172.64177970886232,236.27848889750817,191.2793706893921,768.428073526198,1131.6191094970704,1008.0062897712953,769.3760937106224,459.3836100006103,165.8058887604744,45.112802276611326,63.99408703465615,132.30012507777062,149.85310957546892,197.00362887720908,366.0332110087077,745.8264814856745,1112.8582863667805,962.9180247202227,818.1780194780904,492.94428598531096,243.38845516081773,139.936978612264,74.15652969114242,67.23697491553523,153.5461190400335,267.2381079741447,387.66594128417967,692.9831959164527,1131.2438058166504,1006.3561246564311,926.658550203385,532.4396827596028,233.66556745221538,141.95655810801185,74.09140858557916,94.21596476401052,192.7010016777715,208.8260303275816,422.60426702372234,793.5512113165084,1133.197879079183,1106.8990651579827,857.6239288231634,506.8980831400553,264.44805888760476,112.89761920674641,77.90184742343041,107.97014912020776,130.46813911578926,227.66333493878764,336.5083338088989,712.9171347931893,1074.5010635528565,908.0461594907699,910.167851798765,518.8764469045003,249.44098152652865,118.8245108973185,92.11664071852162,74.04116869772635,148.25696771546538,217.1516672294371,373.1527555847168,765.4905105270878,1191.6381128590901,957.5232482417938,888.862712874874,456.78105093638106,203.20950495319983,93.38060314941407,62.46448838264712,94.3813433714836,120.0345232322768,282.1478017548592,316.0447221832275,764.4045602663102,1145.617103513082,1063.1581577817856,977.9193785587435,672.2650150655111,265.6535932380922,130.5567993062337,72.77485421211489,90.57880164853988,101.46825243794859,220.07332449636152,441.73985460662846,810.8830820686587,1226.1636346028647,915.0467664460214,831.9944395151446,682.3360604782105,189.95184352013374,161.89019809214273,79.39926202835575,106.20211803559334,129.85382145050124,232.27090063033566,379.7477070287069,763.4140581635506,1200.9310143102011,1097.77433883667,951.7654156740251,492.432968805949,225.13926107591197,139.58632079060874,73.83110036788449,80.62291311571674,145.86051575439905,222.90420997373522,350.9067542622884,699.505028233682,1176.5946262969971,1175.0500601196288,849.1302881007041,526.3056305236817,321.2010147414669,144.48179201253257,67.7212758365754,72.19249700238628,152.94566002662546,245.75993150772587,326.0419967956542,670.1769979809177,1127.6106864471435,1170.4338556695752,1051.409821654289,687.5327853749593,235.92892076061617,122.37878665161134,97.76647921162267,85.09968998324487,119.98787146685746,201.75397026800343,449.09858126831057,743.4937798727711,1314.1540030619303,1163.4762088455693,918.4084087839434,589.0720115203858,199.68582338148548,156.8824369735718,68.94146263368667,82.86823742774224,143.9407825258565,229.7922340380761,412.2107577985127,713.7963571043937,1298.020616648356,1013.1552479159448,1090.9363664491716,630.2826104278563,300.8171169010285,131.76720880635577,68.22932282478578,107.64222931646532,163.14106910517648,228.52206564626385,322.2560757598877,834.7148475203974,1291.2130428822834,1016.8167722099058,894.1678712266491,618.20539495341,283.1284966302687,163.08272913869223,92.6513742803758,105.28421701000582,138.19631721271085,248.9031122416835,420.6398932393392,758.2259589509042,1317.0059492543537,1098.3150880678238,1042.8384250763925,616.6967497914633,351.0922007554577,118.19258654785158,91.2544448975594,88.15718332844396,124.26640672589755,220.08065153306535,319.5436288579305,808.8731319845876,1485.518826365153,1018.3090752287833,1103.3262776971633,579.523581975301,244.26225405785345,174.75480046081543,83.61327120627126,104.91729637145995,179.20761595674338,245.8608922576904,507.4310405654907,819.1379646719655,1348.5172307281496,1121.9470870085686,1062.5607698600525,722.0470778605144,281.95240506326,122.87469060262045,60.69166487909132,73.7311171771634,124.21632419839867,222.93473014831542,352.11903809611005,650.2699153580204,1369.614693979899,1406.3697321491854,1006.0548652353594,682.0858479283652,294.1970310875678,126.67956691996255,69.43661077683973
31,21.759995214400753,62.80549015828541,131.31313437800253,47.03439626057943,84.59993382423156,98.71820253054301,149.41355289336173,178.54885496324107,154.5568650341034,77.08339878820604,25.94598574002584,16.63625461209205,17.12524259659552,76.1353612770353,123.36728553279754,56.68923994064331,82.17379214440624,122.78916090520222,173.3065685506021,175.50126581745764,167.15884709294636,63.30008170896961,24.952735763549803,15.546387068840763,19.54077195998161,69.21786232269457,122.28833977730044,51.991290418624885,92.15977913764216,131.0930235977173,249.71008262634277,214.3969665121263,194.76860789489746,59.65727126459922,25.8500185508728,17.56537872006816,17.214501637489565,64.41570565028731,118.80765867417858,53.84497859700521,84.73195807733843,121.25036342620851,198.99346563892976,180.904911837424,108.62085914738972,76.50365864169213,25.368751832962037,15.30571009851271,15.365313773001395,60.303958332949676,119.8311201027901,62.15110405349732,102.47200158026912,106.0103029543559,208.29247843588556,198.35305116714972,169.92651872126262,78.53083354580788,27.242686665852865,17.232842354928295,19.550979472129576,66.20931564711586,115.85433575045678,49.12240029843649,70.30002749535345,109.4314157778422,207.5250123042445,202.78267442026447,167.59631497701008,84.1850404616325,26.14993043263753,16.917682909196422,18.193302445873137,61.47744345338474,92.98854698181151,48.962637212117514,65.35067972429337,119.50440751838683,186.52976049238634,184.57910392392063,192.38930686696372,66.89085427007367,24.76147417831421,15.873548256043467,19.177033401612313,65.46173854329903,103.04678039304672,48.366099800109865,81.61458772782358,146.9821227709452,249.0851988687823,213.6741377676687,197.44993637339275,74.63043607158046,29.17969626490275,18.64421681988624,22.268708643451813,76.67415724643934,99.76816488696684,50.717949594497675,77.68429422686177,115.54967489878337,204.2310758824502,212.7319553633659,197.6899143295288,92.67484429943946,29.466027167002363,19.099930938597648,18.056743046545215,52.27115151684859,102.37140078267744,44.833224009831746,70.37003179304061,112.86392137145997,242.22854326555807,153.35095004543183,178.64491239929197,77.43775811226138,26.516890263239542,15.769572393971107,19.952359951388452,66.91609113185864,107.95151805262412,47.40996673329671,67.82261001340804,130.5052428925832,216.56653125270722,173.92936841903196,171.79861864217122,71.37866881585892,33.30165649922689,17.50672787020283,16.882744841421804,68.96286354689762,72.64485554848949,47.3948796710968,63.54495137491533,114.01540122413635,259.3036209832468,178.24377947407385,117.78087728881837,78.77969988546064,23.46615734418233,14.77229968470912,18.08146815515334,64.16698037048866,85.53130030539728,53.13917563819884,69.09596619329145,135.60354613876342,195.44173872670822,215.5541177743481,193.15332626279195,80.97835429283882,34.19460607846578,17.89983722502185,21.6178619329391,71.02443667439992,76.89248545369793,49.80111115900676,85.93674715595861,110.46039922650655,237.60477612526182,207.10689793986657,180.4888291765849,74.59648258824502,32.26549889755249,18.85407305440595,21.917848583959763,77.0030796462092,72.14572341242145,46.28957537206014,84.00294841766359,141.54293710327147,225.46934256276776,254.01801925536125,298.14796816507976,128.73598240021735,42.239516908009854,24.10497018014231,18.52134493120255,77.98324675355639,72.84225058463312,44.34579105567932,75.78149584677911,124.60440512275696,225.63159803205923,213.64241917271767,173.69184906514488,77.92471800281155,31.32229310862224,19.6305339400999,20.720594184014107,63.7095435395734,73.6143988584703,47.14093314234416,80.67506686056814,137.98401867548625,266.57400153744607,184.75862026460712,234.2680650215149,115.95202649393389,36.602721281687415,20.119540957173992,22.54448047330303,69.3349778157502,61.102441158294674,46.5763287709554,84.47426739908033,159.9123010826111,221.09947258241715,219.70711301988172,198.58504885482785,102.34720908380325,33.272096818288176,20.51164639134561
32,4.869926649524319,7.938233774048942,6.155849537157243,17.085942921638487,31.238909007656957,35.72057810942332,36.85509137184389,88.80082800619064,37.107435887654624,23.53619405531114,5.378443731466929,2.521095585053967,4.598637771144991,5.310926259374384,13.035983509555939,18.398024953126907,28.714197741170086,46.05437948799133,38.63125919588151,46.707024103903,23.52074327786763,7.559507076970993,3.653190702756246,3.029006107853305,5.794124065060769,5.503264086537174,12.69612691510108,16.736828091303508,28.550327536675233,42.80942200597127,53.079531342598706,57.80498940683181,29.095092708905536,8.143218469004477,3.5918111198743183,3.9245104333662217,4.717246791931891,7.554378479657501,16.221968841706552,25.542091580073038,28.778379934218624,47.82923804664612,59.538543738703574,55.39267928769512,33.82778687795003,10.211254498266403,3.41926292626063,3.2860356704650386,5.812757697028498,8.344111309685731,13.212378738618664,25.344100866794587,36.59630912503888,48.32119750181833,51.6478276523467,58.50824381520672,28.927743190606435,8.664405296694849,3.4961339426040654,2.761922819229864,5.341938295902745,7.117080948561283,11.821647009157365,23.853049310445787,29.135671063700034,39.77247225729624,53.0934787341087,53.96817485409398,32.06546458721161,11.398664569700918,4.040037981351216,3.7989840352150694,5.731139571282172,6.688390392176624,14.406128688012402,21.711394303878144,24.878725636389948,37.396279054800665,55.24594457980125,59.34128237201321,41.050130343755086,12.05766091223686,3.7306040790875756,2.9600205176107344,5.890943083840033,10.195659555378805,16.51386259463526,24.69643508934975,33.28686536481303,50.85878157552084,51.82858093815465,53.96733113750336,34.733841762542724,10.260794515917379,3.7137165679931643,4.486836643911177,6.254250500740544,8.933127357745404,18.283038765307392,26.42076614061991,29.462366177805006,40.71644372463227,54.530357882591986,63.108385686105294,34.97633988523483,14.375975706500393,3.8701294844945267,4.170910169463004,5.717028895578077,13.415674305528844,16.837276632631976,23.456320084253946,36.34270444147048,33.389232935587565,57.54485612530861,85.2414452014431,46.311753142992664,13.330210576826525,4.630438668409983,3.9536990785598753,7.5508370719417455,12.012565916077843,16.729713232747972,25.858537648836773,30.76341284198146,38.96846597925822,52.102698665126674,74.38889502063873,33.549601330121355,11.085134936609576,4.182483096440633,3.278643326913157,8.624298447947348,11.410768199234173,16.980013776286956,30.196179922978086,34.43729261290642,35.76491222771009,54.29804194365778,70.57038231603562,45.16847974491119,17.17282827346556,4.1704852364858,4.6896778035932964,5.679175970938897,9.948540382537937,21.38643608316298,30.818580741723377,28.28755081130612,29.238811838467917,51.79395354670862,65.05561583980437,37.01874893220266,12.852531222374207,4.628315025647481,3.963720973230177,5.348836522794539,9.017432989886242,19.936386737746574,26.710196690718327,26.047195972011934,28.7119834856987,62.37544402476279,57.82624515410392,40.023607198397315,14.394894507931124,4.390552276611328,3.6602616283970497,8.747622495543572,12.079569791370423,20.45552759939624,30.114384884754816,32.81816048699041,31.627683121522267,63.362912037757134,63.47062868395159,44.75040703646342,15.304503110916382,4.529978920618692,4.414235501904641,5.200897125813269,13.857140258204174,22.239723517740927,25.232200689156848,27.95148968296666,23.083503337860105,61.196592660104066,79.36370702528184,44.193352689743044,11.807104816436766,5.771966437498728,4.30714669043018,7.084296743792872,16.693940006987802,23.511960410302684,31.246450254281363,35.924718017885766,25.710774778207146,57.85140685081482,74.89330633101925,39.63718801403046,16.83456858204257,4.90338062397639,5.562535002923781,10.665720164468212,21.752320679584745,29.953091054962528,34.07139136187236,34.59086564494717,43.36486777114868,53.62111282594742,83.77290871743233,55.59414511489869,16.864876153392178,5.732753366947174,4.777545835433468
33,5.757032385180074,8.36621949332101,10.781187232848136,21.072938439051306,48.81951162892003,121.40331223169963,181.49148530037172,116.60921196476106,79.1893599319458,72.94776287078858,23.41077783902486,10.313161511575021,7.980123538048038,9.079982863259435,22.490580005030477,36.58950179926554,58.36786450170702,115.75157028388976,170.41167305731005,137.23988736552576,115.55646315256755,59.91364520472865,20.811018623352048,8.265552524443596,6.043353095208444,10.421550188886707,19.41477339744568,35.377411973317464,60.68510157000634,112.45292660395305,160.14089882635304,126.39886983563822,89.83520223490396,55.04834832775977,17.43840402921041,6.557271096321844,6.975671504543674,10.42479400188465,19.13292865414773,39.224463822046914,53.13433893819009,113.61931581624349,147.2565912135955,125.19270838337559,99.98923572285969,55.274213897951185,15.02778944015503,8.443256895619054,6.675470355864495,9.29417606536978,22.268957872390747,38.33190765221914,66.07545860475109,110.84100777498881,161.90441808639034,135.19640573809224,104.99961031850178,55.468407444492456,14.525348249435424,7.138872329035114,6.870746897420576,8.671276382483871,19.686261356415287,34.232203445434564,55.185723496098674,103.92195965894064,149.19136030627834,138.61163592184744,108.17003515497845,49.597711515119,14.127363555908204,7.28834497667128,6.219065652355071,8.929352121705492,21.19824481010437,34.81495196501414,58.590833601182524,116.11447843933107,151.65975967038062,131.5588329327491,100.90155031585694,49.52596209126134,13.798507732391357,6.937945421895674,5.7863644363034155,10.29591650457805,15.417522668223228,32.463961392084755,47.54877834873815,107.70747428003946,159.010853027836,126.1724742471018,104.00030398432413,46.76727170759632,12.68487987836202,7.1800175371477675,6.02355848404669,11.133743876318626,25.26043758484625,38.69134277153015,53.60250449426712,108.33886021614076,167.76218560003468,129.582622523154,104.4058431154887,55.40697387080039,14.580771091461182,7.013052022380213,6.960472890792355,9.477387408834373,21.239425992350423,39.18868912315369,51.775581482302755,105.00928908602398,179.78169421042168,121.40411473304994,109.60507006963094,56.93651537741384,17.838687876383464,6.801009137553552,6.292977493962934,12.48041880768508,21.558395380204722,39.410387697219846,68.31958213067824,118.13827836990356,162.67897141487367,129.8159055919032,106.24630130132039,51.363712739636824,15.763340422948199,6.522896750050206,6.433695787614392,10.294155654108584,21.665894540356053,43.48384960110982,46.12448851123933,98.22702720514933,174.45971745398737,119.10978556725286,116.04352910614014,59.32136966336158,14.248145478566489,6.952951008581346,6.293596716542398,9.132950323450155,21.351177466915498,41.134960819562274,55.13100112115184,114.88917527008057,162.68332644554874,134.03011196751748,110.86270413462321,65.74140820657053,14.498120703379314,6.592694906419323,6.832279731073688,12.1644279999686,23.942084617922383,43.7123245124817,53.79949270371468,110.05653948020934,181.14957031249997,130.69078135951872,111.96302282969157,62.824340339168415,18.037289264043174,7.621517338291291,5.905506169103806,9.694593076811636,22.016341436755273,42.176401555697126,52.369833802869245,111.44547141456606,173.90539795660203,133.1069631822648,111.91766404978432,58.997709975088796,14.907197086970012,7.419166918108539,6.2641039995993335,12.908113003916341,25.220340419277072,39.70832992808024,67.83731390307027,139.05106004969278,204.32075637817383,156.0475857543945,132.11454034169515,69.3997791413338,14.792676256179808,7.812550795155187,7.967697162935811,14.891075767366761,33.202786061686865,50.13648949273427,65.42652311017437,107.16585853385925,200.43849762332053,134.69186222814747,136.3929144630432,69.8871228821047,25.385312312444047,9.121880652519964,7.506793705417263,13.000902876900923,25.737453685575918,47.82605904928843,63.40266702959614,131.64024800364177,205.7779923814343,158.59520491938437,123.53954844411214,71.02084029966785,16.06574833361308,7.150727118830527
34,0.475240040498395,1.1769261013184276,33.288315349769206,19.209817107816537,8.650736482104948,3.6781983596086505,5.273447582317937,4.393502799061037,1.8719854443271955,0.4983563342402057,0.6539590327938398,0.5423446252942086,0.5429964235617268,2.4891450298419726,30.83102030009993,21.440746779302753,6.487224064603929,5.145585279524326,7.297567039382075,3.304375752441345,1.4516021907826264,1.4049620199299628,1.3645978564620016,0.723683108322082,0.6047843235058169,2.172731338210514,27.708872494812937,20.674304957111676,5.406634502458958,3.918346237182617,4.888660075299201,3.270939913834295,2.0473244192997613,0.8853099726861522,0.9979688564737638,0.980852452891488,0.6078467794387572,3.0154644040355985,27.26345059442904,20.884304978748165,5.366096345484257,3.2749244805375732,3.4422804870144015,3.428900411782726,1.7820880182782808,0.959265010328062,0.9222098877827328,0.671364400309901,0.4336871899904743,2.5232465376572804,30.05755900078243,22.231832016189895,4.724284767258552,6.01692612651984,4.051268000218175,2.074900366856206,2.09443080808719,1.0199279079514165,0.819652960062027,0.8414659171046749,0.5765617662475954,3.910245985702928,29.605954579720578,17.77422161871195,5.871564821187526,5.076415703376134,5.754386132628687,4.846577135478297,3.2255345884760223,1.7001178006106805,1.1107420933246612,0.6552133107858319,0.7760903229251984,3.397826013653333,27.21063359503784,21.272234279970327,3.55490506637481,3.2987799620628357,3.445209632525521,1.9779516022339947,1.6114807268083093,1.1543993800686252,0.9026765618622303,0.8208247884723446,0.6081974757679047,3.4342456866242905,31.870947532980676,19.49573048022389,5.743717341644149,4.331835960110029,6.132279259754765,2.8983804760440703,2.0909062670767304,1.4820425371681492,1.26391115056475,0.7910170227769882,0.9803658135091105,5.104134066549355,30.48609195718842,18.071992755969365,5.155735640766158,4.992518694420655,4.273726068638986,3.4289875874980793,2.1800329546531043,0.9919159947287653,1.285804464995861,1.1962757667226176,1.0181331623177374,3.0247982680870984,29.286601832941653,17.712881260474525,6.623864286830349,3.517161757439375,4.394805675514283,2.6597615899578217,2.680123000164827,1.880788360468803,1.2115094628731409,0.7568543189956297,1.1437107178280428,5.462546158878527,35.05518480000958,17.154625527719656,6.004488484686421,5.097567521135012,6.601207727732197,3.2954780622259263,2.2968024364213147,1.6981056065713207,1.1888867466747761,1.3479054831304857,0.8886585097351383,6.985392240081441,32.36059626758099,18.777519268095496,5.172269277995633,4.970375229686498,6.0969701054307714,2.786653024948412,1.717414020021756,1.1653110118354522,1.5207974697252113,1.2634139466862524,1.1955875107549851,5.737841553591522,31.973092684918832,15.793302878518897,4.243247643574591,5.337437516848246,4.1856253723752115,3.450314395254658,2.5882034463981785,1.7911458394508208,1.703216082682212,1.4858767062906295,1.034894492635804,7.2485692177111005,32.78297377809402,16.56284510364135,3.7144851094484332,3.121409238815308,4.872328451833417,3.2969800536478724,1.229944591999054,1.0798654747874505,1.135706499695778,1.2549656109463783,0.883726509424948,7.65904196542729,31.387959235464375,14.812583763122557,3.853292513681996,3.7311990666588146,4.7236403247041086,2.937560530208772,2.0878606396615504,1.2789062793600945,1.7153621758520603,1.3090232655021452,0.9925160713349619,5.840502798260359,30.271949024854166,15.988324073970318,5.1120177456832705,4.674885623554388,4.638254239078491,1.9634716527692735,1.8591018442014853,1.527535566101151,1.4354767312010128,1.456431423079583,1.5049154947746184,7.246188102644581,29.37270120909137,11.22618665365378,3.0196951885761756,3.5296268542309606,4.4508083410993695,2.1043093887163744,1.669045555770397,1.0513764937654617,0.9189117990831533,0.9742100527401893,2.1805616793421008,8.630046370703672,28.47514066687515,13.283713586648304,4.729026635866012,3.9355300793051717,4.571304134322751,2.5263549487052424,1.8853840525547665,2.366903613642339,1.6788859269420306,2.0470923490005157
35,8.259495495211693,7.4635755198342455,7.970636533921765,11.992606620788575,33.50969944923155,118.96807490030926,188.55693062813052,150.65255599483368,95.20888933817545,75.5834208334646,25.794531777699785,15.765699389673049,11.661697352624708,9.08460046256117,14.916088454954084,18.93376799519857,42.65925620232859,88.4533435649872,175.49643130886938,163.2512424985824,117.37126612091065,70.69472608258647,38.95391838264466,14.096962840787825,8.051885005581763,9.387934318692812,13.345934150142053,22.21604694970449,45.05055694703134,90.81912509028118,162.16915708480343,173.22208873871836,106.76222790908814,65.12753780980263,29.397478681564337,10.765637488211354,10.67865031396189,8.748884929624097,11.221192192569855,22.036885149319968,39.488333327693326,83.11847455914815,150.69969165802001,158.04424077433924,110.49426663462323,61.759036706493745,22.240829890569053,10.800462672325873,10.195569256198022,8.37669235765053,13.124314309704687,21.460583449045817,44.682221051185365,82.9960856774648,155.29741012204076,168.46547768992758,125.01899986902872,67.08154196154688,21.141952955881756,14.1320628769167,8.326681328435097,8.025550978301194,11.641337459318098,17.673748346328733,35.90268844819838,82.76258037344614,137.51836356193786,169.3680636498236,126.74081513595578,50.96490569083922,20.688691296259563,9.835786461368684,7.898721323013305,8.503867734441616,12.725746216927806,18.437463110287986,40.94415359035615,78.48941743087768,141.3568745151643,169.90962496111473,119.88152389907836,67.39709132594447,20.152620402018233,10.250727440003425,7.5836720042074885,8.079120940022868,9.81115587542134,17.05121766281128,29.86772825702544,80.1555355981191,150.57581289722071,160.4729630710233,121.98090428034463,49.15682174190398,23.046575591405233,11.961255081545922,7.602620188805363,9.166043092159216,16.359630662548927,23.217506447156268,37.58139081032046,83.85656079800924,151.0806460522067,157.06200170578498,113.01449557495118,61.982834057961725,23.112429096221923,11.80965553898965,8.831550016710834,8.148296768136799,11.448309251108478,20.19815534464518,33.233105007602326,84.4771892642975,176.2808689757316,160.72855167019753,119.58149262237548,71.53116564227689,33.29836888504028,10.563422096006331,7.674543400426065,10.293135289558638,14.71973982995556,22.754003361066182,48.8533819829264,91.40551859792072,154.93110951823573,162.70623317718506,123.29923097610472,56.92275919883482,25.73830752182007,10.344810128365793,8.177819922047275,8.486191183733823,12.279798736572268,22.316556898752843,30.253180817327188,74.39289630572001,175.78427929416782,168.25883561411214,131.89894621912634,68.37622469256002,22.74257448895772,11.796284991848852,8.12826783949329,8.940938713491843,12.602663867704331,23.781075679779047,37.40762326025193,94.33617518552144,180.5360404180711,179.61907180909185,128.95973871485393,74.53521592540126,24.2706673412323,10.835702654930852,9.586976587849279,10.44557009039254,14.026112674897718,25.634018542607624,36.12119895412076,94.0481648947398,171.39477622001405,177.51302498479043,128.806339360555,79.46913321095128,32.743087827046715,12.166949048196116,8.335379036318873,9.371868208053664,12.499339199066162,21.396776779810587,29.652475638235767,89.44329475784302,161.45510251199045,172.75068817753944,136.11716398620604,82.779936666181,23.986402713775632,12.558358337648453,8.656633653333111,10.325916160315717,15.932740364997619,21.881851881663003,40.54912632972963,109.48782149378458,188.66410941708475,196.6127172236289,147.04514156595866,72.14782343218404,23.701615089416507,14.564356208924323,10.091685746715914,11.87603608354559,20.174066806300992,27.643604312578837,36.83029476842573,81.95047582244872,204.52844414126488,153.5124543934484,141.39485791524254,86.44436871682444,30.90001531473796,10.931837833773704,8.87516916398079,12.030750365022367,15.732267408063333,23.652233006795246,35.014978146091586,88.75332518895468,199.9324217790173,202.6503319352673,147.28619138081868,80.96034174765309,24.064650765101117,11.00276536880001
36,5.947695182984875,19.97351370028087,81.72211862456415,57.30133703708649,10.011218900834361,40.268490313688915,171.5494199837408,245.7332090162462,38.53225482304891,21.3774691981654,14.57373344739278,9.068304595639628,8.61454507120194,32.48198394434793,98.51265681589803,38.93551311906179,17.36863469346877,47.41719577987989,173.68783967925657,224.1796607066739,58.320304638862616,17.775444672184605,12.175286432584127,7.890132664249789,6.2660281516659655,35.95816029205698,100.20843925383784,26.9250844634374,17.16930579539268,57.44516922044754,181.11690575076688,178.84013500675076,48.824657992204024,20.37722681368551,13.088996024449665,7.680958764014706,8.049109305720176,36.26886799972339,107.44749949024572,30.414418103218075,13.69882057220705,53.9282027911345,201.08869148746612,236.69959667021226,36.90396490049363,17.37892122068713,12.427830780347188,8.1913471698761,6.765765482456454,32.39486210452659,106.71313806687633,29.034005178769426,24.96656789472026,55.780907408078505,202.56020869470413,151.66169179362635,54.184207960605626,20.058744479994623,12.440702716191609,7.178740102898691,7.441190468034438,31.538068444065278,116.50601118826096,27.65243003670374,12.281598313085494,62.17535354606311,197.8325789390072,162.54028468485802,50.58373783079783,19.307886678172697,12.40853918838501,7.375850223110568,8.784519139259091,42.38162105471043,85.13353498212753,21.57041957171758,9.629282480209104,34.85525964395205,210.6254511076404,206.51563358583758,53.99768435764313,15.841209963214016,12.229837897618612,7.804826730451277,10.605962074033677,38.872513529297166,97.99901762762377,30.481621713558837,11.559668688620288,28.20361042722066,187.20950804618099,215.47931508033508,56.92926757748921,22.78729954135033,12.339639073371888,7.987160980624537,9.872658465446964,44.44778596065314,87.59884305984743,26.222055271307624,21.40039670790395,48.45270987788836,207.65851184045113,222.28052061357803,62.971429299990334,29.94795449256897,14.24596568806966,8.62685096694577,11.69353980664284,40.8173417786307,102.61820990070218,27.441336905638376,20.362367579398615,47.69649353726705,249.98573547701682,198.3216256553896,59.98130740642548,21.3548692669407,13.470726531346639,8.437520686272652,9.758662687886147,40.36763215126369,93.47815386541427,22.23831541919708,19.19696117216541,63.41481849861145,215.4620690796452,288.58016734000176,53.15519255765279,20.218644974616268,14.933057685693106,9.548937564357635,13.609350294605377,42.03756191547281,91.94175431097707,22.344830656687417,17.16078838002297,74.35921962610881,245.58294899940492,206.91096739799747,57.17669044176738,22.02572715636223,19.48351731363932,9.83208964194021,8.568417615429048,42.254004892157795,81.81934513430443,16.232949893315634,14.848150573084434,55.0582963505586,254.25868346014335,208.56878762583582,68.54355573749544,22.101617414412964,15.494195196151736,8.73324432157701,12.828028704427904,45.45893435397171,80.36618295085046,27.521911646525062,16.890704131280224,59.66641708135605,284.75094435691835,268.14288507830713,89.40827887789408,23.381168748178787,16.173453559239707,10.95832045032132,12.736626778264199,49.342041472824924,46.91263079120266,14.438206021149956,17.982545926340165,44.81493072716395,207.93217445727322,250.5553415058505,82.40438027954102,24.83288713793601,18.67825050385793,10.568106023111651,9.896562675814476,45.9019657588005,72.5487048116807,18.97044631767273,22.730503674168737,54.057968475341795,247.58015777803234,185.45553112399193,82.67266140778858,18.83470197431503,11.806432880083719,10.619512793940883,9.528606099313304,36.92376925274069,73.96990021259555,16.270508572975793,20.18403942531155,92.11512512811025,259.45208153816964,265.2205218788886,73.67574167760213,26.07116908227244,14.9447933661143,9.422863399751725,12.691489055233617,43.413109710345715,76.23453765884523,21.434619966983792,35.86467226382224,77.47833401473363,251.5551722968009,251.75885412154656,61.25440468025207,23.273545435320944,15.728022395769756,11.274250186643293
37,0.04576974516854647,0.023457104406718644,31.697671976775656,35.15246263126532,9.317070063083403,0.6661333117882411,0.17938842720562406,0.1436729386148433,0.11245632805240646,0.20792138754660558,0.31999642162583763,0.3251564768924107,0.07924413052417573,0.3348340465665653,31.099633045880307,34.976767871379856,8.26346887873065,0.7109802472591401,0.7089743077562701,0.2571905397695879,0.24542346088215705,0.5947659554789142,2.3354198055366675,0.24982608612266274,0.22776222747179764,0.37658331352249336,31.931296402470718,39.69131344926357,7.694797542672004,0.7739736125965913,0.33960302297146083,0.2981441941136314,0.23236700927093623,0.28499720080725605,0.8633024711670974,0.36413297804973777,0.05131228343974194,0.4858521218890819,26.838012543001003,31.428071957031886,5.2453273196758765,0.6961728169023991,0.7073324224497041,0.36250712499983845,0.2933387346621602,0.2630457810763149,1.2017930236042786,0.20668648745504115,0.06771139394431822,0.1664801674358904,30.454263926131595,43.25129693706582,5.912796645664399,0.5639582470854123,0.4546248479812376,0.5555771859482891,0.176293977452442,0.3290273402601239,0.9169182569105176,0.19940318267702334,0.16870010792007367,1.6211384826239996,34.04044170745498,32.51804360548655,6.474349947821709,0.705266380260388,0.8839280300106733,0.3659184196224857,0.20839042781603828,0.2515397214468929,1.332610692398002,0.3810348128954008,0.26465627528606883,0.5036977243163333,28.84500315864961,40.528607800483705,6.57512087818115,0.7275135249197483,0.30351512538329245,0.1413748700952818,0.09356157493342951,0.26887006450744877,1.4370997556541116,0.496182286441927,0.164030243379154,1.7871244185102941,32.59653286746613,34.3963754162391,6.615215189418485,0.898081561813752,1.3389838237579792,0.21643101678380078,0.16254132888528205,0.3567996184960488,1.4273170952095342,1.1127081775599188,0.23389198748034334,0.8837127962069393,38.11569798388308,29.466915065606436,5.134951550652904,0.6396641003489495,0.8786799565029721,0.2627544259472239,0.1914423866135378,0.28287657678007117,1.3018986025042831,0.6051725160955421,0.477996585394346,1.1453316552638366,37.24100685356906,37.42538164130847,8.489086395925089,1.1328915416995684,0.6757648127069397,0.16669815162136664,0.19776978641003368,0.6798120600165378,1.1644342352400223,0.6384549798143486,0.4604965116155724,1.158129793043923,46.05676363712597,41.7925399136146,7.467964532759882,1.0974057659804821,0.999636658992498,0.3192931509078029,0.254708290019383,0.3909968733396981,1.449297699848811,0.9012789423114832,0.30526280391480654,2.206246797531577,41.52101072702437,36.40185177858671,4.679442564133675,0.6296998012761275,1.0028584676548358,0.2062597897961255,0.17696394090726966,0.4197970760421407,1.875740623363604,0.5729035480248351,0.6847983365241557,2.482245748264605,47.34936110620297,29.980058815161392,4.619565603925335,0.7284052536388239,0.5361019149711056,0.5631923920180529,0.43509976219385854,0.5428163757583787,2.3157690129056574,0.6737300138884494,0.6937864919535576,2.0736450336939134,43.42047649037453,38.560930714209874,5.115098121858412,0.5636081891755264,0.3428565516659329,0.2678964432797605,0.15056900951762991,0.575301996197912,1.744439833379661,1.903708089486726,0.36636847335965406,4.106562071498919,44.53946859784544,32.96550979050001,4.220230972574603,0.7000811585684616,0.6942406537167487,0.20547613511643098,0.1491229150065531,0.3220814498555996,1.689207134415085,1.5934752896938835,0.6172109300426898,2.229588629907878,44.52143816355015,29.551341403722766,4.4842246232878775,0.7967079613705476,0.6427733806592804,0.18727749376047037,0.16601547030235325,0.49491821864800095,1.7246661560299494,0.9944525152817368,1.2480788321961318,3.5170755961356144,43.402386614937456,26.66879200013479,3.038277231935532,0.4381566765060027,0.43220058827150254,0.3805658112808821,0.1353860017514477,0.32517042752475506,1.5021965674382325,0.6716326328499183,1.7417717269663846,5.116361362904934,47.72187906548861,31.77856244198481,4.344439512837318,1.0624054659704367,0.9364387666265811,0.2682274661669808,0.2756164653673768,0.5627618508689827,2.030864176665743,2.399294466873811
38,7.683899980975736,5.904466118131365,5.139169402276315,7.654810436566672,27.07680098472103,37.421757307052616,78.0299070788968,102.97403066081384,61.504371935526535,31.26815859271634,15.684033648173017,10.281574747639315,8.1084702497913,6.220719165508383,5.005758618385562,10.2916594692866,39.10829458175167,54.12013369560242,66.15271184490572,100.50203437312958,87.15965560658773,36.00535112442509,18.215096057891845,11.83610669782085,9.341285693568569,7.023357266123071,5.898062630161162,10.152581023375193,43.423315956977106,57.513852579752594,81.44036931806994,111.05389815053631,95.38165812174479,39.368069387866605,19.951380460103355,12.876323296331591,9.092727720199093,6.836510620093698,5.926741243177844,16.074959201812742,35.04914855464812,61.49745254898071,79.65406881824617,114.82971049893285,95.81076984405516,41.07725277316185,20.54079180908203,13.172546309194257,8.981111154248637,6.796416491769217,5.889402064969462,15.496656747817994,41.607512574657314,60.398540977478035,85.34129031765846,117.2945736977362,97.0291717859904,39.131345031492174,19.936893985112505,12.867836967591316,9.448131179809568,7.109881602543328,6.393663277779855,15.444214904467264,34.50878066924311,60.04685620689393,83.81075855316654,126.6278055474066,94.2526019414266,40.73947738401351,20.38009372329712,13.112889280011577,9.09935337989561,6.899212547029768,6.160853118281211,12.808615480740865,30.82512895214942,54.474629154841104,70.68754952707599,115.473726000632,94.12608950042724,38.5658525208504,19.94275427818298,12.850624849257931,9.424046982180688,7.111916787025376,6.436903126316686,13.25216396935781,35.1463681660929,64.77049953492482,94.48141570491177,128.54869117367653,101.91429745483399,43.48905900278399,21.486514415740967,13.723264328125984,10.541322892096733,7.821112904619115,8.246509408335532,17.888854434013364,30.247569448409546,55.823135181427006,83.01436761733025,134.2202810890444,118.71422333272298,49.648051221293784,23.57193639310201,14.665226807748118,10.232506301633773,7.7791090397529405,6.710233100768059,17.418973015149437,30.136581595020914,39.595440035184225,86.49684456302273,138.56395349194926,111.06789954121908,46.97737641857516,22.94253731028239,14.517810953817058,10.025987001234483,7.585727140727302,8.03724814722615,19.604750790278118,34.18263548912541,61.68070686594645,84.31231802601968,134.0681375269736,103.6029319229126,47.76498857436642,22.451240877787274,14.12798568233367,10.231419464849656,7.620728850893198,7.971429681777954,21.307959708849587,29.34961439624909,44.10060430876414,85.19060890536154,139.65890605680406,120.74057632446288,56.8012838585146,25.390045326868695,15.595901629540231,11.163092577534337,8.288046246397084,10.06731293370647,19.69894646135966,28.6626178273847,49.396344624201454,102.17574295013182,140.2428132392514,121.33278843688966,56.818702486099745,25.605124725341796,15.753711161459645,10.821145320400115,8.796551560298562,9.068587077356156,19.43234940179189,27.929041195531045,46.33339044157664,96.03173357871272,130.34140019447574,113.45723683166504,55.35638923891129,24.67224286524455,15.163805666277486,10.81212614982359,8.206373079116707,9.491894692451723,22.803065619150793,28.460790895646618,45.29000094890594,96.53375912758611,144.60393420803933,134.57248435465493,60.01326702487084,26.42986905988057,16.00790144028202,11.013384713203674,8.371519210996299,10.56381871100395,16.50515427970886,21.235021791304312,47.34950666824976,108.16489210867114,164.09180689657887,135.5957865905762,56.621783457110006,26.161769748687743,16.133733626950168,11.20972728237029,8.754194836005789,11.138962017182381,24.004959205309554,30.087838162452943,57.66791291618347,111.71025589358423,155.5611168510683,138.66804632314046,57.73188273768271,26.04506596755981,15.980521440813618,11.726705014013476,9.16261962845995,11.817135623501192,23.200027233123773,24.20679197926675,65.64545233503978,109.66665658274005,161.89222208822926,150.39930195363362,63.68459943709835,29.000906682332356,17.664296759328533
39,0.2797389787050985,0.33486351860421043,8.036276604475514,15.44219632248084,1.5901009342362804,1.9333878015478454,3.500337998713216,6.056334405849057,5.544804069101811,2.26861120866191,2.8069289097189905,0.4717473772264296,0.30975143872922467,0.546139357688245,6.797775624279053,17.92740295712153,2.272747791236447,2.599327307244142,9.989330854550484,9.692516547345345,7.602579279820124,2.351121464967728,1.4778946293791138,0.53671784272117,0.35027422606945036,0.9853639183373286,10.187781544769965,16.868335669616858,2.289398645508674,2.1430626802245776,6.210232778364612,12.825675520608502,6.0410271156430255,3.1761143748990954,1.6542838037610053,0.7748522918070516,0.33029809068287563,0.977793653907594,10.216576587846202,12.11078794401884,1.2022855769242011,2.685715303440889,8.100480302591478,8.643402814019108,4.064232902705669,1.6918985817893855,1.2985607281923293,0.5027365359952373,0.33907263617361744,0.6071683537203983,10.253605810769143,13.939542900800706,2.6738854832610777,3.5168045429388686,7.680340961813927,9.703572096747738,8.159936159551142,2.628221396784629,2.0697555049856504,0.5711621222957488,0.3292845414338573,0.5181087805690436,9.920680645608133,16.322245519797008,1.3804768805350025,2.9713841159145042,7.757067868286564,8.926947910208856,5.83423097572724,2.4279101361766937,1.4479780227343242,0.488814124234261,0.3335759678963691,1.1888179489962867,11.384225087819559,13.032833410203457,1.5214696970101325,1.9755823481877641,6.864053555842368,12.452997408701526,6.282192244609197,1.84848801220617,1.8636802106102308,0.5904048286522589,0.2808751365061729,1.21460919348,9.073629213965708,13.07654649925232,1.667112088376476,2.2691830151279766,5.812122519420039,10.566474743600812,5.136252348144849,2.5672898560281725,1.3919397942225138,0.4750381406084184,0.4861632685892043,1.9015934608120637,12.478055114649957,11.942365627427897,2.451911449989965,2.6011656005382537,8.538206810239823,6.834952019914503,6.659707739253838,3.2375692629237327,1.6555590024193125,0.5600319899089874,0.39991240418726404,1.5197436467275536,11.692066708245585,14.391354797462622,2.5253890475150076,4.18952325206995,8.601835319515198,16.587522437880118,6.884959844271341,3.4742745784213462,1.7836510237058,0.691812696572273,0.4350712805601858,1.004397260279491,11.980341073370749,11.702172363122305,2.2174240577605464,2.754605714241664,9.689124811657013,13.378953587432061,3.9167553595701863,1.9840241299136991,1.4955822829206784,0.646782859217736,0.4859944127644262,1.4964870330610591,13.001005552641805,12.45865123071273,2.338255714024267,3.1830914848446845,8.18381979092475,8.058267688193629,7.198089415729046,3.0494425241024263,2.8714259406328195,0.7924289451106902,0.40603773931341786,1.2001328394319768,11.887736922060288,7.848353138327599,1.4903093344453844,3.1193571218649545,11.831773417784323,11.723593301965346,10.041768607596557,3.030893673550698,2.693743340929349,0.8563064739588768,0.4999123107617901,2.4031462020988537,14.89549948421217,8.267620377361775,3.500114808601718,4.871353202660879,15.324624763688735,15.686814230257465,9.548036202867825,3.581678013916938,2.885710672259331,1.217490494289706,0.9020426205665834,3.373760244400043,13.146644143423725,6.460423836648464,3.1120867659584173,2.7003093520402905,9.467471921520849,11.443583651819537,8.465868514935176,2.9470880489772364,2.7061819905042652,0.9168603354307914,0.8388763337942862,2.125447152314221,12.17682789833315,8.856852005938688,2.8451039221017593,2.3961692532499628,9.597516743944537,8.137706996471653,8.418283561567465,3.052741163123039,1.9479475728273392,1.4492523290841812,0.7460489884115035,2.2913268587844717,14.037089458915494,6.191520762503147,2.483683456490117,4.423487528145314,10.956197878660694,20.971847604647756,8.922044362227123,2.7038982702455217,2.2270444199442863,1.101469784725097,0.5984509323681554,3.967547888932704,13.341528246325831,6.613423952400685,1.8748095797531068,2.873566215574741,8.027417381732695,12.071495767774119,9.872755455414454,3.120923382005384,2.1853594814538955,1.1906012987898242
40,9.890970603881344,39.310180626596726,64.11172286771958,33.60792564709981,51.358308642910366,50.74706379572551,49.015976653560514,42.29850660754788,30.203655980428056,17.76295866812429,10.04561653137207,7.025792491051459,10.475387601852418,47.4050621646261,40.04342793587715,35.53335790411631,52.56801439531388,74.88387833913167,43.78191996789748,42.977893695216025,35.294119692484536,17.4251781722038,10.270457965850829,7.237584182985367,11.79221258655671,48.63427087382142,38.77669530222493,36.303259468714394,54.33218555173566,64.71705379358927,43.20679777699133,39.31018078281033,36.907176579793294,17.76592886094124,10.351632394790649,7.467345818550356,10.3430227445787,39.99274084833455,35.53387351159127,44.12942153771718,57.1358579592551,68.30244586435956,41.19371996602705,43.610022617463144,38.798504778544114,18.364206195954353,10.791612013498943,7.656370978816864,10.939624326152188,50.47626531629139,43.33750781951412,45.76816744041443,59.50415495903261,71.5538938407898,43.75435146393314,42.552778106812504,37.82706718444824,18.32655032742408,10.766778363545734,7.726231558399816,11.364688956352973,45.13179981344439,38.350401679008236,42.29119262536368,52.51452186799818,74.08926957066853,51.837236377346905,53.99522388581306,41.142791905721026,20.152220108278335,11.718520131429036,8.412072478878883,12.364644387152886,41.18582940141555,31.4803422749427,45.821042799313865,46.40699351864476,67.28588543383282,41.94100033052506,44.025286395165224,38.72400323486328,19.744582533067273,11.438184553146364,8.239860306401406,10.271548749246906,39.40179339235052,37.710711854504,42.92818213876088,56.11140447431994,70.90296310806275,57.43065285221223,54.36742098777525,46.039290955861404,22.844370071657245,13.001034961700437,9.240857735910723,13.839971913983746,43.34485042090487,35.15962066281226,52.9407630297343,45.01467058797036,62.081991471608475,48.37643921267602,52.71050674438477,46.2102237294515,23.38062939551569,12.86821994082133,9.315191871889175,12.734050721199281,38.40020923320883,37.74522808628697,46.201883684158325,53.48742083580263,49.839895971934006,49.60150988671088,56.423692001835,43.354066082000735,22.275987302718626,12.816936369578041,8.921303391610422,11.438179496642082,40.08773096556734,39.26003981744089,49.293447273254394,50.24836339519871,60.45239273834229,53.8757586645311,52.659671634551025,46.561587869008385,22.829298014486987,13.033876278559367,9.328069749647572,10.68206459168465,42.48043476690799,36.09482417506557,52.29990207258861,48.573974304814485,53.18836306508382,50.33167444659817,52.238136979379966,43.10172024917602,22.42589416996125,12.484644683837889,9.073243167015814,11.609396093430059,35.462301996000875,39.08374599518315,51.207843961715696,50.89927465131206,48.4106038869222,50.934996102240774,59.61352511744345,49.110423009236655,25.056976466025073,13.783056811014811,9.988169126202983,13.456361339938255,30.967038252952648,34.36789623721954,46.63533226394653,43.65188296410346,43.72515360705057,48.533384694745465,53.068474123554836,45.28317763646443,23.333173376514065,12.965707132339478,9.294128808667583,12.529188484068838,39.12047946641011,36.45755650428033,49.37729093360902,45.50727188110351,54.90200617980956,56.844589483199584,58.24659140186926,52.21295859781901,27.444141103682977,14.869976062774658,10.339110808218681,12.778464741245392,30.077156050639793,36.09208692212259,50.05551385815937,45.253683366467875,50.28472667312622,57.49235632988714,58.2726709919591,51.91898321914673,26.580927750372116,14.80969744936625,10.399784369314869,14.05543250237742,35.87506377354044,39.14228995661581,50.40451797866821,46.25923515627461,55.20909942118326,58.25113989430089,56.534683505642796,49.86358799743653,25.92231970879339,14.19556499671936,10.068863768423757,12.611191830173617,33.624330463761765,32.985985639018395,57.49808624331157,45.32724087438275,58.28334560775757,60.41029276817075,60.93762747979933,50.95940026219686,28.54242644033124,15.37493363571167,11.123826992896294
41,257.49922445974045,467.55234680175784,564.9299014183782,738.1363610839844,1287.239500476468,1639.9755946858725,1613.2386610461822,1043.783963111139,756.5461762491861,642.5118224113219,257.3572370402018,280.2106656966671,334.9780803065146,405.3729900408965,638.0967083543347,835.904649271647,1304.6057476806643,1828.2444975585938,2004.075385466545,1244.2985106043661,1087.0653056233723,684.504793523973,454.67170338948574,283.7860598065776,275.6896557814075,401.9321114886805,621.9227216954384,805.7309002888996,1142.3517288109565,1765.5493994344076,1757.827892121346,1374.4110398815524,1109.7938357747396,557.464634320659,391.49885078938803,276.73330676663306,287.66296574746406,452.46358660580484,658.3430433900894,967.2725965576171,1226.8589755741243,1854.0290767415365,1743.0842021917529,1204.738266404675,912.7793099772136,618.6328126378214,371.8251181233724,261.91935166881933,293.07428031675283,375.37656970019407,643.5062661743164,799.5387247924804,1232.707623566658,1574.5128885904949,1910.2602149618826,1319.9038102869836,1089.976810546875,636.5806402784779,371.892618947347,291.45957987139303,285.1630122129379,391.07615070211466,596.0280625374087,827.7128742065431,1206.1236510442918,1702.2697320353188,1640.320326616841,1171.812785073557,1001.7328014933267,586.5167512561429,348.9508532918294,269.3264293547599,303.0684070414882,409.27972430449984,688.7293352287046,878.1960348103842,1157.6956353169105,1677.238831156413,1642.9627073620209,1365.5026447911416,1042.6226137695314,703.8257043653919,392.2270766805013,266.97224609374996,288.7514100597751,399.38980891035106,633.3494204416584,905.2537627766927,1287.2095144948653,2017.4734700927734,1908.9325810192477,1108.646273547757,1072.8081717122395,532.5249304986768,350.8283591512044,277.57225322108116,300.63487882552613,404.3133539299424,697.8312092048891,898.4254709472656,1252.554786298198,1885.7499158325195,2033.8534681750884,1510.8047494999057,1085.2248518676759,607.6115877213017,374.658461324056,295.52704305341166,286.2602281139743,416.69588224288856,608.4772039007371,889.0265771484376,1303.9622677710747,1909.1206304524742,1682.752724510931,1343.5755940689583,1087.8434372355143,651.6415132387223,429.7186243896484,287.1772559971963,317.1940670874811,447.8148820427956,584.495156742219,783.6488345540364,1312.6661760883946,1759.1295178222658,1771.91871570218,1548.44583984375,1283.1393823242186,566.1865991998487,429.22714904785164,306.03237497637355,284.8570903162802,409.2499320893687,630.1511586047757,938.0270452473958,1272.3042975837952,1612.1266290690105,1907.1851997621598,1324.369127827306,1022.7442093709309,577.6623387687437,444.1436694335938,255.96839461788053,296.46690414920937,390.80554981438394,612.1040648232736,914.4075362752279,1313.5304504000756,1808.781504577637,1758.8207928663683,1409.626405009608,1191.796258219401,758.2712268066405,429.403315612793,282.26002872590095,346.8187721203219,435.3877446818234,624.895592986076,942.837631306966,1246.5823427655619,1805.955428751628,1747.8598509560863,1386.6890078833796,1101.7044096476236,681.8216592702559,486.21647058105464,317.8468200092931,338.0171525130733,477.6037808355321,724.3906196052797,917.7693126017251,1342.9456557341546,2028.9935494995116,2043.0760989478324,1331.823577998992,1299.571134379069,737.085354673324,407.07591355387365,287.7511638026084,337.2184621503276,418.58128651210234,692.1226094695061,954.3323298746745,1408.8411870747227,2196.5054763387043,2014.3884357673892,1474.4646077605216,1161.5332537434892,627.1084470293597,432.23686368815106,338.05562106224795,344.4506027024792,506.4880185282289,691.7213525587513,1036.4541611328127,1363.7385650634765,1734.0813302408853,2134.335609406502,1457.2628219899823,1277.6270242919923,748.1984470490486,396.7073112589518,255.7179036589592,301.9009841131395,465.39629987181127,603.7585585169638,983.4749480489096,1444.3426719813192,1736.4797343139646,1961.7579654619767,1476.5260860910726,1345.6351619873046,684.5451218537361,450.75763529459635,295.6034236981792
42,12.665592178990764,19.706513122149875,34.3907364737603,25.07270065546036,11.867046136240806,73.34560119390487,67.44855440970389,168.08934416001844,42.3356936788559,20.265273849425775,11.00243613243103,8.161235709344187,8.999656902128649,29.081451811217914,39.93679250801763,15.55711178692182,18.94531019826089,44.176516035715736,127.25657067498852,134.52233913283195,62.13552968025208,21.379584421342418,12.378743738492329,9.071880746041575,10.307790365988208,31.370467907839213,43.37738096667874,15.581308555920918,18.026718305541625,45.27261291901271,156.44708532441047,146.71663730590575,67.86601927661896,27.59870348868831,14.49381643104553,10.766843596735306,9.343083418492347,23.99912936012733,41.5753533394106,21.002167680422467,17.889738882280163,38.64150096702576,142.47217780420857,136.90153314928855,36.7373836171627,31.70807223250789,13.46261405022939,8.709675692166053,10.257963439841422,28.886960916751853,36.37429622304055,16.436084631999336,28.45233468870963,38.054863874197004,143.30730063146157,150.11305999017532,60.397221848169956,31.348809956581363,14.782527506947517,10.99745837246218,9.63509036456385,28.36106216108564,39.33843024392282,13.525928616046906,16.396378193978343,48.21303211482366,143.33409893589635,137.1075144609328,63.2827529630661,26.135642098149948,12.868815922498703,9.258573444581803,10.780305525564378,25.592344936593413,31.001829388218546,11.37732520500819,15.763381389879413,38.317895031134285,153.38033388214726,139.5175036790294,72.11148860263825,25.973097355135025,14.168935834169385,10.016090366186635,8.923222942813752,19.133711352641946,30.822826428567208,15.693793029864628,15.666595490440244,33.91680874697367,148.02795934354103,158.97096280528655,76.24502681954701,32.16679552201302,16.73250969998042,11.207336325953085,13.151253692719242,27.89325122891976,35.461246624454375,12.75539594745636,23.104077297487567,37.727958893140155,201.33623249069336,186.42665539710754,72.07570684480666,42.48292552063542,19.91864088495572,14.72753401125631,9.089144212430522,18.575277189301154,34.89380142750279,12.36346407310168,15.132471746629284,34.18180034120878,168.7476682470691,133.70249425918828,57.48118404897055,32.220995284665015,14.07319082101186,9.604683072643898,10.012769284094535,25.139277084998305,38.186908831750195,11.282715722084045,18.886271403681846,51.38305383968352,176.38579530854378,154.4471843291867,66.31746530739466,28.886854245816505,17.333915609995522,10.67914483900993,8.950052537610455,20.621575458449094,31.66809882102474,12.98506869673729,16.969144080531212,47.94639846658707,174.98724995705388,136.48666169751075,49.27253082927068,29.662265155392312,14.370914886474608,9.546017330231205,8.762672578596298,21.69534159208166,29.261236624871533,12.376423819859824,18.85850363469893,48.1322736202081,160.74671388856825,141.47904970968924,83.68749674034117,31.45628033007345,19.078984584172566,11.342658270251366,11.819466765772914,23.88567616957749,30.103395151784344,14.232433128873506,23.627813983732654,41.72866725428899,189.82340112163178,187.34871320416852,72.92192699591318,30.486805710946356,19.678206023534138,13.670280765256575,11.087152796945265,29.88668340274266,24.794149732589723,9.983869969526927,22.813039810426773,32.35044969749451,144.6950870789251,172.4815023385325,109.54539568614959,42.69518119904302,21.050965318044025,13.404209818840027,11.118279055010886,23.220561148080918,27.31527853242813,13.219419877211255,22.572054799602878,47.22648462231954,215.08918697187977,171.70561738137278,68.79168124787012,33.570099284879625,18.594503973722457,13.194415915704544,9.824453648444145,19.344754916417777,33.857646792319514,9.047240112622578,17.57976732646265,63.0872881617546,204.60340073031765,136.34816950459634,78.91746488746008,42.78336389318589,18.673302234490713,11.11439371528164,11.92517749678704,24.7750073939004,30.71654218381451,13.297221966107685,35.91280408013252,63.7264707634449,204.5161137826981,195.20013313354985,69.44922340901692,39.61909918077531,19.12572621281942,15.127965758539014
43,70.79159760013704,78.07118113381522,86.13557512837072,68.11137465794882,47.728813140623025,33.777442642847696,17.240012676485122,32.01819190979004,79.54250049273173,138.4426334627213,139.75607554753623,96.0344465871011,98.8023755645752,100.99208790248251,109.04961891666535,82.20443747456868,50.812996800330374,38.3360558497111,20.908783406288393,24.99232110792591,65.66985164896647,83.2287614908526,126.66994233830772,131.84449555920017,88.7792419101346,88.08275707460976,82.52395991909889,78.64630027389526,54.81151696974232,34.122501675923665,21.427383099832845,19.62507080447289,55.91585881233216,78.12521846832769,120.08995179430644,97.91614747816519,80.56612599895846,92.55127427025971,90.40134932733352,85.19737219746906,57.12255757608722,40.647190537134804,17.945310091818534,22.079612340619484,59.97246962356568,94.75348964014361,146.95771928914388,134.16746376283706,81.65933228523501,110.74407317495111,98.28570123364848,70.7379920425415,48.89409664769327,34.38231645329793,18.749432644382598,18.161981869974444,49.39088675181071,67.78953065379974,119.97309139124555,113.15169774701519,94.55280803311256,82.08249007032423,93.39630614003826,78.04287889226278,45.13988807309058,34.70950270334879,17.04601352445541,21.052832089701003,41.4157626209259,85.79033161840132,125.37962282562255,116.62249306463426,85.12729395589521,87.61865389119228,90.2548661619617,83.54732995478312,46.42697062030915,29.205526631037394,22.48884707235521,19.935734753762524,35.39129887326558,96.66766402644495,143.47703250630695,113.87199347096104,87.83691259691791,99.7815970215539,97.22786541231217,75.07894220606485,50.30382529227964,34.0302484404246,18.45694465144988,20.055393535860127,41.639087608337405,79.81431506802957,135.84673914464315,122.54481212000692,88.68987865571053,92.71274342875175,80.07579604610319,78.63249460728963,41.1065432640814,30.30196428934733,13.347062323170324,12.150206864264701,46.32132028643291,75.1935985460589,128.50091160647077,103.7689817822364,91.10128757969025,101.54102425894715,95.81465317510789,76.87780155690511,40.830459348617055,30.636505998611447,15.17621722375193,16.659644974739322,41.08983187230429,71.4614615969504,129.34437369982402,104.73354086722097,88.84190814479705,103.32857976232256,100.33393842881725,68.95733725802104,39.52894987044796,27.22009854380289,17.558235410259616,11.285709993300898,31.98831640402476,57.44448957750874,101.362832350413,91.07620500379993,74.27224573196904,101.7661082178501,103.45133910640592,78.14805666097006,39.256532968090426,20.521960760116578,13.772039091048702,16.508596286158408,50.30150619697571,69.0306199836731,106.35728982543944,111.44054265299151,109.80434938369258,115.07369342775769,105.33488685484856,73.39786379114787,43.563326144064625,30.05825474675496,18.1995645670737,19.468761146299304,45.41229150708516,93.72967405380741,124.88096196810405,126.64447589997323,88.43609111908943,104.41181702712488,87.59807424606815,63.537637711842855,36.4317085296877,27.58105213228862,15.65133037444084,15.546154208029469,44.251694681803386,59.515515057348445,126.6165751984914,107.71771508001511,87.2642684518137,89.1528816329787,79.10198368441675,61.18643344815572,36.881588203061014,22.67093052482605,13.839847900021462,13.253842509177423,41.032297387441005,81.85342166654524,105.34289885520934,119.30973114628947,80.23594663435412,85.54048474499743,84.84432909073368,57.09768928782146,32.94504094339186,21.151326608657836,13.312629836297805,13.970308584090201,23.020261328061423,63.379724487796906,94.10949806594849,103.09757167939217,92.8082099656136,106.94206510574358,87.82598265124906,65.9062995446523,30.811878707024356,21.257648214975994,12.304595295383086,11.61274767814144,35.41956949456533,58.90465563651054,99.79125203450522,113.10369287060152,88.47492683410644,97.02594183484909,84.06045483866046,64.81247349675496,30.270585193018764,22.419553672790524,15.455507554700295,10.179761732162968,29.877623003959656,70.23913827988409,109.95507538159688,121.57689873480028
44,118.47493660219254,188.8819474356515,165.59424221900204,127.58385111490884,108.76575223861201,115.29727999369302,104.2624884082425,112.11190306140529,112.15487060546874,161.56590807514803,159.2148257191976,143.59757929155904,164.3795963115077,186.10672864679043,209.62586846136278,184.5419097595215,138.45828338130826,128.34971260070802,110.80701453916488,101.9566502380371,105.95989280954996,114.55239326477052,128.82125226593018,147.1886502862746,142.81450241581086,161.8148438830446,175.50145511750253,150.16837104797364,126.59841910085372,109.25229612223309,103.10321759623866,83.44243078908613,95.1254976526896,90.26137709832962,109.79650732676188,110.92404527725712,139.75147608110981,184.311211766398,184.9471075390231,175.5288343098958,136.42827109059982,139.2891893157959,101.7141505382907,91.39530241197157,99.81523699442546,104.95788333031439,145.46013999938964,157.64992914999684,140.86095117138277,197.95108236810844,207.54778816223143,153.3420521138509,121.67448139313728,111.98512366485595,94.78837435814641,86.58583676245905,95.75515475463868,83.68006192115045,106.77255735270182,117.12103275422128,160.43018562070785,166.13759726012282,201.45464005501037,165.2658413848877,124.88638523224863,127.07939533487956,100.18505015219412,85.61769030663274,93.76121241251627,111.0394504596341,122.97178316752115,138.06514502248456,141.22505963725428,181.90698131767985,187.38761629658362,171.58088581339516,130.1435074295536,125.66812672932943,118.04214587796119,96.40795803931452,83.67390188598634,100.58633033998551,127.63212068684895,137.48412068028603,152.77157326482958,175.904642751534,208.19254993069558,175.38513929239906,132.6227444901005,123.5112461344401,106.97459184708131,101.28791331137381,88.49444215901693,108.186252849948,132.40468370564778,149.4142343779533,133.5013396724578,153.84610265966708,150.59199544106758,140.6822356262207,106.77416663877425,101.38727786254883,72.56692012171592,57.98878157831007,72.35091674296062,88.18554796772617,109.69181740824381,115.69957782376196,135.37861741096742,178.0530606898416,176.86351149036037,173.6243271636963,126.02992941087291,117.7249039662679,97.27066137006207,81.9554525264617,88.50347798156739,83.55299498527282,110.50192275238037,123.98160325081116,128.7866588272587,170.1255662534742,181.4659370225476,150.87653516642254,113.85834433278731,99.26491534932455,90.9655627466017,71.80093990695092,67.25525076039631,80.28580767969932,100.69371903737387,112.22353139077464,121.5795444217805,164.56532092014558,191.34053631198023,170.29627092488607,125.34599077778478,95.82571177164714,90.66630893584221,70.52973843728344,89.820348681132,88.55455470423544,108.48602840169272,125.38900167649793,176.753068375126,188.98125511507678,201.12277573124055,172.9805013631185,127.61088616648028,124.87802289835614,109.37198675832443,91.62649800454415,89.42931686401367,104.95508923438288,129.4022516225179,146.37116800615863,146.28375176706624,169.80853176361234,172.50691250708797,144.2210357716878,113.99055662093625,115.99238359578449,83.41823443751181,67.0110711645311,82.06717446390789,85.81009529359878,120.39812995910646,126.01028444597796,143.04125578357326,162.05379067040428,164.85150033766223,138.03284171549478,114.36841615738408,97.63699487304686,78.099629839005,75.24423237708307,75.89506545003255,96.51656572403446,102.85072166188559,131.6088295007521,122.31184240771879,141.67731820223952,151.0817116965017,142.67163815816244,104.64488855177356,102.9397397257487,84.89203832318705,72.58373275018508,56.13722423553467,74.26121964239306,93.59854975128174,117.31555002274051,132.48429370018744,183.800057182312,172.34863283711098,138.46223841349283,109.47116651473505,94.56626721700033,73.80788863397414,57.457839476062404,78.20576020304361,70.70842361696306,95.0027676493327,122.80899656480358,134.50369344157556,157.92578729977163,166.50800704463833,142.6734868520101,106.97915415610036,95.68331197611491,88.83645405677058,58.8885886678388,63.96581209818521,86.69264532273816,107.42684866333006,138.660734001898
45,16.929461805282102,15.714064972741264,20.696109599451866,13.454002831776936,12.247742154521328,11.763252340952556,12.250175525296118,11.338355753498693,11.452424615224203,10.889243531996204,13.844757715861002,17.10820093462544,19.489761940125497,19.9675286834698,22.48069483480146,15.544321292877196,13.092289159221034,12.90977803929647,16.98190664968183,13.504504422833843,11.110647918701172,11.6479542000063,12.703736183166503,17.45661517973869,22.753157410775465,20.778966564263026,20.3530111060604,16.06381851450602,13.718002057229318,12.951980890909832,12.794467263990834,14.27242301940918,10.86231288846334,11.83070023752028,12.74888832092285,16.026389453026557,19.393536776881064,23.483793792066898,20.5100738586918,15.345921012878417,13.831230880983412,12.613695301691692,15.669342664287935,14.701942246960055,11.848261704126994,11.3018244583376,13.78443459002177,16.786482096641294,19.157158590747464,26.59042167057545,25.29844263876638,15.129971017201743,13.285895140863236,12.67124377822876,12.71694739926246,15.628873170421969,11.284066868464153,10.73862465520059,13.163764466603599,15.199063648100822,20.515201995603498,21.881400931269077,20.743722855352587,15.282670486450195,12.657792375626103,13.598908891042075,14.936577139208392,13.32107888683196,11.831564151128132,10.950569853013562,13.307902760823566,16.539772815704346,19.24445465949274,22.443322917463746,19.15811570136778,15.493613971710207,14.00734410931987,11.619910650889079,13.240832547218568,12.397982502598918,9.595163002649942,10.90472258167882,11.691209106445315,16.350827587496845,17.627569123545,17.79559282467283,23.948106124631824,14.852850697835288,12.983763179163779,12.445631304423014,11.885732645834647,12.8617968140879,11.024963898976642,9.683883962938861,11.174437423706054,14.667561534143264,19.038454981157855,18.89443261846533,20.503071577010616,16.154279905954997,13.213259740644887,13.66415552075704,11.897877156657561,12.714201089182207,9.939702864329018,11.877170045298914,12.0600822652181,16.59252077225716,19.79839495997275,21.492784619025997,22.324546026414442,18.476621931711833,16.85712269506147,16.180113038380938,15.63269104803762,15.576012666148523,13.164614038467406,12.514328383168866,15.318418319702147,17.33046245574951,19.644263063246207,22.809631565873847,21.415262673900976,16.35884041849772,13.821962402097643,12.721957327524823,13.692999589981572,11.107811807201756,10.76897449874878,11.836754075942503,13.766472254435223,16.605600288145002,17.18832891587288,18.05335113457271,22.37053452030305,17.90982315826416,12.979476568160518,12.161983122507731,11.5346276615512,10.859630257391162,11.75269692548116,10.792568999874977,12.097508160273232,16.910327479454782,18.746501575593022,21.19482850257986,21.493262701957455,17.850053835550945,14.172055622223885,12.93778016281128,14.216043519050846,13.34343563572053,10.233749179204306,11.716377423809421,13.951453371683758,16.62696152963946,20.43098278660928,20.961050650685884,21.71617505104311,15.83217203394572,14.807242872176634,14.3698121732076,12.647655028681601,11.940583339814216,11.166117993036906,11.375629975718835,13.890202818552655,15.071876142563358,24.44533709618353,19.03841228212629,21.93500489265688,16.7300664507548,15.318823968210529,13.133911511739095,13.791673027776904,12.52594868875319,12.32483957417806,13.052380412932365,13.599110036214194,17.49386235021776,17.22732203945037,19.393848816256217,23.049455294455253,16.780523604710897,13.773291520764753,14.377884480158489,13.461033005252961,13.605145613147366,10.834121205647786,11.89115923173966,13.369095803578697,18.98301844566099,20.845190525670205,20.987113377801307,23.82339319290653,16.639109764099125,13.305469581850113,12.789556350708008,13.105064491148918,12.863663958887901,11.082478219350179,10.810581273724958,13.860931125005086,16.238515954171458,19.615833694704115,20.207470024278013,22.751306140038274,15.859281236012777,14.64709016000071,12.848884831110638,13.314858440276117,12.277274671985257,10.78683429590861,11.39996698748681,13.564680623372396,15.730527427427228
46,157.5276088099326,205.1527651105608,227.29647334929436,137.91829406738282,118.86818995321951,113.22328287760418,102.38640555104902,89.81930908695344,91.40757301330567,102.45732906710718,126.92664744059243,134.2403064358619,169.85125427246095,216.297454505507,211.24371563326926,165.5143051554362,132.61465133174775,126.50691022237143,122.19701359410439,107.7030238342285,101.00307893880208,98.84619522094725,106.8827476908366,131.46431908392137,192.79262035739038,185.68149031014278,206.27919193390875,173.8693573811849,140.74033743581464,122.28124408976237,119.80410735591765,107.02249850365425,99.97290002441407,100.2632478135632,116.6791206258138,139.6847140306042,176.90304577242944,205.45012505817886,205.9698846140215,160.36086933390297,137.0393630292339,127.2694662475586,124.59328032955048,110.5747668653919,101.49227299499512,106.5949839241274,113.73275299072266,136.97052418862623,173.15861925678865,205.73332865766702,248.44450095884264,167.28035848999025,139.34225635159402,122.87665294901531,121.84943228936963,108.94094478484124,93.75190186564126,97.94140128843246,109.82933176167808,131.61574039090064,188.1982074663716,201.97438883889487,230.4065095766129,179.24394204711916,140.31720982705392,137.35282275899255,123.62512852822582,113.65426840997512,110.3339031829834,117.82674673757246,126.62869848124186,144.22538043606664,168.29206256497292,193.71729600239271,190.72917522799585,163.15446833292646,138.21930951518397,129.45252559407555,128.64695629489037,117.14244853358116,102.72428035990397,102.28341523201235,111.55285805765789,133.6072949710969,165.72009303923576,170.76160620703487,216.20742416874054,169.190525004069,148.86063930388417,127.31881639607745,121.95116110524823,113.05090848368984,104.65707795715332,103.91828402119297,109.92641003926596,133.84747608307867,182.62938635057017,181.73203346778607,173.8499831267326,156.82958112589517,132.81932921378842,125.72424814860025,115.19713644704511,104.13174735284619,96.62577936808268,103.864184713056,116.58374447631836,136.8557665523406,167.17273221908079,196.57201917075173,187.27616932530557,176.3790808614095,156.54568833874117,149.41797911580403,144.67890497023058,121.21018315961282,122.30155628458658,112.69847086260395,130.74939766438803,159.89706281108244,170.66249722388483,199.27607381397866,198.53825911983367,161.52445712280274,136.49344428277786,124.82311516316732,123.63761607016286,104.09905008623677,99.85968938191732,103.4068302671371,116.78384213256837,138.45066848754882,156.86683040495842,173.7211420527115,196.72309534872733,169.71836405436198,142.6866332712481,133.15368680826822,112.92684673186272,107.21208003874749,106.9208116760254,107.29984947942918,122.87642240397136,146.2296295067572,183.5184099258915,202.73510762181778,198.67909330306514,172.40724872843424,148.11378387451174,137.46495968627931,137.40775556010584,115.70474149150235,108.11355723571778,107.50539351924772,123.25151307678225,145.18082659813666,162.11584762081023,197.27192211432998,195.77960038708102,164.95444907633464,145.97356087961504,135.1020078125,123.58049886395857,110.58009820753527,102.63104620361328,109.47283529466199,126.26868386332194,134.1260865143807,184.57934535857171,186.5309240880506,189.59919979956842,167.75550553385418,152.38582068166426,141.66210429890947,124.85200509840442,117.90420646421369,110.13264006042479,113.31041017593876,125.3766774291992,143.91985247704287,164.67444670154205,179.4452631242874,188.8583499047064,163.24742889404297,146.9406732866841,136.17430195617675,124.61931066205425,110.30665227582378,104.03211500549317,106.45831706877678,120.98620982869468,156.14837370349514,174.1213448309129,188.6378503466827,210.36133534093057,173.52227500406903,153.97790353098225,139.61305345662436,130.68858401390813,112.29514942784462,111.11044865926108,107.73457006146832,123.67896051534017,148.19477572533393,203.11639588386782,207.5451682405519,202.6734026213615,179.12174983723958,162.16181756788686,143.9394070739746,140.65353782407698,119.50059434460054,115.39486184692382,128.87204749322706,145.75155097961425,159.91927465623425
47,38.90497429678517,58.335720602955135,188.94613887110063,118.11635192871093,71.61878566126668,52.0948304049174,27.79310618677447,5.06146865506326,3.0362420185407,4.092293173266995,8.691407602628072,35.62286794570185,36.27237566163463,72.81113168681196,136.890501712676,126.8701572853724,77.04592552738805,67.34373325729369,27.570762299876055,5.325707250102875,3.6065091956456508,6.780945911253653,14.279053883711498,30.900597830587817,34.5368348805366,69.16641092130409,126.4012265211536,126.61629120667774,71.24107540469016,47.8392520421346,20.06420822728065,4.995352846268685,3.5070629529158275,6.504027094033456,11.518678672671317,28.815702669966605,42.741879438277216,88.04609080697514,135.42168301797682,135.19451183811825,86.03905645124374,59.98566402689615,21.651505006359468,5.288432062518211,3.811192483425141,7.811385888745707,16.007385644594827,22.29734064602083,48.53137494671729,85.54981607484112,141.6234566540872,147.65186671098073,83.80162019391214,57.842443768819166,26.58436943946346,5.368781559390406,5.200479568163554,9.06492057323456,19.05067231543859,37.71653817838238,42.43642333169137,86.38312986025082,130.2536407636827,137.30428053601582,78.92750623026203,61.6861020005544,21.838033147319674,6.157947551050493,4.438359061241149,7.248896980900918,18.588030340671544,22.525370963388873,42.62900254126518,93.04816494572927,130.6775140020924,128.06975067520142,75.80491138919707,54.752368396441135,22.5595089749367,4.8358439556244885,3.8024172616004948,10.83513459851665,19.092051754315698,30.601027875254232,39.98122122149313,71.42970553987425,141.8990004896349,123.53596022733052,79.97069816773937,58.45651849619547,18.883716438662624,5.217268829499522,3.631511557261149,14.466097803654208,23.99988423124949,35.467344022643175,58.48646610444591,105.86837364823948,151.32767885823404,161.97309795824685,84.758731611621,59.329196710586544,20.214493813053252,5.360842284387158,3.784513916333517,7.199446770298866,24.331153755903244,48.034262386752715,45.879901950897704,70.24978626239476,129.06810416621548,125.61894590886436,64.89213751762144,38.996868199984235,15.280629531491186,4.766603569215343,3.837693901697795,12.726173090780934,16.59049549452464,33.3600957358268,48.82986449780003,96.58164411248832,125.76658228197405,126.92140722910563,66.46673550605774,52.99111870702107,20.51918496316479,5.125892794824415,4.202191047827403,8.081263966252727,20.933193655729294,58.26064991950987,57.155217659088876,98.01184103963409,132.94614155677058,149.97310221417743,70.16924277674768,45.15532344436646,14.880236988375264,5.17476918328193,3.6503977493445077,5.526743521767278,15.438725975195567,35.94858203503394,61.961087378917206,88.32136338650886,170.48233828144689,138.7599770266215,77.43031619225779,44.73178773053487,15.865921202321207,5.185048897343297,3.678966038227081,12.401951396388393,20.882840385516484,41.6007800269896,59.26604440689088,94.72329573260153,152.0578767032008,137.28855504226684,68.02969187798038,42.455021898269656,14.781045003091133,5.77424787952054,4.139523802200953,8.260734776220014,26.98413605308533,44.62097807991889,61.451424437799766,101.148363615433,131.38862409653203,147.7305520807902,79.67869641457834,43.62222917048136,15.057618279918547,5.381455280550064,3.7258684110641473,13.839526505316456,27.312062134901687,53.88095278539966,65.22626184832666,96.61065561209993,125.32160405805034,149.7697286300659,77.06116873894969,44.84529789415995,14.644358742314001,5.181354975546561,4.775921506563821,11.372800826564912,32.98001015996933,52.393022124690404,60.89111281256521,102.75625405726173,138.80983209271585,128.90368582725526,63.69295977715524,40.83514167340597,12.148489824110461,4.725884558462328,4.394550649325053,10.41502865468302,16.000457928339642,36.34810785170524,65.60636977357248,103.81050254639733,148.36633159391343,143.98592122554777,79.55702201812498,47.208064235051474,15.186634039725027,5.433267011796274,4.087169174353282,13.737706956863402,32.595912847121554,63.98594894755271
48,25.406927680969236,23.045343405859807,128.44297834211778,684.7912790298462,472.15294297741303,94.22106642405193,172.74593999308925,191.774866830149,219.05976743062337,155.11649470175468,87.62943684895833,37.259324916716544,28.666389165078442,26.25565046296331,90.32224518806704,800.544965092977,443.1120148886404,108.68980282592774,180.44989925999798,271.2716710810508,211.2303256657918,133.80662417996314,81.20473698298137,37.96425984290338,32.46586218064831,30.82154496766076,142.0571837000693,776.8775216140747,422.9626513622654,124.54466144307455,168.17202068944133,209.53130432621123,195.15312229410807,150.5277723546182,86.09503659820557,38.971684139620876,32.34806701414047,30.931190804448626,109.98398436515564,862.4767474365235,361.4716466005387,112.7613334197998,208.44718771903746,271.92310191738994,214.70715513102215,153.95084798505232,89.96004976654054,47.60010393327282,39.825420594984486,30.766363358849965,111.02263886113322,850.0951949386596,353.9933447856288,106.39226514434813,195.64418110016854,263.45182002652075,240.47913491312661,156.17057027016915,91.53615469106039,45.494747639317666,36.873473155113956,30.447891532587885,134.0696748487411,863.7151169077555,382.1843157466766,101.22948016866049,177.53280058583906,261.239158059397,240.9765043538411,149.06871841676772,92.25986767069499,49.035244752207106,34.09778043316256,33.95407601680661,140.29246088704755,828.653342356364,378.8628720831102,130.3573838551839,170.4571665363927,237.25934927663496,228.20268633015948,145.48944431427987,97.19903297170003,45.86150745268792,31.56220446432791,28.987855726533333,122.76765194062264,863.4721488850912,304.7683501163606,98.6657492090861,164.44820423249274,286.5810553716844,210.98273544820148,141.11548707039128,87.48571867624919,42.89203266266854,31.72275605478594,34.32264399852659,166.42676753628638,822.4083137715658,305.35268204473675,104.79557268269855,172.126693986462,244.42549207871963,217.92777559916175,139.9274728295111,89.65175742848713,44.781919313246206,43.80179127108666,41.69992687587081,151.74427224682225,863.0481035944622,400.02493847262474,139.25444423421223,208.6771953188989,360.6454022413684,241.58205812327068,190.3482768028013,115.9658049621582,56.29787556063744,40.18631245028588,37.22189228856505,154.22699589390908,855.5962495244345,318.05316316173923,122.46456935882568,169.4980032151745,326.78712817530476,239.1726967010498,183.25349847609,114.23383039347331,58.34415334393901,43.298771162955994,41.39518534082497,174.57815820017169,900.017177871704,301.37999197683024,130.34803323872885,193.18209476347891,278.3889614646665,204.75553981018066,165.47891229444934,122.57504722595215,53.11790872143162,39.933290225613504,37.18390908480865,187.8359092835457,962.7594360987345,309.9727967440698,117.42036892954509,220.15076305758572,320.71148817246956,242.04250756835935,183.73549574329007,129.55474138132732,61.0689895088442,46.45966207934964,48.42289529509145,211.87406919663954,875.3483934987386,325.82225606610695,135.86865531667075,223.54588584899903,364.61784677813137,302.479397878011,202.9116138975082,131.66841241709392,62.90090233710504,51.2471054741644,49.98601340232811,240.33346179346887,937.6763967488607,286.4083181172033,116.11253666178386,202.01357716468073,294.2949951048821,248.7740262858073,167.22116942374936,123.596063680013,60.48672968464513,51.986115390408415,45.02256237800485,228.96582464648833,851.2195639088948,251.76696867912045,106.61280780283612,187.28351588341496,273.5554012667748,269.23886190795895,173.95123789633476,119.97975483703615,64.61870561907367,47.028146224483365,41.316789785864316,297.54583960748494,875.5128702672324,265.2662628518382,124.78763322448731,178.0992727144303,306.71807461646296,248.9335512771607,172.34347382576237,129.12646110534666,69.46000742020146,50.554199222441646,53.27095176875298,284.08353253518385,886.9772521565756,251.7070609308058,134.89909360504151,183.3169389712426,251.8507582584504,239.05872165934247,169.06882651544385,132.98287010701497,67.18766359144642
49,3.0320707967204434,3.3897959215300424,2.05541378144295,2.428324608008067,20.053913743265213,215.69734985828399,87.94898175270325,24.638896437614193,37.50347633997599,21.352285212855186,6.859677650133769,4.44325934225513,3.098831049703782,2.557468532071325,2.336704044342041,1.9013694073359173,12.171918877170935,203.650306081295,75.014767263474,26.536878712254186,37.68896041520437,22.682187931922172,7.054528309504191,4.36865627811801,3.141706329622576,2.8293989913275674,2.3375602868295484,1.995764583905538,11.976122522200308,210.75099159065886,86.79256509411718,33.6663954297958,34.30743690141041,17.396189920979165,6.517521340052286,4.406670637284556,3.1884304688053744,2.560821056283754,2.471095995595378,1.978498323281606,18.78478141984632,215.6495774901708,71.86658898999615,34.15158014728176,37.665485171000164,20.392408580780028,7.245712940216064,4.538180165137014,3.656559903544764,3.3338147106311595,2.7077919990785664,2.1519825941721598,26.032808169549515,227.22222052558263,79.15309388929798,35.05554568813693,43.05344249725342,24.893467980046424,8.787037657737732,5.971143217086793,4.475733647807952,3.8670008544499064,3.7236021115702966,2.4464630223910016,24.665188190706317,248.29900158564251,61.273183536529544,36.192577171940954,43.24210324732462,28.319496050188615,10.332063389142354,6.590776056166618,4.4359788762369465,3.6894999663465717,3.617074906133836,2.3975691604614253,16.458910176061814,224.29572624810535,81.50650341526155,32.648671336635466,38.51302426465353,28.419172054413828,9.641478554725648,6.924791851351339,4.043287862654655,3.293607513058949,3.1471308331335743,2.5778789625167846,25.132465206115477,240.36803518168136,59.55213941943261,30.92662587012014,37.2474349562327,23.942434697920277,10.437357240041099,7.210585755071333,4.388157161281955,3.515559527410075,3.387169881789915,2.941244126478831,32.848406410371105,227.30585774962105,60.726570984009776,34.61235317722444,42.89390754731496,30.914878892590924,11.612112016677855,9.328170774521366,4.557831391980571,4.053192560296928,3.324071830011184,2.6647279861768083,33.96074849390215,229.69029909324644,44.80299712950183,33.72744089926443,45.122110884348544,37.9220406126207,14.301531902313233,9.274515577439336,5.550229711224955,5.278514985991229,4.796780438576976,3.411458357334137,31.11032215933646,242.5038789558411,58.734650282090705,36.58945878736434,52.368064690272014,34.9534284751646,14.57591744295756,11.545468991494948,6.167365797412011,7.052326341955532,5.2678779060609875,3.8653175052007036,38.90100464282498,231.02160871378584,53.00893661499024,32.11296371152324,48.81006650670369,37.92425838408931,16.877358399073284,13.415437028331144,6.674992364452732,5.606337121531294,5.662229804069765,5.545523692925771,46.87715189518467,226.2322587197622,48.72769140058949,33.633974231596916,40.62438519477844,37.82771078417378,16.656205099105836,12.077787135031915,7.42618305483172,5.6805574955728835,5.499402914354879,5.13494262266159,38.48204350533024,206.8333727019628,49.47355607186594,31.748879779077345,42.56946582031251,43.03693665658274,17.06201873970032,15.500332420410649,8.861410662128078,6.5142113691715196,7.027052934554315,5.69177832698822,54.73512036323548,209.25693965911864,48.302793576025195,34.62231193911644,44.194075891494755,41.084385033269086,20.89648339525859,16.770881803574103,11.086642348381782,7.573571949287,9.703878584830992,7.3765131978988645,56.35405456435295,195.52495603434244,43.05680952072144,36.39545147680467,53.34426500320434,47.71581034875685,21.95509194310506,16.885191256307788,10.105835220583023,7.562660567384635,11.484679522052888,9.507136957804361,70.32506802405081,185.19352273305256,48.14632153664866,36.46714976403022,53.72188907368977,51.20085603037187,26.10656132125855,19.715957821261497,14.396089923920169,12.910469993112121,12.679214516608946,12.466041267077127,58.36083732974144,191.49951668548584,51.092914023860814,30.605934993990008,44.45992726135255,41.39760398618636,23.06771646118164,21.54867883282323
50,257.7183142877394,143.23728337969095,220.94470967938824,1063.971141764323,529.7664903210056,495.9440653483072,191.9543482626638,166.69599136844758,177.00204661051436,176.32127321304813,166.99429428100584,198.6687489171182,183.42353486584076,108.50813628643019,237.08165763116648,585.7614653778077,578.7294505703834,583.5083875528971,215.51380151564075,179.25392164661037,181.18618763224285,188.0515772567257,190.83152560424804,226.5418534555743,178.98024842293032,116.29426468872671,223.58229938630137,753.8558555297852,556.7646289407054,539.1680843302408,204.78792720179405,166.00519651843655,170.1309410298665,182.81642486080048,196.45675267028807,221.71647186771514,168.90135503461283,131.443262433395,257.4843492864793,558.215616566976,607.1319571611957,532.6478139038086,207.01113613005606,176.02272138041835,179.42232771809896,198.65122562531502,186.6359604644775,196.89171612155053,203.6270780600271,123.90964173641109,282.26487431680005,751.2469911804199,627.8807636777817,446.97698397827145,186.3311173272902,158.3991651424285,163.5913167368571,185.28724637431483,185.78614743550617,224.06933688748268,236.88303426927138,136.89799894060405,403.66487550797,649.0609525146484,681.7031161203691,414.3791325887044,193.97281298237465,162.16785163141066,165.87768147786454,200.94672917519847,202.99261808268227,240.4250249161259,197.4341549288842,146.58007197807578,254.1255596480831,733.6874474436443,611.1595167000063,519.8833584899902,210.47989402524885,169.9315129335465,173.73063920084638,193.72455361643142,192.74626197306318,240.4494582440776,264.5636087134577,119.44907600891413,351.79745260177117,588.9167648010255,663.7483943127047,409.4870796101888,193.43438612414943,160.90241104618195,166.18020160929365,182.95054091422787,184.84780527242023,196.72894628709363,285.0538802411479,196.8285627117063,417.10160125732426,550.1447567647298,672.2290601176599,490.41683714803065,236.06448139805948,199.1620777154738,207.49824366251624,238.3368221553679,243.66576994832357,255.77725142940398,274.94924500003935,191.15012733929262,384.99269051828685,589.0954194437662,632.9742174997637,419.8249644165039,202.5431270673198,172.5941186818769,176.87768969726565,207.67278686523437,199.22319784545897,218.42058526808214,280.9280052529612,148.6912656635604,275.4156101005308,771.2764397379557,685.6741276993291,429.1623439737956,200.75302628055695,171.97327637703188,175.87759687296548,203.27045141404673,190.28361872355146,222.01911627000376,266.1829093736218,174.52799814177266,324.33941260060953,603.9564363505045,736.1442536384827,458.79910394287106,225.24014074510146,194.87504585512224,202.15174353027345,229.7706494731288,228.85844372558594,251.7893867443454,270.36909578384893,177.37292904294773,420.96472201439644,677.4649356079101,694.3908632930631,405.204329864502,216.56357772334928,189.7749228791268,200.08926665242515,225.40151334701045,243.3272902018229,230.77950182514806,278.02723694832093,227.0459327802987,392.8676681567777,654.6863641764323,623.606660077495,439.33844742838545,208.15037851641256,173.98613308814265,180.8215181681315,208.77899145310926,221.27849303181966,260.2822734857375,308.37620646322927,216.74229035870786,449.0858351873582,473.3037753397624,712.9125875952938,376.0820881347656,211.05419992754537,176.09504072620024,175.6717585245768,210.6676916110131,224.9753111673991,229.23125279580395,281.7129230720766,217.71598249538778,420.5880675285093,532.9212595926921,682.6758157545521,403.5831934611002,224.46609001897997,193.4986536825857,202.53276811726886,243.1757162081811,260.8424123840332,272.3170879044071,297.3945902769027,256.8462518727721,525.3558682152533,588.0775698547362,715.5492290669102,352.28160116577146,235.42580272059286,210.82150674143145,217.85990071614583,259.4733724384923,262.82350999959306,305.7078792744298,317.68978473294163,237.694956736823,502.7513348093341,621.0886944783529,664.9037533864667,329.94681469726567,212.4402844336725,184.894768086095,186.14364243570964,226.87622219947076,226.02188386027018,243.46183911723477
51,52.04462069849815,57.26602646963937,62.65906570188461,59.55294691721599,71.54410947984265,51.54953005472819,27.72928763358824,35.54225597996866,30.48096880912781,41.566100732741816,36.550774812698364,49.78514907283168,50.45024525796214,64.59511406968967,61.8281468988234,69.16056767018635,79.31430232386435,73.48213111368815,35.31882396451889,24.87984726936586,27.64252746073405,33.37542027873378,47.17618762588501,52.70723338957756,57.44625935462214,59.16839820791349,80.88321598422144,72.2802871500651,76.7182474173269,62.4239027226766,34.00503225634175,22.963341357323436,30.3829717909495,38.841177207577616,41.633521863301596,49.78539053024784,54.341530505764865,63.12497002813029,68.03393103076566,70.20396194966635,82.96563601586126,70.5144031117757,35.80257944783857,21.25355107584307,22.039611728668213,25.600140506990492,39.84644381332397,54.553905427994266,55.06713756930443,65.2948261239376,71.04760033269082,71.78870068359376,81.2142559912897,66.88827242151896,31.06267629069667,22.03209647209414,24.825059438069662,37.2952733390562,52.247501537323004,53.299631772195156,56.90363872897241,60.06010086759558,72.62865421910439,70.16058788045248,82.73825110650833,59.72497124989828,31.403375509938883,19.898441693705898,23.002696950276693,30.844491522389074,44.80294938278198,50.54099026218538,52.08636206903765,57.07951966450132,59.166362106569366,72.88387859090169,68.43312459391932,54.438920450846354,26.0946285992284,18.415505957449636,25.989866607030233,32.58473742638865,42.874587815602624,45.38745793127245,53.920512540263516,63.41756162944099,62.55408734229303,73.65214288584392,72.1554904543969,57.39915726470947,28.147173891990416,22.18246185733426,24.116695314407345,31.211825997137254,45.13934835561117,50.584173860242295,43.93679571828535,52.676481833387484,51.02935712752803,68.03624971771241,66.2354536727167,50.200273260752354,20.088303971444407,19.007250826128065,19.706100968678793,28.865995638447423,32.063808068593346,43.969225511243266,47.44020647848806,53.79772473659422,57.1720044191422,66.44964256540935,61.76413211207237,46.112437559127805,24.874856396336707,17.275756299418788,19.19971702257792,23.41551127895232,43.07534427960714,56.8433564426053,47.61754322175057,68.62450403330948,66.96280734154486,70.33843962860108,63.06630653627457,50.57191651916504,24.438988048799576,15.678043949373308,16.50909441248576,28.068448212531308,36.327078567504884,46.44361725837954,51.54600138756537,63.16625799437462,62.442682075500485,73.62341355005901,69.84035490220593,49.3928281733195,21.605587489220405,15.513770970990581,16.819159447987875,28.377583429275017,44.65809515889485,52.17851378040929,57.03144435267294,65.17914527592401,66.89845834301363,74.07224441528321,76.13164108768586,55.57619305547079,28.41167925434728,23.653140994656475,19.090916683197023,25.710481652290593,47.88335715866089,48.49348343018563,50.156214020021494,57.39323029367794,59.392179754934,72.41042888641357,70.53219859953849,47.15971662775676,23.30273375480406,16.146644167746267,17.42854727681478,26.061999229308093,39.95954395103455,45.70803960307951,49.678916654279156,56.42777059428211,60.27965595122306,76.74338181304933,70.33407432063933,48.65771733347575,24.473033373432777,15.564991370785624,16.64542319806417,23.439075009745938,37.77774813206991,58.19759637525004,58.819440343303064,53.5462075214668,65.74449658301569,77.5923089574178,66.85543449524911,37.51242876815796,21.571687401802315,15.497392151125016,17.006055037816367,22.48244439340407,42.76902326456705,57.25309631224602,55.392426071166994,57.724774004461736,60.60564448695029,73.74620781199137,58.3486869147516,37.35943977483114,22.619024576986988,13.240615810271231,17.938833811442056,31.85294785899501,36.105581036885575,42.63814863266483,47.323888784839255,53.318733281478515,62.908852259728214,65.8978873647054,55.14259817800214,40.216231423060094,18.986359404902306,14.46706832793451,16.40524821853638,23.330141890433527,38.05087270863851,50.1883590187565
52,30.365568499411307,23.182235533850537,42.8219702628351,55.30379326502482,52.708203321887595,31.25453642050425,25.209978538943876,24.9489249936996,34.86688613971074,39.4426256525901,31.29675151824951,35.78158437359717,28.543263282775875,29.24127244073182,41.16232484325286,62.48633741124472,55.87077097861997,51.540872288386026,23.35076747371304,21.769436184052495,25.783273950099943,36.21430903773154,39.9158852596283,33.109993917403685,28.672705778921802,30.863747826491664,44.03314387475291,61.93305932998658,53.58173279793033,35.7221766312917,22.08000393559856,11.940790107480941,24.717345652739205,35.30005048059648,33.307149092912674,27.230935208720545,30.825647805736914,34.40567314981827,45.20151376416606,67.506508740743,62.29870730000158,46.10301411565145,21.869665182175176,19.913958599644324,21.141946133295697,28.442357487986165,36.877492981910706,29.206463738718337,29.11613671333559,29.4597661270649,44.25860533437421,58.76928637186686,55.92066033209524,38.174388863563536,15.13030633388027,14.480120110665599,22.10088460334142,38.95254513582876,42.23144754298528,31.162598401961795,33.12128302727976,38.65823407152016,45.87698793472782,65.5046077156067,55.088624950531994,36.205099377950035,19.411606072764243,13.649838150393578,22.72148205979665,31.887322209419743,42.074938188711805,29.33500330063605,28.095593313401743,32.23003671671957,43.63592256484493,67.57883858108521,46.85641816569913,35.9054784193039,18.544064612157882,12.804520897634566,27.93384997655948,35.5004672291971,41.45465614597002,29.207701475697185,31.935237694401888,32.76069948687342,44.89226805040913,66.7123644803365,48.98487226240097,35.99694276173909,16.48066759294079,18.182040876650042,28.500446746349336,39.29303735525377,35.02810390726725,30.690608276859404,29.497005088560048,32.988190443832885,42.94236992128434,67.49834870147706,49.3604356273528,31.192676462491352,14.911269614927232,13.215457717218706,16.63267975910505,30.764428815764763,30.579111340602243,30.72158501517388,28.876802883763467,32.55498181700119,49.276790708726445,60.745016422271725,39.347880180728055,28.247925610542296,16.86171645541345,11.303433258341204,18.100595263957977,27.873337291671383,42.685041485309604,34.95894050967309,30.511540777144894,39.15712106472166,52.66032036196801,67.89425197347005,45.58216337942308,34.20191411272685,17.117994206490057,9.758113061074287,18.309042092561725,33.30190391655891,39.41270087242126,34.440423966069375,31.52714119203629,36.80087472210964,52.53080727977137,66.67657712554931,46.84285629826208,33.25203109407425,16.88888386957107,12.92553223640688,17.31504473853111,30.715697502474633,42.889785641829164,33.095188774524196,38.93076821234918,41.24795154075904,51.78284079274823,66.24185563659668,49.16813161911504,27.573958939552305,14.03953600483556,17.4409985322337,15.697582365592321,27.933487106600115,40.39524964984258,30.88886611323203,34.13324616462954,38.17875066550495,52.02781694719869,66.39155079142253,45.54719171585576,29.61528631242116,13.541194873625233,9.50074295966856,16.193772168477373,26.812424083217497,39.822193034331,32.130486555407124,29.67714359314211,34.31223960124801,51.27553237791985,71.15197923533121,45.93876823917512,30.809749896049503,17.452433158812987,9.699401382246325,13.092266019662222,26.958367058769348,37.30482112705708,36.470253379152666,36.60635193609423,38.79658022161775,50.52186932717601,67.61370082219442,40.40921615292949,21.751619941711425,13.920296191707735,9.178899930907836,12.635213764746984,25.295295716793305,45.24753099358082,40.53461682719569,34.51722899529242,38.63014299918865,51.977116974861396,62.50601237360636,34.909926603071156,25.504583311080932,14.606370000993053,8.145349931101645,18.779102969408036,33.83704006364268,38.55086063551902,28.212933401292368,35.57822918676561,37.965490143310845,59.096276525682015,61.138854679107666,39.17006300987735,25.885183536847432,12.288043699110707,10.304596807802877,16.7254449240764,30.962888050656165,37.69890351128578,36.96311528974964
53,0.0,0.0,0.0,0.0,0.0,0.0,0.0,0.0,0.0,0.0,0.0,0.0,0.0,0.0,0.0,0.0,0.0,0.0,0.0,0.0,0.0,0.0,0.0,0.0,0.0,0.0,0.0,0.0,0.0,0.0,0.0,0.0,0.0,0.0,0.0,0.0,0.0,0.0,0.0,0.0,0.0,0.0,0.0,0.0,0.0,0.0,0.0,0.0,0.0,0.0,0.0,0.0,0.0,0.0,0.0,0.0,0.0,0.0,0.0,0.0,0.0,0.0,0.0,0.0,0.0,0.0,0.0,0.0,0.0,0.0,0.0,0.0,0.0,0.0,0.0,0.0,0.0,0.0,0.0,0.0,0.0,0.0,0.0,0.0,0.0,0.0,0.0,0.0,0.0,0.0,0.0,0.0,0.0,0.0,0.0,0.0,0.0,0.0,0.0,0.0,0.0,0.0,0.0,0.0,0.0,0.0,0.0,0.0,0.0,0.0,0.0,0.0,0.0,0.0,0.0,0.0,0.0,0.0,0.0,0.0,0.0,0.0,0.0,0.0,0.0,0.0,0.0,0.0,0.0,0.0,0.0,0.0,0.0,0.0,0.0,0.0,0.0,0.0,0.0,0.0,0.0,0.0,0.0,0.0,0.0,0.0,0.0,0.0,0.0,0.0,0.0,0.0,0.0,0.0,0.0,0.0,0.0,0.0,0.0,0.0,0.0,0.0,0.0,0.0,0.0,0.0,0.0,0.0,0.0,0.0,0.0,0.0,0.0,0.0,0.0,0.0,0.0,0.0,0.0,0.0,0.0,0.0,0.0,0.0,0.0,0.0,0.0,0.0,0.0,0.0,0.0,0.0,0.0,0.0,0.0,0.0,0.0,0.0,0.0,0.0,0.0,0.0,0.0,0.0,0.0,0.0,0.0,0.0,0.0,0.0,0.0,0.0,0.0,0.0,0.0,0.0
54,19.45939553476149,33.688174816540304,100.7239416060909,121.01259320576985,101.97690162658691,53.967100321451824,23.615625855230515,17.23396150835099,22.835218963623046,22.564284624591952,24.957988818486534,16.108757954259072,16.712277196453464,32.77972583993902,85.43029704186225,114.51413773345946,98.61492714051276,82.79160202789305,34.371125703627065,24.79569071092913,25.688706390062965,37.647005506638564,32.00926312065125,19.18366755147134,18.457466113182807,32.948503256619276,94.90922188851141,111.47414817047118,88.25662084148776,66.81868785095216,25.917713803937353,17.8976904496839,23.093797855854035,32.328778956013345,25.959613634109495,17.695502807863296,16.15118643176171,39.3325367228973,87.8061693080779,121.78496094767252,105.7514507933586,72.62242009480795,30.795735757274013,19.925709166372975,23.27693079916636,26.944883748946655,24.6051444161733,17.934899797747214,16.35737995639924,38.00033153786448,94.6733657326237,116.84011131413779,97.36149216559626,79.45922703297933,31.46102411454724,15.865854662925965,21.005826708157862,28.060292222422937,29.306659992218016,18.157139715379284,18.558878249506797,35.16220941987531,96.38603787575997,114.40141106923423,102.12720655748922,66.78814386622112,28.90635654941682,14.818097837202009,23.211052052815756,30.189277370822047,33.68977836926778,19.228076179873558,20.776462964088687,35.491074618987845,83.25041621669646,130.59155323537192,87.03702035719348,59.88240352757772,22.837812780257195,13.37621950964774,26.893018445809684,31.43951788471592,34.993100573539735,18.80671521248356,17.14049930449455,37.23508391685674,88.5280487694279,129.71377668380734,94.79747546780493,62.937949499766034,23.820912333150062,17.625206006265454,23.502253973007203,33.44961310294367,30.197265577316283,20.592440487646286,18.254083756477602,38.06176183512646,75.34148325151014,114.78294489415487,96.61376012002268,64.76202968788148,21.06363514069588,13.101829243629208,14.981371098518371,25.15749872669097,26.464411166508995,18.337973719873737,17.058167993791642,35.532509733491345,86.05517895237091,98.82389429219563,72.51215211068431,46.7819813041687,20.319639015813028,10.336935912409135,15.121815769831338,31.389460352313137,30.008401382128405,18.84459431340618,20.349610364667832,48.76615341376788,111.27165364296206,114.26578790537516,86.72666633482902,62.14223463185628,21.71339879681987,16.23604213191617,22.644992766062423,30.97733182630231,31.59017574755351,23.94308995739106,21.70066038500878,50.282505248626464,87.78503042836344,123.74098023986816,89.93999993231989,59.59781017812092,22.75801272299982,17.587982434611167,17.465351573308308,20.568735213741178,37.088963892300924,22.53717773806664,21.69177767599782,43.79369592013617,99.90494098171112,114.94149535369873,87.7993202529415,48.576748936971036,21.627417186614004,15.981484071362402,13.932370703697206,23.59335661457431,31.63118104807536,18.237174896117182,22.40774046805597,46.97010582193366,80.45306408051522,113.03750325902304,81.33505241640152,45.61733497492472,19.521102654241748,12.182221918721353,16.28726168791453,25.466984387674636,29.679400455156962,21.119469618643485,24.267122020721438,40.11091163799681,94.07476219238774,119.4552182935079,88.89944546607232,57.36715068562826,22.115256866639662,13.151320981671734,11.819271255175272,33.6915623957111,36.79096196810404,29.331423235554848,26.82762207984924,48.32918861290504,96.88623919456236,123.70866723124186,79.42031201639483,45.05819441286723,16.57039074867002,9.907548857042867,14.486269036928814,35.51331815996478,36.31163101450603,25.68691883117922,20.09703486780966,42.03379502519598,86.99874541867163,95.55032365608216,63.11335299461118,37.98507947985331,16.94100665184759,8.498965807114878,15.222133344650269,25.02345254359707,33.864525764783224,16.721023058122206,25.852851307776668,42.408253872218395,93.37262706633537,103.69184019597371,76.9897998071486,50.6650010210673,19.035574771204303,13.028644288586031,18.94178189643224,33.58781034623423,36.366427386283874,22.639206602035035
55,8.577845188879198,20.20902680328914,12.75847685413976,9.96340785662333,8.362570421157345,11.401101007461548,9.911517952334496,11.430786557351388,8.411352853775025,9.117538258337206,8.660144402186075,9.232369555196453,10.756385809375391,12.687932140721477,14.047602059764248,12.629658232371012,10.46183758704893,10.700208213170372,9.80468635066863,9.897141891294911,8.649950583457947,8.805572611285793,9.003452319463092,9.926337773722988,11.47103333134805,13.551047442417424,15.472117379096247,11.541490371068317,10.451201565034927,9.788809392293293,9.425567223333545,10.147771159448931,9.05692762597402,8.284259975802515,8.488787356058756,9.67037916552636,9.534758880369125,13.250119301908708,13.590189228673134,11.400205572764078,9.176483386870354,11.256805981318156,9.866503778888335,7.908905706098002,8.302674343744915,7.883779182741719,8.219551721254984,9.680176459281677,10.569145541652556,13.939378685833782,16.61805882792319,12.417681899388631,9.791778015013664,10.391457209904988,11.141488118940785,9.614987557318901,8.770035261472065,7.678000309851862,7.820470715522765,8.907367771517846,11.468712962365919,12.743287436386634,16.718750371317707,12.030053299585978,9.867251472473146,11.125346802711487,10.01457351315406,9.047927699550504,8.314415246645611,9.259764478129725,8.609119970639545,9.539929965234572,10.041459495790543,13.27693122114454,15.276358566284179,11.516423215866089,10.04373427114179,11.189706791559857,10.252517305804835,9.732784647172497,8.312207763036092,7.731666244383781,8.079566371917725,9.959105623614402,10.463621413323187,12.167151097593635,15.452779750208702,12.098454411188762,10.021504440307618,9.775278193791706,10.494872997037827,9.299311906137774,8.160251774470012,8.055856840379777,8.616262695630391,10.27075492920414,10.129367647786292,11.291201983343791,11.181223375258908,9.058758730570476,8.003435593881914,8.099786137580871,7.798900394439697,6.067716453613772,6.492694900830587,6.567823208839663,6.661458866119385,8.437303922407088,9.167127000439551,12.93540282127305,12.282670940276114,11.448651229222616,9.33996915201987,10.161190558115642,10.086094835650536,8.271546509342809,8.256179353078206,7.058630890384796,7.8242562491099035,9.814698409726542,10.283586707576628,13.75328393735322,13.180292813701016,9.685469555854798,7.917136639625797,8.156469071706137,8.345290822675151,7.529912245350499,5.9777955830891925,6.730339271176246,6.978003296852111,7.658440697577691,8.563813932787989,11.712871742988455,12.63388321168961,11.05178047879537,9.092040824890136,8.346819807688394,8.611988151919457,7.188544301986694,6.58290681330363,6.417888634281773,7.547150606473286,8.862092955804641,13.2705667649546,13.788286499530813,14.021170982237786,11.025524841308593,9.815047684331095,11.39595894686381,10.736764619888799,9.360914589666551,7.992470412890116,8.320735110928936,8.649279633839924,10.129399308850688,9.794226835927656,13.678021043603641,11.32084806011569,10.004557627360025,8.268172073979532,9.360411642710368,7.305373888323385,7.027151757517169,6.46305836391449,6.872445730086295,7.815937514305115,8.862397792570054,10.261467370371665,11.907414561351533,11.755459523662443,9.272352986653647,8.89852685497653,8.700345950126648,7.312676486046084,6.740192876938852,6.034989991823833,7.112220034445487,7.0549020481109626,8.894981082793205,9.511112324191679,10.043294901319324,10.641396681877875,9.735882084528603,8.26285386608493,9.09162237930298,8.564380972462317,7.358221840397005,5.732779644330343,7.006477847868396,7.5673163646062225,8.077738093099287,8.928596100345734,13.622116203695686,12.150609177004906,9.53096134376526,8.73536856774361,8.614679134368895,6.903723250665974,6.411819041775118,6.400050930658976,6.043058559663834,6.326619561513264,8.191661207137567,9.484983252248457,10.891426392517655,12.09640046396563,9.505514458974202,8.365117899987004,7.779026894569398,8.456236517813899,6.1179236479728445,5.620582116127014,6.331523122787475,7.341227142651876,9.159067775664791
56,61.135490454396894,196.122889150892,281.10552814852804,50.455987764994305,45.26481942207583,48.66042013804118,45.71476490882135,46.268349530619965,34.32340562184652,31.723613886679367,36.160981839497886,43.90871462668142,96.2967797088623,158.45646699520165,199.73556933987527,101.34806211090088,67.25438433001118,63.4734127070109,62.38510385574832,55.034436721801754,51.475607793172195,47.70502383324407,50.93263902537028,68.26637013835293,144.35423585953248,166.98332527000915,226.52648082856211,110.99040518697102,68.78589520854335,65.82779794565838,65.08834085526004,59.27731583995204,53.33299278259276,57.3530351355768,54.30336536661785,63.57478090347782,109.76854441242833,156.89903677653797,233.74546630367155,83.87773774719237,62.50024498970278,63.96443249003092,61.5007427781628,48.96690606394121,51.0393015314738,49.12026423546576,47.93109204101562,75.2188583152525,99.0532237883537,155.7358543604583,229.2953153967088,102.06713721720378,69.34581011618337,66.47921587371825,64.06590157539614,51.31181773031911,46.447956095377606,47.356025370936244,44.04917338053385,57.2217621046497,119.84765261496268,126.61553852024925,235.30424086539975,95.42531243133543,67.4073898216986,66.18475377909343,63.87817301596365,53.81040018881522,51.047530408223466,48.19121130051151,48.8080615272522,56.065941418063254,89.32155259409258,132.132196586872,182.3961624908447,101.22745295715333,74.38306078018681,72.96832333628336,69.33604371101626,60.08314088144609,57.438087265014644,51.13534202329574,51.81264574686686,61.06332701406171,100.31333485264932,123.46112382005587,221.46153368549957,93.15310129038492,75.88434365549395,73.25515869903566,65.26319556697722,55.86923123267388,51.892520586649574,51.34854715654927,52.508068092346186,68.19742220724783,100.10626841883507,145.26475264459998,140.72929034817605,73.79881236521403,65.06785073803317,63.32903154246012,59.42104832064721,48.41372941294024,47.68528775787354,46.95381179194296,46.69708938598633,71.49733758003481,92.20945944755309,147.5783875031307,143.60105065622636,89.08570854949951,82.93022192432036,81.10077854410807,79.95049757926695,63.29773216001448,59.60488371022543,52.326304951329384,58.881754661560066,80.12706817257788,95.63892251660747,159.87768453184606,201.86868852922993,81.75939746602376,62.2428919023083,60.66493116760254,57.22936926810972,46.20389755249024,42.55477121098836,43.561273684347825,43.50276026407878,61.46891506933397,80.94812749062815,134.38793673632767,161.18795161585655,85.2719821879069,69.6941665698636,63.9613986155192,59.95236992866761,49.15130820735808,44.21176979573568,47.39916631883191,45.948543067932135,63.756200982370686,112.50779310657133,157.99902563574278,166.21515923776934,85.5538474222819,78.72877342470231,81.99350476582845,73.49471264254665,61.026148199266004,52.480740702311195,52.12573014536211,54.91110558573406,57.05956310395271,83.31701356949344,155.303720250623,129.85863313244235,78.19922872924805,71.02129832606163,66.8110795694987,61.460526809692375,50.4449611368487,48.25579540761312,44.201818891955966,45.836612505594886,56.03517418399933,90.16246731911936,117.78283235747237,121.01980974012807,74.2542052637736,70.48562804191343,71.68864368184407,62.605368300407164,50.461578140258794,48.083678403218585,46.61130057181081,49.90364133707683,58.90287417504095,118.14528854124008,104.32093370973182,123.88903127608762,83.2810119527181,75.54777685842205,76.1777968673706,69.24741617018176,57.8129677114179,52.49804403686524,52.420251368861045,52.38758605702718,71.84604489972514,91.15007425861975,115.20041107619336,146.77464203865298,86.34467671457926,78.00477977875741,76.96524806467693,66.80098874245923,55.28634231321273,50.3608691813151,45.06549672034479,48.72732076899211,61.787289672359336,99.94865077603248,123.39880296876277,116.80116005682176,85.25631853993734,78.41273002624511,76.50853909301756,68.28546116244408,56.75968215204055,52.28131683349609,53.633551315799835,53.79909003194173,67.82897062486218
57,12.868690773748583,85.6694920199258,31.884534318985477,14.858927084604897,14.795986852338237,23.314517192840576,18.048830782982613,18.722832126002157,13.889438012441,14.877580553485501,14.160477803548176,13.642820447491061,21.80229598875969,33.52045703575529,34.754065554834185,24.901095597585044,21.318259464386973,23.05103436787923,21.46537724033479,20.347823032256095,20.18395469601949,16.628365581266344,17.620525621414185,19.60292091738793,34.237172227059645,36.77273681438615,45.624558196529264,24.06973700841268,23.67360056600263,22.87497789891561,23.530145840798657,22.6952543234056,21.64240346844991,18.706424335971953,18.265476976394652,20.44521566206409,22.166897598389657,36.15454105428874,43.54749471972066,22.554866540273032,20.712100686104066,25.509354766845703,23.224199756499257,17.4906911653088,19.99265277926127,17.026639040670087,16.140072839101155,18.596642708316928,26.226002758395282,42.469589160040684,46.83236416355256,29.284182685852052,22.694260808883175,23.667994106292724,26.439606392152847,19.40889043254237,19.73289771525065,16.102761376903903,15.141531535466513,18.980511717642507,24.17845698633502,33.96564766475133,52.08351549640778,23.90337640825907,20.991876666161325,23.218724988301595,22.238920903359695,19.013762189188313,18.782583400090537,16.542223985118248,16.769840248743698,17.860884409873712,22.402335836348996,33.830651624190985,42.03986075493598,24.94129970932007,23.830531058772916,26.133699970245363,23.04732679797757,21.134141461157032,20.116324108759564,16.32818138368668,16.16317004776001,19.61761654146256,20.78360488091746,30.784215581405345,48.78549080387238,24.09588452784221,21.8120518665929,22.23472769419352,22.614886564439345,18.439574495130973,17.297296390533447,14.941681916021532,16.725461736043293,19.64925801861671,22.493541276378018,34.723599434627104,23.96271084016369,17.716726973215735,17.099005825288835,18.051481931050617,17.477392819927587,13.10072617623114,13.508197184880576,12.595963676821802,13.21298478825887,18.5720868162955,18.757788063787647,35.37447868859239,27.46920905820785,23.767144062042235,22.122167352245704,26.005876786549884,24.869187748816707,17.823598178740472,20.862097973505655,15.491474701666064,16.584148967107136,19.67287038556991,27.001362059808542,44.620314009083906,27.86862868032148,20.35230290476481,17.76227605019846,18.827177766799927,18.20558803927514,15.251149725760182,14.332304133733112,13.943648946208341,13.95889919789632,15.599482857488818,17.672676299310503,30.711739636595023,32.521319887715,21.621215891520183,20.13208515290291,19.504754608154293,18.62228748567643,14.456186006607549,14.379041996002197,14.423475440240676,13.774311978658039,16.26055283700266,32.69226316636608,35.03390527199055,33.41279833024548,25.455341649373374,23.962204952855263,27.58951419194539,27.51878248768468,21.514063805610903,18.26682649358114,16.95241005989813,18.024664591471353,21.312128422644825,19.073664563702,30.27121049244416,22.95229509046001,19.43040191268921,17.96034463513282,21.313414010365808,17.190466016338718,14.85705139590848,13.209289518356323,13.20148303062685,14.138474803288776,14.24581567887337,22.893684944645052,32.49165105944196,21.770220835901075,18.130308095296222,18.456232997525124,20.07902639579773,15.63918457954161,13.372577346678701,13.62937972831726,12.876609626893075,13.569892126083374,17.235646742543867,21.750242918691328,19.78041897658644,22.57303296427573,19.695083449045818,18.77337478145476,19.95400779851278,18.606838135873115,15.745682894799018,13.435211654027304,13.021526248685774,15.486816694259641,16.29855314131706,18.62251046980581,30.58794850884987,30.538159402416603,19.30963188934326,19.23442763236261,19.675300204594926,15.522874373159102,13.4020900406376,13.358863412221273,11.689759103713497,12.11065983645121,16.088209268508418,19.540687946196524,26.13610901752716,23.6721058470203,19.751448959350586,19.93175314134167,18.85799635696411,19.30223380427207,13.218377259162162,12.965977949778239,11.953999981418734,13.689756713867189,17.15456383059102
58,81.1680933306294,74.62511277879987,308.676224031756,162.4227152379354,36.04653690092025,32.12128531773885,30.006362465889225,32.225851704997396,24.957619406382243,28.049714722171906,30.564839045206703,72.14192872816515,99.23904099002962,115.33226017214392,234.00284009871945,143.19429927825928,54.74783021496188,50.75600010426839,44.30933226062405,40.17529422144736,40.66934653218588,39.469439505300215,43.908790823618574,74.59174427893853,110.67886109875094,108.07844479847424,285.6930676195699,159.63445754750572,51.32342866713001,45.03948936335246,41.60922973140594,38.749977533894196,44.20821388753255,46.51036305212206,45.03652985509236,63.2060725144417,79.53965982252552,108.87819437111541,280.77805953241165,142.37077440388998,50.52558139185752,48.965648696899414,44.00794453282511,34.95766874620991,39.98200802739462,36.95373384045016,45.26468953069051,77.23134912921537,90.18635132820376,131.8730070378158,238.9600514836465,140.84370318603516,55.522197093348346,52.28128303019206,46.7291851892779,39.03212734591576,36.545957781473795,40.614870406120055,44.93009034983317,65.04162570338096,117.56134783344882,94.04063750384476,274.6160998461324,115.08586995951335,53.94024802177182,48.92175841267904,45.8153476641255,36.92410461918,34.613608544667564,35.9904834218179,40.84522430674234,54.54790172946068,89.20470818550355,112.53708772161322,215.42691973532402,125.52402985382079,52.68501840899067,51.76305200195312,46.074045828542395,37.557608805010396,38.7932759882609,41.01838772681451,44.964659680684406,62.716734897244365,98.09069713715584,118.4732573133384,237.24100539176692,121.34149233245849,59.449793332007616,58.87914928690592,48.704999753890505,45.406519909520306,41.90669114939372,46.51745893662976,48.010738524119056,69.63041861995575,100.21539569239464,120.54471432521427,190.92406163369455,96.39432971700032,54.59771492619668,53.440733163197834,50.2042673344766,39.837661988043024,43.86666714604695,42.026335422146715,41.19862025197347,64.41643318545434,112.7734282339773,118.59172084935194,214.7391817425143,78.88397294362386,55.693762944129205,51.0236983718872,48.488424089493286,41.46711945687571,37.82427390162151,34.146334514002646,46.90093346786499,69.70848178125196,89.73612114321801,134.8134191140048,267.68272242146156,104.26398468780516,47.00576392635223,43.145317391713455,38.80437486710087,31.244073016258977,29.17696531041463,32.82384753319525,36.63670937856038,74.5210094624181,80.02584738823676,151.72508525279943,213.60333264627766,79.59684724299113,54.770381869654514,51.869118858337416,45.11827300287062,36.05704271501111,32.768448666890464,40.840154876708986,44.9476906674703,64.98147256420505,110.53103935487809,126.21254720471764,217.31688276967697,86.41517595418296,61.77488866498394,56.34496652475993,49.998255494640716,44.551644444619455,41.46547057342529,41.09824686111942,49.9954536819458,58.91325930933798,100.83716132871567,183.5339287235467,146.0579278146067,86.96678990427654,52.76622627996629,48.611019813537595,48.01988007330126,38.365964195497575,39.04217266464233,39.14377719263877,45.57171665573121,61.569459324498325,99.58225258119644,98.37135590999586,191.5945386898902,78.15098522567749,60.68707498981107,61.52286233393352,50.369758290936865,42.06100057171237,39.82904129664104,41.121835467430856,49.519070744832355,73.27810546875,122.13188322374899,127.69746420451573,172.01493888362762,98.80645334116618,64.73695012738628,61.87426723480225,56.21127213139688,42.14011976672757,42.138817232767735,42.475634896063035,48.909252784729006,70.91291922907673,105.34035118103029,119.85223462288016,190.59774193794496,92.96338591766359,66.30833672308152,60.954479309082025,59.39606007729808,44.20264903406943,43.69705044174194,44.19521080755418,50.21327646891276,66.0982249512211,109.46797948775752,122.67271596373007,189.94582284496676,83.27908660125732,63.951735544512346,58.137401387532556,50.91979865289504,44.01843842537172,41.44784317016602,41.55165680300804,50.104719582875575,69.63716214579922
59,0.0,0.0,0.0,0.0,0.0,0.0,0.0,0.0,0.0,0.0,0.0,0.0,0.0,0.0,0.0,0.0,0.0,0.0,0.0,0.0,0.0,0.0,0.0,0.0,0.0,0.0,0.0,0.0,0.0,0.0,0.0,0.0,0.0,0.0,0.0,0.0,0.0,0.0,0.0,0.0,0.0,0.0,0.0,0.0,0.0,0.0,0.0,0.0,0.0,0.0,0.0,0.0,0.0,0.0,0.0,0.0,0.0,0.0,0.0,0.0,0.0,0.0,0.0,0.0,0.0,0.0,0.0,0.0,0.0,0.0,0.0,0.0,0.0,0.0,0.0,0.0,0.0,0.0,0.0,0.0,0.0,0.0,0.0,0.0,0.0,0.0,0.0,0.0,0.0,0.0,0.0,0.0,0.0,0.0,0.0,0.0,0.0,0.0,0.0,0.0,0.0,0.0,0.0,0.0,0.0,0.0,0.0,0.0,0.0,0.0,0.0,0.0,0.0,0.0,0.0,0.0,0.0,0.0,0.0,0.0,0.0,0.0,0.0,0.0,0.0,0.0,0.0,0.0,0.0,0.0,0.0,0.0,0.0,0.0,0.0,0.0,0.0,0.0,0.0,0.0,0.0,0.0,0.0,0.0,0.0,0.0,0.0,0.0,0.0,0.0,0.0,0.0,0.0,0.0,0.0,0.0,0.0,0.0,0.0,0.0,0.0,0.0,0.0,0.0,0.0,0.0,0.0,0.0,0.0,0.0,0.0,0.0,0.0,0.0,0.0,0.0,0.0,0.0,0.0,0.0,0.0,0.0,0.0,0.0,0.0,0.0,0.0,0.0,0.0,0.0,0.0,0.0,0.0,0.0,0.0,0.0,0.0,0.0,0.0,0.0,0.0,0.0,0.0,0.0,0.0,0.0,0.0,0.0,0.0,0.0,0.0,0.0,0.0,0.0,0.0,0.0
60,0.01849672376749011,0.016818340548447153,1.1474807193502783,8.68525559692333,3.041970894858241,0.20045345611870286,0.14557266493718465,0.18836235997056766,0.09959084034586943,0.0640589412421949,0.03310327921062703,0.013666189131477135,0.02123781369217937,0.01932372165164846,1.07519040799189,11.399402075503023,2.531877593258696,0.1840984579051534,0.38608130841726257,0.6199018914480844,0.36261691001554325,0.07883965619749596,0.06245273943742111,0.024789032844766447,0.019556236887771222,0.0179003514324686,1.013128446738326,12.055501554105431,2.0732630335707816,0.23954284742102025,0.24871513548277074,0.4179561861400162,0.340418743951867,0.0894691031990993,0.05506298046993709,0.02235746012940517,0.020592095606449583,0.01860548878017478,0.7868129080236558,11.1861841848623,1.5825367575475284,0.14937974899013834,0.6095887690590274,0.34111151170886805,0.21164371200278395,0.08676512476837919,0.1026440450046211,0.02282638239524052,0.02478974577640329,0.02269067584147002,0.8411054436375778,11.920173225087424,1.479679090721953,0.217599705401808,0.5468506551750245,0.5615633024701909,0.24038899277833597,0.10987625281626894,0.05241118490354464,0.026318573791593747,0.024024041556723125,0.02207735330591276,0.772344164310564,13.083236161979537,2.5107326555612586,0.14550802058602372,0.4869079252338457,0.5346326347710865,0.2668498837432513,0.12779877877223392,0.05120366102022424,0.026502420780278934,0.016881195945484935,0.015608982432110582,1.3250153320859517,11.468521924344198,1.3579200919453176,0.14266715789089596,0.193374014780406,0.3188700926796563,0.1713260976610084,0.07091989371204563,0.11635716769658025,0.01650080464660155,0.013157141898728622,0.012138010490148881,1.2698315823895314,12.261048508414065,1.4516425412316476,0.1477167529389262,0.2754542482512131,0.29548815037694665,0.15652380269455407,0.0726145319923037,0.046787494553253005,0.014570548684306156,0.016792668972404688,0.015315049414045767,1.8029291613339897,12.451772458660727,1.4375440175975522,0.19045579166462018,0.34958105028697084,0.27079291011056583,0.2751292669642716,0.10140671296766204,0.059981966867422035,0.01876100825205921,0.01796018307968488,0.016365158339615937,1.206145195397398,14.45591158436984,2.1239326101445384,0.18431227470375594,0.6894998651325341,0.2841784969296667,0.299050188078545,0.1563568439115319,0.0729415582576766,0.02195686289019157,0.01999427567206078,0.018159430634615698,1.8992508702238482,13.666244526264569,1.4969171309687437,0.24953351036210852,0.29995575674659297,0.49636432850553136,0.21631785659554098,0.12503610178047125,0.06648772305808957,0.022834326198264428,0.021237350915588628,0.01939513965165742,2.1999355218685683,14.623261155416568,1.041521107422248,0.18626015980541705,0.3966042005318787,0.343813687704143,0.1720780414945135,0.12051106227682,0.10721434327463304,0.023220121799817924,0.019634120826038576,0.017675807465399967,1.792996530970258,16.048100025232877,0.828117390871048,0.13287522211174166,0.5525721097016526,0.4816231421062783,0.22051722311104335,0.133906306167764,0.1437339898043622,0.02319723508771384,0.02547489647603319,0.023440368822890432,1.4216023580255288,15.408611404935519,1.2215769865652244,0.19370527511710917,0.7555433600035405,0.5015949125371633,0.2163122466721882,0.10265593816015506,0.11481348225660619,0.02865569798335909,0.018138452859054598,0.016678020062470954,2.762489353685129,13.527545074757189,1.160516878998568,0.1464097094920774,0.2928123485801681,0.4039640391251492,0.15481932749133553,0.11989316133361667,0.07117393417252844,0.020700219782189447,0.015003091663783066,0.013690530899327124,2.315447935229768,13.816695691256783,1.052796474377955,0.10877400212610758,0.39470683954175434,0.27948105747841534,0.16644962281920012,0.10863666631852183,0.0626831657318398,0.014883652287084681,0.016491976461763775,0.015122448465181237,2.341838049255311,16.08785602204688,0.43125064843123956,0.12670037713646884,0.528243546043072,0.3946083679912432,0.22596444774915767,0.11017662436731397,0.10674481417704369,0.019330477496729215,0.01943019449831012,0.017932424959657765,2.96599330720702,16.44194169720759,0.783356346250061,0.16032986621807016,0.34898150632338176,0.3187559150051205,0.1602066126428544,0.1346910872550741,0.12342256109664833,0.021168087237784888
61,2.0420074266772117,0.8421229690313339,1.14725148177916,9.959362571636834,17.923848527477634,8.746486780643464,3.832896517169091,3.6498041129881336,5.183957749505837,5.257974921503375,9.76015251636505,7.35718103839505,2.420385760722622,1.1001082454812643,1.695814783342423,9.543290633638701,15.124450376264514,5.746467878421147,2.4646932326882114,3.518489264011864,5.454503839420775,6.6938990106698,7.872129676977794,6.097869018277814,2.429002828213476,0.8865805308337282,1.5698579603625882,8.262971675833068,16.058492973081524,8.85343200214704,3.2673368417639885,3.1989849713444714,4.57935244923085,6.171823293388852,8.542693243940672,5.676144224136106,2.9692655861377717,1.382494701527316,2.522213849309952,9.235005959471067,14.643645913831648,5.472731818715732,3.667293277594351,4.165843800239024,4.991158918437859,4.910842450261116,7.979852229237556,6.101840879686417,2.286408006683472,1.116844035356209,2.4767945998714813,9.55360973707835,14.746941241295108,5.526542989929517,2.455278845439034,3.767516339983671,5.782692614222567,5.025754845373092,8.884372995138168,5.814452866277388,2.8878316599322904,1.500123830901578,2.410108900108645,11.797864960312845,12.966572064276665,4.6406239947080605,3.3568127974194866,4.027313494989948,7.09918363371988,6.601581610671936,9.202836490313214,5.891174526368418,2.7805409454145735,1.4719352947740718,2.6695409106823704,11.193683698018393,11.873582580243388,3.9677606045802443,3.0510446217175455,3.4946745191226087,4.2505548603348435,5.7135248558391485,8.313646153648694,5.891180116899551,3.3341107386158355,1.7289489299279128,3.019109185549521,9.047059240818026,11.47896911882585,4.701575625797114,1.8680830620806064,2.5262021718078076,4.816067769673963,4.652591680266683,8.725240876038871,6.668593730772696,3.419402414829501,2.027590664722062,4.397678876499976,12.24921624024709,11.534344457195651,3.2816166988909243,1.344248853157605,2.240433727541878,4.136789739045004,5.854252490670451,9.01819456466039,7.356133513604439,4.01061319481942,2.5551243359540488,3.955904272948542,11.690801891207695,12.394391262762008,3.830508899927139,1.9608178432333851,3.066351069159085,4.587852377540122,6.702248659590561,9.349730460921922,7.589519196325734,4.432268914099663,2.4325906165949815,4.526772215904728,11.854407644867896,11.63815834076174,4.890763159652551,2.272280123613535,2.728064541137747,5.029414047819873,4.946911861459695,8.798227170785268,7.019251114014656,4.280315481616604,2.3135070583723447,4.7057565523732094,11.676716179450352,11.042359780496167,3.3884369835754233,2.1277513614609354,3.147474074173839,4.5611394193395975,5.7820195903689156,10.037012949148814,7.334238731938024,4.797299578420578,2.5806474373728183,4.3490434530473525,12.99517328643799,9.881838353372387,2.8579814803997676,1.9715637239813801,4.1707237912005475,6.687403240864475,6.331889799333387,9.607960517009099,7.926105680158061,4.538806740545458,2.379385226489288,4.648736652943396,12.573846300760906,11.129953921533401,3.5902451970179876,2.258620073595835,3.2721303382539944,5.5393322825357325,6.6535539694226555,8.647645787874858,7.47875635423968,5.031000260999126,3.2748553156999534,5.448875520998432,11.58051092370351,8.604213542938231,2.3634111081759133,2.1393493103788748,2.947060512585505,6.8499634810021774,5.985635256517318,9.764069301605224,7.670489415968619,4.680565578860621,3.823303629995273,5.504352101587481,11.797468720912935,8.812067499929858,2.2800767201979957,1.8496198999689473,2.6567336016977503,6.548340172400077,5.397956098351747,8.283533775289854,7.874933164350447,5.764485172610129,3.7511613127677315,6.280882935100985,11.817752815882367,7.151527279807675,2.2546187559167543,2.1191879165797465,3.1912113288189135,6.2439843883352975,5.936545992450368,8.47011808272203,8.773305323662296,6.173630757793303,4.512457621855101,6.47976753157954,11.20453936735789,8.074901923518027,2.7953107414146268,2.7994249863381824,3.6442811114893807,3.9438540911053623,4.868611125869135,8.93585308043907,8.823585444573434
62,65.80297219061083,59.03930334363664,52.75186429177561,281.0053685633341,633.4777303388041,1012.7161336263019,223.38035071588328,140.6706401455787,148.53438888549803,187.69897608603202,198.98034868876138,102.09625696982107,79.21835676870039,62.45630229921765,63.86262082253734,137.26308224487303,561.160055273733,1133.2424384053547,248.12509452573718,197.99701436196602,200.34690492248532,222.28033494518644,184.899103612264,132.73550055719193,85.52427264305854,63.56387243937976,63.34567157376197,156.49292075856525,548.7801649918096,1157.9514512736005,257.32051138600997,182.02472061649445,190.1728977762858,225.86076666062877,191.91196975708007,167.84687714115267,85.55312186948713,65.56674390896201,63.89526197371945,227.82907087453205,531.6226388845137,1105.6714772135415,248.81559704688289,183.2809145625945,190.8141486155192,214.71956677836755,190.99909639994303,157.5988818851594,93.59457469324911,68.68360107008459,65.30035937893776,239.73621210479732,591.4140030620945,1106.0034983418782,224.07505180112776,161.3780279294906,184.17841676330565,228.36271154588266,220.021950571696,166.27073513400168,107.26943598593434,75.31288766269026,80.21611555037961,210.6758409932454,775.6966256123203,1017.7602707722981,225.82359698880106,168.01343263687625,197.55811809285484,268.5284419595042,260.5442162679036,178.7314570519232,100.43987116659841,77.90585166498946,74.50579311986124,230.97609983062748,594.7624972238849,1127.8046723225912,233.4526355866463,190.7670271744267,205.4452495829264,253.9749884426978,224.72331075032554,164.58335044122512,102.64575864238122,70.62461651534281,88.6551658654982,255.87927985890707,782.3818844949045,972.2805431315104,212.35970627323272,167.69734652611515,198.52284897359212,252.8780839292465,238.59348255920412,164.7866467925041,109.89179501933435,83.59935490988747,114.56634063720703,219.792750676473,653.9589896343603,1085.4288445739744,234.91384936917217,186.21422650737148,222.55571407572424,285.2925502457157,275.1742609761556,200.62521032517958,103.83734213059947,78.69238045772309,74.16531149095104,240.32941250864664,717.263285084386,977.2897891743978,209.11864169213078,169.708737566548,189.87601815287272,261.9921109993227,244.1561512451172,167.6065980086788,108.32133544921876,74.92943901794885,72.86843779287031,194.99454799143473,838.2458156118086,919.4545783487956,211.30595366447204,181.42280332996,193.0625090077718,275.95229143696446,229.38934298706053,183.30938433739442,126.02826070477886,99.28277516050291,100.65870182160407,232.21879356892904,934.4792165694698,931.4714494222005,227.58087411203692,198.11439214891,215.27445763142904,283.66919012746496,266.13742823282877,249.28746209421465,119.52821280694778,83.07514331178712,101.54702391347578,354.3751442871094,930.7505387632309,809.790315307617,204.087823742282,169.61876043012066,194.32546852620445,268.16241549584174,261.67960375976566,225.7465457350208,155.6064814266082,88.17288301552458,101.08515406946982,233.23802904764813,821.8618023287867,848.3365955607096,215.1143696840348,169.0527462030226,206.04970768737795,274.7055921886813,253.13004653930665,262.3736348453645,154.5757615661621,95.62493253792447,138.18399572803128,233.52320958709714,989.3568615993378,840.8970940144857,225.3323276347499,182.8940325632403,194.9753755391439,265.48426960606724,298.7890077412923,237.96558390463548,193.35415279265376,115.43522774973526,138.73184455871584,279.5405354817708,999.8562119711598,710.6215775756837,215.90343702746978,184.3252961386404,212.02682899983725,298.721803608556,352.82018367513024,282.48438272783835,196.8752081397272,132.86348960275137,186.1491442280431,362.85151132710774,950.787245320966,735.101163269043,229.53918036676222,188.93212064189296,236.18801611328126,341.8410508481918,352.38991836547854,343.42899436704573,225.9753689772083,136.63489484392363,214.8133152401832,384.1883765309652,974.1728297719649,595.6897985738118,200.8825467509608,172.70271640900643,199.4074622599284,306.48448043331024,320.6853063863118,304.98850726219916
63,13.860464547526451,14.727396475843019,238.9319633114723,149.56349184513093,28.636783052259876,10.87127869685491,8.879273821461586,8.759252921612031,6.640551804304122,6.723423007995852,9.878933093150456,12.494369867540176,17.953000425369506,26.141338086727217,191.93156958580016,141.84363513469697,38.545680163598824,22.45149373579025,11.824954694778688,6.335724564060088,5.53667612584432,14.337428966491453,18.442151454289757,11.349972578017944,18.245401119109125,27.26800361497062,183.45112591143578,139.06406229718525,31.328634527883224,18.42668505382538,12.333634608407174,5.5759482060709304,4.8271938340663905,11.487089548880055,13.275691248257953,18.203823057451554,17.579768884489617,28.32863183743848,168.41686275374502,147.82229568799335,30.004742294588397,16.39929938920339,8.730355615462026,4.659401239733542,4.80117835744222,7.254911103325506,11.834473366498944,11.988561342147088,11.685093197361116,31.40857292882915,187.92372371165982,146.99956705284117,29.089981155703146,17.77961576604843,11.470002891863547,5.014813357476266,5.188496766408285,10.110149186195864,12.275610144138335,14.82828207915829,18.459951751616693,35.29093612272751,200.02844991360945,111.2191785812378,39.36482323246618,21.11041934696833,14.03658014851232,6.801775320883721,6.8734062786897026,10.473171351032875,16.414374172846475,11.585116278279212,19.64435581453385,35.957435424433555,171.92673634144566,158.9757697505951,28.475917459303332,14.031182564735413,8.98538922571367,4.947313192275263,3.9900646062692005,9.791620096852702,12.991163954575857,14.58945499589366,17.886051231968786,39.69916767236634,189.7386245852132,124.13197883605956,35.69790901630156,18.897204349040983,15.66520125604445,6.8094002794450335,4.619774808804193,15.523904732504198,16.247889390309652,12.925386809995098,21.42262854283856,49.09213755985786,202.3834277011502,116.70479698689778,32.563941939876926,18.232253108501435,10.498026228412504,5.815540932532279,4.6128213466008505,8.14446960726092,15.127407765547435,18.72038126714768,23.49861086137833,31.348281324297336,200.9675129233637,107.53928622023265,34.380547087884715,16.024587581475576,9.132873773574829,6.35663780935349,5.797447696526845,17.55673459814441,15.79286218214035,19.19364051018992,22.928225245475765,43.02736126657777,241.55110853656646,117.85662173716227,36.50503907019092,19.925837781270346,12.323905862377535,7.075851174631427,8.004890536149343,13.160318972064605,19.241991007486977,22.88483122610277,20.116548898296976,52.93275943449565,189.72713031953384,120.20920150566103,35.34518092555384,18.884567550659177,13.020182478350979,5.7136330013890415,5.36008030017217,10.983043408547678,21.943973119099933,18.88899389113149,28.341316456025652,45.7469003796225,217.7295961549205,84.77842715771993,33.143132256231,16.268978446324667,14.695352138088598,7.890945124318522,6.558622715950011,12.757043910180368,22.452633609930675,23.92347881378666,28.928242121050438,57.53181240121719,214.00680415368848,107.94797370529174,31.82857016717234,12.431519329706829,12.965052702196184,9.270239181364735,4.507431939442952,10.572927548039345,19.72640713151296,22.818141557631954,19.20319662047971,55.139898816717086,204.86869184955472,85.30177001921336,30.61232326061495,18.964468307018283,13.01208943797696,6.743620540865005,5.572725761890412,11.241753378683521,24.278436649799346,23.097719581511715,21.05339515501453,56.042487199423945,180.1521978778224,95.73383510589599,34.678990516354965,15.912122588793437,9.694288622794613,5.0944157326606,6.081152865409851,11.43561592086669,19.81766258215904,26.51301649601229,26.579874277653232,49.125829307231406,177.8186325808494,68.91760685984293,30.125620828751597,14.228044104496638,9.857841418481641,6.868718562587614,4.988762882471084,11.203367244505113,15.669445521593094,20.00983309822698,35.56302442119968,63.59623892405938,197.75257937369807,87.00979359022776,36.19824923299974,17.244092312971752,10.957202047686422,7.027413163031302,7.470183081626892,15.379357722805391,21.271283530076346,36.74307595068409
64,12.903421531185026,10.465386574608939,45.940264843356225,764.5900659497579,2584.3159551805065,499.9356926727295,214.1451275979319,212.44384898524132,476.2731807963053,182.71158149473126,35.19571591059367,17.28136205365581,13.71482975252213,10.532314022233333,20.967838539615755,614.8287933896382,3040.9495722912206,693.6906963958739,161.71306968935073,197.98302363241874,360.9395913441976,195.95514103304956,50.09999857076009,18.753242358546103,13.11745740582866,10.6775598456472,27.353706270033314,788.256265463511,2948.810383271248,628.2562831370035,185.33950278497508,244.97527661354314,334.8787970275879,223.32886754681985,44.88172600428263,22.972571790141444,14.229531354596537,11.563543939731392,16.28596566415602,1086.2040632572175,2680.253254670174,717.0130904490154,170.12570053100586,203.3605029715261,344.5264520975749,213.58847904820595,60.45499722162883,20.795560785108997,15.089628900097262,12.167127020206358,17.648947533638243,971.3109764550525,2780.0594157163564,647.8898818155924,185.66010894037063,244.18677509430913,368.58526188151035,239.80584870369202,80.64128356170653,22.574452508495703,15.591974632509295,12.475730740612951,21.854765018340082,1039.1318492298128,2874.704975172474,570.316817698161,164.18036734796343,227.76739068308189,454.21322538248705,330.33277249243946,76.25524391937256,24.81262040784282,16.10238620511947,12.904637085768979,35.63137249423612,956.5647285493214,2936.2480957228136,555.6332890014648,171.08235248934838,220.49237426265591,447.92107835896803,278.5671609004852,88.51446066538492,21.94703596668858,16.03144887370448,13.006539409007933,39.623965925401265,1227.1873220450084,2772.2694496597783,604.713268234253,194.76511350816295,242.66287040956558,405.1271479085286,303.0686601995652,76.94930486806234,22.69555262657904,16.74623847346152,13.468240485825564,39.88015767497401,1234.6473891309101,2797.2048439075093,566.7185434824626,174.83319051434916,238.75639938354487,407.1649712778727,302.1857748905305,96.84809454854329,26.093458391004994,18.008245412765014,14.539585882572117,27.78274352596652,1004.5818787492117,3090.4512318075854,454.16088171895353,167.68610539836268,233.99550757869602,437.06805116780595,331.1889376954109,97.33526183319091,27.062976949138026,18.1197100153277,14.30265487591034,31.94624008301766,1170.5303245887756,2916.6534776650706,497.06549877929695,191.79581650272493,228.93907071513513,446.0518721618652,348.5863906712686,113.99382662709554,27.09361064295615,19.569006058477587,15.581381073467838,42.11684399635561,1253.7020858065284,2952.1036573840724,522.2523753204346,165.94399581416963,258.21462826882635,485.81177673339846,389.9141112444478,102.46302420806884,28.17398408336024,20.748539349955895,16.0189854989733,40.10400203458725,1351.7482724202475,3084.185819564327,524.4283407948811,250.30405943839787,333.6111224463678,558.7477504475912,419.1119673501292,122.49862794240316,32.5315435360324,22.427729598014587,16.78437172621929,48.07760626762145,1349.762242682139,2923.8548442815963,365.76790136210127,191.67109723983276,278.7063264268444,469.0073021291097,421.9487248919087,165.36197082773845,41.46135751416606,21.737603300771404,16.989852948963936,74.56384267499371,1575.1449153022763,3020.5996700163805,496.0506560058593,173.2550478239982,237.2630298491447,483.1162423197428,409.1378179734753,169.62941659291585,36.08732934028872,25.593561787759107,20.43633911936154,81.98385383236793,1686.9912233289083,2926.1470216025073,508.5801614786784,213.2921237034951,284.1285257450227,503.44725982666023,465.92719192997095,207.64404988861082,48.07625928571148,35.165921677620176,21.354761471067157,94.09633474534556,1795.0180400339764,3022.808176840505,480.4998610992432,216.4392712451566,264.8675814548616,495.83952576192223,506.85083028485695,264.58670122528076,44.3720098483178,26.13222285978256,19.867561230307142,120.4418161367601,1872.1884151611328,3082.9484539598034,472.9011062672933,163.04901177683186,246.51555597612932,474.8290523935954,514.6396279513452,253.8680948638916,84.39851752004316
65,83.82059414771295,78.01256100790842,633.6163397512129,3348.8940184021,1212.6783045614918,411.1189483642578,194.89835224766884,167.01487633489793,159.43864654541017,178.1135291314894,216.9784047953288,133.1745624173072,124.2133956318517,103.47320073207611,613.45678123228,3047.381854288737,1238.3289301127775,577.8680825398764,271.488827061807,227.2148912196006,221.68459315999348,241.03806733162173,303.5645872395833,194.61036402548513,134.20106337024322,107.88182673224087,650.2361757930634,3201.901014251709,1233.4931153918849,551.4965487263997,260.8984412408644,218.92892123314647,223.89311710611983,246.222688992408,242.4629448140462,220.96251286660473,139.69305088166269,114.87744545772156,544.2792018078219,3259.514437388102,1052.0832016286543,555.1363358968099,278.10680414015246,224.28178174418787,223.91362163289386,240.04624507781,264.14043395996094,232.46519162085747,137.9064349562122,106.47128625183856,562.2604414958338,3311.18686227417,1050.419594352476,487.63850201416017,242.47526104342555,209.9013792173324,192.8429006347656,228.76789719120148,227.7285108540853,192.29923992526147,132.24234427175213,108.80414790299137,758.4691269314674,3068.026555943806,1048.8202371904927,418.7051706949869,230.1870394995905,184.96282141900832,188.08474293518066,225.4379729535503,285.0299632670085,202.31157558810327,160.7765999480217,124.93039856859028,760.1807501171481,3139.454622314453,1059.6934912109375,543.7145903930664,273.2943353566816,216.38667573005924,209.66349123128253,233.80705764278287,241.52804755655924,225.13380247054562,166.8953533541772,142.05430244596135,846.4162092393444,3020.375374445597,1030.2417633647303,440.42575410970056,252.9910627795804,212.27918205999558,208.6344943745931,245.52768156974543,296.65174133300786,228.4333189884309,170.44575572352255,159.8048300868067,1070.17857033022,2763.544783620199,1088.871596876575,506.3687552897136,288.8109864757907,227.80193107358872,231.043489847819,262.54116924655057,288.79750217692055,235.1173126220703,189.26816664172756,174.39090490707622,1129.4971497468025,2881.628556599935,1085.2462913070185,494.6002812093099,275.62186141475553,215.38065141247165,203.53302151489257,251.82648983863086,276.5793583780925,233.69054054506364,210.7580867742723,149.31359550325743,1094.9171231915875,3208.9994169006345,1167.5793756300404,484.00611055501304,279.3318617691532,226.82468363115862,230.84326395670573,287.1018577920237,273.1329777526856,245.67107579385083,192.07118017381237,177.73336058987775,961.1048973624938,2924.355038696289,1106.5091382229714,523.3636962890625,306.8681802269721,251.47035436814832,247.47627743530273,283.15825050600114,325.9140844523112,261.35695068359377,230.79329295496785,173.21775311286814,1334.0356555225003,2747.454766601562,968.5937019200479,448.8968594563802,284.02866811444676,230.06996482603012,226.36643070475262,273.2756887128277,334.149426167806,265.0173687055034,281.66591906147625,165.91028409572658,1006.8148439665763,2757.3448229980468,1083.4008514601185,504.76139955647784,296.50271417433214,236.10207047985446,225.17385381062823,259.3838413656912,290.5451708475749,323.16964838827806,350.6719368916173,373.3793384615893,1422.0607692595452,2354.0048021240236,993.7094500535534,427.0234949951172,280.1741497310515,227.1435443115234,215.80614707438153,262.60387803600685,321.12502256266276,300.19316686814835,252.31940202282323,292.8956524286129,1311.215400577668,2558.2899153849285,1009.6725675718246,441.5536231486003,292.4566229740266,234.96323289440525,227.27892502848303,277.5890883808752,323.86600376383467,340.30514328495155,366.9873020098286,277.278932101245,1391.170920587355,2320.5892881673176,961.2951458149571,462.0957083129882,301.23904636506114,261.3402272279801,246.46454235839843,295.36933034589214,356.1703974609375,313.8494032533707,353.45622868691714,307.5864663000999,1527.7258811113911,2528.12723815918,1026.065705684539,472.3477567952474,316.39170961441533,266.52568081763485,258.50281599934897,309.219218257781,364.46713156127925,340.356441374748
66,48.37134182222428,65.83998031616211,130.56059226989746,42.12194684346517,26.74894959849696,25.0242272122701,21.41569525195706,22.567893068252072,18.677382621765137,18.3885257844002,22.87352658589681,25.142844753880656,48.89920243540118,65.5148017087476,90.29415377709174,56.67861177571615,32.56824324823195,29.547552342732747,26.053211565325334,24.65709639641546,23.383798220316567,21.364241501592822,21.849913534800212,28.577568316305836,56.07315147399903,60.11004275805844,92.68708478866085,57.5640333404541,34.00882027533746,29.502392211914064,27.428552001214797,24.693374542728545,22.79848741658528,22.263551991370417,24.67861399968465,32.483181143729915,62.43542968011673,69.45694880462045,93.40830586833337,47.72049087524414,35.980899451471146,31.4021712214152,29.901880574380197,26.74121523211079,25.979413387298585,25.248441154726088,25.410286430358887,37.20457757765247,51.15509736953243,62.89031751115921,98.49984085083005,52.61492097473145,36.910340873964365,31.962800498962405,30.510035890148533,27.459252593748033,23.83108331934611,23.503084313177293,24.06359993871053,31.69180233124764,59.33898219693092,60.38994734111092,100.39564957649478,61.577439793904624,38.4353665554908,35.6115642267863,31.38469053699124,29.706419387325166,27.562868339538575,27.849651601237632,28.587914862314857,32.67015074206937,57.75275079296481,63.99652378909106,84.7263358651438,55.53828744506835,39.66870442298151,36.28216462961833,34.87277310032998,34.24240337864045,29.553157176971432,28.034366750409525,28.568592628479003,35.49913595876386,54.8060926695793,52.032588394710004,84.77146975363455,53.29891789245605,40.931298372822425,36.627468963623045,32.773100337366905,30.418355488930978,27.924659394582115,27.04760979437059,27.71410401407877,34.64334966228854,56.72532951724145,64.85855891551877,68.76088937082598,45.1664895731608,37.13937955056467,34.882511685689295,31.53909484863281,29.136245318997293,27.37649621709188,27.05404941435783,28.1756448097229,37.259536158654,52.85165017650972,66.85991317608087,66.02444371377267,47.69428513336182,42.10257109119046,38.62001103083292,36.39784254750898,33.014587466332216,31.761962225596108,29.95832287203881,30.864291103363037,41.68096670950613,48.33450699713923,64.09426967498705,84.96246027792654,51.12785795338949,36.49001241868542,33.431741539001465,30.140494253097046,27.827810011832945,25.684431327819823,25.654499516640943,26.232968697865807,32.055020958685105,43.98510930338214,50.78894530949334,68.07639056051931,52.419085215250654,40.08446152717837,36.9541695582072,32.357950460372436,29.683047354913526,28.020924546559655,27.135118067341466,27.711109275817876,35.45188226269138,51.37589359406502,72.83606115519707,74.56866799877537,44.83928156026205,39.055175106909964,36.435895556131996,33.24429013652186,29.63431400545182,28.173486868540447,26.65994441863029,27.912756669362388,31.282734309780984,41.628695166803176,68.4342497277847,70.79878390404487,46.860662638346355,38.744019630186024,34.457428741455075,31.64731083162369,28.602668790509625,26.209449423472087,26.737972015873076,27.57933796183268,31.64806643086095,49.62318004977318,59.65007808159138,58.18030072612147,44.71568860880534,40.51964684271043,37.1060929629008,32.554077588973506,29.94581912994385,28.203924887339276,27.34274084521878,28.416703099568686,32.7882153824837,51.321001394948645,58.85397133822511,61.33948039393272,45.42173898824056,40.836659688641944,38.39908340835571,34.236222231465,32.04169885819958,29.058279281616212,27.789996329276796,27.888729517618817,36.64772789370629,46.71967504439815,56.64253308244527,72.95024321525327,47.61421193949382,42.76808864716561,38.983585393269856,35.050294952392576,31.82925467952605,29.90414057159424,28.821518153529013,29.284404285430906,35.798685220287695,59.31616065732894,66.3340135336627,68.5632945226854,50.2697734375,45.17724999458558,41.56223984018962,37.23246232309649,33.75572653247464,32.0730736694336,34.022611869073685,33.62351248168945,37.614189878894436
67,4.1198929771300286,4.261907201153891,19.336036677514354,70.62855428218843,106.10893622367612,31.38137075742086,25.70299824899243,35.75490796796737,45.031286093393966,43.79500669663952,32.82261339187622,8.930451756138954,4.739422416687012,5.567221563426144,20.10868205347369,78.79073430220288,96.4671856271067,33.17168169116974,36.35903937185964,47.15272321362649,47.73929493172964,33.706544778577744,28.685853867212934,9.595611187411894,4.816583051989155,6.888667273544914,27.563197047325872,72.43089068889617,96.51553717151766,35.61168785476685,23.36922876142686,32.04661212028996,26.901918557802837,38.82760010104026,29.17791617584229,8.308077351970057,5.027753404494256,6.913405139669409,26.349244449369365,79.2139424568812,78.77071796878691,27.845941396713254,28.523259212740005,50.36708072785409,41.25346265856425,31.313386293226678,29.371322373072303,10.233893282798027,8.224440323614305,5.498567088942222,26.61610392293623,83.76685252507528,81.8359825398845,29.586181941350304,25.089955694137082,42.73802941999128,45.54495349788665,35.8781270113299,27.96643634192149,11.827613077471336,6.326738995582826,4.999766831844311,25.244211630975048,82.15939825026194,93.45538564989643,33.02239057668051,25.07544866531126,47.15471891403198,51.104615916570026,33.779647448139805,30.08424806149801,12.633146665634646,6.035166052233789,8.630373493650277,27.124582791482247,74.48082308673858,91.64293638537008,32.45404273891449,27.472603358299505,49.259355735471175,38.60176688257853,34.999785034733435,35.198658394495645,12.177401058750766,6.86400348970967,7.286016509556418,24.982484668301,91.12119150479634,65.84420617688087,25.916184936205546,17.771911590945336,45.15380122861554,39.13311664803823,29.6333395542637,25.42482250150045,10.720100118267919,5.377535302562098,9.575813988781913,31.92350727727336,79.23170331255595,80.99122473993609,24.228184657096865,22.74101704535946,36.06127832351193,38.656875947952265,29.97320418727013,29.3533086865743,13.084443173869966,6.9013882784689615,10.466231546589896,29.43928940126973,81.51071891784667,97.83614534562635,33.13767093308767,33.18624997354323,59.68190003333554,37.99956930732727,37.238859504269016,30.74527216116587,12.030686806094263,7.0736924805179715,7.77827570568752,29.76507331909672,86.71929275703431,84.64859148456205,26.461601266225177,29.22553365368997,48.768995212431875,42.373383257230124,39.96318711865332,32.38458488591512,13.996006790899461,8.821926678688294,9.119200628285338,30.61640941066127,90.12123996861776,83.32851853524485,30.18184012508392,26.746493637023434,39.61408275327374,45.00025003751119,39.43237937650373,43.108058609008786,14.310986793271956,7.538283056443737,8.510950075781404,31.296465514398392,87.83980879211427,84.48222652435302,27.643280744552612,27.555895495260916,41.20100248767484,51.31953380966187,41.694596596071804,43.859936511357624,16.941440376158685,7.889852990796489,12.361236279022517,36.54425053534969,85.4134623114268,96.04465582201559,35.332785682042434,30.688516348254296,43.921166136034074,47.815696654319765,39.623448579849736,37.76729037920634,13.912334055439121,10.140449109538908,12.954987309343121,32.58025037796266,96.73768100420634,76.72429393645257,23.366351713816325,29.019668328069873,43.62931369473857,44.382662277221684,30.205901737828405,34.67741540908814,15.320481546463506,10.318700462464363,11.896701224472725,36.22754568438376,88.00590998013814,65.89415334209319,19.894212209065753,25.004406174382858,33.254187668831115,46.18362044048309,32.3384231293586,34.75842454783122,20.39353413612612,11.86712131900172,13.24920174085448,39.423213036752514,88.17306190999349,68.82256511196013,26.503604363441468,22.687212370595624,52.9992810720013,58.59223672358195,41.63320883320223,35.93339665349324,20.033032943971698,11.535366845592375,14.1291735195174,38.560271005015224,87.39201840591431,61.76724868405249,24.05947110970815,28.1162473487854,43.922997424525605,49.426296908060706,39.15975998632369,44.3719334529241,20.297249857379548
68,61.58972999818864,45.80980563844953,40.14849180406139,172.49913037618003,132.60161356772147,71.48771376291911,48.87243510830787,41.62151284986927,46.03923742930094,50.50290155718403,52.27852066040039,55.31143791444839,58.27912382064327,39.90877310222005,37.89690732894405,112.78816951878866,152.86254711028067,87.98664661153158,55.625070187968596,46.05737246605658,46.50756694539388,54.34889357536069,52.929285230000815,51.8409850951164,46.80187409431703,34.78427203732758,36.32221013469081,107.97787641652425,146.46203706064532,79.96193190511067,46.519116395519625,39.68853625020673,38.830206693013515,43.27792522922639,46.21238073857625,46.68156107502599,50.76409275916315,36.07909737065508,40.25142206868818,115.44397206624349,154.87833396665513,78.88420144399007,48.726186690791955,40.909331610894974,40.16000661977132,47.2788932775682,49.14487745920817,48.49993204670567,53.29996326077369,37.28385146089376,50.97129519554876,124.21305391693116,144.85121411723475,79.5257518081665,51.08914987871724,44.308031704810354,46.17033751424153,50.5455930919032,53.72694036356609,51.24284744262695,52.08943945853942,41.225755913269346,56.3860977000575,124.56623918406167,143.9334506717805,74.50471981811522,47.765079355547506,42.686861813452936,44.35813619740804,53.13502196527297,56.50725352732341,56.70010482541976,67.82974456541,52.037126721161336,50.563200880481354,115.2286639022827,147.94484304612683,74.81181623331705,51.08147989580708,43.19068938716766,43.59674160766601,50.28210135183026,54.397474759419765,58.775895272531805,66.74623284862888,43.713532187457155,62.62294841151083,120.13554057820639,133.09104316957536,63.385503290812174,45.29851403513262,37.968454668598795,37.1873735148112,42.032235914661044,44.87460292307536,45.82077491021926,68.17283712079447,62.11009708273,69.38175029385475,109.22292876688638,131.9771884795158,66.75646072387696,49.97648331919024,44.79494833669355,43.212085655212405,52.472245970695255,57.299864774068205,56.609529017786826,62.96745936239919,56.52455485123132,57.20008690864809,99.98954060363769,134.22973105153727,67.76677966308594,48.75113268329251,42.42559157832976,40.562866930643715,50.19120604730422,52.26378547922771,52.90178747115597,66.61696198740313,51.32333307097112,58.494660061251736,135.72548328145345,124.41749525500884,65.86340429941814,48.38831872263262,42.447435799875564,41.577940386454266,51.45167072911416,57.37479102071126,61.57120836073352,75.00661281708749,57.45770141319688,57.7772192136703,107.55554012298585,128.62460639215283,69.42849623362224,51.85352323962796,44.58444980252174,47.03834079488119,53.76960825766287,57.93275437927247,59.944946776359316,59.10590638191469,53.487029817609354,67.86768538936492,117.22573735555014,122.41250206731982,66.09566974639893,45.87568478245889,40.8346285124748,42.654808064778635,49.002304982831404,55.37288423665365,53.74687181780415,58.570171292212706,54.816685148530404,72.09850357547883,127.22207675933836,115.6731876397902,59.78383558909097,48.53044957806988,40.75105778847971,41.99489851252238,50.378556021413495,57.344308596293125,55.110704138971144,65.38701231679609,74.92524852818455,85.36399084029661,121.57358941396078,104.67662288050496,60.04567001597087,46.26151076778289,43.07953146657636,42.9400692469279,52.441222103488066,61.52835771179199,57.131419323336694,75.69550196001606,55.223923635106964,69.21132086723082,109.78967767079673,106.31522054364605,60.57858065287272,45.239063555809764,42.005951749740106,44.4273907140096,51.769637639445634,62.806649614969885,60.57847049097861,68.80916230724704,70.66920980218596,79.59903299639302,119.57897509511311,111.16832240935295,62.389222534179694,47.92254890934113,44.22026312305081,45.645890304565434,58.01006122219947,64.25914879862468,66.20587794396185,69.53829640788418,60.950274709222356,87.50876018155006,119.93954440053304,102.75002312444872,58.55790687306721,44.86209300625709,40.25759866529895,41.92076822662354,49.02840392574187,60.3896226755778,58.70870699482579
69,15.898864340013073,12.719287828036716,10.623302542778754,29.187221740086876,476.41465260290335,2146.8452770996096,374.63691696659214,160.31038660849293,160.43090952555337,81.10142268519249,40.38439291636149,24.222169814571252,19.353039539706323,15.13699544817356,12.391558245997278,13.776860759099325,596.4938226293749,2132.5260126342773,265.8629001986596,152.72522068392848,169.9173967259725,147.884980234946,53.01132423655192,28.32178927021642,20.27714831075361,15.177555301318614,12.907163648912984,22.36606141662598,615.8620761742131,2329.8523913345334,284.24517613072555,148.5851954700101,158.4470884094238,122.23393217025264,48.34929630025228,27.39987419743692,19.831642660325578,15.4911515007113,13.233034627975957,34.651311080932615,548.3791958101334,2286.907861160278,314.29794576829477,145.01688293949252,177.67142973327637,130.64295230496313,56.94720559819539,29.663622029212217,22.325285256908785,17.58959866025765,13.889041505629018,29.323049465815224,605.0218137894908,2353.6135745595298,257.7425032191123,153.66846281482327,201.40508108011883,152.96457906661493,60.41988772837321,32.83399890284384,25.21706440833307,18.410558952744957,17.809676370928365,28.53274524815877,751.6116524524074,2443.7619083048503,282.5310401473507,166.88705661404518,218.55124524688728,219.11417927403605,90.86607410176596,45.43861473083496,23.286242466588174,17.594842033292274,15.242180095795664,32.73764727083842,691.1523940978511,2357.7380279134113,253.95216024091164,173.4743941325526,201.044787109375,166.385953792449,81.51598353830973,34.870187395157345,23.57707091300718,18.026873640191965,19.11124752536897,46.77593034235637,669.5303302691061,2464.799863057455,256.0119597355012,144.35807086083202,222.11374299112953,199.27967141428303,80.19078509012857,41.2677470262589,26.85073305191532,19.599119131717778,21.830123671254803,53.61691961479187,704.085085247409,2459.8358532358807,249.43354610320057,163.92694353657384,248.54426241556803,238.34717854653636,94.62115554300945,54.426899598644624,26.235540166055,19.338316832199475,17.14524347120716,52.660621205647786,863.6260062525349,2272.017919311523,217.06191451041929,149.58276567028412,234.0123994954427,223.74088362663025,118.52004074096678,42.97865557270664,27.87361776905675,20.19906296701854,16.112406491925643,31.665088630676273,997.4477977235856,2217.722335876465,226.2279707336426,145.53943406135807,209.9038808848063,226.06709099308137,116.6255518137614,55.84421154760545,31.38271078417378,22.202436699937714,18.398789906655587,39.827286496480305,1093.21661437373,2290.489258687337,212.56302860383067,157.4570123881678,252.50720607503254,304.9240315886467,145.25210661315919,93.90643253449471,30.42379220777942,21.24518188645687,17.970845045274302,79.60689515558879,1103.1051917882119,2418.678612548828,233.77422827935987,158.42218767719885,224.3534503631592,221.8513819097703,110.65708977762856,105.46218368776381,37.016339097792105,25.491005776691907,25.138345168329057,68.48215814971924,1154.960702534337,2283.003865183513,224.49796666791363,151.4229197348318,244.53453272501628,257.2335787668536,148.61781234741213,82.91363550001576,31.994728447698776,29.778537507738385,22.92345754315776,52.589717010498056,1246.4922434862196,2329.890623392741,244.49447521086663,167.26591300226028,243.93999802652996,279.2926996932491,159.0290781656901,96.1858242600964,52.5070924574329,25.971296687384545,22.549625455794796,72.07166581217447,1340.6407724478936,2310.733790303548,246.459201108871,167.55883085189325,253.2330285542806,335.39624704668597,162.6418535563151,104.70300352773359,44.11063542765956,26.966650974762263,25.61840320217994,104.05644027074179,1425.0429924811085,2180.8539435221355,225.11882783951296,157.51420294484782,275.3621486002604,384.74708767798637,242.88559550476074,142.48589357683736,79.95103628097041,40.26227888548903,41.02733510417323,146.0639825935364,1513.7760615035027,2144.1167775065105,230.07546323714718,193.39761408652026,245.58405987040206,360.6533355909778,304.7798800354004,179.48960331086187
70,144.0583684613628,137.69870409284323,95.38702121857673,159.95943293253578,2196.3199163621475,3795.6520589192705,987.4664050686745,638.6698342600176,827.0733142089845,643.8291706700478,353.12939066569004,225.08430249614102,169.6451059747511,157.25357011729275,104.46788413755355,203.89253225708006,2116.876272484564,4181.893443440755,780.3659601420741,594.1120144357989,686.4055732421875,585.7797254205519,389.20734210205075,203.73051160258632,170.2150965241463,151.17725831130457,111.3517313311177,199.57923942057295,2179.6454481654014,4270.717764648437,797.4127546938004,593.8385122779107,710.2550604654949,622.4170397555444,414.42200657145185,206.3618178533739,221.65885315925848,189.2764983495703,118.54868713378906,259.6806002298991,2249.792807607343,4427.750518961589,855.2920950415828,638.5596940366682,762.8133197835286,706.8631740643901,411.1507626749675,248.74916409400203,195.92268922867316,165.33042099149355,112.94975534746723,243.5755278422038,2672.2749974010835,3862.399203938802,776.1094579093688,659.2112713819935,788.5872603759765,650.7323946257561,374.25487717692056,233.72388392294607,225.8419688267862,151.85894766333067,111.88418784849105,282.9847228088379,2857.8822152020853,3510.393893880208,805.6072261687248,657.5164172757056,763.9276465657551,678.7522622385334,449.28307395426435,274.76055374637724,245.85148330196256,196.74725821208486,134.7968453191942,257.6423062845866,2846.1761976475864,3853.127354817708,718.0708411825857,704.1170255993259,823.5879025878905,804.2197151430192,501.6425263264973,301.590247586158,251.2282355326991,179.28319113332063,127.0642311243857,297.444392771403,3052.2313537400773,4043.4640653483075,808.4576385694934,727.905221656061,857.354622273763,780.754284156061,603.3450201009115,347.6213482567572,244.21192066807902,228.20110165224872,136.74551055908202,317.4545958658854,3323.5682191122733,3709.4428721923823,745.0002805254537,636.071561929026,691.7330942789715,770.4827415023312,465.4750252888997,329.60552958826867,284.74741801600305,193.48119712303426,146.82012253299837,301.2508273417155,3292.658088044197,3605.318032633463,731.3106255119077,718.6709698092552,847.6694838867188,796.6304673324091,543.2855634155273,308.9254091127457,300.51130881032634,234.6849037482351,156.01080649099043,333.52753075154624,3359.10067105201,3528.2268733723963,718.6463275343372,699.2188207614038,853.3395849609375,822.0861237950479,582.0879424031575,341.73676425072455,289.86346826368765,254.91889206120536,162.4430987647272,350.8506176452637,3498.4114361769157,3519.609854614258,715.2658796150454,690.7969835244455,889.5956435139975,913.2153575478831,621.5106508992513,369.52098036243075,357.46767251291584,266.10664493466834,177.35231522098667,372.08561137898766,3953.8086966434603,3288.759560465495,713.5443854744203,782.6089045961442,1031.8950284016928,959.5383882780998,643.8298624674478,400.14607506536663,355.7474744735226,252.2011482272594,171.56585279895413,388.7789035644531,3911.772589780746,3298.791136352539,713.4802098034274,677.222548828125,858.0542458902995,945.3014211740801,630.9280792032878,377.59409642373356,391.6553783195249,279.37096969378996,217.18323211669923,468.3976321614583,4142.066719931327,3229.757180948893,674.1780438035534,712.5805607949535,913.0478719075521,933.305207047001,678.3069340413412,473.1037258615801,359.4977821103988,349.73177285067555,215.42252595963015,478.1143563334147,4466.309308097593,3046.8524116617837,679.8534763656123,766.6573600522934,989.9381597493491,1001.0348346931705,739.7497487996419,475.2696282171434,506.1430314587009,365.29780961436006,239.04182430144277,546.5422423095703,4615.627463221395,2811.6943168945313,642.0525388262349,726.0292228452621,979.0499218343099,1055.2408346459174,744.796823832194,496.61080800702496,472.32703217537176,343.44360332319894,288.76366341867754,566.525052927653,4368.342908896169,3275.699934041341,687.5697168756301,761.6175332149381,903.6853923746746,1090.1322892515122,791.3043551839194,482.40171331590227
71,58.313027704915704,70.96234958171844,503.35141161026496,464.2330795033773,122.17531904405163,38.03837767918905,22.175309694966963,16.338422196911228,13.651656277974448,16.690500514738023,19.25116003831228,48.39337826390421,54.44080495588241,93.9808666323206,437.014892463684,477.15649566650393,129.27450985693162,66.07867991002401,24.4178309459071,15.143430089642925,13.72530343755086,28.06806753466206,34.483753201166785,42.14680149570588,55.63157353985694,95.37427102537579,375.09269776067424,498.1991434071859,111.21316356289772,49.49688428624471,22.85817435910625,13.968140958970594,13.399962379455568,29.422959362460723,27.36058048915863,43.85067204936858,63.272829298819275,107.40397275241136,389.0128523303616,508.4758214111328,125.01216088571857,51.360664511362714,19.029656527119297,15.085643270554081,13.452608603159586,19.296641414396223,30.240440797170002,32.28204357085689,56.52400784861656,115.60811779266507,393.9101166448285,477.37328050486246,119.94817198968704,55.99228925387065,21.19771692399056,15.282304475538192,16.527273309707642,25.956021463947913,33.017204539616905,49.51875145204606,60.03688487175972,122.27399021538608,414.78347605059224,402.0350244979858,121.59458721407,61.30363166681925,23.424769439697265,19.04353386602094,16.417946431477866,25.666918159607924,37.36463438256582,38.48537374619515,69.63756525962583,133.89372426333688,407.63429939639184,468.79386069234204,119.31166763920938,46.53124099349975,21.535637270404447,14.810582257547685,13.733355516433715,31.588900298457,51.726352725346885,49.207525757820385,60.692273255317446,110.48982984188156,437.75969549240597,408.336664911906,117.812511837867,58.65549267578124,23.284213603850333,15.330680027623327,12.96795782852173,42.91608686262561,45.66852505048116,54.639439361018525,77.55958282286122,152.6272361103537,451.4067316855153,449.31398833465573,115.7859132877473,49.587580691019696,20.020167889133578,16.402707566292055,14.555368968327837,16.486111728299047,46.161492882410684,67.11940728833599,68.31625538056896,104.84926535230552,452.9617748026693,322.18528151702884,95.77892866196171,37.03622006162008,19.987514268813598,16.855159545406217,14.463421709060668,37.093757746604176,33.418197912851966,51.815755857652235,85.85836931536275,136.2365839294377,498.60037996476694,394.7252481307984,109.46247286888861,48.24530211766561,25.52163314696281,18.36826501415622,16.49450615056356,24.089874108222222,52.04807806396484,84.33683471248995,77.40408292339694,166.34649252489868,457.01945571899415,414.1736448262533,108.64733833928263,44.79511460622152,22.598230983364964,15.869804162671489,14.371844747543335,21.390066740589752,46.099079979578654,56.68797609452279,100.06215160523692,150.12511646221427,483.42004145960664,339.9762561848958,105.77102226257325,41.89541869481404,23.494739792116228,17.058155193328854,14.23893638483683,35.73411329392464,51.60444366709392,73.45867274961164,89.0734192559027,169.1875777408055,470.89443542972685,382.7022881571452,102.86321007513232,34.826910850524904,24.60600062585646,18.750596406382897,13.61938721402486,27.18797211370161,57.523741470336915,72.7474362207228,84.8404590126776,164.23565297333477,468.2017715626378,313.22722668711344,99.94573022657823,40.98148436355591,21.301500840956162,17.02780830075664,14.897459943771361,29.74302501555412,49.17999209531148,78.34572927782612,93.67425248115293,158.8398120673889,440.7946425702495,385.0534058278402,116.61498229980471,47.00750604248047,23.561291809082036,15.366337105535692,17.686670642217,31.370385590830164,55.099231758117675,83.20291552143712,90.55510375976561,157.31263963088617,441.0023602098034,281.59650320943194,92.18431515601374,34.1033131980896,20.48486830065327,16.101148335241504,15.40217349433899,29.4664582332488,35.425420578638715,57.791085084484465,101.75719331126058,187.60450632527542,443.9533950830275,322.8654667078654,109.55831251698154,43.75374901644389,21.71362545074955,17.031594109689035,14.943211641947428,38.87436120002501,62.874088088989254,102.87619732118421
72,0.36015098171849397,0.2954677049602781,1.3356291894951173,9.400517719884714,9.776460508185048,6.911962391734123,9.80390165467416,6.77473702046179,2.6018592385451003,1.2118981695944264,0.6983180638154348,0.49043162022867504,0.36470209040949425,0.3017366763321784,1.627700194341521,9.607626703272263,8.352853840666432,8.264684082031248,8.829559382315605,5.074085428676298,2.421946352104346,1.2916859066294084,0.6683408920168877,0.44979607931067866,0.3083628420483681,0.25806386857711033,1.0167731664546076,11.04291976423065,8.331855161651488,5.8512076332966485,7.8942848393994,4.390311622658084,2.455865331252416,1.0882227814966632,0.5824650094310443,0.39665490934925696,0.3364994934874196,0.2794606902373248,0.9681019811957114,11.814739820867777,7.979146803828977,7.143762982229392,7.423361657127257,4.58531792156158,2.952496662696203,1.3232727764114256,0.6899593575000763,0.4393932786680037,0.34939276603921765,0.2918894329740496,1.3003352998341282,12.321945262789725,7.856743376524217,7.408408297121525,8.236119094337187,4.416846687466867,3.0781129163106282,1.485655424037287,0.7842522273659706,0.4940577786584054,0.44277091374320365,0.4314643353818379,1.6705741213214012,10.84707429053386,8.18754581785971,8.477511087874571,9.862069974176347,6.646591718427596,4.432587491114934,2.0155338610372233,1.0549155044158298,0.6287453028079002,0.36941835952381935,0.32250501658785813,1.337643259013853,12.196903946896393,7.258972616762884,6.688241692433754,7.544464020959792,3.312332856116756,2.5511039244929954,1.4961276127638357,0.7343375558257103,0.45720947361761527,0.3799117312315971,0.3197350109651171,1.6418393106806661,11.640243164877097,8.427871308365175,8.457725419193505,8.24479485238752,3.637732097448841,2.726110070904096,1.6979588704724464,0.8706455686688421,0.5126621905065353,0.410873411605435,0.37491630116193164,2.0837100180310593,13.925473862866562,6.820623260890284,7.413020416498185,7.2724126613524644,3.864044658753179,3.4459533183574678,1.4847595943174052,0.8753502931992212,0.5393347207192452,0.42671594915851463,0.38205965777336076,2.5012824923569155,12.096149186452232,6.998343849566676,6.389454902668794,7.395905160634749,4.763010854605707,3.694521112004916,1.8416649087590558,0.9226180987159411,0.5629623308297126,0.4139545422984707,0.3523264135479046,3.7403321207050353,12.234231580634912,7.471061131588874,8.18457324020068,9.126679480075836,4.773402277038944,4.010996599157652,1.6343860896941156,0.9418335183064144,0.5787702984771421,0.38937456925069125,0.4029131520110104,3.7478927838225524,13.47791025253137,6.815772083574726,8.419164876858392,7.468385170582802,3.6422287587196593,2.5781894315481186,1.3730881593881115,0.766855902493,0.49215703902706015,0.40447509254178693,0.3890135307353118,4.329397654821796,13.185846386233965,7.362404182591746,7.2807424351175625,7.052464995153488,3.89787296245175,2.80592424595356,1.8359614141910305,0.9339297327001891,0.5654018523616176,0.3353572482062924,0.3076882795204082,4.083649176820632,12.312850110749403,6.433570731570643,5.337996556242308,5.944641633379844,3.9340256821340134,2.3576937497258186,1.4070927938530522,0.7610125996967156,0.45199554551032284,0.41314028709165507,0.6239038580744137,4.08563763370437,12.428410132090253,6.295223723573069,7.491825589060784,6.158630892269073,3.8599863998736113,3.541830216328303,1.8638865966758424,1.0860823506514232,0.627962732632314,0.443529706270464,0.44403003255134726,4.409970609488026,14.123340472877027,7.441558003733235,8.371626394589743,6.898864320093585,3.1614232962362228,3.326814390381177,2.038205250270905,0.9381183596054713,0.5978209228284899,0.4033823999666398,0.43106928929980165,4.890258713624169,12.562944677213826,6.0910967933747076,7.673760546684264,5.903257561575982,3.31917867606686,2.6004386647144955,1.9208947478186702,0.945298131942749,0.5605278582149935,0.4445339974857146,0.5511447193242353,4.690214419086134,12.269892213483653,6.297307266544911,8.27574735180537,5.853387305428905,3.589464310349956,3.2001389866669974,1.9736327208626654,0.9788493145306905,0.6226642674015415
73,0.0,0.0,0.0,0.0,0.0,0.0,0.0,0.0,0.0,0.0,0.0,0.0,0.0,0.0,0.0,0.0,0.0,0.0,0.0,0.0,0.0,0.0,0.0,0.0,0.0,0.0,0.0,0.0,0.0,0.0,0.0,0.0,0.0,0.0,0.0,0.0,0.0,0.0,0.0,0.0,0.0,0.0,0.0,0.0,0.0,0.0,0.0,0.0,0.0,0.0,0.0,0.0,0.0,0.0,0.0,0.0,0.0,0.0,0.0,0.0,0.0,0.0,0.0,0.0,0.0,0.0,0.0,0.0,0.0,0.0,0.0,0.0,0.0,0.0,0.0,0.0,0.0,0.0,0.0,0.0,0.0,0.0,0.0,0.0,0.0,0.0,0.0,0.0,0.0,0.0,0.0,0.0,0.0,0.0,0.0,0.0,0.0,0.0,0.0,0.0,0.0,0.0,0.0,0.0,0.0,0.0,0.0,0.0,0.0,0.0,0.0,0.0,0.0,0.0,0.0,0.0,0.0,0.0,0.0,0.0,0.0,0.0,0.0,0.0,0.0,0.0,0.0,0.0,0.0,0.0,0.0,0.0,0.0,0.0,0.0,0.0,0.0,0.0,0.0,0.0,0.0,0.0,0.0,0.0,0.0,0.0,0.0,0.0,0.0,0.0,0.0,0.0,0.0,0.0,0.0,0.0,0.0,0.0,0.0,0.0,0.0,0.0,0.0,0.0,0.0,0.0,0.0,0.0,0.0,0.0,0.0,0.0,0.0,0.0,0.0,0.0,0.0,0.0,0.0,0.0,0.0,0.0,0.0,0.0,0.0,0.0,0.0,0.0,0.0,0.0,0.0,0.0,0.0,0.0,0.0,0.0,0.0,0.0,0.0,0.0,0.0,0.0,0.0,0.0,0.0,0.0,0.0,0.0,0.0,0.0,0.0,0.0,0.0,0.0,0.0,0.0
74,330.87344739360196,152.49440596444268,850.4871447655463,1534.175611673991,151.2461705853862,134.37755930582682,123.92285810901274,119.98856801679058,110.52064188639324,127.6535443705897,130.89934127807618,167.40270188854586,255.84350549513292,192.63314522653963,711.0119294197327,1008.9414853312173,282.54871839954006,176.417806350708,162.5469918577133,157.9013095240439,157.12933945719402,165.89151438559253,164.46767468261717,205.82165525374876,259.5457415377709,197.28467558198378,752.4373806368919,1225.3992450764974,262.6985185290921,180.41600670369468,167.61247678695185,158.93713718537362,165.13921708170574,184.17983485068044,186.16743521118164,246.40425705448274,263.29442602342175,247.64249306514344,679.3908900008663,1107.3502787984212,262.2883974136845,198.440200398763,192.27702269523377,172.14498021279613,180.36296075439455,189.70278780045047,191.9516068623861,244.39519643475933,267.8504766944147,218.93366900025913,716.2391584827055,1124.6290134277344,246.6726827412267,178.66387303670248,170.21027852704447,159.23948949998424,158.4979115193685,180.2350105925529,177.18008043416344,246.55507374425082,302.48989856350806,223.320516240538,929.3550586823494,966.7254387207031,219.1172589898879,184.64568329874675,168.6883165224137,160.51725716867753,165.45579760742186,178.11570236698273,171.88113618977866,216.25042151666457,260.79553744408395,274.71611427946044,801.6933198104367,985.3999130249025,255.04250215591918,184.77683778889974,176.91395027406753,160.55660789243635,168.20803637695312,181.77607084212764,182.69292085774742,255.89433704991498,381.5495863489951,219.68065883166682,777.3333791326708,967.9073916015626,239.29713062901652,191.45156360880532,176.7637116659841,165.1014809786889,170.40613546752928,198.78515667330834,189.5845782877604,271.5300921729303,389.4567267436366,293.11168012910287,786.3649705062373,880.3446058858235,280.02288798670617,213.05896106974282,200.59214311169038,182.24043176466415,195.86303725179036,207.39583178120273,212.20771211751304,246.17365858508697,419.1689462870936,323.6575342105058,976.1528933814265,760.3372929077148,248.4999777517011,213.78870622762042,197.15923174458166,181.37619758852065,181.945330078125,192.3826790791173,211.54434575398759,244.1990175505607,334.80551675119705,266.87970706131654,819.3734136470672,1164.866698465983,244.14309289747666,190.48167587280275,178.6128362643334,163.54527848766696,167.5399355061849,186.45286326746788,182.60331830851237,231.48907217702558,299.61817129811936,298.453089138839,803.9957370684224,805.1660850219727,248.0381739856351,199.00238304646808,179.54918711016253,168.53199605634134,165.00850491333009,184.43953382922754,193.66224536132813,241.6941294220955,329.90483391546434,308.76229838141086,970.9958905029296,800.1906753946939,246.16503231909965,208.24202099609374,192.37279605004096,181.12821620818107,186.57702950032552,196.54374026390815,237.3396890970866,236.9575836575416,336.8328061700637,458.65613717929483,848.8746087744928,766.4515075073242,261.9758832574659,203.80071870930988,196.21056540212325,182.4217668397965,190.22301216634114,193.0507397067162,212.29145999145507,254.60187992219,383.37569764168035,326.13696757650143,808.646788251323,729.5790043741862,250.51774955503407,213.9828485819499,202.39083766814196,186.31497771232358,188.62350110880533,204.08370743290072,230.97101547241215,252.44921842513546,328.8828394539126,364.6674294175772,831.5367181790259,708.9717931823732,278.8588456479965,246.09652670288088,219.9349862867786,202.1068951219128,202.86661104329428,213.71639507662866,229.95846385701498,295.8466442477319,355.70782338788433,385.5755501721763,874.0280578613283,670.0739849446614,285.8831993841356,240.93312955729166,229.3139577853295,209.07672004945817,204.20135667928062,214.1528064752394,237.89995281982425,319.410004843435,379.8138705936555,382.97089708224894,912.7151136139901,702.6556818440755,285.18517495432206,241.4520959472656,225.8170802553239,214.3707752449282,206.8775664164225,233.03738604145664,250.49205800374347,284.1424070690524
75,40.45064424084079,34.654070840563094,312.8913613965434,1367.0032763544718,1798.6845555459302,1015.2597112528481,264.9969043116416,229.1920882686492,250.57356791178387,210.49547320950415,154.99231887817382,54.64269517467868,46.82022683912707,38.92626907517757,184.96037115281632,1218.0240050837199,1938.5592578912551,1163.9579310506185,255.62552609351374,269.4666226934618,294.73055354817706,253.12690335181452,156.89474807739256,66.23427291624007,46.267999685964284,37.78506088068921,206.6066574465844,1341.7075166320803,1796.8465249338456,1239.3381794840493,272.36413216867754,248.17734513805758,262.37969149780275,276.10909929829256,134.01660958353676,83.86331899827528,48.49211181394516,41.83361327711585,153.27360965851813,1526.5211406707763,1621.179993522398,1253.9438330485025,291.6820399622764,234.33318758072392,251.83639318847653,240.56171827746977,160.68047189839683,87.05374100715883,52.75054449019893,41.955869806505774,145.48346881251183,1526.8827872390746,1728.1665087496851,1165.8443101298012,284.82454729633946,248.8520408236596,281.9040629984538,291.04121585968994,197.05620404052735,75.00288559452181,54.57519602867865,42.303475404372946,189.15960569812407,1564.4902782084148,1834.381905148414,1142.7124127604168,253.88556129701675,230.19187097857076,270.83675222778317,322.0032017172536,199.13992004394532,115.02310449907857,58.3946212104059,45.60144213399276,231.23479125730455,1450.661776512146,1735.865862328314,1255.8767991536458,262.04018339095575,233.42885311003653,274.5165129699707,295.0174917799427,193.67497567240397,87.39892147433373,54.977869100263035,47.1001061549445,262.69587310052685,1564.1292871627807,1705.9725011616367,1164.9677586873374,253.94616518082162,233.13851782029673,291.10759448242186,306.441291937059,174.32432876078286,82.36878367024083,61.16098611154864,53.030367851915024,319.3630378723145,1431.1642961069745,1695.7841186917212,1315.0435841878254,260.5472497066375,254.35703051167147,334.4178034413656,319.7634444895098,214.37573847961426,106.18386488391506,64.58483353153353,59.604887976153144,241.81558505642798,1517.1453301900228,1931.8699498133506,1115.6906952311197,256.92331397271926,247.16454396893906,304.8712114156087,351.00876580023,238.09684527079267,98.02811063212732,70.71807075500489,49.16748095761379,277.8962754747945,1583.911504987081,1955.6330088953819,996.7365131225586,243.485852769421,233.60747057514808,290.9298820088704,377.6822212071572,216.99331461588545,92.70755031954857,67.23411561043034,58.00644579769941,314.1976269900414,1626.5015241546632,1937.3461891223535,1042.7661655171712,258.7396582720356,259.412426329582,305.0720283915202,364.17103616037673,232.1633190205892,139.98641820107736,86.68565926336473,57.12232889485476,369.3417249470373,1788.2331492207845,1941.4903751496345,975.9102976074219,259.05904521326863,250.7004040871897,294.36501839701333,369.3697817304058,271.33684674072265,133.60287105437249,100.10360463296215,54.924382664910674,314.9431254282305,1621.2174308369954,1957.0240908518142,1000.2258153889976,239.9622278176584,236.25778843541298,312.99795276896157,381.46073099443987,281.59989426167806,175.48759857669953,106.37754781907604,92.31982343232103,504.3087568836827,1547.0803484217327,1937.4673861202114,1056.1159120279947,267.08384219261904,248.23467806908388,280.6820113728842,341.3720556837512,290.2050474650065,153.49453078731412,95.97137050013387,80.92561708779171,453.15496487032976,1699.279989944458,1966.9712977353988,894.3502372131348,222.01530561877834,222.4430975243353,279.73878524780275,375.7703529210245,340.18603345235186,184.26725234000915,158.3735491648028,84.72009117051297,547.6099766983524,1790.7966359303796,1888.4881920992943,1091.8157109069823,267.7974267085906,254.77787425379603,344.824190032959,445.3417501929498,371.29185810343427,193.84680650280367,134.8674290810862,88.14329783077896,664.5848226436492,1779.6921522979737,1979.1725354003909,827.5928110961916,257.8443616214875,256.16959593742126,323.8045190226237,440.05699484548256,370.82947403971355,270.29223715013075
76,6536.410887096775,6764.47004045759,6503.222615297379,6350.586009114583,6423.725494581653,5486.137410481771,4374.3704889112905,3321.851282132057,3140.798782552083,2999.985729586693,4348.694794921875,5307.432451801915,6114.029303805444,6497.6125043055345,6559.484885647682,6709.710029296875,6237.783876638105,5105.578638346355,3875.0737496849797,2984.1379205519147,2756.949920572916,2973.443362997732,3789.8830019531247,5247.87695280998,6999.925349357359,6878.687571943311,7258.866666456653,6942.7035332031255,6526.9302082283275,5220.325491861979,3939.6569616305446,3128.7676093119962,2803.1136798502603,2951.4840810861897,3710.229223470052,4951.808279674899,6565.686138482862,7846.664406269243,7691.4247442036285,7223.484893554688,6441.566212827621,5075.763849283854,3877.5062796118955,3044.135867092994,2753.4933531901042,2855.9903208480346,3590.8179501953127,5105.834996534779,6788.505922064012,7009.070878930303,6942.989603389617,6990.054046875,6190.413825604839,4863.425742513021,3817.0466588961694,3024.987316343246,2810.805634928385,3097.3327691847276,3755.971605957031,4936.346264175906,6793.6272895665315,7195.184648148859,7480.054122353829,7009.706580729167,6251.327512285786,5447.342356770833,3978.6573938382053,3166.250029139365,2776.95185139974,2891.3640221774194,3642.045491048177,5039.172093623992,6157.661056577621,6133.813680546202,6590.7922426285295,6556.753847330729,5866.192740675403,5053.733354817709,3918.3324127394153,2976.0096186680944,2665.9504926757813,2752.895028981855,3316.0064243164065,4848.414932585686,6025.206553994456,6070.902853186095,5962.345093245967,6036.504173990886,5393.991473034273,4949.640248046875,3559.023506016885,2685.2060833543346,2463.710873046875,2712.200994046119,3346.6890838216145,4742.493068926411,6089.711780808972,6818.988449490552,6718.574139049898,7260.368607096354,6179.020842363911,5404.072741210938,3817.1920917338707,2896.1613623046874,2591.8256713867186,2840.2045241620463,3535.740150390625,4829.835281785534,6452.11544874622,6847.8836832281395,6650.403403162802,6341.919556640625,6079.211535408265,5325.891713867188,4101.891750252017,2921.795289818548,2666.2205921223954,2924.2439876827116,3778.6283613281253,5166.748506804435,6104.680891034525,6459.164400255926,5771.896201801916,5909.916935221355,5739.506586284022,5130.410576171875,3872.5852145287295,2770.4468268019154,2426.7108310546873,2466.2169326486896,3351.312580891927,4882.869710181451,5883.940644688761,6042.554627324748,6113.432560798892,5941.663414388022,5602.033812531503,4887.292949544271,3956.7125341796877,2821.458644783266,2368.549480143229,2527.916984311996,3441.0162766927083,4643.517677986391,5999.412762726814,6301.676980894494,6366.930258001512,6281.171104329427,6066.923721648186,5175.40645670573,3816.8746252835176,2818.4750888356857,2446.8288326822917,2560.917829826109,3265.9359109700517,5009.41925529234,5781.896808845767,5716.494500997008,6091.859033203125,5964.966951009114,5808.043498613912,5194.307417154947,4106.193942477318,2746.8906424836196,2550.0387779947914,2594.367113312752,3343.1996147460936,4769.124709393901,5840.40226641255,6394.243508926165,6090.572373361896,6642.288629231771,5805.396324974799,5172.20586295573,3815.509900926159,2648.0999081716227,2317.864129720052,2416.792663810484,3162.2844324544276,4434.455357862903,5694.879512506301,5764.012561311769,5541.514423355595,5788.078539062501,5577.903406628024,4942.158726074219,3565.657360446068,2557.385300607989,2273.6592458496093,2307.4259093844507,2928.6884075520834,4147.278219978579,5615.461322060862,5831.376348480074,5900.777378638483,6309.649308105469,5853.1361923513105,4806.990675455729,3309.4695017956155,2412.0197486139114,2088.765881754557,2215.8348762758314,2771.6430289713544,4631.465086551789,5318.084312153478,5116.259103035763,5405.230829920614,5765.147476562501,5685.913536888861,4867.380640462239,3431.4422090788808,2400.563006552419,2047.5748434244792,2107.281106272051,2834.7331950683592,4119.82138467112
77,4.177465751454715,0.9155948690537896,0.35465546166223866,0.09295812465250489,0.07250490522673048,0.0668120553841193,3.0556888143862446,0.8642604763469388,15.106091774503389,3.684805044964437,1.5709522432088852,3.717098272784102,7.098206925591633,4.085241986684904,6.412059389722925,0.5335946035236121,0.11558560970810147,0.10105431192368264,0.8105878334612615,5.3215820092323325,12.106247257485986,5.357929055818146,1.5284985963727036,4.385736675180735,6.475041421279312,7.162357929970959,2.1589617006432626,0.284937838781625,0.09077269891577378,0.0879140688863893,1.2398256754622825,6.124580345776293,18.905172195700306,5.465401861751753,1.1938167517905431,3.8629767075060832,5.053453735769276,7.242427104376439,2.7314343484779524,0.2700361736938357,0.10991591934475202,0.09739287768055992,2.52817486557028,5.839929071405242,17.013354799772305,4.244073644838025,1.5323020737518867,2.7194350428278407,8.069400029451618,7.1713709351831465,5.061694921134941,0.5770091765969992,0.14527482090217447,0.11247257069249943,1.5751268050146678,4.930062410321929,13.191414711815616,11.463926709851913,2.925857346388201,6.956280067034307,4.532790348887924,7.585220304978965,5.847124520150883,0.43677374527603385,0.12937245480716225,0.12166985714683927,0.40405333799940923,8.2791718416637,12.512240483909846,5.604620769641572,3.428059960881869,4.252065845778391,6.399499804632319,5.8625393919463225,4.518934720591192,0.27909453892211117,0.13532314928068265,0.11929554564505813,3.924260891142391,14.849587079486056,16.455577488864463,9.023916260364555,2.9852618458022677,4.827139960186136,7.883090790298678,3.6694155888072233,1.0887992081046103,0.2203193503121535,0.14655573033998084,0.15188155401746428,0.7352763273302585,5.0936809545515045,18.390888556793335,11.039221893049056,1.5081710173487664,5.01168225546037,3.047874803341204,5.638352558003197,3.655497134683594,0.4271603211859862,0.16284093542445086,1.0744777780870596,1.8827224522108033,4.889693656832941,32.266096237411105,3.741274583498317,1.618454897498091,3.7734335394011387,5.30550364530375,4.1400249619176375,6.901260031656392,0.2704573434665799,0.12872985738419715,0.12243930716812605,1.2105553494129453,5.739329063483785,13.828426019174355,9.804409681573029,3.2982599410091837,1.8339949166053724,3.544682933505505,7.581795488215543,2.151639079742374,0.25182855925709,0.10238832268503399,0.10968692971269285,1.1402666841026756,1.8522413640889908,14.655950984547536,6.713947031679413,2.9658445369141795,1.5641640750078423,2.8250597470301773,4.8121961778492715,3.584854539534257,0.16759016983707742,0.10553230610946489,0.09350360587735969,0.5577908416657198,4.37004272452886,18.025269088550157,7.333767223022877,1.9166660756779212,4.338124327160899,3.6520792573185696,8.677334169305567,7.0270002507322245,0.20514896343400077,0.1384203629039468,0.12715803707515197,0.549256773216109,2.7375238019696644,22.39952793036774,7.291365668696741,3.1819663290157916,2.7278128733053326,8.57464304649902,7.521532211245171,2.281388784595915,0.23055827657567957,0.09332991573298646,0.08332173723417019,1.6657717813004644,4.091030739166683,10.590733198891083,10.969781279525447,0.5993598062718908,2.7788384347889696,9.961828182034434,4.511902930129208,6.3164048083535125,0.21951445102691647,0.14564607117685577,0.1262248278583089,0.4208212697073336,5.8902442264412675,14.574099970517059,13.793452482386943,3.691793862370153,8.087341775420693,2.42456659264502,7.382402548125297,2.8192834560597135,0.2060932642742991,0.11637674591954675,0.09683828008547421,0.30758019329198905,2.6326561101790396,16.73745019133886,22.28401896541638,5.126697395784159,6.359502014710058,4.390849785304838,5.9554585627731615,5.794762107018501,0.7495873381296793,0.16396437175331574,0.14405598600705463,2.180941653299716,3.270727323740721,12.959615503224233,15.196199934362403,1.3663602354650695,3.2823340600080066,8.07352440983778,6.2892923033596215,4.991142507582422,0.35566597874214245,0.11397964506259846,0.10009930459534125,0.347453802301278,1.6354299343641725,23.739986007963616,16.93644556204879,3.986451611544937,4.294951918877421
78,47.87923124990156,31.686054352351597,47.266020313385994,61.42969052632651,106.44192067423175,94.31958029429117,46.87949196600145,118.40619572054956,126.22938077290856,142.55271253278178,118.36689587910969,65.25539721827353,62.22874693593671,55.65205072637849,59.37523547141783,98.96626689020793,202.1853764589371,196.52924846140542,100.78917381286621,118.1711908155872,160.79231614430745,194.82285902946225,136.5055856730143,81.55409710053475,58.013390798261085,44.25482685784401,50.20746729820006,73.99864999389649,156.43152972805882,145.78552231343588,72.3550946980138,85.28011750252017,145.72642321014405,241.8830763589182,182.31347066752113,71.51198803071051,59.142482870778736,50.30440778365863,58.18601107443533,72.91852472686767,195.3356111834126,193.8187405420939,86.35581498422931,97.92526632985762,141.85678024546306,189.31241143257384,160.55046960957847,70.80875551531392,48.575113516776796,42.697549140958365,41.056257767215854,61.089828614552815,136.60746775596374,169.4410595397949,87.32849047630063,87.90129364998108,117.4795147234599,186.2900318121141,114.24741241709391,55.076721686086344,57.2169175154163,57.85946606302497,46.50746055356918,96.44741806920369,183.94990710227722,183.03743350728354,87.36948050960417,104.28754363275343,152.44887509155274,201.14177257168677,131.9996232808431,76.28310045057727,55.95422392076061,41.70009302463437,47.92847240201888,62.19343427022297,159.04895069614534,159.5200225346883,77.11118458901682,74.8203223665299,136.66191671752927,183.5321548338859,171.83953968556722,79.72097244508805,52.83196186188728,45.600227749171516,43.93738750088599,79.34677815373739,143.21653297916538,136.15106487528482,66.12596725956087,82.96370761994392,159.4815995101929,181.70760758184616,152.56045162200925,78.29965729498095,58.920257944906915,62.54928176720155,53.93264526859407,74.18421475601197,177.34297533958187,173.3609006881714,67.03655193944131,91.2079309648083,119.92811290995277,177.18004779200402,119.94098718770344,74.86385299190398,54.14610139170001,50.66058060030632,49.73445584450998,81.59269971466065,180.51285107397263,170.79340697224933,74.0677939654935,74.21688838835686,130.40403213500977,201.01766343024468,136.35816983795166,64.31585076608965,54.3392439048521,56.51922614299606,49.52960958419307,72.07008884684244,143.52751339697068,156.5991392796834,70.46027003872778,79.92093392649004,113.67047748057048,174.63536236916818,150.57594412994382,70.75229733251757,51.95732846290834,39.5261830213387,43.083731579934394,55.95294957605997,134.3427186646,128.06847955449422,65.64461418644075,54.993096809387204,103.47038190587361,165.1728872262278,152.80400112279256,67.25571240701984,45.92802581664055,47.494525131451084,58.04164310578377,74.82310012690225,154.7082373354512,129.92264105860392,50.21422048630252,71.70889655943839,107.08329607009887,146.55285658928656,136.0861018562317,73.073116969447,43.8904087755757,39.56895420337545,44.93536404148225,63.39890874735515,130.89495403535904,131.36582034428915,46.263934137898104,62.90826602935791,111.34471374384563,159.07831117199314,107.0064393895467,60.77898431593371,51.662129704875326,54.76551659729681,47.612554663381275,84.46357516606649,162.08448226190382,155.12490529632566,56.236504872229794,70.33614860042448,107.80976346206667,141.68086642726774,105.55577782567343,70.04630934930617,41.00362379381734,47.86422310927819,45.957388182609314,67.47018860371907,133.71961772180373,115.5823501548767,46.57021875935216,68.6686547630064,91.4777478981018,147.1174489753477,119.82663991673788,54.91441144143381,48.77987745715726,44.619971385683336,40.03582983570713,70.54462427139282,134.1581531832295,125.98258354441325,47.111024781503986,61.45193863038092,92.76100107447306,191.7078610820155,156.75874376296997,76.53237735133017,43.85025932065903,46.66917808044133,42.995613083377954,72.32408900705973,167.86576673815327,116.55488333765666,41.545910202764695,61.46388378020257,69.4091350886027,117.49948476975962,136.1183792394002,54.98019039769326
79,199.93604386852635,126.92124938964841,149.05072838567918,200.96627365112303,243.71097943705894,232.74472834269204,274.0419408490581,285.54912547449914,283.8260471598307,385.8490230437248,311.78327718098956,203.17602839316092,163.45177733390562,143.7402998551242,140.92706221057523,201.3128139801025,282.6543337225145,283.29612712605797,254.8672013707315,271.9516372188445,272.9380273539225,304.5074735678396,371.73517990112305,242.98570427679246,174.61323333248018,150.78741117073398,152.71660668157762,195.2938859761556,255.277138878607,242.80645070393885,249.87505762900074,296.2418057940083,289.6373487650553,304.03558122204197,382.4640182393392,265.91598122873614,167.0216603137601,145.5600538924645,160.12499664306642,206.20744363403318,321.4837899878717,299.36964602661135,281.0574633789063,282.15501945249497,312.6916378479004,319.4571343108147,395.2589100341797,265.27507173599736,166.02923234508884,155.94832393965697,132.93465926631805,201.41016679890947,269.68285512616563,256.3459289042155,266.31356600853707,306.78146964780746,288.1201640319824,328.1067263793945,292.0005861918131,230.27157880229333,148.5878362741778,138.0791400740299,139.63256988033172,205.0033950398763,284.26970310334235,260.4064281717936,241.6198292590726,266.65808735509074,288.38810987345374,323.884799066359,360.6917539215088,264.1224152891097,159.79938003047818,133.4996169128794,126.04073430707376,182.3421388804118,226.43254652454007,226.4401545003255,245.34030537266887,286.7373036144626,260.03333196004235,293.2354835362588,389.3862612304688,246.7761865234375,142.42930163967995,127.36196393750569,138.421971957299,189.95330233764645,240.03727979106287,229.31062002563476,231.0737396535566,265.2718639053837,269.77175400797523,294.537974499118,353.50174581909187,245.9808304817446,165.67940982941658,162.4993352658878,139.33186086839245,198.8451101989746,250.4169785924111,251.89284355672203,236.02916584630165,259.2100384423041,271.03616117350265,278.0110864553144,315.53222438557947,236.41726044193388,165.76049818469633,132.3752282821956,123.33914065453317,179.02425079345704,237.9105259556924,223.57762238566085,234.50566824636152,261.40126979704826,284.32335353597006,329.7250120298324,366.157131612142,234.71927169307583,149.68495244180002,140.20466835905182,122.77723123365834,181.2441006673177,246.12071927470546,250.49908411661787,268.5744709137947,277.9067936755765,260.35922949727376,290.5259759226153,335.8873552551269,224.1096774882655,147.98916043189266,133.92452461205093,117.55787043417654,148.77786253356936,200.24620139829574,218.11719380696613,235.54308453467584,236.21364565941593,262.5975242716471,267.69449351649126,331.0498915506999,229.95826428813317,158.5399152005103,117.4707703444758,118.13102195985857,167.53756611124675,223.77357952979304,232.87643798319496,215.46240228468372,224.64679187405494,236.91842982991534,277.67921680573494,285.00179588826495,198.2834419890373,147.37590852306735,117.71073831905873,123.13759308353546,161.42327085876465,212.9427736146988,219.05881022135418,234.00721830306512,262.51911076699537,261.6558182474772,313.73811387585056,305.4980973002116,215.3679546430034,136.1236496710008,130.32956137389382,133.09801439839026,197.76489762369792,216.27992891865387,227.71273073832194,236.77410681939892,243.14342276296307,241.72146327718096,245.77832178423478,273.3041668548584,201.81170895484186,138.13300197970483,122.91985442758195,115.46198117163874,172.54706985982256,207.3939113690776,207.45608510335288,197.68717540617914,231.7201125311082,243.2676256306966,275.50485241305444,323.04079075113935,213.92180599089593,147.05788542716732,129.42601484214143,120.47741231118479,174.05724977620443,215.3712433894988,224.84605366516115,221.75709552395728,232.16889418079003,247.78329094950354,292.78901116648024,328.9320172271728,264.2776493983115,127.43583278532951,106.97038576191869,108.65338815504506,153.70256440734866,223.97815350440243,242.617696589152,229.80097534179686,222.86145237584265,215.9751954905192,243.8646300826534,277.9105548095703,189.71714736938478
80,523.0703694989604,370.4427207946777,270.89020247920865,259.642817179362,462.72520082535283,856.7000992838541,1011.2491842946699,1025.6887486611643,1251.0133211263021,1512.0748753701487,817.5336562093099,549.3823048253213,435.08251281738285,349.58858890401905,256.8746938496251,271.4072033589681,399.0894249110068,1065.9646726277672,1214.7212183404738,1137.6282366352698,1191.2386660970053,1133.508896976594,773.4540071207682,504.9183125945061,424.7843682270665,309.7299431117767,259.91409797914565,255.912523824056,359.80637919764365,846.973755686442,869.4184465568296,933.4424884820753,1093.598859781901,1110.548004229146,678.0259443155925,508.7445306593372,430.77823041362154,331.90174346097,271.86594173308333,229.8140799763997,412.0131994038244,1013.5138783976236,1073.3391584039505,861.1361815815587,1220.6019580078123,1180.8858582921182,801.7888376057942,503.78131818217616,378.59629211425784,301.60008354976264,231.64545570619643,245.73789618937172,391.1084050726121,1043.7957291056316,1157.0886461614793,955.05760035361,1109.317383239746,1084.9523170914188,705.8492432250976,479.7954364604335,417.1090789105815,314.47660190864156,232.9335356090915,218.69765549723306,468.8681697820848,941.6463781738282,944.6202623527281,877.2079986769153,1070.1066362101237,1249.7141169394215,869.4440043741863,548.844750523721,432.8582186988092,308.2297471107521,237.30222244754913,225.45573608398436,420.18765431065714,940.445300028483,926.8338163708104,887.821142834079,1148.129310994466,1262.9954361060359,829.2825304158529,573.0585320060484,417.63998271326864,293.4583741587371,229.41918035691782,220.6963398234049,387.8474550702495,844.6224383341472,760.0388087709489,795.5508741809475,1139.5945806884768,1210.5867963827811,763.5419313761392,505.90267617502514,443.56133273216983,304.30247577986694,235.4065853291173,214.94200105794272,344.33566982146226,847.1359485168457,993.1515348766698,821.5718413715979,1081.485917602539,1238.520747444399,741.680242614746,537.6094229027533,352.7362791492093,278.1843651817585,212.72588540354081,222.43113231404624,344.9926779962355,841.6847164510091,875.0088704361455,666.0327896610384,1026.5243654581705,1065.6217735831967,765.8750478922526,463.29368077431957,374.19801035235,274.22405402686206,207.69423180364794,200.20674899291993,289.73979124007684,746.1336602376302,874.4273953936178,695.2969645740139,884.1748248596192,1068.6846673485538,717.417489095052,471.6164977535124,368.8769399433751,260.58496133325133,184.33967691729146,192.24895759073894,283.49336546867124,750.3093261617025,801.4552311952651,610.0766750606414,862.5470220642089,1009.1186464371219,666.9659317423503,414.7508007418725,298.54996938397807,226.7573084608557,181.53377601869647,185.08963607788087,284.64148857855025,716.8494036865234,681.9512052277594,573.17019515499,852.1682204996745,965.4648571186681,653.726769551595,381.8361601601878,315.8377755638861,241.33343686747435,196.84213448801344,179.28146722412112,285.3022573655652,729.4360563456218,715.5908946178805,617.2657949927545,805.5639411214194,993.7263108185798,632.0746926676431,405.8768714264901,338.4233870081748,242.05397345444248,168.5211668937437,170.32978580729167,331.5891403493573,811.9789125671387,682.5064367183563,573.168336890436,750.2038768107095,915.3043925820627,673.2296240844726,454.6025896133915,310.48858843403474,227.9550397036698,169.70213386781754,155.23152790323894,260.4852280450636,640.8510274454752,578.9549196993919,517.4502760462607,701.1097736206054,959.7482349223476,616.7234548238118,376.53561861099735,332.60866460984755,228.0848464589988,161.3629132670741,160.04853483072915,275.09640085527974,682.1010506286622,588.3963797193958,496.88359443910656,840.3462936503092,1206.3465330849922,673.716789428711,411.13214573029546,297.79359410439764,204.5319458056671,141.0779723825762,152.49456677246093,273.1551034250568,727.7121386617025,630.4107844986454,392.87052050190584,650.5908645985921,848.1112705747543,675.5636119893392,363.8458867325321
81,151.53212787259008,116.57401095799037,109.6998276249055,107.68565307617186,215.5687433550435,351.4736038208008,645.4791669291835,664.7448288456087,864.3200113932292,664.679395515688,263.51150085449217,195.6215108563823,161.30226954306326,131.20926918781453,112.58238096175656,119.32088424682618,223.3524110264932,425.61833533732096,549.3251055908203,684.4184581535094,691.4398236694336,548.3521579471711,286.53584629313156,168.39889758694557,158.70919623590285,125.54799870044728,114.95362485824094,118.01089326985675,180.72513541929183,444.8329245808919,543.8260986328125,660.2355241541709,740.976152364095,557.7503333110193,252.64670688883461,185.48968099286475,159.98574354602442,133.22840776866292,111.16309969994329,115.65093128458659,228.84945127425652,457.82395638020836,577.0000526674332,575.8289505300214,816.8698381144205,576.0263308617377,285.6907016296386,168.01139296008697,155.02961625622166,139.38825201137902,114.18199215796687,125.59025963338217,206.5600125417402,427.01642274983726,629.3761268468057,635.4140515530494,727.1247028605143,550.1909619928176,266.4440742899577,182.367521214639,147.00920985068046,131.0891078486701,109.56441124700731,105.40203897094727,240.87419766333795,397.63478220621744,535.5597320851972,581.1942129811935,721.240591003418,616.8781165042999,299.85244817097976,168.43047464678364,150.03094288487586,125.19815636056983,106.0166783585087,110.97314170328775,209.00367477909214,429.04475504557297,573.710311436807,668.9387179270097,732.160074605306,594.9597951187626,275.07558820597336,180.16854499078568,157.70247047670426,122.87978047300444,103.9931548875378,108.79329774983724,199.4226710461032,390.20225063069665,489.4502268932712,581.0330904659147,797.454946899414,622.4347488698652,261.9422354024251,162.09905497889366,146.75694416661418,120.9280648104663,105.59062901650705,104.84050737508137,202.23543925623738,417.3099484965006,521.5861303710938,557.6669499452653,827.4333134562173,612.3268559609689,271.27677393595377,172.67146759033204,136.9544690433625,119.39985926397917,105.15586608886717,105.194079691569,186.39071981122413,429.2123330078124,513.4787502953315,462.86832545126634,795.7265350138347,580.3582723802135,285.49346236165366,162.9242682180097,119.59756907801474,117.74255324659676,97.22172666980376,111.44490090433757,161.92791369530462,351.13706475321453,474.53550956479967,453.4295276863344,642.7048575032552,595.1204982634514,300.29604205322266,150.77226808609504,132.37014951644403,103.75969687250446,95.7257203821982,96.57753513590495,155.47825861777028,372.7060745849609,460.52263221986834,450.6072613131616,658.0215255025228,546.3390472608996,270.97983241780594,156.21653501449094,112.34642277379191,101.82448394474724,89.85167089154643,91.79110635884601,151.74658717986077,350.8625166625976,448.67563861477754,430.41965512183407,691.3700691935221,605.4809810023154,261.54702734375,125.26868824128182,133.52578305152156,102.8130522790918,89.87484367616715,91.36976274617513,151.05655433900898,331.5389560546875,451.9031027123236,486.3723143842143,660.9530506591797,625.3338744821856,260.07609778849286,141.9851566043977,123.92814767652945,106.17997172877119,89.4439874907463,86.54917799886069,167.70515554612683,371.6806254374186,396.59819965977823,411.6735038412771,627.9680450642905,597.9578896700953,291.7520485941569,152.36035282258067,113.51960377846994,95.18476504189627,83.72034208728421,82.9343408457438,146.4883066928002,347.51988441467284,383.0261318329841,421.3497180864888,581.1640414428712,593.5599692953787,287.40117186482746,131.50483052899762,135.1374233172017,96.86662239638456,85.39084393408992,87.46655806986492,150.84669236213932,331.5711899566651,427.52758520310925,399.09343099286474,648.6706320902507,708.8403308696132,259.89007599894205,154.10775616553525,112.11800129059823,97.58796707453988,82.35039538967993,81.4490738220215,136.40081419914003,330.85239108276363,451.59876233993043,378.30458223404423,586.970466837565,574.867818121141,274.5071981964111,131.80166857319495
82,383.34221910045994,343.6727098737444,397.626732610887,476.92655293782553,412.72053212811863,430.24727589925124,417.8742995723601,349.09108168079007,387.0354403686523,419.0690599995275,409.1479819742839,385.74899006505166,387.83894547001006,440.679853748641,411.25736993605096,430.22616455078133,434.9963348388672,428.26391135660805,353.3353693808279,345.2452729846585,383.1447718505859,405.04615819131175,413.86193221028645,384.55185728011594,395.7004996613533,413.46648133977885,449.63898360713836,454.62204659016925,427.2450050600113,378.39733382161455,362.77043384182844,377.6332751858619,371.0334458211263,384.2877581393334,406.4555673217773,379.75716373566655,402.7635960929624,439.7089271199644,431.8623614895729,465.8201295572917,470.31259129678057,397.1520570882161,381.348809991652,367.77300582393525,396.1527064412435,433.08382686491933,424.27608662923177,399.05050220120336,396.6692563555318,424.96766848033286,394.2606201368763,438.09909539794916,442.11406442949846,397.46518078613275,391.15754402406753,391.36085035754786,402.94895430501305,441.85169986847905,411.73626328531907,392.3980928088773,372.1931986162739,396.0420301232549,407.73724975585935,445.4161846516928,471.1276301033266,408.3664544270833,364.87393028997604,376.2503245495212,389.9731481526692,445.4300323880103,413.43366206868495,399.53840883316536,364.9935064303491,399.3529346980955,388.7782299410913,426.65603694661456,433.8859447060862,384.5842123819987,386.9132395885837,395.2833885734312,377.2890811767578,406.7656836921938,451.5158934326172,421.0055730413621,341.3720761994393,392.2169867672475,406.7434049544796,426.21244883219407,418.6045663353704,408.9603853556315,354.73979606382306,369.4942777769027,382.65331052652994,406.4415142822266,420.02728615315766,418.6605180112777,388.9564622251449,451.173387990867,424.43527694209934,470.9436442057292,462.4939713804183,429.82842289225255,358.353408616589,369.4448805679814,397.26235603841144,420.88077552057086,434.0134620564778,386.44008781186994,397.8131271657636,422.3809218961969,394.149345368416,436.497061319987,453.0228387451172,423.0485330200195,387.2019418630292,363.0164001464844,384.12230072021487,420.76999998031124,426.57465500895177,396.2465146366243,369.2699423709993,429.506600886002,411.88210681546116,477.9083174438477,446.7173391034527,406.7197010091146,413.08550950573334,372.4537389349168,386.7819404703776,407.51143304640243,419.2501196695963,395.976465335969,380.5457200967112,424.11501084050525,408.0319059310421,464.9772746988932,471.8354341962261,412.70307102457684,424.0894746841924,377.5012615769909,389.00334753417974,419.7714183782762,431.9100368855795,388.9657644751764,382.0844170355028,372.8938104060131,393.98736414755547,478.3891841227214,456.3223514089277,423.10578955078125,385.98984065886464,361.6508907982611,364.1113016764323,407.02845586961314,431.90200113932286,392.1023742675781,364.91577916299144,365.4039722844767,377.36366122338075,425.782843343099,418.8389043795678,429.0333125610352,435.83976580219877,373.5124023634388,391.3213774617513,433.71284396263854,448.7061575724284,386.65930910172,388.03919539913056,458.4823929066024,441.1997476097846,499.96767726643884,476.27112722089214,432.7542637939452,406.0857933192099,351.7070677726499,376.4739937947591,408.97709647886217,437.0305407307943,402.04699514081403,358.53535286195813,392.32993866943957,418.0791579117314,479.14744557698566,454.0058774886593,436.2789533487956,360.2111647082914,356.7936773287866,399.8240110677083,409.1483455141129,420.30285601806634,402.9119348932082,381.93239177088583,381.75011496407643,402.5123430215159,448.33935837809247,437.9992638766381,421.23568483479823,384.20306792228456,358.24951260474415,368.43933406575525,428.22438708889865,425.7906887817383,438.05491130213585,375.8208054868636,398.0099452096723,410.79083596506433,491.29483622233073,483.0843893924836,453.7453799641927,412.83646988407264,370.60340560420866,379.7553190307617,401.4147587536228,442.6514719848632,407.2525511120212
83,137.25332934471868,120.85801543508259,219.66041808589813,310.13307604471845,197.9216867877591,136.96408523559572,60.67063014122748,26.468970772527882,18.277175973256426,14.142027159660094,14.356209125518799,29.998128066524384,49.731455812761865,118.80540987099332,172.6820851910499,205.81135851923628,125.10412576859997,73.03735563405355,51.41052402988557,29.69757711841214,16.761702994028724,12.447173079213787,12.904658222198487,16.637270990187126,44.30768366782896,118.3021454876397,184.59794374158304,227.51003684107462,118.37279758084205,61.989598631540936,54.62651136090678,27.497230393194382,17.510959411621094,14.950131837168044,13.715606021881104,18.773380636399793,43.49491044813587,144.29627630440473,207.86041384666197,220.89604545084634,102.66709908516177,46.811162771860765,41.32348764604138,20.43368936846333,15.076049682617187,12.982428800521358,12.824559115091962,13.348164766373174,50.05811507809547,87.37788588472188,182.77147959432295,187.23973234812416,97.5745241780435,43.481960820515944,32.31071624632805,19.533968574770036,14.389278142293296,10.835255142950242,10.275715990702313,14.84907508727043,42.49361421892719,80.04008381986853,197.76669713051086,249.52609930165607,89.29156037484447,48.50876927566528,45.70358244372952,25.581284312586632,14.847614164988197,11.322649589046355,10.535246962865195,14.682214692023493,68.67008589037003,110.6627189941594,201.32314099465648,252.29115420277913,115.2507536032892,64.47251943715413,46.96646765308996,20.407405335210985,13.876148349761962,11.374636615630118,10.486762603759766,14.198724416917372,66.6760759624358,129.11024764375733,249.28440101746588,251.63465940475467,104.56775638826431,59.174277121226,33.575330282642,20.523605612477944,13.467446077982586,11.13650397023847,11.384206235249838,13.766367459450999,48.22921953201294,152.06763060344264,225.30873762930597,321.40670112101236,147.72525384472266,68.45940953445435,63.35253897267004,25.088221236198176,17.065069367726647,15.018834842558828,12.435064437866213,18.235349199848788,87.52797811077487,135.80759241912165,260.96684958673296,280.4594352010091,112.14510559082032,54.650133249918625,39.773858034687656,24.248522768328268,15.76200848388672,13.38895230077928,14.57619564565023,23.803543595344788,68.95823340508245,151.3454257097855,221.83522083159414,268.10814376831047,126.83805182057043,58.920520502726234,41.61155765656501,21.27863623342206,15.529273864746093,12.30655017975838,12.216595241546631,21.409684453164378,72.37971241858699,123.28811659329043,231.2626387811476,274.9865149943034,127.47026568382016,49.87361614100138,43.88975045481036,25.53336932274603,16.429266698201495,12.317788786119031,11.57909464263916,21.16079579014932,66.62585460478259,136.77523588234567,266.47847958041774,335.10668664296463,127.25727522080942,39.75999079386393,33.57661268172726,21.407100687334616,15.334780372619628,12.865012888754569,12.30796065266927,20.82625126623338,76.72886360845257,159.0281087555204,275.62670601075695,324.5859854164124,116.17010059233635,53.02266482289632,35.297495502348866,21.133505379461475,14.63366194788615,12.894264640808103,12.526581670125326,18.019971144891553,103.11988867975049,149.40498762732068,245.04460329486477,291.6294680074056,119.84129009739044,70.12352792231243,41.00578802662511,24.832293489517703,16.85953093592326,12.854798767951227,12.995658736546835,17.717157439570272,91.52371607811222,161.11799099600373,341.53952449552474,312.4627507019043,127.757088418776,57.94657108815511,35.18635899451471,20.69066765815981,15.58944160970052,13.263232850105533,13.07887078412374,20.50764023996168,91.87438333880516,273.23394858303914,360.69972133390365,326.8038382047017,94.41041035313762,46.66871661249797,33.70128524780274,21.26788405141523,15.367240782419838,13.149813691416096,13.191162119547524,17.80218983311807,83.07759428578039,187.59564173172262,270.4143353776009,338.5658470446268,153.61109538416707,46.31013350168864,32.60132155695269,20.352822248397338,14.374285717646279,12.419705499218356,12.154170675913495,23.37080193427301
84,1499.107177734375,1681.2243743896483,1402.2389175907258,1042.0514632161457,751.2538631316154,606.4885166422525,499.8834305301789,422.2581440587198,548.397367553711,738.7049891318045,1191.1928204345702,1301.5659530147427,1657.7595809444306,1793.9977967511259,1652.2329785943803,1276.152787109375,1084.1590766759073,877.3805450439453,582.7290302891886,536.7270287692162,620.3737846272786,953.8670018743699,1284.7195870768228,1512.126560609879,1724.7823308341735,1928.196872555587,1578.4470203030494,1305.5846207682291,960.9106069257183,857.7517019856771,608.8253637695312,542.2340137112526,655.8468450520834,906.6769456826487,1173.6399839680992,1539.6886978641633,1747.1242434790827,1799.3137416174377,1509.9713113501764,1188.3301423339842,984.671719734438,849.3937281087241,658.8920079385082,556.8045716119581,652.3928102620442,805.1932816043978,1221.7605159505208,1602.3550905289187,1951.7094161888858,1844.0683466959235,1676.9225280367943,1407.849057006836,1033.3048971852945,772.4120996907552,623.6506374826738,512.9451329778856,673.7423388671875,909.4838821115802,1127.0842623697918,1594.017271216608,1964.319236469884,1869.2413265164382,1765.7656351594003,1507.7699541015625,1182.6411185578377,916.1558960774739,685.1900063397807,559.3568654312627,676.1766888427735,929.7823705267137,1224.1137892659506,1657.099519751764,1840.6949733807967,1819.2063854258872,1713.4582139931954,1374.512126220703,1096.4122540873866,775.9237303059896,631.9702849751135,600.9549256158643,645.4151082763672,902.9746763167843,1269.2141730550131,1638.4965664377519,1771.2110110965853,1720.959629423395,1695.1464108965472,1323.6216925455728,1128.6739718923259,890.2170292154948,578.184086205267,522.6210722104964,616.5162645263672,892.1443646043347,1142.4096634114583,1537.5387227507563,1775.7084237178678,1779.1892751067965,1705.3096863186743,1415.677951985677,1080.5748601704258,803.361114501953,625.3731745762977,535.9902080314391,671.5334567464193,1002.5898393790955,1346.13273828125,1671.8307478972406,1662.4880723916328,1916.4152412151466,1688.027050387475,1298.3119853922526,1136.5524347908267,879.3973142089844,648.4400522145918,529.4097613722279,634.96865234375,1063.4401613297002,1357.960493733724,1560.1880710527973,1842.8376838142642,1813.246081013797,1734.4733585086947,1324.2901581217448,1032.8333980043474,848.6413854980468,680.8386050119708,553.9139173544606,578.1486428222657,877.3805556168096,1335.5399479573566,1733.2080115139865,2116.9612999306955,1960.2395379849138,1653.4578948383944,1278.334944539388,1113.8966570060484,854.3929635416667,684.4645164046749,538.4226388057584,620.0340887451173,933.0444559208039,1282.7470298665364,1681.3773674552672,1877.8273139805947,1836.6481471831223,1716.0519902186243,1356.0470931803386,1130.7945180979084,925.973047648112,650.8908532714844,558.3832365171372,663.7456327718098,915.8901774744834,1285.6756885172526,1839.8816775217365,1852.979021389869,1791.584456077538,1715.6984307270664,1413.3817038167317,1025.869083094443,810.7845555826823,590.3121155178931,530.7651306152344,711.0698712158203,944.1495806294103,1191.0523256022136,1765.6086584078882,1991.1255744392643,1951.3810554271379,1713.6328529013358,1540.2002960611978,1073.8152079920615,957.6840930582682,671.6744032730594,606.8149054151966,672.572322224935,957.8375297694053,1465.8736599934896,1888.615041346396,2044.1490804955265,1994.606479654547,1915.0441585023939,1450.0294320068358,1297.17189437374,1169.85382808431,695.1172222309727,563.1053084441154,654.0777276204427,964.379458952873,1377.9687682291667,1886.6504805238787,2111.642454873362,2053.8031267107885,1879.2865061113912,1599.8641887207032,1198.2369016979587,952.5175276285809,671.6041653934601,558.51083984375,681.030419962565,945.5088987682711,1379.4116229248048,1833.8956152737524,1919.9023387096775,1997.2484046973616,1680.745110375189,1538.1043194986978,1263.777687594506,999.6496386718751,693.9988689594884,633.8464464938255,717.7067945963543,866.0224327431955,1315.1258092854819,1730.0294399335307
85,77.99503551606209,60.665560068402975,43.68460408487628,18.347206856409706,9.040614900281351,8.66146874109904,7.279409054786929,7.218882369995117,9.181356360117594,9.625870904614848,15.091855421066285,24.291528212639598,74.28180769643475,55.19097819502131,44.63830988484044,18.744392426172894,9.629492522824197,8.219891661961874,7.92910187259797,7.814984528326218,9.076721853256226,11.16706172266314,15.093056192398072,32.91006047341131,75.53433939718431,65.50440922436455,45.91245370434177,19.9488158976237,10.078578637646093,8.201310032526653,7.791191777260073,7.670722343690935,10.009705491383873,10.102298651664487,13.497389141082763,36.91847034208236,71.46842272358556,70.62732538951443,57.813538910650436,23.2657791112264,10.807350131619362,8.771326910018923,8.176379934741606,8.346959031628025,10.191538738250733,10.613709594357399,14.750879317601521,37.51087801594888,70.11037218032345,59.00748463548463,47.94774131221156,18.914190973917645,10.187290057520713,7.664412002563476,7.341660110104469,6.932723636011923,8.481466342290243,11.598819842184742,14.183254109700519,27.862043276756044,79.05984072162259,61.23766334637045,54.814843313155635,23.614524866104126,10.568128173582016,7.9874009367624925,7.154241855375228,7.313661890337544,9.85088663927714,11.727065118974256,16.99980660057068,32.66524804330641,66.42887187896235,60.430354747631284,54.89879565454298,18.439803020477292,9.29322790453511,8.156744515101115,7.1285869143086105,7.089833473082511,9.077265965779622,11.611788925047843,16.079452899932864,30.75138312247492,72.66818607453378,57.69436272301698,52.89161539754561,25.501474217732746,10.213535540180823,8.126116189956665,6.9465223232392335,6.8339704353578625,8.843992035547894,12.044686459264447,14.653611003875733,34.242700114096365,71.77230684157341,77.54365649129369,62.13912715358119,23.756229078292847,11.319269958619149,8.751158620834351,7.982920730959985,7.660891165579519,10.030528882980345,13.903698380993259,15.566270250956217,35.73329954270393,71.39032054470431,78.22212427491624,56.28420856721939,23.629502988179524,11.664733652914723,8.951274904886882,7.912557293676562,7.642997661713631,9.664574017206828,11.451683051201604,17.772350971221922,36.29974622049639,73.80839396692092,72.9711794683851,55.565642549453244,22.663724742253617,10.702104005505962,8.509216623306276,7.825178901918472,7.667447361177013,9.428478635470071,12.765610293726766,18.31203414662679,34.97560716936665,79.90055650588006,65.31824655784173,53.79649985221124,23.60341346995036,11.143814239501953,8.441319730758668,7.655616419392247,7.5627042905745965,8.92417154788971,11.500366106340962,17.272591000239057,40.06619482624916,66.83835727691651,76.2115614813537,55.66715171321746,23.672415802001957,10.772063132870581,8.622393535614014,7.848370424086047,8.020175423160676,10.928131292343139,12.216902128650297,14.440871603647869,30.48735682887416,75.95175627616143,62.2002350215724,56.42916074260588,22.690285121281942,10.074556019075455,8.02543780517578,7.465520369006741,7.443940886835897,9.236017121950784,11.098888092963927,15.728052384694417,33.46460819798131,72.63122513309602,64.8943839661476,49.4434806528399,24.96571918042501,10.309325075764809,7.531517820040385,7.230010957410258,6.896752752796296,8.722787145614623,12.166718087350167,15.260395488103232,33.99816187058725,75.34184122700847,71.8342764946745,67.92387614957747,24.302607864379883,10.621017547115203,8.071024260203044,7.1933756385311,6.992032334727625,9.65496772734324,10.890389781767322,17.057934352238973,31.460003276948008,72.65199741671162,73.77593382776665,57.09324810335712,24.5774373366038,10.91853720757269,8.495099672953287,6.636036302505,6.961686916351319,9.06179974937439,11.09237234484765,15.185064863840736,33.047459080603815,79.49311988584456,74.65943512730998,53.0234177577111,23.893203762054448,11.551337907852664,7.786433987935384,7.220706146609399,6.692923519688269,9.62749779287974,14.579581788586031,19.763430663108824,31.95191035455273
86,180.239894547001,117.35290543692452,163.4340850830078,269.4822545369467,274.6416795299899,260.91269256591795,282.35363498810796,264.9931261124149,271.57425282796225,357.0475716867755,348.99971272786456,221.51149208314956,144.89951609949912,130.8338964659592,166.1442113913259,243.74318923950196,327.89265310964277,291.31539951578776,223.58498396350492,222.8191751197077,240.86292029825844,327.03693919520225,353.50080603027345,233.51039520263672,158.39093623991937,149.46153654126698,179.42043033722908,246.6134327799479,298.2308944800592,233.5213228861491,219.27189718923265,240.42070430632558,256.0293429260254,323.72948046284336,360.39840946451824,236.68941069572207,147.76082921181955,145.65680150938744,183.59889472223097,246.8106978149414,334.4180463335591,276.02363321940106,221.22057609311997,242.70791132773124,267.4930148111979,341.53831920992945,414.89000237019854,241.15012771114226,160.8758578392767,153.60495864266835,147.7916937748078,246.91353225708008,317.2570404348065,274.7713774617513,236.15248705464023,244.32181122810607,251.200444519043,344.7799041452716,328.02150663248693,219.55042237312563,141.53990502142136,135.52332012420806,162.97100179364605,257.88805694580077,325.86057377969064,268.2357722676595,220.49395066784274,223.05775336480912,278.9210612386068,342.7585113426947,373.82543811035157,234.4875946537141,145.55500767861645,126.57355481265213,148.14821434267105,222.43475188191732,280.247209364368,233.97561321004233,223.95101105720764,242.52194229618198,253.82256037394205,329.4826487092049,388.26806097412106,242.60256276776713,133.18920436736076,116.49264655108523,145.23737308133033,229.82046286519372,279.80947435932774,234.10789845784507,207.5937061137538,209.58873226042715,235.93756766764326,307.9659947450699,350.55490886433915,237.8659500712733,159.70316799040762,156.8791523569793,152.55374632312405,270.5013705190023,298.0636396346554,273.58638914998375,202.83837329495339,205.64595763175717,224.5611731974284,300.0854861843971,353.30755385335283,230.90737149146298,141.31365047823996,129.62849044311224,141.0385720037645,213.60693077087404,267.0153426484138,247.31493932088216,208.5146667382025,209.10311148366617,260.1151113332113,318.44038730744387,353.1138602193197,225.94802648728893,138.3706166568879,128.29442355094872,127.96705505863312,215.0707774251302,286.64462769046906,239.56317173258464,232.52400208503968,239.55184414279074,247.3172225697835,305.6832016138877,347.570754486084,221.1663641652753,136.97886747298702,120.37549513192012,133.18245249102193,188.1747730255127,228.5340704394925,226.99789564005533,223.0280267137097,199.97781336630547,230.4614990946452,294.34606600853704,349.9033058268229,230.99378620762977,137.66671541275517,113.1280623470739,138.70993058235416,216.8992190907796,286.9963715485604,235.8444359741211,188.4267548001197,192.74781453778664,213.41382292683915,302.0105187200731,314.61270981852215,214.87639467300906,130.83778535904423,109.32748847322512,133.57523366128248,206.62710327148434,242.14698511923515,210.87191377766922,199.95858987131427,206.54148886403726,213.26044358317057,302.52157611477753,314.35951042683917,203.84180641420423,132.35409650741084,141.88562557878163,157.3550619900611,264.6748164418538,251.13214420441653,238.82214658610025,212.22416898665892,189.4804580885364,225.60317785644534,245.898839081795,292.01084184773765,197.68927809192286,117.86549873105942,112.74001970544825,124.51541406446889,238.95106737263995,258.0362433845766,203.45946496582033,178.34609379922188,192.48769893030965,204.14054575093587,284.47224209200954,334.21865991210933,199.60641712311775,137.17394682361234,121.39477996732214,148.595707269484,234.95273907470704,261.25971638341105,226.09968105061847,186.79603098223282,192.26736058388988,216.1077562967936,296.7671459173387,334.6851672007243,271.078827140562,114.93211339150704,94.35776091157508,117.0452442784463,209.32494325764975,279.50609504945817,263.88798465983075,209.03874059861704,179.0017839001071,200.7608907877604,252.19668011573054,299.36831161499015,186.3366052590647
87,49.74032623229489,102.00090550695147,55.750197456729026,34.03644110361735,11.917040889493881,8.282273858388265,9.866381860548449,5.951659848613124,6.285317897796631,18.428047335532405,35.39262323379516,66.25060575546756,46.78237013663015,54.99796427928756,61.29228932103803,37.55104869143169,21.696679889925065,8.600780756632487,7.457400584989978,6.8662374438008955,8.230380783716836,15.66459504958122,27.49362445386251,47.07677257230205,55.9954376411438,70.17762336474922,56.795240561577586,34.060367430369055,13.244657844420402,9.586306680043537,7.355946069532825,6.508773792636011,9.777173288981118,19.69639829574093,30.424127444585167,60.333821149333836,55.17952461058094,64.82831424302069,59.69382405680996,37.46720446459452,13.971674635487219,8.488379044214884,8.554116847745833,6.383863519853162,12.212441240310671,12.885158522513606,32.43131124305725,65.60677222836402,67.65271138221988,52.42959795298835,66.91964904169882,38.888264986673995,14.225125230973768,8.212341083526612,8.01856123770437,6.707153763617238,8.000762571334839,14.147062779703447,24.93449884319305,55.809057049597456,68.93744525663314,66.84779459434189,58.67435666299637,38.933134737014775,15.663750142128233,8.94736635907491,7.097285017198132,8.377884808201944,9.614254082679746,15.468500973793766,39.69266298770904,70.03140151177683,51.87117350855182,47.151493451395645,54.98308305555774,35.55913554700216,14.850927549792877,8.017172767639162,7.502307256575554,6.329819927830849,7.5273820390701305,16.835126251405285,28.342990355173743,63.90740554748042,69.94712101844048,65.03165925040034,98.9961852461292,48.05009630393982,21.670160318190053,9.755724007288615,7.551906394958496,6.384197826077862,7.3937287979125985,9.964217155825708,24.9178367656072,56.24591496190718,59.669968918215844,73.05578974566436,53.39674119395594,45.08025653076173,16.317914938157607,8.433209837595623,7.189703193172332,6.1455054184698295,7.990270136197408,21.629000784043345,32.45565122540792,58.64000235742138,56.29330314205538,75.15486198453482,67.29410430231403,33.5867631816864,14.04262626771004,8.046093178431192,7.892734328854469,6.2292419895049065,9.09138645807902,20.60354039499836,32.976137344360346,52.54479094597601,75.1225021565345,86.03741074479858,63.095730715720876,45.843919071833284,13.53986089214202,8.473916517893475,8.075909084812286,7.384804296801167,7.27549007542928,12.514225945011262,36.141027388890585,59.21800956172327,64.23704367114651,48.489828301392166,68.00235680487849,31.82607550366719,13.659781451071462,8.558924390792848,7.573587806455551,5.90658913089383,7.763894127527872,13.296578816444645,26.26478784751892,61.741102883123574,59.21775895518641,75.57611277018862,81.05635857120637,52.16589040629069,18.86041427550777,9.254316696802775,7.929415566844325,6.553667804348852,7.025025460243225,15.867120901846116,28.520128893852235,58.80853293664993,79.08108637409825,70.66753354126597,75.19774336784116,43.36310082499186,18.126459582544143,8.86056676419576,7.967265386273785,6.249612627952329,10.054968479156493,12.470287182407995,24.226490326563514,51.33365911453002,63.778949638489756,75.9979622429345,50.94485397584977,42.718010361989336,14.731218179887339,7.846246068954469,6.686829990263908,6.543895933397354,7.827474742889405,13.797361401281048,29.673285118103024,53.6305037080088,53.73435635905112,68.34696544398227,77.46262287509056,43.83287010701497,20.027606869359172,10.053767447789511,7.378770926690872,7.6468479974808234,10.81000594997406,12.418959685910133,31.015798550923666,43.89808553634151,84.14015427897054,99.43188740387336,77.76613335209508,62.75925195503235,18.919590519320582,10.426404093424477,8.184265709538613,7.0031676027851715,9.078365107218424,14.879507230635614,32.018463225364684,61.36175846284435,70.73102049120011,66.21840074896225,77.24786018863801,43.693768783569325,16.521466592358003,9.885110285441082,9.264606512746502,7.696998008297335,11.876687593777977,15.261460909689626,32.42298410860697,64.9653103736139
88,24.16879949262065,23.333230767931255,21.90754381610501,41.31012933095296,43.79880065917969,104.54913618723552,100.1688833667386,65.36599399197488,56.7395758565267,37.074434145035276,25.99991887410482,23.26288933292512,22.85491004328574,25.113357650211878,34.12535072818879,36.76851776758831,59.18998999072659,84.29047060648601,96.43459517448181,85.87808704499275,55.63428072102865,43.252381257087954,33.77052357228597,25.098009605407714,21.860277915462373,24.60168647099011,31.807216817794313,43.38831447855631,57.53148404521327,92.885891901652,84.46665495103404,76.99473732732956,54.50773261769613,38.61988398028958,30.40724178187052,23.589458048420564,21.905179893739763,25.001780651590508,31.95556336679767,45.94708848190308,56.29389985484462,78.94819833628335,85.54391155119863,75.13533321011451,53.16735250854492,36.47933197021484,31.04393664805094,24.429431741776007,23.19392630915488,25.776002953299162,34.4581597937307,40.57340493901571,55.154432705294695,88.09622178522746,93.12111066510599,74.20006473418205,50.88300287119547,39.4716795422954,27.314100565592447,25.40586037174348,20.27722204146847,22.493315527638778,33.233387776036416,44.28679040018717,66.61315213603359,94.13090468215941,75.44475193638957,70.12422348268571,49.9374203491211,37.48054044169764,26.22734476852417,22.788510712654357,22.00510268180601,25.280025141344872,40.082835249131726,36.52472672398885,67.42599350221694,72.31218873087566,84.34035374549129,72.2262856588056,55.13461202748617,37.250417576451454,27.892169696807855,25.20438819639144,23.803462493650375,31.439172156949354,35.68066836326353,43.34526737213135,61.07454942149501,82.045801516215,101.00857067723427,67.81127098821825,51.16801645660401,35.5080809070218,33.555637921651204,23.779713895243983,24.88618432321856,30.967331298254983,35.60740071819675,45.97554430262248,60.26241078161424,75.73787798055012,84.19566861306468,77.36600347949613,56.43322431691487,39.42779485148768,30.41680536270142,24.189502322289258,20.607964553833007,27.34648358899384,34.29324257635301,30.075476163228352,40.42409989387759,68.40505891036987,73.49930173074046,69.92787796266619,46.55156254069011,33.42327304224814,23.409521425882975,20.279267639652375,17.45075170824605,23.072198035000582,26.822363946976196,43.881683577219654,46.33965901528635,68.79671872965494,65.8078294409475,62.199928188939246,48.78954821141561,31.14207016729539,26.115158817291263,17.50695531168292,16.47346975141956,20.71266383692549,29.28448960827243,33.12098889160156,45.82780217201479,80.81020658365885,82.54529615709859,65.87673170766523,48.118277426401775,32.46847009351176,23.487923624674483,19.571210285309824,22.03978710051506,24.14451021232041,35.3866151139044,38.542497399648035,48.53726432061964,72.88262860616048,69.38813239435997,66.31455601107689,48.96851851399739,32.436619747531026,23.749489042917887,20.61242499566847,18.635779807798322,23.926886360187247,38.9152760979437,47.27540063603719,50.93633735533683,85.20888116963705,75.86213728627851,58.2774453021634,48.66230009460449,34.609809735205864,24.981406495412195,20.351559561452557,20.308938902578046,22.512289095253784,30.58780192590529,37.54815503692627,63.49592979185043,71.50545221837362,88.66064262636246,61.66614866441296,47.497509124755865,36.32620805063556,27.59378080368042,22.91319897190217,17.741213876047443,20.69644194621758,25.072855516249138,35.67799229176839,44.79378548037622,66.1296018040975,71.77598696431805,57.97256726049608,40.46890631612142,28.128729361257246,21.71310335413615,19.438154971215035,15.452428364907542,21.14811860366408,35.4100038466915,32.08797420756022,42.431560329314195,54.36730763880412,77.04902943764964,57.181531468053024,35.68196556218466,26.980678221179595,21.741984274546304,18.159058421965568,15.428441217484012,20.29144799354628,35.088910323112245,31.414078166961673,42.0553792325912,70.58377474212647,69.39224100789717,59.193791988741964,48.76457534535726,33.45935493592293,22.997832277933757,19.38078111833142
89,1.016522085546486,0.5257571627785053,0.31948828709221655,0.05518575914204116,0.03938049436096218,0.03811263442039485,0.730383904398449,0.8327547572072476,0.8670719159518679,0.07594021377303904,0.30141885398576657,0.930578989872048,1.7321557969335586,1.522887473533967,1.712527887756305,0.1488057894806067,0.05639164614581288,0.06444518935432032,1.0414910293370485,1.1775964441222528,0.6049763355404139,0.47064546294750703,0.3312824483936031,1.2775238159130657,1.5116285470560673,1.9449468417397786,0.6640302691897075,0.122665693004926,0.06124847931727282,0.10465138816833494,0.8100768182162316,1.5042979794187894,1.2901574572821457,0.45238493287274917,0.3300228188236554,0.9603069259586834,1.5313424482869524,1.8737588812323662,0.924002764934013,0.11357890304177995,0.07008253347489136,0.06937185353040691,1.2141171447283798,1.6960715828379318,0.5920217271894217,0.7132504437046666,0.4152026967530449,0.5419627272866425,1.6553846235549259,1.9854450340168963,1.2422110948351122,0.17331468527515725,0.07116730697693358,0.07766308250526584,1.4152591294266523,0.6976422299733085,0.8149153554240863,1.134009168376365,0.4354231485848625,1.005260862506205,1.5294753684055418,2.4436614343187233,1.7655527845385575,0.20574131026367345,0.06625191351819418,0.07029152673234537,0.7519449277198123,1.2359946310063523,0.9180604573041201,0.6869185442765873,0.41147988527640694,0.9702151941868568,1.6386538597232392,2.0135473796528,1.4614596728812304,0.15525222096095478,0.06175591827880946,0.10720848066111402,0.5707186288674994,1.5895535628930215,0.5064790906012058,0.5759459069515428,0.5680559323579073,0.9625202677326818,1.633719912697711,0.8664850773242087,0.5070346511852355,0.11307671829313035,0.05277897074337924,0.0586295750016967,0.6956990829638896,0.6862168629539589,0.7513164373859762,0.6994739294364567,0.5379220347454151,0.9671143034485079,0.8095150770174879,1.8996637702980101,1.017614068569195,0.14498264275242884,0.048392064785284336,0.1755890503277381,0.6841346823784613,0.6593825792581323,1.3735420797094702,0.289320188095012,0.43619260229418677,0.6652602589971597,1.4102879393124774,1.7116329527398562,1.6898175781292302,0.10177340672413501,0.04133814773852782,0.09328251287092759,0.5577406005465215,0.889527493270655,0.5647242205291987,0.5187642423207721,0.39154731570680934,0.4815982234658252,0.7059635991891545,1.8602281998986552,0.8363892145743292,0.0838799638934433,0.03331789208515993,0.10159195463359352,0.6947471888255208,0.701624627507502,0.7242050066416462,0.17191765018648675,0.5406506876051426,0.2820931048871528,0.8015721364812023,1.3608583825321072,1.4161176725404878,0.09172994493196404,0.051187922756277704,0.07534047724058227,0.6910062213710718,1.0216911998751663,1.0052960245708624,1.2126479423863272,0.26632181079934036,0.8140761195231349,1.901920464952146,2.4595738343382023,1.8911275366886007,0.10679318973297869,0.060713573265219846,0.07540792554244394,0.62774581391124,0.9966938873500594,0.819386089934657,0.519421691064152,0.7948665613432724,0.9313205997429549,1.977209864938932,1.9166345249794496,0.7349018830133062,0.11548514081041014,0.056872530079656994,0.055127071840067654,0.770298000091026,1.4935459202527999,0.7871899431943893,0.42178389478595024,0.34693611027548704,0.8526134437226481,2.2895988760924624,1.8018674982583676,1.2387546697967955,0.09473313769946491,0.052370547789239066,0.10821253697946662,0.4571207175139458,0.9245345678300627,0.7403756682798266,0.9863671365957106,0.3550354152669509,1.4853315455081961,0.6767229911060102,2.0024045534571857,0.9702822061447847,0.12920839028308784,0.05271467623090548,0.15455852699652312,0.8993089030178325,1.46072824074376,0.4387398113807042,0.980703413005798,0.7190033459700643,1.3301900107101088,1.5180690502495535,2.114422876139497,1.2739718055460723,0.2538778885329763,0.06729365833343992,0.1758098711042354,1.2848506376483748,0.7619790089755288,0.9274277370485166,1.5632681755517281,0.3202949018329382,1.1859854086752861,1.6129172023794343,2.005527024208178,1.8677612373809658,0.13895809233561157,0.0710307808004079,0.1252781366296112,0.5934171557174094,0.7142237237816856,2.01584174716721,2.3402941391821352,0.5288732519124946,1.2577041907944986
90,407.95309271043345,384.69929340907504,342.8536194832094,368.0650456746419,305.25193146736393,165.58847793579102,116.81826747771231,91.19984076715284,85.04173171997071,83.91475756245275,93.89532928466797,172.60775052962762,232.84296095325104,333.7684713162577,334.48852358910347,438.6696365661622,304.3199697383758,149.19240138753256,104.70407550442603,86.64377979893838,81.15775567626955,78.45206315563571,80.31284580485026,125.8532771941154,264.01240691154237,395.0937158804457,405.79628424859817,429.28341638183593,298.97317463536416,162.6850196940104,107.54989556097215,92.642810816611,86.46977837117512,84.03465149418,83.30027356465658,105.59620308168473,198.67293459000126,382.1530265432273,403.2530785443706,461.7322572835286,311.94142810452365,139.5384001871745,101.51596198297315,87.8711577680034,82.64039239501952,81.7869464209772,82.12890929667155,102.10300559751448,252.40708399126606,374.1309952143026,445.35050595191217,439.78713666788735,276.4892082755796,140.3726821085612,101.15264502740676,88.49880956834363,83.57514801534018,80.64496756276776,79.34658283996582,112.41345168575165,218.65528378394342,339.54759032038044,462.12816122731857,537.2212311706542,332.28704378189576,155.4794719543457,108.55970259143461,93.6535405312815,87.09479848225912,85.0214218336536,84.62724363199871,110.3949487009356,282.35420808853644,354.9074138092642,390.89995320966165,396.836438659668,302.8426939835087,148.6226535441081,103.74516493274318,87.12306171048073,82.03066808064779,80.03112188031596,79.65359780883789,111.97091233284243,229.47818874236077,325.75079798487025,386.23591148622575,443.45450173950195,272.0354008040889,150.96539959716796,92.56545147311303,81.02536289830363,77.34040008036297,77.53667315575385,74.12892594401042,97.64840122345956,236.97978910384637,383.0225319664114,434.52925157116306,580.2008737792969,359.4725022248299,157.5023931274414,106.71898367112684,89.4524115630119,85.11222097269693,88.08064196678899,83.57794896443686,107.00195066390499,278.5021595911826,395.274563210774,463.3217615632087,515.0290950215657,332.45168812413374,160.34740657552084,113.51736257245463,96.8025282139932,93.3059910583496,90.43271166401526,90.87376962280273,131.65061890140657,290.1297875287456,347.70880491961395,409.97352831440594,499.4454672342937,302.2407364580708,177.32132400512694,113.45167913621472,92.8616316912251,87.89478169759113,87.52644231980847,86.99807516479491,123.05012597853138,260.7617103232107,340.70135838964296,401.56243761124153,447.256869913737,306.8793243801978,144.40395381673179,99.88398443898849,88.2062081318517,81.94972346496583,80.13255022110476,79.6057352701823,116.45560226932648,276.3901859111171,425.0560923056767,429.2608044778147,517.3917469991048,330.86266197942916,147.3003583730062,104.38445038334017,90.487506320092,85.2367743733724,86.55762702695785,80.80344076029459,117.14227813228483,298.68196429344914,354.21638724059306,433.66163755847555,494.1513594665527,325.4114335583102,175.44560070800782,108.80109149563695,92.38997403052545,88.02602452596028,86.7583726993684,86.15840338134765,127.9282426698746,323.178711946549,420.0231577293509,377.4447081633537,454.4162148030599,365.13236403926726,152.60572469075518,103.27814185357863,89.68379652454007,85.65995758565268,83.1237488137522,82.10874613952637,114.35792421402468,260.74558605071036,349.0369692816523,376.40645075644215,515.2747078959148,322.5240124905494,143.3729797108968,100.46526433637064,87.67734913979807,82.52754238891602,81.27719831405147,79.70027128601075,112.48568832397461,304.9792374149446,426.8038009993079,453.65917154127544,497.6199438476562,334.78131194083926,142.59202414449055,96.07197864655525,85.25159552789503,81.54137957763672,79.06703114171182,77.42541772969564,121.61815674812563,292.48523543819306,380.60081371532874,380.5412877531975,468.981994893392,370.02042213686053,153.27597563680013,103.09424180553806,87.87918824226627,83.76863672892253,81.39456776280556,80.1880829518636,123.12939729752077
91,61.19944588445848,52.64461758477347,34.21622622090001,50.298265240987135,131.18240437661447,365.3593321228027,332.29317651564077,201.70591785061742,151.17738611857095,101.54058581936744,62.02206143697102,52.6702509972357,44.93395076628654,42.70983920825526,38.26685814396028,59.14959647878011,148.86208611519103,293.5511405690511,345.06243886639993,279.9973774473129,169.7722502034505,100.68506626744424,77.3864434636434,56.50827758789062,40.88505928039551,41.77742087472249,40.075565653154925,63.469430168151845,139.94528398329211,293.64988560994465,259.59489384805,244.0536237064485,164.01923699442546,90.37731102974185,62.14476320393881,51.048128659648285,44.33570985117266,41.721786743502314,40.392775913361575,57.70083479054769,199.0625348294166,267.915252591451,276.8580027032667,267.2976912763042,142.3434862721761,89.4943994632844,70.59651391092936,53.511167080786926,40.62680863165086,36.0292310478887,37.801310951479024,60.52897736358642,156.7995054085024,299.01022469584143,282.2195798320155,229.99733760710683,175.59579987080892,91.79308939287739,71.29301490020752,51.62724316258584,38.5916398866715,35.53332298241226,35.029162614883916,55.61931479390463,192.76758924914944,293.4481822967529,250.77347744357203,231.01129789783107,139.3523082224528,96.69775578652659,67.39640913391113,47.51238893816548,43.41646769123693,33.898915988940914,33.51752921319777,45.67797566986084,148.40023853425058,234.5373184331258,283.09964844242216,236.3530053071053,141.09499892171226,78.43738076240786,64.55068451944987,62.51761010200746,40.068228776993294,37.098114162783325,36.301023621097684,51.03876091766357,150.13581801875944,327.1313063964843,309.1173907815256,218.36898649154168,133.17574403889972,85.31571813275737,69.31265142822267,47.24081201614872,40.828229028024985,39.366100397720714,38.911313085248395,56.7566077779134,164.6273661582701,273.23449416859944,269.147895881899,246.53713383336216,145.24096535746258,84.38865006477602,71.17918024953208,53.39219858477192,37.353272338374964,32.59957325038064,33.13857982758553,44.84824844614665,108.82355566455472,237.48627783711754,243.99912270822833,231.40673133603985,126.52716030883789,72.93746694749402,53.02354812367757,46.765414647748386,32.68678142178443,32.16918475710112,29.657990193520824,40.847659095764165,122.51489814019972,229.13912593332924,248.30452823023643,211.53759655614053,138.80839080810546,75.67911263988864,52.683811617533365,39.04417162495274,31.994221759919196,28.76279677123272,32.7113949326546,39.39921545283,105.49951712331463,255.0068804957072,273.3892301719419,214.54212745912614,121.89192693074544,65.283415896508,52.422786148071296,39.99379932280509,35.489485434255286,31.814622532698905,33.752150295626734,41.965025769551595,120.46100447870069,243.79130286916097,231.81684089906759,216.9843047923426,142.95108521525066,75.9092076996834,59.070880956013994,46.909083187964654,35.2358378724129,30.038956036309305,29.76152687072754,52.16680438486735,127.69994471888387,274.5836227340698,222.40537350562312,206.580937396634,128.57973462168374,77.6299812538393,60.34869403076171,49.90327678065147,36.519415320119556,32.40604701234789,30.072476841095956,52.36770783996583,129.22163166661417,244.16562083180747,268.2152857232863,218.10226447320755,141.53531394449868,79.03553164820516,59.43070735931396,40.850241504792244,30.41169081903273,30.31334925393166,28.894002619097307,39.81881986490886,95.9941445750575,270.20368712107336,228.19722951581397,211.59791352795014,111.84405951944987,67.63243460870558,50.28528925577799,39.50797880849531,30.19285991545646,27.651134370700483,27.039194641113284,35.44167176183065,101.96976603969452,196.04011952718102,275.0494069893129,173.48505661995182,96.14052879842123,61.695336224955895,46.85240889485677,36.61184147742487,27.656643019645447,27.020846380976035,26.56832887957173,31.94462641652425,77.71177346752536,196.7256459121704,219.43758920238866,200.2447000245125,122.29705442555743,63.597571881201965,46.23865780385334,37.74478729248047
92,544.5366729736328,395.52048361642017,501.1787160565776,437.53331848144535,719.012318469632,788.0814772542319,694.7695178616431,591.7878788117439,354.4205594889323,324.99544224892895,340.92535563151046,453.7695102814705,407.03250547347534,450.64855800083706,452.1011209204888,666.2272968343099,754.0828823360321,950.361613688151,613.6804478405368,431.9672912597656,313.0113169352213,277.3781292133947,295.381167195638,379.7931098790323,503.45749279391384,458.8953187064937,460.16170016381045,584.72641994222,774.4321692091419,857.8890020751953,673.2321645035283,510.9194809255293,370.225466796875,294.4132226365613,318.11487607828775,381.8411093238093,426.952335953251,569.6197212467289,615.0966191642516,686.709456583659,917.8125503441597,909.9667173665364,601.0548830290763,414.94203416393646,328.43153590901693,299.9889524988974,309.8003510335287,359.4898076211253,632.261881969821,556.4774412754605,513.2841152461882,587.6256459554037,839.9189028438444,860.9692433675131,605.6033041677167,452.5162213725428,326.853638285319,300.9805437641759,325.65123317464196,390.45871121314264,424.7560314744518,475.9248674770412,592.5081704022807,548.9448432210287,726.7436487013294,855.0627546793619,624.9668232579385,410.2628824935421,300.1728511352539,260.45675950573343,283.38744960530596,360.0969769090222,396.5807042275706,500.6226224904929,431.97145269578505,412.42674814860027,545.5444098097278,779.2417819620769,646.2253472112841,430.54891071934856,300.49645184326175,254.64199413668726,275.90076883951826,370.43863170992944,409.38016058152726,430.8307537368249,468.9348979334678,383.1208385213216,574.0531206290952,791.233973042806,531.2372895665324,369.864037554341,263.3869574584961,230.51778454196068,258.0608624674479,295.4783425804876,415.95173485540573,410.5805847641517,358.97720606650074,530.1996472574871,609.2527285471269,947.0739153238934,560.4311014679939,382.9263166267641,261.1495025838216,235.280870617282,267.6306131591797,327.93483114919354,430.00049981886343,422.2903732795903,358.9610578377016,443.68342362467445,655.4695445202242,881.0532550659179,635.2765062295236,460.62420221144157,300.26064933268225,256.39755184050534,269.0751535441081,359.8789441311744,402.7060534471081,410.16963619514047,314.03813673450105,379.7884096679687,604.5402604035407,720.8715826009113,561.2534138341103,404.51882040700605,264.9555655314128,232.2435984753024,249.531848449707,305.66992644279236,361.6875953329763,393.49323456336714,393.38655377787927,340.69888525390627,535.1614061515563,788.6503809000651,533.0809011348601,370.42680557743194,260.3138798014323,216.02428330944431,235.44795509847003,275.2927666055003,377.67891050277217,403.1091557394695,407.99475040558843,380.14300939941404,655.3368826589278,883.1954904785156,520.4846915361958,348.8067341662991,272.2672523803711,244.53389374763734,249.8548443400065,326.4173420370779,369.28873877740676,390.1973234633271,344.28806784352946,316.0250452067057,520.9413082393523,702.7078540852865,547.4669686003654,343.67002279958416,252.27173107910158,222.78066689768144,246.32167763264974,341.93163928616434,335.3747873810799,350.01560352644896,268.0893282391948,446.1014751586914,554.1603162211757,817.9982520548501,514.5769223908455,330.0387035935925,245.07808142089843,210.34519076439642,219.70468959554037,240.58586492723035,313.05303876323086,295.74066707667464,265.1089406659526,301.9186150309245,482.69507820375503,673.4746239217122,508.71102525280367,334.7559744361139,222.38844075520834,196.18882087953628,214.8788029378255,286.14253439626384,310.2164882536857,269.90715520511117,316.2790589560232,490.77262498982736,547.198177815099,757.1063670043945,484.21988086331277,296.73837193642896,201.33253721110026,184.968497491652,184.12568451944986,252.27908084992436,279.2510515963647,250.41092907008277,265.5810053080897,304.96715712483723,597.6454516109344,698.8049987589518,474.66222898421745,312.7777365112305,229.05655329386394,179.42053545551914,200.54385384114582,253.81201597152216
93,615.031146437122,551.8715510777065,601.8439321210308,847.0737365722656,1364.580427797379,1702.5062207031249,1923.9900276430192,1787.0588756930442,1309.6713057454426,1145.190626968876,930.7575549316407,689.8501468781502,557.1146147697202,545.9975136201605,592.1418969332788,885.4652229410807,1472.2185612635458,1929.3762175292966,1809.7799716481854,1427.8961886498234,1146.8825590820313,959.3923832062752,909.5678270670575,693.911990218624,626.4496554860762,598.3113601308739,619.3901853893649,858.764550415039,1385.6261766003026,1794.8323295898438,1929.5673738344256,1684.3592825415828,1167.1157698567708,978.6155856224799,979.0401182861327,725.0839652769027,566.4261516349546,583.5176085253186,618.6026247873614,870.083181152344,1497.4498128386465,1838.7505903320314,1867.3274336882562,1505.9130162392892,1164.9773760579428,934.4724741683469,933.7962373860677,695.6901422709803,605.1801362462197,584.2907628191869,591.6808912707913,849.095586710612,1384.5110409447457,1884.4027634277343,1869.3052973790323,1526.257818957913,1138.513369140625,1038.44114249937,890.2039609781901,705.1981178726688,558.4915501748362,561.4659202703466,588.8717980957032,816.503065999349,1311.6480445123489,1827.1589921061197,1812.8499033675653,1516.778810720136,1194.329875732422,964.3658587055821,923.010775797526,721.0856950526083,556.9006688665575,519.8437576474345,532.691918000252,746.8063800862631,1099.669327746976,1642.973696858724,2007.8580818422379,1542.0486389553932,1115.090900065104,910.8850461504535,895.4342217203775,658.6737548040576,538.2060260600429,509.20794279652876,547.995366998488,738.2529354248047,1143.5669775390627,1713.5761327718096,1837.46380875126,1438.54408218876,1029.7016704508464,852.7910582314769,860.4518830159507,647.5064518097909,539.5526794039819,541.4396376841878,517.0032531344507,875.2603137613933,1143.3679163778982,1921.07859379069,1893.4889771295366,1426.9977261057206,1046.668654296875,883.9863334409653,798.9488300781251,630.3638156423261,539.4760828818045,517.7338890624399,535.725189484627,686.7726392822266,1125.9666518869706,1779.4645342203773,1993.4390315492692,1522.9158602413052,1073.6687041015625,947.4770712181829,870.7353416748047,636.8547171512726,524.5078301411291,534.2951816562596,493.9234632135207,732.7443565266927,1193.8381709141884,1665.5081720377602,1907.1068778351814,1506.3390972703503,1066.5251204833985,831.7644545425907,806.6616499023437,619.1780043079008,515.7456102728075,498.52903429905183,532.9051377425656,659.3439493815106,1006.6210857563634,1723.4998201497397,1817.2779350428427,1343.142948824975,1031.9176693115235,807.306637829196,797.219944132487,613.7887574029737,502.414074234501,469.6403345342927,514.5602135836693,723.3950986328125,1186.5495467253654,1799.740960408529,1779.9621813571066,1354.9786630544354,980.9522456054686,855.0892813208795,714.3931298421224,577.7930160817793,483.26208275579637,467.5086930388653,486.01391101468,642.1152963867187,995.7841950053553,1588.600759684245,1930.0147916141636,1411.4161368290072,1015.4776660563151,832.530728720388,767.5602646891276,588.1087766192037,470.5319252063382,480.0780258193744,535.0568614541331,849.3164311523439,1020.416033108619,1681.5453516031898,1865.9422328629032,1345.058030848349,909.9204040527344,686.2797454243321,658.9909740397136,524.656186247795,448.9729175592238,447.7044543171399,439.7928006079889,703.1264798990885,1020.4389008552798,1451.9318002115883,1739.7628135238156,1299.9278081290952,886.5117795003256,742.4177885978452,695.5942581380209,528.4179662298386,459.42132336032,425.21027698084634,502.2152123629663,816.3024284261069,1111.1419829731603,1622.1709483235677,1710.3476705834175,1193.06773405998,844.5789252115885,695.1503885773689,634.1780009765624,557.4261454133064,423.9070044732863,392.21528993352877,435.7321908077117,626.618051920573,1128.0314924867694,1694.655599202474,1691.1873743069555,1146.198971026021,778.8803312581381,629.8637447234123,612.6457957356771,493.3355823147682
94,42.42988258484871,109.16746571404595,85.67699278554609,85.92158418655396,37.842392343090424,53.29778626124064,35.87932831548876,22.24855562025501,24.015925045013425,76.51086008625644,68.57039161046346,138.13928554288802,66.34209861878426,76.39484313678273,63.12913987375075,86.9943846651713,65.67488380985876,35.30598732058208,33.4070965760754,35.74487549504926,31.55410812759399,60.720574282369306,82.58791797065734,68.29354587924097,79.16561336886498,96.98715771456658,93.99116589330859,100.96845806248982,62.05823330171646,43.99102599716187,39.38568584995885,37.06112619092388,34.98821900113423,73.65419275652978,76.84619966125489,72.1729789094002,58.65301136324483,75.23194486690859,89.12882041869625,83.17556555366517,48.502432636753205,43.32338063494364,24.995307799923808,35.764091185908164,57.702308694203694,60.084520265517696,77.96966465822855,56.010304347007505,62.44692100032684,77.61382945154688,119.35630023956298,99.07618285242715,60.93609794001425,31.219565856933592,27.469002206863898,41.10064393874138,40.30536399014791,53.361891923104565,56.763992843627946,49.26928272001205,55.12252272082914,87.67083243567367,81.58583609242592,91.06546341578165,80.66818385893298,49.92952752812704,23.872496561235,28.490276879956646,35.680621277491255,57.91378468113561,68.56309991073609,73.56555617301694,63.26861168830625,88.62465075537489,104.82337486574727,127.39384980328877,64.44106109188449,43.74645301946005,30.428669717850227,44.05032083265244,41.583108932495115,57.7531537203635,71.79506551678975,59.33458111116963,86.13301111467422,103.72237922600338,124.82811571490379,123.65920907211304,99.42317094372164,48.26441399383545,30.298226031641804,39.652776692298154,30.759473725636802,49.11943433884652,61.71584106763204,48.29916985727125,75.7040541433519,103.6327201204347,100.75665211462204,113.49655265680948,83.85335559906498,42.96176487604777,33.10138082996492,31.83664309716994,38.824546912511195,63.929144092682876,52.77306598726908,78.61372132578204,71.0880991301998,88.10026875986843,116.30231174961212,109.76178600120542,80.33840099334718,44.920665059407554,30.547024822850382,27.8078483932249,34.380218460083015,53.65004578436575,65.97349234390259,68.32303130365187,86.83311628649312,115.4482670538766,127.75845378383515,143.34675752766924,64.87435421666791,39.13357538604736,43.04953994997086,34.499806491482644,45.25066486040752,57.33328942452706,94.81513369814554,58.69553169619652,92.40182937560544,130.53664714169616,139.54676222955027,96.39597929636639,68.00460492287912,36.733935250600176,39.07333578663487,36.76214254933019,59.85085224088033,69.58855603002732,78.41765670458476,83.76738334532708,57.07342747472948,102.62180480637574,138.46177508938698,166.32670112482705,97.72312223126809,56.37397529093424,28.839686878573513,31.756784100686342,33.231207735697424,55.2863685331037,59.093620056152346,55.939028346154,81.13378727512975,89.28864228553962,136.818922328949,122.68084472084047,72.3023864155431,40.35524874114991,29.993341797244163,28.047947320630477,25.78048467826843,40.66759805248629,45.95949101702373,57.443537135585665,83.2528657021061,104.58212941573758,131.82778702274445,114.66544209353128,70.70721123972247,36.86974941635131,31.115542325665878,41.094727516174316,36.11854464848837,64.03056112043319,91.22124701436361,67.2494383313579,69.93437438226515,108.75947300088816,152.472305995572,143.09861424509685,84.91611636869368,56.86784966659546,36.70877595101633,55.20255929823844,38.67593445460002,56.4759006223371,66.6441234105428,67.47167716057069,65.6316996359056,130.51755207026534,146.20487266109836,131.82386267725627,83.87902705407912,71.59781285858153,45.080186498088224,38.28666970529865,43.0477866045634,67.54170842263007,98.88550670433045,68.67272226948892,110.36860073089599,112.3209218781335,152.0599072382527,134.20897340520224,114.80607454115344,69.53378776168825,42.451024647374304,54.457257102227985,37.378076447804766,57.94343104762415,77.98157829411824,74.59946688375166
95,303.78129119873046,213.45709203992573,244.4558373481997,158.75094314575196,114.78203422792497,44.70989723205567,34.34122092954574,32.90524080338016,32.162428092956546,53.841271406604406,83.07703879038493,110.52087157464796,143.29148809617567,209.27207339883438,178.75603567061887,198.67179426574708,96.40778498741888,37.805565439860025,32.666733349215605,31.166814289708288,30.460549385070806,30.85166926722373,47.617066879272464,82.77850474449897,157.53013386141868,226.5804825234061,211.3408053588867,180.96202578481038,88.53293031507923,40.236834721883135,33.612860323998234,31.63142428244314,31.100620173136395,33.86677214591734,45.95592658487956,76.85005125230359,132.9933858046993,262.1929920202171,212.99659823756065,209.84770230611167,89.81546374413276,35.21762298838297,32.208636297410536,30.74617423765121,30.091116770426435,37.1127200218939,44.23331805928548,66.9922376103555,143.72571798263056,190.6982331897003,231.34424275059854,174.22650052897137,76.30434192042196,34.824562009175615,31.767373908258254,30.275090511691182,30.06961409250895,31.443723708122008,41.238475329081226,80.00069417891964,154.45922402166553,178.18875667788126,235.42673700148057,239.7344400685628,84.71232265841574,37.62569165293375,32.9836198376071,31.85925407655778,31.259264002482098,35.42667498926963,42.039841412862145,72.51982183641002,193.09313850156724,213.84181671217743,227.48653814008156,220.77919536844888,94.29002102267357,38.63960243225098,33.513041531962735,32.10634283004268,31.864534871419274,32.204959640502935,39.270868560791016,70.81570250234297,194.2205074285692,234.43056483170085,226.63596844088647,220.08668343098958,86.69770111576204,38.20423852539063,32.847640553136024,31.692620888986898,31.036534647623693,37.40574401609359,42.81959506225586,75.8434460867605,170.71600170012442,233.19599909909252,277.33430892944335,269.55380350748703,107.67589637510238,41.06090402475992,36.52509733138546,34.953760713146586,35.647524462381995,44.52112320438508,50.663453152974455,94.35637388660061,208.55177815591136,242.53687817615827,273.0914402377221,266.6588182118734,100.95333745648784,44.273149009704596,38.39637504823746,37.08458179350822,36.293066518147796,39.24868744142594,63.358266782124836,104.29402115606493,191.48631213034355,239.06101299567763,228.4490924810594,232.1182873942057,98.9105570344002,42.51158014424642,37.230654533140125,35.44706140579716,34.92465343983968,47.68170974977555,50.6675626296997,93.48056632257276,211.7076722225066,268.56334463345013,254.1045827877906,273.2336849136353,109.24782626736548,42.33137352244059,37.33896189289708,35.72826400264616,34.931627751668294,36.1865050408148,46.73584576670329,91.69808404245684,182.9902414408038,254.3581320784245,262.082255677254,263.1662636260986,106.25075504672142,42.17305234527588,38.080819379744995,36.596632545225084,36.611288113911954,38.88304627941501,46.615934865315765,81.56120659612841,198.83815404830438,284.03307598236154,275.177991234564,273.3326084594727,106.34614984573857,46.177036666870116,38.917374666275514,37.658653564453125,36.85543822224935,39.829063865907735,50.06379960123698,93.17674036333638,283.9067763962284,254.48220053592928,251.76186694729714,241.96120007578534,109.65548011533674,43.923561144510906,37.79997428401824,36.62118237649241,35.91061182912191,35.548725465343836,45.836088897705075,82.33361759308846,231.2934513116652,301.5397883067577,316.6934028871598,279.22531840515137,119.72669979464624,44.88423485819499,40.68167881627237,38.670165934408864,37.75231137084961,39.31957284250567,47.5036700515747,84.04000092537174,234.82930641912645,301.36415527127645,348.09096644001625,262.923609954834,93.64009420087261,41.84914640045166,37.757067858788275,36.27876632936539,35.53139857991537,35.78328088575795,41.13620585123698,95.83385510106241,244.70281154755622,297.47958284669323,265.30989656756003,266.1130273284912,118.88379680510491,43.72432114664713,39.49989877762333,38.04525791045158,37.639936457316075,38.1327364423198,48.070635070800776,105.69661866957142
96,27.00239381482524,63.83173841748919,95.26179426870037,48.09491811434428,7.621188028397098,4.275266065597533,3.346630865527738,2.303419996077015,2.391155337492625,4.002309623841316,3.565573926766713,5.925399421876477,31.27047669179978,64.71560541760158,98.10604614750032,38.87741445032756,12.016215302559639,4.330257032871247,3.3015148041325224,2.5667258188801427,2.7861547427177427,4.622913312835078,4.869719005028406,9.587676335304014,24.934789044933932,60.186734739700555,93.69333825357498,38.386572550137835,11.19060132042054,3.862533336957296,2.974278987146193,2.2407202163819346,2.199303508917491,4.00496603788868,4.593957528591156,7.280659297127878,31.038703141366284,57.86927035054549,97.39532437232234,40.09289873949687,10.800297658981815,4.115423433621724,3.0005325541957726,2.319744533108127,2.290252254327138,4.554928175557044,4.890571208635967,10.148497201704211,28.600742639726207,62.13007723526414,84.86866193709835,31.460757667541504,11.797443032726166,3.6848510753313706,2.6601009304292744,2.061984484426437,2.264142553011576,4.399960868896976,5.0346928211847946,9.31660901461878,21.69230519371648,51.4382772382257,101.06059240618059,33.24504289881388,9.252751884921905,3.736316143194834,2.7422139330833186,2.188865550410363,2.0802503707408904,3.710477021278874,6.111486260414123,9.681434079677828,27.96510993142282,53.21615596946236,76.04250935523741,34.84981100686391,9.984901048137296,3.334061023394267,2.494057980045196,1.9874310990302795,2.0515488101641335,3.7913729139297248,5.118947385470073,9.61626819379868,34.03219844848879,62.00557064507395,91.63872689154839,32.340674591700235,8.994534774288054,3.9374535716374717,2.761623962771508,2.0992959248635072,2.2069670046170553,4.5127222724114695,5.068661384026209,11.486490261170172,29.16167893901948,62.95021059618796,98.20822392709793,42.198408686637876,11.172740006754475,4.279969883441925,2.905298627884157,2.285133362816226,2.435385304530462,4.742081181695385,5.953461224397023,10.862108523230399,39.781863095529616,73.37090548942828,102.88498239209575,38.409755743026736,10.675936367896295,4.567208036104839,2.9908822928705523,2.3095256674674247,2.533130718390147,4.476197264425215,5.876467990080515,9.290493082692548,30.769268097185318,73.32929046723643,104.47953371970884,40.369220157623296,9.683149115039459,4.519101111888886,3.0163246920800977,2.3799836732495216,2.6730007780392966,3.5905540541679626,4.005678599516551,10.16511981817984,51.05177126315332,88.63456084310128,118.6898490364321,57.611132787068684,16.73188129455813,5.024128833770752,3.737739566833742,2.9898712505832794,3.4500836091041562,5.4610342671794285,6.633854146639505,16.97384585365172,38.73718857657525,64.48007639067512,103.87698383823519,52.10754947535197,14.782547439759776,5.310251277287802,3.5684398861854305,2.9679996328969156,3.065895064194997,5.1763705825805655,8.151467756907145,11.945160284503814,27.6690801466665,51.20359138734235,83.25527073952458,36.67094211769104,9.26488777406754,3.809850071430206,2.5264433585443804,2.0171720440156995,2.2762509040037795,3.961696289893119,6.941763008515041,9.101147122306209,44.887118436751834,98.33519041429011,136.19916095179897,56.4790124651591,15.549854413924681,6.021240695317586,3.774799232790547,3.0227871150355186,3.148824291388194,5.500330418617495,7.968753807385762,15.715555926753629,33.81785099167978,72.83300559964673,117.87885089874267,44.29460866864522,12.498670802116393,5.124474883874258,3.7016267242739276,2.9728143139808414,2.9886244393984476,4.976529497561915,6.728289209365846,13.585944473974166,39.99354384960667,85.47519927875749,108.86717373694141,44.94515720367431,11.221079609163345,4.605859397411346,3.172770261610708,2.592827371628054,2.7996637171109517,5.270229533872298,6.671172676404316,10.190764985007625,47.22400605755468,100.62485928935958,121.64948027149322,55.01069271818797,15.056356852131506,5.583875553290049,3.7261328695666407,3.0555114446147797,3.2185454524358112,6.785501086558066,10.25528822517395,17.13673793654288
97,6.236122172878634,6.309533447878701,9.61033654674407,12.979880983829498,27.632600847367314,22.51377729098002,107.05649915049153,116.3416978713005,132.5489545059204,45.60565336750399,19.87322939236959,18.170502285803515,15.402130380138274,6.875268570413729,9.399374541159599,27.381962354660033,32.59090713977814,53.94278802156449,87.00830872289596,113.03985351347156,117.0945377922058,67.07225806390086,19.179085674603783,12.340634549663914,24.34739396064512,8.507001804659518,12.688135743448811,7.680844112237293,28.89889003784426,63.046048983891794,117.8728425653519,99.68766238397168,175.22603364976248,76.52670217883202,23.158525163650516,14.847216873168946,16.86448904591222,8.711995079904941,7.776395677135836,14.851566837628681,21.36689291677168,69.43618924824398,86.51170124300066,78.4499298812497,169.74949290879567,51.43974357728035,17.40290215365092,14.390805031868718,13.035356076763524,13.053722411000672,13.276471653138438,15.782722119490305,29.31487446569627,53.05603333377837,116.24301261748037,109.13840881747585,128.09872604497275,55.91368109272372,30.662784505208332,21.62782476702044,16.709236931339387,11.763663148128341,8.305413135405509,19.23152072906494,25.366270320800044,58.521802212079365,95.3605204852935,129.18201575125417,189.66646354961392,80.48311768439508,22.996940298080446,13.371272307672811,11.408651638953916,6.731660397640002,6.334616222073954,14.751330116589864,35.97343063154528,49.65566730737686,106.91812790778377,140.61796995778238,93.62292061773937,45.931375122993224,21.93550243822734,12.13889454134049,17.237306788659865,6.376830127250972,8.4469940686995,7.79226792414983,26.37833572879914,40.86024619070689,86.86619099370895,80.18657924744392,163.0525331881841,72.91211652078937,15.373835187594096,12.759119435894874,15.835930208852215,8.567780775377901,6.90364360717035,11.59280506515503,20.2799448608583,54.93767056115469,104.62651293031631,78.6461388547959,239.0912990090052,83.53919800112325,17.616117214838663,15.00807977553337,13.828550742826156,6.239898089058881,8.706846371927568,20.502720251242316,31.326786573317737,47.72915144046148,111.6080113663212,90.84132281841771,135.23036480824152,58.853304849132414,24.936540662606557,16.44472424307177,8.20797666795792,9.420581564545044,5.389009294356069,12.001375039577482,33.485518877121706,57.36133363755543,115.29790134276114,93.4043219447905,153.9994305141767,73.24465239832479,26.52175116650264,13.522884732984727,11.742124336611841,7.890575281187819,4.654002310383705,9.360432190736136,22.327603895125854,64.09856857093175,151.7192478352208,61.87959382549409,126.40442552455265,63.1008157917761,18.29973051484426,12.835264640315888,7.504352057057043,8.426939122988086,9.177186266529946,17.69394485807419,25.427921431295335,79.8113384715716,152.6877219140145,82.05523225722774,132.17170101817447,80.47654255774714,24.498529294331867,11.290857886498975,21.01714858331988,7.3396924630703015,9.097524740311409,17.151736383120216,19.802256409891193,57.97253756046295,111.73426492906385,119.35294744337757,159.96264625549318,107.25375367826032,21.56478229427338,12.312827395469913,13.099231728123081,8.02315520602494,8.533833765675945,10.973254549821217,27.226072219417944,56.30119734525681,94.40550421114892,60.8199796027522,153.34681776014963,98.44562972314897,37.31283762868246,18.200881663291685,19.938777439671178,4.30784505103022,9.08613673133235,18.6831766722997,23.305144811138028,82.20391496634483,111.06967171745916,86.10714239489648,170.76131500768662,70.23817034444502,45.33772809489568,11.336590895498954,23.062560777202727,8.892159352425871,6.306861876518495,17.64126406288147,21.31250644822274,58.2975896156629,128.81360914138057,108.18751580069143,173.25209439579643,120.87028097045038,27.97802560361227,22.462056968596677,11.475068850209636,9.244102419749856,6.567649159892913,10.974994856993359,43.12448323434399,35.536189336617795,162.29259403874798,103.75377553755236,165.03393136310578,98.5677855113245,29.65514128351212,13.44749435793969
98,436.8152416844522,371.88448020390103,300.37042649792085,167.05939153035482,108.97778194796653,81.86583979288737,73.70803830546717,62.17894835933562,58.346055018107094,83.36658199679468,290.5503540039063,423.7684437905588,373.45401753087197,272.36940517331584,264.82709469210715,162.3989926300049,90.72729501047442,76.92286587524413,67.55299755957819,59.873668852775324,57.76662484232585,76.65371931998959,195.93354023234048,351.36755473475307,425.5710806569746,336.7613478477365,269.85242841166837,159.57306784057613,93.1378334586851,81.29696693929037,72.3223222055743,64.48289104830835,64.06379098002115,80.42670683337796,179.0269658864339,435.59201921524544,400.1176068853562,326.54918028093914,280.5840775668236,163.24834528605143,82.46297049737746,70.32645819091798,63.95121061755765,58.70293305427797,56.190473978678384,72.35521225960024,167.6391274719238,356.9809708478374,396.46352918563355,336.8000892492586,300.6825952148438,167.9930245920817,89.74136904808782,75.76650104777018,63.97674661943989,58.848020620038426,58.140120549519864,72.28724924149051,170.03785076904296,412.9683263372605,444.4439263965238,322.745453488768,330.39932373539096,166.45676373291016,87.97394588347404,77.95511177571616,70.25427378992882,63.22399178289597,62.141859242757164,79.30332268499559,154.42174421183267,318.0226810529155,422.3880524862966,367.2496415437971,367.1106388707315,185.81161432393392,96.68917027627268,80.67192715962729,70.9736346386325,61.796491581086194,61.10591468302408,66.7801440134356,157.38077531433106,334.01393683156664,474.96770060877645,372.49037565409844,354.98150540259576,163.60240813191731,88.83418916271579,77.40411866251628,66.41789519279233,60.48141707389586,57.55460616556803,81.67106922272714,145.1473749186198,335.4135723433956,496.7933782958985,359.9706070224405,353.2637852330361,172.78771061197918,93.57147933959962,86.22316370137533,77.38527049895256,68.41564408825289,68.53295182291666,93.04433187177105,177.82366802469886,454.33998732536077,413.00033381800506,372.288174589749,353.81160757741617,201.46198276265463,93.92441028225808,85.21814964294433,74.77496861611641,68.52956207275392,67.49084429423014,95.50192018570438,250.67513847351074,431.09712097167966,422.10372248495776,358.94311351437875,356.2254161170221,236.26015844217937,102.72973971459173,84.54098519388833,74.2155214223554,67.51754020937028,65.8264196879069,83.73283264160156,197.26760544840494,426.03848176033273,491.6845370877174,486.76146412027293,369.87772015971524,265.9418772837321,99.25497215024886,89.39370116170248,78.22390875539472,72.35956300797001,71.15294370015462,85.3489248952558,198.42810913085935,378.04148984355317,466.5829951673939,343.079209622914,374.17198980023784,220.64058697509762,102.3907871713946,82.32048915100098,74.66186267975839,69.59297889463365,72.54157877604166,80.85075183499244,179.15456170654298,460.3157834354523,459.34723774571574,445.7026717504492,363.2765401434129,154.3078764953613,90.66669031943044,82.6606684926351,72.40293904950542,67.28835311889648,67.62313972473143,74.63942373460338,154.29461687723796,430.726843992664,498.9260267786826,342.55823495348096,364.5897732100949,173.63301820373536,92.86990109843593,84.99388171895346,70.84984487225934,69.65894187681137,63.150810872395844,72.39515460352743,185.86535050964358,395.8709596104776,531.9500673404816,436.8349604780451,485.54167372672794,207.76971315511068,103.87273955806609,89.40239937845865,78.5865148581228,72.10386702506773,69.69543454488118,87.96334783246441,157.70001574198403,392.02190529115734,511.36849784112746,371.26372505732945,430.49409777241374,184.88561628723147,85.78520299111642,76.64655698649089,69.53367612777218,63.22317125874181,60.97522446187337,90.30336896588726,148.71094858296712,418.4757203280541,519.2280037763043,487.083513559426,392.31042256016883,190.6934661356608,109.41560471073274,87.44821439615885,75.8759660044024,70.66965899559759,67.27989786783856,84.11979306620937,196.99116398111977,448.79874927643806
99,0.7102812049369658,2.4271894577890634,0.7437016526056874,2.63869092322886,1.0536293820748406,0.16592030381162962,0.16368612163970545,0.17077720191690227,0.14420581469933189,0.1424536553842406,0.13555943434437112,0.1335800308133325,0.28884412662156167,1.7381397668145635,1.5223550463588005,3.037847470521927,2.967989121060218,0.9916551106969516,0.2080343411141826,0.15591442348495602,0.14619301987687744,0.14107613819260748,0.16615487280488012,1.2281926631350673,0.31385743185877796,0.7605906117235864,1.6069115226835975,3.456324120452006,1.1953736959301655,0.8393667936921119,0.15754466447618698,0.15687287828614632,0.1315333574066559,0.12793177888758717,0.132774069905281,0.40013220413557943,0.725400687590722,0.7236785226223503,0.8577584538536686,1.9637138060629364,0.8359346682986905,0.35633408641815184,0.13020261639548883,0.13492335606967246,0.11498455618818597,0.11129389515807549,0.11808792951206362,0.5926024660131624,0.6925096240976163,0.6735385261292528,1.4299713217491106,1.9420999360581241,0.9420175868128575,0.6272283421009779,0.15789105234607573,0.12928328748672235,0.0998332751790682,0.09525138452168429,0.17375223823388414,2.643700177111933,0.585631787887504,1.8422388548846242,3.5126906554208643,3.720931667839487,1.811303255418616,0.7916632263610761,0.14993598517871667,0.22361059699327712,0.135360098183155,0.13119381846920133,0.13861903976897394,0.6541510045191934,0.2920632643468918,1.3312291520268753,2.261809161555383,2.6573627660671866,2.8591830183805964,0.7075273862381776,0.4063457362594143,0.2935334545662326,0.19099746004740395,0.18621017663709577,0.2364559974968433,2.1366679782732843,0.7683599433783563,1.1850492007105515,1.1909057598440878,2.042892021596432,0.32007446748595086,0.20948823738098138,0.14479713997533242,0.15993025981610817,0.1344847462276617,0.13202270190561968,0.1505060985088348,2.171277210539387,0.38351604602029243,1.7732849876208259,1.5551404419060675,3.7715685768425464,1.4487617996623439,0.8797560104827087,0.1484568008395933,0.15613983969534592,0.1262312729855378,0.121479064101173,0.2204915739794572,1.8615861965475546,0.33970948037601284,1.0880016078656825,1.9843633910148373,2.727264273017645,1.2238515213420313,0.5812131692667803,0.45465975307649165,0.1468183314800262,0.13465037341912584,0.13103757306452715,0.32086113097270325,1.3715866673569523,1.9035567751719107,1.9166719456233565,2.812467829767735,8.836729883452255,3.45923540674871,0.6941658040384453,0.3874478245262177,0.21047065651224503,0.18255343331893284,0.17819375701488985,0.4517875781257946,1.7433138929932348,0.6655817673187101,0.9038216103194969,2.6187515132657944,3.849152643233537,5.248141758672654,2.184708942761024,0.33591412538482296,0.30243409790339004,0.29351542963584254,0.31071936251655696,1.338175725956758,2.3052769873026877,0.794452479952766,1.4685215530614253,1.9707370494546428,2.837338040729364,2.271378208023886,1.3214941183924676,0.3140337264922357,0.2826052757520829,0.26735430514812464,0.2738558636365398,2.634780883908272,1.6140925768979137,0.8947216822447315,1.6712869681252784,2.4478625594319836,1.7069970613817376,0.4899666111699997,0.18624470050136246,0.24221214118503753,0.18809234081737453,0.17618483199675877,0.19636604822451065,0.22570661460359887,0.8952994643488237,0.2238006156586831,1.8890344038844256,5.236040424406528,4.0762463995913665,3.9064736524464623,0.9400889196197193,0.42920542179576804,0.2060722884103175,0.18306747305889923,0.18007717290232256,0.3382567818909884,2.712885513276823,0.7177933005844392,1.1531971273618966,2.9912713860600224,5.52281757073601,2.270915570153344,0.31615101473530133,0.2424351880531157,0.23148463446286413,0.21831739935278888,0.209352587144221,0.2518539999624093,2.054336386899794,0.520254691704627,2.1984557013933,2.4596311841087957,4.762597831139962,3.2746157226062587,1.7092972633341943,0.46258495959543405,0.6321634469205334,0.21863423522313435,0.20642923157061296,0.4410964670379956,1.6442808687975325,1.1819776784893006,4.7351554646592575,4.51789372089409,4.073457939743996,6.908161852071362,1.9227462790111702,0.4020607233432031,0.30532983694345717,0.2767293712496757,0.27483120857707916,1.5723523280819258,5.790598044462742
100,9.716908670240834,30.436731338500977,31.61531501123982,7.053833915392557,8.636171390164282,25.076446855862933,27.794685228409303,22.850420644206388,12.993119039535523,12.152453391782698,14.315029271443686,25.250985945424723,21.059200959359448,18.5168419110129,20.79287632019289,10.493601554552715,12.173232986696306,16.651148221651713,31.250212235296924,28.164418539847095,17.50301169904073,21.275238149089198,14.90612047767639,18.300376109461627,19.04932235779301,15.757371869098964,15.83959304624988,12.664868998527528,10.956145401000978,16.727949873288473,21.63125203655612,24.02785012522051,17.43598519388835,15.465226855124195,17.689189127604166,20.665792073895854,18.420731582949237,13.571137683485528,14.842172555923463,16.94556746641795,16.23197470757269,15.377980694770809,17.87679320212333,22.734152641296387,16.078688639322916,12.502044261809319,12.830199937820433,18.22049703628786,15.093114556958596,11.803900805459232,9.477218435349004,18.453016220410667,11.537673846829321,15.763892327308653,18.705015482441073,20.41116050043414,16.82921353785197,15.930643628643404,12.012861972173056,19.0798914669406,16.54044055323447,16.666574023286696,18.235704841921407,13.970981566111245,14.98284482832878,17.721819983164472,18.776653702028334,24.860197365053242,16.086095383961997,15.809319942228257,14.483482758839926,15.028208917802383,11.509292256755213,17.11609544113939,23.818458067986278,15.768410011927283,15.152296844913113,17.593945744514464,24.164100149523826,25.701441920495803,19.364170166651405,15.848524139773463,15.204923298199972,10.336799341324838,18.042284583122502,17.40931346543317,28.39602074038598,22.129227822939555,16.268089354115148,23.87272414175669,28.542456317409385,25.93326184426585,16.57102293332418,15.591447275838544,17.983878199895223,15.466691497372043,21.480103442284367,17.21248938004959,17.417487478563864,24.07564724477132,17.918682918548583,19.138176740328472,21.723092828566028,29.18056947892712,19.35239512952169,13.43111363564768,13.136737453778585,15.182160546395085,10.470330473992133,20.879650753636668,20.183461449223177,11.7840552705129,9.834938162834414,15.856532684961953,22.48974933008994,25.049545275165187,19.562106375376384,14.666863376555904,14.340180794080101,12.290217577411282,12.600317647995487,16.74134307399759,17.836928197491552,20.83424455992381,19.09872495497427,17.252919147173564,21.11117104653389,24.363845465260166,21.738372889836626,14.144998907273813,14.521183352470398,13.609159649879704,19.039492686794652,16.23468313923023,27.808544225385113,13.58459796524048,12.363522715107088,17.274569807052615,25.392606235011932,29.085853573583783,24.478474271774292,17.17472747033642,14.156908858617147,19.298170438889535,15.006756085426577,15.633508069996765,25.645396331356416,26.72428846391042,17.751416963761855,21.778929225921633,23.5808264024796,26.307643359399613,19.292888309478762,14.832824115753173,14.549841788291932,15.741062808498262,14.642011449260096,17.679730029693378,28.882065900371924,22.00680639521281,15.325468318077824,20.16605810864767,20.593789272615986,27.969647924976965,17.897978347142537,11.81167740544965,12.025528714179993,11.879085377723941,17.1748322074644,17.80020083933628,19.064585882617582,17.352462953567503,14.79346222508338,18.403362740834552,22.552100713791383,27.828573884041077,22.009272914250694,17.231790132214947,16.287725536346436,19.291061524114305,17.411009216000956,19.823158663775533,20.28850923015225,15.820524142901103,14.600519882632842,27.374927384376527,30.250671195983887,32.294507559499436,22.06781917317708,17.367932110448038,12.726104902267457,17.76118234572872,14.924869310009864,23.385039820271757,28.585605862217562,18.125855843226116,18.544379113105038,24.603188584327697,32.61534015532463,25.36853721187961,17.42103046798706,14.59344802671863,16.66369294230143,13.439264526674823,20.292972255522205,22.23379978047216,30.242230783893216,17.04448419825236,15.507411543323148,19.961213977177938,24.013019678054317,30.518630102219124,21.852925241470338,14.91537911630446,17.986265757242837,19.57297849162932
101,258.54547488304877,188.83319881984167,194.87845198108303,296.36988037109376,384.7404551844443,430.7011975097656,460.23847813760074,440.2695343017578,354.36812174479167,305.0318228936964,225.39676025390628,235.91280753843247,256.00674674741686,209.03798891339983,218.04171807565996,280.74047256978355,330.32872088032383,383.717638285319,427.5506590713993,412.18211539976056,321.75917186482747,284.9831328656596,249.96245563761394,229.91117456251578,232.11455697336504,216.75956010940627,232.97790456464213,259.21465743509935,368.78833773705264,394.9481885274251,446.54255284463204,409.36487507481735,331.8071719767252,290.4304222254599,253.7587794087728,228.0768898059476,231.425630232288,214.81157750547814,247.27038783411825,309.4573086242675,378.19417423371345,423.2151387736002,440.36508051718437,453.22841702368953,345.65179528808596,293.9419833570911,308.9944266459147,251.97293205015117,227.23582571706464,234.04810027550008,245.74606947868102,298.1896704711914,386.84294356807584,463.6979015299479,477.8441950250441,469.66283033801665,317.3230732523601,341.89434107626636,308.96786522420246,227.31181840465916,229.250634765625,198.20292670527115,223.3629994447769,269.48932478841147,353.65954593781504,441.29054333496094,462.1940203069871,408.1408289361769,338.7654553019205,322.7880601846018,267.10324228922525,236.4638728775517,243.7519948011829,180.77436698894786,195.29959675942698,291.35812386576333,361.8892472494802,432.26068556722004,464.224657297442,440.2730060208229,358.52315301513676,314.723870475523,265.4616715393066,271.003429703251,227.1175241581086,190.37839424471548,237.55640044181578,307.80706397501626,372.15869172127015,419.7369567972819,466.02627553632175,427.4684206464214,377.45744445800784,306.76278812531507,283.13663038126634,236.4304707385648,229.40250442997103,213.6235420719391,218.69958548268966,269.39834957377116,354.48149849184097,423.24131046549473,485.54113793157757,446.8387648256363,354.71382627360026,293.1259314850838,240.52068545532225,245.12679243026247,271.44436868483024,187.87237588685133,234.2285060365738,256.2982370402018,344.86130037369264,398.0744821370443,424.1618484004851,433.7709268680695,363.4146531473795,307.28290311751823,252.80648329671226,238.2952550678868,234.25984717092206,190.82446785311396,196.36754627843058,260.78972492980955,348.83946039015245,416.2115153096517,434.224614375945,449.5427357335244,382.23692303466794,297.44708647697206,223.2894188741048,225.40107494723412,224.75818484398624,194.8526621082851,216.82664186046972,286.7340647786458,361.1058885340537,390.5351465759278,421.79026026571955,428.26536172190015,311.68262819417316,274.63595845868514,237.31825634765627,216.24065423288653,231.89590276902723,213.60734020796903,219.15965704641036,249.39527781168619,362.2590682688067,450.610740600586,480.2517813996345,417.0965962071573,331.09239905802406,286.3309231665827,260.45734024556475,221.58264371810418,242.52433234922347,196.11789734863882,193.65172124555033,248.29285694885252,356.62886130056074,473.7219595031738,447.9470021106351,380.9942880544355,353.36581207275395,319.28255924347906,277.1220785827637,246.44065257410847,215.75573263845135,204.48059349868097,197.81558115313132,279.1845253194173,352.2729170079385,443.5131714782715,462.5121004756805,407.60661099341604,343.0316185913086,302.2033226357737,236.85452106730145,216.96733000232325,233.84524757139144,196.0574940238915,209.6080911156439,244.51466317749023,328.41424641270794,392.42232826741537,447.98914408037746,418.06781522689323,341.8772110697428,304.28659442532444,240.71318213907875,226.50887922225462,218.8841410286196,169.60830087351684,212.32900117443455,242.15943443298337,326.81907028690455,337.7412594604492,454.88466957338386,431.9504343832693,302.9627322794596,266.27861233618955,269.9815052388509,214.08033458094442,188.55585800663118,189.96049061554405,170.81409215619487,232.6171588745117,301.62741300521355,395.3901977945963,462.28508553781813,421.3045850003151,347.42720243326823,272.6897265526556,240.93348254394533,192.4424351944462
102,1592.276677482359,1410.503144618443,1217.5923485540575,899.3980600992838,695.7749925182712,449.58653544108074,340.24384765625,298.06686007591986,277.658779703776,311.7083517751386,746.500662434896,1218.3671729303173,1262.2129218513735,1235.3645274495843,1173.142970325101,1032.4258864339195,648.4674609374999,387.6239360351562,305.8343449943296,273.857785093246,260.4023156534831,293.39585366525955,540.3442911173503,916.3471528084049,1498.071146358367,1407.987620094938,1306.0911104066913,1013.9262766520181,646.5991500362272,417.2465641682943,319.20030133647305,297.859867219002,287.65415504964193,300.4631967458417,489.4559187825521,954.0120589127079,1327.623762561429,1489.8517348130702,1375.5090670677923,1061.9121131591796,690.765289109753,395.5867650553385,313.22092519452497,288.3939148736769,267.52860754394527,308.9760963292276,509.7802340087891,843.56573234312,1328.0452939925656,1514.2072570725613,1362.9989795315648,1071.6833573811848,660.295894499748,390.29530519612626,313.7101813137916,282.7830246857674,272.5515172526042,301.46439466907134,466.1611711832682,915.8835109587638,1549.5852330361643,1586.912548536479,1453.6339140467492,1167.1227321777344,688.3828990124118,422.3213491617838,331.45652347687746,294.7358419504473,276.3102036539713,308.9021270751953,447.8260102335612,874.7012199352633,1451.9315673631238,1463.6155657132153,1362.7708158628402,993.4323736165364,605.5942080393145,386.72267926025387,310.0985212953629,277.1605442957724,266.85429001871745,268.3376719616305,421.0666755167643,852.092655994046,1478.3119003985005,1346.3338685780793,1180.839330030872,938.5147188720703,561.1778773153981,378.7683958943685,281.68269877772184,254.02392540716355,240.98180826822917,263.61468840568295,401.31214093017576,819.5218338701801,1470.9940291078628,1480.9800372179157,1403.3230361643145,1174.5623837483722,700.6353625094505,403.70404469807943,314.6968503890499,278.15360745337705,271.6883342692057,320.8573001590852,519.3972704671224,991.553296351279,1373.319435483871,1481.2740954229043,1325.5850806451613,1101.492431152344,668.7289807128907,400.30068513997395,323.3568354846585,287.8389482264364,276.49307090250653,324.3016525563886,569.2954936726887,1061.9295136876258,1471.794427352413,1481.1141940157283,1189.5082417543472,1055.9614966837564,568.3611226727886,418.24842795817057,313.4346939972908,272.51516564153854,256.8567045084635,276.73076719222524,492.0058022664389,927.1672088623047,1489.7473788353705,1418.4142246686063,1202.1409833354335,1036.1982171223958,581.7430437247983,373.35180757649744,293.49627197265625,267.0931467757686,250.22383361816406,264.67877151981475,438.6965862019857,918.3489968970514,1398.1446000425278,1440.054522559255,1279.9946402863534,1034.648688232422,685.550012147965,384.8287948404948,302.13515158376384,272.73303594773813,262.89918131510416,279.9276121668662,436.9127224324544,1095.2664875252017,1486.5807126149823,1509.2644660205558,1288.223523106729,902.3080609944661,613.9287538983745,419.5092226969401,308.0351361477759,270.3158685302734,264.803749979655,265.5172405415197,416.9216830444337,997.5571591284968,1692.6950784203314,1386.8889544692768,1162.036523870653,973.8359778645834,612.324532155683,367.69735493977856,288.87306744975433,270.89127077164187,246.16573333740234,260.28582454558335,433.69538795979815,898.0575606807586,1623.0761663030808,1491.6744406007663,1281.4891859879033,980.7665857747397,592.4629476830266,362.47011859130856,286.01258135395665,262.3332335441343,243.28491204833986,266.6728425647366,381.7603345540364,846.4613386978642,1360.14523469002,1295.1300675836574,1160.2594392641126,876.6894624023438,561.5741866966986,339.1749117635091,261.515101672757,235.59566620857487,224.17570961507164,233.6677818249118,351.90156457519527,928.5936866809476,1475.9399860997353,1306.9746151522934,1183.033087177892,924.7849248046875,623.538055242723,355.9512586873372,278.9729664070375,248.5722237470073,238.7715139160156,254.10636675434725,395.3698047281901,998.3721913393081
103,838.6481675670993,889.1993676321848,676.8183910739037,689.6966453043619,505.46298828125,578.0600496419271,624.3151267759262,370.91206123598164,552.8874276733399,695.669839969758,814.8065775553385,837.0942341466103,878.4287887081024,942.1590229323814,819.3768847853138,778.4728983968099,686.8019280021421,642.3511192626953,557.7493581857989,574.1851445745654,649.6032551269531,723.4691432239163,798.5041247965495,902.3644167204826,884.1962095986643,779.3459696682334,798.0000798182334,808.3681298828126,625.4007022390058,602.831222635905,592.9169993935863,511.9192168598791,620.0109963989258,747.290068044355,801.6688715616862,946.3502169110698,865.9122765522619,833.6553717552148,781.7695260521674,806.4483457234701,709.3712526973602,679.1720130411784,630.2890688791582,515.4108084795552,644.8117568766277,757.6662027075981,764.781608988444,856.164003335276,941.2894558026713,798.8735857928797,843.9042885860321,857.8241454467774,694.2125302222468,634.0952167154949,616.2185625039376,496.49882326187634,670.4343948364258,665.599969383978,825.4567897542317,903.6901242754536,877.0626932451802,827.0878272221005,867.3910203109248,868.7681365966797,769.0676832236012,709.3372751261393,628.5436200541835,549.829093194777,684.6320872192383,788.133678608556,827.7602669067383,865.1955100963962,943.2872965363533,871.20503791997,868.1705722931895,784.837264058431,700.4936392901021,634.1162908121744,642.3705826100996,557.5909372834236,651.4169508463541,773.6682922757057,793.1881210734049,902.9312902044479,968.6297052395728,887.3256422093585,825.6922798796622,790.7926403808593,794.9409266514933,665.3498587443033,551.5997317997102,496.7074015955771,575.503694132487,780.5085896153603,811.854042175293,948.2535892215852,904.3910110572076,794.0417438608554,726.453181388609,898.9184148763021,706.8247904722152,630.1746360677083,603.5704710338962,513.7659921166205,706.8569759318036,784.9828278375442,910.2827216389973,992.1589395830708,924.1459804805633,857.1410083135595,825.793520881899,813.7682625325521,748.9739963654548,733.1691669921875,652.9960432483305,465.25260618148315,565.7527985229492,722.3139626189201,895.9731274617512,968.686977991904,966.0726205739668,974.2251919999146,921.8424852924961,793.1530804850261,697.5413441516507,669.0142214152017,621.2943190248551,517.9256873346143,552.4117792561849,766.634184530935,836.9021918334962,1029.2162296024449,936.6595692493069,931.7050765885979,831.7762897319178,846.2730209350586,753.0997799977948,743.1615792236328,694.5144747432585,529.8836048938383,597.8251344197591,762.1038049316406,867.8959756469727,964.9364773658014,897.4072521775768,909.4837183474085,801.4201154548891,847.3715958048502,738.5143323147681,727.0723998006185,676.3399006308279,548.1333123779297,631.4512449340821,780.0073982484879,835.5452767740886,989.2400749747983,939.5610550222088,838.3810901299837,806.0994858477193,902.9444586995444,754.2609574447139,727.5615566202799,604.9928866478705,480.8302467789188,624.4695375773111,838.6399550111831,880.5557971191407,958.0089403312437,902.7366302490236,790.5847799028669,853.0739467497795,980.5010162556966,765.4814128457347,767.6673895467122,716.372154009419,612.5450672371157,671.6414741210938,792.7734195241619,924.5948511555989,1019.0054041511781,896.5094862808719,898.548107422326,912.0277889128654,849.4770672810873,802.660213445848,814.9874525146485,607.2565633072392,528.8812801041142,676.6499232177734,806.7674541055002,931.7159139607747,916.2392793716923,1083.4293568666521,967.0095792400191,963.4837751425466,1030.9312880452476,864.7411591757497,816.9811627807617,658.6864754953691,475.79729021626133,707.2208087565105,799.7629776690083,944.4868119913735,989.2738601192352,951.0664469466672,1015.9645630424009,882.9468206196447,1005.3252099405925,891.4217069170552,834.7999375406902,700.2102278186428,627.760022484564,717.491610127767,805.9548535943801,883.0516589355468,1127.8124642452117
104,63.35037696592269,55.36833752223423,45.62886478054908,28.688385111490884,60.51116035215316,23.628153432210286,19.910534206513436,66.07316903145082,72.73612658182779,52.36811161656533,48.40609921137492,60.86133762482674,51.394452077804075,67.17960258493282,57.060009252486694,61.051832002003984,49.709901738320625,30.72631748072306,35.78313994869108,63.76652037712836,55.31225092569986,61.04565881790654,62.59630849965413,53.41431927957842,66.78800665824643,74.49302827468648,49.88081453384892,43.191887443542484,33.69401585855792,27.09091197713217,33.11675472259522,83.54743872857861,49.485084709167474,58.8625790626772,58.1556011505127,72.26860476832236,77.88211886006017,77.90722939120137,77.7033348649548,53.64043658447266,43.492173459452964,31.600061848958337,39.3004765935098,65.92473293673609,39.103555628458665,47.63738651890908,64.73160974375408,57.84626995455834,72.02335028125394,63.6454933941658,61.76396022673576,47.12193881225586,41.61008315055601,31.97354765319824,30.41865843496015,72.79312700579244,40.13812310663859,51.436734796339465,62.846745600382484,79.77418252883419,69.4690828237226,67.10604381608258,79.02621836508476,51.62398975880941,45.51929212754773,28.79665772501628,37.36703216798844,87.11621662509057,46.21018721262614,64.90252081471105,52.407682496388745,52.895762977600086,50.87947803620369,58.241680045386246,55.95961122082126,32.44462786356608,28.898779406393725,23.6636611328125,31.990899244739165,67.628499422381,37.71324578857423,46.551037019298924,44.166107234954836,41.40861286286385,80.07425639367872,52.840453643188106,64.0764092389999,40.95701196161906,41.730373894476124,28.669838537851966,41.09593193915582,70.83583284562633,51.754855438232426,70.42941622334142,60.795904591878255,68.07037650446739,67.78692034321446,58.39053267135996,64.73678598219348,60.407331901550286,40.99792762018019,31.07293884531657,31.447952200366604,72.13782099323888,47.340772832234705,39.735526705095836,57.62254706064861,60.7831184411818,66.62305545314666,56.42626923640961,56.94761484207645,47.115115997314454,31.87477946619834,25.559769321441653,32.47720484456708,75.35193247395176,54.51808783467611,68.52556804533928,62.723097888946526,49.93120526344545,69.63678618154218,66.54102704748144,57.343490948830876,40.40032253265382,35.8017159369684,29.713088386535645,32.106216783831194,105.2538377380371,48.76945450846354,73.03850251105523,61.12064710235596,49.79750046514696,65.52293316010505,60.70272185151801,56.77493240602555,45.34854222869873,35.847000343568865,29.520246561686196,42.654023619621036,129.33124363068612,58.71550096130371,54.494215506276774,54.30468802388509,52.82898308046403,58.36846121265042,48.51873072516155,54.10001199783818,40.75286216481527,42.33327029320502,29.17583628845215,37.51430529440603,79.29348485885127,55.50356598536174,47.44220096834245,51.425229293823236,72.08862016247164,55.123914078743226,40.88261415848003,43.806579671059886,33.035093180338535,28.372847189134166,28.268680192311603,30.836604728698727,65.82430797330795,37.180938266754154,49.5849114436488,43.930170875549315,48.262555716729935,61.75966666313909,53.892724100967925,48.75213227056688,35.235523615519206,30.3350987415929,24.301555447896323,26.87872148206157,65.07693424470963,49.56639904149374,56.38330559515183,46.28133879343668,52.33051152260073,60.629532374720426,56.491305114295095,39.28912152198053,38.69404343922933,32.54007027656802,24.95612008794149,44.67107716221964,120.30974670410156,43.84260225168864,45.15980396393807,49.10604997253417,45.927023790421025,56.870893997684604,69.73434677584417,57.3106104500063,47.449243774414064,36.593712113903415,30.323010302225747,53.16190747168756,103.91602410101123,52.84299198150635,73.56889151050198,70.68009456380209,58.840567311932965,64.58447846689532,51.802633190342945,38.400775619014624,43.28739800771077,34.1262816902899,28.254485539754228,41.04600818264869,81.78496665216262,55.469922554016115,45.367686996459966,46.38176954523722,41.61444642466883
105,32.75358640916886,26.619668568883622,35.85402975390034,16.09845693906148,10.642170776859407,6.547864866256714,5.823691391175792,5.8223510234586655,41.19738513946534,10.58372700598932,24.389634636243184,25.826714592595255,29.691097649297404,37.46766331733741,29.781014785766597,17.86981915060679,13.117489331153132,7.688550147692363,6.37364151647014,6.3372696393535985,16.285739872296652,23.17891902615947,51.98102672386169,49.19528314805801,41.565045009736096,33.5112998882538,30.91704241598806,17.807012672424314,13.336343926460511,7.79744631767273,6.901008440140754,7.441395510089012,26.905449731508888,16.965930186240904,46.37099987824758,36.93278708980929,45.13226597078385,33.123611790476176,33.77446975338844,22.31391845671336,11.753492976157897,7.628181006113688,6.786211896096506,7.2113614386896945,14.394104020754494,15.871761660422049,59.782130489349356,31.565398845672604,46.606367887989165,47.880546751797496,30.221796961138324,15.754621461868286,14.499278855785246,7.623353636105856,6.208495125309113,5.971443106743597,8.179400895436604,11.829070931403868,26.48415898195903,47.383266935348516,45.50928205490112,47.16967535115227,33.32899382806593,19.45079217974345,9.93278434076617,7.027555712064109,6.299548904049781,5.875301664721582,12.976187239646913,20.49100882499449,35.48862948036194,29.021807192525557,25.478747097753708,31.083230897276273,23.535023701267857,17.02271438185374,7.8949371104086605,6.281157289505005,5.402178905548588,5.317098727687712,10.523983817736308,15.025984683190623,44.326234962145485,30.02727066624549,29.202013157260033,24.60783278857546,25.25951987143486,12.201729868888856,8.702652094748712,6.0766858253479,5.216722058942241,5.112281293253745,13.492837527751922,30.068542092231013,38.56371286169688,48.669226530444234,32.02664004202812,28.913408921481356,24.933991065794423,19.888129329681398,10.2561199818888,6.419357946077983,5.694081041274532,5.578079256549957,10.95614369360606,12.093442348049534,40.42084185314178,53.5703663259937,21.337497846849505,39.07251217550832,24.353109355434295,14.21792665640513,8.505560367030482,5.9314143126805625,5.324855758913101,5.017207937240601,19.46759313551585,22.314470682451805,56.468143396059666,39.904299929526545,35.11618309328633,58.50010018978212,38.87888407553395,16.860214807510374,11.105053299934635,7.059777609825135,6.278168660286934,6.335596473601557,13.680090199311575,24.78185684157956,28.729779509226482,28.80733165033402,18.01275936418964,34.32969309849104,33.366360553003126,12.301903243382771,8.071628553021338,5.367614953676859,4.810356789250528,4.953931262723861,10.159361149787902,16.194155522315732,22.63185328229268,16.959030643278552,33.14762927209178,27.20671083458539,33.78673761090924,16.105972089449562,9.565013866732198,5.785721151987711,4.880279987704369,4.460305604780873,11.646946753819785,9.361108735607516,19.013923326810204,41.59489089719711,23.396551313861725,29.57766439757911,15.423791868917402,9.596833369572957,5.378416009410735,4.314612192312877,3.8902183398892802,4.197152443393584,10.750008395195007,11.852585136505866,26.80479310909907,22.02166640373968,15.269656416985296,40.167326079659865,25.169909814096265,9.634847028096516,6.545162501488963,5.141287428538005,4.6814745167763,5.010940931074081,16.925663291454317,17.239764544886928,19.90235080687205,25.571910684339464,21.146608986393097,23.193609448747686,26.40446446449526,14.868429358164468,6.727285283304029,4.575004991213481,4.14064998811291,4.632774611288501,10.3437972963651,18.67792831467044,18.64889010095596,27.079700341378487,28.904314675177297,39.44381475146769,21.622624420350597,9.995811172485352,6.488706732719175,5.1100307307243344,4.189051234799047,6.3180008543691315,11.854310648600261,16.76178621861242,18.88933441098531,18.071747250864583,32.42164993870643,32.26756392120727,20.44129290703804,17.725129891077678,7.109027367253458,5.324725226720174,4.657402451422906,4.460473536675977,9.439823786417643,14.707968570647703,30.624719248135886,36.739745153304064
106,0.6342406447856657,0.5271914952567647,0.5213864920600768,0.8922498226165771,0.47617216917776295,0.7693670304616294,0.7473294758027599,1.2292210298199808,1.2254137955109279,0.49428516414857676,2.077052338322004,1.6138578511053514,0.6749282783077609,0.45143871443171807,0.4724741113185883,0.804901385386785,0.4444036801976542,0.4887708598574002,0.9344519639399745,2.060504571045599,0.6405138688087464,0.9395738873174114,1.8060043426354728,1.9346576885061875,0.8456701008158346,0.5478210658187349,0.545255585293616,0.8486861383914948,0.5507847082807171,0.4787801175912222,2.3134503818519656,3.4714243870589043,0.806225221335888,1.2285293981144507,3.1287741532723112,2.347269624702392,0.5641862488946607,0.5772024789614043,0.5102880026832703,0.5091226288874944,0.47647130766222556,0.517675049384435,1.0390953290462492,2.537037964021006,0.8487190406719843,1.4947311676894466,3.919627106030782,1.0263854842801248,0.8797351641231967,0.9030869203857307,0.5405054058182623,0.5733292387127876,0.47393372908715276,0.4408958181540171,1.2484155811994306,6.301024750624935,0.6333063928484917,1.5719820081418558,2.3020586197773616,0.9427916656386468,1.1647170415232257,0.6355344014200084,0.6252342197587413,0.6533139548301696,0.5773107403324496,0.5544174476067225,1.287823727899982,3.5164959926374495,1.2145756332874298,1.5057259017421352,3.7433337430953975,1.2746151707249305,0.9283083268903916,0.5600765333827493,0.6205897461214374,0.6948607549667358,0.510717716524678,0.49507886219024666,0.8927755462546502,4.0752242483246714,1.1589937562743824,1.085766967477337,3.026469701548417,2.0319155047401303,0.9275714189775528,0.879942949643276,0.8405976998036907,0.8168010679483414,0.7109269978538635,0.6445616402228673,1.5029524935830025,3.763017930369224,1.054832147359848,2.2480364110008364,8.893913608590761,2.3182982908141225,1.027266148213417,0.6600864976013235,0.7666116953280664,0.7231366767485936,0.6095980101054714,0.5824022535085678,0.6978177226551118,11.800980895699993,1.1746257839600245,1.159622127144567,3.0585556377768515,1.7582500309905698,0.8117896983315868,0.6179216851756492,0.6511054268190938,0.7052649203936259,0.585149985859471,0.5702854356567064,1.434885140465152,6.070356909401956,0.8531079947749773,1.5439322078420272,2.812424115260442,2.484854082022944,1.185610772486656,0.7572698373762259,0.730739833462623,0.8908462669849395,0.6784005387367741,0.753602597753207,1.8812777919154016,7.716864047704204,3.054069697936376,2.662883610686949,3.0767670127550764,1.620065223670775,1.264909339720203,1.0061092957164266,1.069224009898401,1.087791929165522,0.9896405061598748,0.950984759012858,3.937809974608883,25.016795430491044,4.4275970356861745,2.982360987278723,3.966163672765096,1.881927197863979,1.2015006281483558,1.0309557677724677,1.0329725654279032,0.9750686884323756,0.9895451800669391,0.8821852111021677,2.8642393666698083,6.0163139400943635,1.2306396680672964,4.08282605432695,5.552898387034734,3.8541432969800886,1.6085889380208909,0.9032127896523828,0.9594913006597949,1.265689076979955,0.8469770228478218,0.841018737355868,1.7027286838716074,5.0273170543486065,1.4012146377563477,2.4694552483481744,2.5392503674030302,1.4380192553612492,0.8883969006999844,0.6572967651251502,0.68913075893156,0.8694208203554155,0.6158774397065562,0.5746647144556045,1.7103411192663251,2.5312319823618856,1.2905756428639095,1.2721903143005986,3.574249177217484,1.8959693003854443,1.2977692465628348,0.7119725725128145,0.6865786251714153,0.8399704230626425,0.6511516052676785,1.0729105614026389,2.068340673792747,8.025108397891444,0.9625091948906581,1.9950758456414743,4.615476744969686,1.8117862711029666,1.4080575232351982,0.9251532102335849,0.9592843333751924,1.007909724156062,0.8667532146746113,0.8494881580670676,2.101224944899159,9.823810714060262,2.892563940286636,3.3565206672683843,3.5995452686548233,1.836809035847264,1.093108559962242,0.8713722631144407,0.850172142982483,0.8639484238227209,0.8921933804404352,0.8068459916909536,1.5209591883228673,9.954731248386445,2.928679842154185,4.930786858681709,4.281795609235763,1.6589056747959503
107,45.37576440995739,20.88998508793967,27.415602514820716,14.585603615442912,12.448488875358336,27.231168530782064,17.011341061130643,11.462281273257346,9.7849720287323,12.927577360214723,21.443980442682903,49.84751947772118,60.016198838141655,55.61501229398944,123.16367267054895,133.5196738751729,43.43728495197911,30.014432771046963,25.06918154808783,22.854210683761103,19.35571352958679,25.88913881363407,61.385256418863925,26.977856756025744,54.6680444015995,87.04848791761353,110.03198821283156,103.9803029162089,53.08145331536571,34.88509265009562,29.70423736510738,26.539045439689392,34.877710551579796,37.91234864511797,59.962337794621774,103.90068822122389,52.105078799340035,49.189585520645664,139.61263930289974,72.61651721064251,47.87359203461678,34.34953757095337,30.29185207613053,27.536269922564106,21.72839377212524,40.04923925707417,67.39334299723306,65.80353514271398,71.0210986352736,74.70960064559148,122.17772647857666,108.31568056233723,70.90868803085819,31.385149233500158,26.877806459857574,29.97638314524005,21.052830571492514,30.159881228170086,43.3384244855245,42.018113283957206,52.201269253146265,59.980317770718365,83.51688109982399,73.88833354187013,38.64035105182278,29.368342601776124,24.43755865527738,22.804479389805945,20.876969431559242,41.60598727564657,51.72776313908895,55.37763337904407,87.01702544304631,42.582831963012964,97.16573428676975,81.42149088223776,42.57828504500851,26.98183937517802,21.904687711654173,19.85446898183515,17.14548058319092,18.60966831884076,24.01286779721578,56.490894785235,49.566268805226976,75.78111204043985,74.80957907768988,137.8013125559489,48.51989392434397,38.682317131042474,28.622449244837604,27.506422351714104,21.73993653615316,43.88447599964758,69.55743945185344,65.67718553850727,63.457147578577846,61.0139453317614,115.75364497646208,100.59584922663372,49.69167185014294,32.97733865737915,26.746261473624934,42.01640835177514,24.901182773590087,28.094767079507154,58.42802201461791,92.7724516942424,51.56709005663472,129.3806212814218,111.98482306695753,93.61932070795694,59.74264001907841,35.36452703730265,27.582190141985496,26.406090353073616,23.047031401316325,31.532139546178996,49.43655607732138,75.63944609918903,114.524736600076,141.2422689606521,116.90409689134167,133.0854042460124,58.76846191283196,53.9082163327535,36.13612329421505,50.89248982952487,30.20748454666138,48.138066042007935,46.94211699676514,79.51325866576163,61.63301927751111,62.0855429438887,60.45894909889468,63.88618843841554,37.344418619217414,41.42972057787577,25.653063077003726,39.16597709040487,31.493968547821044,28.295586422335713,56.36228481928507,39.874395888543894,113.26303417944139,61.57261709053529,115.23972825450281,85.26210217157998,55.45109488579534,32.987640410105385,30.843234555029102,33.61581467413133,28.3549042784373,116.87767915479597,94.09961337280274,107.35860720911333,59.704152195838184,32.13159536117403,72.41984810367707,86.33691896184285,42.902849037416516,25.76718457667033,25.44825656767814,27.54778648991739,23.426407886505125,55.136605040027256,46.11312029647827,55.127105563994384,35.77121086735879,102.25182216731199,122.43255845469814,95.69348432795206,65.69659101793843,33.46768679300944,25.186258388027067,25.08782356692899,24.207015569051105,46.964115289872694,87.09073814328511,43.90154316071541,87.79032699461906,96.4021293191487,97.81956579946701,88.26426005617778,51.14895609455724,44.48255785306294,27.111956583453765,29.282534414722072,21.62705046335856,32.89786906334662,92.61218697357177,53.065916773888375,68.80239269625756,82.23327855133657,201.97927571696619,126.40522645060221,61.10221902170489,51.132384305318205,35.76477545461347,43.60384784698486,49.16839735158285,144.9137615154636,57.32892104975383,50.50130066287133,65.52252871174967,111.45701590178635,180.0159049347908,169.29209600830077,78.6715719444521,51.56260297520955,34.16518114643712,56.41504756804435,34.92286529795329,118.4621174646193,83.95204738489787,71.71121438610939
108,5.425383700622666,9.607728310195464,18.216775589700667,9.353219813456139,1.7443170711398124,0.47714609255393353,0.5152736751302596,0.6706614646219438,0.43416638878484565,0.3739055632823898,1.6852566239361964,9.540489282567174,4.866770629604017,11.259650083772216,16.996554498153348,9.508688221335413,4.573885604835326,1.5560673765937487,1.6042383140133274,1.0639617554122403,2.0550492496291795,2.2573349317908287,5.221159372175733,5.070703139396445,8.171732454299926,14.032072046134124,18.884984532065932,8.613733954161404,3.1500893521981856,0.6918539937833945,0.7634150610431548,0.9047629545004137,1.5528664026955763,2.4157833461319247,4.693948114792506,5.607036099640593,6.912576931037249,13.498880282206084,18.82335582583662,10.978575846001506,5.667116547361497,1.1376048951943716,0.763072541183041,1.0915554208236355,1.9139058784643808,1.7846718086927165,5.558239131112893,4.547927187517766,7.116779987908179,14.71239491856744,21.56844482866987,15.43391264539957,5.2388225838878455,1.142651185631752,0.6837938591164928,1.0105705267094796,4.483972513844569,2.372884894513315,6.394553258215387,8.56214804432565,8.610928637923733,16.112015183548916,20.60203351411127,10.266559779246649,3.85831182739427,1.0824415212472278,0.803120835519606,0.6358903311048786,1.652408659726381,1.9380182942027049,5.713792272989949,4.450636400763066,6.61439066426408,13.428187580591649,18.572857305196024,9.208563451031845,2.6131596283758847,1.4268622915446758,0.8644010444994896,0.7030641497046718,1.1234790707230569,1.855642308006363,6.159902143011491,6.200449139172993,8.59417310229713,14.415116352970378,19.426054267633344,8.939513434613744,5.448103292685362,0.8136338351567586,0.6826321089652276,0.9219258482033206,2.4985092971920966,3.824983329157675,6.027046586170792,8.22670207728782,11.690146181722803,16.402689963736997,17.72222258087127,9.875518165970842,4.737909715454425,0.9518665479421615,0.7519120563999299,0.9388386680426137,1.5302553153932095,1.1137202409150138,5.734484145224096,8.4025121814349,10.290061096337535,11.874204869992628,16.447622397493934,5.219451570858558,2.4315187163747125,1.0320038715998332,0.9616200844703183,1.114365732371807,3.1362311216741796,3.8733124519788453,5.415928634727996,6.096142452738938,7.922618286672138,15.558311893563957,16.838348772891106,5.214201684559384,3.338386253950096,1.0250898406902949,1.0780870273420888,0.8933816972182644,1.0143151376843451,2.3471783086176843,4.639549851094683,11.19658926317288,8.387736312016363,14.82250507723008,12.896207472172474,9.086387790501117,2.6529800114131747,0.5878729975819588,0.9204476417456903,0.960600701426306,1.07075030507644,0.577607319854921,4.993136126697062,7.180697407808995,10.608178321940283,17.462423311527363,18.546883628714472,7.452088854799667,2.7924832339344485,0.741107610275348,0.6600875916980928,0.5623227011388348,1.6013155020624397,2.1473681122064585,6.780816605279843,6.60487050120869,8.678017915636302,16.062791939639474,16.10917984752405,6.732457095881304,1.6220994084688924,0.7727877732813359,0.8433191295785288,1.2529060299069652,1.8108876999517283,3.2078927873988308,6.238395984401305,7.358025706275816,10.536030040344885,16.696219856016008,15.496355562940717,10.289427476326624,2.8505055387462344,0.7568582973778247,0.7212553315201113,0.7370724231389261,0.9569202133417131,3.237245135432289,5.929327522829174,8.3766817418558,11.480205296739454,17.555390876671805,15.038893678534416,6.730654260049263,4.031833162923013,0.9029998767971993,0.8631864815565848,0.6154802321907014,1.7866739134689174,2.76120559988964,7.980444575801492,9.723308519610475,12.24519121895394,15.789723067662583,16.40711169340918,7.890394903173049,2.7160496341941816,1.0392551310261091,0.8605365084832715,0.6876823393279506,2.6844149474600947,2.4061924652322646,5.0235661065479125,5.493237238968573,12.410526937087699,17.984603758528277,15.470140744880322,10.882043091654777,3.645665926183424,1.402247675528129,0.9065690900433448,0.7816855029905996,1.3269797020504872,3.1560011767235494,8.865205884585778,9.114631911919963
109,28.987569608995994,32.886332930837355,70.32192670760615,46.57247031847636,10.07909883068454,3.616855488618215,2.6370657890073717,4.06411343245737,3.992555998563766,11.735573507028242,34.42016550198198,32.66432825903739,21.291348503789596,37.06234835729224,63.445152002457654,47.08294871838888,19.718981535511634,8.794561817963917,5.4444352088436005,7.258583926885359,11.08275879491369,27.90500722091044,34.226203084747,21.971304783744195,21.175036574871307,40.214339932585,63.99202684556285,42.843782572905226,17.259836618823392,5.238429165244102,4.293401578011052,3.8933769254915176,13.969818396419289,30.33638864643151,37.99275611514847,24.57123898460019,23.82443169578429,45.268581530448834,65.91617728956285,53.76544817074141,22.887850214896666,6.236078809499741,4.43504599278973,5.850404008203936,13.989265353242555,25.312619601670775,42.19437080482642,23.144557821366096,20.42667386270338,41.47114906651633,62.42443627665121,46.34498667748769,21.24813149298391,6.078340533494949,4.0115057763745705,4.253080186863099,34.589172511955105,26.37834119341066,46.04877450356881,28.114785783829234,24.05914982999525,47.08061513788007,65.75678180386943,46.55793252849579,18.86765170412679,7.180693075736363,3.08363757510339,4.002420860817355,16.02755865677198,25.699220533255605,39.16737766110897,27.087332091177664,23.300255980337816,39.44785286271514,55.99653151450618,45.38655705865225,13.011428290644,5.559673066059748,4.540159635159276,3.6863854235987503,9.422763442158699,22.750773352778726,37.44955550009011,26.465427013866368,22.742253389512335,42.84726800529827,62.1767227068255,49.05856534989675,25.09378046266494,5.845350662151972,3.003218074998548,5.692997191913667,13.939611961384614,29.429056640805744,53.40057299862305,28.927827417542858,27.562660718579444,44.75577570822145,54.40424460164962,40.85724171249071,18.29603866827103,5.003288551807404,3.964398585058027,3.673383692579885,8.61325332572063,18.831165825993786,43.13543308436871,30.399549490367214,26.106950395337996,39.873235823791006,51.76189785772753,42.88439525906246,18.859195228276715,5.166974348783493,3.7900008591528858,3.5520604134375047,14.413987786233424,37.30058338882462,38.03844719644388,24.599280429117137,28.891311695652625,47.1322507283253,65.17738740674909,38.09590630785625,18.202520842398364,6.031344039201737,4.327453743027102,5.1533874068529375,13.729949095229307,27.25244507628103,43.163967194914825,42.63938267719361,24.86633709142285,49.552711791322736,46.81896322558003,33.75961975113551,14.399999577306932,4.140238213936487,4.541803388364853,4.401685640696556,11.930817442903914,12.99189244097279,46.340548180441054,35.26109334588051,27.899281487041907,43.390038715389565,55.186559107380525,38.70063078085582,15.6847201463484,4.733749094963074,2.914844835419809,3.6576335289978212,9.427313594847918,25.986085915430902,40.81815408616265,32.41869018456628,30.083968983407942,43.28614641484662,47.53548456499654,32.867448678652444,14.35382123524143,4.8853676382700595,4.020923225187486,4.044350552847308,10.695219754099845,31.058746692595946,40.07412509851655,33.196213699675376,30.6604132763032,45.62608170129983,53.8257151714448,43.659490815162656,17.983014114672137,5.414341423749923,3.922034769365864,3.2335972651358573,9.8343170089523,34.931751919946365,60.356188611745836,42.615162667997424,31.413025630520234,43.224943614781196,51.34018498266897,42.51413629118601,23.032338420883303,5.263578015168508,3.6197156976884406,2.9713840778027816,12.523305461963016,34.95728912322752,50.28019398044546,35.14441812476804,33.605781060803324,45.349161392802685,49.237108383178715,31.99187287012736,13.285855927313525,4.9469701677560804,2.9025530949715646,3.2451572226324386,20.27102948987484,24.263259181957096,42.60575776992242,27.59631275475025,33.03547158041308,45.93480761521555,44.619753334291524,36.812167656898495,13.901245015128968,5.957959764480591,4.204726455288549,3.805171712290856,9.289458313624063,24.50899714133432,55.144615276306865,30.804787111513072
110,48.432500954597224,94.9057993394988,50.68263045126392,35.68566470623016,11.825776996920187,8.538450868924459,7.251753542500157,6.122566181613553,4.707198277314504,4.433082643631965,12.056821428934734,91.34760588676698,58.408409130804,78.07050246167066,74.41988347391927,42.4031857992808,14.884797412195516,9.502909910202025,9.747268055023685,6.713331974398704,5.321852732976278,5.769916928506666,15.065834929466245,33.75389605783647,66.7122615680387,83.70070597271027,89.35855093017702,38.42473820098241,13.580910335663827,9.044176922480265,7.864175511329404,6.578168345420591,11.35149557733536,6.059934402281238,16.576824034055072,68.20525568869806,57.210066566159654,102.01942620574548,117.31699885706746,51.88608310604095,21.36134216370121,11.315474662144979,9.964199672206757,8.128302601537396,5.95232030359904,6.590363801986941,24.392400351206465,43.974678064469366,102.5924503944766,107.49942923959252,116.7745567034137,63.91218719053268,23.306118451856797,12.344826230367026,10.660824227794524,8.059605150222778,7.281391305923462,8.282460253469406,27.771781425158185,88.6300710790388,59.71840952811702,84.28833691916444,79.72643644271359,45.41247268104554,13.385925629523493,9.56784513950348,8.496107482294883,6.848825091085125,5.51133824189504,5.764939176805558,19.631083169142407,44.609580040439475,67.69771346615207,88.85167107114651,72.00037976264954,51.02660494677226,12.979362772049441,9.32469525973002,8.110632629702168,6.653095804337532,5.293249087015787,5.614613650844944,20.960675230344137,54.458962465101685,78.54242167657421,95.21926650867087,71.39044047478708,36.70301670837402,17.381985983694754,9.460831302960713,8.322582419610793,7.256058490199427,5.308967327435812,7.304263392725299,35.13267286698023,54.6777683736432,74.90894604221467,87.93111863856247,78.43023139215285,37.35478981908163,17.024242795205886,9.994425739288332,8.471482688534643,7.278191551393078,5.554871453126271,6.524908913796947,28.0254055000941,63.97462143928773,63.010057649920064,93.14226633356122,80.76456826902204,26.210501372655234,17.878480551012103,8.759135392824808,7.81332021097983,6.837455853492983,5.716346091111501,9.042894628893944,21.4352917620341,50.31346877805648,106.69762716877844,144.76285717480286,104.70368789334452,32.32376365057627,15.852200789913052,10.432951120376586,9.252709510249478,7.803472059619042,5.752933198928834,6.914186296463012,25.424367701212567,88.12089627542804,76.71742196790635,69.10250218546449,68.82374305632807,30.13077785873413,11.863736478744013,8.653762347539265,8.177287570276567,7.126970376045472,5.13800923538208,5.266251950725432,22.159277385552723,50.66173473388918,85.68257403835173,64.15392497328114,77.35886411820688,31.331722681045527,18.771743984222415,8.253991987864177,7.57493465423584,6.4011779535970375,4.681205949783324,8.072528897408516,19.492214557488758,54.71774285885594,48.24084096447113,87.05679343729771,76.03147869817673,39.927038613955176,12.172975560772803,8.790238876024882,7.6901176384956615,7.011015421344387,5.349635728836059,8.103637355527571,19.653598450024923,46.59185121690073,91.88450529467676,113.92263365287499,76.99643361922233,40.8272755947113,13.720562203622631,9.387499129931133,8.02993462377979,6.762309083938599,5.699027612050374,7.353419193144768,33.93784992726644,41.85904370723232,79.26211793361172,103.81491559151945,77.2944218091042,35.48650435988109,17.824612921130274,9.270986309369405,7.784660381501721,6.402560224533081,5.208151053905487,6.567718590613334,43.77930116717021,57.164379044348195,96.38815772948728,113.17376774022145,117.81392145095333,35.44282474390666,18.307580269536665,10.879332925478618,8.898165308736987,8.834102677068405,6.552478715896607,7.728677326786903,22.38776186211904,61.71191425108141,91.53884619220611,106.65401276004727,95.31748002113835,60.84418203671773,19.571447381050355,12.513869669596355,9.95564667824776,8.161902752845517,6.420968253135681,11.245891566738006,43.23236378669739,65.57176785346002
111,10.342912884681455,15.496949728471893,5.458777720697464,3.1382816265026725,0.6343308046940834,0.4971937441825867,0.43199682533740996,0.3666204952424572,0.28552168627580005,0.6340774448648576,4.573489208817482,13.137821336715453,18.620841237248914,19.342294225826343,11.079573700620282,5.760962443192801,2.168605750414633,0.8656888262430826,0.6964931902385526,0.5581080546878999,0.4349555170536042,1.2047654154031509,7.136280655880769,11.201467257315112,21.310774135474237,18.304790485698014,14.204750735682826,2.738492288072904,1.1982984328654507,0.8808185197114945,0.7214307911934391,0.5839935723043257,0.46541884815692897,1.5275036602058718,4.750110548178355,15.975450681101893,16.954881511061423,20.66799275879496,13.463181642832296,5.417012857317924,1.3520711096063738,0.9825050582885743,0.8004882375847909,0.6464277388395802,0.5141859853068987,1.1006570437646679,5.335390343228976,15.495055956552108,19.8030097231365,17.977298303476253,11.77939993262291,3.0959879070917764,1.8887098328144318,0.9290307926535606,0.7636883795453655,0.6214932441903699,0.4883629567424457,1.2850437359848328,5.783341450452804,13.762155452909008,20.927615462310854,16.546215571135725,9.562679723539663,4.953210132439931,1.2330607867625454,0.9327700698773066,0.7777025488884217,0.6407893320437401,0.5076778072118759,1.845836198118425,7.87026805770397,13.511763046383859,16.8583805261312,19.198620828027504,12.742173943019683,2.1457648027340572,1.139978376280877,0.7787374535401663,0.6509989867095024,0.5280161886638212,0.41352284882466,0.5225305512547493,4.336679385085901,13.414555527452501,16.707517560778125,16.12079784847466,9.436290720508945,1.9276955443223316,0.9907803474703142,0.6870938173135122,0.5825572721804341,0.48196196513791234,0.37906723778446516,0.5913504238186345,4.322896059542894,11.21713253536532,16.40505776016943,16.842702967983307,9.298744068568752,2.8420956241885817,0.9854219129393178,0.7508982494076093,0.6418688022513543,0.530332460691852,0.4068879089752834,1.0144883632563775,5.643042476971944,11.560419901724785,16.27785045071956,14.572249054712028,7.629182255768006,3.610431434988976,0.9294159477180051,0.7115026142001153,0.6086319570964382,0.5512755656242371,0.4690410779515902,1.4030487388564694,3.8705672362645474,11.627793156831496,17.944373549915127,21.329345748097143,8.487413761654208,3.3705553390781082,1.3177908523621098,1.0338540168007215,0.7933368631524426,0.6553541427081631,0.5303357980648676,1.3691174963020507,2.3642613709568976,16.22412660656437,13.751997145856581,15.305169682156276,5.981328927759202,2.393481683691342,1.0180290567490362,0.7165538944005967,0.6221361443111973,0.526397856050922,0.41248685178160666,0.8415029191490143,5.392903794497252,10.55588691367257,12.47516335391229,11.10759862723976,10.573181982559541,2.5657425637841222,0.7515015430411985,0.630044573088487,0.673012714616714,0.4694339716242206,0.3679192045629024,1.2374683173625698,2.5362914736568927,9.697102900974212,16.05925495563015,11.484378054097956,6.914160393207304,1.4848600713014604,0.7929026127053844,0.6296931997140247,0.5499102359048782,0.7425147441125685,0.3919199938376744,0.4418663828699819,4.045726950367292,13.179799399087505,21.155261135062865,17.55546259576611,12.914893905462757,3.924825579682986,1.2029573358451169,0.8720110564430555,0.7226839505472491,0.587450892829126,0.46405335549513493,0.7486634132169909,5.959445024430751,11.805677258160808,10.665471127802327,14.0215218635821,8.933618943249027,2.1959168851971627,0.8668375189073624,0.66558905373017,0.5474808165334886,0.45401414221332914,0.3541198093990485,1.4515304903541844,4.027753573218982,8.468683434724806,17.704636957299325,15.440361837775544,6.978032872638394,1.7013109092116356,0.8901988742620714,0.6900915743907292,0.5993467422070042,0.5051746961378282,1.6020805657307307,0.6354554673933213,2.403800255159537,8.663564302882842,12.249087359463015,10.007274195864579,6.4729424282331625,4.166099800884725,0.7605657503585661,0.63287457532684,0.5569998697023237,0.47092654461822203,0.40831678671638166,0.810317786090797,8.60189222501715,6.900551311739029
112,7.458236307482567,13.087285513750142,2.439064464453728,1.5161513914664586,0.8007360143046226,0.7277824956178665,0.7219428831531156,0.5804493442658455,0.48969694654146834,0.4457493132160556,0.43669402350982034,11.095787599490535,4.489963517650482,7.465733285710729,9.436552410087277,5.875738087733587,1.14342841144531,1.1458979614973068,1.1139774495555508,0.7008849034770843,0.5927937761545181,0.5310331176557849,0.6788156425754229,2.592210510219297,7.131893834394793,9.234306844837707,8.995336520171936,2.989431036671003,1.0463434014397284,0.8852546962102252,0.7825709150683495,0.6849455507147697,0.8727372027039528,0.822596241985598,0.5015380450487136,4.3751163428445015,5.662151774706379,9.230899386220965,16.42973662061076,4.156635129650434,1.5849680145325202,1.3375217844645182,2.0879951458592574,1.0671855527739371,0.7156254119078318,0.6834492389617427,0.9696277056336404,3.7537850114222495,11.244455498668454,10.842793063743068,15.200811734853252,6.6829208567539835,1.9053508791423615,1.696759420732657,2.5390626292843974,0.9420181560516356,0.7311140594482421,0.6577570885419844,1.6965318624575931,4.710385872625536,6.312437878635622,8.126426544967543,8.163953845923947,3.0703595097859706,1.1147843864656264,0.8743423576354982,0.8860327223808534,0.6550857189586086,0.5530975629289945,0.628507006899003,0.9042312311927476,3.6984658075917154,4.2344015201637815,7.858662136884893,5.624327540897554,3.6875301052729283,0.879956657002049,1.157629134376844,0.8786199448954675,0.5777765560342419,0.4866597608327865,0.5140036101302793,0.44656462375322975,3.3634544367944037,7.904864361613027,11.902721928971742,6.017120053941204,2.7919854884942374,1.0671884380809722,0.991049918293953,1.1772118773768026,1.127676433959315,0.5779291048645974,0.5387630865650792,0.5956793365677198,5.4704204128057725,5.233266406155402,5.535158310464303,9.04636861660788,2.9214033351143205,1.0138597895445363,0.8307005268534026,0.6933154873886416,0.7197516574590437,0.519172034283479,0.49031682143288274,1.1056005224188168,3.540089501603957,5.505299495093284,10.222336181319992,10.214558059486652,1.7367818788389364,0.8951282404699633,0.745034954994917,0.6869597798970437,0.7348068441017981,0.48275071129202834,0.5839616526230689,0.4199293319086233,3.027642046568855,10.779670570281244,20.153581219920387,10.939088245745628,2.249694729646047,1.3966453867189348,1.8990770259698233,0.9805185339912292,0.9615210517760246,0.6756950650811195,0.5960720985166488,0.6254710981448491,3.9513506629197828,5.341376952605863,6.328369931114717,6.55647548212159,2.6082574891646706,0.8307210274665586,0.80188538924853,1.54681660371442,0.7580178338866079,0.5239551543792087,0.6390485913330509,0.5260744791428249,3.2205047779121707,8.161365772697234,7.111384756002815,6.728787808226,2.320675975104173,0.8741984010319557,0.7943072531223299,1.0521405061406475,0.7606937601681678,0.5117386134266854,0.4939836392095012,0.7158730299870173,2.111547357016994,1.632496843472604,8.952032438247958,8.811968684292609,5.145836850861708,0.8794231473245928,1.3621749024192493,0.7599593769927178,0.8491479078223628,0.891643569111824,0.5913074485909553,0.6716732215285302,1.439463183995216,7.866546070364214,13.252036849553216,8.202627672399244,3.8983967149058976,1.0909870864883546,0.8483336628476777,0.7300742758858589,0.6134506386133932,0.5314656822880109,0.7081750388299265,0.5186729974945387,0.9413158438282627,5.3861182849445655,11.391986883564536,9.231328269435513,2.079261165956656,0.8899598680580816,1.0351864817341168,0.6685727105602142,0.5948933205296916,0.46713014183441787,0.4307853741030539,0.98518974156181,2.152707000518999,6.371873743457179,15.435186750775046,8.933176872787936,2.6663805505633356,1.2363757095606096,2.0590846302111947,0.8961540828597162,0.8533345567026446,0.7030605551600456,1.0115963981805307,0.5288959088921548,2.4464919304078623,5.7924077393354905,12.055018484435353,10.71010597000199,7.018710549235344,1.3170243055589737,1.110806272228559,0.8636073420893762,0.8368985411428636,0.725996385951837,0.7564206587499189,0.5527086011966069,3.6015898630503687
113,2.573044000133391,2.474821477276938,2.4042310407084804,2.371149427096049,2.381285758172312,7.5854980023701986,26.341920972639514,131.5569561373803,93.43152455647787,6.667406009858655,3.514988608360291,2.8532103984586654,2.7299801192745092,2.6245024499987144,3.3621677838602375,2.92584302107493,3.226828448080247,8.886956566174826,50.54191401266282,100.72322623652796,39.04439741579691,7.668603145537839,3.3363015041351316,2.902403422632525,2.8780392668324133,2.780594824229555,2.7890899184442333,2.700066465059916,3.347911578455279,7.8109754989941935,46.700805744663356,109.74177039177187,43.87289556058248,9.385927112025602,3.580957586288452,3.069510311003654,3.115996247876075,4.022351486964766,3.1019243031163373,2.7364850425720215,3.326867930812221,9.520476202964783,47.337136503957936,103.9699003324201,45.48974579048157,11.059450410719842,3.651007469813029,3.1071333900574714,2.8901449867986857,2.7352262108079324,2.720250610536145,2.6375247751871744,4.229690212588157,10.38105941184362,49.21719958889869,109.5056178689772,40.46085788536072,11.87292516616083,3.5718162806828815,3.260841793860158,3.550428684911421,3.052658695246786,3.5329447820109707,2.9845719000498456,3.6357303039489253,9.62267627843221,43.801028511293474,132.3890684687707,44.07520079803468,11.007856763101392,4.028142205238342,3.3370407193706884,3.127448064588731,3.244190201295421,3.076518015861511,2.9253335480689997,3.5121221548511143,9.238095969676971,56.05597602967292,107.91407314054428,53.94192821598053,8.985856161732828,3.8127952426274616,3.2759945632565404,3.2905268579913725,3.066593577832424,3.2631704567324733,3.1185810586611433,3.584238155734154,15.146950295289358,58.59751801429256,118.83154841576852,67.25609254233042,10.730974492411459,3.9952834889094033,3.413174250510431,3.531439936699406,3.08833414638571,3.586342633155084,3.0718264683087666,4.277973352247669,9.698404895623526,45.41533036939559,122.60732308603102,47.92076320234934,9.607148779592205,3.8884900372823084,3.348558288851092,3.397912361237311,3.1060048076084685,3.114801351793351,2.997829011599223,3.7781799419464606,8.094097751776378,54.085632313451455,138.98786103833106,53.27852882448832,11.324151131722235,3.889160596847534,3.3782345845622404,3.476911512497933,3.1990613364233758,3.4028300509914273,3.169449588616689,3.9131977018233273,9.115417478561403,52.22690864040006,151.04777688610938,57.3002339293162,11.612148197543236,4.303824994405111,3.5550715257275485,3.6672605285336894,3.5448434526344825,4.357979328401627,3.5354735190073647,3.672097082445698,9.217706504185994,63.64782823839496,207.95225341058548,58.21897670014698,10.11848324960278,4.477175614039103,4.108171413175521,3.91329238060982,3.6753590219655066,3.829667633733442,4.226355968157451,5.333797489904589,9.214371016025543,75.66440331182172,142.16930020055463,51.17328912734985,11.466169237013787,4.973123699824015,3.9814900924313457,3.573896781244586,3.411303591146845,3.525428050102726,3.554071307182312,3.891282969751665,11.874118923664094,59.836037763780155,141.99093506536175,47.90654058456421,11.694303452584052,4.343735670725505,3.6682107860811284,3.297184611289732,3.1717851403311554,3.2578044799066364,3.0915904448827107,3.577131447330598,11.505706914107005,47.155642603751154,120.08473948570989,65.85407788276673,10.844918952449676,4.589917244593303,3.487176238952144,3.6362087105166525,3.4348754855094876,3.5518455966826403,3.300664468606313,3.630775446122692,11.139286096731821,76.61774007028149,183.20060468919817,54.580333639462786,10.387202080757387,4.620190409978231,3.8890979408448745,4.029419724249071,4.0167686246592424,5.47426028543903,3.8287683531443277,5.519273325089485,13.229925216674806,101.50224540433575,190.24295049052085,77.0424699900945,12.81253912371974,5.456930475234985,4.392870204525609,4.117170711178934,4.022210971557447,3.876837015305796,3.9125762583414714,4.8726999259764145,17.756124896526337,65.0606301915261,147.94773269222625,59.01425099531809,17.047357582276867,5.88804509973526,4.297497611045837
114,40.75945358007185,37.11490645068032,22.99607440271685,11.047489337921142,2.4341654454508133,1.3947705384095508,1.0789264004076682,0.853572730479702,1.3729077184696992,1.6059978010192992,14.13930117788414,27.47990472662833,41.509129033357866,33.41683408034258,21.486141824414652,12.36777691777547,5.696077217824998,1.649779343922933,1.1808964796989194,0.9215982733618828,0.9665602922638257,4.129697863238472,20.52965350405375,30.21696953379339,44.52264300567488,38.99659258120753,28.40412188099277,6.582875069697698,2.6408773476077663,1.476776415467262,1.1537251914701154,0.913748834556149,0.7096155376732349,5.358888964268469,10.83367378550768,26.761009652066615,39.65470720398811,35.45599457339553,26.90242374793176,10.969986935853958,3.316048283788465,1.6514416258335114,1.2223274379007276,0.9708480929943825,0.7424577364722886,3.346586241736527,9.714130473981303,32.01784054516784,36.81816519544971,31.345108711215953,21.366886370258946,7.27247119963169,3.740279088097234,1.3333982115983964,1.0563370795788305,0.843383984008143,0.6273384784733256,4.680685971333615,17.40751086013019,29.52683992001318,36.68108575940132,34.535242019478474,18.85802152749031,9.52932989350955,2.1689894867327904,1.3271115321715672,1.0342539315069876,0.8395735261709458,0.6316030341734489,4.546998015848859,13.89827856004238,31.915834210750557,36.500346040687255,37.99321192352643,22.17029514035871,5.52513250887394,2.2384945421449602,1.2974544149637222,1.0539300013742139,0.847416543941344,0.7675059167742729,3.100588967093537,13.76563561518987,30.540198513192514,37.335628185964396,28.69366023100069,20.576243311935855,5.834377253174781,2.452939988490074,1.2362209257086119,1.001840910277059,0.798871653291487,0.7184873451491197,3.0733375069114475,12.859338785365225,31.852035195260278,29.61041560745047,30.73126765893598,20.591149199239673,6.324690049091975,2.028928921684142,1.2254516010681789,0.9797090094704781,0.7702125343968792,0.5211643284410237,3.4059289897016938,13.754145096932849,29.21229709411341,43.29989955836727,29.76386515056559,19.304802368456315,7.641445870320003,2.2853298306849696,1.2570376329819362,0.9761461862825579,0.7724922316881917,0.49293501009047036,3.4902225560238285,15.049870225315294,25.36839932964694,33.06194444375653,37.683902605178915,16.06507688468502,7.28588187321027,3.3678046238422388,1.4097028493086499,0.9896415733521984,0.804724477606435,0.8041581932455302,3.8598792948549794,7.860502009143433,30.263157297363204,30.068109409809114,29.428089057458152,14.489040282503254,6.546033508479594,1.9853561010860628,1.0862226866384348,0.9075255592984538,0.7493999225478019,0.4852471694797278,2.4301503130120614,14.9017217280368,27.491988710318843,30.743633447683624,23.45535150936818,21.071286188633213,6.4893054491678885,1.8089082734046442,0.9882870119611425,0.8629978304716849,0.6993655997706997,0.5140544652094443,3.1754624458498535,9.65694804010292,26.314598199032968,33.489899257113855,22.477752856421354,13.761855550965956,3.9273891213834284,1.6056856869689877,0.9788950267831484,0.8568360106022128,0.7083461971821323,0.48782821232080453,1.544139242515929,14.418818039265773,35.82531493410949,41.91899538951535,27.793501682560436,19.020871811336086,8.179183247327805,1.7653759209571347,1.1701191866795222,0.9536197986141328,0.7684172358243696,0.6385627121080955,2.7500919158324115,11.765144468312462,28.621160455499925,23.19228276140267,24.270673762376372,13.326308645779088,5.060021022558213,1.613063500139021,0.9517040772438048,0.855193281865889,0.7001690646525353,0.4667441653708617,3.396197161636045,11.839042861759662,25.373975642323494,35.82792074365962,26.056309692110926,14.53221915352729,4.529006983955702,1.8318838253328877,1.1213566559751826,0.878746564503639,0.7303734811275235,2.6983822063157956,1.8145491950045671,5.557803392579158,18.828763608519107,25.56983064987967,19.532425402627133,12.442256971828398,5.077036959668001,1.1533783023972664,0.866989115536213,0.7777475980885568,0.6667518209834252,0.7490952050363024,2.5771484127304247,14.275862969808282,20.24094603223666
115,138.14004402160646,140.00404288428172,90.07629510202716,37.94726398468018,25.035046072929134,17.55185026168823,12.72684860229492,10.59048729250508,16.056912622451783,38.529048356702255,45.2441361172994,64.19488608452582,91.80293234917426,96.75533397970528,68.7886459793583,53.646826257069904,33.7839238825152,17.41350936762492,12.325451429428593,10.428656230434294,24.647677770614628,43.49982980974259,65.08779166412354,82.36867411521173,101.59129004570745,98.53651082837521,50.569993747588136,45.387873415629066,27.660622958521692,15.424192976633709,11.817258190031973,10.583043291645664,16.935886684417724,34.03934833280502,58.86146213595073,104.14813233160203,114.91430900450673,85.35346855872959,83.19776442373953,46.208826552073155,32.153840312342496,17.093007942199705,12.224183831368723,10.951197809403943,13.65238008817037,32.4006461721851,53.46882620811463,89.00594358136577,115.96203605282692,104.02376060410674,71.82479438289519,44.36047045898437,30.463078757255307,17.428949396769205,12.180966383411038,10.404343147893105,16.75592314529419,34.089170888470065,58.14209862581888,119.93772989888346,81.91750379008631,84.24619628088814,73.96178803105508,49.89874993260702,32.835129517586005,15.289024338404337,11.27745370803341,10.324708597736974,17.86924551391602,47.17087060313071,54.27171342341105,76.1277312524857,88.07606401874173,93.98240191873072,75.13469080155896,40.982262200673425,22.844867214079827,15.101258070627846,10.903711546005741,9.162761367059522,12.72132191022237,36.285549967981154,56.368765164057415,74.36098465273457,103.95977221950409,95.334786769322,72.03345125382948,38.512899480819705,25.434999777270903,17.406458285649613,10.980759981832197,9.392170296945881,16.33692990112305,37.55819674091954,73.01835859489441,86.56308963283416,82.8916604589647,98.72073989276228,75.36380611911898,45.53894930140177,24.988723490930376,16.080384286244712,11.184389952382734,9.507819602720199,15.097974758148192,24.189845699802525,62.23903010559083,77.31912748029156,100.41035262815413,85.46667518991555,68.52664990455874,35.875430722554526,21.137078783589025,13.771855504353843,10.631718515580701,9.152738718217417,21.206558830897016,41.87919573507001,55.22257595507303,64.52251522617955,107.56606518776186,88.54761611727069,70.40266224276634,30.163912780761716,23.102090928477626,13.819908838907875,10.069330203148628,8.443892279594175,13.288373690923052,28.05336433472172,52.3957416826884,62.7593892663525,86.72724140597927,86.05416258445516,62.178743433798516,39.764645291646325,20.19794934180475,13.423424631118774,10.46297864544776,8.886281487249558,13.200822498957317,29.11982279623708,42.88255483690898,72.29601153896701,78.61153351937571,66.92985354310773,61.23615972457394,36.48383059310913,27.47882450595979,13.447478410720828,9.731200056998961,8.458843610825076,17.095099829355878,36.43446060918993,56.01349537976582,92.24534016947592,91.51685145470404,67.2135000228412,50.95259229229342,28.2973734219869,18.370474992567495,11.84256082344055,9.208494406054097,8.984652156829835,9.767079286257427,26.75663156047944,49.25143261400858,69.87636704967869,86.5281677639869,78.17244976222221,60.388462498572565,32.75927506256104,20.42677880317934,12.165351276397704,9.427455516322967,7.825627473400485,9.859920207023622,36.66475262611143,41.200574287732444,67.93975260088521,71.4828028561992,79.76995010831673,44.375641773593046,32.10720380719503,20.175139245064027,11.319940886815388,8.809576457546603,7.481650741638677,11.786118940353393,26.362064920856106,35.80794550609589,56.91384308415074,84.10241708201747,95.2418940744259,45.077719042378085,28.733269485473635,19.461366225827128,12.731890402475994,9.363196495425317,8.774632891993368,10.323079792658488,33.28569581893183,49.84864039516449,73.83783078901229,82.88095555828464,74.86939504414357,49.768044194252255,29.347525032679236,16.21737402577554,12.644180102030436,8.894741182634906,7.270972899467713,13.150857457796729,19.920756175441124,43.061467774391176,62.7734366072378
116,0.18765590402387802,0.1836288112614836,0.17639761422910996,0.17083414773146308,0.40881640036259925,0.19755204985539115,0.17371595367308584,4.236692433876376,1.6151062897841135,1.0258073651982893,1.1617267034451166,0.972529548406601,0.49290656503169766,0.4619402430386379,2.1559481296039396,0.7275191692709924,0.8415142373500331,1.059161943078041,0.8117973922721802,5.795279976283351,1.5447483500440913,0.9478391744244483,0.681553790450096,0.5666049603685256,0.619019001799245,0.6691280402191754,0.6989037435285507,0.5317676559289297,0.6202938306331636,0.9859417430957158,0.8011736111487112,4.487772416376299,0.9342461474339168,1.8196886651362145,0.6759671818415324,0.8103168821334839,0.8676850053571885,1.8288894035259784,1.4722322437455577,0.5337408868074418,1.5703262434274923,0.975751283566157,0.5807597068240566,2.3980123169575966,2.9237871642311415,1.419194468182902,0.625403515736262,0.7178078003275778,0.7126819063963429,0.6113067180380739,0.9278535760410371,0.5471505150000254,0.7970690472856645,0.972216799378395,0.8079308121050557,3.532885976049208,1.382586919883887,2.005342722765861,0.6732339339057605,1.1192020468750308,0.8995575183629988,0.6830107890987044,4.460746557404919,0.6917734922369321,0.8689812040328981,0.797128864010175,0.7998111120539327,3.6853969127901145,0.8742669549981752,1.5015101697752553,0.8410017421046891,0.9091664056624136,0.6311270492499874,1.293611261206014,0.8270436380755516,0.5505328913927078,0.6620639232473987,1.111947695672512,1.3403872775070127,1.8124793599882434,1.3342892868121465,1.8647470392911667,0.6259012183944385,0.7146427332970403,0.8771659577277399,0.5726555909590768,1.1913424342293895,0.5809378036459287,0.6243283591924176,0.9341869708100955,0.8181475013879037,2.2785154468013396,1.8545701991319656,1.348991040375925,0.6978257632652918,0.5846392278901993,0.7020313171032935,0.514712829517173,2.4720139222183533,1.2098934982617693,0.9857055841722795,0.6402904816468556,0.5525147747224377,1.6122853520608718,0.9774405291080475,0.9968012584793952,0.5577842994133632,0.7505079668568027,0.465990514120748,0.43585930865533246,0.5588887005275296,1.1339760151902836,0.5455033329609902,0.5874758869012198,0.8827636385925354,5.476424437222943,1.4047655915419264,0.6716312521888363,0.6264208529790242,0.5225177932170129,0.8616351116280402,0.8080171997588256,1.519317561849471,0.6618237567543984,0.9373188222223714,0.7849114884336791,0.6165005485857686,7.079037329977558,1.1688617728153863,3.485561265003297,0.88817528484265,0.7050944910510895,0.7284984381352702,0.6158979341270301,2.2082515569271584,0.7141133540868759,1.0843887486765464,0.8041711949110031,0.9392575132462287,8.960777480679173,1.0519098105033238,1.1175993299099707,0.7728198191722235,0.8572812569141387,0.8349020700300894,0.8278531708872963,1.2080458659125912,0.705711023489634,1.4792182754893457,0.8185742914279303,0.8475231318319999,3.9800528555916204,2.9068638686339066,1.901126521864245,0.8709708892504375,1.1139275698123439,0.5294018552187951,0.5120652281070871,2.4388157579206657,0.5210791412393252,0.7413476998959818,0.5105580285986264,0.6663213667177383,3.7434966804712055,1.0311090790430704,0.7184100195477086,0.6938889147241911,0.9487774135028161,0.9287873074700757,0.6343084728130566,1.2012324702162895,0.5161778121193249,0.6704732164067607,0.7931926722129187,0.46783176791283393,3.629777023926858,1.0596099434693655,1.5111646882949337,0.645642574807008,0.5636705439898275,0.7998904920393421,0.6752360793992216,2.2312744886644427,0.5896483474969865,0.976571005928901,0.6779227854410806,0.8306140450892909,9.470301076423738,2.112487997452418,0.974028775615077,0.930277047753334,0.7324941219822054,0.8653361536610511,1.0900693919843643,4.273493133206522,1.0183774688243865,1.4065721861777765,1.0295848455031713,1.3453962391038097,7.047172683785038,1.706153135975202,5.031830722978038,1.311470881342888,1.0436903680139973,1.137368023299402,1.418557567305019,1.4286765735380111,1.1023922935525576,0.8360330055029161,0.8758578033645948,0.7564972524104581,3.0216186593424887,4.182323369761308,2.0399878502276634,0.8745693065722783,0.8823961364646113
117,122.97956513435611,117.77300360543389,120.39727699525895,162.06040740966796,190.5647493423954,317.97165451049807,551.5658908967049,818.5147329022807,629.599280904134,332.6949557396673,154.6642854309082,141.09117165842363,122.91476776123048,118.41907516366743,127.37656585693358,172.75041517130538,241.63856605775896,310.8525091552734,612.2505653430569,783.8601304971017,527.2357960408528,291.80968295189643,164.07037449137368,128.81796601326235,124.53747438492314,121.37750833821414,126.87484709708922,187.85877658081054,283.1869306995022,335.27973509724933,571.8866898075228,750.1485668551537,577.6690361124674,330.21515139672067,173.0623398132324,132.3101788428522,130.22828482350997,122.98602526772785,142.36821460354713,158.18750071207683,245.67487532092682,352.89202235921226,627.8321611859722,809.7048190012285,603.7874985148112,388.9308234036354,186.1064041341146,137.195249348302,127.14620952975365,126.44890267545955,130.2490234867219,180.51468218994142,261.6968106965096,361.4101514282227,612.7680674399098,796.977814468876,530.1322744750977,381.10280344317033,186.89056236775713,134.43172010852444,132.27955214961884,127.89767536144537,140.85583632930633,175.09567825317382,283.8496240529706,396.19377209472657,644.1548386801444,889.1277461882559,606.9342482910157,352.7049927939138,198.1043780110677,144.65322284329324,134.38494543260146,128.8092274512681,132.5556401505009,191.5904682922363,239.96324828117122,343.3808093363444,579.7722460248394,922.9392204629221,608.7625576375326,380.66779576455394,179.36763389078774,145.49066907328944,138.60148910030244,133.83250331709536,137.49790169008318,196.03098900349931,276.82465541716545,435.4857568562826,677.6412762648059,878.78210715017,639.6434573567707,370.3400555026147,219.117046681722,146.25928571147304,130.38933243290072,126.55434529948116,134.5058166700794,157.9204546407064,240.0437033376386,309.4143899943034,557.4503811940839,841.8653117124497,588.7868860066732,372.412581078314,193.32758873494464,138.8497780092301,128.0886827825731,126.76273020852375,136.15874182916457,172.68214693196614,238.04376701108873,340.13475929768884,571.2748407080866,915.0466568091608,598.9297930297851,340.9989099711757,195.25302044677736,136.2859972750756,138.42667587772493,136.68411067229772,144.92132706180695,189.10214602661136,278.1743038841986,365.9831331278483,611.72540642523,1011.0269230405745,787.7308240051269,402.73124240013857,212.32061574300127,152.28717277280745,152.6738157604587,149.69503887308056,158.52132209039505,220.8220402730306,250.6998960039693,358.68546781412755,690.9604503606981,1248.6652238415134,749.8163484395345,376.22869254819807,212.49173828124998,163.4970255697927,143.56514700612712,138.4007693522787,171.05123624740105,190.23656469726564,300.18852075392203,316.762347249349,615.459390465521,968.7138287550404,667.7355092366537,365.5741928100586,214.21363431803388,153.6964493093183,145.1012515357233,140.4227939865037,145.16114727389427,216.3024005737305,267.39021247125436,368.0511803385417,605.4573189815399,932.5953035613029,607.5706151123047,402.4514020858272,199.4898775024414,149.64271276658582,136.60654666039252,129.51008250607646,139.20619507820376,175.954262512207,219.52292105397868,363.62938380940756,586.1121741017988,908.5210870755103,718.3054319051107,374.9490307814075,218.65368836466467,151.31118962441718,148.4124788936492,145.45640538032416,160.1780689264113,198.26892889404297,270.3656071127615,384.8317259928385,690.8154682184035,1074.6413000094506,739.0335480346681,437.3672819469821,237.3974971822103,165.0314926541236,160.48476764309788,158.43682724374858,175.35818081763483,229.93961679077148,309.40460084976684,431.5130271911621,876.8287539082188,1254.257432447864,899.1098755798339,450.1974660959551,286.90601845296226,177.7667404076361,172.92335677608366,170.42593389877547,184.4205092990014,221.23816582234699,282.31764065650196,439.2772146199544,641.2961193650768,1201.5533523461127,803.8953748372396,568.8542749023437,272.36073792521154,183.88681728239982
118,70.12605761789507,59.17501544909818,17.78135082837074,6.145964556932449,1.839414688079588,13.368134584029516,3.270267193548141,1.338893771363843,0.9925987960894902,0.9089539645179624,27.62543881714344,151.4854152610225,110.59506319922784,70.75815222062793,53.96540476145283,29.040881024281184,3.8770991699157222,3.823275245030721,6.102409653586726,1.9606202688524796,1.2331445424954093,1.238011267108302,18.816420539538065,63.20150113901784,100.97463189071225,75.33601702526579,58.63851467494042,15.690950352986656,3.0701902434902806,3.5113027321497596,2.212673090888608,1.6089763763643081,5.245589573264123,2.6289573397559507,19.134913647492727,133.5920480178633,88.87532486361842,89.50684726047692,91.49452428786987,18.620405825297038,5.443702358814978,5.768220019261042,5.100247765125767,3.060798248706326,1.5087840418020886,3.1403823507216666,37.838083850820865,77.77204221214018,153.13697118320775,88.25415915470992,74.92703875780106,26.36258798174064,6.134205247740591,3.705339346329371,5.1753921366507,2.3369681880935547,1.5370311107238135,2.4403841513203037,41.38956545341015,111.53669001190895,88.19331310318363,58.97614031228526,32.82855820232822,18.9187628809611,2.590822018807934,3.082976146141688,2.966048671737794,1.4832621490186262,1.1161228221654895,2.0297612926652358,31.41274106558164,95.17809171941971,113.46114002216245,62.185465146708374,44.476705546302185,23.354021791617072,2.9345267029731508,3.205412690083186,2.326249829338443,1.333276628448117,1.1359221510887147,1.479116484926593,22.960522008657456,76.69609856117157,114.17261755447234,81.20995670535588,35.84877133430973,13.224866792758306,3.735047651144766,3.950832741141319,3.304512762023557,2.3796563949892593,1.343866891304652,2.4532637905689976,46.218557248950006,85.54499014300686,89.35893861786012,57.474480675903735,49.412931833997845,13.064033986886344,3.9412295672201347,4.228287251949309,1.6902288359211337,2.3894724923949093,1.1001205536921819,1.6611701112024249,30.2227082615296,104.88775908143289,91.36479809422647,89.79763928008198,49.637144155656145,7.7922901983261115,4.039163988405659,2.270316893140475,2.2468096404690896,3.428043485341534,1.2338626328309377,2.0182772777926536,29.761185779452326,93.29041636597725,156.53151704742064,137.03615147911268,76.23573173238385,10.68397127453486,4.805933106791589,4.633154546936353,3.2975715321879235,2.8450017964455387,1.4119607936938603,2.4241364353702917,34.662493115544315,113.36402201998621,93.01892152224818,51.663481367333176,38.152637555445395,9.88192114130656,2.0304554437437363,3.9750469088554383,2.5158976394130335,2.8351245906276086,1.031610407312711,1.64096517285993,33.38056213025253,77.15004982775257,113.64932077657791,42.02390565081036,51.73916262780466,16.40918329580625,9.47875272197108,2.9870629044373826,3.0711636342540864,2.6722533517499123,1.0998884151379267,3.0514079203528737,26.89662746723493,82.9849366309566,59.356347007482285,54.716047696955684,57.53669203873604,18.493056871612865,2.8268013816879645,2.8838493695259095,2.4971507879226444,2.6055961990356447,1.751664223790169,1.446974115794705,21.20195036697388,76.07584591450231,113.35124906916772,105.1587967236039,44.9497692985304,16.036956468383472,2.849097755762839,3.161125249584516,1.9348136140069652,1.5672730431249065,1.9131779830455777,2.535490207249118,44.20985641137759,66.73470175871925,102.07580484282586,69.09267847303393,39.27921757363504,13.04527637096246,4.6287764954566955,3.82489642171065,1.6171639438982932,1.4734496202007417,1.0094475239515304,4.478260465745003,63.00896312505007,78.3126001966961,104.92577051716466,86.1137860453716,90.82460843555388,11.205044193347295,8.817954969790673,10.02775462134679,2.936508743993697,3.378746289207089,2.234105196595192,3.0511660736606965,15.95386040790876,93.85286040056137,96.60363874050879,75.15887128751854,57.670329357577906,29.43727530399958,5.102404213566934,4.316623915036518,2.043125940830477,2.0846505970724167,1.5001488621234895,3.8936641375095613,46.81139705010255,70.21912302674785
119,8.484116654626785,2.7925274423190527,8.632907861278904,8.835101566712062,23.262593147447035,9.261087528864541,20.95627767962794,29.11842101696999,12.521998982429505,7.329616585085468,8.442939586639406,4.453654370769378,15.94595994626322,6.403229870831437,21.453538099104357,44.18638676770527,22.661923195315943,8.498946660359701,21.545544979649204,36.39536357018255,18.898157450675967,6.752448898284665,8.748938037395478,6.879255656119317,9.852989665615944,10.01247533571544,17.37333132174707,21.953205071449283,19.997837616628217,11.669108390331267,18.25787956030138,47.00533773206895,29.93239940452575,11.101020888359315,8.862620261033374,15.270865812763095,6.298219815377267,9.136334509444355,20.003169325705496,16.76892309252421,16.282268449260343,9.302704591592153,29.92074935790031,45.52234716753806,23.815477119763692,10.222136919113897,18.025199831644695,15.138871486110071,11.896755712570682,10.50478895483933,20.395050711631775,31.977862647374472,27.021192533123873,7.091802785555522,15.560338541307758,70.557411451955,13.131906975428265,14.264026811661259,8.658301033178967,5.737761614707209,14.335692874077827,8.473827807962014,19.03040029494993,22.242419438838958,14.280216151975816,8.832725845813751,16.256775526692792,46.11092189158163,26.944599816799162,11.232380353635357,13.965223901907603,6.916116455601108,6.602060963722967,5.827554068242388,14.182555605980658,22.675591177781424,16.025181898378555,10.428894468228021,9.068230933297064,36.7290204300419,18.859616379340487,12.64475508536062,6.538314713637034,10.178108839296526,9.555709891473095,7.499473144685107,9.362242348886305,28.733073510487873,23.90574760390866,13.671353837649027,22.38150123734628,44.25536820350155,26.553681524594623,18.06895750584141,15.227811547756195,9.143561318305231,15.428557847545994,7.913826864540871,16.165452331419914,15.920088762760162,13.703961861979575,6.830933504740398,19.97691407142147,84.09179082409028,29.312112019379935,8.047658019604222,11.94436393539111,8.942431097722823,9.5377483910899,13.879892112973877,17.665329397109247,22.71807431395849,19.840739920062404,7.768805931091309,22.81988256992832,41.4216823745543,21.602692158540087,19.26044185623046,9.563658260822296,12.596776722477326,18.283400741546384,12.796146024113217,22.3852020998924,31.612748028596247,24.50728320429402,17.567085674126943,26.16992374804712,84.19955603707221,42.8059875386556,14.612841140224088,11.863502254645029,12.450530513332735,10.03853808618361,7.699548966984445,11.585415127046646,17.88120797427495,10.125488410303669,17.010626542091366,28.31716410113919,136.08278921158086,41.97679953368505,12.661952462811623,12.079028564929962,9.352263099455064,13.195692247882965,6.927005592379077,17.117954011117256,32.21318511390686,19.00610118450657,9.266954434712726,21.543485804834674,75.63575479953519,36.8410745639801,33.6018589867315,15.913709956804912,18.52546265709785,19.218251292167174,5.149850054656343,6.796426537113804,30.094930152893067,19.361114063724393,7.18842644516627,15.5053290354821,50.711611486558,22.39584630727768,19.232976191120763,9.656910100142161,7.994900097846985,6.440654279647336,9.93424938963552,24.433698347076295,27.048014767885213,18.39850653648376,12.673357807795206,25.1996245907199,43.90058348055809,23.059573731740315,25.495548267210683,11.436646230856578,8.629485442023123,13.408227519373739,13.56524449333769,14.369580140729104,24.34349199787776,14.269088834408791,12.733385239601134,13.644478047047892,55.84389639023813,14.657338459173838,14.453758063162525,18.034755825042726,6.633014124747246,16.292033919211356,13.131702923334291,30.091058487892155,36.02576224803924,20.833867323167862,19.89257197523117,35.80561778699198,149.3110299685694,82.53867867644628,45.399152381497046,16.197342707792917,9.310100446055014,9.903073439444265,13.146630132814934,48.10799469163341,48.049187719027195,23.08513384757503,14.426227623144786,7.957438065313523,125.34042463671776,31.432279885451,46.55971539928068,16.188030391693115,9.300421904902304
120,0.7675005143688571,0.6976119454417911,1.2836687326431275,6.179149025678635,2.2803808008470847,1.2069806174437203,2.043240822322907,2.4157086064738613,1.3689238127072652,1.858808124257672,1.307110767364502,6.522614254490021,0.9801062998079484,1.0330194109149755,2.393731095521681,6.245832168539365,4.149354230357755,1.642694456577301,1.6968675829518225,2.413044730540245,2.236767494122187,1.7283247423171997,2.6327048987547554,1.1942519614773413,0.8243733469132455,1.0105321836500918,5.178836002272944,6.03039542667071,4.0403360711374585,2.1317184620698293,2.879135543377169,2.470471267392558,2.8004317421118414,1.7405257521906208,2.2613757803440095,1.6359077064452634,1.4651877057167793,1.1363831146861532,2.2794449007895685,4.432745358228684,4.893630498147781,2.880667267084122,3.434266220831102,2.9280625029533143,1.8210021286010742,2.0616885237539972,1.8669917654196422,1.915783956204691,1.1175076514290225,2.551814996027594,2.1990403021535565,4.844153954664867,6.166238218392095,2.0689478691418968,2.401240983047793,2.83568044331766,1.8044628279606498,1.7093853877821275,3.2655414776802063,2.2766911501269185,1.1194477463537646,1.0286411269970714,2.1392356354575006,4.496905333479246,4.749966088610311,3.42050412829717,3.3113548045773653,3.5341831732565354,2.783645193099976,2.603097427429691,2.5802385179599128,2.4196774779212094,1.364009229175506,1.1923631483345782,2.3686068056091183,6.523152292092641,4.459714004762711,2.035855067133903,2.7596393254879983,4.505046601410834,2.4742123667796454,1.7814999601533335,2.322183388868968,1.6553976681540088,1.9008879850372193,1.7050847882208564,2.300010393704137,5.807091644128164,6.776370866952405,2.468863725066185,2.5420050574887183,2.76889669460635,1.7802969946463905,1.7654202106306631,3.2286677689552308,2.6237112762466555,1.2781469610814125,0.9746238100440632,2.687099190565848,3.3222840595245358,4.062506560856296,1.4633937061627704,2.994018894164793,3.960574476295902,3.4558456972440084,2.573002206548568,3.1010684116284053,2.4101823483743976,1.260577493521475,1.5476933248774174,3.0951235193975513,5.846321676929792,4.1478012864435865,2.0235515684286756,3.626983459265001,4.709480043495855,2.8126981773376465,1.3885817807336007,2.6199337922732036,2.2589317391764734,2.9376970584930913,2.8356268657252124,6.079203005990674,9.047826297283173,5.876936236658404,2.063478773037592,2.67615018106276,3.6755892096796345,3.246863918463389,2.3370687114038775,2.368758724451065,3.359645553096648,2.2431993245309405,1.192049938129087,3.8564036716184305,9.038667405923208,5.277700084717043,2.0845085430939996,4.538812203868743,4.949558324198568,3.4056268703142805,2.7234870101559543,2.8911485761006666,4.763954241814152,2.015802336585137,1.6763534415795884,7.142834362714521,4.936128027280172,3.1792653636009462,2.318033288876216,4.096972737773772,2.9900548709207966,4.005695262511571,2.3230875768969135,2.6132721060514448,4.568327788114548,1.5247435796260835,2.1323158910356717,4.1282171797752385,8.229138326764108,4.686024728475077,1.6301010286013287,3.8846874748891396,4.208085808138694,3.0428437155882517,3.171079041919401,2.166200543840726,2.3132008618308655,2.6080427533195865,2.8188875828397095,3.426856617543005,5.79851780863603,3.9616225496030624,1.4433961160977682,3.277217138774934,4.336483599024435,3.134694286306699,2.4733554551678316,3.7843930385112765,4.6129437223942045,2.805582325843073,2.1213584958699534,6.704468948341185,8.30434968205293,8.028442683642911,3.0767125300566356,4.726529418153147,7.477392463068808,3.8081848670641576,3.0161271241018848,2.7385894426902135,3.8937407507050423,2.1044857857304233,2.7969392285646477,7.4000940382865155,9.742972661495209,8.873356080055236,3.8819047870635983,7.131716312900666,9.246696785034672,4.37572601890564,3.4025150400592437,3.1060482076009115,2.8075843319585245,4.0837454279007455,4.460215780908252,4.447674340894145,9.192710663716,5.7659502097099065,3.963791387399038,4.155163895622377,7.376673787870715,4.5735582253932945,3.1793211866194198,5.409724848985671,4.4569161036706735
121,206.74048034914077,96.95250370161874,190.58081511220627,82.22814448038739,15.114584362891412,8.028001852035523,7.302432201754662,6.070230770111084,5.04260427792867,23.67425526188266,164.73289059877396,186.64809198225697,157.44413539917238,163.61310833987346,180.32991843438919,141.503508623759,41.30383552182106,10.38344917933146,8.886698914189491,7.377203199325069,5.957496656099955,23.055338883246144,99.02381108029684,142.47362944049218,170.50716769895246,176.74076076884572,214.5964523986078,101.46843153508503,32.5934014332679,10.44830156389872,8.792451107271257,7.244947729418354,6.346027681986491,33.017212924188186,85.27838496971131,170.72075555493754,176.00236390667578,185.0823690188812,249.42310841991053,145.18422160307566,46.263325997937116,11.191686975797017,9.301796087449597,7.682563849110759,6.1833803785642,32.30021843448762,117.06207365290325,132.2902239210375,195.10618917034517,195.1016428764348,158.43022405562866,119.45795942115782,37.29187858181615,9.994623715718586,8.564202757804626,7.016852048750846,7.402377333799997,48.96519265282538,136.64525811767578,174.24946444403741,183.15055408047093,197.37361332348414,175.15404687819944,123.59838449923197,30.42235472956012,10.6833519821167,9.160172811323596,7.551502795065602,6.107539333025615,30.941463934683025,141.10947298161187,189.53446416224205,173.23542530675087,187.053452322025,202.56507559007213,98.71924330393473,26.630092983245852,9.528641398747762,8.323247128763505,6.931359678699124,5.822204116503398,14.85121873363372,119.69102923329672,153.87151898137984,178.4994586544652,179.97588516136693,175.05745942331131,107.85417583910623,36.6216948164663,10.191574458440144,8.780402208143665,7.257413007367042,7.944101233482361,26.879240686047456,168.31835233370467,164.73742148060953,171.93482105162835,174.68073321653705,201.55949351772185,104.22275412686668,28.380251255035397,9.835616573333741,8.576659994433005,7.029645684765231,5.65124389998118,26.566573122855154,155.92817306629817,206.62491894322062,161.75766359636862,161.63318516684282,154.13824599481399,122.19383828926087,49.49219226775631,11.25813830757141,9.169536960970971,7.4367638271085665,6.1016742626825975,60.34915576104195,118.18217929077147,161.8064710497087,180.16714769178822,225.04556398072268,209.0810551747968,111.88597959836322,35.930534109915456,11.665198225657145,9.548551482539024,7.8373224766023695,6.386323806762696,30.01922790573489,131.80444102303187,260.86153320097156,167.94322379512172,148.7340477701948,142.42219934340443,82.03969420878094,24.9967427069141,9.126141125361125,7.810563996222712,6.46401943114496,5.261353401025136,16.246163223020492,157.32383766682943,178.0027005664764,165.4209736325664,170.35621527267793,240.08380991904968,103.6369723885854,32.98045234003375,10.707419171651205,8.982834382211008,7.370304154119185,5.890881325403849,43.08082628357794,146.6087554477056,222.8969928972183,165.47134598639704,153.02670035258888,122.93563776631508,82.25886107063293,23.324710841025073,8.942874472935994,7.895422887186851,6.606522337698168,5.419050638357798,27.367393136793567,126.11795015732446,232.78193465540485,180.63209731501917,170.25262928586875,166.27585810507497,110.48125810178121,30.285674727039954,9.955166582107543,8.374714350238923,6.836847617856916,5.47175787671407,38.54746089981448,174.1012439769109,210.32759996321897,157.24484539370383,196.325770125624,160.56717477921515,117.4329930375417,46.5570422252532,10.665317415237428,8.991501205198228,7.323115104859875,5.985082636038462,46.659652693502366,219.97843581136067,207.17766835612633,240.99262218598398,172.83883934575348,181.72899129682975,81.95701822344463,34.00417085493764,10.170097002665202,8.556482020347348,7.049437354303175,11.407442929585773,38.61712315390187,114.84804563570022,177.4238778563469,200.26224618419528,177.40267569357542,155.30606423193407,123.3362751420339,33.57151582871714,10.577346632321674,8.656129997007309,6.992228060383951,5.620226645787557,41.727952858555696,244.09736591211953,153.64884990569084
122,253.0765940020161,251.33305925641744,264.0314252299647,424.962021484375,801.5020891743321,975.5632118733723,455.65165543094764,319.13808997369586,301.20226989746095,315.24426742061485,344.9994039916992,317.0317167220577,308.54906750094506,279.2395196743669,316.2974886592742,416.31960811360676,748.4054166929184,968.1496278889975,477.47629311838455,333.0380998968309,318.753303507487,364.0120894893524,398.98893554687504,356.92840328093496,315.5460460047569,287.66409663233264,353.8432571312689,439.06259291585286,802.2038720703124,988.1738826497397,479.8925014175908,327.52404438634073,320.63232883707684,366.36853224231356,378.2610971679688,357.0476554033834,324.0701745605469,336.70884865446044,374.49288674631424,458.95633009847006,736.7748355200983,1061.0951410319012,499.1169035093246,335.65050743841357,325.62207432047524,360.7897991549584,404.4933376057943,392.36767341859877,383.3256724696006,351.0173166705352,372.1269230602633,436.5476411743164,810.2745347939768,949.9411098632812,484.0054650878907,333.6809903249433,310.60089805094395,368.6398920268397,423.6895583089193,382.8243591111706,355.47123241793724,321.78027287375164,380.12103358114916,466.4237407023112,837.5783948147682,967.0019932454428,488.72126346711195,344.99411831763484,334.3240950317383,412.40691049883446,457.315983194987,421.9091699021862,370.17740821100057,360.1445934171629,384.86942754930067,479.25855763753253,841.0218903572328,992.862130859375,479.5707599467616,325.7592202069683,314.406464050293,370.1953757796749,427.28838741048185,394.0470774398312,323.8049867494645,297.1842707982556,374.46745676348286,486.98520981852215,844.8600733209425,929.6258093668621,446.047364265688,323.0288237344065,310.67390842692055,387.5289110737462,444.52395627848307,414.06330064342876,390.1191198927357,354.27496205297007,407.10086394279233,451.01552103678387,898.3390115454888,912.3950716552736,466.4564099121094,323.3670271941154,313.4971575520833,355.0472488501764,405.37542041015627,390.29865454889114,373.7646677521736,386.24319257313397,399.07874328613286,507.4033169759115,810.3631057443927,908.7631113688151,445.4779369723412,322.9680965694305,309.96761751302085,374.09544313492313,453.0669173583985,409.74623635568923,396.1047961425781,337.07811847104233,374.0203766066029,497.26880566406254,879.9615504504789,1000.8882385660806,456.0935247212072,336.1935718560988,332.86039632161453,387.377191437752,454.6541125284831,424.3726189201108,384.38571220151834,392.0670414147588,409.65413548623366,521.6175921834308,978.4545827951739,901.3121895751952,432.43861426568793,330.5519045528289,321.5058521728516,386.86035835512223,460.45103474934893,452.7023678884199,446.33886427356356,387.20371464771586,408.9009624653478,505.5354777425129,1003.5266935483871,830.3263997395834,425.89137118431825,327.60122355799524,323.45009779866535,394.17067727365804,495.9221625976562,488.4567970128213,411.0440518483808,410.61635873202624,439.12639563775826,530.3788098144531,976.9674964560232,890.5094446614582,447.66200604838707,339.5027562689012,332.59711421712245,419.9295745652722,484.73798832194007,449.3466542102445,437.677355484501,431.4124890219402,451.8758992250504,565.2706118164062,1039.8054818233365,800.6822302652995,404.6690555892452,314.75629886750255,325.1962444051107,394.45098353232106,470.97049210611976,437.8493756694178,405.8013245219569,440.04980814064663,470.39294337118827,564.2882161661785,963.7157471490676,753.1059473876952,397.83422038416705,322.4403940902218,314.28897532145186,372.9345013624622,458.7323637491862,455.0737424395162,441.81529446509575,407.87009880253834,458.4400198068926,622.4176624348959,989.8196040590349,724.9036979980468,419.7758862895351,327.9252295906313,330.1549610392252,418.32204585906004,492.11989656575525,465.49093836630544,456.1562889443674,446.1843141452433,496.0595159518333,618.3425434977213,1023.792608091293,786.2296777343751,421.5989069194178,329.77469665527343,338.15455124918617,435.4481422473538,528.6762013346354,503.7342301694809
123,167.540395908971,158.3252074922834,113.6798077491022,53.81834554036459,47.865342146350486,34.727247161865236,32.691133006926506,31.035866854267738,30.69836915334066,32.88019545770461,48.55103302001953,155.06034886760096,248.29115572775567,239.4536068731223,203.1992134045016,91.35199487304688,55.40644313196983,43.18680130513509,38.01404417468655,35.92640983827653,35.91129320017497,48.371209406698895,143.08635532887777,227.50481270820865,225.11319768351896,205.32520090666898,168.18928399855093,82.52852234141031,53.34362986410817,39.94896803283692,36.011906506938324,34.17147585468907,34.144125912984215,51.01091360030635,113.42980302937826,162.26932156224407,251.00663816390502,229.74362508050325,181.08991963048135,86.89850290425619,55.436845855712896,44.81677146402994,40.13303403054514,38.27865130024571,38.15836237589518,53.884448170815745,91.96646518707276,227.87866739580704,188.4892132691414,286.5970330731622,185.92695640563966,74.73714122263591,51.932459133517355,40.181253888448076,35.607575100314236,33.759779101956276,34.325137448628745,44.59522287676411,81.00246208445233,188.1861099292386,202.6046818419426,306.1370623567891,126.17212476914929,88.64395744832356,47.152391377110646,38.12436028035482,34.132110435731946,32.28023841119582,33.84626779937744,53.282186301446735,123.6691686935425,185.36022076268347,187.86481639246784,222.91967443804432,158.030792543965,85.59809905497232,48.42411597959456,36.676180183410644,34.17189278141145,32.305438498220134,33.003000732421874,40.576015061409244,94.9773857650757,195.174171839068,249.72719793996507,208.4981570209071,175.2365197458575,87.56058521270752,50.5595496466852,39.52502150217691,36.64827158774099,35.0280897374307,35.75861913045247,42.332129647039594,130.5855948791504,216.19367119081556,273.9305337302916,285.68752930598896,151.8900159183625,80.80455607859294,51.641860095608614,42.48242703247071,38.399669327274445,36.53203324348696,37.40351302846273,51.83857023915937,138.7611801223755,248.13238030956637,246.444717134045,262.95072892917204,172.09047229889902,83.10748459370932,52.605074202014556,43.37866242726644,40.02157591788999,38.058506627236646,40.210641789754234,53.50169834506128,114.35189708455405,209.30628206314577,246.15730850711944,236.8504504959219,184.4067465136128,79.13446522267658,50.030402765581684,42.55662700398763,37.19972681845388,35.4586330610706,38.20696859741211,44.44948933509088,121.64645071156819,205.10285576605028,189.3633977483934,265.15128978268854,188.13971120526713,77.65943492889404,46.3767334476594,38.84117859395345,36.08329611993606,34.2751256192115,35.60139507039388,42.01923414661038,91.65298947652181,176.61116295845278,343.1460938312161,309.29536174482894,260.41298757245465,92.27583224487304,57.34857830908991,46.68668969217936,42.859811408750474,40.78622717580488,41.02886615498861,53.216438921036264,115.57726595052084,281.9921923828125,225.92367648709205,273.18771082666706,186.42132200671782,75.14240098063152,54.45854737804782,43.35933103942871,40.4220819510183,38.7501162473617,40.667462890625,53.599691467285155,138.75111049397785,218.52491665501748,404.59571393659036,380.55867267383144,212.9803465024887,88.03235854085287,64.7930161506899,50.420616444905605,46.22994188862462,44.261365144791135,50.8381434504191,60.04973882367534,104.1998145980835,234.87996071107926,326.2825755556168,323.78020397825196,191.44534821541077,81.7746025390625,55.230508481917845,48.535991439819334,44.159030102145294,42.37792474316012,43.77286773173014,53.710457000732426,92.06754187011718,223.17784613086332,299.5864333761892,271.49271050852514,213.18795032624274,78.71394822947184,51.22028609983382,41.272431442260746,38.83536651611328,37.0177006358485,40.30863833618164,44.487379401422324,102.26059214782715,257.8176781586678,267.5161897942328,298.94827989333953,221.63060055148213,93.86940657552084,52.67937880485289,42.63403246307373,40.12384369388703,38.220607403170675,40.50540558115641,59.21972323509955,101.56975379180908,224.80302551515643
124,5.817859881154952,4.538939556053706,4.0016368592939076,6.439544897476833,6.417194295698596,2.820267194310824,2.4861325163995067,7.929298024985099,17.11637614448865,10.856403090876919,13.541229087511699,7.208546884598272,5.640753522303797,4.452424138719812,3.4096960143889157,6.78840164399147,13.14639980473826,9.48298188742002,6.6141273819631135,10.872702972273672,12.803158157507578,13.321858751696926,11.355019856929779,8.983441678554781,6.812385606996474,4.47171284518512,4.241877474707942,5.16619044260184,11.91966829953655,7.720979472796121,6.756253427382438,8.30455883310687,10.677273172775905,15.852357607887637,16.288168128450714,7.629949800275986,5.236128142726036,3.9401275081455416,3.540875452064699,5.821323019862175,12.692673768343465,10.200136503696443,6.145633237669545,9.257845319009595,11.77308495648702,11.617188464441607,17.067845500628152,8.114781334553996,4.698982861811115,4.325310348977009,3.482492018245882,5.713412434418997,9.475400274876625,9.117628890872002,6.943744705530905,7.936652230331974,10.550248282194138,12.965283034155448,13.267083536863328,7.969519209169573,4.572075771593278,3.7524871728763793,3.0437709023106487,6.924575313091277,8.946968149831218,5.11187660352389,6.017006550892708,8.932987436402229,13.581753434737525,12.902465774551516,15.107005326430002,8.191913208269304,5.349888842336594,3.5926373718818416,2.384408849554677,6.095238317290942,14.48667869702462,6.427247998873392,5.638003985304986,7.2609763523647874,12.916997129797934,11.198393408713802,12.468480018854141,7.492484685144118,4.880478536851944,4.17213466546512,4.566529204460882,6.354230124870936,8.10226487559657,5.287411392331124,6.058102764121948,7.9308095858174,12.463698967893915,12.902617247873739,12.702892633120218,6.87429874220202,4.633896711853242,4.068875399929256,3.915570133213074,7.282162324965,12.115163474871267,6.680620213528473,5.767793919213356,10.335593112437955,12.358629707157613,11.854964795554839,12.071880160490673,6.8441567460087045,4.405051619314378,4.195539444538173,3.1352314348759194,7.482049559513729,7.7204199164913545,4.786548218727111,4.197138828692898,5.758445579563418,10.207754859507085,13.024289214418781,8.890775029261906,6.6351382787766,4.583432139235158,3.365638970028004,3.700108754904039,7.319618203769126,11.169692770281145,7.392643297870952,4.978218592847547,5.804564935853405,8.873956319292386,9.58913988386431,11.985806513071063,5.423669779454509,5.24524783630525,3.2365907980083244,3.723983341455459,7.286544622004032,7.50931281287824,4.023393157770236,2.838563810048565,5.279763659008088,11.5374446302255,9.61478935030199,11.46582599623998,7.94549092754241,4.251750899745572,3.132350326300841,3.1843988969441384,6.53461623074611,7.790563850595104,3.438497912963231,3.6179232047738568,7.265889513636789,10.559576953947545,7.876714840896668,9.755777596155802,5.7858887930454745,6.060801704698993,2.9203675230030943,3.332230181924758,6.146960863292218,9.224732271625152,6.136675364613533,3.451444702802166,5.854263527124159,9.902139169454575,9.683149093139557,9.042151433885097,5.751344246864319,3.3810776343076463,3.3259121888670427,3.2279997235536575,5.8549101951320965,6.564651829869517,4.552607491324346,3.485997015699263,6.70479973367145,8.712848965942857,8.333072569697134,7.169005252619584,4.982052502343731,3.0620800557348034,2.482374739576443,2.5558945680529837,4.757048453728358,5.61382688767487,4.308966908435027,2.9708387308784068,5.923658747365397,9.325643030424914,9.178320637777928,11.43429946144422,5.080284733349278,3.2862241872279876,2.731222789036523,2.825209474544371,5.562172446995973,7.811236612229578,3.405431551635265,3.287129955022565,4.698282000129261,6.656763961712519,11.358328450937424,11.737541235248248,5.540283612051317,2.920701891952945,2.0259841878602067,2.581217922779822,4.8812658224602545,7.670198464489753,2.8284806537131466,2.0926963695547274,4.001410527825355,5.6357048257639,8.133576892301921,7.093209547857444,4.972384307634445
125,1.4765692820712442,0.12375233382252707,0.059686965531399114,0.05390482493986681,0.04472467521986649,0.04018562722951169,1.1858832580908651,2.238782754828853,1.081223056949675,0.07952369694267544,0.691265662809213,1.0779297576676452,1.1515277615093413,0.7207837979663438,1.0962521495766215,0.14344097964465613,0.056175236713982356,0.1442291082963347,2.063096187419949,2.5411898477711983,1.7069632049426435,1.2176705755437571,0.4198279684583346,1.7065571945016422,1.1419728799572877,1.2467011935701087,0.43236915957543154,0.14104944345479206,0.06693339541674617,0.12448047523945567,2.0583380135989957,3.82514422234989,3.434939104574422,0.8564277036536122,0.4487359489748875,1.1134133735563485,1.2633929678076696,1.3715417245318515,0.47556856326278174,0.08607971249769127,0.08324509185408388,0.0758390122056007,2.917112260021029,3.8810125025481943,2.0101733728845916,1.6967721897555936,0.36316187613209083,0.8714641271795956,1.3612980208137344,0.9323495341149238,0.8673364103008663,0.11524954470495379,0.10170915376515155,0.08362176478405789,2.836644383257916,1.8392276023232168,2.0365390690788625,1.4110966699498315,0.6782390478352706,1.5666349486646154,0.918291294834306,1.309267979212142,0.9501997578168109,0.112648288740466,0.07157612615415161,0.09911661643410719,2.3349879019010453,3.585864796672137,1.3173163770685592,1.558374238514131,0.4829550695543488,1.4689953101931077,1.1216989723881405,1.0620106829390885,0.5185996570486215,0.11392594638963535,0.0868107902619146,0.17460840895771979,1.916937743713779,3.9671105900887524,1.0998356841454904,1.1483612608717335,0.6436231463799873,1.1013547978093547,1.403309113306384,0.5437394645217384,0.2644575086812819,0.07683080987011388,0.05332979494525536,0.07040140808994566,2.2397650412494134,1.7368707302128594,1.5986409308115643,1.1937280012402802,0.25638488127042847,1.1907254254601654,0.5799241743969821,1.279305998683985,0.8918216865281426,0.0875588440187275,0.049541491118650235,0.22519444799423213,2.3905946255391166,1.848529999125148,4.186315896163384,0.6736567716636965,0.29009356250117224,0.9526109461582474,0.9235016575167254,0.6865936503389602,0.7302211093217614,0.06749585812166328,0.04032127961636546,0.1197877701198061,1.1691249993551645,2.4679493913547166,1.3388202223939198,1.0816116865147507,0.44874353734279665,0.5906552533084346,0.6002297298730379,0.8480627720663095,0.1390150123029466,0.06506474849954243,0.068678625700094,0.11692550636331236,1.8292309834784077,1.5832556915908091,1.067809656072408,0.5411908854429999,0.9925425904858857,0.31585074020910164,0.8346825932362869,0.7353507142573172,0.3993708181741737,0.05840893404185767,0.054966164025808485,0.10484822709113355,2.1427113081034155,1.7798087994093374,2.468771181815614,2.078713631497756,0.4970566854452092,1.3637017804516418,1.7260138771478686,1.1953072866308387,0.9154134488802763,0.07822253727664547,0.05272829660725205,0.06758353725820775,1.5825440998231213,2.1272634396029093,1.6399624915880462,1.5750412770036248,1.1091953457879522,1.170441581149015,1.4422451716661453,1.4268515752138469,0.30241566042505924,0.14649561000615355,0.0653877656233887,0.0465020416527986,1.9784878376366628,3.6227461792937206,1.5749286866759262,0.7210831231395562,0.3108752466638882,1.3368497097780625,1.6190391624214189,0.947127540760256,0.9090324656100522,0.07479837526194748,0.06553396582843792,0.1455488599048306,1.0802779039530264,2.398540350119433,1.585542872690906,2.5940644218982944,0.5955682772397994,2.053443125879933,0.5169311335226221,1.3454516510286063,0.6047370539106158,0.10645764740474983,0.059340635895885806,0.28264443613600443,1.7725087048140007,3.220807112121669,1.162814501030778,2.9395380581541977,1.1364495328985953,1.7232195670663137,1.2075181212939037,0.8830608102444722,0.7697536136047594,0.18136777935622372,0.08475651673619837,0.29551922632352945,2.743533692698656,2.321207552378877,1.3150852746466797,2.335800687074061,0.3108358775783951,1.4284992002948154,1.1069575587912432,1.726115636653611,0.7805060862990156,0.09091032837827996,0.1180964717917865,0.1888755300516883,1.6136390321497474,1.941875876881663,4.326936543904244,3.5890988871310987,0.5441265212955574,1.8278076129046181
126,148.83386183707944,336.83499750409806,276.3156058034589,175.6076308186849,156.61389612997732,150.906849416097,93.83175782234437,70.41833446871851,70.79153610229493,97.04356908490581,150.4418626912435,185.6417936263546,262.90036057010775,263.43157558159294,207.44610084779802,171.29642270914712,177.2852127370527,158.54665099080404,99.81181631765057,77.49492659045802,80.76464526367187,103.29150896133915,165.66091968282063,194.1792669333181,278.0210092556861,252.2610606237703,215.5031453188004,168.37018330891925,185.20153215962074,160.35685984293622,93.41834035565778,74.67876651886971,76.01708790588378,106.2076856059413,150.36641893513996,190.16248755178142,273.2389557967648,265.7289426613794,248.77438796504848,184.78990049235026,182.85202161235193,167.92261055501302,101.34152293543661,81.85971179592994,86.74957463582356,105.62831856020034,186.28637954203288,255.66063543504282,242.99498917610418,294.9684410677755,225.01007494526525,150.92298850504557,173.32490555301789,145.12831512451174,87.22758972660188,73.40800402733588,75.04151504516601,92.5153987564579,145.7765756378174,204.4577629187799,220.86595381705993,293.80625871047596,167.77055965300525,163.14910918680826,180.34745485367313,144.407352142334,84.81213687527566,70.3536686755765,76.10265117899579,101.76691370318012,182.7225999399821,238.23962773969097,241.91159413491522,288.05643029687445,254.188429624496,164.5658607788086,182.43599272697202,144.18625767008461,97.15518897764143,76.11827329081873,79.60806020100911,101.0913951996834,180.66068491109215,207.8198972985052,287.7837123747795,257.3970622088052,211.77073928340786,174.8055171407064,187.48931095246343,153.40249434407554,92.54923923123268,79.64648124448715,84.51142631022135,106.16894514022333,177.35925486755372,258.632020165228,308.2258962914251,281.7703405111529,231.5623839446037,172.25105219523113,188.06021996282763,162.18343202718097,99.75404731012159,85.71403740667527,93.88033345540364,123.14379992085117,177.16296884155273,262.1091289495653,266.89417586788056,250.90326634975492,229.15414963260773,180.08728412882488,189.1771988899477,160.43090377807619,99.47392937444872,89.13175207322645,90.739171681722,120.98342204432333,172.12708003743492,241.53926108083414,316.5351739108179,248.46567846702237,215.23402901926346,189.07268904622396,178.5143598691879,136.4127065938314,90.13257877472907,81.81272495392832,88.38161564127604,113.29562547253025,184.89391990152996,249.47462347215225,284.4271807270665,272.0431675847998,205.05786088512787,175.79415553792313,184.9225120298324,143.5050085550944,93.31348028367566,82.5618050556798,88.82523217773439,109.62766134938886,192.947108215332,236.19921422158518,286.51606792819115,283.6120367296341,221.91033060381488,192.59688009643554,188.36026137813445,147.42364853922524,96.55255519743889,89.28861635269656,93.15586161295573,116.31250100412676,180.3867839864095,277.3627515928207,250.7519056750882,278.19565813825636,224.9679609729398,178.88044935099282,181.80130411455707,141.47130004882814,92.9999183211788,86.7556045335339,94.40401607259116,120.32413398988786,203.7483375752767,231.10952424080136,351.5908630174206,338.80579413052266,214.13779572517643,185.2948542175293,195.21552937169227,133.96541908772787,98.55509367912046,89.88361669724986,98.44323173014322,130.56984180081275,183.4132913411458,262.88830830235634,302.70728942871096,276.4564152447931,215.3583664826424,183.25863832600913,175.85786745132935,134.73868966674803,96.07435286983369,90.19686400382749,96.34073927815756,120.33373036046183,202.68869572957357,225.68512983752834,328.05841747160883,270.62769682522475,218.23116943359372,182.88005075073244,168.42509991061303,127.16538698323566,88.14315012285786,83.73273224861391,86.65702971903484,117.39186484059981,209.32711509195966,280.2918101156912,252.22976904099988,282.8752690338736,213.73975958055067,188.25463981119793,192.99805439610637,127.65594969685871,95.2193617396201,87.87227659163935,92.6209466044108,125.50518976026964,219.637891225179,257.81436146397743
127,639.9646807270665,698.532610648019,714.735703203755,663.1055908203125,693.8639559838078,794.2945454915365,591.6167004000756,411.1808209819178,535.107837117513,971.0414596065399,994.8675443522136,712.1211002472908,779.0065867565525,675.5825078383572,591.6510222798009,692.0218206380207,713.7916647634199,783.5047539876301,552.2942276493195,412.29583425214213,522.9712743530274,826.9781943831906,833.1772056070964,790.7579220876386,813.6181499259703,635.2990549081887,616.0325081905243,653.9695485026043,740.429613312752,751.4391117757161,527.4065944351688,392.8025285093246,612.7843027343749,865.4550494187879,916.3536375325523,813.2580266743322,759.2950177198841,666.806970946965,633.6065934507309,693.4417815348307,717.330872763357,736.9789012044271,502.4231898547758,405.61017261135964,553.0076091105143,904.0862084567161,926.0121435546874,804.4355833385837,732.0809291913432,652.376975786181,632.071280360068,667.4194044189453,711.7996766318045,727.7317103678386,504.9620883474043,371.4754111603767,581.7722619425456,864.114085063319,999.1105810546875,806.4300182711694,752.1220017168599,684.8312004758336,682.4937407856602,646.9231341552734,745.2003451439643,682.0234065348308,459.5673412692162,398.95519446588327,588.2573102213543,926.7063636041455,921.3052216796874,843.8279595750379,746.2031144468247,623.2509003903242,679.3611674647177,666.1467170817057,732.3573658407888,715.3980645751953,486.79530033234624,384.82678838914444,614.9550560913085,929.8182495117187,960.3188319905599,864.7791082566785,838.6431735131049,730.0083391326752,650.6220180191532,667.6607243652345,730.814398547757,655.5571600748697,449.48016613375756,383.90194501323083,560.5410416463217,904.0191087685862,811.288686360677,829.8978796780493,873.1354055884576,720.6444391260005,749.5448203203755,707.8315751953126,706.1086371046497,649.8572871907552,461.7176719616306,427.12302630024567,572.6418594156901,974.7609552986393,926.6565970052085,881.5880446304812,869.8674476278981,739.2419569780321,703.4695707062752,724.9409754638673,696.1619040212324,604.1749276936849,446.7604124795237,390.64153284872725,524.0909606730144,930.9935769751764,1007.0710525309245,871.1867323352444,807.2384133615802,757.651922448069,701.2337653572329,702.4045055338541,724.9523477271296,587.9058361409506,421.718364710654,386.78497527091736,614.6794766438802,976.7505569950226,994.5074018147786,895.7832671528479,906.2360442130796,776.2353304226879,655.527605295489,756.8152667643229,743.950790031187,651.9466903076172,445.7219841544858,406.795835984753,550.3371719767252,1006.4075950573337,1117.4131541748047,945.8157619943928,853.5750663511214,786.7354354437466,710.8615046938005,731.9690335286459,676.9591114068801,558.7947128092449,407.58614098333544,371.80654050765503,540.1163236897786,856.210010179089,1006.0643305664064,967.3541532258063,840.2744925812751,738.6864041408295,737.231490045363,691.5534143473308,695.3828214780746,567.8724913330079,400.5232659518334,373.9299239029423,557.0735875854492,935.5913295819682,1003.439816772461,930.0141622038811,840.9956452794229,779.9812840203347,657.3827873377646,706.218231648763,703.120330141129,521.274532023112,377.42210045599165,370.8865296985257,561.6108739420572,932.9059433672504,985.548477742513,973.8602760364163,1013.7178017893145,769.0270697246984,755.5408830802671,714.2919130452474,655.5577667826991,520.2312258300782,385.97740405667207,374.9334397642074,596.8257038370768,1031.9134410636657,1042.3501439208983,949.6828504599295,917.2602446919103,844.5680828060658,769.2226790102065,756.326830485026,649.8245959866432,504.59035249837234,375.9922623960434,384.12024388467114,595.5546200154622,1009.512996904927,1212.562551554362,977.770797985446,872.7976538085937,775.7424139524562,734.1777341781124,746.101377360026,668.2078800718245,470.5472036946615,355.9805395114037,353.5898832456527,596.8342114257813,972.5115391491306,1191.7830889078773,1023.7271490675405
128,62.586382392144984,149.9612620762416,107.4740813655238,37.71684698740641,23.45256447945872,18.010983384450277,12.816297389614965,12.632657198752128,16.94290341059367,14.951886712351154,16.98539417584737,37.023655777592815,88.498837501772,126.85583896030933,111.95086798637143,54.24098357518513,42.00096305478004,20.71051728693644,14.557603160488991,15.36371137988183,26.42551812362671,34.93978178639565,42.75332180976868,68.12793655457035,108.45504136977658,111.29944998576723,86.9683078888924,54.706361315409346,38.73305342028218,22.63233865801493,13.424733480022798,18.007636099784605,15.69028258196513,30.111051338564966,42.854511847178145,52.093242626805456,110.98750590785858,120.90276325930515,114.30415001899965,54.30116404851278,36.45744676159275,18.47975952021281,16.50296177033455,19.27701439519082,24.119483214060462,34.76003249137632,33.27253041267395,69.01825169409476,97.77591468318816,158.4561849186808,102.04449712814824,52.157745103200284,49.617524190102856,24.036498348236083,20.120537019545033,16.92234965047529,25.033912874857585,31.846504445229805,28.98795378112793,62.94292416972498,109.97714942316854,156.2009023390145,76.83834349847609,59.100803682963054,37.49509391169395,18.187162353515625,14.115536666377897,16.230970764160155,31.20048502731323,48.76648099099437,44.924124003092444,61.408032621568246,95.82358458857382,129.48737244281864,105.71567053641043,53.48289756902059,41.80719277781826,19.27336357371012,16.07009161795339,17.526960094821067,23.81925608189901,24.543161277771,36.05250661595663,55.61247929849933,115.60858894348144,101.1661514579134,89.79193153504403,56.56455686314901,44.13779675022248,20.14496200815837,15.833032105968845,16.41186509532313,21.409732147216793,26.02533792618782,58.41043584823608,73.47539964614376,105.21628560466152,146.05537313188825,88.04429650091356,54.216436145782474,41.78512918287707,21.306643957773847,17.467876159914077,18.270911817243025,33.50953923161824,39.229503840784865,62.6955411936442,75.09172172792496,92.30462866875432,127.26170133360502,96.65190292481452,49.33788708496094,43.098818836827434,22.735386801401777,17.25992028267153,21.803813624228205,31.966386637369787,35.87595802799348,50.04969271087647,68.00476162941226,102.65786969584804,111.05681723373864,97.08327175509547,61.236512105305984,42.0604018980457,22.13062903594971,17.053241112001484,17.503010770736203,24.726123198191324,35.78344351122457,45.393212821960454,62.65353141538558,78.79562508613833,141.31774484977345,99.85106236119424,47.502733128865565,35.54164395116991,23.370500176747637,18.326527884698685,18.108750449149838,21.580166979471844,37.89597961056617,38.22187191136678,59.93233967688775,142.6172126290106,127.74734304287162,142.6351191982146,59.255936037699385,39.5613444494432,23.09866966247559,19.800947805835353,22.60470968061878,35.65696593856812,50.145971508641395,50.122404953002935,101.64459395377868,102.3426032847743,141.64548491351124,107.58602214690177,52.8120331878662,41.32774035299978,23.15601122156779,19.62611004491006,22.591313272291615,34.21874337768555,43.77794431378764,53.58854899470011,69.82782887489566,180.11201009811893,179.70092748247345,121.12185483624857,55.67049203109741,42.49699301442793,25.168953606923417,20.655347323263847,23.21978356022989,36.99636862564087,39.94834524462301,42.34053010177612,87.10613274974207,141.23347949858635,161.17366344141846,106.79472162062123,57.48144040679931,45.436429623019315,24.109459297180173,22.89000883533109,30.52567829009025,33.40014025243123,36.46216053870417,47.67116589355469,71.10015343327676,134.2750315869239,149.31627198689088,107.93902889128654,66.51080424880982,44.27825452866092,24.922628008524576,30.192343938273773,25.650226439199137,26.618608525594077,41.071238923841904,51.94406666819255,94.05343246336906,116.79159376452044,149.8171141215733,125.58922968710621,74.05865588124593,46.836519165039064,24.063581101735434,27.93862284383466,27.384885710439374,40.522074815114344,60.62190263809697,56.78553595860799,87.67854194271949
129,102.37853412628174,92.88802437782286,77.60441343861241,64.70567821502685,175.66368517721853,128.45822134017945,236.25837745666504,111.5973032059208,252.03845428466798,65.54725178134056,209.9166179974874,153.9743032270862,113.80097902113391,132.83139950221394,133.36526664487778,143.2117027231852,212.64682573380009,150.60822847239177,136.58266721663938,104.8091023623559,148.07775695546468,184.7361734968616,150.29246241505942,128.76217894277266,133.40881316892563,106.29217125258421,117.47967824136057,81.85814754486084,164.4677733132147,193.8157561556498,101.45001456722136,77.95173770289266,176.78050208155315,232.94437405001736,138.6341755688985,130.47185679035803,101.67458901928316,109.66909954136815,96.90570694708056,125.5870590057373,192.83098223040184,178.0929359893799,114.64933389725225,95.10492028513262,166.57737182362877,159.49262200755456,122.960842048645,120.57956621723793,122.74221502488658,112.62048411731064,148.60024051789316,141.2429703674316,208.19081589237334,157.30142354329425,146.70728159258442,83.02595086620701,166.86539027150474,156.5564806833575,118.9237728474935,135.5712623251638,139.88216429925734,129.2415211353396,133.80482289221976,136.18791554514567,187.93812324523924,208.77803643798825,120.47248780035204,106.48553617908108,166.24577942403158,213.63737603956656,153.43326996612547,122.92277908571305,127.04312429120466,119.77194459417183,128.3389242135325,124.56596531677243,197.33052851523124,224.74581041717528,132.35213707954654,91.27967871142974,105.80320110575357,113.0820710557507,109.13633481979369,111.6442404913133,116.55217488442698,105.56682993066723,86.20499765457646,120.75523799133302,219.1969979021626,140.9082842610677,83.57594905976325,78.15266249625913,139.06747889709473,183.3937925104941,105.11060044352215,102.09861866612589,106.55388432533509,120.82540539238842,104.6720919393724,122.48477670796713,147.19128563296408,156.0672118835449,139.89048197100243,106.68306118872859,209.27023522186283,196.9239657691217,130.60625520324706,127.65245157426402,138.40767654911164,124.57299395194782,143.29386881182268,109.73386739349364,180.93744183694162,171.68362393951415,131.87610287697083,73.57652751922606,182.78135386021933,149.8423889750819,120.02590282185872,125.83871681705598,119.92187930937737,143.9748171784725,100.9887440269224,126.05100945536296,185.97550654995825,155.73668371836345,122.30112936942808,67.0008611051498,129.9023442433675,159.80308951100992,130.3003920288086,123.59903278104719,120.0236290334886,107.22610857056866,106.66719548010057,114.55681249109905,174.51306526307138,142.2163657824198,102.8452501038582,47.31456427420339,148.0253740450541,205.92000494680096,135.40775372060142,119.47355138963269,87.64636091170772,131.80433125021423,121.31847114562989,114.12496122233074,130.21535963735272,161.30365709940594,197.34806684924712,89.60267114577755,146.5109687767029,172.2385501578546,142.39640365346273,98.9375025386195,149.53641307461646,141.43160552395975,137.84961607163953,135.0584466603597,173.90821533941454,200.61262360509238,154.67572344010873,119.20669164473011,145.87690637715656,190.65215371162657,137.05006047312418,168.31468392772058,113.48697838814027,158.26262866123554,168.9809695040795,104.610878616333,172.4628656879548,190.10283169555663,91.71185683465774,80.06137847285117,128.95626854070025,233.97057426083475,198.4711911392212,130.62564996534778,182.3225254452613,104.25470812426413,127.9159212690784,127.54703626251221,176.64411718799224,148.96716964467367,104.1636345844884,84.99132606752457,201.3303092575073,171.99666979266752,162.68331704203288,154.96217129861154,118.58811318674395,113.6980137036704,136.8448407474641,138.1887415898641,171.9941211429719,171.40050719324748,122.89557233625843,83.16698246371362,179.108817237854,254.25542544580276,139.17526740519207,134.68308410275364,148.50296261941233,112.10162013086779,114.11499158797726,111.56959313710531,211.2655814386183,143.52820259602862,114.17995875696981,58.83280095254222,164.63484973526002,204.61779502868654,127.86500120035808,151.76013254227178
130,228.08967361450195,296.0196325574602,191.27020379343338,153.84945248921713,196.11486853322677,192.31988067626952,186.0151889431861,201.4623261482485,331.9873044331868,352.86544145153414,225.02422360738115,392.4378946858068,339.51961374590473,499.5375803758593,450.23624452652473,340.50147424316407,196.60059086953441,216.84782788085937,249.07722800962387,199.6996741214875,254.73854542032876,246.35535238450575,243.57213395182293,311.2766221274099,343.1560807258852,434.7454792614641,391.7654775607201,280.72975568644205,202.75392078522708,222.98265574645998,239.40133972660186,236.56363462878812,231.55222549947104,266.46491967970326,178.45413395690917,247.53927442981347,366.6894330966088,411.1909004155051,419.428846258348,301.9951643066406,194.2866331285046,201.93496973164875,281.894342853177,252.45848828715663,256.68171907552085,219.1312863454511,258.08911660766597,303.67750604444933,434.3334175355973,419.6893866658328,428.14008098971465,319.1271399027507,187.6594501126197,238.08377122497558,255.72589805356915,254.3478295504662,298.3585181681315,257.0222608504757,245.11201849365239,338.3772075037802,401.4705532541583,447.1398262510628,408.54955714071946,306.6163262227376,215.56163418677542,204.01861427815754,235.24423294559602,196.86291831724105,249.43040133158365,203.4399947529454,243.5978397776286,343.18176696285127,387.26145030852285,503.0416556712559,403.7054323700935,316.6381941172282,180.13790202479208,255.67522306315104,224.34008005449851,246.14707223215413,273.36649746704103,268.14092069072115,184.44136329650877,326.8348903237619,317.75685870755103,477.44933815584983,396.17638534053674,315.0281756134033,218.89352615848665,210.78237646993003,220.89779469151648,265.27278012675623,270.1745956217448,259.72459160589403,196.6933685048421,312.76402182302166,428.91441061696696,500.11911089140796,388.3959347780289,288.77080029805495,190.78049594017767,216.45575443013513,209.6808739692934,248.84652197068735,260.323397181193,234.50695083125947,261.3514270680745,393.1382254569761,365.7700491480674,448.37755383928413,411.37662674934637,247.94756213378906,171.45440237229872,253.92638638814293,260.9264709964875,223.50318134430918,249.9556038411459,258.786562627977,225.27217517089844,344.6605369469427,417.74789792953,471.0389712479315,483.5549123357957,329.9615251261393,207.5317602292953,214.73346445719397,206.22693918535788,264.10253392373363,262.3022588500977,251.87784931798137,241.0207943318685,434.5293745373141,337.7248314740581,470.9899042604944,449.18068293417656,291.24338462320964,185.30583229311048,203.34812073771158,221.03755689067225,237.07467867451328,260.939070602417,223.7555293569257,262.50511416117354,349.2153475016932,393.14470097203406,487.8466905700984,459.671763719128,325.3057795664469,213.70823723085468,211.44040341695148,220.8705267137097,227.72296610186177,263.0084007720947,313.4468237550797,263.501614537557,311.94693390384793,444.23185343096327,556.7462259260657,493.05539441508637,302.7607108052572,188.48762732721144,228.7713313649496,242.8479134934948,225.52980498283142,217.98962979125977,226.72288647067163,281.8575001017253,326.81854672339654,458.51258202829666,491.8762924547618,472.23031541885865,336.91096681722007,207.72285119825796,205.01739838663738,235.10122859831776,237.2101758304719,253.537004603068,304.56210039200323,338.51745320638014,386.9412597557806,547.8346335921749,554.0650440584379,604.835237249559,323.3296901855469,182.44180499661354,286.33931981404623,222.76371884253717,193.60687577770602,300.0780749104818,261.6629979238202,316.23065379842126,353.8981942256804,408.7264488761656,545.8580583720841,463.7376504565823,342.89440750122066,205.79813565161916,245.47257435099283,246.58781600459935,220.09740385486234,247.31778637186684,256.8830699502268,271.04892641194664,299.8342379120857,442.6184429833196,569.5101565848665,540.1838871814359,375.245142771403,181.8852292952999,264.8509903869629,230.34501698155555,230.19439606697333,260.40900259399416,282.85464693130984,298.16173204040535,441.29475476172667
131,196.92049580235636,158.1710996900286,181.1297863867975,561.8094312032064,1346.7771494219382,1490.503855794271,738.0528363627773,466.61161617156006,460.8316876220703,529.9962567729334,439.27070149739586,300.18401646767893,218.81336185578374,188.73324810610615,249.46376155730218,760.4633317260743,1132.9625264026272,1454.3606009114583,750.4961298985634,480.7017096931703,482.4645174967448,539.4871185499622,429.41237764485675,295.5515841379473,202.5571047776745,169.89090481650067,223.25946158132243,782.2923985392251,1170.1740608461444,1388.748215250651,728.1220570422756,467.68819578109253,472.40456068929035,526.7743110902848,432.564646484375,299.6908239549207,221.93261785691783,187.51607481632328,265.1864430876701,825.9416751708983,1117.4746296544229,1550.5149712727866,879.3171933278729,498.2763617534022,506.04797554524737,567.3670110887097,459.40690393066404,324.4135808144846,248.64050206338206,189.92638044723736,266.5200785187752,899.3614904886881,1199.7889546843498,1576.5892196858724,839.4751360493323,488.4006006646925,523.0885564371745,571.645425670993,469.13030106608073,345.45017582062746,241.525630906628,189.63486571589124,264.0059038223759,735.0717807413737,1272.7575081511466,1646.6274007975258,798.5184973932081,481.97163298576106,510.65750335693366,572.9598960827243,500.0858599039713,353.2812684089907,253.2320940965222,192.9836637036554,260.16088614186936,758.166658243815,1242.0996833653603,1547.8410057779952,730.016104421308,468.50740777784785,487.15831337483723,571.7042406045236,490.4001739908855,337.5912802222467,242.38559239541328,190.1451458901842,323.0466933514995,981.9865127563477,1274.1600851341987,1626.6969850260416,801.3747811003656,499.3490066626764,515.3857417602538,635.6046377661921,526.081476969401,374.94607095041584,278.96789044780115,231.38480572404532,362.5400258316532,794.8570425923665,1467.5640485012916,1496.0661190185547,748.705979830834,512.9286036731352,553.9371814168294,638.1568805522304,534.0900210367838,396.60835358650445,261.8609897539692,222.40265732638355,316.6150965339907,1001.797944478353,1160.3255605389995,1498.0663639729817,712.0725976168725,448.71190293835053,485.10365974934894,568.97706554782,522.8014449869792,364.4760497062437,253.5692737210182,224.58326170672336,253.5311704869424,813.6728006693522,1285.5221018145162,1627.6375439860026,745.1520718482233,481.23974751134074,491.41311100260407,606.4109315539945,551.7310263671876,374.96128969254033,288.4018723026399,237.86358933622614,373.2295004174017,771.2605196940104,1317.173607374622,1599.4825336100262,714.5759984170237,450.07271958874117,482.37585062662754,642.5652788322202,603.0167350260417,426.09673493416074,319.30448576896424,247.14631234831413,372.230328506962,872.3457085774738,1424.9287907557332,1476.2788891601563,686.1140159557712,447.2325231146043,517.9994467366536,640.7619236312373,626.794739461263,464.7656782187185,293.50300798969886,235.47857253426986,405.4016925147272,826.4426230875652,1313.963064673639,1642.931879638672,753.715216497606,476.902352531187,507.0891623942058,634.0455795977192,575.3380920817057,423.1861843379851,319.95135161369075,284.65514663019786,448.29287077872976,848.9685562947591,1549.8698158707157,1519.936653157552,727.8561648658015,485.11633223995085,504.5218847249349,648.8180979870211,627.6429813232422,422.8310667763987,389.81627868652345,308.16972523280555,461.72942546229206,913.9899141845705,1521.4217446604082,1542.5894871826172,712.7743127835181,476.88599323887973,499.9665401814779,643.6346406013735,664.0297981363932,468.3938852617818,360.79262193249116,321.96134823803834,483.83452465426535,947.832656616211,1558.3369612367692,1461.8624269205727,696.4969027611518,476.1272801356161,509.5707228597006,705.7721343009703,733.6135644124349,557.3887309412802,393.8021276067919,347.7528340720191,517.8633424032888,876.1535740152995,1543.4454281123994,1660.2799667154948,741.9261861690397,488.8915033943423,521.1214876708984,686.93924304593,717.9281910807292,537.149141451928
132,53.19658702727287,50.74799954550607,243.13990773847027,722.3098621749878,959.2474408549646,560.7686003621419,227.64832192697833,149.35365132977887,157.28446146647133,115.42821817705708,78.49176475524902,54.08350131127143,59.94577443522792,66.53578014899945,145.93387115724624,956.1160419565837,969.9254142712009,526.8399249979655,222.09268060499622,177.84826069493448,173.55004712931319,129.24258875693045,83.04689691162108,75.99590192733272,67.0186436585457,50.54566214575556,166.52216604663482,968.6723942006429,971.6114336961315,492.1784975382487,211.3838787251134,154.94154446017356,163.6706108907064,124.52295628701488,86.48578835550944,65.92716313515942,57.734932184527,66.8033288378786,197.43533504363032,867.7009238535563,1086.849192997102,468.97248022460934,226.6855018861832,170.8829529596144,179.20557096354167,135.26849476475869,85.31624026997885,70.15703472506615,70.99981464016822,80.18658228183615,198.6492170690721,880.7227017262776,1052.6355678238406,510.4103196614584,250.72985937303116,174.49026301230157,189.2291880086263,148.26764487974106,94.21463418579103,78.47409494707662,73.75898518716136,70.04430814132314,267.47106512746507,807.3961485290529,1125.7172358752837,488.8857963256836,227.48425498716293,181.16463276524698,194.31968441772463,159.6341633556735,95.35609025573731,86.99832431424049,78.6306321519421,63.02191823705664,241.58264340308406,874.0157477467856,1051.993386624244,545.2893992919923,251.38163716962262,179.87731579196065,198.38196463012696,162.5751797288464,101.4723636118571,75.42752358221239,89.2606899532195,110.23900481877067,228.34320220947265,868.5486315002443,1128.8874608587448,495.08764585367845,240.40293478688886,176.09943143783076,180.49990095011395,146.6266305246661,94.63670881652833,76.07815550281157,73.29984776896815,96.49580529377378,304.49737950478834,936.655784535726,987.6495704306326,472.88463033040364,221.24556066697642,179.55710963587606,198.70468050638834,168.05131176364037,102.91947921752929,80.73062136742377,76.9344624427057,91.48261317943704,302.14771232112764,850.3067023925781,1000.923114948888,433.1219785156251,236.5783874314831,181.7894274754678,185.74662283833823,166.58847880701865,100.65927433268229,82.04262327132686,94.01041577739099,105.05193256030529,283.21013846612743,904.4766326293945,956.1983294283958,440.5427945556641,219.73624069706085,179.20961685672881,202.88864682006835,174.21996047481412,104.94287111409506,82.29138231831212,105.45091424265215,119.50968570915936,312.6114549649146,900.39206695048,1053.3087707913305,451.23600614420576,244.19360443115232,187.24021907683343,212.82064362589517,194.91986081031064,120.88703843180338,93.04895909463205,95.2805619270571,119.06833293332254,296.58118175137434,1024.580904764811,979.154265609249,419.4465008646647,222.23452688893963,182.05111504339408,194.00585627237956,180.6690538664787,107.93693373616539,93.42228635234217,112.9964787587812,115.36598984431753,359.2363481066303,854.415703552246,980.700072041173,415.7294993387858,226.2802885683121,177.85585676623927,214.7664471333822,199.05445880520728,122.03549553426107,106.604853904478,115.25662103468373,128.47854243781177,266.7835425149241,879.9853361180624,1001.1662538983744,399.1936560974121,214.50771935247604,168.44719256001136,199.64168052164715,186.32453249039187,124.15508355204265,108.97928157191123,119.62728398722986,135.3383107964276,401.5740686232044,857.5944707845052,907.7610808932398,435.7932986043294,243.93358459964875,193.10522810412994,215.63872178141278,214.71109465568298,138.31215986633302,107.97200882450227,133.1967991096743,168.06372251031434,348.81065722557804,1023.4544780985514,1002.9232174977948,425.0301713053385,250.4101268448368,203.0161235489384,247.3167240397135,225.8444017668693,151.2454587198893,116.07750967702557,143.75633440571445,157.38330279787186,365.8101160529352,854.5456850687663,980.0641518475934,381.3194870300293,219.07239946919103,170.9094217509608,221.68810247802736,214.87158646122103,141.5844240468343,109.98733181368921
133,996.2277852704449,1500.0871473039902,1572.8739572832662,1084.1405971272786,995.8132838095387,763.7971323649089,787.304982437626,682.7027762136152,754.7551596069336,653.8977952526462,656.9684288533529,1138.7271061066658,1106.7602889719317,1574.7615167025863,1905.8616215269026,1354.17533597819,1160.395469734438,999.5215867309571,787.2868444036669,747.7620042173324,684.5111995239258,784.2914217647431,705.4365190633137,874.3663579928491,1150.1375927537488,1504.3628206224864,1884.229150981288,1508.5970224202472,1188.6771339859501,972.4471805826822,733.9923123464276,644.4408315744707,723.9636020507812,824.6485883946573,684.2176374308268,856.4048958070816,1109.347774992912,1584.0401217290569,1985.8390163101692,1490.281077636719,1166.1238651398692,1008.1897598876952,778.3769736800655,684.4201574510143,669.8336433919271,701.8510513797883,746.845920735677,907.4163565752584,1206.5116935090093,1570.711761564809,1784.8630943642893,1517.6146724446614,1236.0397039598033,1035.2787614746094,789.4346179592993,708.1976439248361,709.2297871093749,694.6626348876954,782.0301969807942,929.2278272862588,1134.125066232989,1569.5938260579226,1814.9391662597657,1543.2613571777342,1156.5759942626953,1014.9314078776042,803.3965614958732,667.1257106854839,663.5296303100586,701.2467262514177,840.4770621337891,975.9940406651651,1209.0988854192917,1527.152471890755,2149.0032919606856,1499.059913614909,1182.557971467049,1001.439637817383,728.9653111414756,625.4812345640121,591.0733751627605,700.5984190910094,721.3031427001953,899.6842793913811,1103.8741089260961,1491.1953901740012,1813.1331130686115,1484.6281930338544,1366.9168247149069,1005.5911407063802,741.6764731917843,582.3980787707915,588.7376281738282,742.8673126614478,781.1686258138021,877.7254146059098,1252.7695094939202,1425.731337214127,1707.3327960401966,1442.532203450521,1283.2464218828754,980.2637615152995,836.608922158518,615.703735312185,755.0099781290689,719.3644797835811,756.5859544677735,877.3156517964023,1232.7184673875379,1493.3605657568119,1803.8579412644908,1294.3954728597005,1211.1186355295488,1009.861515950521,840.1242198722593,583.6553278572329,603.863017232259,662.4664941209363,819.3158870849609,1039.9022189823274,1278.2879611895162,1413.8275598745863,1654.0010523642263,1593.5794129231774,1246.4155992864794,951.0484897867839,775.9408911920361,588.0622661762853,585.184760111491,696.669795177829,837.213695678711,939.6249030722341,1189.8875131914692,1459.4368949942755,1725.075421142578,1524.7034654337567,1241.6965681112965,889.2398927408855,691.2909304711127,569.3660278123425,615.0766400349936,740.1048410723287,764.1841829223632,1021.202339064075,1368.072810373614,1542.806033379315,1993.3412774461315,1561.823138712565,1280.2406015703752,1028.781519856771,849.0729029698526,645.921582365959,741.8722160441081,1007.4721578487273,989.6569725545247,1081.2079635915447,1254.5191465316282,1501.3040957416101,1972.8632041488152,1498.009727050781,1324.5720269578503,1136.8246743977863,904.6774857059602,679.0268605484501,717.0394086100262,767.7211408061366,930.6254186604817,1149.164045449534,1336.832182065902,1798.1861526970326,1961.2070355027724,1629.0490857340494,1328.3360733524446,1045.1489947509765,820.4110078676285,650.3669098294165,785.569247680664,919.9917244203629,1058.823126159668,1012.5419348538305,1481.578619345388,1624.4591413932012,1847.5862826833418,1523.3123078613285,1311.843289283014,908.3265345865887,723.5124349089592,620.341675828503,766.2756031901042,797.1543121337891,894.1811875000001,1229.3590404288998,1204.0147198092552,1469.9982589060214,1742.350701234879,1545.8620249837238,1226.0178044276083,1021.0029704386392,766.4671386718751,664.9909693170363,632.9701512044271,793.7891746471774,993.0151050211589,1055.7745164243638,1366.555459890058,1502.8144374730905,1839.9910517735636,1537.1527635091147,1279.4746181561873,1020.9920444742838,818.1426574313255,611.4365215670679,726.1537652994791,961.0328174812563,989.3396907348633,1231.0861851846016
134,60.26021665757702,74.73371405601502,83.9282756005564,53.3725518544515,32.27053023307555,12.47257342338562,40.90238476722472,30.403092996535765,35.0187194442749,14.978690756520916,23.033815008799237,41.772052377270114,71.8263150682757,114.58021395831273,149.7849640483241,68.15468788782758,42.76647909102901,16.38793934059143,29.634153775245913,37.33086908463509,41.167942321777346,48.2289292600078,36.31187391026815,65.12061433299895,94.54919890865202,102.14328231052812,106.2460845941113,63.083710412343336,50.12289625537011,17.573846530278523,23.767223657177336,43.43850549636348,46.11822733370464,43.69812393926805,39.053795129776,39.47504810763944,100.90425769867434,112.32578840575192,125.75763668737102,62.279638952891034,48.772521521660586,16.506561197916668,37.67665222967825,53.04174380087083,50.24564010302226,51.27832842057751,28.275513025919594,50.6441487429219,96.75850604272657,130.14470945567334,138.02298420321557,54.193762279510494,57.22000371748402,19.761585399627688,41.553643895426106,32.8917869758606,54.41197728602092,54.49276734321347,34.244800400416054,68.73950101667835,88.09283363096176,129.95705288283344,120.78479095828148,72.32053958892821,51.939195412666564,18.216532772064205,28.410502059690412,44.80522452815887,53.26332054074605,66.63048960162749,42.52933543078105,59.4655244864187,80.22782526877617,118.5372208326086,136.6834464528484,52.99947084426881,51.509512575211055,17.286342549641926,28.7956862591159,45.94884069627331,34.53531758371988,41.34345806060299,38.48153654797873,49.19583569557436,105.80529278970532,88.1101017081444,99.29846701222081,56.989317549387614,44.78295169215049,15.928166886011757,30.99938847941737,31.34815436147874,37.81084056981404,41.07126119736703,50.71730174954733,68.48955024534656,68.4301205979624,131.02542417883288,121.72689645828737,52.91121298917135,41.66662666505382,16.84628669611613,27.92651694513136,31.014957171409367,68.64768156051636,35.05688204242337,37.15023309644064,47.81085039446431,66.10106994813489,100.51775021421498,120.39719038994083,49.829838824590055,31.601098616815385,14.028599683761598,19.706133939681514,34.6974990506326,37.79999877738953,37.626489166751995,36.81524300765991,46.00271137975877,75.58449685435141,103.06008715162139,98.22709488653366,61.54604250717163,39.68113758825486,14.873356210072837,26.260476319097698,29.974470192693893,33.20408887036642,38.13012244193785,44.06749346669515,32.820774940982936,67.97121622454736,105.88122085049822,111.24806905008131,52.70357809448243,35.22046068499166,13.511286079406739,27.637846450805664,28.88121767167122,48.22332810974122,59.725257540056774,30.06379575602213,53.956758625276635,117.73029319086383,107.0954462886444,143.24556836897324,61.70638611030578,39.414890285615,15.750763861338296,25.143079743539136,38.872474463678174,58.473866924921666,74.73595145071707,50.32047390111288,76.317868808008,101.27270839568106,122.12674514580245,93.90718102978121,56.201558289845785,32.036779435680764,15.040681906382243,31.358519223120915,47.79433482016287,56.975434164047236,45.32807875110258,41.95826041412353,66.50323942430558,154.79690539206226,145.66498900335995,128.29972007013137,53.38276607259114,47.29438547688146,18.78271825281779,29.554554256316152,38.681757784812675,45.63924305852254,65.16102243977208,47.148145991007496,63.87508907625752,98.3165912437439,129.7767971283814,108.14053606833181,55.67210003344218,42.081306559654976,19.476162282307943,34.37855379473778,49.61406125222483,40.17780068588257,81.53314142842446,45.87665051714579,61.998714350423505,97.90816226343955,156.23189560598928,116.52415469754126,68.23987564977011,37.57488895970006,19.18789891052246,44.80655918982721,48.14531308266424,51.58416604232789,75.22012664548812,38.95001563135783,62.32979639914729,90.38674248603084,143.24283031731403,140.6253645416998,66.13243245824178,42.15072235661169,18.09882298851013,32.71420788549607,46.74221560201337,79.03472618611654,131.51503834693665,46.154169805526735,72.01149896744758
135,134.5915853684948,108.49302880423411,115.34599471553679,163.80567413330078,367.02825558570123,2816.942576293945,1790.987564579133,774.0233664235761,648.1036118570963,424.80820844096525,275.45209228515625,191.01496641097532,141.04978268531062,114.25838111088191,102.84711753599103,215.94031159464515,465.8179753457347,3110.0714075520837,1702.9431522098664,871.1850265404486,703.8295776367188,444.24011214717746,270.06482843017574,189.21048097672002,148.67919138262346,119.27758028190127,105.12523316414124,207.91667337036134,445.47028471915957,3071.3822253824874,1857.0054416582666,843.523582251764,728.5895940348307,469.0670443430255,284.8733229573568,195.76607563634073,148.6550288932554,119.53250221440358,108.7884133812689,207.79717668660481,477.2018217419039,2967.490393025716,1888.1514315303677,829.2360980421497,740.2411290690104,473.09513660061737,288.68924969482424,200.72386041456653,158.14351772185293,127.39507097629489,114.97331556750882,234.34266349283854,498.9533751850744,3284.881072306315,1744.5943464119205,857.8773567445817,729.1344566650391,523.8818530273437,328.28310455322264,223.53097815728955,161.80507344891947,127.9591736144268,122.16277766073901,220.76052527872721,599.4333673686367,3254.4128016764325,1717.5513778194304,869.6317175686745,762.7391103108724,539.2631017081969,325.6903993326823,226.24717657273817,174.3463760572864,134.32046069591502,127.43526971632437,230.405448832194,519.8817913424584,3339.1269534912108,1631.9085246030747,905.0546182743195,846.9628613688152,607.74483898532,345.060360534668,239.57467690744707,171.4118638069399,135.84220891003537,130.72361018027027,245.16367374674482,623.0931743597215,3249.305517578125,1635.2128971616683,897.9781817823841,833.7242661539715,592.3664560822517,350.75450337727864,236.698931116904,182.05058966852002,144.23753474193254,148.11162274760585,272.0479716389974,623.1236738044985,3512.156099405924,1724.75380859375,945.7044737588207,842.6662661539715,655.5579876512097,409.3603731689453,275.1483452778478,178.80638150122857,140.09076559583542,138.84136785691786,270.6163611246745,717.2623991738598,3474.9659343668623,1519.7359855011969,881.5311559271044,838.9336763102214,628.7576566043978,384.2563903808594,253.5864851034841,191.8935881583921,150.24166924500113,146.79607375606415,258.0355914510091,675.7532008017263,3438.819905517578,1654.9605303364413,926.2704206700479,917.6439076334634,716.0116308199974,437.3531450805664,286.87613165086316,203.9770632540795,158.77581311869503,165.43455265168222,278.61133569335936,780.5546692288306,3557.519191894532,1554.3701900752899,978.2458585480721,905.0170104166667,687.2669325699345,433.9227597859701,289.20539787046374,202.21276504024382,157.3010340873831,151.75850553451045,298.4297543843587,869.039610280683,3604.976516927083,1411.1595691311745,901.0988128858996,853.8557178548177,694.5097190807712,459.5724193929037,302.74970890168225,221.3718865868353,167.2882893676006,166.68121210898124,279.29054056803386,771.720170937815,3683.1330802408856,1516.5450960811493,985.866361517137,950.6267523193359,768.2790855752269,495.5711513875325,324.65471910045994,225.86600800544983,174.2969339071941,158.56606898153981,292.4173217773438,844.9951565157983,3718.4038129069004,1612.4897008096018,960.1617784069431,925.5812813720702,782.7694825400076,505.0702075602214,336.76071157147805,261.8730914897303,190.2386502180428,196.94373359926286,304.28554852294917,947.2635382276965,3900.130784993489,1619.1685186176915,1011.0725322108116,1038.7920125732423,852.3479146846648,583.1061270751952,380.9660118841356,302.3787646681262,223.35114201663163,207.80379732193487,344.9840473124186,1073.7057175174837,4089.535275390625,1576.3643354649696,1039.9852543000252,1063.1066849365234,901.5257262396042,651.7936622721354,442.7847804900139,357.1897278225806,260.17281109701827,230.53583009781377,318.49168381754555,1027.5195938405682,3962.2047662760424,1542.0476126984627,1040.8019836819556,1078.4744697672527,908.805770736202,662.258232828776,512.5737063106415
136,60.76388275392594,75.59681246621268,54.37511987993794,47.86128938039143,36.42087606614636,29.461201794942223,27.539050132997573,25.955138803297473,24.833088556925453,29.854686171008694,58.275243097941086,85.52839605269894,75.8762370767901,63.134562625227304,57.1193684904037,43.362714635213216,34.695451076876736,30.692888387044274,27.524330751972816,25.916531465591923,25.49448876953125,31.04043740057176,61.66699185180664,79.72369621030745,78.40989970053396,66.72775918631717,52.71427814114479,42.930311703999834,35.82502701297883,29.691121355692548,27.055632836126513,25.48627301369944,25.105674428304038,34.42533723646595,56.359785992940274,67.59196356742613,78.3304435483871,69.49244446909486,60.78554011683311,47.78703426361085,37.69482958147603,33.70291293080648,29.55243373993904,27.774451810775265,26.593216547648115,30.86020388449392,64.41127478535971,88.53505909827449,67.9518348964568,67.72345660167375,58.78468859518729,38.78454633585611,32.75609190417874,29.356940635681156,26.560128245199877,24.711434948828916,23.620925913492833,28.771620094545426,54.891034469604485,70.57144163316296,55.20199565764396,70.54945870432361,44.68750252262239,41.60627577972412,32.96973476040748,27.524643753051755,24.772691182782573,23.231740112304685,22.30052719116211,28.073440327798163,66.42639158503214,81.0912126627276,69.1080597416047,71.53257202430312,58.3208847759616,41.64327164204916,33.674462681431926,29.961678662618,27.053209056238973,25.388181046516667,24.941802724202475,29.260991255237208,63.70465578715007,87.4697475728681,78.43822438886089,74.06048347961728,62.27712972579464,45.97345299275716,35.59501345726751,31.2041018854777,28.664899990943166,26.833153501941307,26.17976134490967,31.490662706436648,62.32336682383219,91.61557398150045,91.5127685522264,75.02773548060449,65.36126714398783,45.35736635843913,38.08937307296261,32.80847307840983,29.595340155324628,28.045509434361612,27.868941424051922,34.55087335894185,64.65190006764729,88.12975229817052,76.19210610912691,74.404669310753,58.166573493711404,45.870465456644695,36.98281070586173,32.630810979207354,29.173397455523094,27.558355252665855,26.49105855051676,34.18890997855894,56.80782306925455,83.52745582088349,85.14330356720954,65.43054576075136,55.18984435296828,43.49136446126302,33.641110847227026,30.64138069152832,27.567464063090664,26.16226803195092,25.619205187479658,30.27644912473617,68.419533203125,90.66112010586646,80.71447358654392,71.74608309073989,57.76185356386246,44.59207750956217,35.12102270310925,31.34618223571777,28.32270982065508,26.66130991535802,26.04143784332275,30.73051041879962,64.68629868062337,81.43468816941784,79.97773105744393,84.06893514304326,59.80065951931861,47.92137010955811,37.75500669417842,33.01384283192952,29.917974211169827,28.253630452309885,27.202637247721356,30.698029125582792,65.15479069519043,93.08145149230957,71.45806455550654,70.10543432113573,59.4621701418969,42.766584833780925,35.40715200116557,31.612716626485195,28.439350571170927,26.8868157171434,25.892674438476565,33.53419207419119,76.23703014628093,78.13682558859549,94.89688330865674,86.7866117715131,62.58875007875504,47.75754121653239,38.3868198567052,32.5029492746989,29.692407433294477,27.96538055173813,27.50956173197428,34.44440837983162,60.49862325032552,81.16592311736076,83.02844990391885,79.33006994858164,55.291870341147145,41.304204149882004,33.88665151042322,31.06024253845215,28.32342706987935,26.745623250161447,26.59513269297282,31.960337253693616,59.61550643157959,77.09769454217725,78.7080994230701,62.632333956281535,58.18662337518508,39.05091949208578,32.34948592893539,27.62057397206624,25.453839327904486,23.997212647468814,23.875133750915527,28.54807937252906,60.87428856658936,89.22407185585269,67.60668586730957,80.28536039173896,55.43583123976184,41.42902856190999,34.287468586583294,29.447304850260416,26.961689430975145,25.340978494459584,24.787357597351075,32.35771365258002,62.957768918355306,74.79279949311288
137,378.6090423583984,284.4728802272251,235.13180020240043,632.0186533610026,1741.8515179049584,2013.3198994954425,910.6938033565399,681.9006172426285,696.2060968017578,525.2863966418851,355.7479015096029,286.5685535061744,333.243302592616,274.851791603577,236.9491808589812,713.5056053466797,1832.2147577494957,1642.5212810058595,763.2315828188003,592.9668377488659,744.6201225382487,676.7795569241432,428.5181309407552,329.64080318327876,357.3625339631111,353.3554990210322,262.75787722679877,814.652352315267,1960.2248606035787,1613.3878274739584,871.8288960512222,603.0392742132371,642.3148545328777,629.7166323950984,411.7879520670573,402.32799489667343,441.81038345829137,340.5477113319736,261.6269648102791,717.6078909708659,1924.041102038968,1560.0344288736978,764.6757005260837,586.6773198084677,700.3093107299806,605.4237284801853,433.91435410563145,360.3742553317162,441.0419232374622,379.3846175666396,310.3221652418567,848.9067482096356,1922.6199120306198,1660.214799560547,871.4731351987778,642.5449205755418,732.9445662638348,690.9016161912489,444.65403196207683,470.90118392452115,541.2439514947707,390.8885093779164,412.3366741549585,946.5021830444335,1920.0419913211947,1581.438391357422,796.1254183861516,613.5676352617817,782.23234383138,740.6390650792275,462.83568650309246,467.4913481878466,610.6590077061807,440.39690785525465,333.0339502543788,850.6872057902019,1857.1539899666077,1563.5724279785156,755.3919718293221,625.9851504221272,716.4914473470052,625.2444172914567,466.63177754720056,483.8130759159211,518.2809255489226,517.8303580816861,425.51480903871595,914.476569478353,1975.2439010915448,1598.7003913574222,744.7814413747479,626.760222069525,734.7873984171549,724.4485770539316,508.51323293050126,481.6543133348035,486.93012403918846,471.7558997386312,398.52289044780116,1007.7908112792969,1866.4502576864918,1362.6521822102864,686.6042765365108,611.0857053498299,735.5888762613934,739.7904962748866,579.5257836507162,506.7724581810736,558.5026805853074,488.83413813548725,474.0952563870338,943.5667421264649,1874.871720797631,1495.194559326172,745.1286653383315,654.2922951581401,885.514234354655,748.9837621282761,564.1047633463543,577.4936740013861,587.7979908407888,555.7295399467581,495.01775408344884,1129.8889790649414,1860.8356427592614,1478.5581463623046,753.9805306514617,650.9629839891004,786.5955782470703,732.4372443611392,571.5307829182942,648.9196012238533,636.758126634167,549.2847864761728,532.3620683436241,1000.9108193766276,2002.519611265121,1413.5685483398438,760.9626124621975,696.6318670063634,868.5142707316081,873.8803369140626,581.0764689127603,648.40976086032,671.3874854303174,608.169309416522,494.653604992282,1170.1278295084635,1733.6607821163057,1132.770284708659,662.4364977633568,641.6711912093624,798.5493638712566,874.2178412849673,667.9089320068359,654.4980506749307,758.4397598955708,614.2875759767428,517.6496424324282,1208.002665974935,1936.9940369439894,1309.754555948893,705.2363971144154,648.8287915039062,867.4818000488282,847.216862517326,615.2767395222983,696.1278509521484,678.6204511482485,598.1237264368217,501.5730348451676,1152.9892751871746,1896.4984578188007,1248.6451442464192,676.689239344443,661.5455705408897,843.4189537353516,845.2942280430947,741.6956614379882,691.8241587386593,759.4302252394153,682.0133419514171,633.9052394940776,1245.4450396321613,1838.9525150815903,1380.7261904703776,726.4869969915574,755.8267635616179,972.9987556152344,981.4628273847027,696.9573317871093,693.9259466552735,877.1990456070438,770.02370638993,623.7270756087764,1336.6575361124676,1986.5150392200103,1259.7658217773437,734.6602874952746,817.6255421890751,979.1838989664714,1006.6021215032763,772.9011490071614,832.6864175119708,954.7221240037486,778.8159800246665,708.1268694083922,1182.5605923868814,1892.0542712796116,1205.67545320638,694.980661345451,720.9959092663181,904.3418616129559,967.3271902564263,759.5094678548178,832.8387090276904
138,17.080567281476913,23.321399332795824,27.031963837531304,15.942094995180764,23.206356837672573,16.80793259302775,121.79626314409317,44.644911776819534,57.830202460289,16.637041807174683,45.15144712130229,24.26609270495753,19.541784879007647,25.45305962603668,36.37161440633958,38.935328232765194,40.58353506826585,30.686853539148967,42.72943969172816,51.86096224384922,62.800801198005686,53.13797349437591,18.085373709678652,16.580062333076235,23.913908688022246,22.449446713301935,31.012292429401032,16.597611763000486,34.66805733188506,46.741671245257066,50.19999774471407,55.3351473786754,78.82394917011261,68.06706732073138,23.416088517189024,18.27011920836664,22.30688646931802,24.88930596519574,32.075503818450436,24.822858408927914,33.435346075181045,49.80970930671692,46.97664090525719,50.44323991713985,59.53525494162242,48.05442204506166,24.603641445795695,19.68132711902742,22.074213508790542,31.6115725467945,40.962331032599174,23.95994386577606,41.509792529383006,34.73394170602163,50.604347944874924,44.49660704243568,63.125234154065446,41.605118278687996,20.194112379074095,22.492923434472857,28.24051725449101,27.966218644621335,33.95782470457015,31.413326800028482,39.668605021199866,47.02473014291128,47.453656371947254,56.364315852195986,83.02766445159912,67.89743420477836,28.520209659576416,22.040788600675523,17.08407533245702,22.94129068779828,31.892649309404437,24.23151498762767,43.58447638634713,29.25712778600057,45.42262166638528,66.63407971905124,51.183415346781416,31.18945166372484,25.58463818995158,17.72888403492589,26.188658360204386,25.5469081857639,28.421092508069933,19.982386311531066,42.28222961302727,32.84118741861979,32.119843737694524,35.678092952543686,57.63893412017823,56.7754946422577,23.03221370283762,18.53036471305355,15.669972133021204,22.503006811588268,33.925713818150186,23.039767444292703,26.517285243003595,22.178674953142803,66.67885364501707,40.89836873608251,99.21355686791738,46.429526534541964,20.878195668856304,16.48032584436478,19.04656497309285,20.653839572086714,34.03309643499313,31.78922077592214,30.228208989789408,27.134455676396687,37.96968809281626,47.9192641710466,56.67010462729136,46.54806905500351,18.440984101931257,13.968875414940621,18.58891273313953,26.855126823134025,27.304137617541897,28.084316669146222,46.60481680039437,38.32944301986694,57.9153174803334,46.29327045717547,50.953947005589804,35.33407185708323,28.0266663980484,14.192722295330418,22.271461677858905,22.98300379925761,22.778924865415018,19.795789971669514,32.99405936302677,31.246888284047447,46.98033128153894,32.76315664537491,68.59685909493764,53.92092786389012,27.603590856234234,19.525056997729884,16.39040785266507,21.100508577764916,27.779875328310073,24.523691308021547,27.32445490283351,44.764228056589765,69.88326233802304,43.87600450577274,55.9267656841278,59.350001684927165,23.56928185971578,20.271336787131524,25.623027831354456,23.65290175654031,29.74012446095867,25.16505879243215,27.977023213601882,39.13554828770956,69.8167069272072,70.20492817478795,65.42172833442689,50.88605952601279,20.03831187788645,20.40927850661739,24.89112646441306,24.222927253539925,31.657032090771583,21.553461249351503,38.7550019095021,38.018559171676635,41.37581626615217,35.21585436144183,57.41967065461476,64.46857825094654,28.062781461715694,24.454855608478674,31.996930290037586,20.229197387119818,24.18653572513211,30.848324129740398,39.981475365546444,38.70237654304505,47.940951563927435,52.35118561006361,86.45618779881795,40.19907295334723,34.96438081343969,24.366122158419703,22.833499590043097,28.955039015473982,31.04856977001313,31.06330703576405,33.365921976950865,29.771686506907145,53.89081860050078,62.54000556853509,75.77674062633517,55.1066396171816,26.153984765370687,34.92900145069245,20.640330343554098,29.083147398380227,36.40708424475885,24.172066357930504,52.07453017480911,30.08967494265238,64.84573832881065,53.59360529499669,76.4780302101771,75.34226204933658,27.4407286974589,20.579408766531174
139,28.78611766446021,53.68405960627964,419.9750713102279,556.6275159200032,248.0020247920867,190.00440078735352,127.54925086728989,91.57402607087167,78.74405185699463,65.76086753106887,51.81773610432943,38.423576145787386,54.37756878022225,78.50578317571744,338.1400666575278,721.1525512034099,253.68603427025582,192.20872940063478,126.96131425180745,102.57482499891712,81.20346058909097,74.145969361336,55.536253400166835,47.379558376189195,52.44147568856516,57.505989132491244,257.76353039403114,843.8201129659016,243.6707613151304,171.36105694580078,126.29989656017672,82.52472196271344,73.97782202402752,69.37168785587433,48.501009821573895,39.2300277426935,44.97261543273926,74.28879682954309,358.6561468136695,766.3091043192544,258.679629319714,187.11879397583007,136.4070695298718,88.76035147882278,84.55383671315512,74.68851816485005,56.76508885447184,44.36409203560121,45.114275062314924,76.85451721266573,303.70974185082224,654.8086846338907,248.3127384210402,174.25690066019695,123.32827739100301,94.92442141379078,77.13192185719808,66.28560369430049,47.064985880533854,42.86571900890719,47.22014696428853,78.61047161882148,353.48871492939617,650.6520775349935,238.61182491671653,191.56153009033204,116.15104967917166,86.09594389146373,83.26013993326822,77.96260121745448,59.12362757492066,57.97166906049174,49.97681084171419,57.035708947487066,412.66909845413704,672.7599188537598,230.42288362564577,170.6411587677002,114.9419942622031,80.93554331871772,71.0852284266154,60.19438392639161,49.10545333862305,41.30288112394272,55.829082016483426,78.68753086785378,469.693549583189,649.2877112325033,239.84907724688134,193.7726018931071,120.57623401764901,85.16186804740659,82.67959864298503,74.67235129079512,55.160973172505706,49.48525458059003,62.053268371089814,116.4468772658926,432.9869131765057,602.0036905822753,250.21753295898438,200.29553263346355,132.74113206924932,90.88724984938099,85.80412518819173,70.55474527666645,58.50009891510009,53.138838333622104,68.75847681845389,110.11779342294327,441.48066778367564,577.3038346659342,223.47707543157762,191.12331153361004,123.23398581720167,86.18471293049474,81.51711604563394,74.60814957895586,54.508502660115575,48.89814677207701,63.13527520456622,104.52988845242655,381.365961488293,607.7017461395264,199.46494093371976,156.09859411621096,114.74060648764332,75.4494699982674,75.41352467600504,78.71842643491684,61.002374849955245,48.65339958437028,69.79277872393209,100.42006538043468,405.21193248379615,557.5196611277263,218.75368364395635,159.0065607655843,107.09229078723538,66.549873370509,68.9842211558024,64.85818937486218,52.88909818267823,53.47143690293835,66.90354203008837,112.22875480623668,455.27240556040124,585.1871858520508,208.9776856945407,183.694776570638,122.644105214765,77.09973741592898,88.04367767588296,84.70308106945407,64.78904159037272,62.90771786843577,62.96835348313855,99.98389697662128,498.4682007648099,501.7325445963541,204.0579038952243,152.10657971700033,101.66506136494297,73.86287303924561,79.58825997416179,75.92726371026808,64.45663913472494,64.50571646413496,74.19059264890612,146.2119915812826,441.9632262396043,538.6316645711263,212.5482626687327,165.03650216674805,106.81793677053142,77.28616686421056,86.27581612904866,75.3398027653848,58.554313217163084,50.54750370887018,94.17342065257411,118.32067310088962,473.0839857409078,406.42003259277345,185.54599214615362,151.97500002543129,113.85959512772097,70.29269391459802,70.27633752441406,70.97480913839033,65.32077752049764,49.38408651659565,69.57319820404052,155.7211433401249,453.291192129812,429.2980175832113,187.92509043047502,178.34938389333087,99.05198353921215,67.36159124928136,62.39634381484986,80.33656896283551,63.56551441319783,57.7501300824073,84.62878675645398,133.43839542285562,481.23999570785026,432.00334639485675,172.46680323939168,147.86051252492265,107.391257693383,71.79313894333377,68.3020482635498,80.57883437987297,63.217916805267336,61.41858672111266
140,0.0,0.0,0.0,0.0,0.0,0.0,0.0,0.0,0.0,0.0,0.0,0.0,0.0,0.0,0.0,0.0,0.0,0.0,0.0,0.0,0.0,0.0,0.0,0.0,0.0,0.0,0.0,0.0,0.0,0.0,0.0,0.0,0.0,0.0,0.0,0.0,0.0,0.0,0.0,0.0,0.0,0.0,0.0,0.0,0.0,0.0,0.0,0.0,0.0,0.0,0.0,0.0,0.0,0.0,0.0,0.0,0.0,0.0,0.0,0.0,0.0,0.0,0.0,0.0,0.0,0.0,0.0,0.0,0.0,0.0,0.0,0.0,0.0,0.0,0.0,0.0,0.0,0.0,0.0,0.0,0.0,0.0,0.0,0.0,0.0,0.0,0.0,0.0,0.0,0.0,0.0,0.0,0.0,0.0,0.0,0.0,0.0,0.0,0.0,0.0,0.0,0.0,0.0,0.0,0.0,0.0,0.0,0.0,0.0,0.0,0.0,0.0,0.0,0.0,0.0,0.0,0.0,0.0,0.0,0.0,0.0,0.0,0.0,0.0,0.0,0.0,0.0,0.0,0.0,0.0,0.0,0.0,0.0,0.0,0.0,0.0,0.0,0.0,0.0,0.0,0.0,0.0,0.0,0.0,0.0,0.0,0.0,0.0,0.0,0.0,0.0,0.0,0.0,0.0,0.0,0.0,0.0,0.0,0.0,0.0,0.0,0.0,0.0,0.0,0.0,0.0,0.0,0.0,0.0,0.0,0.0,0.0,0.0,0.0,0.0,0.0,0.0,0.0,0.0,0.0,0.0,0.0,0.0,0.0,0.0,0.0,0.0,0.0,0.0,0.0,0.0,0.0,0.0,0.0,0.0,0.0,0.0,0.0,0.0,0.0,0.0,0.0,0.0,0.0,0.0,0.0,0.0,0.0,0.0,0.0,0.0,0.0,0.0,0.0,0.0,0.0
141,334.5929942469443,422.6179544721332,776.1912324474704,1279.3802856445313,1007.6911922331777,577.458137512207,444.9680097026209,421.6335802631993,472.686406656901,503.4104594569052,442.2416335042318,435.3633357878654,473.7752578046246,507.39480288500863,1083.8090832125756,1236.3107575683593,952.3197104570943,591.9994677124025,411.1668048883254,385.2814995648784,425.12443439737956,509.39840318249117,521.7709017740885,452.98553245298325,424.65270320769275,563.6228682562165,958.4276617825415,1258.7454073893227,986.4791166834679,585.8872863362631,391.8894735422442,373.36227780249817,441.24360994466144,470.35353141538553,472.21546573893227,436.23009501795616,461.2187510435043,551.4432094510083,1174.2151548520983,1390.465581298828,1010.6960289739794,647.486140991211,414.79573246125256,415.84397500315026,436.3614051310221,538.7090199525894,550.493627298991,540.6655901115171,518.9522370566091,601.9996961561683,968.2200293756301,1331.7013374430337,963.6874960622479,614.205611735026,430.9769831700479,388.76714520854335,440.88168591308596,465.6803076368762,531.3762233886719,492.40527371314266,466.2932796355217,492.9821887237098,913.2698424899194,1312.3774628906249,1031.7615670284147,586.2794511515299,428.28364056987147,364.2452538078062,439.34233836873375,528.1412184093845,616.1922008463541,559.7949941918157,536.2804845600743,506.0618035678205,1091.7477061019406,1269.4354355061848,1084.4348570202242,604.5199002278646,422.70625765892765,404.6208361422631,406.9101665649415,485.0054015522618,573.9270694580078,483.4213551379788,485.12004207488025,535.1666673835041,1191.4220636183213,1368.855805908203,987.5693006158644,606.0186597290038,439.4407791629915,358.443243742912,419.9842718912761,516.243897390058,571.2368145751955,524.3016337536227,617.8191447990172,586.8618056033281,1058.2050312657511,1273.025514729818,1125.0265522224672,614.8534694213868,441.25234871156755,374.7132840064264,436.37128837076824,503.0262605925529,554.9555844319661,576.3741339505102,509.9325995660597,645.5415180661056,1032.2169243203439,1169.1199846191407,962.0445026619203,579.303108968099,407.0268100467805,382.2117728940902,438.22455080159506,495.80959874306956,596.158276936849,563.4335472845262,492.2823424899194,565.255056167377,863.1736016451927,1304.4467319335938,1063.830729153541,586.5727353922526,440.2487195217994,371.85720171528476,391.52162050374346,491.6260178104524,566.58372845459,534.1841880946006,553.3670205393146,639.4055560731183,959.9996500126008,1269.3272895914713,1010.0090581290954,569.0303885091146,404.4112228098223,379.5806196446573,436.6515841471354,504.8416923867502,606.3214010620117,601.2305300804876,810.4068019743888,707.5668224849607,1157.0149106720953,1228.5638286132812,1009.8027624905495,596.6033996988932,418.8176963560043,395.22810468119957,490.09767964681,610.9420285329512,720.920294921875,731.1236762262159,628.244595179404,710.9739083907405,1239.8505079700099,1295.3213028564455,1103.4304387443294,616.5748841552735,431.924430797946,400.48364976452245,482.68563364664715,572.4030680207283,706.1497692871093,690.2118628717237,738.060847404234,806.8963286015553,1190.3095053002141,1321.85949210612,1067.764044622606,590.5623899129232,463.70544510379915,368.4051221293788,457.74895218912764,564.3561079062185,626.896456258138,625.4583309050529,701.7274712150328,746.0154713274575,1040.2485485642956,1257.6203462727863,996.5396742691534,554.3963659464519,424.82110467726187,400.3350507576235,457.6966452433268,559.2386861296623,721.0648535563151,683.030753272272,649.2984554561492,658.0669860990178,1076.000270228232,1257.793642618815,955.5494345388106,563.0849652099608,439.77301921229207,395.9828795599168,441.62017384847,575.4302956070438,652.5601338297527,710.3511207826676,652.1057680585308,740.3900090432755,1196.108223542244,1277.1375137939453,926.8325259104083,534.3696630249024,426.8113313539567,400.2915192044166,468.81595326741535,590.6293172922443,707.3148479817709,653.869881906817
142,212.74840220789756,242.87677268981935,329.7856811031219,355.99544921875,244.6725026776714,164.5816823323568,151.08270426104147,186.8293412239321,177.40568868001301,221.3821688252111,176.4108753967285,238.1957191221176,286.91970551521547,300.3543624201431,413.4933110095609,337.3411711527507,233.02007727838333,198.18830651855467,164.67542913621475,182.64015730334867,187.9177378438314,171.50419517270979,200.08361287434897,254.01411567934096,254.83122871645037,321.15924338843433,387.9553851810578,327.21581916300454,238.75716963245023,176.27292467244465,164.5776376047442,151.5446213556105,169.86803494262696,178.87095466859878,172.04350018310546,215.59566442674205,276.2668584122196,343.58308768587153,466.61999818863404,352.7417632141113,200.95515237131426,190.56251609293616,167.61632193288497,189.90091568485383,157.7032981160482,163.2204555191532,224.04214640299477,236.66065779162986,328.0199363265499,372.3594114196477,390.36910537227504,310.8737527872721,223.69429783974925,182.9541779378255,171.48186012514174,159.8823678687311,191.66104338582358,189.88964451451454,212.13752978515623,236.93501750330773,269.72035308837894,349.74657919033405,363.503155980264,340.22667346191406,215.25847141388925,175.77607664998374,171.06112634474232,161.86319473758823,150.3290933939616,169.7982042177262,212.2512083231608,279.8036779391381,319.7822688145791,343.1653824551587,446.9981987836284,373.91587622070307,233.92769483012535,180.39522473144532,164.60327852310672,162.8471866140058,160.26261055501303,182.88199007095827,187.988375986735,255.90518171741118,274.1737019298923,313.0960620015713,414.5951920047884,350.72748982747396,206.91701477050782,167.70804756673178,162.4507374621976,155.0182794681672,152.21255286661784,179.68254973380797,215.28968889363608,245.10630234256868,312.7752299351846,338.53290889270204,375.8442701081307,320.07612061564123,210.14142486572268,168.74849771118164,157.42557485272806,160.25046570808658,164.19870381673178,176.52507963119015,209.85563544718426,240.40753657187187,274.14308506135023,359.61950003262217,367.7145189543693,326.0825694478353,216.64044310538998,185.91165340169272,177.59914840206025,165.3440659061555,161.93672539265953,195.97286229287423,237.9783724161784,288.4554002134261,328.18352918071133,310.1870197841099,382.80829735540567,356.0290106404623,219.4325813342679,190.68434143066406,176.5283871361517,173.23513654155119,167.03037086995442,189.64357978082472,200.43120771280923,269.135742965206,311.03995204802476,396.0746376274372,407.11484377953315,359.28328961181643,233.27275667252079,201.45838004557294,180.35508557719567,198.19082377772176,195.45224182128905,177.66131552419353,242.55589985148112,288.6636485339749,402.17027622345955,368.68681361719894,429.03687558081845,337.5302025553386,232.54630173221713,206.06058829752607,183.7292277576077,176.47020200667842,192.03212820434572,232.69414247574346,254.643015431722,298.18546004756803,354.5196064019972,411.5831137802801,420.1447202030305,358.8341579996744,238.83327790291077,204.63320127360026,193.46801320722025,189.22354967671055,172.92919904581703,187.2218676462481,245.0117362874349,279.92629448675336,358.35899420953564,384.6640819609694,400.99181949738534,355.1197905476888,229.4662076396327,189.07095261637372,173.8826188807334,179.8775613993983,179.79223803710937,208.6002540046938,245.47135660807288,286.4911551887759,370.82355195076235,392.90053362578595,425.7714063090663,346.66664956665034,232.11240064067223,188.17549695841473,180.82080597908265,165.76344245172317,186.37385485839846,164.58221976987775,240.19877377319335,287.02431863107984,330.13494213473416,348.7598135406043,437.54756787700035,334.78814331054684,226.72614044189453,182.4483480122884,164.62481053506173,159.7988814520067,150.3072501525879,175.57181271460746,229.87443836466468,261.17307998165006,342.94390073714715,406.2795168590076,443.79487891412543,353.305985168457,220.29427496141003,210.85222494506834,191.62028115549396,169.45135552190965,200.91470467122397,220.90378153154924,275.16353564453124,319.1668326100995
143,397.19143506942254,361.260884802682,227.98150437878022,287.7356726837158,370.7959551165181,180.4345460510254,110.70162114789409,125.17595079483526,90.92745948791504,132.92476895240046,119.47048779805502,291.4380042537566,255.10564013819538,334.7992275876952,309.28550230703047,187.2423269297282,141.08374463481286,149.99114193979898,121.98233368904357,124.97351024996851,99.34378620910644,125.22951885100335,155.68352310180666,199.03548210636262,343.8117760590584,426.1673565418262,300.1519546607233,182.57304694620765,181.9421634895571,119.524583307902,137.03020653017103,122.78947544220955,123.13208246866861,105.37430955948369,196.00913411966957,213.4336756404754,280.1011380866266,308.70915876022116,187.7665267501339,133.02621870422362,151.33857044835244,127.68143091328939,106.46924602385491,95.56512728783393,88.33678640747068,104.95771570513325,127.78010403951009,180.0091930758568,272.75770884852255,443.7603284283342,177.29980759897538,129.2057279434204,124.8594606756395,130.74028481801352,85.97372924066359,91.01391375387867,73.69557556915284,79.84320052362258,139.44603475697835,160.1242277699132,271.94583944997487,356.4547089566386,158.6217557451802,111.40197168477376,119.08927043053411,122.37776823425293,79.5672101839127,82.88955381085796,89.22948314412436,88.44701924723964,118.63693249766031,138.73844782921574,306.37380835748485,446.85492059153296,277.17197668260144,126.89851386006671,124.85553060716197,99.75124272155762,88.87106751472719,99.26560588713615,98.18308787027995,88.66462937385805,112.85734516906739,210.73073794949437,255.52026327317762,277.18475812592527,205.08189017018967,119.57834415944417,183.97186200787945,110.80378159332277,84.5000476935602,93.77011859032416,69.807583152771,72.24732559450212,106.15210979461669,139.51611728545157,331.8757242682672,330.84957860213785,220.72407483993038,151.54358123016357,104.42819117884483,121.73798350016277,119.08306838004819,98.55820980195077,113.32356085205079,116.98553377951343,157.82397129821774,232.1379001543599,299.1580731939501,313.8286761906817,176.6597357350011,151.4609618250529,120.15149407663652,116.42198992665608,86.6490253128544,109.02493789180633,79.10047069803873,83.6985503510506,206.09049360402423,190.8782692201676,309.13550050797,322.40711670748703,249.2582367091025,129.12706027730306,125.38315097931893,126.85124861653647,91.0597573852539,103.74650841989826,77.46212002563477,90.74168376307333,171.91280087788897,188.15369863694715,243.56734332423056,365.1086143972839,223.27314765684068,135.50961220296224,134.83587756003104,101.84793119303387,90.98561176915322,103.21181731193296,76.80208819834391,108.39720807229321,174.1257732518514,194.45884067904564,310.96039993778356,478.38813405041617,211.17422423824183,175.5751798502604,152.2206694818312,116.38772541046144,97.69894992951421,122.67477814705144,81.08351999409993,89.11187268657069,116.82504543050129,241.3537360012916,302.5740473937988,526.2124008977355,230.5974561531313,124.78552470397949,167.75028097829514,173.7935873718262,97.54884513116652,89.4888025739116,76.0867440846761,82.15150815902219,144.15024646250407,229.5465034115699,234.2827981985769,346.7826282629004,263.01013217064644,124.74674157714844,108.27101325496551,93.18909737141928,98.05436109727428,77.44652467789189,68.23289467112222,79.1918170485958,131.9432746785482,190.6015649561728,353.0699196132537,413.1401958962614,206.74767158016084,155.3142444559733,113.8368877337056,106.33257404073079,76.51533488612021,83.83153747312484,74.0599299621582,59.787119839575986,109.91400698343912,187.58636981102728,391.13548016701975,605.7284659348097,256.2113506489415,151.51303681691488,124.14188601340018,130.9798585917155,96.01836621684413,129.5238262964064,124.14541331227622,108.6038802042315,171.0520086924235,152.07833602659164,273.00956754130704,518.3850953191372,251.13221262778006,126.05668618265788,106.89842805431735,121.88971767171225,101.02912802173245,77.44484131597703,73.51816007741293,81.26884748397335,100.9173896077474,166.6259337492912
144,285.67592062181046,1066.4410262244087,642.4916783978863,206.57056350708007,343.6884692776588,112.60989064534503,86.87288065264302,69.85032213272588,68.6464333597819,66.32836222494801,113.21357233683268,187.60153569867535,264.4971210307459,654.7155826119484,360.36826857536073,146.6323488591512,85.74780877144107,81.74012120819091,64.72839031834755,54.73479488003638,57.102877563476554,73.36228680026147,89.60348948160808,194.83916429088964,435.1790579125189,572.5275224986334,549.0093522594822,200.62950692749024,166.59082818800402,111.10453744506836,118.53418226672757,84.58970060779203,102.00383917236329,78.98840086413968,169.3721566772461,310.76551187822895,404.187018427695,673.0919430547631,409.6501439543693,167.0595395558675,126.04565347979144,115.01915710957844,78.74365585327148,78.02954331428774,67.81337895711263,70.74940585228704,126.13980739847821,243.82757712579547,451.1421361418694,546.6114862517184,400.45522374306955,192.21282926432292,159.15240383025136,97.16314118448892,72.3009358756773,62.84730771956905,61.902049128214514,62.3543138910109,78.59366840362547,239.17397360524825,397.45496840938443,509.41754976826934,399.8033010815036,121.96755877176922,97.79233486052483,93.64752856953939,55.79748925978138,59.615369575254384,64.07415414428712,55.58166615886073,103.99685754140219,207.37218412583871,395.9458440768334,746.8674406205727,361.271958229311,157.34426103719076,84.73956638951455,127.83338278198244,69.2204236676616,61.49119639735068,69.96224365234374,92.0292699506206,105.16922468566895,203.1205336146201,297.07667601554624,493.08410350865336,326.1628304610714,165.75969066111247,107.27334530245875,88.53800193786621,73.31882513723065,70.1514720990581,57.767290781656904,66.63885010257844,72.75472713470458,266.84008322931106,432.6779463343466,675.8980988359687,474.209119252851,230.36373431396487,134.06600282730597,115.71820128885906,84.84430055433704,67.8305314931562,75.40005197906495,93.04914645287299,148.24776578521727,253.07077622198295,423.1221621876378,622.2377574853006,402.94473862678774,226.96900602722172,141.69994181479177,108.53186664835614,76.87913941906345,74.58727351034842,68.23245761362712,64.1435683933381,132.18619310251873,155.6601429403982,541.7963612365722,563.1936504202406,460.16443923950203,168.5420482533773,142.07024292976627,104.28471376037598,102.33050776820029,72.89004228653447,71.88347020975749,82.51624907462828,145.01348757425944,327.09912044402097,419.3683020167197,709.0923372221698,474.131425909227,131.20803847757975,99.50601392192226,91.23965892028808,98.64612306902487,75.6342810895366,83.45626365915935,98.17071964633081,178.76779578908284,332.88191348660376,480.6602833655573,793.308719708485,419.57757288778976,183.71999768575034,206.05197237076294,155.99357013956708,103.21389425954513,99.72420811806957,85.22421455891927,86.28030088855374,119.05097942097981,227.49232453869234,316.26297325872605,739.462327733909,610.6414293941374,162.95776634724933,136.69943728047033,117.06616572062175,81.17206462244835,74.50232458791426,64.3368346557617,72.65751830562469,134.12809979248047,246.17375520275488,324.2367318725586,509.70631326365356,484.70708903651087,352.75870673624684,114.33008128996816,87.75040063985189,80.91917778753465,66.29761395362115,70.5222593129476,63.84206084712859,103.19678190104169,205.77870577904486,473.6119311006607,713.3386315888841,462.57552860383066,124.28949151102702,97.75582336917999,85.40636684417726,68.67334136716781,59.40666552389822,61.29831833902995,58.45266364066832,104.36999539184572,217.94539170295963,537.6711743927002,949.5197236580683,495.96644273327246,160.05207952372234,115.00720437326738,115.0679797668457,94.08814352220104,86.83732705393145,86.53956127166748,116.75793345543646,159.8822721150716,221.1694637815414,539.9976340213899,880.019422331937,441.16747488698655,237.54778036499025,140.128356707173,155.61112506612145,103.35194647512128,69.70823770338488,74.64716764322915,81.07962348691879,133.06433131917316,484.8269731287802
145,1531.6303974766888,2040.1858608790803,1846.42466765373,532.9296908569337,267.2432594545426,154.1687538655599,145.8649613903415,143.33074823194934,137.3208416748047,137.92708051127772,204.49274225870766,479.03934429537867,872.8625724644814,1654.372614180842,1437.2798828223445,403.0322547505697,190.21331788093812,143.93535677083332,131.68583613241873,126.10428478610132,122.21808792114257,124.91872137254283,182.67116942342122,485.95354953888926,1318.2263505701865,1516.822115717545,1314.3772603877899,405.65273441569013,203.48899090182397,166.94107325236,152.78624183900897,143.82392647035658,141.15666188557944,148.791615472609,299.0946133015951,687.1340040046938,1340.9037588697863,1793.8627504711433,1145.292660660282,403.89137947591144,191.50641829952116,159.60597131347657,140.54352261450984,134.72666344427293,131.12878694661458,140.07943605484502,322.85802987670894,522.3028629032258,1389.7750628268334,1759.6623883485088,1009.8963404107863,305.79076576741534,181.92920086276143,159.86820174153644,139.66350715883317,135.64001584945188,131.7887477010091,135.23949034660092,165.60843466186523,587.8616381934381,1249.7193936058784,1785.5358129694898,1212.2318665535217,300.8317547709147,177.10312893775202,154.90711645507812,133.85921977381554,129.45684854815084,126.1236345316569,130.90253331338207,204.25787463378907,494.3576423694241,1454.95029685728,2000.832319126223,1313.5868365675403,443.2524384155273,181.10387085945376,157.96214532470702,144.97339046355216,139.96843719482422,137.71714899698893,146.00968778548705,217.82970114135742,563.3720231382308,1163.85730929467,1467.6275309858654,1188.2112188031595,273.4435600179037,167.0712157120243,147.97269680786135,136.3175923698179,131.70171827746975,128.39400051879883,140.27758531139742,164.79918667602539,584.5792137785882,1364.1562216186526,1746.362157345476,1137.4393271760016,429.90427971394854,185.6336817292244,147.29464947509766,149.97205290763608,131.63604187996157,128.84608392333985,184.9247927954889,341.22271207682286,691.9056600459929,1675.8712198761973,1836.2764465324515,1191.8065561995968,440.33468997192375,211.5570989596459,160.1224966837565,147.0854193705897,142.21865759080455,138.76232146199544,140.3037292283581,224.2786250813802,532.9280058239352,1641.88264449581,1752.0154170911069,1271.4332971486738,407.1399469299316,200.1893958602413,169.60629455566405,156.28388140278477,149.1280303856634,145.31438949584958,158.686473910424,218.31402842203775,727.0133042169388,1406.7832854830835,2060.257414499668,1297.1350042330835,348.0369585876465,200.70421636766002,161.66462412516276,154.4855071233934,149.53926670197518,144.87046081542968,189.16819281793406,319.1773185119629,706.7267921300088,1574.1557116699216,2079.4428373485243,1327.7755186413183,370.2568160909017,205.60313398791897,189.15678739420574,156.91926630819998,152.6734675844254,146.58976784261068,154.4776497920867,213.95300575764978,648.9181388018208,1230.1784619731286,1820.5216069015726,1361.0058794181575,367.96718667602534,193.42859879032258,161.74626084391278,148.0614912168441,141.54746616486582,137.5810255126953,143.2216242439516,229.82649970499673,694.5944231587071,1051.0779351708195,1593.0060710113976,1171.9111501779862,521.1864178975422,177.51466524185676,157.8783607788086,145.546830808578,139.70073427261846,136.17246884155276,135.58163172568044,214.97018974812826,669.0195838583669,1630.5499898307553,2271.2424897074584,1413.2760524725145,392.33072070312505,187.92037989462577,158.95105439249673,146.0356511466734,141.40842702557964,137.90794654337566,136.97062710669735,189.46097929890954,593.5310250952937,1575.6144172520794,2241.78085124199,1552.7601308514995,349.6371570027669,203.2730521417433,174.6265862019857,164.89171293197143,158.7915673828125,154.63736503092449,235.82368302868258,376.63575090535477,542.2338001374276,1510.1598041559034,1955.0614991948169,1220.1756728239984,479.9057907511393,227.59942862233805,185.08200669352212,162.81560758529173,154.80520826770413,151.162772257487,156.32086066461375,203.94284790039063,825.8941084732548
146,19.02274244369999,30.68902760403497,24.93572956977352,11.204875785509746,11.702652295943228,12.377537558873495,27.894855017815864,23.69815758582084,31.514136810302734,9.921097978468865,6.655816957155864,9.750620668934237,14.009177693705402,50.702339687781965,20.19084504404376,14.926537513256074,17.42716665021835,20.21498449293772,27.999977708631945,24.974506822401473,24.826062755584715,13.425947340842217,9.625012535889946,10.712889612720858,17.801159144524604,29.467269780947067,24.12173646542334,14.963356341203056,22.422130843285593,29.831992283185325,31.18496760675984,31.22166546729303,39.43620343971252,16.79642264335386,18.637395200093586,20.26161255974923,25.119545260860075,22.723212825400488,24.919848704799527,12.519913223107654,14.86145025945479,29.236650316238403,26.98879028889441,21.96008639658651,22.658011374632515,12.236464739614918,19.13435183795293,19.48599900091848,18.523221593518407,25.569792478836224,31.79285797303723,13.935808714866639,12.477029385566711,18.011819186051685,20.367026839256287,14.697862314255008,16.711752393245696,11.934797921334544,11.633829290072123,10.791900020107146,13.52201570541628,32.60714536134833,24.881884464448497,10.498528299808502,15.251314943682763,22.2379151930809,15.497651517006659,21.93453777559342,28.253860054334,13.279592279311151,12.680349317391713,19.7575608411912,16.67813460903783,29.990412332612305,28.469009876866494,14.766631956259408,17.011249538544682,45.076309332211814,29.3268781985006,18.78002881403892,23.016669686635332,14.220961872377703,11.187868379592896,13.785964656337615,17.797229858213857,25.926898805325845,18.08777020931244,20.35224930270513,13.62114163168015,17.413027230898543,26.810645985603333,24.506909958470253,12.473216842651365,11.37163488634171,8.373596772829691,17.072997746006134,21.650236152141325,44.54154579476769,31.61678377766763,18.240272271315256,26.45965866104249,18.984166100184126,27.581907477994115,17.066985664982948,23.898462297916414,15.761618157048378,12.79869571908315,13.299384357467776,18.634431979271675,30.087201876411303,31.346951488064178,17.543759871800738,16.898596481354005,21.581391773223878,23.517509386924004,23.472498522112446,18.184643284479773,9.840093786485733,17.890042881329855,17.441228642771318,24.776287324659286,24.526946150575366,38.5996410119149,21.476827504793803,23.53319488571536,30.62473793077469,28.923582639540392,25.97985703083777,18.4539487452507,16.97068068965789,22.310951020399735,17.634631770503137,17.6098303679497,26.59777366325186,18.286535005877095,12.543031028429667,17.224236491264836,21.103513150374095,29.179288016749968,22.34018864970053,21.352964232126872,16.005845879585515,13.165900568008421,25.879305216112442,13.370254620121372,47.32036931603413,20.209104082199836,13.420698555787405,21.86381925859759,31.280767510890957,29.076300513667444,21.544827571991952,21.50352094300588,18.188100048649694,17.944470340569815,22.70239729081431,24.20578240994484,41.546501368425155,33.06292510770982,23.835300577640535,17.200100117498828,28.23969526592891,20.652605116444246,17.00123178835838,13.948921123504642,11.729942727396566,13.223694224357605,15.81186334533076,13.089543073408066,22.095638023937862,17.799619902180087,19.221964308420816,13.796103010023794,15.426807215690612,15.936679634740276,19.20660513231831,17.781883040269214,12.113925742026296,17.87343192863464,17.889057698095996,13.258067603726541,18.440590241889062,26.076412724218063,6.727688449382782,14.05225263203344,15.627790300369265,23.750196273711417,16.414440824600955,12.543393423080444,13.34155076580663,8.048118535995481,6.902766262023678,17.72709115128363,36.11630910992328,18.54778689169115,17.80277066103617,19.90708202377442,25.669533372720082,25.496283745765687,21.65193335871543,13.542733620961508,14.180974878957192,21.3612998696963,17.380196848069467,17.780679397890644,30.482970880305242,26.316056120011115,21.24805992444356,23.78874539298396,40.93149641434352,21.161057934914865,15.025562888114683,15.862824189027151,13.506952943186608,17.359636325359343,21.968336592182034
147,114.49922850824173,136.1251682826451,107.07494058916646,94.2007139523824,41.20747145375898,61.87311241149903,93.49007303791662,72.15297808493338,45.323144111633304,28.809138390325728,19.26640527089437,19.347201427336664,66.93010542654221,157.91423445377444,92.26999078319919,54.11789922332764,42.54782064745503,65.64392303085326,72.26524466360769,65.79361573619228,44.645122727712,27.48893738900461,19.123832865397137,17.255242906385853,92.08226795319587,194.20192136205475,130.4603065158475,85.52085430399576,36.82622214409613,78.89047353998821,79.28729253338228,72.2761390267649,47.25248034922282,28.967396177476452,20.986955899556474,36.414593398801735,103.33034277392971,150.47871120330734,88.53820059499432,42.716842384338385,57.88711240891487,76.75730932362873,72.53159313201904,57.25892233571699,41.880034818013506,25.420313940971127,18.81080704498291,44.169157581944624,92.31798671107138,87.85602493380091,57.30317966707291,65.22269395192464,40.343221118065614,65.28735608545941,63.386710249377835,58.0485543946297,41.755215663909915,24.96429545863982,18.423093972524008,28.86749946102019,80.31061827874953,99.37147661608428,84.05193400721396,50.460223395665494,50.304776122800774,65.60496831893921,71.93502363758702,66.78150186723278,41.946403079986574,24.736811529590234,17.19855511601766,29.409309205086004,44.741687109547286,124.27916529411166,66.61748517251783,24.966402376810713,44.48092779098018,109.55149223645526,68.00240357552805,57.981104727714296,44.0972418568929,25.233848230915687,18.532632134755453,25.385088200107695,51.474302150357154,77.6818075735346,98.96960155487061,42.52295992151896,43.71747795104981,65.33353677241008,60.60704938580913,62.40039479163384,32.63062935002645,19.950736775552077,15.306371295293172,36.35328956296367,75.5907520398786,130.00589052601987,115.40346398691977,51.63355774879456,59.72732345458,86.76365026474,46.35550285585465,44.748063868861045,34.09635805765787,22.736069889683876,16.61071679433187,40.14902669168288,84.71009910337386,167.88102233407534,98.26310479317942,80.87055223719278,70.07786258205292,90.67065741602579,61.483170885270646,51.21382097059681,35.32601672363281,22.27712721055554,16.612479658762616,27.440401379985197,88.88537600363455,121.90095276311112,104.153356662258,43.998176921208696,45.03880007959181,44.72425738398234,90.317464472863,53.063341912300345,32.902589955647784,20.89790306337418,19.49962263997396,30.946404902550476,69.85515714768442,143.7193947972453,66.20655191483037,68.43292509969075,33.73914884505733,70.66533996518453,75.18489337367396,55.00381330059421,32.520688120524085,21.219493905344315,16.2459067325592,68.10078130229827,73.19982900742562,177.71959129345242,84.46111232326878,55.868259364446,57.77150741392567,66.59969552485148,50.59494133856989,46.16944142864596,35.333953350067134,21.827102386720718,17.920083180745443,50.58893184538811,57.49338484979445,124.63232348186042,102.00922365127073,53.54866691207885,35.28233682201754,71.17971805445353,48.60583554298647,50.93459498866912,32.216301316579184,20.026762051736153,15.39380144627889,38.31371037513979,72.85471651754071,104.06204711845942,79.45659521656651,64.93796282450357,31.89550346559094,52.14113855107625,49.20321788049513,42.696138818802375,27.095412841796872,18.333072636512018,14.491202018737795,26.992496307742208,83.08164223640195,86.65444767796936,64.50109870479955,45.15763158798218,23.813318104897782,50.16179508972168,51.00105648963682,42.538108222715316,27.839903662363685,16.69265756853165,12.64891396077474,28.89191057143673,80.19041916324247,136.09927467038477,64.39665785697198,42.80199618975321,34.931418546861224,54.554122793197635,56.92705373271819,44.47042696429837,25.251623455047604,15.46856522406301,14.53557185427348,65.71941712533274,83.67788062864734,102.28566034709293,77.92592098728304,61.01701156044006,30.185968008964295,65.30576485888163,31.921744248174853,31.6665698254493,21.57908436266581,14.47218366807507,13.663498591105142,52.74601151558661
148,221.86688527753276,267.8596721104213,336.54383239746096,449.1696203613281,329.83699941327495,418.89549031575524,416.73108156265755,369.9900577176002,397.6570553080241,281.9095102125599,238.7045731099447,236.97716059530936,229.97250091552732,246.61297820744258,306.9540348963584,416.79638655598967,348.6752119987242,398.7945262552897,458.77575925765495,330.07323712748865,433.3200787658692,369.40151712725236,274.3598122965495,244.30784819572204,223.85769439697265,246.56385275554186,316.5600068319997,401.21920491536457,341.3586193749212,400.3575766296387,429.43945022090776,285.62524244739166,373.0156560974121,362.6520386037518,257.8620261535645,249.5083930034022,236.53451144310733,267.9746378642115,354.4827909604966,383.9237341105143,355.67533457110005,440.9177124938965,457.3831484099357,341.48052716655116,446.7818543497721,364.66781672323907,300.32062477620445,269.6217921890751,219.23508870770857,244.06155445531084,334.82379164172755,411.8725063273112,334.11089248165007,447.2158830973307,512.3707776075794,358.0378849349483,422.2936934305827,350.3730035105059,251.9437486673991,258.60758999732235,225.22761132024954,259.29256432556747,318.2112425182712,402.685517964681,345.2697536148563,417.5288123168945,442.784887242471,343.9233242207189,478.18471861775714,344.7865629528415,282.20839458211265,268.9007839079826,232.56868587370846,265.14307965884655,324.11506406722526,389.21901110839843,318.32163120392835,376.72102026367185,405.65444302466614,291.1087496357579,341.42152810668944,319.15630698911605,260.47561746215825,255.64578449864538,245.6865559928648,272.6668835791226,317.2274097467238,401.1349327392578,342.0324864442887,429.47016913859045,509.52258908179493,318.7050985028667,403.22992241414386,314.2998629859186,265.324988881429,267.8383393909086,261.1532814468876,238.59055912186946,340.36334500220516,389.9262448933919,351.7343195564516,416.4040152587892,468.05860622282955,354.01688136931386,421.62634486897787,410.0343361540764,271.7019608256022,275.2375564082976,224.25876994471395,293.16365881595704,333.8229869227256,407.0126267700195,339.40507641207785,404.1417522684733,475.5700921926192,315.42588125905684,450.57576616414383,341.98691632670744,288.8682039489746,248.01789266278666,263.8460188539567,285.2331943729946,306.37882448257943,384.94555196126305,336.8238218738187,446.86171652221685,428.51795592277284,345.69780444729713,413.45905769856773,314.5270764061712,264.8124113769531,253.0146462717364,250.7085114903604,266.7943630729638,343.17691833496093,385.12358931477866,336.0793180108839,481.6973876953125,438.94062186948725,350.434471957299,440.0675652160645,407.7262262159778,275.397442972819,268.7785257253339,248.88886435231854,268.2801243775466,328.216326569588,398.9396957804362,343.178205871582,388.8040066833496,429.5751582877867,322.4197765325731,459.7103528035482,339.70621014994964,288.9139007364909,266.1082699978736,260.14156421292216,291.12629572299903,334.10295101042715,380.10013480631505,312.17787694131175,441.60219424438475,497.3109654481949,333.27689254268523,456.9165044148763,336.7412702991117,261.48193259684246,269.1674177994267,259.92494937035343,263.34937193809475,351.868025453629,378.32849177042647,346.3230592395413,413.73907591756176,525.5224323297316,369.61236779982045,458.475148071289,332.3410394385553,252.44064840698243,256.5371939283802,264.74790424962197,286.39148416829227,365.1385948722593,387.0592136027018,324.82475638112714,460.6444882507324,510.96637693343627,354.12867374543214,470.62091593424475,390.25042480468744,269.8102254943848,291.5980401512884,255.44021685200354,291.19664056411517,334.18417996314264,347.17358492024744,324.66322998046877,458.04408163452143,446.51042831913117,346.5972040484029,377.9602395528157,409.8095386825069,259.6634852091471,259.27156440980974,270.70907496298514,283.4971524123018,333.39684572281374,345.6091010437011,367.1776114285377,475.3327120666504,527.5076614478327,365.54795823620213,422.6990879821777,406.635119806105,279.6168565063477,262.78610516948083
149,153.83986282348633,191.46297621045792,94.19549566699612,136.31766494750977,347.90257057682163,173.03433021545408,151.03694955149004,89.38653537381079,105.81100064595539,97.82296882137175,148.46181711832682,192.7503798330984,142.14449057548276,220.87856273341063,170.26802304421705,120.8388451716105,107.87472403741654,122.83545038096108,132.1306632183444,115.353268427695,100.43855945332844,109.25528278966104,161.42553860982258,144.77499258964295,199.02832470801567,192.00692804280172,123.21448328818045,130.33894871520994,149.4911256507135,102.49526692708332,130.2518885421753,127.53748402257119,147.25500882975263,113.00769127384311,177.50350903320313,170.04746315248553,124.32097344921483,140.08277322346353,103.05320495605467,86.17971053059895,102.22670388990834,126.76875265248619,112.15388535530337,93.22635316664173,92.06576363627117,101.12659091088078,117.8315098393758,126.22461060308642,150.17058396124074,114.66958221257028,85.39115609445881,99.47531159973144,114.04175695111675,103.90796759287518,84.55144319841939,73.96896579619377,69.85800603866576,71.12168040613975,102.24312182617186,126.04383648287867,162.31022237223962,121.37402071365582,83.01462179614651,53.52219210179646,103.01338652210852,130.04485860824585,73.57974944699197,91.9457998128091,106.70310902786257,87.59433658722908,92.46638561630249,141.68599681731195,185.70966852987968,257.9646719910946,106.13097338768743,75.43911836242675,78.4389353032266,113.85435984547932,104.2699461044804,110.43288117193406,122.15314879099529,106.48958695442445,118.31354635874429,149.31937674737748,145.3605592026249,162.1873639491039,109.15900414005402,73.49006702423097,142.023542357414,125.50062325795493,105.78682337114887,113.09031423014979,76.5725568517049,71.72646456441572,104.21994988886516,131.06014931955644,157.34175109124953,169.71187075906195,96.75935234931208,96.8284971631368,88.60045646544425,119.37099696095784,121.02141818877189,104.37288686936901,102.94593414306641,126.08951572295157,138.59768463897709,124.89627470939391,126.43507208301176,167.43087150498565,104.13465986928631,111.60413730367024,79.56037409013318,109.36747447204591,79.61768780492969,103.2863864135742,74.5379125595093,76.7311040053829,177.31286016337077,129.13316663926648,216.90905508472073,174.1849297776246,157.97089144306796,94.53021038309733,145.39423140741164,133.85409975179036,113.37513224940146,104.37496740771878,77.72711185709635,104.22129099445958,163.8618304087321,207.9415313868369,159.96189650997042,208.9806629978612,116.80014528582174,105.89409619903566,85.81654095557428,97.23329738489787,115.53434714655722,128.64452136870355,103.30220784632365,125.93187101425663,172.94865449269614,157.0699654831425,159.0697354815083,181.62971619864402,97.48698731699298,98.77717771911621,182.36695220455047,161.4362943649292,119.01914403361658,129.6889284072384,105.24789707692464,117.34385659494706,134.33589100646972,176.77296622245544,169.20015906549267,240.41382935077687,143.3698848305979,83.281328763326,131.91965723837578,130.9646471913656,100.48902603149415,94.00816032409668,71.50646308135985,84.2194149607997,144.3666541849772,146.88513107299804,141.45288918279832,205.33002307995199,123.81786603127757,92.87672115580241,108.51154866987659,85.29949378840129,78.56597957488029,79.70795782766034,76.2946146888733,82.82908844240251,126.50807238769531,162.0228628589261,169.15565275869062,167.7500370319254,121.9989709854126,76.64192035166423,90.70292109458677,90.78163292566936,80.80302482728035,75.87776813876243,69.87534525299073,60.378885931199605,117.62746236801146,205.30740380564043,186.09308884897536,262.80465328921235,103.738508916055,94.17466375732423,70.61706387673655,129.52824550120036,124.77957398199264,135.83010864503922,102.92484816996257,110.76840739342474,145.0246534423828,153.82697647833055,173.39382496987622,212.86738889910316,129.49945439492504,74.2259829381307,90.85306053038566,126.01105970128376,100.5868484718569,68.65604089798465,72.08311389160158,79.12042493266443,117.55883133188884,192.71943920750772
150,219.85862869754914,192.78646038600377,267.36517471805695,217.55700780232746,248.7511190599011,284.72207463582356,293.9455761324974,288.7371388096963,341.39486460367834,335.6740338725428,258.5365418497721,216.58144905336445,242.67540419055567,210.65738772613076,197.54825524114796,218.24651263427737,257.1040795307775,237.91521704101564,278.5443342048891,287.92317308979653,282.739555287679,291.4962341997701,254.00769936116535,257.7418420607044,224.2270595230595,190.6590942645895,220.11436048938376,194.8875451965332,234.91509651430192,256.21492509969073,286.68745778729834,304.7526823277627,301.60678236897786,283.74248026201803,255.17746980794269,250.2422907281691,228.97720275878905,211.84903243078975,207.74139096167778,198.80183241780597,227.30565114667337,274.41911040242513,283.1986460827243,306.2231160613029,294.0787548828125,294.68289082188755,253.7121647949219,260.73841242636405,248.06619448754094,208.38969867161342,216.01152490431264,209.2220827840169,245.6292242234753,258.8048099060058,299.7161862379504,326.1311395854335,298.44584493001304,289.81584762081025,257.9211962280273,238.77423185286983,245.98888295819683,171.43575422615842,178.78837455503404,192.1167620442708,218.5811595695249,268.2388267822265,290.27851095876383,316.2237913463962,303.44812903849277,327.3633706369708,244.12975893147782,238.49276935208226,212.2190602948589,194.3849327094919,204.3859048461914,209.17053544108072,246.048865011892,268.8226112670899,290.8347904328377,321.81017864596464,321.3206450195313,336.6667131977697,256.10057630411785,251.12094512939453,225.27896802348477,167.92427262592787,204.63824942311936,211.8391491648356,232.56907525339435,309.9054382324219,299.8943388415921,304.15730214764994,328.367200805664,308.7403102161038,245.18151566569009,254.10667097522364,264.76850056309854,200.17235828681532,201.25350010041268,187.2430443827311,238.481168222735,285.0179985249837,309.5156722825573,310.48352202384706,304.5873403320312,297.92799820438506,254.2222840474447,242.4497037333827,255.69235594718688,200.8717143715544,212.15541443855528,188.0998255513509,244.41865937263734,279.6913846638997,279.9424958752048,301.7067222250662,306.24669696044924,313.64512781943046,270.32608388264975,253.35952773555633,225.53116576163998,207.78086429351657,223.37352330361645,200.39253248087567,253.65972048851754,263.4303227233887,310.413786443895,329.27055142310354,317.1891212463379,297.88406579786727,243.6390212707519,227.1979348459551,227.50921046103198,191.7791237877155,193.88854451333322,236.27638492838543,225.0026873779297,257.00970392862956,296.6880542681294,328.8075134671119,312.92276808675126,297.88654807798326,248.87722017415368,237.8429510301159,252.02198539487773,204.6385284256583,196.02305465206024,203.28253986612958,257.04890104232294,285.63824002075194,322.7023443997291,340.1176684964088,304.1504419759114,295.8259265235163,258.81889525349936,260.16484413393084,234.19762604744201,207.48649729724002,193.60733912314137,205.63687384033204,234.27828145673197,282.74813906860356,288.5082913503339,313.6535811688823,307.75961521402996,299.7998632320281,237.74907618204753,250.65513531100365,228.7640701392389,187.0697980563159,224.08449863556893,205.0000301513672,230.52382776075797,290.3169891662598,301.52117856917846,311.74787556309855,313.66851142374674,296.63748456401214,245.1659293518066,250.3682575250441,241.21521029564641,180.88601346979002,212.9606737099924,203.00200035603842,217.4336434148973,269.55671278889974,296.6693546418221,288.46181214363344,309.1668837890625,304.84418761222594,238.7773493855794,235.70035618935862,231.88265976444367,200.97672956551236,222.62983803533743,217.54559726460775,248.23575557585687,273.04510418701176,295.4477129044071,318.89207664243634,324.0441717122396,328.4149778206118,254.99136160278323,231.00870142782887,240.488908012144,228.85840056020052,222.066943359375,219.39486149088543,247.0030928974767,291.28589956665036,296.64379304947386,316.8096813472624,329.55513783772784,316.63264824651907,240.41955256144206,257.37685233823714
151,23.318549082356114,23.2406457560403,22.510980926021453,23.80330541610718,46.579806069404846,41.81765658696493,48.998422598069716,63.253258969706884,59.81207543690999,49.17512984737273,31.973809572855636,30.378937684336016,25.842959800227995,21.113464591538378,25.413758548613515,31.341830685933434,38.94182486380301,46.910857681274415,57.61603097854122,62.548023858839464,59.61587557983398,47.70736364795315,33.56482474772135,28.492500284256476,25.055353596595022,22.101285401236247,27.222400094309165,28.6759848353068,42.60432373292984,46.40478412882486,58.21983036902643,75.21346653107673,63.65746118672689,51.27834499236077,34.84263375854492,29.149911250452845,29.219111688675422,23.379808213886957,23.1906829772457,28.731645113627117,35.80131522517051,50.743446505228675,61.25246350442209,71.84424132316344,59.33931526692709,49.67993044453283,35.918410807291664,28.906483491466894,23.51395833784534,19.85421237391204,22.855723880644767,27.58452216847737,39.22238854685138,45.152228361765545,56.45096819231587,67.02063281889885,57.74966841379802,48.967341542397776,33.12919435119629,26.996471441945722,25.158289471287883,22.71323849988101,23.4731100796115,28.189198383331295,35.496286360217674,48.91100923283895,61.96649661894768,69.06941976977933,61.55093201700846,49.9644485375189,34.69704011662801,28.84959162435224,28.716031998665102,26.00844243289215,25.169945438754176,30.654342388153076,40.33158581641413,53.91097563171386,62.34572189084945,67.31724485335812,68.99878723398845,55.77885773443406,34.60699241892497,30.598110520147507,24.751793706340173,20.656123450565808,22.181770794776178,29.562309869130456,39.674817850666656,50.50631541188558,68.74348332805019,70.99137199647964,58.132162727355954,44.23336537514964,31.56935306294759,30.952207731431525,23.334671806827668,20.579095342946168,20.87399970393027,25.883766679128012,38.962402460652015,47.22639163462321,65.8065320710213,68.15580213239116,63.20997313690185,47.56296807319887,33.34561715698242,27.87047890693911,25.25327726056499,23.76997209746262,25.128252642231605,28.7046425336202,36.48948970548568,57.49854242960612,62.6753094408589,74.02470470305411,57.372180567423506,45.991001909317504,31.64760771814982,32.97581786494101,26.98873819412724,22.59594413893563,20.555905163672662,26.5362264213562,40.64762520697809,55.62215687942505,67.65597362395256,68.50067043673606,61.18037937164306,48.00957858670142,33.539193009694415,30.350269014912264,23.49276007252355,19.63567604755533,24.642337233020413,30.91245009104411,37.69031001798568,52.353632625579834,68.82370182898737,74.36664799351846,57.503010083516436,47.336686800064584,29.184756263732915,28.670532620337703,26.191686974802327,21.22001022061691,23.141370699482582,31.597289710998535,40.99533238195604,56.99653106307984,71.22561553708968,72.61577736146987,66.31612321726482,40.86197812111148,32.30147166188558,30.642443426809002,24.27034383958386,22.728744879896418,24.531544195605864,27.374735697428388,33.86058008501607,51.14189771270752,61.97137374016546,73.43459902855658,55.91252877553304,48.34364747939571,33.53836177062988,23.444550357941658,22.538124101700323,19.231470737974043,18.163838478826705,28.540128260294598,36.17120173177411,45.93118806584677,62.417733009092274,64.95454418305428,52.613901067097984,39.758061538204075,26.24829409535726,26.125991592407228,24.597188943432222,20.827236503497716,20.91295149772398,23.927810284932455,33.37771716333205,52.78566965357462,69.07581108831589,67.97753016564154,57.99419701131185,44.396067876508155,31.535504571278892,26.14627045416063,26.483545975223667,22.592893354951457,20.07391604392759,30.896883204142256,37.46146043715938,55.58760648345947,69.09598144285141,71.75369680835355,63.62836173502603,44.13641935779202,29.116367560068767,25.9935211009364,24.56728077180924,21.74556704389638,21.141413289962276,23.71240242513021,35.5588934719947,46.38991498311361,58.46903713595483,68.45636566900438,59.388178581237796,47.58549078049198,27.350065516153972,23.809620120140817
152,60.641966985887095,56.58241004943848,53.08250469084709,51.1888309987386,199.922306577621,452.67598019917807,388.6321699819257,333.7358382686492,193.73048807779952,140.27954943256992,104.44945215861003,80.08664336665984,59.26933388494676,55.77363383138121,52.992723280383686,55.443357635498046,92.25515460106632,244.41696361796062,366.43182272141973,311.6354584035566,214.43226104736328,134.33901585732738,105.35142676289877,64.28245005453786,56.16552181120842,52.76304000798117,50.893615210748486,49.817211853027345,98.04291530486077,291.54501278686524,323.29315352901335,334.7186732286023,199.90616511027014,132.33814327609156,84.17082223002117,60.3866902406754,54.65165312736266,51.188654706231475,48.131724917504094,50.463950775146486,98.92267272949218,273.73179500834146,339.49004273445377,326.6310467233966,198.7731719970703,118.57647813366307,84.9205420481364,62.297518610800466,56.96918984197801,53.31930129328384,50.15586398216986,51.04579162597656,73.78845306396485,273.09903797912597,401.3222208675262,313.2857251468781,210.75683901977536,127.37696688252113,69.26361032613119,60.66995675856068,53.74650919268208,50.35763013435702,47.38994345880324,45.402558563232425,65.12591936172979,289.07526051330564,342.4990100048434,313.1518345691312,192.84996739705406,122.20583204207882,77.533724029541,57.96637896630072,55.73194683444116,52.31828516184991,49.190090307420306,46.8276437733968,71.79964278682586,282.20946375020344,404.2823481405935,324.526118616904,233.60047281901043,126.47638921922253,79.31051858520507,62.244281818020724,54.539380389798076,51.08156544295438,48.0910086158014,56.153749008178714,57.648684692382815,230.5814319458008,347.9068262900076,324.80878173828125,223.6569703470866,117.44399967808877,81.10085389709472,60.16643047209709,54.84968242522209,51.45660406723398,49.121577123826555,50.347655466715494,82.58468518657068,240.5638208211263,332.9669379744991,363.38525385702803,216.27071683756512,124.16232025146485,87.659709081014,60.06911140688004,58.12778415310767,54.27783072504504,51.362268558625246,50.5579274190267,66.23188127087009,301.14124175008135,419.2365149122669,333.29701681321666,203.0609414164225,137.41465185842208,95.61823109436035,63.54665664672852,57.96122735792591,54.67996403360602,51.22011414066437,51.48222566731771,107.81467563259987,287.0914096577962,376.19220479657577,318.9740007609706,256.8055886230469,123.82659804313414,88.66502137247721,62.96013719620244,59.81166771673387,56.02075952558096,52.67428111414755,49.72985499064127,85.16007728330551,327.4369283243815,363.9670988119802,348.61163041637786,218.26896966552735,144.86676317276493,81.40472550455729,65.65059681553996,55.71194949242376,52.27050420413464,49.48725370837796,53.749928639729816,66.38806817331621,260.5130923461914,358.7751724587717,348.63594689153854,231.37628559366863,119.04973894673007,81.59460932922363,60.11346944009104,58.90282944710024,55.16970256034964,51.80888442500945,51.638778661092125,75.13167846187469,305.1314113922119,364.1340804659936,366.481440626575,249.29155126953123,135.04726408435454,98.04565479024252,65.06282941264492,56.49998355496315,52.99549739010816,49.83387376354587,49.755400095621745,82.26172734906596,261.00260947163895,345.4081166273548,365.12247591080205,232.9155791422526,129.5556648057507,76.78063393147787,63.095235792590714,58.95491874940933,55.320261669252886,52.541588951849164,54.34341848754882,87.04404435188539,246.12569983927406,414.1842854013751,352.11633762482677,249.71517426554365,144.53632498464276,78.12058200073243,63.15431295579479,58.16584042456842,54.49029151634629,51.7785012718939,54.29614026387533,80.71241602251607,301.6026958618164,379.2878324397917,381.39147495392825,240.54300324503583,147.13912198958857,91.80356037902831,66.27817675682806,61.497940442485195,57.81871958088992,54.56393635411416,56.0883244527181,72.9730251238423,327.6224884796143,408.1933393416866,384.84897528863723,250.4631331583659,136.65099984938098,93.65278813171388,65.85599237257433
153,37.015468462051885,34.98365482602801,35.8277084350586,76.32145173390707,163.30942927945046,137.18746676127117,140.51633497668848,163.8770713067824,221.75673652648925,308.422977816674,93.43845334370931,70.76239990726593,45.07370999490061,39.85217045666549,36.59581816888625,45.68794935099284,89.98969634394493,97.53629158655801,146.86995723109092,196.30097541070757,303.42230808512375,226.62782718781506,102.0782856089274,58.09943962343277,40.33725271901777,38.782641844725966,35.20719605230516,46.40673627471924,125.11007004276398,108.91702595011392,121.82650575699344,179.6335355008033,303.57722748819987,208.0297583500031,79.21017348734537,52.20601698106335,38.732212135561056,35.73757037270833,29.161500824959052,35.78371819814046,74.8695994149485,95.95195185597738,121.85668849083683,171.36667404667025,253.46284990946452,172.86781900221303,76.97596279907228,47.80455820391255,41.8464634113927,35.9603060312694,37.568717803955074,43.90406489562989,72.71885293775989,127.04321604410806,125.43177946029171,198.20110314646075,300.7851960906982,206.83943273728892,83.23129964192708,53.80727310180664,37.53514769523374,36.26501285731499,30.965124900571766,35.339299217224124,71.2101511136947,106.96422450510661,140.75539411483274,150.76065817802183,281.49652793884275,191.26773411904614,76.70672653198241,48.46452555994834,42.616114804667816,38.16831831326038,38.163286430605,41.98533491516113,113.1479465927616,136.89433013153078,139.5310441269413,184.05686629264588,297.2197956136067,240.98196464784684,93.31505875651041,55.29186049184491,39.300815651186056,34.59384929271754,31.4191215392082,36.54903633880615,53.718807139242855,99.16178712717691,139.4327394989998,202.89069529379566,294.5034098561605,208.92341465119392,77.3386270904541,50.51624749460528,41.51924549964167,40.98808377092108,36.35294168041598,37.642479586283365,64.05435697494015,80.20515514882405,140.87840565343058,194.56821045906312,315.312929590861,261.13441043976815,86.93837162780763,55.61566374501874,42.061913575203185,37.09556844410638,36.07610974219538,37.59506413014729,73.6135376764113,129.58859986368816,127.10118511569117,193.7774215304467,291.4170659535726,221.10812107209236,103.82656768544516,54.38890648134293,38.04635314941406,38.3130487230611,36.748415497810605,46.41547073109945,73.45009293586978,97.44744537607829,124.27244260726437,156.91871436334424,335.6877052459717,207.0917340924663,83.34682523091635,53.88116038906959,43.047677570466064,40.23627216846484,39.08804757148988,42.7313823038737,81.67062147571194,129.35896240743,142.50964938748265,195.62832992307602,290.83202196757,205.11037845734626,98.20026108296713,55.9102079871393,40.34548892851799,37.819786460012054,34.42591071344191,40.13561720911662,67.22206831655195,89.01234934997558,134.5652954323061,175.46085782451013,296.242145904541,239.7415448884041,88.5059434153239,52.603811549525105,43.16716605401808,37.111800734139436,37.80667305731004,45.800417518615724,81.07033297877157,129.23855825805666,118.67215928354571,185.00298856919812,323.023514541626,252.20547782159625,96.69250109354655,54.11132796995101,42.35356450480799,38.18524255254586,38.660358035179875,40.39665385945638,58.876740535613024,109.52112848917643,175.5484510754001,181.62474147919687,342.78854843648276,259.79681633241717,93.50222431437174,56.8625217093191,40.59567779294907,37.75250758607986,35.03716378734958,45.758022010803224,82.54411547260901,96.18011146291096,166.36400460766208,198.727812603366,301.13301380920404,215.2400056703629,91.469097269694,53.569478767148915,42.49162334565193,37.03504981853692,42.466578273157914,41.53520095062256,56.47229544854933,93.78466102600098,164.64214831198416,199.0659536300167,325.2525425567627,282.7308059692383,100.20753879292808,55.527469733453565,43.29770628898375,37.732101640278486,38.067215659849104,33.39404300816854,58.302844118918145,103.88181804275514,167.83758401316982,215.7498283509285,379.57153996276855,275.1610171951786,102.63883382670085,56.643911127890306
154,1257.8237899288056,1588.3348314557757,1769.9735304309477,1813.417959798177,1590.263695107737,1802.7843098958335,2111.4728870022677,1578.9871790732107,1765.4356058756512,1604.481581952495,1106.4821936035157,1271.0753236832156,1568.76156234249,1820.2343782532037,1861.6239713804182,1883.3563233235677,1631.2876965725807,1537.6030532226564,1344.4669828550277,1247.868156698904,1293.959936686198,1356.21337874874,1161.073837849935,1379.7300880087575,1542.2454831621721,1592.5297272901112,1720.040562468498,1650.3408852539062,1594.9321561554939,1457.219560180664,1405.092755875126,1269.821747889365,1432.064479288737,1255.5746139427924,1132.2222082926432,1356.3510290133568,1539.1632372259326,1709.6049973000213,2056.6576708984376,1962.0335183105467,1579.81115171371,1647.8914169921875,1533.0128990124117,1314.2274970466858,1447.410022705078,1435.7146641491304,1086.2168397216797,1286.6820619250882,1550.179550229965,1655.7217412758814,1903.6503151776712,1734.8805673014322,1510.773783077117,1276.9098087565103,1234.3937526382938,1156.777157454952,1151.0972306315107,1211.526262797694,995.7204801432292,1210.7558748109882,1634.3392904170864,1709.917211099258,2021.764446352067,1994.2597249348958,1639.6487296024447,1433.2932063802084,1227.341160534274,1401.7034649461316,1368.0092707112628,1479.598269121724,1226.9359937337238,1418.903579810358,1547.7481619361138,1737.7419008662787,1984.1144993542086,1894.84839070638,1716.333213205645,1548.4460554199218,1481.9146263073337,1463.4110994203627,1514.9289993082682,1521.7191627551663,1346.6875684000652,1562.5233928852697,1542.3707195060483,1796.4139824838123,2089.544794449345,1905.2931458333337,1622.5894986454134,1482.6641185709636,1407.1029369329638,1288.8609829022807,1312.9685963541665,1304.0810094033518,1275.099204711914,1366.834361611643,1557.9800945454258,1681.4179400995563,1881.313929876512,2040.7133829752602,1845.7040381646925,1693.2793168945311,1670.2964750031501,1433.7701100601687,1477.9931702473957,1519.209412408644,1340.0567403971352,1506.2695924032887,1691.06880382907,1843.6464242057614,2050.434526760963,2023.9739697265627,1792.9858922158521,1728.9420886230469,1396.333703455771,1277.7380550655241,1278.4618962402342,1185.805124826739,1192.5678110351564,1374.33699679467,1639.5236700242567,1635.4088181879954,2036.9356350806452,1987.1749426269532,1812.7418770476313,1668.3487218424482,1509.0541886655747,1473.167169937626,1442.6161704101564,1422.3226431372857,1111.0275453694662,1459.2959618353075,1752.4556754426035,1937.294043627208,2092.6535188539565,2220.424349202474,2129.551798607611,1636.1006048990882,1448.8428493179813,1523.0434952668222,1579.3980865478516,1544.6400939153857,1355.3874866536457,1550.5080554592994,1576.9961435231858,1694.2578748189994,1961.7283624464465,1953.0800401204428,1859.6941816563758,1608.0994527994794,1534.047295079385,1392.9823637537802,1488.6606127522787,1412.319567201676,1320.3814670003255,1515.921989549206,1779.087104885963,1833.4258987411727,2062.27148469002,2062.838046875,1814.182498188634,1595.2099654134115,1527.5532924725933,1341.8350423308343,1350.4300348307293,1309.3835592552923,1306.100046508789,1498.067157691217,1745.3010888671877,1892.7649293495517,2177.423388356855,2262.6549353027344,2106.872121030746,1752.8777614339192,1455.7487158990673,1424.8835647287676,1375.0084505208333,1414.8675737540955,1353.1564364827475,1610.213357169859,1672.1426938161542,1864.037463923111,2160.0788215095763,2237.9192386067707,1972.1525685956399,1557.8744746907553,1444.735796922253,1244.5946212276335,1313.4072066243489,1304.1301989352319,1174.7494833577473,1500.797322171119,1912.1853381741432,2006.1622635113195,2304.0000535534273,2285.101594807943,2179.041040826613,1795.5875071614585,1791.8305653036794,1672.1464044780118,1624.192751098633,1775.8091231413812,1468.1986335042318,1642.4757979460687,1711.2728324250252,1835.3183474145146,2140.784075415827,2371.1974744466143,2011.971840032762,1613.3303118489584,1464.7359980232486,1317.818643641318,1336.9422705891927,1320.5664092820691,1379.218224568685,1671.944807325794
155,198.74666196761592,178.17290878295898,160.87070115612397,175.9492985026042,595.4091022614509,1619.8048552449545,1664.999496558405,1525.3792275705648,1085.5024908447265,902.828209267893,396.5306576538086,311.59146748204387,208.97082805018272,186.2337234775186,189.53743278257312,207.01896142578124,395.8556200482768,1013.9570886433921,1626.7758453566025,1575.4955338804182,1379.1073227945963,766.3221770255798,425.70791800944005,242.66429140152468,191.73867100869452,177.37234924316408,170.43443933302356,196.8917789306641,384.9257146330803,1098.7994288330078,1461.5053522712954,1542.4321698588708,1209.2238090820313,719.5028622141192,330.2477989908854,218.63973020492062,190.8540271980532,170.61621918701772,163.87276295323525,189.6661094563802,360.6979158364573,1022.7454595336912,1501.8478702668222,1640.7437772886212,1170.2916193440756,650.6064392286731,319.0498737182617,223.50255432128907,194.13889408234627,173.36522808958156,169.23733766617315,189.8414976908366,341.4188422713741,1051.1331046447754,1554.0626697564896,1555.628179577243,1274.639746866862,703.1477861958165,291.6149370117188,223.01518863801033,184.2993840174521,166.87048377351806,161.32234394688763,170.48062141927082,294.9558983981225,946.7773655293782,1491.5943649587323,1601.5954990706905,1283.3748473714193,655.2319687184979,310.95934220377603,211.32043002220888,191.09607116699217,174.8329146699952,169.447094273721,184.37065117390952,352.9964919945502,1130.5402454427083,1571.5548397334928,1559.2000706038937,1376.564311319987,711.8134048166582,310.5948958536784,226.3804205125378,184.89391829952115,168.72652807602154,158.5814142042591,183.09185677083332,236.10218215450163,923.6485249430337,1502.587948824975,1621.8307366352697,1371.889711344401,650.3083802647745,310.6192801717122,217.78449624338455,183.66419010285404,169.70450189900515,174.09391783683526,186.28658286539712,358.96634664227884,964.1432171223958,1578.348600404801,1673.5723774571572,1212.719160522461,710.2941367266255,342.4989737141927,216.40211746708042,200.75487312563,179.7923870834576,172.71029741840977,184.34994151814777,339.14809119439894,1169.5585364278159,1776.618737438571,1648.6115582866053,1269.5285390625,771.841961492723,404.3989258829753,231.5803273847026,192.73458043252268,179.05782970560006,170.98810964276714,193.1621618347168,437.87413668724804,1116.5464774373372,1644.8304766845704,1607.8049652690272,1423.3311894531248,678.4239378898375,342.4530463663737,229.6662864045174,202.48763425765497,182.02882375933268,176.61589507072202,191.78174740600585,332.192592862037,1207.906612874349,1693.765757702243,1619.7195199486516,1398.674175008138,738.782080491589,343.78643528238933,240.0341506465789,192.4275827715474,173.45851716290554,169.566404281124,196.04406406656904,323.33548469789565,1040.95856741333,1535.436000031502,1639.1454982043847,1351.0955055745442,763.1147157139933,336.9201532389323,220.46561005623107,199.7990883907195,181.1917622285289,177.60430163967993,220.53893409220376,384.706009925104,1120.2489104003907,1574.8074760584677,1628.8814020366053,1433.2078904215496,799.3486069217804,366.44282348632817,233.23867925828503,193.32399805868826,176.74758702621085,168.17658973939956,195.70807485961916,314.47487198368196,1062.4013078613282,1668.9588033959176,1681.3581899335306,1476.428559733073,804.891857358871,326.54436680094403,233.9122636955015,200.12207560877647,185.77247464034357,183.11850560342108,212.76417104085286,389.5073718458606,1108.7862848103841,1818.827325045678,1753.4009493526332,1424.8642503662109,801.1160810507497,312.7099250895182,231.82781620148688,201.54664696478076,186.046815494481,193.3039473010648,237.75507088216145,347.91724531604393,1096.742813680013,1786.6329491793724,1748.3272875976559,1500.6634143066406,860.2332225184288,371.50926977539064,239.4639157202936,213.415057609312,198.11967640317718,190.91693825998613,225.9026798604329,409.5991958618164,1177.7983507283527,1800.8825541440904,1938.300284108808,1550.0190332438153,882.0292638569493,375.3066395670573,246.49200943485386
156,391.45275071667095,398.02538364955365,317.7486373409148,302.30009272257485,196.2896727531187,183.48294611612954,151.5496891883112,156.32559588032387,212.3347910054525,263.2975524164015,302.2580470784505,388.8881271854524,410.52991017987654,435.5699079102013,373.2026724341608,285.03423587036133,239.69553637104656,122.55301233418781,86.05043364001858,73.4912347559775,78.05751871744793,128.06187187440932,228.1263999379476,357.1707554085024,433.3661713335591,477.8410889769305,343.4279865289503,247.54508968098963,224.17613347207347,144.97317628479001,103.31301406860351,82.10023743660221,90.60978361002604,152.60800986505325,283.04499804687504,398.2115368357012,446.24368458409464,384.34479668264913,316.4659852206322,289.5654265034994,182.0408840450164,126.29475247192381,92.88846476401052,72.44510033392137,88.21305686950684,111.05606293216829,254.4493217417399,328.04563617829353,415.176642593876,396.75892981392997,340.46308781777657,284.6659449157715,176.4723456302766,99.87259143066406,73.41429763793947,57.15837297993322,69.1638548634847,103.61977665562783,225.73798027801513,290.1794038243448,422.5052577160251,387.4811686052595,333.0171854622134,232.01619919840496,196.76514036609282,99.36729635111492,73.88145970006141,63.412697416736236,76.91346279652915,144.07322047079762,237.81629561360677,339.12294082149384,435.7578783244471,395.40408448731375,347.47094269783264,248.55916621907554,201.42748428344723,134.2124477030436,91.94409587244834,76.0898320647209,77.56850546264647,130.2520199634183,265.61330848439536,350.3775636094616,389.3274738188713,452.2675512473571,374.17074114399577,246.6216614532471,168.80887470860637,92.22231930033365,86.51755974062027,62.85786367600964,76.94535340372722,117.74830246956117,175.12433778635662,301.6795101879489,417.52785027288627,425.57426927049755,324.60315214095573,255.68996615600585,205.26670617872668,136.32585257466636,120.40679224814139,72.3154824115384,91.65629372151695,147.71969250340618,253.07108085378013,351.8134461138325,448.3881633340159,490.16625313857503,355.7131145058908,290.10752233886717,201.87337038101685,130.2537905476888,90.03948371641097,72.74087341800814,64.685148244222,111.65409711284022,250.6371936747233,357.00880745180194,437.4489238665181,431.35057979828036,429.65982594151654,268.37348872884115,216.46978766164472,136.1955375620524,102.69720956617785,75.05249224262852,90.55203439839681,131.25184295654296,244.02279099527996,361.7628375194919,488.58032291535403,467.38851783564525,404.24011520877957,285.1625388183594,212.8490132141113,109.84524958801269,95.83361549623551,71.0159040143413,81.7659788157145,140.57571546493037,259.5035479634603,370.0040066036101,491.062537093624,446.276991620745,357.37998530234063,291.6097007446289,230.64996251260078,161.9614441426595,104.77264518983903,79.28008910640594,74.54037137858072,139.18814705141128,270.9000817769369,396.07194946289064,462.5068245672411,434.9875242840246,368.551599800356,286.4632484232585,210.69670372747606,99.93284430948893,86.60753849644814,71.66937324277816,64.36958009847005,91.15583838185957,213.21562162272136,312.9454472449518,498.5576901638892,462.40514697671523,326.5365846892326,282.2876028645833,223.08092949651905,102.03651318359374,74.41519418531848,69.29500130930253,74.88124569193522,93.06612964260964,189.6599137573242,306.31895570324315,474.9462650520571,469.5590882798368,346.9446357874716,293.6373032684326,196.1871999285298,103.04334704081218,74.24983329034622,61.243886610461814,51.866757830301914,85.18404920516477,186.0709390385946,345.5864831001528,476.62616226688516,465.4304159681198,383.64079798544606,285.55457088216144,188.7861597418016,125.00325207519532,95.82835026402627,67.98518140239102,77.68896215820314,158.7792182085591,301.6429483464559,390.4987018757481,517.1025492219002,465.8070148967875,369.8306434582126,300.83786424763997,181.03030233567762,105.19312832641603,78.23160307853453,62.07761828022619,58.09237605285644,89.09786142902989,197.92702699534098,384.7333550336284
157,1324.7143598002772,1447.850064086914,1500.9108292118194,1494.6181868489582,1144.8591596049646,1020.5432507324218,1066.3172599546372,1087.1820729901713,1121.1092114257813,1124.6108756772933,1298.1991467285156,1517.107394704511,1496.2398524918094,1392.0598579053456,1325.7081531155493,1308.744879313151,1258.7891112493699,1132.419533935547,1101.1885929624495,1069.7575931672127,1100.9234622395832,1138.8114750031502,1284.56587890625,1469.0247454637097,1556.6048635175152,1390.862392911864,1366.8499817288307,1392.7199365234376,1278.430640672253,1227.6473864746092,1112.4090287928425,1072.2744059507309,1136.2658858235677,1189.3168242817542,1318.2770758463541,1472.3786992817543,1433.6929641822076,1310.1467805217876,1330.1494086284024,1468.5011763509115,1325.6170052608365,1194.2996463216145,1051.8714770507813,1011.1653921213456,1108.5315722656248,1166.4313103263607,1265.0309969889324,1398.896172268775,1375.295095293599,1248.6360612059345,1178.026234564012,1298.550231689453,1232.7856089339716,1089.5934558105469,978.867388797883,1014.8672846049647,981.3888033854167,1000.9137949691279,1191.6174862467449,1350.5865986485637,1415.0981860351562,1328.3802886060892,1331.1695162077874,1288.4979553222659,1338.5411029643396,1142.3121697591146,974.3679813508064,999.4280692414316,1077.7515632324219,1062.105945060484,1291.548866780599,1482.8428117124495,1486.203316611013,1380.2306469215432,1337.6436515561995,1387.6536610514322,1321.330615706905,1122.9190873209634,1042.3722686964466,1096.304913920741,1122.340416422526,1180.9916851215978,1331.3824674479165,1434.2369984879033,1455.5310031029483,1323.5600411310807,1243.6615143806703,1396.4884864908854,1301.7906959582913,1090.802622314453,1046.7695064421623,1044.0616527532763,1063.806055826823,1115.1230232484882,1261.543059082031,1474.5486372227822,1649.6584856980844,1363.084058404932,1364.1861305286038,1348.6544102376301,1339.5793378276207,1173.1759335123695,1135.1316155021423,1151.8890584047379,1171.2814168294271,1177.2097335716985,1379.1809294433594,1590.1441907919605,1549.6752869046118,1365.7166033755148,1338.9872985446068,1433.2899128417969,1392.226371282762,1278.1866788736982,1055.183741966986,1051.6347792496222,1099.325048828125,1157.4514269625756,1398.428352783203,1484.2092589150704,1640.6945500724546,1423.0375468226841,1388.13188468687,1411.2225407714845,1354.4600992313508,1187.0006586914062,1063.7243649193547,1176.133731965096,1220.7352124023437,1297.7046769468247,1390.860703450521,1551.2413183593749,1671.531450352823,1496.3759429450577,1405.991191642515,1412.9230301920575,1413.670708952873,1193.0700182291669,1223.254541173135,1154.920556325605,1180.7068268229166,1232.2625931672126,1432.969263671875,1633.200753449471,1647.6371760017641,1343.520572470679,1295.0974447139617,1404.0534224446615,1362.8093748424901,1204.5309501139322,1111.10902327999,1183.20264656313,1144.8904915364587,1257.4434497857862,1437.922359700521,1612.2959932585686,1622.8066188886091,1406.9206102523428,1382.1216044764365,1485.9743585611977,1395.8757437626007,1131.41396484375,1061.9067738785284,1011.2141121156753,1055.2853735351562,1097.1443463331652,1332.9220341796874,1483.6420507812497,1550.7722492439516,1327.9210565937212,1277.2984784526209,1365.2549645996094,1332.3422160093246,1179.1451069335938,1035.8688602570564,1038.2621337890625,1074.6512210286458,1120.7141283392139,1363.803288004557,1635.225939468876,1547.5211751039565,1453.3307014713382,1336.110060483871,1475.8167559407552,1346.8887736265121,1122.9040502929688,1022.980837796119,1022.3130338804183,1050.8280607910156,1127.0980897964969,1296.2764145507813,1601.3152998991936,1790.887954495338,1327.6935433433796,1380.843882465978,1366.8877611490886,1356.6226738123742,1189.6319142252603,1148.4541068390877,1095.658054750504,1141.0548573404947,1205.4283761498234,1413.092755126953,1615.499628827495,1745.8740769909277,1481.833784570553,1417.3404380355344,1516.2899788411457,1381.9446708039316,1251.4773076171875,1066.425590111517,1069.300568453881,1135.2342263997396,1104.7664251512094,1436.7031194661458,1645.2258673292588
158,55.91992829845797,53.974014091491696,55.405594265845515,80.64830457051595,180.41104443457817,242.5319142659505,239.64511275752898,259.5722109394689,261.46850616455083,265.4353859686083,75.61491152445475,66.34987399193548,61.15173158214939,57.82541132941035,57.40126296504851,75.34002402242024,138.7863408045615,219.86138355000816,236.14439912857551,314.55297957881805,380.50357679239914,186.49126320131364,94.20004555257161,66.09754059330109,56.44966259864069,55.74300263071295,60.53280843919324,75.47055506388345,167.7736539729949,190.75359478251139,237.9982501171481,327.1477863484044,368.0235102742513,193.77843886836882,74.05815155537923,61.526315573415445,57.08352849160472,54.16738928226415,51.599785422048264,59.4599033610026,130.5994238822691,200.96587897745772,237.3877727976153,301.3625060198384,312.3040457661947,157.47667950537897,77.41144400024413,58.923555386450985,56.13954274823588,53.20817023404127,63.45738556400422,65.47161207580567,111.29104888423797,212.30881580098472,209.16154270295175,306.85357236800655,355.57730503336586,170.93085270051034,71.90759220886231,60.799813463764806,53.455091729933216,53.29862383424355,52.34075054537866,61.51473206075032,102.68868767030776,200.13111752827962,289.1922912942209,272.41798174458165,328.88831421915694,166.4612009799096,76.13498795064291,57.334098077589466,55.50873570103799,54.2994876671777,58.6582637368479,61.001173385620106,142.9060101958244,216.49903877766928,243.18260813559255,295.66357776272685,372.5055398050944,201.75181076049802,77.52375297546386,60.69335723384735,53.791268842143396,50.71995523819195,51.51491076561712,63.765354949951174,94.67850369853359,184.04170537821452,255.86623320548765,306.38846751059253,332.9902139790853,168.21370603007654,72.1103000386556,57.585018118581466,55.46802499586537,59.89774351843472,53.95491138089087,65.24027402242025,99.3200974101405,162.59995664469403,242.98025390132779,290.08077224239224,362.2012546488444,217.3355107264365,78.11565732320149,59.686680972191596,54.583675227011405,52.4603516801355,59.314095759237965,57.86171397908529,113.9882341446415,231.95831548055017,242.03777023315428,304.4445601875551,338.5336572570801,193.51856511762065,84.19840962219237,59.48587392499369,51.81576448009859,51.8785055912187,53.262387045583424,70.52496558125814,121.47795398342994,161.25097363281253,256.6609198933263,257.1803409502583,403.2242787780762,168.68464187622072,76.04859804789226,57.54045028194305,55.77640208090505,53.533629584852704,64.17821440173734,68.49363930257161,118.7205225495369,235.5883206888835,253.3548624247889,299.1358734573856,336.8563689778646,185.2671374364053,80.79744465637206,61.56863332932994,53.65331599081717,51.68448733475408,55.885107490785664,61.55052848307291,106.18847598168159,169.84806700134277,244.17803921607228,268.4124170020319,348.80971477254235,199.1502601623535,73.00756788126628,57.6629984455724,53.797712776430195,51.5362310539208,54.841553231516194,63.22160203043619,101.59142068678332,217.22398620605472,229.7307597990959,279.2205982232863,374.82184077962233,205.44467918149888,83.82747968037923,58.20319527410692,55.97490956952495,53.15954517214169,56.08822751691264,64.43000036621093,98.25260155708558,194.25091028594971,316.93587523921843,321.28657893519244,393.825818069458,218.89086348995085,80.90097315979003,61.64773375972625,53.6810440358808,54.35075819889313,51.792249455605784,64.12622674560546,114.62789282029674,170.90346852111819,277.1203392373361,302.00159467635615,349.71126556396484,169.37637423607606,84.75084573364258,60.87596508887507,53.629837577573724,50.05952181059739,56.11327633765436,59.686669148763016,108.55908672701928,189.29522748819986,311.84767197147494,289.09569579585906,361.8089953867595,223.5598773537913,79.89912390645345,57.713794526130926,54.75167126563288,52.23016116438241,54.6097534967238,55.296986511230465,83.36366426529423,185.47536569722496,269.0767967568674,337.3000144564721,399.44796783447265,248.98628146263863,79.4366990407308,59.433213860296426
159,18.618525514295023,24.78331175872258,50.169271376825144,32.75728880564372,28.955461628206315,96.66381999333699,282.81230241713985,205.111799879997,212.55817703882855,13.901863335024927,11.443888187408447,14.617929150981288,16.61321816844325,29.359561975577783,33.61456599204771,41.10759038861592,43.99129685924899,75.11371064631143,219.99060408007713,242.8030732296359,143.39591130129497,51.493168694896085,19.328275328318277,14.546715521658621,16.504773958267705,32.529338393587196,33.84245040278281,39.31173041979472,33.43015850682412,107.57508239428202,240.37632996343797,144.15905926858227,100.30539347203572,28.034669021483392,17.020980873743696,11.989354487388365,16.562562607795964,36.196003956395415,36.033266592948664,40.965507548014315,53.30739654602543,99.43313709131877,218.17169771440567,219.16332842180805,139.8826733379364,38.01389290471231,19.185036249160763,14.791620874097271,15.267826866026846,27.08731590804208,33.74666361162739,37.35424318758646,50.547267923662744,95.2867058544159,228.32360128956458,242.42563832621423,142.67972016143798,37.27983956306211,15.308695662180583,16.45722691197549,14.202851176108084,35.4855425603519,28.449016172962803,27.262876066207884,53.01639301546159,70.93340940030416,196.14179610898418,228.58694332061276,131.078829840978,25.807625548455025,16.273060477574667,13.181563205103723,17.92413782304333,32.39248599696042,39.37492629881828,36.58063372548421,47.155787146783645,97.89746529134115,246.884134673457,225.81847777274348,117.29524770291646,38.69704912370251,16.69635208829244,13.71211603841474,21.191276691805932,29.620340923440864,37.95933100669614,46.112765149434395,50.18944405463434,97.90925404103596,251.06912843765753,179.63060886044659,111.27093979708354,29.975985265547234,20.397788361231484,15.146476055883593,20.480582982340163,23.013083386984952,45.263831780341356,55.44606534322103,53.80420206193001,109.41610380236307,230.0680201954995,234.10157405730214,106.18914163335164,47.374129476854876,20.02336213493347,19.345155911599438,16.919847344429265,31.595317577258704,32.648531001921626,35.36788605181376,39.41744358062745,90.7598974393209,180.202724939777,186.21580320235222,135.04704711977638,33.410103073735385,16.596127016067506,12.434427959688247,22.425685068561183,32.28688134073624,32.28187202145976,39.49653225835165,41.05023757442351,83.64455576705932,192.07545887916322,268.6569304207833,99.20966047286988,18.077396186090287,15.299118410746255,13.870327844312111,14.389366939298565,30.47803242991123,36.61871642389605,42.60522203445434,43.38831687558082,111.05543407821656,207.49818384478172,195.41955587817773,154.88529251480102,32.81974152903403,20.082329697291055,14.542905338656519,15.630869834653794,25.627682848117626,32.91139111857261,48.06894045384725,42.328214614006775,87.32565498542786,260.65525192876015,182.11236791733774,119.4550687898,41.37642674415342,21.0181373240153,14.33693593978882,14.625314093559018,34.27594897777576,40.077610466864805,42.38711482683817,67.84059339523317,75.51754635683696,267.77243732513915,161.07008269894507,189.4001315911611,28.504832431424045,23.844664746602376,15.460965287608484,16.273887797940162,24.630440142424824,36.81364782702538,42.15918771362304,69.82958746448641,88.69522538312276,270.1517797064012,182.501648927504,144.60525187365212,34.74077982933291,19.909458029429118,14.408346188452935,17.834344237542922,32.34057880594225,44.49238386769449,49.38816925366719,55.24749245489797,108.69925993792216,215.39636494236612,190.470607152139,158.49479245758056,33.147755565028035,19.40599552599589,16.80889391622236,16.18732630083638,23.539799883894144,41.77684106580673,50.304240380605066,51.651502456665035,99.27264993540447,239.09103963544288,283.2223670965626,153.2260276813507,49.58485509441745,17.67958060582479,12.044750652313233,21.7811565608363,27.824579090884164,47.70880790587394,44.49879975891113,85.24335359942528,113.60335582605998,220.77879465533843,233.95290862175725,131.42453049023948,40.08258870647799,18.930865980784098,16.571836648756456
160,51.25863953867266,50.4415155002049,50.383608356598884,55.341910146077474,55.887250137329104,122.02368607838949,167.595995109312,81.48731990937264,56.215212720235186,42.63776528143113,33.005672238667806,38.2437940412952,51.637644421977384,53.85792463875756,42.76231798725743,56.388511011759434,54.05175293584024,79.51363613128663,81.8075758140318,59.05795877764302,39.90960215759277,34.9089176916307,33.02956879297892,39.90933394647414,51.76403162310201,52.09185904065963,51.64360396354429,48.38008348592122,60.27513291635821,86.4988771870931,88.0266967478106,63.98939753378592,50.20208088938394,33.93952895625945,34.03285832977296,47.75269410164127,53.486157200721,50.122001053617495,55.02012157809351,66.88084660593668,70.89141287280668,88.90459180959067,97.06074615232407,54.344527014455494,51.00906372833252,38.299569716915,31.126322959899902,38.52875930540023,57.15681400668236,45.54097726633983,41.9395912268854,48.574831497192385,53.16570018891365,58.822555753072095,57.67182002405966,43.3409090915803,33.42906361643473,25.362260950150027,24.32780575561523,32.29175864804175,48.03198552039362,59.015917628997656,51.01810473657423,57.29354826863607,69.01036447586552,69.41151083755493,64.71818221430624,59.513911921593454,41.07539768727621,30.42871164260372,31.567574911753344,43.0604407378166,55.33500263583276,52.81919247866851,51.33396321696621,55.27327542877198,64.12420448057114,74.0319797960917,80.86391452174033,57.02929937178088,49.26403190867106,36.776560336697486,35.43342494455973,46.54673727712324,52.62359227580409,49.97085128398952,47.663178582960555,54.16629552078248,61.83559221329227,61.486902665456135,72.97101413972915,46.29635674876551,38.18326714579264,30.954378455377388,30.213672236124676,41.73571888339135,52.06157570008308,49.1349875679392,43.59264405527423,57.105881186167395,59.80028160341325,85.06894120534261,98.47111610658708,67.6058061021374,48.22860247166952,36.14062269764562,42.20362442270914,51.462907937572844,52.255477068501136,49.45403448255191,48.09422863867975,55.38053721618652,63.88699388073337,77.34169763946532,65.46199089296401,48.07367312769736,33.977047073364254,27.021040381154705,28.80980585479736,39.33877707204511,45.83129257817422,41.29075540256029,45.71441140205629,54.8363087946574,68.63736654466199,82.45095258839925,84.69140996379238,63.59332214109359,48.904209495544436,33.135605999115974,29.527337863922117,43.00848924083094,57.090047312090476,60.46088050659066,64.41095048842891,58.37421277872721,70.51787415535219,81.36049205398561,91.70698331525249,61.41456216996717,47.871559744517,38.65229632469916,32.859899939219154,46.009915034386424,51.71254902993479,52.120394229325164,48.288369498714324,52.10078602345784,57.900004404129525,87.60830127588909,89.78942517065232,67.39828939868558,47.62546506373088,35.372761127102756,32.43450891621907,45.554845800092146,59.10147023354807,56.35913871431585,59.07529468905541,57.991614466349276,72.54136811041062,85.90697585296633,75.7243340646067,45.68945534736879,34.74950245666504,28.804454952363045,28.73406349436442,43.773426485369285,47.94576335906982,51.833499443026014,43.26826688704953,51.047671099344896,69.46312703532558,78.99400715001423,67.38845029154132,49.181727800676896,33.38194303512573,32.65781506938319,31.149783482869463,38.828942024477065,44.27403900515649,53.41825741035011,48.09795599168346,64.24875736745199,62.78697526993291,62.29036267217,65.39123071362896,55.4101239924277,44.072559555053715,28.716207141260945,28.03115770212809,38.22213784371653,53.398741634738066,55.60683397377653,47.182906271411525,51.67756664784749,65.36937061432869,66.95667780049641,100.94471325905093,66.99265180403187,45.31333440907797,35.50660915866975,36.6018243484497,50.45024642944336,50.8940611685476,49.26283263079638,42.38785194643082,57.050823069254555,68.23465635730375,72.27305739339194,54.95455385023547,47.634875601491615,34.046622800191244,27.986514145635788,30.898848871866857,40.4247201513475
161,102.85986563159572,60.001728248596194,82.6550667301301,91.45493442535401,113.68471776900753,161.00798901875814,262.06170624763735,226.05034441794123,161.02370611826578,102.61459197998047,63.62798796335856,110.65531697427073,135.66365438645886,144.13285478460375,126.15559139866983,114.76245064290364,106.75568419425717,145.74201959482826,166.4978539792953,189.69766652261058,142.06437549845376,107.80422294370587,70.47430811055501,88.52060182632938,105.79795639776417,124.52846773410666,111.4440223570793,93.89531589508056,113.20267235786685,161.08383205922445,209.05229231311426,252.42125051436886,148.12182173665366,116.65005601944463,73.41823869832356,96.84535730669576,134.33801645586567,138.1286780074547,128.20276030017482,121.44852238464355,128.74317204137003,169.81788927968344,223.98406200285882,209.33550832932997,152.5883438720703,110.02220897551506,82.95889226277669,102.23116950496551,133.74793398949407,130.82865166819153,136.39920060188538,105.93566299438476,105.88678248005529,131.16768199920654,215.0314050637522,197.90236557252948,133.37812557474774,110.07609407732562,73.40200491841634,85.97056768848049,131.88836886990453,133.6244637573881,131.44745740582866,113.23533218892416,123.4711563799458,166.2494376703898,190.0935233208441,219.7258105099586,141.33394732920328,111.1747145252843,84.55652035268147,97.32441254154328,117.66768415389522,112.39499934323317,123.34365404190555,120.42241791280112,117.31176294388308,149.96518272908529,220.13763299757434,248.27386428340787,146.46700444793703,126.43831292429277,86.80400157165528,103.73134952176001,129.8862207941855,142.4366208571636,148.4598693970711,123.00919639587403,127.00868946198493,156.7458749211629,205.7225776918473,189.30991031277566,140.82141087849934,110.04876397163636,77.81122649129232,104.4980777961977,127.04312699348695,118.65319689501682,123.18850871424522,115.46560768127442,112.08700049369568,178.78067428843178,258.46765979151576,229.3983188284597,159.65929021199543,122.42164101385302,84.62995260620116,109.3349267159739,117.27188682063934,143.4961043600261,140.8830568030573,132.17760611216227,129.28254935972154,161.12827460988362,178.74737332497872,190.86863307583718,123.51877390289306,101.99718871085875,69.69440896352133,95.38026680977114,117.0845925558767,116.35975894880998,138.82301309400987,113.02323217773437,111.89543942359185,149.96164750162762,228.29410950199244,238.40723681542175,153.2108224258423,112.77656984390751,69.78401386769613,82.32887792279644,123.28085727076378,124.38065393269358,128.19685158760316,123.03308391062419,125.87573582310831,138.12912747192382,185.04515450754474,200.0453771111273,153.31248849232992,114.85583194117392,77.86476937103272,106.49308516963836,107.6491204538653,132.94559954337888,132.14631044941564,100.56797019704183,125.14485398323306,154.40883273824056,216.73881301879882,228.25466035904418,144.07944110107422,112.43573952213413,84.38752280171714,100.1917998233918,128.17300026432162,130.49608132188544,144.85183956761517,126.45565353393553,129.4879019263483,159.01092014058432,238.999041492093,200.4121258520311,130.63562145996096,109.50876428419545,80.92275885009767,90.84368942999069,120.70986734944006,144.351389039796,156.3531635235202,157.74491845194498,142.43093259257654,160.75500290425617,220.16913997527095,228.05885702809982,138.04925257619223,109.62725891605501,75.01899842071535,101.30605599434145,128.42583304620558,151.5418577456357,149.46252232213175,131.08645225524901,118.55160152804467,140.9306842880249,213.47550234640798,231.37251200276037,153.92275092824298,103.5450251966907,73.86670401000976,101.93034290190667,131.53872881243305,144.757666889341,157.18568862422822,136.70794625600178,126.3915054985785,173.1674726791382,228.04988564768146,258.5075937135758,157.1416290842692,130.8528099749165,95.29130356089274,109.42226689738611,137.02711536776636,130.6684979141874,167.75450973018522,128.27533239237468,114.46869033567368,132.28563117726645,214.68343009702622,199.99789023860814,138.85210582478845,99.55694795423939,80.04487310791015,105.78374209988502
162,349.3888305664062,370.26874356951026,419.7047034478957,409.1764312744141,454.0830079109438,365.52575439453125,434.3991667716734,446.90653755434107,445.85486251831054,463.40060808735507,445.045805460612,375.2471992246566,262.8618096628496,200.22559612894293,178.30908936531313,197.88490615844725,286.78120394799015,339.4489024251302,460.8787693638956,483.4495182554183,442.4264908650716,453.2857355917654,502.7287687988281,523.4044511167465,290.39817115045366,210.38839875056829,246.0511118341261,231.3612503153483,323.8010926868069,331.3514053751627,360.054567644673,419.7115571741903,444.19581952921556,435.3521931112966,457.6300825093587,451.3804927998205,252.79693769885648,178.99594150524422,166.62767978791268,215.9562427266439,278.01180208267704,350.0817345174154,368.7761425289031,460.0518804833197,441.6211551310221,424.77791219403673,414.7168087056478,469.87317619077623,256.0081573683216,173.8036593443772,174.62713170205393,197.1418256225586,288.22763552758,397.93539062499997,417.81408023957283,493.58027971821446,444.4202699381511,424.9241407037551,428.11955462646483,417.7041143306609,252.32977233886717,177.64831997011683,164.5960788652974,197.4433080546061,238.9310816414126,340.32999802652995,377.7226875157511,440.16580285841417,479.51514176432283,440.84551992108754,431.2140218811035,471.2370066193612,322.75612243652347,225.45622573551873,192.19145103208479,234.45136751302084,315.46229391774824,384.13369012451165,391.3844840954196,458.97400882844005,454.37843745930985,457.33043306412236,481.07559581502284,458.32436625819054,258.03217558830016,168.9444374298697,193.67081085205078,196.2807378438314,264.04228016514935,382.81150672403976,435.3669719769879,501.78636240313125,456.75481311035156,417.2418738383632,489.2738742472331,544.7225088008757,275.3248042445029,173.63577463572832,162.74540973294165,172.35488753255208,249.38191658266132,332.7364669494629,388.755357390373,432.93670862013295,442.05782200113936,437.58092814783896,448.79818504842115,487.5301912861485,255.51097269365863,157.76870654627606,196.07101218931138,203.81642064412432,286.6959612741779,373.44888461303714,349.1658087748866,460.18836180656183,465.67735794067374,460.1665138490738,526.664365661621,445.0816738497826,257.54816655312817,194.3652340626834,206.10466269216232,236.1495363972982,316.5578267645067,341.0467532145182,363.20189594884073,454.24783897153793,473.71807774861657,479.74215021933287,463.2554461771647,464.3493833775674,257.75649221112656,161.09054957122052,175.51362790999875,222.2445245463053,318.85667559223793,328.7778000996908,409.52593870101435,472.2595262982768,467.93357506306967,450.9285100432365,524.5394022623698,451.0127314905966,251.22527274839337,172.11494621352023,150.30575315413938,177.76638063557942,231.15885842600173,331.84718438720705,384.10750575896225,445.4981723908455,472.8364360249837,485.7694910947738,511.48830926513665,381.2876073135868,259.1307030068674,175.42709064878267,174.33463500976563,194.16764148966473,290.7750135064895,372.7776918945313,390.76765049103767,480.15049313452926,519.779908009847,476.89932573872227,539.2722016296387,505.230363995952,251.7703856142106,166.169788772132,167.85679105697142,175.82627499389648,266.0520258848129,364.3245631510416,427.293562198762,438.878899230957,477.3840582478841,462.8336577187815,541.811336151123,454.02319058325986,218.5962903422694,173.00334892536029,182.0074892302482,191.57516795857745,263.1155168102634,331.8779559020996,417.98168582054876,465.90429715064266,461.7509533487955,481.8517642211914,475.62929610188803,466.6879809471869,276.2567860363376,150.54634505924918,164.4115797571982,167.45348688761396,235.58045576526274,316.82832632446286,410.3558111276934,429.310910093246,513.478093149821,489.3917966879568,501.6345449625651,417.10638330275015,188.1443361737651,139.0778115326078,124.85150823777721,140.21208305867512,217.19874218356227,367.43311245727534,396.1113419661983,476.252637831165,520.473036183675,422.0489860288559,507.5751023152669,465.59279923962004
163,339.91759131646927,377.16194294520784,289.23263564571255,319.79799830118816,459.989524644421,450.61310414632163,391.2557302167338,377.407451457362,395.97073822021486,549.7313399776336,518.5349267578125,393.77128354964714,279.68603977326427,245.19604816681053,176.9693219191028,155.03798314412435,226.29697676135646,323.6903721313476,453.878073996267,460.0971642967962,403.2494363505046,433.66185624645595,418.0600425516765,354.5253308302357,361.4518998078377,302.73657557182116,268.84439533848916,213.62400333658857,271.7314200124433,334.08140361531576,426.0789077069683,390.0746377366589,419.6335749715169,470.34168458015694,421.74805992635095,423.57343139648435,325.01524819650956,237.57088583133492,187.8968349038401,178.74119373575846,200.73231296170144,335.85487565104165,445.616084476594,424.7866154135427,378.85730715942384,409.02406890869145,438.8091751505534,402.4130040617912,254.20306408297628,212.44050798012114,152.0189604630009,140.08440114339194,186.51916327691848,335.1842342732747,448.299997410928,436.57971581243703,356.1059446004232,415.06012997534964,388.9187392781576,327.016863137522,355.20274240801416,275.63785372278375,235.32916146555254,171.1009011739095,226.61372202227193,389.91322314453123,447.9976985020791,412.6796552793441,397.1804840596517,427.6584701439642,427.16647295125324,431.5223628382529,329.5793363115864,284.83959971949383,221.71957374818862,187.33407215881346,243.42802564559443,375.8035859375,440.32527380174207,410.9026232614824,438.67424890136715,472.94281750094507,461.7952561340332,420.38761602586317,319.2642261923513,273.71257583430247,215.4983965080015,161.55096891276042,238.9843900028352,360.4781575317383,467.45062408447274,432.5041075085056,431.87086327107744,471.8577778379378,492.2321045532227,378.95506879252764,320.95400057884956,286.77694108934827,192.78553896996283,174.55845472208657,232.77654618786227,345.040444325765,424.701295382592,442.28521836803804,409.3737341613769,483.720685897335,456.5388233744303,373.21878668015995,377.4075675324471,288.233957325226,220.08490517893142,189.68869559733074,229.19921473349297,400.8570191955566,477.09921823809225,424.3864369250882,415.8152739359537,447.4806534699471,448.96611074829104,394.10122722010453,341.6539450368574,286.64264011552183,232.63944121330013,185.98110506184895,201.05424394176853,394.0810895945231,443.1561907565209,452.0704102153163,419.21681638590496,481.11102177773756,444.19085236612955,400.70317521618256,331.65737380489225,244.5692734933487,201.0592560306672,232.2998954772949,251.2078034136372,365.020726755778,430.15667262907954,490.5215280938918,384.0044722798665,436.412844336725,463.19825533040364,411.0975554927703,351.06174320344,262.3002511100582,184.96022736580142,159.72064174397786,198.54115046347343,317.12094618733727,443.7826436196604,418.3178409797914,427.82126038614916,416.0523512907951,405.68589356486007,415.9919763872701,304.6986046280399,269.3494125587952,194.86020323722593,175.98091422526042,199.43864322785404,375.3281375223795,431.8964390613187,441.1591471321352,441.27886531575524,466.49809929632374,458.0722212829589,409.2301466123519,301.7629246865549,223.96200274124521,175.5586083492156,164.5768127339681,186.04381069060298,354.76184419759113,477.36181442752957,454.3653034530147,469.4031487630209,428.71464438161536,549.6260149230957,472.30272716891375,353.78285685877654,292.63551581923014,226.47820819485574,181.194458404541,221.7727783203125,390.70138082885745,487.09185215119385,429.5560688535628,443.3732214253743,486.36056688862453,436.1930407918294,376.42281351397116,333.4563841001449,239.18559269045372,184.16409305695566,168.57328485107422,230.12923806959583,361.6471236673991,444.6475131028698,479.655298176427,407.2992952473959,482.9311582897555,521.6010907389323,411.2093221159904,285.0006604003906,226.78950158518523,187.4668558625252,143.34847251383462,159.59083221927767,362.219047765096,445.89460561444685,485.4109842804939,427.98052029418943,430.6236676616054,483.18562266031904,386.3265882135206
164,71.67064346805695,86.26194073813302,68.90138354147635,68.2121533203125,73.48603746967932,80.30714420318604,78.70965536794355,67.50995879634733,49.178636945088705,48.08975805467175,49.77775081634522,80.32461866563366,71.91422523744646,97.80906625099371,75.22482897112448,66.37952343495687,60.617766804848955,57.24801446787516,61.43470489501952,62.9556506938319,68.71920247395833,59.28441180567588,54.63552286020915,50.702200733307876,67.97234355803458,77.33971940176826,79.57911614694902,63.34371106974284,62.079022551505794,59.61747815958658,68.13851788428522,74.41820437031407,62.373526901245114,56.791324096187466,45.064193878173825,54.561530717419046,73.81893220963016,97.13088074096905,79.63381756444133,68.3103453801473,75.3323687522642,68.07997591908773,81.68018222931893,67.0914074805475,63.874604700724284,61.3747371722806,53.90147832743328,58.07733182845577,77.44925180742817,92.76316284170292,95.20525545427877,62.507619845072426,62.314721943024665,65.84196013387043,77.92744424389255,78.26218465743526,73.46536420694987,67.9508313603555,57.78033417002359,51.913024188626196,73.53315759228121,84.08765319861803,77.96937287607503,68.81008616129557,70.24250139544087,70.25415938313802,71.31027201252599,64.02547937946935,61.88484233856201,63.94528161817982,64.32804929606121,54.49318670211301,76.82927987375567,80.62817907051502,75.68858974087622,72.09735987599691,59.847525647071095,68.11398145548503,69.66640232947564,68.42863542126071,62.907786638895665,53.780434065788015,64.63105905914307,59.99005269942745,71.10455915635632,84.4612054386045,76.82603010854413,72.10024385579428,63.8381267227665,60.39971619415284,73.56283938500188,62.502495818599584,65.83500210062662,59.437053308794574,56.162074612935385,54.85361177752095,72.81998836148169,78.01327173881343,84.37979442719491,68.8966136449178,63.44019552169308,65.63459055836995,78.67896151388844,79.74112160959552,69.34810787200927,60.42908933331889,58.97818865712484,56.913997480330934,78.89791814742549,98.48232311699778,86.94181200088993,67.18773792266846,70.23070046701739,72.16965541585287,78.25496425505608,67.59821945436539,60.890695602417,62.89754554994645,57.98690345764161,59.30971485260994,67.53991489041235,87.96512533620073,87.30115230191139,64.24948203277589,60.23340230634135,62.00619684092205,78.02436673072077,67.28218292728548,65.33641553497316,63.502682810137344,47.756426851908365,50.17203318688177,72.33581098741101,92.11719103366872,89.48071866435389,68.12482405853271,69.06424080633349,63.04020556894939,74.37145116498392,72.33075563984532,78.64381081644694,61.93767073600524,57.692117574055985,66.5164664213119,70.6414602611911,87.05047360199426,94.7603854517783,63.142072939554865,65.55375897315241,61.06012094624837,70.62693334025721,67.60043966231808,64.72645751953125,56.60697827985209,55.716923169453935,52.53793028554609,78.14821945928757,90.26262786949796,83.96917482437625,72.15741468302409,67.4764245014806,61.13909554290772,79.07669080918836,59.97229103826707,67.54238900248211,64.88010728897586,58.236219996134444,57.203595940374555,73.5174277004119,99.5562450506652,85.30933264209378,74.19267083994546,64.41166044912032,65.98525101470948,70.59956877185452,67.8862946418024,59.60481283315022,55.15870913105626,49.61790351613363,53.2888631882206,71.86738813338741,99.62531509483976,84.66224287955991,70.47504332224528,62.49820701106903,64.92637888844808,69.40107813435216,70.57126195107737,62.20007854970297,58.2133520212481,53.56295472462972,54.58130126953125,77.00736054697344,94.40636172177169,85.88710271281582,67.83625667572022,60.869123485934345,59.61643989308675,73.94422229397682,75.93244259003669,56.00481506093344,57.275028752973,60.39366358693441,61.00127482998755,82.79915569428474,80.3168946927639,90.8610288336969,59.09321965281168,66.24192394379648,59.08937836201985,69.70382233650453,63.47180859719553,60.45163596852619,55.41004636949109,53.81154050445557,54.14851640762821
165,55.759039546597386,93.55475397109984,84.02709967090239,56.54664278666178,42.64832293602728,35.436230214436854,24.895229487265308,24.591862690833306,20.577499841054284,40.16468755045245,30.34575871149699,44.56276279572517,37.74211692687004,60.94258719021464,55.94024725514074,45.60958356984456,37.14770587305869,32.05860703913371,20.602709089709865,21.68549327235068,20.883477657318117,16.84993810222995,19.349262360890705,31.649160775830673,56.150007097798,65.17360446046726,72.5881190909109,54.01250793711345,35.87698567544261,32.304424233754474,29.438033688452936,24.04158467446604,21.552974948883055,19.85842895815449,28.63570866266886,34.45132253462269,55.4807410061744,70.98184271074868,71.49992239429106,43.639969312032065,33.6726427361273,29.64389052708944,24.79417599954913,20.700514517753355,18.77512722142537,21.441901945298717,22.659546338399252,33.147546917084725,56.57890575655047,61.564962879660094,63.901690656600465,50.176733248392736,36.82761904070454,28.637974533081053,22.692810452368953,22.81530091193415,17.822268143971762,21.300537813248173,27.746294550577794,37.95446446695635,57.825337000816106,56.611656179663,68.02910834527785,49.149396400451664,32.036383273216984,25.89423979949951,20.48332231337024,22.600285277828096,16.871672510147096,19.71127994475826,22.375421482721965,29.11195392731697,73.63713125167355,74.0423189895611,71.60273901293354,46.66413213984171,39.31557609804215,29.888701936086015,24.67399495278635,20.075949971598963,16.173193251291913,19.553859572872035,25.088951302846272,38.83912322013609,49.9460534569525,61.40844966352868,57.55072598365045,46.074847966512046,33.75709912576983,29.873630151112877,23.188517157031647,20.033829836691577,15.887197659810383,20.659874290958527,24.31560217920939,35.014922435514386,56.70553637535342,70.10904846510864,70.71177897791709,54.412458680470785,33.4933022628292,29.60692185084025,23.675531928770006,21.32994221102807,19.2264553343455,22.109156077600293,24.659678100585936,31.74772588791385,46.547591338619114,57.373790320762865,58.90073936339347,42.322460892995196,37.38461853765672,27.847818833669027,23.512103563124136,18.93710898245535,19.759309500376382,18.261211560772313,20.427980155309044,31.634438413804578,49.42403542918544,66.31243030839366,66.16062586630544,44.34902623621623,37.86078172499134,32.71987579600016,23.097988009299,21.131379106583132,17.710451684316,19.77690173856674,29.032357885996504,39.438035837604154,57.64070570053592,69.3619589496951,70.9130833447364,49.62921226628622,41.91385897728704,27.43574109903971,25.275205230712892,21.69118964533652,17.734175121307374,23.609293109524636,30.481872514088952,36.94220069393035,62.989230045195555,65.13507985237197,68.6548859467045,45.90218535486857,38.218979354366176,24.970234127044673,23.226132085246423,22.160054519407208,18.411888397216796,19.26906112424789,27.68834567642212,41.4844467630694,55.856655314045575,67.77868147803058,71.21218122051607,55.2491955795288,33.68752313921529,29.134032727559408,22.65448977193525,21.400800887077086,19.193979214986165,15.871316034870762,30.417943712870283,39.05003352380568,50.201610678395916,61.75120506458095,57.55891870867822,44.35761347452799,30.56863514192643,26.666069334665934,23.068837981685515,18.806718932121033,16.088241608937583,20.667976408312395,23.09079942194621,31.37360675196494,56.5183568923704,69.72881263718816,65.96382892116425,41.805604663848875,38.44106505978492,28.301912015279136,22.54518012385214,16.25478766164472,15.89753987757365,20.388233108520506,19.488797629038494,32.85378614056495,46.03960004806519,51.918916317817605,67.78185842206402,41.98568988545735,30.751596240382042,26.862981156667075,22.06297920103996,19.411702274199456,16.364641762415566,17.91308254303471,31.157814854304,35.10894146642378,63.24944949796122,67.32333886865324,74.7034316536688,48.82951155217488,40.58365090277888,30.228667260487875,23.098670768737794,18.547468723174063,15.918625545501708,19.081216905655403,27.070182590484613,38.794057637491534
166,163.46180223034276,204.47549149649484,239.16817351310482,291.89668462117515,219.82555605980662,310.7896504211426,259.60382931616994,176.03501897012035,145.4079963684082,148.37944126744424,119.10504580179852,211.3074606618574,191.37844142790763,183.94302769026734,212.5498280580582,266.71547033691405,267.9181470120337,212.24173629760745,187.72538704164566,127.81846590103642,110.78958892822266,110.10931927096458,136.99401107788086,187.8329851162818,212.12598311885714,194.66246037450327,231.86021990376133,276.15077150472,282.0422766113281,264.47091461181645,187.18996669646233,155.62894520421182,131.67729415893555,129.22768747637346,150.46624221801758,193.531311547064,188.7316064354681,193.60660051543135,217.76705903084047,322.6994289245605,279.7986880099389,242.90821799723307,190.85060903241558,138.03406716131394,122.44027010599773,121.94175775835592,135.14745406595864,177.6051935306672,178.55682569934476,190.93264464693115,222.05587252709174,306.4500105692546,257.2034880312027,202.10914246622718,143.83442862726028,119.35369939496441,99.4254876607259,102.07817319808467,135.1546125793457,168.13913468391667,198.69320936633696,204.50239954154478,244.43716627059445,293.62627273559576,282.08639438259985,215.17706814066568,155.87474963280462,134.82063735469697,110.81521765136718,117.0100543508222,140.27933097839355,206.62373667563162,204.82033482705393,194.4798393475011,246.39223186862083,307.3157079162598,279.6402085335024,246.95315692138675,185.98278429585122,162.00589448005923,136.31439063517251,129.86712497342018,145.10665054829914,195.12497469994327,202.97504790767545,210.38814588762858,257.1824038794733,288.1011091206869,278.7624902835969,188.80156346130372,167.38661036337575,125.43456801383726,111.1220619761149,107.209292523784,134.20488175964357,184.187092511577,213.99418814382247,196.7170801397615,226.39115593694873,292.298048055013,296.01787727602067,240.07452860514326,219.34342596238656,155.58245624173074,122.03784794616699,128.45816679431545,173.14900865681966,195.8253282854634,215.3952522523942,206.32729201443675,239.49690543882306,329.16749020385737,274.4669862316501,243.86106469726565,170.83061302923383,120.99761130056072,103.31333114624024,105.3971047481414,150.59644455973307,183.62211470080962,215.16098810995783,217.5718707264116,257.53837522445184,312.5319111124674,325.029829761136,266.6583538818359,203.8201783112557,162.150040539157,130.97976793924965,126.80568746751354,140.49381322224937,207.01929161810108,248.83800626693233,239.79198130602907,260.7983473156345,313.01949871826173,317.33336482878656,269.1085453898112,212.3460798005135,159.3451635643744,125.08176101684572,130.1009518481839,173.45560900370282,228.56984129874937,226.6679563657699,223.4010882331585,238.534256749307,303.0673785705566,311.88223003756616,265.742061706543,191.64098326652282,170.71471426686932,133.96821115112306,133.96529323947044,159.8073137664795,222.06352841284965,227.99696627709173,222.46530482719686,254.21905341363723,332.446170481364,320.8913443583827,202.0693684794108,167.97780087378717,130.80395221341038,109.23359535217284,109.20629594372164,144.53504435221356,209.35413659864852,240.8906488627772,224.5452792880805,241.5959513608871,310.0829133605957,344.24980596726937,224.39718995157878,181.70307123984057,125.62537977649319,111.26146143595376,109.8401595380229,147.32355377705892,209.45879890195783,205.08269913211944,223.9687055070999,246.25510217482042,328.8396478881836,293.1158053687311,207.47365325927734,170.38718618577528,118.89956830424649,102.6078554178874,112.92412169425718,125.87264018249512,194.53202554518177,244.72457399429814,218.08903628870772,270.2093011474609,337.2779315694173,331.0811171599358,212.46357720438635,214.41589712819746,155.64260611257245,140.3698861134847,141.92208401095482,175.4588069407145,218.60004150390623,257.9292282006048,253.0522014119942,277.99365872783045,347.1101458028158,332.0250907799506,243.92890587361654,161.00159526209677,126.97744153422693,115.90725333150226,118.8156478832614,165.08647771199543,247.33646202825736
167,745.2694810436618,958.1282618931361,794.8055923954132,780.4283020019532,685.6839499196698,472.25392435709637,501.27877866683474,472.1953959803427,496.31739257812495,546.7128583354333,692.9642643229166,795.2545004567793,775.6549931876891,631.6218067293214,646.0219192997104,687.6663989257813,638.0277200022052,485.9920693766277,448.4677600294543,474.3172950990738,576.0441039428711,603.0218829936366,702.7246139526368,776.4202133867818,825.8289349955897,708.2558641736262,668.5728996424521,732.375135945638,622.2038587607108,465.79067675781255,440.09782476609746,500.00399449502265,532.6223990478516,560.317144657258,707.4995244954428,733.4430897571194,685.1812723664315,635.7794018058588,654.5943481051537,738.389728556315,646.7344237493701,502.1173460286458,428.243727515436,492.1450688122165,578.4761502075196,617.212824490455,706.415209411621,760.8510478358114,722.0442172142766,637.1060670764341,623.358626000189,713.5072160644531,678.5828472703503,515.5429439086913,478.3552285668158,442.147250110257,488.6693465169271,528.3484083015688,697.4305623982748,722.5083704007055,674.1534780588457,577.389001506937,605.4758459866432,674.3827103678386,626.9918595640122,407.15528989664716,413.6357199195123,457.3902672552293,530.8251409098308,498.03500354397676,663.1670089111328,732.5842595844884,734.8995186295048,711.9098697132429,684.4665640160345,676.6309163411457,597.1747017152846,463.68810093180343,434.387084015877,487.46078625094503,469.64588338216146,574.811090639176,665.918116800944,762.7206299615675,735.8525989163306,640.5272423985674,666.4654578818044,743.1846064453125,682.6234460449219,500.818962117513,427.33572895665327,445.8176323872228,466.1255842081705,554.6016871298513,622.9631859944662,691.6607007229711,756.7009344679309,572.7802264479463,589.710630493164,624.8165149332682,612.8771552104334,450.13787790934236,421.8242062673261,469.9629911754977,557.4683833618163,583.0632552608367,682.9481599121094,804.9939488958544,699.6851714497228,581.9656810606408,617.3942015814011,747.7900885009765,680.119717938823,516.6573950602213,436.8439969364289,493.9965475168536,526.37310349528,589.4305676860193,763.2258298950195,755.8002398484753,783.3965135734313,697.4802025901156,703.632292047316,702.1579381510417,691.4289808310232,484.35378393554686,452.244159742786,495.5381477995842,505.9099225463868,599.5820387514176,703.8998139241536,803.2514366494455,830.0912765404486,620.1151795365658,672.7115437563004,667.8410770263672,645.5179868242817,444.14299080403646,474.39209799489663,504.18766028619586,546.2025155232748,571.0922865738407,732.3960410563152,817.1727663495465,719.4056111391129,561.8929754743906,598.9894847845262,674.5043603922526,599.1629233083416,458.7474212849935,443.1789791377898,462.4597066177861,502.3216107991537,584.9189513372605,727.3729324137369,829.6074156927292,763.7827938744329,583.6182017208906,624.1060156446887,702.5413860270182,622.1558107043851,458.7419577840169,422.5738659077306,460.2889450959236,470.70842712402344,582.1584035172002,657.2952025349935,748.1732114336568,767.6868346774194,552.6052888879634,584.2287346624558,718.1396115519206,624.3105996802545,451.41534700520833,387.6025407754221,398.38859412408647,465.97986407470705,559.9657234241116,726.3262895711263,812.9250656817036,694.5274770822833,561.3398247313851,599.4747220143965,653.6328042602539,586.1938522240423,453.23134490966805,377.8089048914755,426.8188884119833,475.51500187174486,532.2603391979587,671.18820123291,771.8565446226057,753.8020537936302,544.7826235728897,531.1885274579447,619.2628479817707,575.2749583385837,415.4782239786784,415.71079794606857,435.0367672827936,484.89245918782547,563.596985532699,688.0531684163411,846.5942685822517,704.3723597372731,542.3959458585091,537.3840075486706,552.8207649332683,653.4073909242692,460.2014620564779,381.4647437310988,425.9228007458102,450.86094388834636,483.8622447352256,730.8381250813802,755.0061651808215
168,14.732176355392701,26.68754278251103,30.12417318474862,14.610995959043503,36.038019596569,35.28209774971008,68.82611572704006,107.04741070501265,92.4641495803992,66.35794530914677,15.15599602897962,11.807351092369327,14.291865862261863,19.447018684013724,15.323505508899691,21.52935797226429,65.1903137153964,108.13366279991467,86.51153965565466,135.46700283965757,87.36730035305024,35.33311933375174,28.93523704175155,14.476075549279491,12.66404254636457,24.241536627220988,19.31694884638632,18.031059929092727,47.45281368486343,110.89553944587708,105.63469429096867,99.74792131623914,83.76741900579135,32.197323838357,21.7209396109581,14.31493720619909,11.079161605065869,20.806184386379023,19.37951621924677,17.496028280834356,52.04622485258888,91.6864976048867,95.91157709875414,162.0204698644146,107.67039185523986,57.62033865098031,24.885642869631447,17.591115231206338,13.14882740436062,26.099167428119426,19.956890716398917,28.3388021547397,54.249527021608046,106.01989248935384,89.21440203739753,122.86047195907562,112.67138533759116,34.456617015638656,25.255557442108792,15.228708453947496,13.182171893888903,23.084585680694413,19.44218289594496,25.59524354352554,62.03726762733152,96.54779941417773,68.38255403514832,141.66905261124333,69.70668964354198,44.8964264035994,22.397114178737006,13.026083072693117,14.972276678931328,21.660154915444664,21.65346078215107,23.232934256076813,62.03160431204303,107.86242819728454,88.80091018572931,113.37481310090712,86.99323461437226,60.22573274920063,29.50316963350773,14.73800918532956,13.681950614144725,20.5219754764423,16.582599552446794,18.974278072754544,60.56154873574933,120.93523339406647,96.24832930414907,130.6871453174468,89.95342092100779,43.53294145245706,27.300247651100157,11.905140901688608,14.3674954104039,19.354177990925727,14.971960856010838,18.600773884395757,61.672344706942965,96.86870809070268,80.67980466419651,92.14234075527038,109.4059410641988,45.40810013936412,22.34660866904259,10.998753553513557,9.691515673206698,25.603614274316236,13.693818528344554,22.71578522171577,57.210669339779884,123.1414153817296,82.31563908969201,125.28829177033518,80.35714518189431,50.28860071163024,19.44842652833462,14.444243815099043,11.818566845540078,27.25703939951699,19.853577326651543,23.541327535271645,67.13812169232676,106.65975453205904,127.50830060712751,136.19969315828814,119.58565201417605,46.25099641503826,31.110437099337577,12.782671095786558,13.6653341919376,18.220009846842935,15.932037535059838,22.799361916879814,51.43966629416711,115.59650907357533,88.83569488037017,121.3798327227177,81.54681414826712,36.271728351077726,20.046033752679826,17.49823366253607,12.320057297099021,18.54404946843832,15.676585246632175,19.788222670416037,45.296603166845536,115.7201529814005,80.44990098980165,158.7316711301957,90.95142893695831,37.77183714143691,20.275771572788557,14.045902264579649,11.968071252299893,20.947816235464195,12.494556416003935,15.123820790867011,72.04151864498854,119.02383144428332,85.93912497143592,120.5757934766431,93.1996991554896,45.32891218193116,18.472133014599486,15.236946890084976,12.099257059558747,17.239440165743453,16.903058548396636,23.28141607862711,58.91408880011691,116.31856470042467,90.26359734412162,163.46321733874657,77.94815428717934,37.058928999670094,24.446906975189847,13.296236140535726,15.295682225381176,19.159650056350408,18.295665623334145,17.76268689058224,67.62470609909104,115.0049756868879,89.3042329395971,143.95248760331063,93.6802720082601,49.37345719322082,17.53662430139383,16.09925628658264,12.596080617866209,19.021229841808967,15.738371082582779,29.020405846178527,59.84042056718181,124.71448165190218,70.664559460763,173.05390634106053,84.861920662721,68.72031009674073,26.78566265153885,10.492512175113925,11.502028251617185,20.587168099237193,17.617220820092385,20.635013022273778,58.206290874846516,136.75651517875988,102.53691388333998,96.96770088641873,87.16357976134618,37.15039663291746,23.440073370774584,10.619120209601617
169,1.6472994473672684,1.5812241503170559,30.712390753530684,37.64656288782756,6.731758597589308,4.815342580477397,16.408780529422145,19.49407781400988,6.5777815850575765,2.2305181226422706,1.6616515413920083,1.5528026088591544,1.567926102299844,1.5320411787361934,26.002633120475274,55.63977062161764,7.885787034957639,6.030725917816161,15.520426941379423,26.275208822296513,7.134452879587809,2.392395957208449,2.042975837469101,1.5291239134726986,1.5084606049137732,1.445638465793262,27.169903262661354,66.85730249977112,8.89506588535924,7.3279203372001644,30.19449094141683,22.209592930116962,9.386382165749868,2.6913822983157245,1.7795795982678733,1.59703699650303,1.4795230319423058,1.4844699259579477,25.249814852591488,63.04258086967468,7.882365989992697,7.339740452130636,34.50490431293365,17.857595381429114,6.681660868803659,2.1532763416536396,1.7834201765060425,1.5273020271332034,1.3804174837758463,1.3303277356606986,22.311138520010054,65.99983705202739,7.7647196362095485,6.062932788054149,30.357263143447135,23.53690833391682,6.661252007246018,2.3188441120424574,1.7144015405972801,1.4928029644873835,1.305173152031437,1.306512325752545,30.195143607431845,52.20029261525472,5.6637553015062885,7.374259821176528,18.601432600790453,13.537972242601455,6.532668032248814,2.3270120314628846,1.4414222996234893,1.3191165981754178,1.391839183145954,1.336073724833028,27.44450779184218,60.08683704384168,6.341309193488091,5.408253156661987,26.198903884810782,18.49675109671008,6.705495398283006,2.3188214124402693,1.934214747269948,1.4109528684616088,1.3066537938579434,1.3526848210871514,26.611383653379256,75.2840641295115,6.875450071057965,10.26859112930298,17.25519963695157,24.365875700366114,8.13185893980662,2.7960835266113286,1.686088660558065,1.42839555978775,1.3636133036305829,1.9702141484515423,38.551498561366905,47.38682224011421,7.425035274874778,8.36006426056226,20.70127667119426,19.313099925748766,10.960126770734787,3.026668750778321,1.6535593214829762,1.4211133706954215,1.529304462863553,1.5710808351944234,35.5379145619177,64.44319046584766,8.759659195253926,7.4752450351715085,34.70660475838569,28.324011980795092,9.079395648320517,3.7106375860398813,1.9577439681688944,1.6970009911444879,1.666934400220071,1.671316888708199,41.35628058310478,60.42462349987029,5.869890277001166,8.276532740910847,31.199751622446126,27.02916028684185,7.870143963972727,3.1541344942585114,2.2137892063458757,1.7728001571470693,1.775628326477543,1.7363404256487125,45.76476759726001,58.15689864683151,5.929519986183412,10.035645093758902,37.33733674726178,36.25445013077028,9.714553193887074,3.4672896826651787,3.278845992247264,1.9641299466163882,2.074921847620318,1.9956479739614306,50.80457237874308,55.53596904659271,4.984220495070181,7.112764192581176,38.93362227655227,31.18921524217052,11.271302674134573,4.0135539185616285,2.591501931826273,2.2609970009711478,2.320928340881102,2.547286921457704,45.499372204196064,64.45951023213068,5.748014568051984,12.588835301240286,39.83311034294867,34.3540627953314,13.794759470303854,4.657508651979508,2.80781092453003,2.4299578605159637,2.2712508258511948,4.899156105353915,62.983171503928396,44.662816801706946,5.170313148652353,9.920386051336923,25.177495001516036,31.87247231944915,12.669733196258544,3.650024881978189,2.764774196624756,2.236574789939388,1.8417051215325633,1.928604415326283,49.122728679872324,71.76814406220117,4.591235882851386,9.368058994134266,27.079636629319957,20.854786395565153,8.405520697275795,3.948387380569212,2.2868948105971016,1.927170428768281,1.7641202585158808,2.595077511953016,58.0691161200308,39.0309705564181,4.106970542477024,13.080717092355092,38.51735469833497,25.99528054944931,9.079827453454335,3.5507420898252917,2.210970456441244,1.9352373719984484,1.8666031773628728,2.651295366193273,63.40969327803582,57.35502155812581,4.825704334166741,9.088455936749776,34.055386595802915,33.525915614789525,11.848618596076966,4.370355048410355,2.6724359165032703,2.126615090523996
170,1.09200040986461,1.930260995030403,60.47403557723569,78.78394260088604,21.43879776923887,4.109840478102366,4.555309330263446,7.391309019827074,5.371047789255779,1.6050773962851494,1.6663499069213867,1.0406767218343673,1.0364935731118725,4.08739848712395,59.74492988732553,80.79121359523137,20.6249192988488,4.950454007148743,13.423810583545315,11.34128095519158,2.5187610332171126,1.402005045721608,2.3740663140614826,0.9991479641391386,1.3043260128651897,7.301132029603268,58.812657834829814,77.22534890460967,16.11556826422292,5.784686154047648,19.2305694270134,17.92037056599894,7.146369033177694,2.189916450131324,1.4512088748613994,1.3407099752272331,1.2337361542640195,7.208922880162746,61.340579642941876,81.45167169094086,12.904325357867824,5.3296578141848245,16.27402335182313,13.207860241167007,4.575792141914368,1.6833984756469729,1.5830052229563396,1.4573796264586911,1.0870233064697636,6.3072714900867695,57.75396111722914,91.33227943547567,14.611417427216807,4.992099990367889,16.389592581872016,26.81158825143691,6.051758453766506,1.6960425690681702,1.6682765933672588,1.2020692369245716,1.3218842438728577,7.488399413230972,67.79077408852115,80.16401743030548,15.2148853869592,6.386017428080241,14.229540087099997,18.48732218442425,6.894266952753067,2.206362117182824,1.9009136850833894,1.407773180161753,2.465875756586752,7.252314199720111,67.62861707695069,76.6257596470515,13.269567810489287,4.022714212497076,16.707176352854695,13.144405251472227,4.183221704244613,1.9385731706311629,1.9171489841143294,1.2789114109931454,1.3708970082959822,7.648791632073852,71.6146649680599,96.58237695058187,11.711926151860144,7.234648286342621,18.194464357437624,19.40148920266859,9.425149752775829,2.4628848532707464,1.9030177048047385,1.7469712060497653,1.3757836196499487,10.575525033192097,78.85662424756636,80.2004021619161,10.68824483086986,4.673135571956635,10.95683799466779,10.471396645499814,4.6158392930030825,2.05356270013317,1.6723594361941019,1.4244878054434253,1.4059905118326985,7.215315458508842,76.8960353622898,89.02460035912195,18.54901481828382,5.597396305402119,15.90246400825439,13.691154933283405,4.36868377494812,2.0111581193247146,1.6542883240381876,1.5448428284737372,1.463291430857874,12.333549339175224,98.43937212974795,78.48126158809661,13.06383920331155,6.258519938151042,16.22226307338284,25.607763353701557,7.204119508504869,2.1241632785335662,1.873432257334391,1.519271024350197,1.8302071495979064,14.079958594391496,87.52891165271883,81.06082907327016,10.355567545121716,6.597817993323008,16.795680331260925,25.031431462687827,18.644733829259874,2.3745618432567968,2.8311510059038794,2.5110127142936953,2.2578088252775133,14.220010827527256,104.07321552376592,86.53485384337107,9.9710199129966,5.591672596772511,14.579546178387057,23.595412115435444,12.164350072940191,2.609724337054837,2.7743603335221607,1.8686278284749676,2.585870685346665,15.135144917477527,96.53988878742341,91.2437853158315,12.600778999482433,10.163353832085928,25.632340646251556,22.789815562771214,7.329028597911199,2.496869495376464,2.2992095097700753,2.2491056015414577,2.1231733932802754,21.918244994570465,105.82311311214201,75.27980986913045,9.332123468460576,6.277119044542313,22.902976638886237,26.488474536249715,7.132288757006329,2.497096870406981,2.570416321436564,2.0950734102341437,2.0509655138369522,14.240602286913125,114.39238318920135,88.51881131045023,11.340908910997452,9.642700548966726,21.56886731047784,25.715268881090225,7.341185818990072,2.7224788217390734,3.121292756954829,2.6184212817684296,3.1029885397418857,17.949472005997094,100.25303643595787,78.33570234489443,7.9875036101187415,5.614927577654521,26.18478920913512,37.698965538163336,8.127866333882015,2.928765561119203,2.5103421514829,2.323212962265938,3.6672041557681174,21.738072931945617,114.88359630023281,85.10859917672477,9.986519620034002,5.425256989955902,28.400901954943134,35.352028419510006,7.5281332089900985,3.5562702170495064,3.3750418639977773,3.436022827163819
171,24.44128518873645,32.997880704062325,36.186003315833304,53.81194892883301,91.82182560582315,82.16118643442789,146.16932936637633,111.77336306418142,110.21936396280925,118.73887000545378,50.96120208740235,32.18211596089024,26.754259104574878,25.437352481898415,23.543959346894297,23.617300538380942,49.793361704426424,86.57389429601032,133.45975169520224,124.19346520208543,112.52622125498453,107.7412649511522,58.180379895528155,33.328900451660154,25.024455283380323,24.693893304740264,22.25189523758427,31.732974549611413,53.55534348764727,95.51920138041177,113.66760782303348,111.99927326571556,122.9567988204956,89.11378760060956,52.77510932159424,31.102079118297944,26.20265244760821,24.66845488872434,21.871626286660472,25.37619598642985,41.60544258117676,91.06130466334025,132.7072723314839,119.14480823639902,118.45315905761717,84.97011364598428,60.489274119059246,32.45984583454747,24.858083690520253,24.217244140080044,22.252632739159363,24.296861890157068,43.751578903198244,105.57869777170818,136.94943186606133,143.7987664844144,122.04803939056396,100.5046860159597,48.453418843587244,33.16552894100066,27.20759550279186,26.055388274920983,23.031458019133538,28.46783645248413,40.19039564563382,88.42908520380657,134.06296444554482,136.8977330853862,127.3883085784912,99.71360485692178,54.30092377217611,33.86936544110698,27.168843177057084,25.5289188131323,23.755723098016553,30.251974809010825,52.027637003006475,102.93019356155393,118.03910000462686,122.2161847022272,134.64237668609618,96.4076126049411,57.55972929636638,33.55455157126149,26.60712915974279,25.039919674596174,24.334178770742106,25.101992908477786,42.119800887569305,110.32942371368408,148.084242735832,135.0336979749126,123.94815695699056,90.95023951130528,61.66853807322184,34.69209265185941,26.718758432942053,25.741716343358235,22.07787368651359,25.44385450108846,43.17400112398209,89.99429264322916,122.99736187965641,119.71592789557674,114.4628630142212,103.20815200067337,51.79065413920084,34.26936427454795,26.22795818698022,24.31902365407333,24.47410148374496,27.32615497334798,41.624473063561226,99.2547397664388,114.25111494002803,121.8821891686224,137.46990517934165,91.52177455532934,50.84476192474365,32.678824229086594,24.69221807787495,24.914602134920692,24.271772862095986,28.881289733886717,49.992983674080136,105.52481566365559,124.00584851910989,117.17759363974294,127.3183082784017,107.44441137744533,47.18427463022868,32.9731347680861,26.92062040513561,25.311686910619876,23.61197982295867,27.56965859222412,48.82974108542166,107.05990995534262,139.35396893655098,135.40357775042133,135.52313820648197,92.44350725973807,58.38003676350911,33.79643894072502,26.848722051805066,25.896790908945015,22.84451118715348,25.13776754760742,38.81194024732036,89.50521556218465,126.78687965885285,134.0371625937185,144.5387104365031,107.93431648254395,56.09735573323568,34.386495063535634,27.402421318792527,25.390433508962246,22.960488832535283,24.630909117380774,41.53109793386152,96.09488741048179,129.89950092438727,139.53295843801192,141.94847511545817,100.18839175562707,57.34735195668539,35.08731646876181,27.182835110079857,26.021097576723896,23.45671233392531,28.492601898193357,38.54907729241155,108.0755326944987,147.8589778604815,141.734002326227,147.01881437174478,112.2487896482406,63.02201130676269,36.3060618394421,28.080086406584705,26.118713077206916,23.57117785792197,28.971832897186278,50.4037122221916,101.17248880132038,151.12054769946684,123.60979789979994,120.38257720692953,98.58306601985808,59.16536559295654,36.47442606526036,27.00518849526682,25.36188957233147,23.606142934983776,23.790829719543456,40.52190694624378,98.8570093765259,146.71499519348146,135.36500527166552,135.81428333791098,105.93897923869471,60.9312095972697,33.564799113119804,25.91932657795568,24.243583923772054,21.813146086662048,22.79842347208659,35.630210624202604,97.60479957580567,145.28482068707865,135.40025058623283,147.00520541636146,95.92347722699564,54.13948750305176,35.85909562141664
172,25.4378046589513,24.321488734654018,25.372912086979035,29.7595494778951,111.44227626554425,208.01132649739583,174.31043637183404,199.51390166744108,138.41230270385742,78.40137017773043,30.595148531595868,35.512778731315365,29.875600732372654,26.039134361097968,22.935610553372292,33.00223647435506,72.80950131693194,144.7478855044047,231.295727021002,198.80062969330817,160.21049154663083,97.89211399201425,62.151196022033695,32.62634194897067,24.711308058461835,24.254293137912093,29.771784618746853,49.05338345209758,83.41909140802198,163.52417016601564,218.90553820456225,238.6332339723649,168.69146022542319,100.85044321367818,56.45473170598348,32.12796876845822,27.764929197988202,24.12609334212806,22.10798751584945,43.37631781133016,92.06551544681672,133.68040295282998,227.31120266575968,196.14497560070407,159.70083948262533,91.08374783915858,53.48756272379558,29.281066008537046,27.701512629601268,24.394817562526082,24.38621044281991,31.84834434890747,80.33882267859674,146.882178179423,182.51665553800524,252.8132058494322,150.5055437189738,90.8247319867534,44.446948824564615,32.544453522466846,22.071163177490234,24.59566057745459,21.665486699996457,28.999171639760334,64.22699212720318,159.01993228912352,200.0269408859745,222.7832761063114,158.36728149668377,94.4789853569769,37.659092837015784,26.88175402610533,28.26037248672977,27.293116588310653,26.718824124490066,34.57108106358846,78.44810997378441,147.856372756958,255.01274185303714,252.05646293886244,207.02345639801024,101.07770543990597,56.46731419626873,32.200389352613875,25.498972331631567,22.91959885686489,21.917283999535346,51.323063916524255,67.05004689616541,157.65799289957684,213.2236812197778,210.97454762366516,189.9499913050334,104.56623142857707,62.85567180887858,30.0066963564965,27.59583174059468,24.314963635975506,26.58533316089261,44.21031552759807,78.23228659229895,153.75980110295615,236.25980229039345,239.96739388988863,169.74306620279944,107.75294441715364,65.6915537516276,34.074178213304094,27.032976608276368,24.853048593492932,28.151983760710685,36.64750928243001,75.9887907151253,182.75755956776936,276.2625473096294,217.34081654210246,176.15826557159426,132.8011656238187,58.78730453491212,32.05096572875977,24.950036148563505,25.2218109120524,24.640941339308217,39.28618993759155,75.88859389889625,133.32801254526774,251.64429310214138,234.15042607953472,200.23849298604327,73.62283242994738,48.73546696472168,35.17137962095198,25.337021841233774,22.642162233972783,21.737555236816405,41.44148045857747,76.38188916729344,170.96461450449627,259.0302105466781,222.61611448472544,158.89272755432128,81.60000374086442,72.69132524108886,30.496348031566992,26.40426197544221,24.409049118399032,22.503823029302783,35.29767978413899,72.96590343721452,163.5302043584188,195.05016102452433,246.17169950915917,179.75780036671955,100.13099919472971,51.15505486297608,29.925400226962175,30.891880425483947,24.986922020324933,26.609194329784764,37.23959342956543,78.9621169231784,185.64077226130166,225.2381818759057,221.34228350239414,205.50961316935224,106.28798923123267,80.04475496673585,33.19620829182286,28.435619271801365,24.504076860925835,25.327856567136706,37.55637639490764,83.58045767261136,163.33591205851238,227.63072952762727,267.17375191719304,170.08297195943197,130.81410589402725,48.455319931030274,32.14907145592474,25.484338969569052,24.956013163016937,27.420808782269877,35.55918975957235,86.50593509427964,172.86893325424194,243.45343699547556,224.97318790312733,174.96586379241944,81.54659260657527,57.45286105600993,32.135005387336975,25.43266551848381,23.49763655014226,29.36991452124811,41.04276052093506,68.833968003796,161.37950263341267,238.32743747834238,217.18448500602477,195.3258581542969,109.88456930591215,48.60412274678548,28.25224146443029,24.83937928353587,24.117108405775625,28.263361647821245,33.12440104166667,52.562153519661194,171.2935715675354,259.11573432430146,277.4824161455708,191.63184441375734,138.0774156533518,49.90497898101806,31.32321137705157
173,133.36052910589402,126.85035465785435,142.95909497660975,170.32476908365885,290.31265967584426,482.52783477783197,627.1867097916141,662.2968893727948,615.0564189656576,723.7630439019972,220.45688252766928,190.73376445154992,146.45935223979336,131.29294922288415,124.5537704763105,130.68808072916667,219.4274536428144,423.4854511311849,608.005989694903,772.5841699612524,808.0637248128256,560.3080339591735,283.1303150227865,179.66826943674397,136.78849260883948,126.37749044559271,121.16555002520161,144.05849498494467,267.38872261293477,441.85411359659827,591.2379696064611,702.1234003079322,781.0959187215169,518.8650733406313,262.89381685384114,172.09711147185294,139.9987475290606,124.68221113984809,116.42031244093373,126.64277820841471,219.05560540968372,437.32970325724284,634.6448627299648,690.2811710283834,727.272405049642,464.63052110241296,292.48623858642577,165.47758628599104,136.04504476239603,121.38193003123615,118.33596599948021,123.53217311604817,197.1923834031628,443.6227117818197,557.0654357122605,742.4658853740077,724.5792737833659,496.1071775177987,236.92515235392253,163.05573703888925,135.91333933184222,123.26665286510448,119.40043750393775,129.46207704671224,194.57333610288555,412.79009601847326,671.6322517247353,678.9966379670174,793.5577370402018,496.15975198068935,300.9545888366699,169.88064981768207,142.87803793630292,127.84097727883625,122.15133823517832,127.17057828776042,242.17830710134194,437.79495193481443,587.7787352629631,693.3633910935926,815.751555379232,567.1804298843875,265.6331414998373,181.62544470017957,133.05549298686364,119.96543550312813,116.69181830621532,123.22571110026043,170.715699472735,389.1994432271322,663.5523739230248,723.9094212587418,769.1529655354818,483.7917087087323,266.3825731608073,158.59542177261847,138.9714487186555,129.750865580742,116.71931619951802,131.06357731119792,184.9041662302325,392.8539283243815,610.0355180211221,677.2726050986014,748.567110982259,593.1292413330077,254.79934573364258,171.6892110615392,135.38491123322518,120.50561678280383,121.00019692697833,134.99943361409504,188.8145403757403,461.36712730916344,600.1728851219916,666.292629079511,794.0164574788412,520.6652867667906,279.84820929972335,167.1613743935862,136.48314400949786,121.86335639878448,121.20318713772681,140.5037202758789,223.287976832236,401.95540510050455,606.6433449136057,637.0917645952779,833.6250693359374,548.0080665046937,275.66213676961263,172.25091227869834,139.6319579093687,125.80207293167489,128.51102296890753,131.64117145792645,215.4674937980406,500.6047751057943,648.7389780450636,697.1589596852948,766.0218372395834,504.86183975711947,299.5698206990559,171.84240783691405,133.26096016176285,120.18786258641134,114.01417315083165,116.23539612833659,182.73988076486896,396.2611467488607,595.4274624830675,649.7903296882876,771.0370283203125,554.3315961087134,278.83456774902345,157.88503552836758,137.73901021649763,123.5393315816043,119.08584793583039,122.8794121398926,183.60756393924837,456.0810590718587,615.3805149201423,682.0943312909525,819.0589506429037,586.1077916496031,294.82135746256506,175.5926446139428,139.8477962272398,126.34881789146384,122.18781102334299,134.2287651570638,167.6988461697486,409.28488114420577,697.5951785081434,738.922060596097,851.1577979329428,595.2539609847529,303.2098417154948,181.262079507151,137.09022045504662,124.93617775827795,117.02661032399824,127.6172465311686,210.41470009096207,384.5523139851888,667.2073757442352,698.5104004890688,747.3352365926107,481.28526575888355,300.36248474121095,183.63070388301725,131.79205598892705,117.95081023869257,112.32487661054056,115.94234674072266,193.3682865364321,378.0643073120117,695.0180457428962,672.5762388561619,767.8369924112956,588.7028164771294,288.67620180257165,159.4726009738061,132.92478909400202,121.1122550190141,113.63774124637726,114.91877989705404,150.29576614872101,403.60633055623373,645.5156162385017,769.5449079353579,833.5482282714844,566.8134792204826,270.45936362711586,164.07972981114546
174,11.263911494901103,19.67711160182953,40.1215273334134,51.23610430399577,21.1967629555733,29.802031532923383,143.33283420531978,161.15515645703962,88.46261275927228,15.710207037771903,14.44232919692993,9.902165809754404,7.797640414084157,16.006596097723016,34.18038635100088,55.30801769479116,30.135253649065568,26.162373149871826,150.39104891930856,174.93032180970712,65.31015470822652,20.806282550442603,15.436238495190938,8.284766768486268,8.964827783338485,26.16238460576006,38.10034845536755,49.5047168674469,25.60420774459839,42.37317218589783,138.36173534454838,159.44471921920777,67.57290828736623,19.90616090159262,17.212217456817626,9.23596767825465,8.200577357507521,24.237132609665686,42.09260118207624,48.636969074249265,31.031540279080787,32.620240138053894,189.0847115153651,189.29812494647118,50.066467399597165,19.22501900396039,18.62060890897115,9.64072554096099,7.901811159503074,16.535041300334367,38.34488149950581,46.89214107767741,33.71423079798298,33.08333393510183,185.90863696836658,165.69037457742996,77.37096194330852,18.835101717672046,13.894437310854595,10.022203114109654,7.5427042250479435,16.300887488790334,40.977437523872624,44.225715568542476,20.35175916456407,35.633007456143694,155.30079516226243,176.53194872394684,61.048014222145085,15.737759376341296,15.5809510494868,9.05121171735948,9.531122024905297,23.576148406425723,34.0929608680356,40.92615646521251,14.729825800618817,34.915036588668826,168.1171309326541,198.45680044604887,77.86656487814585,15.766404353111023,18.340616442998247,10.034901266098023,10.023164234776651,19.662848148792246,36.6973610121204,43.83516102409364,22.851175230087772,33.731488602479295,185.76789232561666,154.06806427248063,64.81709969011942,17.737460568335745,14.809109480222066,10.246114354287425,10.659657015646658,19.959941122625846,39.47870409873224,46.07144276396434,22.949026701527252,37.81903751564026,160.0058790972925,154.99058630235734,70.34090788332621,23.01524981990937,16.51514758268992,10.638681571406703,10.03327999730264,26.09537899676215,37.84180395095579,45.71238284873962,27.53404723244329,36.302204725424446,192.24556464226015,159.03945157943232,75.67148293304444,22.892808545327956,17.99660746129354,10.065821556583527,10.31469133777003,24.062719234351455,41.243103992400634,44.218054863611854,26.344322583598476,47.68553653907776,179.2984773709697,237.02157640641735,55.99241514015198,16.291642309619533,16.819058631261193,10.859336442332115,9.444640420483005,24.359449715426404,45.79560664269231,44.41532097593944,30.69717909136126,36.1732434797287,212.67363039201305,173.79882032640518,110.6753043982188,20.690074080805623,21.995835434595744,11.908984138119605,8.519687029007944,19.85992930657758,34.95802823743513,36.43176217746735,16.657634394861038,40.49234352811178,190.6598617067645,182.12968299127397,89.4719913784663,17.944715640160346,21.945984480222073,10.821039596680672,9.786010479157971,27.200137669030084,40.221610797143754,43.193373142242436,31.396607888437085,35.167541496276854,224.87165657535675,157.10515680067002,90.53409398778278,21.377702062975974,19.465628253936764,11.382862532215736,10.658231951805854,21.56942649679231,33.94563029135427,37.02927709039052,27.92444677537487,25.6419701573054,189.42637482212436,184.2753907185216,71.3468758913676,17.85837209732302,22.720425518035892,11.492058683210804,10.649868238202988,21.567683334808628,34.51551260240616,41.92442207050323,25.412942982642882,35.67997372754415,180.6655129989501,151.97063281120796,108.74514134438832,16.208394613573624,15.144027810096741,14.505575971603395,9.515688547011345,17.37427912909409,36.233471428655804,35.3490142844518,26.93934859491164,50.35790828196207,204.80915255915733,222.01268855248728,81.80806839370727,19.12998105079897,19.110579639116924,11.085430038513675,12.353806454135526,24.617844241252676,42.75408690667922,38.887099009513854,36.83269636123411,47.61836906210581,183.98826808375696,171.36960226981873,79.50149664052327,19.589320839297386,17.08361089515686,14.45115002724432
175,0.0010665737556512938,0.0009293207445092769,0.7448145608968197,2.4446625620541935,1.241014038819459,0.12941839624817167,0.01422322845507048,0.02056401197407991,0.03333837067320318,0.005074759215612157,0.018554973761880873,0.0011557538103642239,0.0020689947530814516,0.004246082646213923,0.6854102901331222,2.823559175283316,1.3590199917386616,0.04275517856329675,0.12697870845020173,0.02002483532491751,0.009981173744003124,0.009556122172390056,0.08057853638026422,0.0025553360016102584,0.0025726512409257945,0.00398295443748842,0.6346460715025726,3.216228550871038,1.0578987531808595,0.04094770138834909,0.07284252047268366,0.1482067338505669,0.0157476479991261,0.013032807288879122,0.015085254172309404,0.0029701697539665315,0.0013476082432791574,0.002149090936134059,0.5206729825267011,2.3819918885869553,0.9594116609231118,0.07104921921094254,0.06126993392383856,0.03298329431621936,0.010752107828796048,0.005596161781814409,0.018975639514520748,0.0014098097675776734,0.001013409404989203,0.005045963902697242,0.49654713706039877,3.0023140506885393,0.7658992789760832,0.03041530595137733,0.07327995278669405,0.01685440260935837,0.009980998131644159,0.0059476734238740605,0.02600283618169605,0.0013061412403839857,0.001568494622751419,0.007354871477167449,0.6194380254487136,2.6238941391473056,1.1233739786009274,0.03605393624864514,0.07772046283000114,0.017575078747172287,0.02527828641079633,0.01693869577335366,0.04428042928521484,0.0019714955143787837,0.0013018065640695866,0.0033356703395965685,0.6063785774503108,2.8693120929231712,0.9022456319311694,0.04024106908434376,0.05492448610681735,0.01119273688919244,0.0039055919245971557,0.018450747474327626,0.08811199528180075,0.0020277591003480203,0.0012357914474933921,0.008243722483744928,0.8511048245215325,2.7328480491762397,0.7805772919658451,0.02424402712626999,0.2194589072531779,0.010316223112922332,0.005696721273277905,0.007136584706383816,0.022355795010588392,0.005370456157323739,0.0018708257506283837,0.006387522456194233,0.7751319640023862,2.9041255912186275,0.7228395606045641,0.032524272298207466,0.18929458334933563,0.015306978559707276,0.023506645996198696,0.029592618708447805,0.02219587397832701,0.005770690164537202,0.0017349044609680183,0.004396635768341385,0.8245446963581642,2.8532181558842615,1.3320742830910508,0.05475585320995495,0.03375289021134972,0.009400695508980561,0.012932585804606742,0.04356234598494222,0.022590818661199545,0.002962760360152869,0.0018947938767896514,0.019373154760338646,1.1578518617596931,3.506425279109351,0.7705340412799869,0.07961095333440846,0.07065046384284689,0.076473026971911,0.007664223956671728,0.018768551205378733,0.041403600685145606,0.006410282312904303,0.0025072678271445916,0.016123626196736605,1.1556907459410815,3.746403353584833,0.6472480503734082,0.037613139341274845,0.19139816795791226,0.09261271846586752,0.018547049114805567,0.008237845039579758,0.10049728631596004,0.003992018544678616,0.0031807325989469406,0.03620312034633473,1.3225937416076516,3.721154205156413,0.8459935360389851,0.04511081745413438,0.0612533529984554,0.04669177262451412,0.0392983552149089,0.020366838363037,0.06584709153384993,0.0059054189138775855,0.0036109380478732732,0.04209773038530635,1.0757649584451934,3.963452931393248,0.6291739370818099,0.04234224121520912,0.10500254075824009,0.03869663951437795,0.01767367337180374,0.021124461142894492,0.027563407354566104,0.012272058137016033,0.0018983490401249502,0.04769609743827312,1.295959061387979,3.6689978369884195,0.34397463358938696,0.0342184646618552,0.03212469671046424,0.00874256477679258,0.012960705447077347,0.01318118035599548,0.06289080275621377,0.014701052265903103,0.0018176845581018692,0.01580057072581789,1.65089046703416,3.3640270721514534,0.6042662910053564,0.1110158790663505,0.12073606485418309,0.011504014682207978,0.009724977671938735,0.01726814763133941,0.0882447458574315,0.011221684610462638,0.0032808985734076902,0.047508706734904406,1.3778723572431812,3.498443040958896,0.3045641185552813,0.03578004399286262,0.07701500684755189,0.04250515840169331,0.01936870950018658,0.006046858549135837,0.033916000898878904,0.01296924561904993,0.008552408352271926,0.08362966562896815,1.7384393107536602,4.153797244174406,0.3601297218592897,0.05417695650551464,0.13311639078329462,0.019884416315443534,0.008721977958428957,0.00932840769503997,0.07139222689344019,0.020775200995280234
176,0.17870442607710438,0.2917409595634256,5.292657207096776,14.292998763720195,2.1709882611228575,1.0582075061897436,4.129642753447255,5.708688350838999,5.814588271180789,1.1296136339825968,1.479053056538105,0.3609183888281545,0.2027745535104505,0.5676738844521967,5.072465358463026,13.268656604429086,2.806187073319189,1.8942776965796946,9.449019571446602,9.963392497070375,4.629213373641173,1.7593379513871283,1.0441289024055005,0.3476284724089407,0.2128786660105951,1.0600296277248213,6.3921204487642935,13.098929830551146,3.069187081138934,1.7781946122050285,5.699369482590305,11.625059989777302,4.514053180108467,2.0432932887250375,1.032243191132943,0.4640760342536433,0.2175303333805453,0.8732390479189274,6.413772854718469,11.60818816326062,2.1116590072743353,3.105083538889885,8.307282429116388,8.134315900071975,3.551160568098227,1.1048627966738516,0.8976756711999574,0.3499633248967509,0.21008309599853328,0.5568336967452259,6.421860000443074,13.25526065184673,2.6453433336942425,2.6642364244957766,7.717839827028014,9.500026988002562,7.708948703507582,1.6384124792391255,1.1479719077746073,0.35722835282164234,0.22993554967065005,0.4978239991732418,6.737362494853235,13.249013109495243,2.090359625499095,2.6394516092439493,6.217587699303705,8.494045581077376,5.6607709968090045,1.7393459035888796,1.0272742874423664,0.33685483313375897,0.22568358260777685,1.0519194053010694,6.775376797779913,10.614958872000376,1.4325928955020442,1.5878295851548514,6.803019883748024,11.773726466778786,6.859789597938457,1.2013848019703741,1.2918167577783266,0.42084416224110505,0.23969603401037953,1.1424986533728871,5.494247569999387,11.404646060874063,1.5607072200025283,2.2679313813646638,6.276942600569418,10.85594440631328,4.631880406975746,1.7877153631083427,1.0570363543927668,0.3962003142987528,0.36484859845330636,1.369675735417258,6.729104366936991,10.554081715683141,2.268487149361641,2.5272516201237836,8.412021188928234,6.434184592039354,5.332019056489071,2.0920931254183093,1.1238210536738236,0.40664957665628,0.2695608675864435,1.2696459321703377,7.066641423221557,12.24495848523577,3.2940239234316735,3.5836615684827167,7.427491614760892,13.457327286101156,7.0706715968251235,2.5508807004747855,1.1210153567890326,0.43293517673207865,0.2876749100992756,1.0687133388070786,7.0974681389908625,10.790548869013787,2.807156194361948,3.588367195149263,9.982160383395609,12.598236678242683,3.219655101656914,1.0878561224475984,0.9252814294099807,0.44394367912123284,0.2977444899562866,1.1643236751590162,8.204211363186758,10.378321426689624,2.6732797430215345,2.6073918630083406,8.666687250964102,8.796530842088885,7.915962013185025,1.857605419341595,1.8487096094091733,0.5683292102621447,0.3435355707714634,1.1526122463439485,6.876284565867915,7.454040681848923,1.241464386265124,3.2161824149290723,9.625799754165836,11.091707806221901,7.169952795604864,1.716564517578771,2.273369070808093,0.6344689724522252,0.40287838974306656,2.06923603743902,7.658915394717646,10.096077985227108,2.8052501004453627,3.1051555210649964,13.036748891895815,13.975308795417508,9.017705712338289,2.172261114158938,1.7194080912272132,0.7711007122070559,0.5360423890236885,2.3197827939531335,7.349718114426059,8.054292102237543,2.1870110329697208,2.3084535524845124,11.357405213213735,9.462305694606995,6.137388042251269,1.2988023079979805,1.5085288072824476,0.5953142934076248,0.4220169819554974,1.833924199730672,6.643078830242158,8.911435509304207,1.8338280597233005,2.4492798065543173,12.110338479242015,8.240110772540493,8.515060680349666,1.6474940379588836,1.2023058116237322,0.9630348385726251,0.4817371637109787,1.7747714459830022,7.421678263295081,7.283923836489518,2.328603966947525,3.7445071603655813,11.368511924416788,17.018194985851164,8.11164128533999,1.6770773458865378,1.5630073165694873,0.7330531356411596,0.49210646700474525,2.2937630230448955,7.664632247167248,7.425953363120556,2.4829608613829457,3.1324507904152075,8.057744060774004,10.62862306048793,7.271421308040618,1.8633714437677014,1.4289307642579079,0.8039085094390377
177,80.2759267991589,72.79227853502546,87.57798434842019,101.91849093119302,161.16135349888955,180.41462476094566,222.2669289619692,257.93857603996037,345.37738469441734,697.6096254902501,229.16325429280602,154.381521261892,82.80101054529992,67.46095007948101,59.827970280801104,63.71887334187825,121.01029468167212,165.86496741231286,209.26407782277752,264.9177858315744,397.89040589396166,493.26926017515115,327.90289755757647,165.6401095827164,78.61156023087041,64.20051499747291,62.60314086914061,79.33416585286459,125.91499318276684,162.72475190734866,198.83568721648186,253.93622349400675,414.2906909586589,447.0218602678853,355.7893042449951,185.00127449773973,85.13870397260112,65.16373803876304,57.020289183585874,65.2823696085612,119.50484932684131,161.75658366394043,219.93671451199438,235.51545284148187,369.79516964213053,421.1086115289504,367.86800132242837,161.01321218182963,81.76384953652659,62.115845570493796,57.9959946663149,62.60085135904948,103.14963724443987,156.5923159128825,185.91016835858744,288.0660415501749,351.5384402872722,450.93936065673824,294.99119930521647,153.9379892263105,86.48878816173922,68.01243924314753,63.88825757426599,78.14215328979492,106.80802965717933,157.78942094421387,212.12822318292433,257.2652761693155,424.40665771484373,461.40161687051096,366.6056428782145,173.71431381717807,89.25787413074123,65.40218604628089,59.90404361847908,66.18542797342937,119.0261579205913,161.83933176167807,197.79650424095894,250.5028142178443,442.0236895650228,495.61464292464717,310.53166591898605,181.95338781541392,78.21757840064262,60.09157319036022,57.64174151512884,63.69818692525227,96.60247064159762,140.5579478225708,214.49963342974266,275.09535811885706,402.3427377827962,470.1818077924175,340.2634644266764,148.8561945072297,90.63213230748332,74.34617746024296,57.68879960583102,61.91270167541504,95.15464492305632,162.13393490091957,196.35473762266096,250.82833867226879,369.2195757751465,555.675100919662,332.4722796681723,173.52024361395064,82.2640988503733,64.65131276304498,62.66600616947297,86.62035159810384,101.78307138258411,181.2466672185262,203.5749821865943,247.61988352621756,407.2925111694337,469.4356268162881,351.3283097127279,173.53914339619297,91.12897256174395,66.84226520068539,66.80981538341891,75.88744193522136,109.94505936161163,160.6710503845215,207.54263654155116,234.21156436058783,442.4433114471435,479.1700228783392,367.89673355102536,191.06460352743824,82.75374364545269,63.71481066548766,64.08143931235037,73.96474007670085,122.7892381286621,189.9114074350993,239.8877449232532,242.05813364828788,384.93042803955075,448.97867144184727,418.9285702362061,167.3369731435468,81.60336251535723,62.21423866271972,54.00480309763263,57.80872425333659,93.36024547453849,160.62125396728516,181.6094606313398,242.80919520716512,375.45503795878096,451.61040130615237,315.22396697489415,129.8395656265751,84.0663434182444,64.69298826696838,56.297359033400014,60.35290320332846,88.79115566130608,167.2460352121989,207.92414593112085,251.6304375285487,441.6819199117025,512.129388831354,354.1525265604655,188.82889364919356,81.81958156954859,65.16530437958063,59.36989121960055,74.14972167968749,84.68856931624875,162.99648492940264,228.97107357394307,281.44925410609096,447.01992929585776,536.800569074077,369.07574884541833,199.05124430994834,83.30456536077683,65.01286600385393,57.09995403658959,69.86527105204264,110.62676184377362,166.9213749516805,222.14200683593754,244.4547057071809,369.23833289591477,420.1685606531943,363.27057438659665,190.89942340481667,83.46814822781471,61.668755677697696,54.12061121786794,56.41151815795898,97.45160815823462,143.6038931096395,240.4887757430538,235.05456335744552,398.18983850606287,501.74148572860213,360.1027185312907,140.3144894556845,72.93818703436082,61.37345524228853,54.927563259986144,55.635683583577475,69.17884004654422,160.10851896921795,204.969503636514,281.5162737200337,404.61502905273437,489.84377426147455,327.01147045389814,150.32772049442414
178,0.4008214883265957,0.36442518159747117,25.608074239473194,47.91821360806624,23.379992626367077,12.971162955959636,34.24907417681909,40.370053130388264,8.79645453532537,1.500393295672632,0.6167793413003286,0.3487121294583043,0.3689685799998622,0.34179004192719314,26.76986877608683,75.45779350982109,24.728210063288287,18.491045567353567,50.001656460031384,49.70973474710219,13.527873790025712,1.722248118462101,1.1292923972010613,0.3928809273435223,0.3475270767942552,0.3333700429262786,30.369331108793137,75.21165785312652,19.845733299563005,22.926160482923187,55.77968570697692,40.80378022459246,13.598049857457477,2.4941361054874234,0.7477812344431877,0.43314158691513927,0.40322490453720095,0.36473462398563106,21.812401150465014,71.56867558773358,15.797426645332768,19.17037017051379,53.77327868373163,59.567374779216706,15.874397765835127,1.934178161640321,1.0475641723672549,0.45990219206579275,0.43558046473610784,0.9163093276549443,24.239517997599414,82.82398532931009,18.27941257353752,19.755272089441615,65.39032289262741,64.29509765848037,15.782733737111093,2.1578758174373256,0.9143330420454344,0.512778123290308,0.3588872548457115,0.6429981001888591,27.356880665709895,75.70494850798447,18.563827373981475,20.827497714638707,45.154823876773165,47.96634857885299,12.957674203038215,2.149443871801899,0.7771268838644028,0.40480797879157526,0.3173021527451853,0.4267903051007851,28.565634774834884,66.54564582713445,15.701926133709566,15.942234781285128,45.59025036796446,40.381181845011255,13.504157764414947,1.6273820753443622,0.9720141471624375,0.3394490643278245,0.25308473627413475,0.9112244016299108,32.843686924461394,77.78102348037561,15.340620493158218,16.50779287020365,45.416662518958894,38.50848515927792,10.520718920747438,2.0033043062879194,0.670161773622036,0.3081461922199495,0.29007353973004124,0.6957584429778196,43.46609702181431,64.6749983055989,12.828757604668217,19.933912667969864,36.26846427067634,32.77481673544453,14.90449235657851,2.1819684533149966,0.6519531106551488,0.3302823345507345,0.33956320428079173,0.7092830988507847,37.29675535918244,87.59454599676529,20.641862082481385,16.935849616269273,62.78446913315404,50.53804563051269,18.11073033271233,2.906796940334382,0.962758997241656,0.7509566398205295,0.3872707773600855,0.8694174305243152,46.96024678186062,64.88323440339168,16.248162099661364,16.182779755274456,54.47426367975051,64.1673630369863,15.630413986980916,2.581568131485293,0.8910898005167642,0.441408001722828,0.36769157290458676,1.092301342146003,55.4519073372118,74.65155347694954,12.422565426826477,20.358282766183216,55.66767873325655,54.18037853779331,18.191599747657772,2.424445345670946,1.5083261360923448,0.519712202760481,0.43238257463901275,0.7553484219437456,51.588055389446595,73.35570830432574,10.137180031576465,16.421523602286975,43.43025453948205,44.91258905629958,17.832984441717464,2.922115345328085,1.4698765719731648,0.41519936077056396,0.4453240308838506,0.7189314234998132,44.10990569503076,77.93109765871365,11.335354030055385,30.169298544049262,59.21318200265208,46.911114325696424,15.915024606625241,2.6271967639077096,1.059264108856519,0.9406523320751805,0.809166265187725,3.3113030003539743,58.17758784484479,63.766982216835025,12.58549553740409,14.55211906671524,48.73276375149527,43.82659372418158,16.32020004550616,3.1757256522678565,1.2472047175168992,0.55292223180494,0.37687308199944036,1.3041537058940662,52.923294125372365,78.99856143164635,13.035469861799672,20.866579023877783,42.12745550236394,37.01175840918095,16.57346976697445,3.1596083029623956,1.0032689246137936,0.5692477170113595,0.5176492048848059,1.869104244756728,64.0336581574044,65.81988564652204,6.427909533708326,15.894619260629018,55.484255645794256,43.19608996706624,18.92101766419411,3.039847461735048,1.1155926126639046,0.4708988663842601,0.34515290586217756,1.3688675838730897,71.05744490498496,74.73977782297133,8.805721215163507,16.767578488389653,48.843484094546696,45.29218610715481,16.141614156027636,3.342719030399477,1.3894481412768365,1.1416498243616473
179,16.319821554614652,25.930791086597104,86.03318283019527,58.2617806895574,21.789867231922763,16.54758907636007,3.415802652989664,1.382131715359226,0.9319907021522521,0.7531214533313628,1.6287505515416463,6.233092983884196,13.512714165795234,31.742520922125852,66.71673486078939,65.71884567213058,28.813069645973947,22.534223670959474,5.22903120779222,1.4877257372486976,1.146079099973043,1.5751368389975642,3.9005569010774295,8.38504496509029,12.81137167496066,30.437942022668018,63.17793107109685,63.87451276318232,34.778495569613675,19.00524357064565,4.116591419289189,1.230121434503986,1.7236109652519225,1.520772730611986,4.283962463299433,9.916663444176796,15.457641922158581,35.87036263357976,74.14206673922078,72.6569771197637,38.47799390639028,24.029738049030307,4.828839623774252,1.9924623342867822,0.9786822645664215,2.3380312961532224,6.4240651297171905,7.124900629443507,16.028619773772455,37.59191019880801,71.80345760045512,78.70111011473338,35.896061215554504,21.291361817677817,5.639593334197999,1.7939794364283164,1.5053593995173773,3.2860342502786266,5.859157749672731,13.621316859779819,16.02118459966875,36.15737584716727,70.66967414686758,66.09825232632956,33.04217862898304,22.17094732427597,4.821504588050227,1.8671421603233582,1.2978794000148774,2.28777493417263,5.518724805474281,7.927704408111111,16.01783709491453,45.28345950867008,69.7233068370819,69.56494252697627,32.25787453205355,21.171259326934813,4.998125360781147,1.8669225608533426,0.9480329494078955,2.3804656379838143,5.014979416827361,10.742874996854415,18.035072982926522,34.5041029303987,79.70508131211804,67.46983912309011,35.34574575454958,20.813965098539988,4.469601180399618,1.6448547780513763,1.015749089916547,4.317592725100056,7.038379644532998,11.549950284842522,20.293279102694605,49.818381048860815,81.15339864653926,79.1724941809972,37.05948737182924,20.90390561167399,4.731022131789115,1.5870756605363663,1.1516039760510126,1.954541745993399,7.4131690400540835,14.069702094658728,20.215683121412027,36.339564877701505,73.9575761169003,61.095751505374906,24.861847094566592,11.243589335362115,2.426901148057753,1.2463194133389381,1.2664580187002819,2.9367881863347947,5.370897400856018,8.874932996880622,19.610342588636183,42.50326388977284,65.49510263562203,54.93617922059694,24.027071448218436,14.084259815772375,3.5682197399293223,1.7465638279914857,1.200091184178988,1.8878533010328968,4.9989450247287746,17.310140013963945,23.575624421661903,51.90552568514945,63.75469905899418,65.15478123505909,25.288350359701344,11.48086437980334,2.525175757100505,1.4222064902320986,0.9125052117109298,1.4283244877861392,4.330827415347099,10.623484794459035,22.00521677286394,47.79448707168766,89.3381270179441,75.134093873024,30.19197920599292,14.15026251022021,3.041130704033759,1.304861546062654,0.9602050970395405,3.068576783191773,7.149030165890852,14.769503287538408,26.087670157263357,40.968655370362285,73.35331688265646,60.17287381490072,22.683857900557978,11.497572909752527,2.5311218448223607,3.2107792766632572,1.1230676507552464,2.694000490461627,9.244047190447649,14.9884421557188,26.062933030282295,55.09069127259877,73.44020076413308,73.40881599013011,32.36552741112247,12.544207397460937,2.7344286311057306,1.8945478137077825,1.127818011959394,3.2164174010676723,6.655598938107491,14.913288226089168,22.635635435542753,52.16723128035151,62.10652439548122,63.746422299385074,25.827218535177174,9.93703224126498,2.69672074725551,2.1265684045130206,1.1903859024047851,2.239548415291694,10.233890698432921,15.736999813395162,28.003680940328103,57.13167141038796,74.47191166631637,59.58613355000814,25.692180357287008,10.81893959681193,2.998943825767886,1.251606317181741,0.9448488326867421,4.1639594734868695,5.595853037516276,12.425279401271574,26.85641588532156,56.843997022922835,77.18669576898698,66.27924588680267,27.84400971889496,11.758712912718456,2.8490917026612066,1.7611495195281122,0.9441821568409603,5.088900907424188,9.216382365902266,21.690915722289397
180,4.806585688744822,3.9669953976358685,2.872813257863444,4.355070900917053,29.81826958656311,15.216809748013816,13.954503961532348,16.344169478262625,27.88966559410095,19.076823717548002,15.826838642756144,16.063139352490825,6.234808196406211,4.830638441370039,4.225967883294628,3.478343863010406,10.424678135533487,18.713505097945532,18.6521669443192,21.962928263756535,22.828319205602007,20.806412989708683,17.740456269582115,11.523821286847513,6.587297276835287,4.752016261727939,3.6828452885535454,4.266092439174652,10.061038176321215,18.212279150803884,17.77267326478035,19.492544865146762,23.44761208502452,16.916818619389687,14.26424474525452,8.313167893809657,5.857567588129351,4.730581921896911,3.7629739269133538,2.9564797894159955,9.687445886673467,18.431273540178932,17.800059440212866,23.052082508148686,22.515854324340822,16.47159235431302,14.383178675969441,9.886839660521478,5.29062458438258,4.030712079567275,3.2363342126723254,2.7431913404464723,7.615205773691978,18.254121762990952,18.982956687250446,25.30847681660806,25.901625059127802,17.914541609979445,13.107151599248251,7.94588825625758,5.948264091553227,4.256687556170478,3.473372412804635,3.625088205655416,8.125838443848394,15.962809110323587,15.560081386258526,20.038042749589486,26.951683139165244,18.8216067172635,14.165327968279518,8.744905276144705,7.079196448479929,4.699848342564306,4.513875143143439,3.5599392701784773,6.748677555899467,16.67410906839371,17.38241965309266,18.70412743106965,25.56634109942118,18.2420209078635,16.766070918401084,8.213422690360776,5.2311570662836875,4.133041868280308,3.883991865496482,3.6219740726153056,5.8189105738362965,17.049131500085192,18.69170359365402,23.084284196976693,21.044844750722252,16.682107493492868,13.945308647791546,9.996963661870648,5.597727499315815,4.719181562873531,3.7582141185575915,2.7587374876340234,9.192535280104604,15.803442898750301,18.6404624056047,18.95158488319766,21.697473857402798,15.523754292457335,17.681401734670004,9.749096400353217,5.957282623783234,4.489116848583879,4.051539758251559,2.8853116768201197,8.426446891446266,20.039924044291176,16.867329434579418,19.900439145795758,24.812165457725524,18.62214169533022,13.56213005701701,8.877346660860123,6.167738206463475,4.379476103935335,3.902297321442634,4.0573207921981815,10.401767172044325,20.101171603043873,15.591184543178926,20.51464600686104,26.36064529736837,20.220116598990654,13.405613656361897,11.584665004668697,6.7200643551734185,5.177859977865454,4.4627284736018025,3.61322788699468,9.975161222642468,15.667790504137674,18.16882301469003,23.547224231535388,28.03025799242655,19.64437465852307,18.41468513202667,10.541860766257008,7.813205421509281,4.838312745857709,4.323359282555119,3.8135917420387266,7.032949505313749,19.17165817387899,17.34408823013306,22.549597374085458,28.328359440485634,20.003012678084836,16.180841520945233,8.873228285389562,6.9626712617566495,5.291213732957841,5.311473852742102,6.033291307926179,8.316951730251313,18.65460265358289,17.41809960580641,24.36058344687185,27.685048432032268,18.465466869415774,18.841697987238565,9.637513328367664,5.786001038705149,4.5044214419426,4.073638910785798,3.1791338278452557,6.281704933258795,18.225233230431876,18.42817512343007,23.52631696208831,25.439486921310426,19.578799578758982,19.172306821187338,8.456604599183605,6.349183364068308,4.655135661105217,4.7153876875292875,3.60521887588501,8.155451404663824,15.15239696375529,18.091186075672027,25.819145114960214,25.897929563522336,19.233763899649343,13.682418999354045,11.010818286095894,6.325640791616133,5.14152318770075,3.938633196277003,3.8039221537907912,5.09406557959895,19.85868411254883,20.633481524682814,24.395480633397256,24.153757353464766,18.690236169753536,16.00669853655497,9.638990489282914,6.271563144499256,4.6341464069148,3.5950812233647995,2.759436052322388,5.706287032019707,15.064737550894417,18.743342222859784,25.5384860937057,29.312225609779357,16.554596129386656,17.711618929227193,10.314077526215584
181,0.19134871248275998,1.0896976109328014,0.28438364347563155,0.029170245208467005,0.025399892693085013,1.6033579506880293,2.445491483795547,13.454568450477336,0.44258111083880064,0.0657982528089515,0.033682489010194896,0.2486423352853424,0.3618720931391562,1.140501964120974,1.3882381206378338,1.6886785391013448,0.3954974415799181,1.414959512569942,12.684695043938175,5.839543229294639,1.8929827164784077,0.45268351188109773,0.07892169693546987,0.41443725590564073,0.05101236521957377,1.4392305045946745,0.9360355773658281,1.1338382488774756,0.33715445853229004,0.3237357706036418,5.106554497634812,8.014251359120733,1.9407314843833443,0.12467003834704235,0.057630945620437427,0.30498854541970827,0.3284272714728309,1.894254097377381,1.9653962132100375,0.11050551671721039,0.1573090811578496,0.1267424003972361,15.651950392780169,8.221841216781925,1.5939649042810002,0.12275191470379787,0.15226533745415505,0.49088881351294056,0.4655435293882844,0.6158483643897492,1.061305458290923,0.9144634211994707,0.1974640829933266,0.7065557400615264,15.308494226601454,3.2618524020357476,0.20788276980568962,0.1472503432775697,0.13851639357022932,0.7330429255541775,0.025047098527992872,1.525806141846212,0.507184271676646,0.06055075222874677,0.09349852715769118,0.03612198313046242,12.732378430608659,3.1700925069819057,0.9969711757563056,0.11996862540562303,0.027197128699471506,0.5245835527164802,0.3784410227916294,0.6628228135674439,0.3150073220706995,0.06635667773863918,0.17697000443304495,1.9622730764551086,8.008636772272087,3.9195297005772587,1.725446013311545,0.2165083135015541,0.2819474890368679,1.7196540727634584,0.5869181517121052,1.45089893630325,0.49053193819018137,0.26358067463586726,0.2816470224236048,2.3484773748063796,9.330565626872403,8.993143842674552,2.061162993433575,2.687386067271713,0.05937251667181646,0.4425097048018247,0.19926865589955156,0.4827267725424374,1.037097503858348,0.13137765559243658,0.5710012488535816,0.479762673676014,6.427060045334962,4.6257650170523315,2.7582392566775282,0.1934155041880665,0.1124573489216466,0.5751790824412337,0.14402018801519462,3.4133052971660676,0.9976971196966066,0.14059645392590508,0.06347969786143827,0.15726830455288288,4.588467301642222,7.7625615053804164,0.526969911629955,0.22734752518395257,0.3330215891562402,0.3182344424772646,0.807306653094748,2.2132692818970447,1.4704329881105092,0.10057974755919223,0.5113506099536654,3.7928351791873576,8.608888682193092,7.5103638263130845,1.6015686841805779,0.20495783334537854,0.1257394904096921,0.204845501260171,0.028512490807521683,1.63165030143382,0.5803251137806764,0.09370514739925657,0.36635873661046064,0.7780799507889896,6.210221573788553,8.630285972303922,1.4321289420872927,0.25369482547164923,0.055055718140055686,1.0187377126382724,0.16943852170040047,0.5636958935351473,0.45770873725354183,0.701917133897543,1.3526650729655258,3.201045356366784,16.955401564262083,9.483809987905044,2.354132544974486,0.16835096520281603,0.044177523395667426,0.47476232007446306,0.028659528348474683,0.39949508810054574,0.2489084103306935,1.449906955417556,0.0649164748179816,0.6105811721791202,9.301075728833677,11.356157431936552,1.6343922470683854,0.10849256878898986,0.13182156784025328,0.28498461829588534,0.17148790665571723,1.6218998486697764,1.7236296644924027,0.6700889368321126,0.45705720584959747,2.1365993874544897,1.8343042368273579,10.99064261251039,2.1039340004151064,0.24617594731791362,0.1902044311972955,0.2450265433320835,0.13825188490351836,0.9635168830361998,2.4352751612278727,0.5558050021951397,0.06984963526168173,0.4313731091811011,7.472509679895856,8.646533339822724,3.3562994601155323,0.3396013961936677,0.041418440428251976,0.2291399908041761,0.2916429833220618,3.0298600386069365,1.5615719518690339,0.2884448235879341,0.3283850010718789,0.9553630851457516,10.644635671532203,9.62040942176696,2.7213273606946067,0.3150127637566577,0.05083553441862261,0.6573470252043296,0.13549868622073719,1.9855572149398615,0.2154212780080495,1.0037987023020782,0.18887862682883294,0.6484073537023117,3.8469390476807477,4.455365044845929,3.141245148407916,1.4893066498961658,0.10480628913392617,0.7316070279779453
182,21.240753481465003,19.80947538103376,18.99356654997795,26.620225283304848,84.05331094188075,201.57755546569825,186.54086416921308,166.67404274479037,106.44384770711262,76.62118959734518,43.367835693359375,30.759445375011815,21.071513499598346,21.012468432816377,25.466503678598713,40.17211441930135,85.97388075551677,125.84229765955607,157.2485223388672,133.61238340562392,118.8631475753784,77.95214752689483,37.26295423380534,22.427419908585087,19.928874839044386,19.742581385908455,25.761225603165165,39.66953468831381,87.04154078452817,138.83588228480022,147.99768664452338,151.4616871372346,101.18561476898194,68.64573487312562,32.555766401926675,21.56303938342679,20.367359268434587,20.285058816195708,20.803071967094173,35.15255958302815,75.81211855488439,161.75738156636558,150.62968825801727,145.1164447292205,101.43612313842773,63.67245660105059,32.22895737711588,24.312349915042997,20.961047006422472,20.181484705027692,20.351620747966148,34.21434924443563,73.33816305345104,141.4976931927999,179.99590561897523,126.58016215662803,118.56803206125896,65.19154986719931,25.633785018920896,22.036836638912078,19.20905252518192,19.027459972221862,20.19344002877512,29.818180127461755,47.895601635594524,156.79110450490316,171.20180743186705,133.86625995759042,95.75877564493814,65.75738318904754,25.210295750935874,22.026953820259344,19.44749297726539,19.389494165552073,18.77380389428908,29.98947411346436,60.55673100871424,128.7812181816101,184.1466739654541,139.46191035855202,128.66129691060382,64.58647551505797,32.03835762786865,23.297333568449943,19.324484259082425,19.149067596708026,21.24233725640082,49.80646060943603,51.3670521619243,102.33607428232828,147.641372251203,135.9684185200353,111.03780730438231,63.525660608353164,28.86427011235555,22.685724762947324,17.944915988060735,18.462628243122197,21.613898952853294,33.451869790395094,58.665335235595705,113.10483561325073,141.455331280616,147.97023767040622,103.76095542907714,60.376013018700384,29.26001587804159,19.364027674275057,19.704217262268067,18.75761035468191,22.54280095377276,39.44597880172729,48.92894979661511,121.18806641006468,184.48277045711396,153.71220824210874,100.37974904378257,72.49599927348474,29.447380661010744,20.33874173564296,19.90697219233359,20.954854359180466,22.834402251705047,33.19819428253173,103.07574882015103,165.27124721018473,171.82688863815798,131.25781728929087,131.4219446029663,67.5581531155494,40.714307889302574,21.541758755099387,20.70455284610871,20.00993559231312,21.774174900670204,23.545363718668618,82.21970870848624,142.0233063176473,161.67653603338425,158.98412136447044,109.04624125417074,81.51809405419134,29.471683448791502,22.137847947151432,20.248299000647762,19.949449885748876,24.74549204180318,45.352172180175785,62.26924046054963,144.1344450009664,145.99560134395477,154.81379189029818,123.70765897115072,61.27174023043724,33.705591321309406,21.606128663093813,21.02333790686823,20.718048256277452,21.171333153017105,36.215267635345455,66.13141609068839,158.42009334309896,185.26562385312974,161.31931902239398,136.2997414601644,64.79592383600051,39.41457844289144,22.697811264530305,19.96356466600972,20.00991067036032,20.997092233473257,37.152696009318035,82.54022427343554,127.81883046086628,145.742497046686,155.7015648675734,127.19164510854087,71.748864623039,29.06441781616211,21.673809430522304,20.105857750677295,19.840977173227394,28.295880086345058,34.99208615112305,63.227641740614374,119.23064702479046,188.61622714134958,133.45003172597578,128.52910980987548,78.35739019824612,27.128060969034834,21.33156352873771,19.728585303521925,18.80964693792935,27.118301274699547,49.19958960851033,82.37554320550734,121.0354929682414,168.17407484731365,172.48252633986937,139.08539557902017,77.13373169191422,39.58302136993409,23.965673543868526,21.2293529018279,21.84510805214567,24.118110276499102,41.07216184616088,71.23379909884545,194.32364677302044,170.0907102560228,173.68159828924365,113.67253958129884,70.00576140865203,39.76170330047608,22.595662359422256
183,9.30967641757621,26.80859717710742,29.924374208815635,10.108257084141176,1.0682409051084711,0.1746946431448062,0.12898904427645663,0.1349690717735117,0.0869005878642201,0.06730493447713308,0.1961723081457118,8.466612146332139,12.966219198823335,23.180465064613664,29.686196692591956,12.082318416431546,1.0923628529161213,0.19571829564372697,0.1256516371366958,0.13137831876595168,0.08980257464696961,0.07262261805515131,2.715593136921525,6.035626057861673,13.589925272789213,23.65463336178143,33.99267782970301,11.58181375087301,1.1819476476756314,0.19700262564172344,0.13412429388131825,0.13370750413546634,0.5663722603445251,0.06975150268404709,1.5213240866822502,7.266955303386334,16.070985082480455,25.52441103522753,45.07906723677871,14.663547880262758,2.7042425285742406,0.30078879087480404,0.1610068459886937,0.14142441687564694,0.09555163714786366,0.09549713464273556,3.392282550244282,6.9502544064495355,13.96784288041594,27.726720792921515,39.3348048092497,19.83013399294267,2.8433003976700766,0.3124531687883039,0.17326883709839272,0.15235190000745552,0.10205674523860211,0.0863098668763714,5.544205752325555,13.377356397599101,17.471555219512556,25.789018716255363,37.02857296587839,12.412935008111102,2.3080033942119726,0.2451152575152616,0.14994599070039483,0.14261430267845426,0.11104434805363413,0.09064226485067793,3.0120465019904077,5.496425388012561,13.645060007755436,28.378468345453264,30.14515961747917,10.87315237192313,1.5897708262515164,0.2277490768531958,0.14044225648225792,0.1362489802846985,0.09200635952254134,0.07376278315820997,1.1850916623659433,6.991370090101394,18.344424757069397,23.473729137575962,33.449622689673014,12.025927992890278,1.9767448002244195,0.24045895777642726,0.14421095469906442,0.13578882405354128,0.0912169763023654,0.25498622650100333,2.058597699811061,7.757904402941705,16.18113337197972,26.9439557400043,28.944007380020718,11.846341810495904,1.9769784018944108,0.2641706426950792,0.15699552608593817,0.14457254609994347,0.09725221490859981,0.0801361640134165,3.1012239632556837,9.6114776219704,15.118994514904315,23.654529630982317,27.699554474031732,5.043794477033119,0.36057204482896676,0.16170214837665356,0.12569823812693354,0.13083561876848818,0.09032746119673049,0.1368811441164824,1.163212747234851,7.385952797149939,14.844472955733897,30.712189526018904,27.21556403988071,6.186708019850154,0.956994752228981,0.19079166836788253,0.13368491536787436,0.13409041270854008,0.09345100398485855,0.06925128101100839,3.4939086159368364,10.561353391638448,17.78663570489374,20.880810506855656,20.010188666173526,7.198058243306974,0.8535843487660731,0.1574063312510649,0.12366979403361196,0.14270054468464463,0.09080550216386711,0.0677814043024855,0.7410822048609454,7.40501583390058,15.908029457288645,22.932112541305674,30.978222695912926,8.873706709315378,0.9014534465773331,0.2035526849577824,0.1363535576722314,0.13523202985525126,0.10954472701127324,0.07129510559141632,1.5369023874253036,11.85761759185863,14.24380029662422,21.352099502620497,24.54283416634005,7.427813794713467,0.5883057261018022,0.19310624455412226,0.13417161816070156,0.1371337720030738,0.10803524529313044,0.08019201524315336,2.5287393862530587,5.99780372028209,20.5076872055575,30.723081745910342,24.853788709438618,8.287628108372292,1.2452477784550957,0.19346028930693862,0.13638534131790356,0.13751898027716142,0.09336403313775854,0.07984215158368306,2.008284215668837,8.232711868473599,16.92917027919824,27.776710480769886,21.302860951558237,6.325610517224918,0.9544598383660758,0.20786193512876822,0.14206060189994107,0.22050287725343817,0.09613133576388157,0.22514294588277411,3.821526399334272,11.433032119458002,20.441373157027147,26.533327401941484,20.854046351029986,4.129382103362431,0.6279441172064792,0.18443639843724663,0.13156586036326418,0.13625545622119978,0.09924870802710449,0.0920009685908594,1.1777305275487404,8.912226726778695,16.445852510720613,27.964226276051058,24.388325747798284,9.794650633890182,1.198866624756446,0.20172679350897668,0.13602662931166346,0.13908795920951708,0.09568785549700257,0.4496681894962825,3.5128017382733523,11.812352769593558
184,54.53281584170556,81.53335555791855,42.50150787599625,23.322341817220053,3.71245588333376,4.1810115671157835,5.428774163030808,2.8331287153305547,1.9209696535269418,2.032346357453254,4.719201800425847,32.792705488589505,53.356843241107086,69.41904444873039,114.13333160169664,71.3243967103958,9.641462188843757,6.036887588024139,10.915558844612491,4.657898467817615,2.3201594422658287,3.879598458505446,6.635069518645605,23.059080274643435,60.658739468128445,91.79927752568804,91.39463386381826,43.83567451524735,9.851000652928505,3.52549060233434,7.13821619679851,5.917368508846527,5.069548429648082,3.203653822022099,4.788373910268147,24.935013455844693,44.07341127434084,114.12271589581601,176.26980303241362,47.72606740220388,16.1299155130694,7.944415494362514,6.781678614616394,6.614394889877689,3.025039242426554,4.514604541717037,11.86585755332311,18.455667385901172,64.65616685821165,86.44639876477825,121.47010098195844,60.975118511517834,13.872797242749124,6.169316298961639,11.004278750419616,4.178729958995696,3.4406060833930967,4.823315237875907,18.958410760164263,30.862579280791742,50.67977373330823,72.62722557905272,95.0301692065116,39.770689399162926,10.839494579069076,4.945518761078517,5.641649049866584,3.9591183307863047,3.3401847524642947,3.326756845212752,11.420842876116433,23.369109477535368,37.402683428718206,67.48403014397385,71.1240866479566,38.64397313841184,9.416249148614947,6.3692787559032435,7.275110060937942,3.8311290100313,1.873517621119817,3.3881268978118895,5.550491331259409,26.86721928934897,66.05687924154344,103.74123820933214,78.63604223366707,45.734710504929225,9.041980838006543,6.965643193324406,7.90375540487228,9.38846613591717,3.029408109664917,4.565229151556569,5.361152205149333,35.897992818124834,49.38144916465205,71.07327767814321,84.79589825045677,31.888665717204418,8.20984369877846,5.326770011981329,3.813723835714401,5.168689248869496,2.4292498187224068,3.699659645788131,7.578221787770589,18.224281799870152,54.317353952392466,101.27964151805551,95.26603898225292,23.203326813936236,4.454140918639398,2.947476552009582,4.678078513068537,4.717631822862932,2.264525911808014,5.536176669443807,4.348811797499656,21.98240988677548,59.56495549963366,146.81558218607466,88.75220340990252,23.542726460774738,8.209491882631855,11.684180893818539,5.044472261628797,8.122847000552762,2.964539791822433,3.9616155620544182,11.63551760236422,33.89868751472042,50.2817608732562,64.42106357663428,47.2405310243176,21.029907793362934,4.761584800058796,3.9845108334223434,7.871184703380831,8.319757747419418,3.211319922924042,2.9294435987933993,4.012930941581725,27.900712151450495,52.76678842959866,65.15240709050241,83.27777551212618,37.282761719067885,7.007537435408561,4.4256513018608095,9.562915866913334,5.414533060750655,3.3525163618723552,4.407145720604928,4.127909111499787,24.818913611135176,24.118323567913425,78.87965848881917,75.10885172697806,38.52105479558308,3.7505189710278657,6.7946302382946016,5.010717936177406,11.397955557684744,5.922015444755553,3.5761301346748104,7.624367656469346,12.444768095747119,73.85271190404892,104.26719520808736,91.80406603197898,35.22136977346738,5.869039091371721,8.540708484411239,4.6400273365359155,5.722095151255208,2.775081331650416,4.20191750199564,6.429848485112191,14.718356091822347,42.016272849805894,98.4537484399556,68.96205086392742,20.40497414096196,5.338384669942241,5.950010756889979,3.063513988294909,13.04046561917951,2.5977878936131797,3.768329506497229,10.900135209838549,21.343308939703046,62.650722049205534,125.60568516943843,75.28997290949668,18.974829246759416,5.245055743186704,9.890297560294469,10.201711949225395,6.816303313470657,3.8707374176979066,5.037889886594588,4.212503176371257,22.435910566776034,47.40026771776138,121.83383858261439,79.0739757940846,40.47733655865987,8.157838706893305,5.6585640397071835,4.436521272274756,5.686607691780213,2.8377198316256207,9.519670589124003,8.215389390309651,25.71513510181058
185,449.5191798056326,356.0519224984305,274.2112090080015,445.91159637451176,828.3411092450542,1912.3349320475263,3226.1905891664564,3419.4991478704637,2098.4719523111976,1357.915519468246,622.3149296061198,404.0476653068297,368.1210367116621,308.50617740499564,394.9212569698211,605.021268351237,974.721219895886,1593.9557658081055,2725.9137116462953,2751.478157919607,2293.2500135904947,1204.6080911747104,450.75108701578785,399.05266091623605,401.0980277965915,362.1386151987461,388.7201257717994,555.0980084025066,968.9446470789757,2144.8701275227863,3373.3372942918345,3161.9457425025203,2224.2473985188803,1079.1393127441404,510.93918664550785,425.15977013372606,366.1006127535913,370.32297651319084,392.4664524595199,590.9540885213216,912.7843054396105,2055.8476201171875,3517.9117745873236,3016.0983177923385,2449.1664051920575,1092.773728657384,518.742283243815,418.1855441185736,373.24903180522307,358.48390009236454,350.22399640483246,574.167867207845,1058.2805079109435,1771.0201153157552,3202.7597693658645,3263.7461521074847,2363.3206396077476,1053.0382690035913,473.3229354654948,431.4366307609313,371.4213766971711,312.28105799632704,352.97420183735505,501.4117848917643,877.5141879567793,1861.959077657064,3136.203502571352,3212.362093939012,2311.9433757324223,1054.1558973349295,484.01999607340497,403.25949108492944,361.54971474924395,361.9265091212982,354.1253003323462,561.1510277303059,944.9584120818108,2123.3489606730145,3550.5905883789055,3346.8832162770914,2649.414718098958,1024.0944281202746,529.1494651082356,419.69716674804687,368.12575413857735,384.988255407775,330.2707814665764,612.7897387288411,856.6473810405117,1548.4830109049476,3118.5964599609374,3065.345200982863,2174.639939860026,899.8103589654738,445.0793423665365,390.5802733784337,371.908366187311,378.08631982737575,434.4371525327621,599.5456683756511,957.5654098018522,1984.247690531413,3438.607215497417,3136.9914630323847,2398.5993830566404,1069.7519813193044,484.75275581868493,397.9814379095262,352.1852477830456,320.23476136907567,362.98623743857104,573.4022200927735,970.6941156005857,1777.9537704060872,3150.7875063791585,3196.7959337197585,2250.67340612793,1024.709064705141,505.6564462076823,374.3287654162992,348.7570713560043,370.2399748643396,348.5962084370275,582.6186501464844,1091.0300234886909,2272.1000397135413,3329.6093085701236,3190.1322270350306,2322.447952555339,1117.4220367628527,498.2582720947265,383.1125191768523,383.40436905399446,337.9656991817681,361.95563141853575,603.8571395874023,1083.5641048702116,2038.0716273193357,3417.2532416362146,3459.7277709173386,2746.9592579752602,1321.4495409762476,564.1764592692058,413.46917175292964,375.8788417693107,350.6867257314597,416.4419350113408,623.2891894124348,1114.6724397523942,2319.8406827596027,3616.9288432853455,3415.352361312374,2611.2491744384765,1239.3716275122858,545.081137898763,430.5757633726059,368.8231432908581,364.1079218581627,374.5079089552357,664.8589059448243,1099.5570957306893,2114.108762349447,3684.9852708385843,3328.2357307680186,2575.3086122639975,1108.2181219285535,559.6789169921875,408.32111239525585,387.74814563382057,385.3129522930577,366.9036143838205,666.2475519612631,1126.1359656943046,1908.2587936808268,3669.9176308908777,3507.4457804624494,2687.1608276367188,1233.7646740328878,512.7082141927083,410.0661361989668,354.4043859075731,371.018233226156,402.5892887632309,686.940883931478,1088.3639777005103,2161.5518515014646,3912.3515051269533,3648.052067949849,2712.6131924235024,1163.128238761656,514.9451675211589,427.9514951053743,392.2647511340726,365.20440725016476,461.7898567248929,770.8936076253256,1216.2520774201425,2183.406173502604,3919.9998102791083,3834.5933984375006,2959.852594401041,1281.9719412723666,608.307267985026,448.6966946115802,393.64522002189386,402.77562488725033,424.29567170173897,724.1024788004559,1275.1766502724927,2607.369630513509,3639.688720230595,3668.5682116305443,2762.503514811198,1074.7558602806828,520.9996777750652,419.28519231980846
186,247.40970518050653,154.0650762285505,132.74956960370463,173.88245244344074,169.713694566296,826.8265413411458,2024.4667106382308,1610.5134629772556,2077.351606241862,1301.9069507229713,783.942504679362,228.29405133647302,199.72662768948464,152.28706005566227,176.3201575396138,170.7900502624512,293.79245378063575,522.7626809387208,1745.6345689736645,2008.9395588437972,1682.7049278361003,1013.3026092135522,537.9562955118815,321.4560174363659,193.1853290188697,172.90139287262713,174.3596013813634,196.04044926961262,452.57101403021045,1074.0858848775229,2235.350302360289,2192.4462815413935,1886.5138197428387,1061.7111416133757,547.1882829386393,357.44578279556765,200.30182067871095,189.08896392596765,172.83019958496092,188.70264906819662,313.5044307290354,1074.302804819743,2455.3847209512032,1841.4075710961129,1563.7696961873376,953.1906338205645,506.018198059082,290.2078974569997,219.5307357788086,198.70950557051032,169.75185233823714,216.24647657267252,321.14897661762853,911.4482549947104,2304.5961092253656,2193.3572037629156,1835.4676874186196,1086.156810657132,598.490530456543,270.2384115206811,214.81625854492185,157.5743629275167,150.13605956046814,165.25510126749674,314.1715650595388,908.0832481994628,2263.5475241482645,2178.9533816429876,1617.3960011393228,1075.8129708370086,537.7576389668782,368.83693494243005,224.93305431735135,188.99931920995851,173.1863593415291,229.71181298828122,356.74740258985946,951.2226392822265,2551.2362571667095,2241.1480553411666,1752.8732503255208,1011.9590835472845,633.4963572998046,293.6578812039283,217.27447013608872,193.98539057012846,154.16186476184475,242.07865670776374,271.97842436759703,728.2270800476074,1950.771068784652,1957.010785128686,1368.446869832357,893.8962686452558,512.0790568847657,311.29928390010707,186.78730074974797,179.96835507810997,162.28821710401968,162.59554676310216,308.2373248094128,919.9573428955078,1907.9304057656561,2037.3973060263356,1820.983624226888,1062.7636185578376,513.8398518778483,253.91318599577875,178.86700490643904,135.42991469209417,137.27667631087766,149.84803882853188,244.24436929025956,660.4511476338705,1846.5664020956715,1953.5520144161103,1540.607028157552,983.8110816217238,607.0547385457356,240.74267357610887,186.95759481122417,188.29100368255465,153.6918244589529,234.48958775838213,365.4659324202999,1384.0273058878581,2188.026699730658,2029.295563059161,1708.9159256591797,1096.5009881198023,569.5036193949381,265.8673316709457,204.71924867691533,172.81587920240582,169.32394080377395,180.65448191324873,394.218541761829,793.8602565612794,2229.1543992270194,2228.8060858351187,2022.3838019002276,1335.677917382025,628.8161486206055,295.27800919071314,199.70154746763168,182.86793577184818,233.66619207566782,194.25013917032877,392.1090753862935,1181.0683911336264,2390.586791155415,2265.04559148973,2063.277231526693,1126.4839704353576,630.0414012247721,324.9369354838709,194.62234691989036,182.055902297673,173.05662764026275,216.93185061645508,406.8390804266161,1082.8390178019204,2273.4173651418378,2259.617729374055,1949.3536591593427,1139.7312766388925,627.1846291097005,366.70134476200224,230.91171224286478,207.84301287496032,173.51504850326046,199.87767732747398,346.48764125700916,829.4421187744141,1931.091195974042,2426.885246503276,2218.2771314290367,1246.1920623976184,672.8033268839519,329.9764523216986,197.3221918807491,180.72825967309512,174.50114362162927,214.0510243225098,337.75004848357173,816.019682413737,2460.71396484375,2638.614347238848,2007.5616909383139,1150.5420065602948,614.9935791625976,279.4219978480185,219.15889612013297,173.67464315668116,180.01300502654044,240.39576077270507,445.9176054333103,1211.1406112060547,2319.103651438067,2655.865943327873,1837.5262508544922,1325.6361539976058,915.4678987019857,349.9763127087009,206.89798442225302,191.99065029350993,197.10693549371538,191.89101098632813,352.1707956227948,1003.8757212422688,1762.2863845726752,2445.8109970781884,1995.172430867513,1057.4591447990174,837.6732301025389,333.94685564594886
187,106.34861745526715,91.14432727268766,84.89024269350114,98.09750671386718,105.720577855264,411.5763343811035,1266.6771564606697,754.8410316713395,786.7975739542643,266.0819364978421,164.93944885253907,90.67369054978894,87.1950473416236,79.92433560056638,85.34873290523406,85.27008618164061,104.86643188476562,331.6573146209717,1122.7359885037329,1020.8174494983305,480.48718491617836,269.25972946659215,144.9904502360026,101.73704824139995,86.04193531159432,84.6685647864882,83.37965526949975,92.58849072265625,143.78302880071826,625.6303303426107,1376.4406000641854,1158.2331153820408,638.0547616475424,273.564175828503,147.06823314412435,106.8207299509356,93.12382947368008,92.78399069010918,93.15415188697077,94.80796708170573,138.14125260383852,608.9401220296224,1485.7949361099736,950.0610825963173,563.2590981547039,316.12949857650267,168.37566031901042,104.35835778021044,93.74826100995465,95.01086800786662,86.5114254908408,94.43463864644369,129.19111192764777,547.7015217641194,1316.24827306932,974.3985360225555,598.6470622355142,302.39644360942225,152.06472863769528,107.45727877709173,90.59427377024002,83.43338530329063,80.94396054175593,83.04164721171063,144.3890281726468,537.8807270507812,1391.4994010629962,1099.244925143334,531.6438234965007,259.5977948096491,165.0964456685384,104.3645875303207,94.21098095309348,91.54078219503018,89.6068273581228,94.29077498881023,153.786731001331,621.8191352996826,1476.310628829464,1091.198429841072,691.8536645711263,293.58843601842074,167.3206038309733,105.00818602531187,99.2914915712418,97.68220833858246,90.71494902087797,95.6958070119222,124.28853855748329,503.73415802001955,1356.1860559869583,1011.6691881832,475.2951880493164,271.94976884411227,170.27892170206707,115.92543558428365,92.00711264825637,88.1897422565028,82.71780280820785,85.04000043233236,134.19946459862496,590.5893046925863,1167.1520973254787,913.8801196387507,526.047732421875,281.66711812665386,152.28042203267415,92.13848823793472,80.2424666570848,76.75831286575995,76.00309124362084,75.96380018615723,102.44915547032511,472.0894586435954,1215.4548674552673,951.2579986276935,526.2844352518717,263.73788721884455,173.82886097208657,87.69459439185358,81.3119003492786,80.36751127139686,79.38079493861044,91.2580132039388,132.76016465710052,605.8617062530518,1278.8236245629096,987.9002788617533,634.5334595947265,278.5259121014995,146.28907578531903,88.13095512636247,93.71425587807934,84.58041380332608,83.19803530293127,85.69121704610188,112.47710982784147,479.59740775044764,1367.2847188051285,1147.4071667283583,755.2942041931152,374.33213856358685,187.68908696492514,100.70621681459488,97.08581532139932,94.74600855709885,103.68108574651903,94.75636985270182,152.82807945005356,718.9095938822428,1471.875201918079,1123.317063992408,802.8897388509115,302.52153763309605,175.67773012288413,108.69432818012854,100.30228775516633,99.83172842843192,99.44979307113155,107.2951396484375,187.33333859351376,648.7488055928549,1311.815782263971,1206.9445928069085,672.2906640624999,336.3935746125252,177.84815870157877,119.14114729358305,96.7203927021642,96.24347521251059,88.83297842210338,93.90208957926434,127.05667127547724,514.8827346242269,1199.5149518905148,1221.445507605768,720.3204351501464,331.8933827849357,192.58104955037436,105.54717696651335,97.47619350310295,98.18255566601682,94.5279563214702,100.82482322184246,116.48108670142388,567.4216173400879,1447.9976468486173,1265.6177403505387,692.627314666748,298.3935360520886,176.49605385335286,107.76665509623868,99.0942496219758,93.15622361958322,93.4564839320029,100.96340120951336,147.3049001829086,689.3655780283609,1441.6037015459615,1306.1462888656122,692.3516750996907,397.3734675056704,230.36808841959632,117.72326370731477,100.93703367171747,99.62977382565953,95.50306594848634,96.77104311116535,141.9484503026162,546.9383787689209,1135.9802211539977,1220.1628559629378,761.6953224182129,371.6031264471238,221.0579131368001,112.24166272071099
188,181.60813131024761,189.2952164241246,175.1676431225192,173.57462619781495,146.39752725170507,224.5634429168701,287.0621511643933,535.0881930935767,265.98358479817705,154.89349488289125,77.1605261484782,71.45350243353074,103.19669821216215,145.38344701550864,301.7499373700542,297.03350382741297,170.12265316870906,199.4016886138916,387.5942696749779,349.47008375352425,213.4778512751261,99.96587072803129,64.43647109476726,87.65351365858508,136.4143335674655,186.28553525323355,249.0203105114352,277.3798015848796,179.6621815712221,203.19106724294028,455.1496865057176,498.5603916389711,238.75129405212402,110.28306014522431,74.91117438507078,103.88145363100111,95.77604953642815,219.6963346688031,384.85396187320833,282.9213245391846,192.64746639620873,226.99152917989096,454.1796915952621,405.69990630611295,210.6609001871745,107.60733233051914,89.5405149637858,76.78535041070754,131.9361797283542,213.21967915652422,312.00834775370936,317.62385748036706,179.79911015172155,229.2227625732422,430.4794339629143,434.86545854137785,243.4128212178548,113.39900943386938,103.49378172810873,91.23243563006001,111.07281706287014,177.73781089049842,265.18840678799535,314.8315001678467,196.517840423584,192.29092349243166,449.7356467413133,403.77906807191914,216.35949316406248,122.12377308999339,81.32912589009604,85.26861810007402,121.35797021435152,190.70264327476767,288.14467206401207,327.5124503733317,172.85516796481227,214.4153579813639,479.1792277576078,441.64309669740743,278.5312016805013,128.7924056416173,90.50386121114096,104.12420102027156,134.21728730232485,264.15153373971947,308.5474007514215,333.1779139556885,216.63776578103344,254.07255760701497,422.91977784679784,431.2190286254883,230.13751683044433,111.28604326801914,87.09450959777831,121.07028955275011,130.27772146163448,201.17461858439327,377.2462189778974,275.24083129119873,169.8594707808956,208.23082736968996,327.44944980990505,406.90110568631076,236.25350791676843,125.95678516510993,86.12201765950522,92.68034140556088,128.98896354921402,260.3390295024928,316.52388606902093,225.5051689707438,159.95733580558533,174.05468786112465,369.02065968421203,467.0489456472089,210.84419687906902,132.5950358975318,92.19970416259765,73.12053602895429,137.61706200138215,257.07957890496465,261.10206034014305,237.13097933197022,213.72202518093974,245.03028432210286,437.30238696190617,535.3221832964498,251.82222395833332,103.60923232047787,87.01377401224772,93.48302641837827,136.41034719159524,220.8495129993044,245.63193431238975,277.9047458674113,158.45092493118779,167.3099798151652,400.61764057528586,587.7776136533676,259.6418037465413,113.71562234940068,76.29756986490885,96.78963026723554,136.19280828660536,223.80432107389856,337.73050870833856,353.0935280151367,174.19634432884956,247.78553689575193,521.9056949147871,469.0681732226957,250.6288078358968,124.05923146893902,90.11352145894368,107.46851991714968,112.36575986308438,189.71213479272248,284.3401181128717,295.0541199925741,151.44742274130545,206.74224320729573,427.3934368699596,509.87527991510206,272.9920699869792,115.14493266936272,97.9226333058675,96.95106413564375,188.7896073052191,214.76861646905908,333.85754230130107,328.6206584676107,207.05117006609515,179.4354844818115,343.3189313137916,458.0891541659447,259.0984668833415,117.98114642727758,89.66499227905273,92.10198106827275,103.34040529312628,242.407206002973,301.9382849391814,258.30701364135746,177.10809489342472,131.54796722157795,396.7732578006868,512.9285570009293,262.24027114868164,96.7540297526698,102.0461114095052,102.64107014317665,147.40029402702083,327.2406224791992,352.22241827934016,248.68611328379316,207.9298344692107,177.93844058990476,514.7033756354547,536.6062506103516,265.70488201395665,154.96820681664252,93.88029022725422,103.41052410987115,178.22364466513358,356.65444847867997,356.60013793699204,336.15766272226966,215.78609890353295,218.99477227274573,385.0853208652619,476.9792247403053,248.81211551920575,160.81526983937908,94.62575839742026,103.16082399922031
189,5.273584212026288,4.999499906812395,4.886839666674215,6.3851770607630405,19.677787311615482,58.46506587028504,54.57518234868203,43.63436094099476,29.361186450322464,36.174258733564805,15.224175421396893,9.454517281439996,5.153309382161786,5.366597187237199,6.625936171008695,13.91993784745534,18.998733761695124,37.97035769144694,54.40310019154701,42.66774163399974,45.55713840293885,26.198660976656022,9.22069202486674,5.505414194291638,5.006125771307175,5.799151277765265,6.515759643123997,10.022928286234537,17.194862749961114,45.805741709391285,45.8712611546055,44.87219413265105,31.763644420623773,23.761492035773493,7.378517554601034,5.118948266121649,5.035757873289048,5.1146453037520345,6.516767920524844,11.326011308352154,18.87050924055038,42.89932704925537,56.41677673032207,53.9695031252215,37.06364663696289,22.896978588104247,7.787206916173299,5.917838059086953,5.145382230820195,5.257818693727108,5.489747453197356,11.012484434127808,19.648813866338422,42.60128658326467,48.68443888879591,46.775166008549355,41.000264836947125,22.760122443783672,7.029100159009299,5.513625559653006,4.999409599919473,5.492852509973085,5.774059109841623,7.976454980532327,14.890542087862567,40.30848973051707,50.87398936610068,53.85479312127636,42.09717371940613,21.78762923517535,6.9252033710479735,5.828553108399914,4.96347426199144,5.315084719164618,5.271677380838701,8.30897721417745,16.560492639233992,45.36377248541514,47.92070885535209,46.482803227209274,39.943976041793825,19.138543230487453,8.499620831807453,6.159664923452562,4.787394217521914,4.898413009608319,5.327070341417867,12.071845059712729,12.749127787005516,36.708320267041515,53.0516582141384,49.86733722379131,38.42946687825521,20.926424068327872,6.780058549245199,5.5449084949493415,4.450135501738517,4.697340358114007,6.447134653522123,11.376706045150756,16.946484219951014,40.68079206371308,56.16752654383258,51.678135350135065,33.44825567626953,19.00801646017259,8.340142267862955,5.243391982663061,5.523330066127161,5.2041731685840436,5.862492234322334,9.97521023527781,16.085095961786084,35.14720570373535,54.49604296038228,53.08843250028549,37.417611743927004,23.443651985660676,8.576306173960369,5.43639405189022,4.956962581142303,5.884621503270906,5.778329494845483,10.719203856150308,22.453541879038657,48.87465710862478,55.40337562868672,49.40969129993069,42.77491222508749,22.94991914779909,10.340727205912271,5.542789007002307,5.298199110031128,5.127220949915243,6.3902126007695355,8.887418749809266,19.230448263229864,43.930758061726884,57.256660471270166,49.09912039602956,47.24137278874715,28.415465716700403,6.925855510711669,5.725938005755024,5.1533473836222,5.680003148769511,6.684867114405478,11.410707618077597,19.546513857687675,49.700117709159855,46.76250688122165,49.8663188565162,42.40278854370117,24.546063565284975,7.510420656204223,5.590525504696754,5.159553749330581,5.151190571714504,5.525829442239578,13.516196776072183,22.306970826733494,43.67024594275157,56.81030992877099,46.2498358221977,48.690225618998205,22.79710848839052,10.323031768163045,5.598098307578795,5.084577350001181,5.46077275713089,5.610356537603563,9.64384017531077,18.614681819485078,39.442171901067105,62.60538781381422,52.13939857052219,46.7198389714559,24.518348705537857,7.729426092147827,5.472804355006064,5.4359602152916695,5.752362396435196,6.856200429854854,14.067920983632405,18.147388254903976,51.45960955238343,69.53903409219556,53.15668270357194,41.55429254659017,31.97030994169173,8.5271769212087,6.445732620916059,5.672526938530706,6.171163485085436,9.442130509038126,17.001728063901265,19.921514730145855,43.4184023774465,67.43202280444483,57.825798999417216,44.38150121180216,28.150269940899268,11.24910662015279,6.675406026532573,5.816096816524382,6.76445525394872,7.2952962823067935,13.478125896453856,28.391691850231542,51.921268560409544,64.71348169203728,68.60538363610546,46.436216588974006,24.038105316777386,8.439110589981079,6.386332366081975
190,14.493540688099397,3.944761847598212,5.458514719624673,0.721261001030604,0.6423544397277217,9.269963065783184,10.871516697445225,4.672451479781058,1.2482211422920226,0.6526065228446838,0.6013333364327749,11.662911790417088,7.001143295457287,6.555426582563394,10.012658421781756,8.531592919667562,1.8779879412151153,3.455010917305947,10.731313769913488,5.625612058447253,0.9383105524778367,1.5357823568390263,0.6638476477662721,4.6658387037823275,14.026159788485495,11.56297781056885,6.035575180495939,3.623802628477415,1.369387140850867,1.647418460806211,9.406986022764636,6.866533265344559,1.3773465952475867,1.0664331328484322,0.5468851536512375,13.17761989520442,8.236859053334884,12.362255989192743,20.373350782317498,3.1437931354045863,1.6876110821770083,3.0544127772251763,15.244917679448282,8.05397233839958,1.6080908892949424,1.6385276984783914,2.3027987640500074,7.382151747961198,16.135055123067673,10.243627665693243,13.277606634670686,3.868508513510227,1.7766969092238334,2.8829693451325094,19.092687623231644,3.2449967251669976,0.9070447396039963,1.2480294137616312,2.1237646441459654,5.231715587915913,3.8618280309823247,8.48804336589839,6.289913838563427,1.9132183946768442,1.1169917774008167,1.347476621190707,13.551656606312722,3.3376451979914017,0.9164400828282038,0.6487051564839578,1.429620769202709,6.383735110048326,4.985697368287272,5.741862850678818,2.800299914402346,2.047643702685833,1.4376732376698524,4.600169023176034,12.631747050208428,2.462671949478888,1.2745526447097462,1.5984196839024942,0.9761983092824617,7.135909637328117,9.199039383607525,16.891138427291303,5.960060244452569,2.0082724327246346,1.2215887294661614,6.863324471473694,10.606468566290793,8.011333478227739,1.116055351614952,3.282602425025355,0.8422664300203323,6.904237005499101,5.731816089114835,6.291500204271577,11.225804775030383,1.6769017172257104,1.8800867321029788,5.43265510213375,6.537020194338214,3.202512615842204,1.3241310542027156,1.0639560151100158,1.4175917945702872,9.687026501663269,7.885389232866227,23.53182849184192,11.279171875638346,1.5849569776058199,0.7502193716649088,1.3738817977110545,6.569836500960013,5.222205973863602,0.7487276520729065,1.24723941949106,0.8579842995405198,5.17216819982375,12.671344951218172,22.15746857188752,12.758811955067419,1.2565094540516535,1.6659962674879256,8.867346602598825,9.360881627682717,8.092526207893126,1.2382913963397344,0.9217904224703389,1.687245128492514,2.5793930951433794,4.561842339058076,7.368415552016549,5.509582288880502,1.1333583402236305,0.860203823601046,3.140987365404765,7.609452656180627,10.274690876026307,1.6100796527266503,1.6730522812758721,0.7410062196254731,6.152831928883829,7.52925565302372,8.18346180720209,6.701444735007901,5.919549246887366,3.087172555500461,5.536972655614217,16.332926820247405,5.277635901704912,1.332148741722107,1.21156082134093,0.7502854567567507,2.485231436164148,0.7257632939277157,6.042594396010995,6.232621895920845,7.743156656702359,1.052152103916291,4.332357093473275,10.213879848584053,12.187216794317768,2.0311762256423633,0.7638761182177451,1.337477637052536,3.029786460361173,5.471357956817073,16.00764212341511,10.097889371322047,2.771222328444322,1.6202689120461862,3.0501528553764023,3.1044562940443723,5.1283955735160465,1.9112199464241661,2.2139773680317787,1.7536080242991443,4.200896598908209,3.3125029186664086,7.666407712335362,8.454013571893016,2.0511735025842985,0.9168149747387055,2.257933332045873,4.628369065773102,7.03435588807829,1.9777180480758347,1.3077145922568536,1.1077238605618476,2.624441417744083,3.131415435979443,20.295428102495784,12.722776104961671,1.2497256154616672,1.4114467428384292,10.59917491865158,12.827610003409848,7.013477497677648,1.7071577811241148,1.0195504704213911,0.7636075897614162,3.400969712330449,6.2842240144745,13.401072133735482,3.8534075966188985,8.509328476111094,1.5568172045676938,2.2993735022942223,4.728146523429501,6.565806093792761,1.9025901154279707,2.3709759769516605,0.9258411177595457,3.0113233480530397
191,21.045493605829055,22.327970198222566,15.5704010071293,12.613620363871258,11.812419657553395,72.26707474708556,304.190556692308,280.678741153594,241.10320234934494,106.42595201307729,36.30527287801107,21.654583241862635,15.504885975007088,13.455143603409454,14.849805316925048,10.885441540400189,14.76743109057027,58.49858547655741,336.0174971592811,267.2262982454607,136.05989269129435,35.79736236326156,27.043757453282673,15.370049682740241,19.72711559849401,16.159165579744162,13.849612971890357,15.538906231562299,13.633796302426244,63.66415971565247,324.7874675886093,416.73073315835774,206.94515730667118,53.56363576765983,28.082474707921342,17.350725196715324,17.186861078816076,17.542282765440167,15.73145514395929,12.351772331237793,17.33036943343378,77.38466834449767,432.9109665150796,346.49407824239427,222.39209568977353,75.16066321711386,36.5447517859141,24.34701915802494,14.11688688893472,14.280380378662073,11.214585516529699,12.035802520751952,11.174742411951865,80.76407514413198,394.3007130622864,231.95812820065407,159.50183567492167,36.304146200610745,26.1189061495463,15.089471042386947,12.073154236578173,11.581187211492379,9.635850879300024,8.869222562789917,9.283301973035261,33.931238516489664,384.10190986879417,292.2511765670776,135.36911804962156,44.47365609322825,26.168128324508665,13.762108568991385,20.3420736152895,18.957715302147886,13.47670221759427,12.548199761072796,15.591667699506207,159.40711509799957,379.71264880949445,308.30855765742643,288.02225132815045,67.22426078304167,28.553239442825316,22.321917710458077,19.942696843916373,21.907209626442103,16.499015561380695,17.0745166721344,18.330275747237668,63.859384867032375,354.33862710583594,356.7900743669079,209.3288071174622,64.57493669817526,31.544831590016678,19.36149170106457,21.83470957786806,18.483171137189633,13.392099651213616,10.705375162760415,11.749879110090195,74.45514104398092,168.36614499368977,254.06921266986478,200.03713981882728,69.55784388880576,30.01014737828573,16.626057067994147,12.969099357358871,15.23336024420602,14.980638971636372,9.237776516596476,8.063834342956543,45.52360448042551,258.97928971690516,258.1948763533561,181.80842207082114,43.162410248171895,27.12780283228556,14.114191767169583,15.593108896440077,22.591548534919475,12.036972403372488,9.619966707865396,22.143858064220797,93.21161168734231,228.8148360824585,373.6857487044796,220.4233240432739,44.322920661434054,33.05932244237264,15.930208587031212,17.87343606148997,20.868994634163204,13.138813456258466,11.496890568415324,11.8349296809781,130.2386546347936,336.7866665858607,469.6164276664487,293.7301334686279,56.73715005382415,32.3306494064331,20.111248956495718,20.05548542637979,18.273059622172656,15.893855155821768,15.134393126169844,17.99026306429217,171.43867492961886,545.7131269405734,419.24727086774766,356.7890875396728,51.46970365708874,31.712220405578613,21.78132481113557,21.81323383208244,20.081115244221802,17.84035803210351,17.295735069274905,15.45877906060988,160.68885571606955,337.73100973990654,423.4050516411565,247.64463101196293,55.94287858409267,33.52445841471354,23.078723972074446,16.31032818763487,15.239599291773265,15.344294752920828,12.163439798355103,22.529115716257405,120.48088297144572,214.39944286161852,332.09071968570834,190.5468951931,50.807599782636096,23.884999863942465,15.775681100660753,15.473424991484611,15.395597782534333,13.817838123690697,14.941411760330201,12.196755103449668,68.32349853833517,452.25557949496863,402.2730330596431,256.90696529261265,38.156430951395336,31.06747572962443,18.307913277533746,18.26832753519858,17.35532730053211,14.590589924473917,12.29923119990031,36.69720414284737,88.24521308676401,366.4616957510671,589.4358354260844,353.9651567344665,90.92375823666973,38.63623149553935,24.664794667151668,17.153087705796764,19.43348332844344,14.26027384727232,14.185487976710002,22.32844097814252,107.18594194857278,216.60559769107448,312.106396859692,343.542756052653,84.89192743978192,44.9654814046224,21.042762675746793
192,118.51718501429404,55.75955689975193,34.95147141487367,51.9811373392741,34.09904862065469,20.233980382283526,22.28604602198447,11.502808610854611,83.99796226819355,34.6694682305859,87.8338489151001,66.54274315987865,45.802125870489306,23.235698810304918,20.382374106991676,30.17230156135559,36.88210986106626,22.358001815160115,18.815064930454376,15.46779155362037,27.940512406031292,69.1646042903777,110.99408503468833,92.83494218764767,71.68693514423987,30.01712243249264,32.23028855908302,40.29433488972982,44.40068198665495,30.522859504063923,20.597394650982274,17.24753164537491,28.777321457544964,54.41529246607134,111.23569832166035,92.38072961499614,63.92491227488364,21.089023570004354,26.30159704516011,36.84497914441427,40.075670463808116,26.16392570813497,18.82328319488033,19.816178265233194,39.587816208521524,68.44937305819604,96.70775335184733,84.9231137435667,62.87495195204211,36.89815268286344,22.38106751288137,42.69442490832011,40.05547573397236,20.347630460739136,21.047247163711056,27.3552500712487,38.78157716433207,82.69467453249038,110.34669620450339,81.34842747657528,44.084112351940526,24.5841505344513,24.636998495286512,30.243672140121465,33.45590816743912,30.250409941991173,16.52677962210871,18.168611015812044,35.14553679784139,61.51768013308125,127.56537992922468,107.62821303213795,78.2012954102793,42.36359269508587,21.2390911686805,26.436251736323037,46.19773317829255,26.84835126686096,21.763663677707797,24.533192013156032,31.136890434900913,85.33782150268554,105.88036287434895,87.38039212995959,46.35297385369578,25.164310081204757,18.86164376166559,29.97406242179871,37.948059726222866,30.1773285929362,22.23788685890936,20.113442186540176,30.60872821998596,80.57180369346374,100.97810194524129,85.69567063731532,54.824230840744505,37.75173520130477,20.50839531929262,39.20235468610129,43.39340711470574,27.362632657368977,15.51223699569702,17.821671079820202,29.784455106735226,82.08798519134521,102.71596968714398,91.64538196563721,38.3837164835776,21.538186871171582,20.155003127436487,28.777587317148846,34.232405167241254,24.69089403978984,21.50287559078586,22.44344824944773,29.38087289492289,63.68915782436248,132.48310879389444,88.93298468805129,59.664827435401186,36.20194110311311,34.921394416439924,36.70845019276936,47.52801168195663,25.792156775156656,21.699156774705454,19.618171273508377,36.690387172698976,88.44618998189125,107.77747288894655,85.3377566159156,60.43752404305243,18.151011134063083,22.016536054918845,33.53288894462585,32.06727939359603,21.16992931811015,29.64559722838863,22.019105675605037,51.14207577578227,89.88276813076388,118.81847358194986,83.48094478361068,77.43524716223439,36.44897112912145,28.14449006234446,37.28388862291972,49.372881610624255,32.91163398424784,23.805039890043197,32.52423656586678,54.23351637776693,83.90335797156057,138.40357029596964,84.69588312825849,62.47529632199195,37.19196687764135,31.15762089083272,37.040865128835044,65.50155138261854,36.527714601516735,22.306734604989327,27.115110010331676,41.274823849360146,104.10687573463686,143.20483822313946,107.70307538801623,61.19770063092632,25.59893176529795,21.197008707600254,31.065992921829224,38.42342730183755,30.68425883801778,21.158567758990873,21.851511916498985,48.98364454714457,80.7802372095662,160.9136683807373,130.89731267498388,56.724238170500726,22.109806456025595,22.35434113840903,35.77049367904663,27.245262454863518,21.5127264919281,19.521236249246904,26.327736055927893,49.44127845891317,123.69670382407405,125.38022189203897,100.32578630139751,56.57145751707016,23.44302529525287,18.073888109883956,25.378515858968097,38.958545040007564,33.84691828600565,24.64296455137191,23.499721328366185,41.606823721567785,107.1480489964639,127.40746681722007,110.09999115420923,44.585097384299004,26.334525510102072,16.216674791766753,19.428935678482055,36.13052769814768,23.005364774068195,21.708888561494888,25.007548545099077,58.52238436889648,120.06286521234821,159.404186823527,103.04745690253473
193,0.034977168253352516,0.07014799982841521,0.47037622254462014,0.971018467756609,0.4988726213454239,0.21750172169258195,0.1687811671726165,0.11389166335425065,0.15195405627290404,0.0814714489444609,0.048890033401548814,0.036504483078756596,0.027792622797912114,0.03454604899249232,0.39181448516946643,1.008684541068971,0.5912013026519168,0.1480278312079608,0.3263330644669552,0.08984957738268755,0.4490840504318475,0.043383813745552446,0.07033105520407354,0.03536869058685914,0.025670421318781906,0.024062592564380033,0.44776038637625104,0.9212911371272059,0.5947156048608162,0.22729625146711863,0.10830521338168649,0.09731964730327163,0.09742722703640655,0.05846850636385137,0.04917313812424734,0.050157238500973825,0.028150538335884722,0.02623625537325518,0.42933664150415884,1.3630853409593304,0.4745142305341939,0.22787090459341802,0.12055334191048335,0.15477528991718442,0.17311539434765771,0.0900939463775965,0.0718323376042147,0.04409380034573612,0.0248386028649345,0.030434094249119407,0.332292532307967,1.2059233708779016,0.4360665015335525,0.12958463751897215,0.08740829215655398,0.1964834576136162,0.3305639581158757,0.05368210770189756,0.05972438847149407,0.03615442375862786,0.03332026543756642,0.062243097913153245,0.49719801013868664,1.393837770531575,0.48049883045977165,0.276246807059894,0.24983907663774102,0.1738039349764585,0.44371877934038634,0.08589009549468753,0.05978058905899521,0.054364299984468525,0.028606932434824157,0.047370598253431526,0.5075896070308742,1.295870674593995,0.35398994626297103,0.23288272879272695,0.2007515251468266,0.10398155763144452,0.18371940525869523,0.10559280189054623,0.04995659234995639,0.06408829716184443,0.031883048817755666,0.04753796348958432,0.5683873239399924,1.234502166648706,0.589107768425057,0.2278839502595365,0.17264735119717733,0.10049914794102788,0.43272244139015675,0.10114929542906817,0.05447040735185142,0.09132882115100656,0.03582810990031684,0.06875274817505159,0.6127396244567729,1.497185170645515,0.41469565700739625,0.24047092033425965,0.15960071748423,0.19939196301323747,0.2429445900693535,0.17135478365204984,0.10689856873825188,0.08478227041301223,0.03849245671303037,0.051233434825860326,0.554701439155446,1.2928603561806182,0.4100580018518432,0.1562438756500681,0.16604764812896325,0.11324255783231023,0.20885586765656866,0.11300548093934207,0.0659231186608473,0.05412787381199093,0.029842530580297545,0.06521379231989123,0.5846871896388549,1.2233804833702742,0.29379444728455234,0.21389330614730712,0.16388176858425138,0.16135974166854733,0.46841487818708016,0.05360731333253841,0.04615748894587154,0.07950415974062293,0.04421768351908648,0.09246749201133439,0.7691201985471192,1.3006101805058619,0.31774739316874934,0.19908622310807306,0.24478449188413148,0.10912989510403522,0.1307411680767933,0.04654121515491312,0.04623845941325024,0.07137237969785926,0.03641432283145761,0.0888617292380538,0.9583433088119472,1.1446785006560387,0.38874915513780806,0.22055066070208942,0.1315002186211847,0.2408334041531047,0.17448457550257437,0.1300537893464488,0.06573654565711812,0.08654262575771535,0.05777930860918371,0.09353760400846634,0.7936783568681248,1.1825991790095967,0.2846171078025813,0.10319911924749607,0.13006737916219616,0.1495617802489188,0.327095237036546,0.10044565931443242,0.07446878544986243,0.09492498830441501,0.06570194587111469,0.14532799608298927,0.7046401583691759,1.3207241111596426,0.48184347437274067,0.1581120882518589,0.12550558160990472,0.15079479903583565,0.09421084028482433,0.06510748109750206,0.07406968274712558,0.08762769967798259,0.05440651274376335,0.14375531753525134,0.8020911753237728,1.3071657150946556,0.3318373697407303,0.13457104187210397,0.1693025314399311,0.08414713992226502,0.33220870182414847,0.0819747800187718,0.10015586446598168,0.07998865983539045,0.066045478673111,0.19293386707743027,0.8760159557565086,1.1537721582222729,0.31225223761772913,0.189293086523811,0.14275172393769023,0.14697376577844537,0.14853734770665564,0.19787905171633724,0.07865111236025885,0.08210144730104549,0.0738622430471643,0.2207434478679699,0.9171435001708808,1.3517236919105051,0.49890973386745296,0.2185572892526785,0.2627329196684783,0.08279831964402426,0.2710276461119453,0.14945457910578094,0.06628096898645158,0.07064860343452418
194,85.98322103561893,62.242337049756735,63.13348319145941,23.15661335627238,13.206162212740988,11.19064984321594,7.329616297444988,8.049912792636501,18.02650963306427,56.95007270228477,83.16072884877524,47.45746656848538,79.33320612138318,65.12890944081575,53.93604922448435,30.23731285095215,18.578627476846016,12.23938125069936,8.800239922923428,7.356780259070857,14.14782620716095,40.25818040909305,70.88103236293793,101.58107378190564,77.81040815107283,72.40444450993843,39.61702066359981,25.69956109078725,18.70434644176114,11.02963392575582,7.4846146801979305,6.009422274712593,16.674419623215993,31.232316836234066,61.494615084012345,84.63081423913277,80.71811827382733,64.8326442162979,56.66440470357095,27.71401901245117,17.412280303585913,11.648331019719441,8.063142121837984,7.643355211750152,13.738230262438455,38.91880152333167,74.48395091819764,101.20635352196231,73.96328924794352,73.65194491315944,48.89970513066938,26.744991162618,19.45550713108432,11.417412974357603,8.204310102616587,6.770623375523475,11.936581742286682,31.526859140549938,56.52311334482829,92.51000133360587,69.55048019624526,70.21802795273916,48.2691294903909,28.125876762390135,15.905369884429438,12.15614557393392,7.789735853902755,7.121305177596307,12.879846847057346,32.42565517240955,79.33057255649567,79.70094956367248,76.41525045948643,77.4527619526069,47.64126835761532,23.097793878873187,13.893556726209578,10.203670429388684,8.964789140455185,6.584894988613745,12.346797425270081,42.11948711610609,71.97597519779205,91.2636753503738,77.6381561746905,76.39336451220395,51.29565268178139,20.41094882965088,13.831000424969579,10.647034484863282,7.128544938333573,7.031101158357435,10.560356619517009,24.554307255437298,70.76977079486848,84.07077744576239,62.6321801603994,66.81725274872898,48.3848343313894,22.594136849721274,13.587927380838703,11.965873520215354,5.810794095377768,5.006207703928794,11.489650778929393,28.141202563008953,66.54940586566924,73.89465015626722,88.23212454057509,68.09298379569216,48.19267552837249,25.386200801849363,13.531547075087024,10.019706331253051,6.866765463582931,6.520436766685978,11.760860134601591,37.24060176372528,76.4092883501053,83.99643425233903,74.09905428855649,69.35154533360392,45.37835335346959,22.107887830893198,14.668380190326321,9.805429581006369,7.311992148891572,4.401268921052256,8.61814715329806,25.02176713020571,53.84861940495173,53.84063307808292,61.04859698941631,62.72160605672544,54.26955143067145,27.979819706598914,11.900262274895946,7.27660035610199,5.910867771487082,5.078022838561766,13.131190108299256,26.065211148723485,51.672060700416566,74.62216086818326,81.49971143414896,76.34979416102611,55.785357776149624,25.075962693214414,14.260061910383161,10.674710299015047,7.633327513664,6.444458468498722,13.661253262122472,46.449033095298276,63.589988142649325,95.11438591126473,74.60218728988401,59.08632592060296,39.6811408387461,21.593527992248532,11.121630061057308,8.987052438418072,6.428024931107798,5.39703677977285,11.987935521761576,21.796182191756465,65.45732356039683,79.83629041333351,71.64503985312676,56.288624278348074,37.23945327251188,17.675469340165456,12.674026360665598,7.699495237827302,5.252286246668907,4.539193193989417,11.9585907274882,24.955160461856472,44.60110107342402,84.8240516490321,58.38946327840129,53.23310275757841,36.50751341389071,16.26258604590098,9.944242041341719,6.586101833502451,5.1143744537907265,4.552079826170398,7.716980884393058,28.06834814271619,48.870629083951314,67.69052037885112,71.80579107161492,57.333354473865676,37.316477188602576,17.098784445126853,9.696902205713332,7.636452195167541,5.201082945408359,4.025776644445235,8.26018895570437,21.105869678758808,50.49190015101432,60.977712912559504,57.360794443622716,58.38451686177935,41.62113847855599,17.490818456967673,8.86122735854118,6.691763906955719,5.962465664032966,3.9200174650838298,7.3715525312423695,15.43521442797876,48.12342297458649,66.10293588945942
195,5.064384517169768,1.6365278465407236,3.447134792324035,1.1227876585225265,0.3523181856159241,0.14838158488273617,0.11366379866676943,0.10493946359042194,0.3025237182776133,1.1360535717298907,1.3307662033041319,4.004356493584572,5.870339168175574,5.307305535317348,2.634098449272494,1.6552710519134997,0.7340352033222874,0.19172588375210758,0.13353940330686104,0.1231109575350438,0.92568315243721,3.5276975325855515,5.0471697367727755,5.520242997782845,4.9301956731081,2.9639631090581124,2.8648883828232368,2.1405702871779604,0.6137411113227567,0.22356851374109582,0.14089959361860824,0.14204023497239232,0.8608999536931515,1.7834589307538924,4.135648399303357,5.305946748785434,4.611932166891714,3.150975669848141,2.687544763636205,1.735716232597828,0.8609274788633471,0.37342521131038653,0.12449733376502987,0.11560908524740124,0.2670250263959169,1.8726322044624435,4.973310647596915,4.563621658163685,5.42999588588553,4.482582260319238,3.241828984781619,1.928016576707363,0.7033288159005103,0.20260394305984172,0.12578829611501383,0.11827841975996567,0.5247714048437773,2.2550992838485584,3.5083362521777546,4.991449146145775,5.294414482020562,6.460596097951452,3.722902900201659,1.088334748874108,0.6718084333981237,0.193168524334828,0.12688418959417647,0.12363727343659241,0.7139234148760636,2.123366936704805,2.7076822937528293,3.9275671252704436,4.463059720396997,4.11919198173314,3.7896420121192933,1.1428574980994066,0.44362683017888377,0.24653473457197345,0.13474067691353056,0.12600445871872284,0.6382411158308388,1.8250508641283356,4.641889276280999,5.9592124149876256,4.164769548379606,3.0154310938752635,2.328610592984384,1.3076887936592103,0.7964782544297557,0.307059981962045,0.1316431167000724,0.12382442542141481,0.3197981052945057,1.8251806100097396,3.981763620058696,6.712697716614892,5.349991354077092,4.392868202608721,3.2842263012066963,1.4962980236510437,0.6945551671135809,0.21798573891818518,0.12443039580698931,0.11148566837753016,0.7124212820033232,1.9131151071911858,4.601738935430845,6.271134502906952,3.7763891315460207,3.451659273422264,2.4393754434104893,1.368334610323111,0.6221673323935077,0.2161026796201865,0.11671184072571412,0.110914034408427,0.2987581572743753,2.1809086768088806,4.12450762113432,5.870964752599116,5.0506925256213835,4.1701797349787695,3.328714014868582,1.2429261588851612,0.5366213721133047,0.2542745541284481,0.13449869016966506,0.12125597786518831,0.4839423884997765,2.170949133365385,2.966999471490582,4.707239448043607,4.694336770878683,5.068274647185368,3.241339189073732,1.4096380498508612,0.46787182300321517,0.1711409593423207,0.11405496481445525,0.10715588020701557,0.44359762762486926,2.380740632217738,2.247693164696296,3.777518826896144,6.220373490770017,4.460500062114646,2.659108620680148,1.0939799391229947,0.7988600751469213,0.15805774675309656,0.10676068832316703,0.10007687541746321,0.4853271352797746,1.6397226216860354,3.2234251468280952,5.287101168988213,4.15413602440588,4.078236074707485,2.5970251325638065,1.0856207114458085,0.36905138019592526,0.18032971600194767,0.10736289148369141,0.10004491400814822,0.27056094713260725,1.7182355201148216,2.219662353307009,4.941006041044188,3.2048080495384426,3.728396065132371,2.5316547480994656,1.3228130783637364,0.5360763219383454,0.1377402955194314,0.09694084956280642,0.09155505609608462,0.3764677473654349,1.6779492513859462,2.8845475195149577,4.791094960733767,5.078452891322874,4.312554818529067,4.131706131340996,2.108268509497245,0.7211846730882121,0.22377821716666219,0.11676313359410528,0.10882702394839253,0.3956483529955149,1.7680694701594692,3.7197964039246245,5.3068197141155125,4.630735106948883,3.281021160059081,2.225354654202538,1.2604310939908028,0.7622744304662751,0.16878280724088351,0.10919258864656567,0.10134032498444276,0.3190658633112907,1.377010736633693,2.56325598414739,2.70849445084891,4.82432605495376,3.953505665620633,2.3663930668994304,1.4801556322326264,0.5185572529800476,0.16654044700910645,0.10599726130164436,0.10044863980263467,0.3879501407655576,1.6623994285913721,3.338817791537692,4.687892023690285
196,216.60384934948337,209.49416612897602,191.9294928766066,210.00769419352213,322.96423093734245,910.8455123901367,2135.082939492502,729.2200473908455,329.0782065836589,269.0347713347404,237.53861104329425,207.85021697013607,208.19542929372477,217.88241840531674,204.9204967277281,201.71522617594403,326.6832663259199,984.441326965332,1833.0624821226054,1073.6682570131366,457.2396139526368,292.52941742927794,256.1353783569336,236.98905237997732,235.46434922741304,237.5667376573685,216.46442825809604,232.54235536702473,346.4367478499874,1084.4978563435873,1944.673885064894,1122.0172328432145,439.02596215820313,307.45188750236264,271.02360355631515,256.5792487950479,249.3085961520287,250.29310316414666,228.4194655486076,244.30354097493486,338.762090414724,1056.8402395019532,2169.528688649824,1117.6406383883566,502.06116306559244,319.35373539094,309.5838883260092,291.85527879284274,277.3344322155368,271.95341495532705,248.0374397720829,254.31841499837236,378.74308656754033,1095.7962083333334,2138.154729279549,1207.060540062689,511.52782452392574,362.82550552860386,321.63421828206384,305.72733252740676,282.1841410187752,296.48648744254274,263.97638388356853,264.5195373535156,411.8902049599925,1131.2740674641925,2370.753654312626,1402.119697738155,536.0893385009765,395.11933312200733,318.6019841105143,303.3328366581086,292.4665569477696,282.16150813210777,265.9829276595577,274.8961886596679,403.9134780588457,1202.0596905924479,2393.251562106225,1437.4522455030872,563.7429051106772,387.96218299127395,376.9405118815104,331.2586351751512,331.8287486414755,316.9804067594781,299.7023791110131,313.3203541666667,449.3307395885837,1200.323596028646,2742.906167307208,1827.9888902233495,699.5560031738281,458.2956371282762,396.0947051391601,383.1699217371787,357.72790356051536,357.8177419232148,335.8502745991368,335.742155069987,484.3461930010395,1340.4256783040364,2763.1146741116436,1963.6427025579637,734.7824938761394,466.13002071257563,414.03404046630857,389.9685678592805,383.76532484485256,369.61466473133106,337.7439345427482,337.71978955078123,496.30199455015116,1458.2662792561848,2810.1330868825607,1994.6681022791709,680.2647208658855,479.1787612225933,465.8996470947266,405.0691426529423,389.19445389286165,371.1183566847928,353.14605529785155,348.2408642578125,479.8671890751008,1383.5766198730469,2770.399078172253,1967.0791314500377,726.2825278727214,518.1985123566658,430.9035107421875,398.0962488383631,393.79257635301155,393.63468004198495,361.37388260379913,368.5353884073893,551.1760986328125,1442.4558950602213,2908.9431920992943,2134.8859507308466,801.8560876464844,522.4654528021043,469.828280863444,426.5790652761152,454.22017838016626,427.96509304554,387.4020514703566,384.5632251790365,580.8345958685106,1596.6684452718098,3072.101449250252,2180.269204849735,851.9960516764324,566.9066244802168,504.2559788004557,476.89506119266633,441.6926245117187,438.29649667974763,397.9133708338584,406.43616540527347,601.3036483666205,1665.4441368001303,3280.522948037424,2218.3466649209304,897.5619097900392,597.2263278099799,499.8740804036459,505.71914125504026,497.0118058530746,464.04581286200164,428.5746650548135,446.23206652832033,685.6316737021169,1779.8798951009114,3258.047326345136,2672.848307987336,962.6928861897786,648.5850242959299,547.5097247314454,524.6392439122353,573.8725320139239,544.0707488968571,499.57057652627265,505.8702694091797,701.4269667102444,1818.4845805257162,3630.4790193422377,3114.368605090726,1058.6513544108072,738.2995160108997,600.5895179036457,569.0660328723538,674.7127879284274,587.375888201333,538.1343535786291,566.4691366780598,857.3806572895664,1930.0091748046875,3922.5355590820313,3304.6765402910787,1223.4585923258462,785.0603503024192,688.1094422607423,642.5921146909652,657.0110592159149,626.957057421454,589.3528618006552,591.4161175537109,887.4251631016884,1873.094039510091,3946.1621408770166,3763.7709835716987,1341.2209165445963,852.5924678679436,759.4603713378906,693.7647219159527
197,47.84216529477027,72.64496079172406,100.55458297729493,74.34632115681966,44.42802220006143,21.48583225886027,12.071819277732605,16.786112616139075,35.014700158437094,74.6013811711342,57.01386361757913,66.30423803637105,65.30336703392769,85.53752767628637,103.96990827498897,98.29634408315022,50.046880708509875,29.156661889394126,13.75209345909857,11.987836061293077,23.862395273208616,49.25074289691064,64.58732605806986,75.35255656703825,66.52894883617277,78.78526852462092,102.39603254502819,75.97238626988728,40.13804338270618,20.27798845799764,13.865979904667023,10.044786501853697,21.853569611231485,47.70660877720003,45.75276404635112,64.63492188607492,74.00012304613666,99.2737003850702,118.75221634403351,92.5843951212565,49.84858670511554,27.817595125198363,13.54653793704125,13.307870865483437,16.4487970085144,36.95797646614813,59.837119791666666,68.4443505293323,66.74662144199495,84.65274531998656,107.07305922477474,78.40921949768067,49.63692129135133,23.92994910176595,12.09503404863419,11.422622674511326,15.644262790044149,40.418896240726596,61.63423969777424,74.17606764393469,70.81837130023588,93.80420654071375,112.94491902505197,81.4268446299235,45.09636505496117,20.59251733271281,13.249616658610682,10.532613607222034,17.12061223665873,35.183962337740006,63.519329631805405,73.74225412737938,72.66992611054452,88.44958766754038,107.01505853222264,83.08328476969402,37.71070843665831,23.626030468622844,12.135700233213361,11.40650029705417,21.969919312795007,36.41081540876819,57.10846830876668,74.18755804615637,65.88644680023194,78.87722075626769,92.7262647468813,74.88176337560019,37.6389797875189,23.159009335835773,10.92118593831216,12.754819417153634,22.550580853144325,42.6466269985322,47.95890636316934,61.003596615329855,58.725251528832224,88.06860844471184,92.52504991592899,76.44988126881917,39.97572715390113,17.841899777730305,9.829264236573248,9.561067927268244,13.121870535214745,32.15742337503741,41.529974477767944,70.33847844708352,71.97587451442595,81.97818346634287,103.35879919975034,73.24729696909587,36.841806035810905,16.509098831176757,12.580637702941894,9.998437190517302,12.646663838068644,32.40494858926343,74.17772881571452,81.0862777451546,71.46573361304497,95.45379035677229,101.45943542972688,74.61388106536864,35.90501343142601,17.03007154973348,12.41856581718691,8.010311340208975,13.729201586405434,35.48014911036338,48.90897883923848,65.84803395117481,66.96426075720018,92.57220737445532,98.56835010713147,74.40718476104736,30.045761878105907,14.951307208061218,9.274173716268232,8.836742755828364,14.296447878837586,29.93775992547312,65.04323876349132,70.02694364916894,70.07765189509237,88.43072752750567,106.55100582491966,73.60255855051676,37.76966825054539,18.869102184295652,11.238298017440304,12.125787091409007,13.443500710169474,32.36931898024774,61.04284115219116,74.2339352773851,68.54440718989218,82.3554707156496,88.78087898500503,65.84062317276,28.306790951144308,15.719786008199055,9.804512320487728,8.595999256872362,12.995788444519041,33.36358603446714,56.20906350135804,73.30073019027711,69.93043663701704,76.60389465115928,101.81481867144184,74.32050406265259,31.535499855164556,16.371089693069457,11.5464323892901,7.800656500170308,9.961252192497252,23.675988560338173,57.72582221158346,66.63638736909436,65.38923803021831,82.64665580185763,101.93986338461598,69.01510345713297,27.1307319647266,14.046845869064331,8.905952887381277,7.837637655504286,9.75459962081909,31.78668130720816,63.999237291336065,75.51727479257892,74.2341544649678,82.67374857540787,81.52017135743172,60.73579927444458,24.07765630352882,18.36798470306396,10.001390817088467,7.070980534092072,14.86604519812266,29.372959827300043,39.37029881604512,50.53098193137876,64.94478886327437,65.16507917935039,80.26161804445329,54.327058043797805,26.3488065356593,13.980232821464536,8.367769377308507,6.678189003236833,11.580946660677592,25.04083218666815,50.85686630249023,66.81209104722546
198,0.30364172220710783,1.117988566255995,8.131155629480078,13.447998048563798,4.268687129982056,0.9057111158967018,0.5520144344818207,0.37122140848828894,0.23604460430641963,0.2748431562656356,0.24583368485172588,0.22608526860994674,0.3362967682365448,0.8784253150485274,8.075171021179807,12.980763235583902,4.122922605391471,1.7751395410001276,0.6968604668974876,0.3555185862894981,0.2513428886334101,0.7263964209777694,0.5511463057448467,0.44163039318015496,0.44720412432186063,1.013337596783442,8.89718757162051,11.633326887803772,2.874955884761387,0.9672279456704855,0.5817086949944497,0.34003001223648743,0.19750094492981826,0.4469458296919061,0.3180056189646323,0.33297178877938177,0.6179423324259058,1.3540525813765014,9.184514868603118,13.368736701160667,2.6278655728217095,1.0233792106807231,0.5176530615168233,0.42059928805597363,0.15512732997536655,0.2537213032644602,0.2649833594163259,0.22091317812281264,0.40709140207498307,1.7511921530259138,8.811092804055061,10.213343920258183,2.770179797074487,1.2673384611656267,0.5343303483820729,0.30468603624691887,0.1340964915677905,0.4309824180747232,0.3812505372663339,0.21732863514894438,0.4350677476030203,1.4515525562629068,10.096456341563215,10.30837336067607,2.775269533347699,1.2944283833156032,0.8222946068644523,0.24521894724619,0.21472732580453155,0.3942448572934635,0.5549792677660783,0.36147522897970286,0.63181619974394,1.3254420151360553,8.699627277889558,12.84994662230462,2.2550493697677885,1.171650819927454,0.462754790158041,0.24954968048199527,0.24147754980127015,0.3710090216393432,0.38941625445832806,0.2937695234413108,0.5179526342932255,1.3988171547078734,8.767761649503822,12.500222416726253,2.446434580875981,1.1752060746202866,0.5856470032637157,0.29980739069561796,0.2633042870437105,0.6477590069439142,0.44402020490169514,0.4320694944863358,0.4798348192630275,2.0197541497981755,8.0843334729621,9.537848635248839,2.384436589311208,0.8989303221429388,0.4250351816992605,0.20920736435440274,0.14711919740835822,0.3635345670184301,0.4036820492347082,0.5156052892102349,0.38911829206251325,1.978721473973997,9.553485806471397,7.769347657648227,1.9032826011243364,0.6365649956514439,0.5219087685163943,0.18171368260537418,0.13659915748983614,0.403639944815828,0.40294538945704694,0.2045168663633446,0.4472315027348457,1.8073026651716586,12.183022902232986,8.647314312587183,2.148375291228294,0.9575660282224417,0.5264919099307829,0.32932520737571097,0.2068791545977195,0.4007944340330939,0.4126408132389187,0.4473852548796323,0.3598537764433892,2.3117649813608394,8.973434346606656,9.390992672450839,1.6447234258440233,1.1990968394676844,0.575198600205683,0.2804255672039524,0.1424189786588152,0.3070529308915138,0.45403144008666274,0.34134385303504045,0.6283216577503951,1.835683913653432,11.030488630535622,7.1013879727572204,1.6158379118048374,0.675078845858574,0.38751348649301837,0.21673510649031202,0.18704908396427827,0.2120591117249381,0.5308741422643264,0.23284705411041934,0.5863753922151462,2.6325428712924968,8.142322421541378,8.117491943565508,1.5888668767603176,0.756860452880462,0.33264044630191014,0.1815170345335237,0.15247121144582823,0.23562901711992676,0.5850404724813998,0.3979280500546578,0.42284390020034,1.5899975438497667,10.275659634831452,8.186565471976994,2.1312763215553376,0.9689758664816619,0.4288725967849453,0.20609084839782402,0.12374540906151132,0.4273030479156201,0.6088922071357568,0.5274544929448635,0.4905007020528278,2.3370460219833573,9.1022272862494,7.63634161948661,1.7391188885127342,0.8752819977849722,0.35742348125384693,0.19881555482264485,0.12025456839303172,0.47882511325661203,0.5534981582363446,0.5276915285303707,0.6469273711728953,2.4695855100903423,9.009451277302878,5.098014677616456,1.3674150755496757,0.8660499573498963,0.534444785867968,0.17747081612387006,0.2519491540553669,0.3897183754595537,0.5107266987177231,0.30337763028279424,0.6733123547031032,1.8751804719984144,9.045310926412142,4.690740408082803,1.6897377161681653,0.8461151557813087,0.3263902703672647,0.28411449166074876,0.15455364365627366,0.4229434951118403,0.9755356328599154,0.32953513524465017
199,77.31265251405777,60.29141377040319,93.35862394763578,91.18214703877769,90.30151121077998,102.55752791086834,72.60527715375346,74.11084314161731,78.02522515614828,81.4340188918575,85.86446318308512,69.98198323403635,64.89933935842205,66.11086115193486,97.34982213420253,85.46115841420492,91.14500071371756,101.04802794647216,81.0329277063185,75.94660158464985,70.6356135965983,61.52432459677419,68.34527496083578,68.34483163649035,69.73652092472199,68.79293309376158,98.97080590278873,89.47787240600584,96.09203335423624,97.89742960103354,72.24155785837482,68.74844567083544,65.30762028757731,70.9335639658282,69.59198264058432,60.95462645746045,66.23279180957425,75.60695044587985,91.60386275752896,90.07540129089355,98.48629092801002,100.62086318206786,80.30627693668488,76.6657997402068,74.39134291330973,67.9033708732359,72.64170817820231,67.52483756280715,65.35575657260033,75.25974328196108,107.17725944519043,93.6090375518799,91.25896634009578,87.18614381154379,74.76095282769973,74.40056666958716,69.40892700195312,60.66603229153541,65.01292937978108,56.91583811113911,70.33564334008001,67.94121912650874,90.00459534429736,88.27262122090659,91.84791404970228,96.55398222351073,75.4668235065091,69.9923905526438,74.73790132395426,63.33724581810736,75.31961237589519,70.00514045961442,66.74441636608493,70.63958951743365,95.91238883726058,94.630244043986,86.99963172912597,95.91889405314127,85.53481541787426,57.0738016436177,63.32395856857299,73.16418776235273,73.49620463562012,71.89114860288558,70.72612342834472,71.65514642001372,102.96494886090677,88.03799505106608,97.56309344383978,87.35349243164062,66.80495858715427,69.77924092446605,66.72427042388915,52.58048214574014,64.75383920542399,68.77022935067453,70.90907261263939,69.29006624193615,96.9652299868676,95.26316209920248,90.40020258257468,93.65943034617106,61.4875062093427,60.91152578538464,57.137598495483395,71.28074111077095,79.17961286671957,66.06605349633001,73.65282128118699,85.29739614796755,100.12612052671372,101.11268328603107,99.59055224264822,99.11487472534179,70.05564981768208,77.19533440497614,69.00423998769125,65.50231469308177,78.42434822972616,71.98345202292165,82.3763912053262,76.91273526233992,105.3928429782006,95.72312759399415,83.61846167041409,84.66565659586588,71.10703705572311,52.63429859776651,62.7332420578003,67.62521354552237,69.60378369140625,71.94344102674916,67.91944908880419,70.05540650682495,107.11237280322659,98.71644380187988,89.27689941406248,73.7083308207194,58.99411981398059,55.3278484565981,68.35999527994792,60.957200420748805,64.06758417510987,70.88455594462734,76.94369754914314,77.77763358327556,106.4983122351862,95.00901406351726,88.26694244384767,82.25120125579834,69.383741063764,60.302046038719915,51.45250807952882,71.13799263492709,74.48321048227947,71.09307942052041,78.38728628097041,85.32301333685814,109.57545388990835,87.56642273457845,93.65559461039881,93.4535039621989,62.11281370593656,54.125614875055135,67.1605803337097,60.49947197206559,75.51371990966797,62.434740881150766,77.73381931674096,78.4487404767868,103.58263741277878,85.11810196940104,82.5440675304782,78.55322843933106,62.44556292626165,55.03354156248031,60.36914962259929,68.69111479605398,67.93903722763062,75.76497543088851,71.37032079142908,80.13278046368377,100.62764020119943,84.86749825032553,76.90051754366966,74.21166320037841,73.57897274632607,54.56531924586143,50.853546362558994,55.874845195893315,64.30674508794148,73.59053519218199,81.1863282751268,82.49360163815503,108.85316615443075,91.03183308664958,73.9060616893153,78.27698070017497,63.60447738647461,53.241007466470045,59.40430299123129,57.94458359872141,71.28970883178712,73.59610485199958,77.07450963666362,85.01134644278166,112.54715663786858,87.75308441670737,78.35129088371032,77.82324815368654,66.26097640498992,58.78686402351625,61.61790224965413,61.6315546540291,75.58478617604574,77.63179852393365
200,36.52651073086646,36.636852577754425,37.161256851688506,34.66639788309733,31.74431149882655,28.41001429239909,28.72163515398579,27.159591607124575,26.80021491368612,27.45997871891145,35.071228103637694,39.68453780143492,40.05344256370298,39.886838535393395,39.97232025761758,36.66077903366089,33.53673538331063,30.222091206868487,27.10475404308688,25.7664593419721,24.41478332519531,26.800635622086066,28.880914113362632,32.44153975086827,35.01778735130064,35.82504338457079,36.36385264981178,35.030690317789706,32.37469734930223,29.69641713587443,26.745986416724417,24.288366963786466,23.501827487945555,27.59158500671387,30.545009470621743,34.97413728283298,34.95224823244156,36.6132584969281,36.85175519143381,34.59581548055013,32.25147937405494,29.865320711771652,27.027729497109686,24.399117954623314,23.88829525756836,26.48175965339907,28.619190883636474,32.34961536776635,35.8750655463434,38.696140057136276,40.20982873978154,34.21603561401368,31.22872520938996,28.599297304789225,25.06715732943627,23.178062803206906,21.617821826299032,24.567607776887954,26.630533912658688,29.765855542459793,39.25078230827086,39.32112421063954,39.12000258661085,35.83654408009848,33.29843675182711,31.46238203175863,27.777303683373237,25.84285931617983,25.126534151713052,29.635896587987098,32.52922736994426,37.16898061444682,33.605464605516005,35.11784825611585,34.23504403391192,32.88441669209798,30.60905260639806,27.834875750223794,25.25691768277076,23.037324298735587,21.616025925954183,23.660929053521926,27.075197302500406,29.703915380662487,37.36660476192351,39.17231534441116,38.73195369105185,37.29332394917806,35.37357453130907,31.359463048299155,29.003052016227475,26.350203163393083,25.24876057815552,29.1980844817623,29.39300914128621,32.53381548973822,36.366654857512444,36.89806242289801,35.2969771452873,34.97629090881348,32.99645277207898,30.311890327453614,26.64796862325361,24.576447002041725,23.059571383158364,26.68451604043284,27.993679313659662,32.03150066006568,40.33998502177577,41.16808446968717,42.555561678486484,39.864929219563805,37.50907512049521,34.62287426249186,31.313353879374848,28.040228292403686,27.276278795878092,30.034544646970687,32.87468009948731,36.809075450281945,39.14855118782289,39.561953884087174,40.72998888569494,37.88818925984701,34.79546477533156,33.242116162618004,30.497180143787013,26.9261683236399,26.111812100728354,28.53855113121771,31.881401106516517,36.98091144192604,38.668963027461885,39.252965121151774,38.92673241892169,37.250988695780435,34.58284045065603,31.840814364115396,27.926855557349416,25.738863994229224,25.23135140228272,29.416789036412393,32.139510640462234,35.34888203774729,35.10382620780699,36.42990907622088,36.05051700961205,34.39904183451335,32.57170539117628,29.458926582336424,26.71678224871236,24.632744197230185,22.47907820510864,25.181827633765433,29.37389082717895,31.58760880747149,38.739003254059824,39.81772164678339,39.113866532848725,37.24558221944174,33.97216636411605,31.946599934895836,29.331631675227992,25.602886660175937,25.634102823893233,30.581050947866135,33.103883611043294,35.63492977388443,41.49207519900414,39.896841532420645,39.53307873141381,38.095654355367024,35.156070994715535,33.828769070943196,29.045289823470576,26.59453929531959,24.484407741546633,28.38016841396209,31.974983313242596,35.363823377547725,38.300044179116526,37.93938272729883,37.84605859817997,35.90228046162923,33.50912924735776,31.780201914469405,27.47729434228712,24.45912010192871,24.11564364878337,25.561377957251764,30.153731849670407,33.91265586114699,39.22561283234627,40.94050247840694,40.11807603405368,38.527810259501145,36.47093687242078,33.2848888244629,29.387269618126652,26.659458666155416,26.210558074951173,30.02440541544268,32.856544124603275,36.69691698874196,44.18066886409637,44.862606165843644,45.15130887185374,42.71625314076742,39.94646706857988,36.34691761271159,31.72736203593592,28.425470040844335,27.78164418919881,33.595090827941895,37.782172154744465,38.84066365395823
201,308.78297928840885,267.2613757950919,167.80023117065429,90.55685935974121,33.550953883509486,17.426307938893636,12.350011880936162,10.518885307927286,22.635609563191732,42.83507213284893,153.90896501541138,251.92933483123778,297.33879163680535,222.51774749436404,112.22514771861412,77.50988429387411,40.75242862824471,23.436387819925947,14.735772339605514,13.237880909212175,27.315536872227987,78.10147667761773,189.67687406031294,275.4292481330133,249.83897367908108,192.2957052067348,121.05189770975419,109.52927002716065,62.873840061310794,22.865927361170453,13.370169846319385,13.02363696928947,33.8300789604187,72.51966886397331,150.0569040552775,199.429871466852,158.92975392926124,154.45592006025643,83.87412494167204,76.09226970736185,41.62071473644626,19.130540253957115,9.860139357659126,8.188082523653584,12.563399904251098,64.19466870861669,141.26046637980144,191.61988616881834,223.61586863856164,222.42916968993956,145.0417802859891,59.075492283503216,37.45746177611812,18.139740779240924,11.780146835388674,9.522877870682748,16.20967110347748,60.1960158911059,122.43760390440623,205.44198092799033,234.61011788891204,178.94064581556273,133.4906505744688,65.26054594421387,34.177879448552275,18.544958002090453,11.55509242088564,11.391101985131542,21.48230106194814,71.09362299703783,166.6869048760732,232.60982119098784,254.36238114387757,156.545620841886,94.97710961864841,77.14284501012166,36.79444903404482,22.091908880233763,10.866684486635268,9.920503854136314,13.350778773307798,66.37892921447755,129.23588004334766,219.77610703745194,276.501429563953,178.90336064073253,107.83184924956291,78.03999114608764,38.29883133242207,20.13492602666219,12.088534993202456,10.60834783954005,12.606273473739625,75.20901628155862,149.13480155817666,250.50089340302256,287.1242084589312,215.27419804878423,127.58133238269438,76.8061928393046,32.16980295858076,17.873717064539594,12.106055470743488,10.144085056243405,14.69935500017802,41.93977018048686,143.65314687856036,164.58517336383943,217.246627090208,187.08416066268393,122.00544948208717,67.00678073501588,33.7408233457996,17.770422805786133,10.61179030326105,8.254237284814158,19.259093932787575,74.0201453507331,132.13174392000832,257.38027875223463,251.75565862594112,183.816967326479,187.35981114418277,101.30360970179241,43.82861430075861,22.693237326304118,13.680308929566413,11.04005312212052,16.381459827423097,53.059361012366516,127.95577357133232,210.14191413879394,165.54754914314515,217.67561465305647,132.68142096980927,85.24070303535461,34.47180195716119,19.740931299209596,11.031026874050017,9.824107072891726,19.517545047124226,52.41738060212905,148.63132737731934,219.73068346085088,245.56632476068313,186.90751267437867,140.63927662018807,73.44723383458455,31.259817382443337,16.99559061940511,10.270013301603255,8.42549775338942,16.460390350023907,60.366641460234106,115.19538895511627,156.1339460791311,218.46829652478618,220.10456820502068,138.61453543324623,69.68855448150634,37.17572605625275,15.356926861763004,9.16537895264164,7.625479911681144,11.61004900153478,46.52822657400562,117.0843592411677,147.01205351306547,184.86518753790088,150.35194165403618,111.65015875724055,72.75116158358256,29.587942329529795,15.719308496475218,9.578848075559062,8.33683127926242,10.155543653806049,75.12543935652702,115.55797368590035,219.5231178009895,180.63825840919247,195.3152581285843,113.12922737490746,76.65753879801433,29.309653095429944,16.524851022084555,9.16660879811933,7.41276263683073,13.475052827994029,45.920930624162,88.89296110788982,155.15517318356422,182.55367439823766,177.27395630517032,103.28464496735603,57.17193255964914,23.568851451258503,12.533189675013224,7.831027881868424,7.441627670257321,8.991016865730284,45.4805544974727,74.36143345546722,156.98650826731037,228.27767273595254,195.24799707619428,119.9049457925366,70.76639436531067,29.332253670846264,18.316977732658387,10.565769693928381,8.874528614782518,13.687083192030588,55.33024030470078,138.66183440796536,228.7589170072925
202,130.56430730512065,120.96333740779332,101.45838220657842,101.68042493184407,57.39749604502032,35.35706251780192,28.532788344352475,26.58418411131828,42.35696221987407,65.81737032859556,113.52930665334065,111.56007703965709,140.94135240370227,126.61636961518836,113.47503132973948,93.178474995931,86.86275554041708,71.4977311185201,42.96714011407668,35.596662610577,71.99579348627726,124.3998316168016,179.18305023701987,146.3995773561539,131.61623296430034,114.8686261172365,115.82955623995875,106.81323248799643,106.21080298885222,63.86603068288167,33.66095838362171,32.58613848963091,69.53599985440572,117.54042361474805,161.95915979131064,121.92815230092697,113.01263517072123,107.27406949799638,92.8251879267539,100.23054292297363,93.72999690640356,64.10917631276449,39.27519049736761,28.998107278885378,61.06684995587667,118.69116759146414,158.00331130091348,121.398521906945,123.36870748089207,136.65276152389976,117.94469577789307,89.26221407826742,85.41524558159612,52.436521363576254,35.40399894222137,32.87437257828251,58.55457294336954,81.39112813211257,116.7674753112793,125.14453056950722,135.40525461996756,109.36242304703285,114.28732277654834,94.32202919514975,76.7898637242471,61.64107275772095,34.73616721860824,34.910485989970546,50.37283412806193,97.8293893463381,154.97431236012775,122.49063769801971,129.95556263585243,110.91257122293482,100.78655174009262,93.32260911814372,81.78197150814917,65.33947922261557,30.391593180010396,27.152720842053817,50.64657596524557,121.42818376233501,156.61383853785196,129.1536048138526,129.82208702333511,115.92785827157532,108.52793049227807,94.7260872853597,83.36338815996724,59.24008789316813,34.66138157383087,27.867873709894003,58.706453259150194,123.30061376387073,150.04889110183714,133.53647846468033,135.80887220567274,114.2946223616013,115.31781298729682,105.27215556081137,82.50673211374591,49.058699178059896,27.94435502944454,23.810138310463195,50.72928257433573,103.90610178116829,151.8778465754191,123.86908710971954,127.94755043152841,122.17098999192562,105.3723099665488,98.49862194188435,85.50984816520445,54.91566782760619,30.374624014208393,29.475521838280464,70.92752012570699,137.80566660419586,141.32333840942383,137.73667007569344,128.9006315846597,120.96686832597103,127.20949411453742,97.5603445409139,77.57207268991777,56.552106517791756,30.98796937450286,20.208176806665236,43.1340780210495,105.27823432184034,140.89576957321168,134.896374984249,117.54370722862981,126.47546003623549,118.07569111731746,109.40489256540934,76.1681850728681,43.80475669225057,26.35189698250063,25.810999806927093,63.10753621737162,92.89834398946455,168.0942283121745,129.3955898715604,133.80631406968638,127.48054546844783,113.29198104366178,92.01477577972412,70.80633264849264,45.15897309239705,33.07386731547693,23.10865451751217,59.235522082646696,86.41347541562973,120.50320756276446,115.93348530061785,126.98948806885748,127.10423235559696,116.78650895887806,104.16910535176594,87.82650648178591,45.96991331990561,23.58233895455637,17.44184148111651,47.20388566525777,94.20678940557664,132.26248459243774,111.39768422772809,119.1843909466651,127.44440912960783,109.96328541171165,85.26094150543213,77.30879807379938,47.26441650644938,23.677074794154013,21.55896201041437,35.61263196500142,129.20676555633545,141.49500745391845,134.48582708481817,120.18454049633397,120.18572633658724,105.93134584734518,93.2458735961914,71.03099987030029,46.537346440633144,29.19430219773323,20.675331970337897,50.97498871866863,106.62497785968165,108.18204951985676,114.87431925742855,132.30586331275202,127.25644248051007,112.74592532742409,75.81741408538818,63.37589794774209,37.24445594787598,22.33191720900997,20.375033692390687,40.19008786010742,121.41841614015641,130.07164896011352,124.82383992964222,136.16943154119676,123.83193225588118,99.01734685344081,91.99330268351238,63.003060334728616,39.733532594045,26.332923861472835,17.488060007402975,37.674885119120276,94.83816609721032,141.65275517400104,140.53381606563443
203,375.37470299505424,340.5299853733608,368.2744818902785,360.0838236490886,274.1924480807396,228.6194174194336,194.63605829054308,168.99011634088333,194.06065963745118,200.22454514042022,361.8380784098307,454.0344521799395,438.31784081243694,425.826924155099,425.54489448793476,341.08715386962893,306.9170872251449,272.7743053995768,231.76403817453692,200.1230025556011,201.6237053934733,236.39243445611768,306.7497832132975,377.4836976574313,431.47123871834054,398.1796929179976,376.595971719065,347.92392384847005,336.79366348758816,283.0615527547201,217.06850967899445,195.94009575628462,199.00413904825842,246.97999271515877,303.6855978190104,357.1282732760522,394.48680923954134,412.4489283406676,362.85743047898814,326.20398964436856,308.71772866525953,261.7942711791992,221.05666377898189,190.28015815980973,185.70788312784833,223.12994234146612,257.57361927286786,359.81236685475994,389.612070804719,388.6340146403947,378.16242092993946,316.5830707804363,284.94736636254095,236.60292775472004,195.23159281084617,178.27390866187312,172.2372591349284,203.08347764538183,268.8837919921875,328.67074243360946,433.00838124921245,382.3311681640324,374.42396870274695,337.5022668660482,308.6698216198336,272.05187786865235,217.26458488218245,190.37405759749873,181.49139958699544,221.24946927962765,305.0898750610351,402.7363714599609,408.99321668071127,387.9495335414491,342.46071356004285,329.75466823323563,292.7969645838583,260.59330983479816,201.78902184271047,164.984258383474,162.71780139160154,221.00826010427167,270.5742948811849,351.60263010332665,388.44234586654176,404.87452498111816,388.21235113328504,341.98715222167965,309.25739905572703,263.94253602091476,201.6529493171938,174.80700362666963,191.95642721557616,210.3668233563823,267.065700592041,329.91802953904676,387.74090422599545,361.6779710290467,350.05690496629285,330.48685943603516,295.04883229901714,241.81175233968102,190.1263107988911,174.15776325841102,150.93121585083006,241.88909941642518,303.97750574747715,332.07728619975427,445.59483347246726,428.1230451078368,424.2799085063319,375.48007482910157,344.5278591426726,290.2572066548666,225.24964931364985,206.41377966111705,203.8838997599284,250.67489059940468,290.2468060150146,390.2982091694493,410.09289298765117,382.21893878053567,394.6701976751512,359.26419864908854,298.39091886458857,260.97420069376625,202.92219642885271,162.79148080641227,175.40636894734698,228.6859807020618,262.2796084696452,377.7410075722972,382.24490744313886,384.2922402375319,382.9310503559728,368.2946981811523,309.76395348333546,249.9345167236328,194.00230262018016,162.30780339394846,196.01307963053387,218.01937722482984,286.69453207397464,383.77761048347713,396.8404296481225,393.06218671451063,369.36063321021294,337.1424822998047,289.2372187263735,242.50016446940103,209.41033617573402,165.23029415007562,158.32952139282227,221.86445203227382,292.88093696085605,360.5395320867723,442.38781280517577,418.92421436967527,404.5990438941217,369.5556821289062,312.32045664141253,254.0177174886068,193.46991102649318,159.79665480090728,169.72186050415038,237.98005475444174,273.7626153462728,304.94312359225364,416.7484838965632,376.3675152384941,375.6382399036039,335.8090611368815,293.106345687374,249.7331188659668,190.59965992589153,170.50713421237086,158.52893923950194,226.04197822816909,285.90333091227217,356.95388666952806,353.68803225609565,358.99713305318295,353.09931136592746,338.643217569987,291.73751959031625,236.7107234090169,191.46159234816028,164.8449640089466,171.20373685709635,208.4393656429168,254.26210750834147,348.100153788905,419.1958715820313,397.63998518619627,400.2297496180381,337.31178314208984,284.91692623015376,233.4016071879069,184.76497662944178,164.0300884812878,174.6349730021159,234.71526308121219,289.8724016011556,393.1074783423639,405.2443849822014,412.0177064393894,399.31891692130796,345.02713734944666,298.60665119786415,246.33867966715496,201.41519751764113,165.8482502795804,166.91776941935223,264.3850251228579,299.75765182495115,385.9248830586095
204,217.76842444635207,171.59555211748395,177.0544304632371,151.09370986938475,132.25812136742377,118.28111577351888,118.68654238793158,106.74969216623614,120.38549647013345,142.96280271468623,163.18812408447266,221.5425562212544,198.28279060609879,181.23019778284532,173.85917589741365,151.52643797810873,131.62732749692856,121.0519347635905,110.47017179427607,111.00491041614164,115.26522451782225,138.50357709330896,165.45375154622394,175.43492252472907,191.42639148342994,176.5255638663757,170.00600015947896,144.88428575642902,126.72976485713835,117.15851284790037,107.21225505213583,104.51570043748424,113.81548646036784,154.7282782671529,175.1710706380208,192.69504115935294,177.81526490242248,165.6139053303385,159.1498044413905,139.8222205505371,125.98807504961567,110.50622365315753,101.1929227373677,104.29341477917087,113.74070816040039,135.32093600365423,149.30530712890626,166.41264550978138,180.3879605693202,164.38475358897244,164.93336806758757,146.47681688435873,125.72085766207788,114.00054874674478,107.16117048694241,107.10174107705393,113.65458895365398,145.6664640955771,166.29687350463868,170.7657747920867,197.0267668496409,174.84791991097586,164.0740059341923,148.59451451619466,131.22194478681013,119.199017384847,103.56645677135836,105.28222666094378,115.45108291625976,163.64062185964275,170.38048178100587,198.9641752969065,190.8682987139302,178.6295624343045,163.03919917937247,142.36278578694663,125.2279522311303,115.42318996175129,103.58975633190524,100.1205089446037,110.69599610900877,147.37841779155116,161.19465630086262,178.4207302068895,192.73811083393713,176.28805369410023,168.43010296237085,152.21042606608074,129.74408076132497,111.94761715698242,101.42067484209615,99.798114535424,111.28915042114257,145.16145545221144,160.01318104044597,170.6191390597436,198.30995729507936,167.4365469108544,164.22864848475302,143.49205361938476,124.44659096994705,111.82963553873697,103.99447048064201,100.38968364100303,111.97961494954427,155.78409211189518,174.95900525919598,190.03972964379096,204.7524364348381,190.1277928995969,189.51214596656058,156.06555111694334,135.1675811472247,122.20706152343749,111.65073733422064,109.7907494821856,121.28763028971355,152.60244681081468,176.92979193115235,194.37187570879536,202.05514126685358,187.9933965808887,177.45747155958605,159.91997325642905,140.47352489840597,121.11755103556315,116.12339899862968,115.56836050710369,127.1525717264811,156.6779095163653,191.98019872029622,211.23913428521922,204.95948231358685,186.5706859611173,172.9317077538275,156.3868401184082,137.44916141633067,120.8850710957845,110.22172618250693,113.04167235343687,122.69859918212892,160.83841891381047,178.54931061808264,207.70529991888233,200.12660248787174,183.41380404204568,169.80838923300468,147.98361712646485,130.2408558704007,116.04225381469726,103.72618836433658,101.29311556908392,115.25276427205404,150.33035859138732,184.24138114420572,184.97285676033266,201.93768107752646,183.9817798092095,174.15512336977068,154.50266962687175,132.39235968805127,117.77516478474936,106.82990799442413,104.70209240328882,116.72380983988444,157.5716445184523,184.20761323038738,193.84954331920991,206.18396734422254,188.95149599911545,176.54764242849043,155.34764415486652,132.14152715867564,118.4631146036784,106.24618333385838,106.67963342482044,114.36808461507162,156.3868857992849,190.56630816650392,195.5572412010931,216.42863841395223,184.77305361592713,172.0405734646705,154.6800587158203,135.18915595269974,121.29029489135742,107.56911767775014,104.869523659983,119.35149733479818,154.80645055955455,190.32291844685875,202.32683492352885,198.36906954857608,190.80026413076615,181.7168854153541,151.58597661336265,131.53920447564892,118.33891964721678,106.44679660920174,106.24075014175908,118.85817270914715,160.5095713166268,192.18680590820313,212.83202807026527,212.3579215658865,196.06879819672682,186.2085916728358,161.6070290527344,136.9928168019941,122.48814343261719,111.01994340465914,108.40339061121787,121.36999222819011,178.8205958311019,199.27012353515624,197.90317725396923
205,112.80794795866936,83.63072000231061,118.61451057926301,176.12948216756186,80.76651148642263,58.74888585408528,56.645780095746446,48.79483830851893,52.434488487243655,52.84111902790685,61.23809761047363,73.23070644255606,100.71467777867471,74.11569184777771,90.21487418636198,176.35670067342124,89.72196889569682,59.99199748738606,51.756939301029334,47.47523657029675,45.60157658894857,50.4343369686988,52.778642570495606,70.02830273782052,73.89801805803852,66.68517624371158,90.94616069670647,162.48269353230793,95.07410090784873,55.88216406758626,46.57389397159699,43.361377214001074,42.26180501302083,46.56708872887397,54.25436247253418,61.011638651201814,94.98256867193405,82.20837231340079,109.45632051283312,158.03130858866376,85.16881273331181,56.08226670328777,48.49480829546529,45.83958734327747,46.381281654357906,51.30899406186995,54.4265735651652,66.50325027711929,83.67067750007875,73.37791409835441,121.0116893029982,169.2148770802816,89.44621657340757,59.53205164591471,52.7020864351334,50.874523490167434,49.06787482706706,54.12589497966151,59.40426248168946,67.95085827735163,85.3500110453944,76.9344054719145,122.79963932652626,177.67326263427734,84.79074577577653,60.39258801269532,52.10464785175939,50.87562206883584,51.41393223571778,56.649835013112714,62.63822466023764,73.4154442867156,92.95289986395066,90.6442201334385,111.08671213949879,150.574352335612,85.04972408663843,59.735878641764316,53.686497667374155,51.04433439439343,50.07961179351807,54.66243006060201,60.84780656433105,69.49073551301032,112.64164774987007,81.00195434457562,122.02235112836286,145.59863979593914,75.28074500791489,54.12179902394612,46.31716749621976,45.670261085264144,44.819893058776856,47.002104844124084,51.954099019368485,62.136179871097696,103.58133794230798,102.96119608545538,118.12264460163733,122.39056094868977,74.99573755079699,56.23434778340659,51.42755885708717,50.45654790324549,49.8678786315918,55.48542203103343,61.91577619934081,69.762935904226,102.68881586382466,114.99458813690785,126.67562784502582,127.71591888936359,78.94216913530904,59.11587787628174,53.30496814358619,52.41061601946431,51.82506447601319,57.484701734973534,62.75016807047526,73.52472066571636,91.70246023854902,84.50240294658492,108.71978082472279,149.08396921284992,78.15903376425467,58.59846698760987,50.778890351326226,49.02683864716561,49.18160604604085,52.876546158329134,61.72786892700195,73.48927752340992,100.53827001756238,83.35811085668102,103.69315780639647,124.36017121378582,71.59645441362935,58.08326962280273,52.48828696220153,50.36748941236927,52.21357534027099,57.68826681075558,64.48029424031577,78.05486578664473,82.94843129311839,86.42185169539428,132.99752677671373,121.10503256734212,71.62250033470892,55.156693270365395,50.17395637266098,48.51426717450541,49.43587809753418,52.39342810846144,59.94544405364991,65.8471064610635,94.41519104250014,100.74755332927984,125.32024188626197,129.97479655965168,75.13149312665385,56.90378688557943,52.58980213288338,50.94719192997101,52.142734189351394,60.577219944615514,71.22061651611327,74.85728346055554,105.86645459328929,122.53848031386951,128.17799362182615,119.92968419392903,72.5244998267389,62.21423779296875,55.94609254406345,55.6244461699455,55.236955762227375,60.684197591966196,70.02160366566976,72.71513548081921,102.29097034085183,104.27015969920042,112.49830963134767,107.09377429199216,72.26922266067996,58.58263607025147,52.79663315803774,52.19473479609335,53.8825289700826,57.37161610511041,64.67756324768067,77.00430852090157,94.79197113775437,105.4135308820978,137.6908939927624,129.38120546976725,80.1719264910298,66.5779582341512,61.75905661798292,58.90885565480878,58.90363194274903,67.77561290371803,75.25348687744142,85.64008175511513,102.56876355571133,113.41905453799393,153.39022298013012,114.32958826700846,80.96683041480279,66.97138589477541,62.03472466745684,61.46095630276589,61.944915891011554,71.60137553061209,79.12989795939127,82.51251352617818
206,85.34182773713142,115.44886808395385,89.58789520263672,93.44590410868327,126.08441862290906,147.96518480936686,121.1734359248992,95.73620461494691,110.67470996856692,139.70591994254818,95.50457805633546,76.72133752146075,99.3987670209331,101.28594473843502,83.48037437931184,112.8382331161499,141.5279713538385,142.43480007425944,131.02619541291267,77.27038762246409,103.78578940073649,117.61354813852617,100.42948177337647,96.51320703814106,107.77654424113612,106.91605780831699,95.34789947017546,107.3153549601237,133.63976584403744,140.29694555155433,129.57385126913746,87.38815877360682,119.72423653666178,118.20123484211584,96.70347692362466,112.95624923459945,99.93251013725038,102.80773950041221,101.80405126510128,122.30789249928792,134.94061586441535,147.3782263844808,123.12156968639742,83.6210654424852,107.33179829915366,137.148396805794,106.5985571263631,97.9396795555853,104.30493146588726,99.12093233568915,85.42266051876929,118.30425469970703,126.79122051608178,141.9778568166097,125.4032184625441,83.2839056101153,117.16952169545493,124.97512346575336,109.77792447153726,100.67607274701518,98.52849563598633,101.54214720913929,98.47153693783667,113.51421067301433,130.41548351657008,140.24451339721676,115.09495146228421,70.09776611574235,111.68202161661786,112.14143488976262,91.75533115641275,88.03411358002695,112.38189210214924,123.13387478598233,106.58146180429765,111.3662025273641,120.94179807847544,139.49695767211912,122.78967194095735,86.42157090956164,114.34884313456219,136.43743196548954,109.92599177805582,106.71166518672821,114.37200502703267,123.61952959972064,95.07053273354808,112.36922305806479,124.03872586650232,139.66222453308106,121.8579527651879,90.93407038288731,116.38656919352213,125.50476160110966,110.84396165974935,106.95085959403745,110.59115285073558,122.45044465041512,101.49616784864857,120.17568067932127,121.017396619243,132.23941129557292,118.22406105287612,81.11920928708967,113.35382056681314,131.25243125177195,105.64543126932782,115.68761216194397,111.12978063521845,113.39406328511355,88.71784351225823,101.72000244394938,122.83455974455804,125.02852197774253,105.5929377205141,74.91664079235446,112.39691275024413,139.148157405238,111.8832846069336,101.04832242165843,111.499752568891,113.8273154803685,90.09882114041235,104.54894238535562,121.12274464268839,123.83788870239259,110.15402112160959,77.1982876094695,105.59858749135336,120.45394669317432,99.27437940216063,107.20409322677119,120.32009323120117,106.93568913520853,101.63566516999275,117.92283823649089,114.54616611111548,123.46743793741862,109.01417925188619,78.27210780236028,100.98041459655761,128.03231580672724,110.30596879831951,111.44598379319714,112.85239229017688,109.85810770542165,100.4655790858115,108.08804117584229,116.44318552324849,113.87635005696616,102.05100553451047,80.30377087500787,117.72586375172932,134.96008600050402,114.57317816670736,128.95470794677732,119.36184189334992,112.95903456100689,91.72857607933784,110.78546572621663,116.3582626072053,107.56376838429769,97.1394860618345,82.86410688338741,102.50426240030924,136.55880334177323,120.0272928314209,116.67433057723505,121.11952629581575,125.95126464674627,113.54785285211378,105.96103390502928,116.64531376992504,116.07797286478679,107.8817213218443,75.22547439821305,124.73763837941488,150.35581943388908,122.4470641708374,125.92697464481475,132.6622994601342,109.04579072942875,102.15309518875614,105.3090844116211,105.88199225148847,106.30617785135905,93.74503691396406,73.91362890305058,122.97762247721353,149.15308966605895,137.39087294260662,128.32665308060186,129.86565956607942,116.93441629672873,102.59748979383899,101.9558339436849,101.91310159498646,111.06409564463297,89.47413306697722,81.03743472683814,122.56541269683837,137.8188372039795,126.9093168741862,121.28525891211726,123.2319861799671,105.78540900000209,102.42724810200352,106.72094344075519,98.48348004248834,112.95611821492511,99.41802185796921,75.56317455045638,117.16180226389568,128.1843948831866,118.23511889648437,118.99183562247985
207,106.69716048702116,86.41263776506696,79.63231688468686,72.08235051472981,65.13650089386971,63.58449694315593,57.488730793614536,57.63209228515625,56.30367080688477,70.22295022779896,77.6660171254476,98.86058435747701,97.78498659687656,91.85887740976118,87.342590455086,76.06038540649415,67.67530335949314,63.29308520507813,56.90123149748772,55.32469078310074,52.4411049041748,64.35364081598097,80.64970609029133,84.2005720815351,97.86702930081275,92.57652453323892,85.9017015912456,75.26309531656901,68.83994211012316,65.27869510904948,57.34577944355626,56.4669993394421,56.80288293965657,77.22966346002394,86.0370847829183,92.53790814799648,86.55825441914219,83.00498145042381,80.15302652174427,70.9817875620524,65.9648949899981,58.38543914286295,52.7691401377032,52.95085403934602,52.92155913798014,59.36494508312595,70.27932419840495,79.08329291559035,86.68046329621345,83.26181742550705,79.88777047434162,74.15469671630858,65.64814918764178,59.0904132232666,53.58056465887255,52.2156123204385,51.47922895304362,66.27640160837481,77.34439062754313,83.7156032488423,96.60948132422662,86.85863611136752,81.15288718931137,71.69172713724774,64.98815871700164,59.06551273600261,52.66291212020381,51.377592812815024,53.28669855753581,73.04364279470136,80.84397483317058,92.71912172871251,98.43435407577023,89.06477275923555,80.8787976467994,73.01665039571125,66.16833998157132,62.52732911173503,54.812469841741745,52.044768725979715,56.43234720357259,72.40698474022649,79.67678545125327,86.30233697706653,92.40530487060546,91.05221407716498,84.01650312362177,75.43065822855631,68.99963495069935,61.7930928853353,54.657932212583475,54.06534350487493,53.24695669555664,71.92277712914252,75.20490891520183,81.45458106256301,95.20639757710119,82.74561919094894,81.24563183692194,70.29771539815268,63.512598138624625,57.83159259541829,51.76128853582567,49.490605769003594,49.54323891703288,70.1116977913149,84.47797614034016,90.68309344383978,101.62960396059097,96.67626841972614,90.93991784372638,79.50462125651043,69.39532407206875,63.201203847249346,57.15181119857296,54.39406180104902,56.34356538391114,72.28652943272743,82.68916662597657,93.02977708385836,100.59756791637788,97.9696043662837,87.58287976664882,79.72675591023763,71.65217360465758,62.41045295715331,57.423647111462,54.89343711606917,57.828068812052415,72.1764664680727,89.50863962300619,94.77417356429561,101.27349323395761,91.5925135269541,83.71121006135017,75.33723531087242,70.04600292082755,60.90881433105469,55.124239182010776,55.175438862462194,56.87331052652995,74.81850645495999,86.99226553344727,97.22756479078723,94.01093891759072,90.35920618724353,84.38897758729995,74.57138467407228,65.61597833941059,60.768044489542646,52.613575414842174,49.59706002512286,54.345888142903654,72.29785933956023,84.04511755371092,85.56756186700636,100.06498435235792,90.19647357226593,89.14008924914944,80.25805449422201,70.01099787558277,62.73506902058919,55.604207074565274,52.60533825782037,52.94089748128255,74.2066839796497,86.24897578430176,90.2752669746645,96.52989777103548,92.74149230224158,86.75388739309003,74.96933159891765,67.5907250681231,59.87781726074219,53.92280974849579,49.96775313346617,51.588894927978515,74.50436263545866,93.73756788635254,87.85525727302796,111.76331896874213,94.02212910919941,87.99871487032982,79.48727368164063,69.90214325935611,63.98951447550454,55.65987847605059,54.25574787755166,56.964679702758794,73.18137196694651,94.25078458150229,95.99155650969473,99.2815663442304,93.28201775330042,86.59638990832914,74.15323289998372,67.91970798615486,61.01552247111003,54.30901964249149,51.90807840654927,56.727858881632486,74.66494376397902,83.39449031575522,96.04803305349043,102.78585561936902,96.9151984632896,87.89253266365299,78.29210818990072,69.8133671176049,61.90629255676269,54.86478979787519,53.503626644995904,55.71925843302408,80.40054685038903,92.82324800109863,94.84379846388293
208,143.76310470950216,122.5306869098118,117.51680981728336,53.32465441385905,20.141972784842213,7.632654905319214,5.713585416732296,5.298276670517461,15.08225484530131,40.4810836315155,82.99825904210408,86.6800551875945,129.2284320074512,132.52068629659456,95.83854680953486,66.37437674013772,26.659143509403357,11.540260955492656,6.917718513550296,5.450815523516748,10.297599329630534,39.85921072067753,84.09970594151814,172.86772540184762,151.73327062299174,133.46622129468494,76.5905125944076,39.76475346310933,21.574285654560207,9.751376165072124,5.372651611758816,4.562650131102531,7.710434960206351,37.9300102919917,58.96156794452668,155.91019639568944,151.41007496126238,121.33598838247103,108.37418264573618,55.30589158058167,23.319835333055067,10.388558946291607,5.641529028800226,5.105939674377441,6.220204026858012,27.016477435327346,70.48102814133962,149.45990301470604,127.08667309607229,109.97699754449533,93.79241715215866,46.713043982187905,26.878842998627693,9.627618682225545,5.640432137520083,4.4178523578951445,6.649541852792103,36.786737993301884,78.25145080757142,172.00662873852636,125.16339554817446,131.9625053194356,83.05130036938576,45.57861177062988,19.39859695772971,9.46433329931895,5.242720496885238,4.4871080999989665,6.527689972082774,27.147146178676234,82.03389248895644,141.24674562761862,123.63089866576657,135.89887852534872,79.85585264698152,38.26053355121612,14.418872344416958,8.742915822029113,5.118547904414515,4.257667290318397,8.967330220858257,30.180498465261156,82.27178695344925,149.29731636662638,138.66040620803832,123.91249999135584,83.77612995578397,30.32152624766032,16.832322521209715,8.896234533309936,4.6384089768317445,4.199980925129306,5.4733216312726345,20.248393405022156,75.62714078013101,130.007140248514,101.08388110991447,110.14745578129302,71.07656330785444,32.99747621568044,17.50891272729443,7.817707650820414,3.8317117435701435,3.2891143172787083,5.165369640111924,22.726705343031114,55.20759248526891,141.04707173624348,169.89984337099136,103.48386865907113,91.65293106202157,42.1021398452123,19.718928537676412,7.420716010570525,5.331786482257227,3.6236895093610206,4.487261982282003,23.87624068744721,108.56443014701208,137.574425686867,124.05086910340097,131.81536531956914,66.46961963930438,31.817983619848896,21.527453030924644,7.583712084452311,4.751801914092034,3.383181980040766,4.012097221295038,18.749635017610366,44.644901199181874,96.05797215738605,106.24908249393586,110.26156250435731,75.34550923255183,38.51926873175304,11.455134964604532,6.091681427796681,3.5314898799311734,3.046914013970283,5.62608146739006,18.251461964538024,71.90527438640594,116.78173115076557,123.09272042105276,119.66118255622283,85.46225104547317,31.150054224332173,15.244565885605349,7.094604010423025,3.886989124974896,3.7503058511980116,5.908137145996093,24.9283263582568,61.583406321922936,150.37107923100072,101.54262928193614,91.49387663282198,60.506741741241946,25.549851113637292,10.633724994967059,6.075783025900523,3.324569963793601,2.8213186794711698,4.956837491114934,16.699553337789347,65.140973899285,128.85477656056804,126.63914971705405,89.21927616722479,60.02746568510611,27.817935995578768,15.032217004222252,5.771130634148915,3.4579134127401536,2.5494042882611674,3.7397720893224085,9.112095064924608,59.59079986135165,129.9635864977683,80.16602891660506,94.31434388373285,54.830854945028975,29.216856862703956,12.661253811313262,4.608188680489858,3.081134465740573,2.3597896723593434,3.5975036739110946,22.6376846479985,60.44507319613299,125.07977993488312,133.84345473366398,85.57715863132712,49.6668476819992,23.918695055007937,12.957291709223103,8.040995417555171,3.367351630964587,2.3296637148241843,5.376849451820055,13.167240578051537,53.27779611051083,95.10481256127358,100.10964918232733,84.96688124788807,52.13558794529207,24.65079648780823,9.340888772626077,5.451119947830836,2.392075792358768,1.987593678697463,3.7852234671711926,12.658893181008676,53.151723852296676,102.80262802025963
209,38.41520191008045,37.27189605406353,24.30155478754351,10.384259077707926,5.261372004785845,3.4225560156504313,2.5258421936342796,1.9863183421473352,6.12092146396637,12.094222692520388,13.667589247624079,13.146013780178563,24.906634444421336,22.7863891382053,19.297864838107937,9.378235940297444,7.239382538949289,3.7461444272200266,2.232633540091976,1.8115842796141102,5.65718721973896,15.874084256387528,24.5721277914842,28.802334941279504,28.081278024950336,22.877178506252214,14.545396272905412,11.940774624347686,7.4582131202759285,3.2421697843074795,2.209576570449337,1.7567551413659128,3.70477413380146,9.736667466355907,26.457387475570044,28.118013994693758,25.3318127013791,20.452386443697172,19.250200107943627,12.761589180628459,6.912713745486353,3.5874401025772094,2.19927422819599,1.758536810567302,3.2087103734413787,9.021053720828025,24.257887874126435,25.630089308061905,25.59953014696798,25.99518989092611,16.32964626704493,9.340892412106196,5.382591269593085,3.278350482741992,1.9822329405430825,1.6268317784417061,6.601936714291573,10.661191769838334,18.109824162840845,31.270677127530497,25.971734634061015,25.626659300127642,22.309095045520415,11.292746701717377,6.108956061178638,3.4328544418017066,2.131842900476148,1.6851712546425481,4.988627757589023,9.581463759791466,22.805580205361046,24.331002911829177,26.476220025093323,20.947515988449744,17.78694089889526,12.440703099886578,5.680180742817541,3.0200038123925523,2.0252458467791157,1.6092791991464552,3.0788734796841934,11.671056147698433,23.98615248831113,29.040334077035226,24.97204436886695,25.14386239556843,17.310610155290174,9.225144377470016,6.409570919159921,3.2662838933070497,2.102445097661788,1.838557315141924,4.78212490038077,13.400295478759272,31.90176298713684,28.077341189999732,23.98188202965644,21.824871912636784,17.34843927229604,10.162052537759145,5.333757640777096,2.9748672977288564,1.9715719085354961,1.643703705341585,4.793755107959112,8.140196914288305,26.52890648039182,28.659811593024962,25.181959596680056,23.07027758486165,14.582441129992086,8.674158725261687,5.899214900078313,2.416418624401092,1.6373020375928569,1.2953625116425176,4.1506345165173215,12.370961928905981,20.84919937109947,22.926008517972882,25.93089758842222,23.253820785947617,19.470639597985052,8.248355865319569,3.745532708629485,2.2249476239681245,1.4273396723501146,1.1371652260518843,3.812012389977773,8.45954157756221,22.713257002154986,18.491004682817767,26.203587948891425,25.318614505582254,19.131654006127388,10.035393658479054,4.626341977196355,2.6369786467552188,1.7851979343352777,1.378325698452611,6.397514397104581,10.638006734809569,20.884728554964063,23.821758966984284,27.869293256882703,25.497933239467038,17.812418320948076,8.598577148358027,5.907444000859414,2.8519095899264015,1.7635894085514932,1.4385384011268614,4.43226891195774,12.411337963342666,19.226655393997827,27.759782749683627,28.228078787480634,22.143058700819907,19.619611950382108,10.267128067334495,5.300450936363589,2.645416761080424,1.823265206736903,1.5819558594303746,2.417198907891909,6.6959615993499755,25.117045204977195,24.338121604111887,23.001684704595995,24.679291491484992,14.195273689916055,9.441400784492492,5.158890693879896,2.4311860077381136,1.6923771196796047,1.3689252717264238,3.4041673291126884,11.234185106215937,16.36467028582096,25.17672890147855,17.317403838403767,17.86799518310378,17.702433426303248,6.769492362340292,5.040415841379473,1.8082579104502998,1.0999407624813817,0.8210627570267647,4.557142870028814,11.630250624514396,16.407539221843084,19.057130441281103,20.686446135274828,20.941195537010437,14.33276095467229,6.543083498795828,3.506079585475306,2.067926946401596,1.1753248742318925,0.9286139693183284,2.837929940978686,8.249313542035319,17.89266060153643,20.514324172850575,24.53449857565664,19.842890871046798,15.723685453245716,8.52932529314359,3.780199801614208,1.9982308216492335,1.3510565932719938,1.0141813677741633,2.7347306654453276,5.394490272614265,17.01071048601468,27.68361879541028
210,0.5964464983632488,0.7114917333636965,0.9648336222094873,0.971055387655894,0.9520983217223998,0.8941620427370072,0.8205264679847225,0.6646802264836527,0.5999475683768589,0.5029215645405554,0.48484453936417893,0.5772957206733765,0.9591226267237817,1.2176033291345454,1.0266840835540525,1.146660745382309,1.1051826816220438,1.1118091189861299,0.9624477423391035,0.7942585006836922,0.6940116420586904,0.6112661467444512,0.5761617884635925,0.6685320775739607,0.8438879905785285,1.016512871093938,1.0945607764874734,1.2332972122430799,1.2302972239063632,1.1986571808258693,1.0587770536253527,0.9125529899904805,0.7745136614839236,0.6869680271033317,0.6375723574161529,0.8899966493345076,0.7830927416009288,1.138148474395275,1.0829017631469235,1.1804576821724573,1.195454048572048,1.1295741895437241,0.9777032043087868,0.8449652399170784,0.7339987430969874,0.646473495921781,0.6094389905333518,0.7200843462828668,0.8676147515158498,1.45126010982127,1.4355849285087277,1.0771276259819669,1.0420244815368807,1.0608595601916315,0.831709645044419,0.712453178446139,0.623623958910505,0.5479131299161142,0.5279348549991847,0.5688205974092406,0.8764211820979273,1.0170643762194465,1.1161883703739413,1.107653213004271,1.1121056749551526,1.1479906436999638,1.005477440088026,0.9070322961768797,0.7494681534171105,0.6510040613912768,0.6551794679164887,0.6828210418455062,0.7451244398855394,1.0114591546613594,0.9743746306434755,1.0768175731897354,1.0309310064777253,0.9831989903450011,0.8499203851530629,0.8047949735964497,0.6728481312394143,0.581431063029074,0.5344196731448173,0.5566976740283351,0.6680387888416167,0.8564867050923738,1.0860129296395087,1.1253182673454285,1.1716396081832146,1.0278075715700787,0.9191263824893582,0.7993441399451225,0.7009188926617305,0.6286643040180208,0.5612630182703336,0.5941835734152024,0.8816291867533037,0.802148356079468,0.8597331372191828,1.0477810902198157,1.0070829542606108,0.998689924955368,0.8598006251550491,0.747315264824898,0.6339153168201446,0.5776678747707796,0.49359816845258075,0.5698545907966552,0.8621740502119064,1.0067550126422802,1.2311359691427601,1.295256090958913,1.378742233476331,1.2906869493722917,1.0945728977264895,0.968846574521834,0.8373973797957103,0.7349121491755207,0.6837214051087697,0.7596118274234958,0.8284853039633843,0.952941389296736,1.1671878137127045,1.2017875644365947,1.2274443068042877,1.1136323529481886,0.9757176730901964,0.8253037317529801,0.6963275704781214,0.6057761212222037,0.6044749013185502,0.6438194891522008,0.6658503334752974,0.8821249550669064,1.0543702691985715,1.1714452345371247,1.1423020749707375,1.090005612293879,0.9112603446745103,0.827953529415592,0.7102098200519881,0.6497963303135287,0.5837944723963737,0.6637212027657416,0.7438711955662697,0.9690597931666325,1.1024220753869702,1.2652774801651638,1.2392759690746185,1.1505983325242997,1.0608897939805062,0.9900264884964113,0.7571736278533936,0.6552025076843078,0.6097070278724035,0.6461988582341901,0.8418359105433186,0.9929251496383709,1.0629845692265416,1.1468927990198134,1.1201840180350888,1.0692141931056975,0.9104554044431257,0.7736738890794015,0.6795361994107564,0.6162488150212073,0.575798921396335,0.6362661865930404,1.026907882267429,0.960342620831405,1.1733376262649413,1.2653829628626505,1.315559391860039,1.3634544342756272,1.0532665811046478,0.9259414117182454,0.8471518133481345,0.7212294312830895,0.651019104262193,0.696811414995501,0.7622880862989734,0.8743732502410564,1.1100199784001998,1.1643521438439688,1.1730487994224794,1.1903540321588517,0.968126016163057,0.935880049236359,0.7196268554925916,0.6484721886919391,0.61257337808609,0.6840035431231222,0.9612817643919298,1.0324457932193878,1.2165533052336783,1.2888505412340163,1.2854668974876402,1.196502232670784,1.1269695737669545,0.9664076097165385,0.8114173089265823,0.7042411878416616,0.6888626072208087,0.7493571013981297,0.93038922456003,0.9480104869207727,1.1491197861394575,1.2723671366373697,1.2934872187337567,1.2189111895163856,1.1330961141278668,0.9382012328409379,0.841506520628929,0.7070916823225637,0.6891751663883527,0.7725852600028438
211,62.51809253077354,55.30099943705968,80.29741780680995,84.06275820414226,87.09554624249859,87.53097745259603,45.93402731495518,43.60958351012199,57.48816405614217,60.8264351998606,85.078866481781,56.03790627756426,65.75084524339245,65.86065841778158,73.2233084044918,70.04526399230956,95.20274490110337,101.17756758626304,53.8422089115266,36.575803657039515,75.34603710746765,81.91948588094404,98.13450948969525,76.39844021581834,53.70666321785219,56.656811979979715,65.13788076462285,91.39304050445557,102.18757558514997,97.56544984436034,51.5073263192946,35.26188871445194,61.676417411168416,82.95440950762841,106.29251804860432,64.28606747658021,53.47289870354437,54.70345970675275,64.99460818629112,72.73760320536294,99.49126481825306,96.19450393295287,55.53608030934487,36.79571740488852,57.75466959635416,81.33667984808645,103.65682341003419,65.31404175296906,52.67018032197029,60.72764564389665,74.78699352018293,83.05805540211995,91.31936925334314,82.6463666381836,46.7317937174151,38.954189677699915,51.53947052574157,74.61139385838662,72.85658498001098,64.9710371417384,60.46665278773154,55.10609404888059,69.85128337613997,73.5273794631958,88.73027461882559,94.55699332555136,50.51297091883997,38.10659069430443,51.03789845848084,79.52377783929148,100.39670895640054,60.523474751134074,61.90811660643548,55.24419055778992,70.90574014356059,89.26318944803873,89.84210998165993,89.3564811999003,52.25307482442548,31.70820155543666,54.96652188173929,102.86658101543303,108.37745143508911,77.70635131343718,64.7279866753855,66.73729444748076,76.1791386955015,79.6776504796346,97.94058843305035,87.16849911880493,52.36158329994447,34.94617084564702,67.45607991727192,96.73862341234761,103.73783468882243,82.80257024088213,69.83275197182931,58.81233114167387,69.26291492339104,87.9507114944458,97.79775838544292,83.48344807688395,39.48502177638392,26.21659848182432,43.31484241294861,91.35786783956712,108.92563376871745,76.8869248174852,55.61098393840175,68.6473553775919,68.88301848749961,79.5115286509196,93.49565369882892,81.34305068333943,39.245893114766766,33.83191798794654,53.2755783217748,85.5954588034845,96.56782827250163,68.27467610882175,69.97887804831228,68.23854147652688,90.92477445171725,93.19998516337077,90.02340459515972,81.9046352297465,43.63456856850655,23.317356577534827,44.95273347059886,78.94400207211893,103.62437830734252,67.47956931206487,55.42299899008966,69.08378050649108,89.94335492410967,87.33658757400512,90.58402095548567,67.03085493723552,37.20713531124976,29.089791414199333,75.11911370563507,95.13731204002133,93.3645835876465,78.90890506252165,65.32787246088829,65.19941866611612,79.87107016163488,77.31836317189536,87.92602142826203,69.72145804977416,44.04147945650162,31.996681144468248,43.28483166058859,79.02450209156159,94.57801128514609,69.05432193263886,56.08687221404044,65.88063637075753,89.01722938045378,83.0203396097819,88.54863126693233,70.31422766367594,34.07636189429991,21.70539785846587,47.50014365418752,72.18247608400159,92.88970301564534,63.35412011915638,59.77336200098838,70.02553251553051,78.24619570332189,82.70853380330402,89.06390768358783,75.98644300333657,31.457160483329528,26.01915663626886,48.918643649737035,100.49931172186328,96.95988909339904,84.97622051054432,57.810813323605444,69.07054186820984,83.48133626753284,82.99365525054932,85.9899069546115,62.6526322886149,39.173456633783154,24.501489026777204,46.14058705361684,64.74405149152201,76.267889904658,59.20506721065891,61.50837177399667,67.79227006954513,77.4784950859316,75.9778073310852,76.55210652628253,61.871568574269624,29.38324165528821,23.769877326411585,48.57823582967122,95.17280992507933,95.42078231493632,75.26653350707024,69.10882325941517,76.83993334342692,82.44186383032032,84.79903801727295,85.0406743929463,61.362811941782624,36.088664577853294,20.72662786176128,38.92621613279978,67.16695586789038,97.77596976153056,86.07242733740037
212,317.9761328912551,266.85647860935757,245.74278761340724,348.3685427856446,573.3786024524319,445.665312906901,225.24591320407006,209.78752761348602,281.1048850504557,339.5167611399005,292.3436111450195,307.60108913298575,327.27278395129787,272.80742507633903,214.52073535550025,274.506906056722,494.0157293110509,462.5024649658203,212.50212116856733,168.29274888561616,253.77604175821938,364.97875931278355,329.72405175781245,302.63336742770286,292.4668550355972,252.49482135979412,241.41686158211002,265.6706019592285,486.57508470104597,412.03955141194666,199.69482546898627,168.3271301860194,246.54567032877603,356.9284237769342,354.03780551147463,351.2613282628214,323.97633408084994,295.873924354215,263.2444433692193,303.2564760437011,500.949748968309,457.6788947347005,210.177562452747,172.87972496771042,255.73888172403971,360.946430211221,363.3797822265625,321.687698964765,324.6672091576361,262.4812556179404,261.0835640691942,326.26913500976565,505.0798343387726,427.5387926432292,197.53672605453,172.70217198525705,284.7140117289225,397.1049365825038,380.87523429361977,338.1451945446384,325.4918078022618,264.3584466684276,267.1506737592143,317.38418087768554,488.9116317847467,427.84313527425127,192.09134322627898,166.94523430608936,281.07081515502927,411.1463302513861,367.6737660725911,333.005932164346,329.6038943678333,308.9995497296714,284.9640606197234,308.0447595214844,485.6821947848413,396.24559861246746,186.77950262254285,159.24877375448904,269.7370694580078,378.07562542330834,360.1394628295899,352.43301842474176,348.6089355862526,275.2754923082925,283.6908818300309,316.1742166341146,497.7575439650012,354.10548225911464,164.84359909549835,154.58136850664692,250.998364654541,359.3412083582724,358.2488332926432,343.50845088835683,394.36122263262354,335.78123049505825,310.1759707247826,337.79458245849605,508.77861070202243,370.51466723632814,195.55241837040072,162.05000295331405,252.8430779724121,374.99956661101305,405.8751196695963,380.5920022484564,329.87693319013044,275.1635579121406,264.7532384466356,290.2366096801758,476.46710175544985,333.13138177490237,175.09031370101437,164.40608917236327,259.6968984273274,409.2451088394658,380.4701962280273,366.72965847876765,369.54746505245083,287.60366516075703,259.88448247109693,316.3706236572266,493.16713008757563,322.2786186319987,173.293486042638,172.85149509552986,276.75411188761393,391.462855421497,429.3101438598633,386.3862884718372,390.3705793417654,294.6863064868345,260.523098863171,319.8338805541992,508.84228822769666,341.959179300944,192.14123717277283,190.14424420756677,269.61554955037434,400.96480378181707,396.03054740397135,377.9283400800151,331.1513105823148,287.41422784476447,292.7883614423198,324.2041158650716,480.03864289314515,316.8201794026692,159.74136880197833,158.28185068438128,269.4034108276367,402.09495351483747,422.7707149658203,372.8119316445628,373.8594281104303,295.4269111099619,285.27763510427167,337.5728446451823,494.92449870447956,272.52165746053066,168.03409741801602,176.92404491793724,270.69277919514974,416.9051624913369,429.645746114095,414.1663272586946,380.9658687468498,367.4814916142806,320.10652548513104,344.5775331013997,481.32790795110895,270.5024582417806,165.6785804305538,156.1674951664094,240.4102587585449,375.24744178033643,435.8547266845703,388.89424365628145,417.95096411920366,345.1046386312852,283.7492797457788,362.5506040242513,466.42126661731356,254.56371169026687,159.78598275461508,165.92871125252017,285.2778139139811,419.58688069005166,488.73906862386065,455.0400336874685,428.72146342615923,340.8967478367848,339.7477137510238,372.433795694987,476.9271299103767,244.6987559407552,158.56111799670805,165.73934325187437,272.618766611735,437.31278121456023,458.64398242187497,444.99991478704635,427.2882644161101,319.5292446418349,355.7742580487651,368.3696051025391,470.0002403013168,271.82511531575517,161.47221572383756,157.311519785235,253.2101846516927,421.33996121314266,468.21136669921873,421.3890145184916
213,1.821926792975395,1.5977646010262625,1.6634877127985803,1.3693543326854705,1.013105091356462,0.8198368457953134,0.7655467817860264,0.853746388419982,0.9787148197491964,1.2048029565042067,1.6280897935231526,1.8474852454277777,1.7111269997012228,1.675517494085387,1.5227569721591088,1.207507171869278,0.9839287260270888,0.8572769650618234,0.7725388343872563,0.8302159313232668,0.9936604743798574,1.194560322915354,1.5168498781522115,1.6178851876720302,1.747061870021205,1.6653191845933795,1.5045844600277563,1.2268207675615945,0.9473710786142657,0.7946008303165435,0.7998578206954464,0.8487736136682571,0.9542649351755778,1.2500971435731456,1.6521335415045422,1.6780021321388983,1.6966367595426497,1.6492266393001445,1.5263113532527803,1.1497242305278779,0.9517722384391293,0.8286522484620413,0.7906084829761136,0.8442571763838492,0.9640489224592844,1.1861159230047658,1.5675482210318248,1.6217188892056864,1.7905839487814135,1.6872302810605526,1.5664387633723598,1.1875603071848553,0.963116083606597,0.8718901196320852,0.872158590362918,0.9094905565631006,1.0841639448006948,1.4116440722250168,1.6672661477724708,1.6968721182115616,1.7995445554487166,1.5831774666978808,1.4982907445969118,1.2392716104984285,0.9613763645387465,0.8501483401457468,0.8047537252979893,0.8250315688502404,1.0363488180637357,1.3796632548301448,1.5599471000035607,1.6901954130972583,1.7391394298307357,1.676877125460526,1.4917327015630661,1.2057309204737345,0.9420419943717219,0.7880967531204224,0.7519632071833456,0.7971391340224974,0.9939773897329965,1.3539603007224297,1.602803776264191,1.6207186649691674,1.710453860375189,1.575332414898379,1.4687427739174133,1.2081158320109049,0.9172899051635497,0.8066508487860362,0.783587883441679,0.8267729694612566,1.0034521829287208,1.2455489714684025,1.571787534793218,1.6209384616728753,1.7326487980350371,1.6001661077332614,1.5007504888503782,1.19091206407547,0.945294510318387,0.8345288937091826,0.8299133219257477,0.827790891431993,1.0611539970239003,1.3660365017767877,1.60075683983167,1.6384349515361172,1.7672240780245876,1.6705062858635569,1.582496354656835,1.2439049322605134,0.9622146432630476,0.8495531745751699,0.8248834457705098,0.8507546257972717,1.047349957227707,1.312083376761406,1.6874015703996021,1.6600541328614757,1.743356156964456,1.5857819007828906,1.4465081790185743,1.217530574242274,0.965977010803838,0.8651427397727967,0.8544263086011334,0.9106664392255969,1.0377739375432333,1.3497276579949165,1.70170579123497,1.7135131912077626,1.81142948127562,1.6637177786480613,1.4712889040670087,1.220678436279297,0.9906627811924104,0.8429695502122243,0.8069274353981017,0.8502589863346468,0.984998580535253,1.380496250814007,1.6354834353923795,1.7506897840192241,1.7288658761978148,1.5861813978902224,1.456250297792496,1.1749698909123738,0.9610644167469393,0.8581980486710865,0.786393293411501,0.8175276422500609,1.0465538641611736,1.388975083289608,1.6698985691865285,1.5951709636565177,1.713729038469253,1.6363102743132363,1.454183433901879,1.1684704894224804,0.9377220059979348,0.8088436533610025,0.7652582300862958,0.8181804307045475,1.0084681522051493,1.391859752670411,1.6541386162439984,1.7036675746979253,1.6943306767555975,1.6219898398756396,1.4848621377637308,1.1726968320210776,0.9256497639994468,0.8331960252126059,0.8164691843525056,0.8317250678616185,1.0063677179018655,1.3281138234753764,1.7698163757324217,1.7429710214368757,1.8331562271425803,1.6658618908269063,1.4859148808448546,1.1907032353878022,0.9516840397927069,0.8204673983256022,0.8033705633686434,0.8746459197228953,1.0814235996405284,1.3246066501832776,1.8284101878007253,1.8316194151293845,1.8547696365848665,1.6502154121023094,1.5949894610528024,1.2501348106861117,0.9846633798845353,0.8538936710357667,0.8424394357588983,0.8983435766158566,1.0843672285874686,1.4233580290886665,1.7383590276241303,1.8188042772969895,1.8988460568458803,1.730696005093053,1.5124728141292447,1.254675133228302,1.027942878584708,0.9061620241800945,0.846388886667067,0.9131943748074193,1.0590650028387703,1.463181959736732,1.8640902156829835,1.6619787150044598
214,120.15568005961754,111.40015209742955,128.15104360272807,150.678348236084,284.72163711055634,240.1316352335612,140.47483983193675,115.59597615888042,121.31851862589517,118.20308227539063,112.49482243855796,103.0277098132718,124.6326648293772,125.64713512101196,122.11110263947516,171.769584177653,256.11054703251006,238.6132899576823,134.80898484753024,108.4983255989321,110.90342672220865,125.03242535006616,118.11706392415365,113.85477146763955,119.9219568707866,118.75385349987762,117.46066792149699,142.6263080342611,258.29878460299585,217.43973338826495,125.8631524264428,103.40217898953344,106.18320177205403,120.1093363312752,116.61245268758137,110.45744616108554,120.93795280702652,118.11443150487439,126.88061218753937,172.03380533854167,263.85341599987396,231.6088908487956,123.76505078715664,102.77040953605407,112.48156661478679,125.04739200715093,124.31250856526694,113.3917799131332,119.9056059708134,115.77111391302401,141.18415882233649,199.71060284423828,285.91319604689073,233.73210375976564,134.23252059936524,112.18222698088614,118.43122158304853,135.2307600058279,128.06545388793944,119.19474874188822,130.1202942485194,123.28019183511216,138.60762640183972,175.11100490315755,269.61903799733807,245.74047161865232,130.67684473837576,109.67034721128402,121.75036428833009,139.64124128772366,136.37633591715493,125.08533904044859,126.99596476893271,127.06147208528566,131.6769701262443,164.2875486653646,282.42266851609753,235.28150939941406,135.3918958503969,110.10119338497039,119.16200133260092,129.47214039464149,131.00680868530276,123.39066636608493,141.14091165850238,123.6361624998647,137.67654653241556,171.91644267781572,275.08213806152344,205.91043065389,117.55759099160473,105.0209438693139,110.9342842610677,123.305667714765,126.21005368041992,119.41708785518524,143.03977822580646,151.12910656351173,151.31157052809192,178.5542450358073,286.7487408644153,216.3814042256673,125.9793474751134,102.75508970199094,111.90840355936686,128.84663925663116,133.12507556152346,126.1771026611328,146.06806633733933,144.6874616951778,144.08254969443047,166.4236362101237,300.40594617289884,221.3786290690104,135.51988737044795,120.3397838764806,130.85205873616536,156.06446543047505,151.15453839111328,142.88419155982234,153.9775038885301,140.720286767518,146.6605979279549,180.52191263834635,298.7686764427923,218.1927693684896,131.02407590804563,120.196497197305,130.18355363972984,145.1349412585843,153.6443539530436,145.25771268783078,150.33312872117568,138.1758019583566,133.66551303002143,187.36977099609373,292.8209513215096,204.9550256958008,132.91908579180318,126.02456032045424,127.04303423055012,149.35808531730405,152.53474501546222,148.4245913400958,135.3426031691028,129.48201461904742,148.64092928978704,172.79408971150713,267.8557039519279,190.94401567586263,116.5170797237273,104.49872290334395,110.66533655293782,132.63699723766698,146.80123213704428,131.7926565551758,146.92509641585812,143.35429062528564,154.5697755382907,193.69756403605143,312.513363932948,189.6759617716471,125.69026254961565,120.5397296733241,134.8182074279785,160.6760021086662,164.22824353027346,144.755113249748,162.43898721018144,166.03901038071206,167.41349274666078,192.3712655843099,287.9927401142735,185.48321653238932,132.98875279580392,117.85956130981444,124.89180203755697,144.64479061988092,161.2128031819661,150.66543921685988,172.52158527005105,153.07042540000575,147.52774361887288,188.66987233479819,297.9316383903257,176.11477903238932,117.0036988535235,110.40714525776525,123.55796757507323,143.77461169827367,163.78966969807942,158.42971515286354,161.17125420355026,162.40233601800327,171.26966368644466,214.98950164794923,303.2703630410471,171.94643922932943,124.74002554616621,116.29327367967176,125.98808008829751,152.21963396626137,161.63124903361,162.1953832121818,177.13776015743136,177.41471090645626,195.86883666007748,218.8959131266276,311.29967999858246,195.91144689941407,133.9603171859249,123.2206071915165,135.97831829833984,169.38139411187942,184.07109747314453,174.51655109036352
215,50.17020331351988,50.67090790612357,45.95748945666899,25.773462708791094,16.546682634661273,12.32729203859965,9.408675510652605,12.892489654787123,18.6856889851888,54.14117181839481,51.42243196805318,42.80577085556523,47.77223538675616,49.73810876329545,43.54940445130871,26.411123552322387,20.721684482328353,14.846239409128822,10.740472807730399,11.152815833245555,23.216362893422446,46.01262932315949,60.161214263280236,62.55956312856366,47.538836964022735,42.73020421443902,30.77722914788031,30.51386741256714,21.022585267097718,13.350900526046754,9.619130205954274,8.036921064007666,17.207682984987894,37.331972708240635,64.40719897206624,52.30874706637475,43.02808071136475,41.54923073366945,39.2526539248805,25.753584056854248,19.5561346620129,14.069193757692972,10.80103563185661,9.593484791478804,15.870091263135274,42.27600516380802,77.0208540503184,52.62335507731285,41.81936255916473,50.40175479341612,36.05884788113256,22.727065984725954,17.44769542017291,12.421667474746705,9.050476768247544,9.221122730931928,16.46634857670466,32.05485975388558,44.678122655709586,57.56626675390428,45.3639185050226,42.78197314903654,39.1646883976844,26.07752068265279,15.75003503737911,13.851448452631633,9.223357801437379,7.8555740676387655,17.221534072875976,37.09158195926297,52.67651580778757,47.250555523903145,44.775316851831256,37.84760289516355,35.158442637535835,28.588228944142664,17.690155693177253,12.087114351272584,9.288913731421193,7.830319088658979,16.640833653450013,51.62263468957716,63.149052568435664,50.805516263284986,45.034331199276835,48.07174230077584,37.95060105293028,24.70804903348287,19.377404970353652,13.532583870251973,10.083247688354984,8.774381278868644,17.15567079861959,55.49361990405667,63.8902510986328,56.502637057765845,41.98080343307987,38.19638952008609,34.354538497309534,24.96427767562866,17.03458411862773,11.878022906621297,8.034402366453602,7.002024923140003,13.330581604003907,30.682315724895847,62.10338123194377,50.858904328500074,39.82902573554746,42.656978593271944,33.98867845166114,23.979535161972045,16.38204959930912,9.238323334376016,7.364395893466087,6.6591213586253515,13.721330845514931,35.57444638375313,58.575656094868975,43.694877497765326,45.328347959210795,45.99112936191371,39.75184910866521,22.18443986606598,13.832848469211209,10.654920469601947,7.480009104820991,6.191053990856294,13.94813909212748,30.88220756576907,48.42169765710831,37.626579493399596,37.01968197330351,50.45904800978787,43.60266803802982,25.004007375081382,14.91709333019872,9.69024479007721,8.557238884895078,7.398032469287996,17.42785648759206,38.31625052775106,46.66698686933518,50.8355075530083,51.64630966371105,47.61991123331005,40.385545945936634,21.993065740585326,16.022023116696264,10.418304485321045,8.025536193847657,7.407635198408556,16.121113588651024,39.64083632530704,47.65300311692556,55.14591279491302,42.35958715961826,44.227543132128964,38.9921291606657,23.11107516066233,13.516683587105044,9.946879578272505,7.5757196970908875,6.320308521332278,11.547471491098403,28.046265005296277,54.11011370595296,45.059292703136315,40.65030874436901,44.466625672185366,30.715257305637483,24.873643985112505,15.467165200941025,9.36240947564443,7.7642813685632515,6.335051038495957,12.21876858552297,50.72484388582168,49.202711419423416,53.972431005662486,33.602295247047174,34.56251323298281,35.716769020941946,18.69218851852417,13.308712699028751,8.54234220790863,6.288188459642472,5.012601698906191,11.883517241795857,31.31284834707937,35.247053976694744,40.906605772818295,38.808190922275664,44.6995638105787,29.531370221414875,17.484788082122805,12.279580477130029,9.561156969706216,6.171891406736067,5.12879482576924,16.046221461931864,36.070998912165244,46.90411473067602,43.7289296411699,42.920544535421556,38.497198909491736,34.91466479270689,23.551563028335572,12.72309533949821,8.31071780014038,6.26396841572177,4.551438578328779,10.11871948671341,30.52706902780841,51.584783236980435,53.60704159275177
216,65.63671475994971,71.3832856314523,138.63230891073903,115.67965012868244,35.323620963865714,5.8519925721486405,3.968139047007407,3.355809808546497,3.7131140891710914,9.88882630871188,35.93622753461202,38.956033817414315,55.67697585798079,74.79335476154176,112.42044765595467,139.72451003201803,48.60034205528998,7.986180631955465,4.091405141891971,3.249925682929254,3.5425897533098856,22.003824856358186,52.66923763004938,58.02690565355363,65.0540945198459,81.14901881407047,124.33893662483463,101.08696078745524,32.573744944295576,5.5789415623346965,3.708538570096416,2.999474982600058,3.0656197373072303,20.782001840760632,33.660937640666965,43.39484489571663,66.93072425996104,93.64828988872725,135.90469600123745,128.87121652348836,45.92242713805168,7.8778014504114795,4.031020303233977,3.3641397517727265,3.3567154321670536,9.079386847096105,29.888689534505204,47.35301703283865,57.49700244934329,77.5388894625955,106.76533069487542,96.02961497751872,40.780362980135024,6.864177891572316,3.543400190107284,2.966726014998651,2.7819028433958684,18.63704275192753,54.92069894504548,58.353859286462104,60.75886402407,99.6232153625676,115.15142134697206,98.44102208582561,38.13430283854085,6.493086895783742,3.829859895552359,3.152322266640202,2.7677099208831786,16.43272294321368,53.158678099234905,64.72182513237,64.47474987891414,87.33552626001425,105.4691770295174,99.77014693578084,28.202559506200977,6.721229111671448,3.7372928596312,3.1030971142553514,4.555535308202108,14.736673308341732,46.74910098377863,58.34789019507747,68.20625321480536,81.19468261547277,111.81827012861929,92.41987216218313,30.533804395737185,6.400716300010681,3.671262530511426,3.1129631173226144,3.58178430112203,17.592243194733893,39.09838172316552,61.89388661523019,44.595490818331314,83.33212304199859,97.63129428955816,84.69116994476317,31.214981274450974,6.046645140171052,3.525811372418558,2.940666002304323,2.5609279670715335,15.704879366505532,38.243982124725974,65.68860348932205,76.76934145619792,67.34885056115135,112.54322428426435,83.6750390510559,31.06221747121503,5.315938971042633,3.6177543403256323,2.952780757411834,2.572339076121648,14.865401645014364,45.917688699086504,59.226627177115404,63.67554812108316,99.69187061374411,123.62736614227295,90.38570882415773,36.62437546668515,6.717766381263734,3.7493209405099193,3.138466764880765,2.870420105536779,15.900024659479817,26.439883151769635,59.22577348447616,42.915083627239355,79.43238902673345,92.49454114821648,81.06754065767925,19.898926625713223,5.7796396636962895,3.09818045016258,2.6225800055842243,2.4387407977581024,10.171977102371955,50.32680394077301,59.79374764034825,61.929552898099345,79.80189075422405,109.83295969563146,76.68658136876425,22.380827636718752,5.4740409644444785,3.144815377573813,2.655055206360356,2.5790563786824543,15.154632385392343,48.30051901388169,54.01438802565298,55.137801576737445,69.60620572867653,92.70264527690027,66.17132893212636,20.186332144583425,4.5298373349507655,3.29013138186547,2.7332971354453792,2.377561051686605,9.493755695973672,49.7830146689415,68.6820895199622,60.453231776606664,65.99726240836928,95.16459150160513,77.60675678634644,21.589791882115026,4.990293103694915,3.1218116169591106,2.6234771343969525,2.2171627413431807,10.133761465934016,50.759314591328305,71.86910169655276,48.31314922071273,74.38520907658074,86.46931553886782,80.20477377637226,26.00048222618718,5.166333757241567,3.2583453166100282,2.7750007644776375,2.391618906021118,22.1095946923379,44.707956123431515,70.50008918439188,69.24620527413585,80.91454615858387,75.71943201895684,52.02767956924439,21.67134209971274,7.022989223082861,3.1166043000836523,2.5164144659811454,5.217075455188751,11.792910626011512,30.8617244442304,45.245605583806196,51.911133495915315,62.421238627938806,68.98958317387489,67.62489952516556,18.057189917564394,4.741093878746033,2.821043297398475,2.341324669545697,2.3883937316735584,12.13485702968413,51.368684404611585,49.8297284912294
