,EXPORTER,IMPORTER,CapacityBOEd,CostUSD,LengthMergedKm,Capacity (BOEa),Capacity (TJ),Capacity (GWa),InvCost (USD/km),Capacity (GWa/km),trade_technology,flow_technology
7,R12_EEU,R12_WEU,820493.15,0.0,439.0,299479999.75,1796879.9985,56.982658512431996,0.0,0.1298010444474533,crudeoil_piped,oil_pipe
9,R12_FSU,R12_CHN,2008219.1800000002,0.0,1092.0,733000000.7,4398000.0042,139.4693761331904,0.0,0.127719208913178,crudeoil_piped,oil_pipe
10,R12_FSU,R12_EEU,982019.19,6876500000.0,1691.3,358437004.34999996,2150622.0261,68.2005256916832,100827668.55913787,0.04032432193678425,crudeoil_piped,oil_pipe
12,R12_FSU,R12_WEU,1200000.0,3600000000.0,1768.0,438000000.0,2628000.0,83.339136,43196992.107045606,0.047137520361990946,crudeoil_piped,oil_pipe
16,R12_MEA,R12_WEU,2100000.0,600000000.0,1866.0,766500000.0,4599000.0,145.84348799999998,4113999.2482900578,0.07815835369774919,crudeoil_piped,oil_pipe
20,R12_PAS,R12_CHN,442000.0,1500000000.0,771.0,161330000.0,967980.0,30.696581759999997,48865375.686703175,0.03981398412451362,crudeoil_piped,oil_pipe
24,R12_SAS,R12_CHN,1000000.0,0.0,3600.0,365000000.0,2190000.0,69.44927999999999,0.0,0.019291466666666663,crudeoil_piped,oil_pipe
26,R12_WEU,R12_EEU,160657.53,0.0,347.0,58639998.45,351839.9907,11.1575497850784,0.0,0.0321543221472,crudeoil_piped,oil_pipe
